elapsed_time,nproc,cpu,mem_real,mem_virtual
3.886222839355469e-05,1,0.0,5.4921875,7.39453125
1.0066642761230469,4,0.0,402.671875,4159.81640625
2.0151007175445557,4,98.2,603.1015625,4387.81640625
3.0235342979431152,4,100.1,616.609375,4447.81640625
4.032731533050537,4,100.2,618.6875,4447.81640625
5.040987014770508,4,99.2,619.015625,4447.81640625
6.0488786697387695,4,100.1,627.5546875,4495.81640625
7.057739973068237,4,99.2,623.890625,4495.81640625
8.066032648086548,4,99.2,611.43359375,4495.81640625
9.074037790298462,4,100.2,617.0234375,4495.81640625
10.082392454147339,4,99.2,656.55859375,4495.81640625
11.090917587280273,4,100.0,706.66015625,4557.81640625
12.100515127182007,4,99.2,756.66015625,4621.81640625
13.108517169952393,4,99.9,812.640625,4707.81640625
14.119492292404175,4,100.9,860.66015625,4707.81640625
15.130270004272461,4,98.9,910.66015625,4803.81640625
16.14105796813965,4,99.9,954.66015625,4803.81640625
17.151968479156494,2,2.0,5.5234375,7.5234375
18.162970781326294,2,0.0,161.29296875,3582.5546875
19.17356562614441,2,99.9,592.5078125,4892.5859375
20.184098720550537,2,99.9,848.62109375,5852.5859375
21.194686889648438,2,99.0,1058.6171875,7132.5859375
22.205142498016357,2,100.1,1330.6171875,7132.5859375
23.214192628860474,2,100.8,1560.61328125,9700.5859375
24.22586441040039,2,98.9,1850.61328125,9700.5859375
25.23684048652649,2,100.9,1877.19921875,9188.5546875
26.247523069381714,2,100.0,1877.19921875,9188.5546875
27.257076263427734,2,98.9,1877.19921875,9188.5546875
28.268474340438843,2,100.0,1876.49609375,9188.5390625
29.27859592437744,2,99.9,1876.49609375,9188.5390625
30.28987693786621,2,100.0,1876.49609375,9188.5390625
31.29977250099182,2,99.9,1872.23046875,9188.5390625
32.31057119369507,2,99.9,1988.12109375,9700.5703125
33.32205605506897,2,98.9,2010.34765625,9748.5703125
34.335835218429565,2,3400.6,2887.6796875,13810.015625
35.3599750995636,2,4672.9,3277.13671875,14238.015625
36.38483238220215,2,4677.7,3630.5,14638.515625
37.413837909698486,2,4729.1,3782.89453125,14857.515625
38.44083786010742,2,4698.8,3844.453125,14949.515625
39.46518015861511,2,4646.2,4004.19921875,15195.515625
40.492835521698,2,4668.9,4093.296875,15318.515625
41.519835472106934,2,4738.0,4073.09765625,15399.515625
42.548834800720215,2,4662.5,4138.69140625,15568.515625
43.57337164878845,2,4641.1,4181.859375,15618.515625
44.59484076499939,2,4661.9,4209.859375,15747.515625
45.62183952331543,2,4721.9,4254.09765625,15865.515625
46.64883852005005,2,4678.2,4245.98828125,15898.515625
47.6731698513031,2,4640.4,4263.62890625,15979.515625
48.700854778289795,2,4667.4,4334.87890625,16137.515625
49.72784399986267,2,4709.4,4334.40625,16143.515625
50.75683903694153,2,4665.3,4365.41015625,16233.515625
51.77184534072876,2,4647.2,4364.3984375,16259.515625
52.79884052276611,2,4670.3,4368.015625,16290.515625
53.82583713531494,2,4669.2,4405.58203125,16390.515625
54.852837324142456,2,4691.3,4447.4296875,16400.515625
55.87711524963379,2,4650.4,4552.9140625,16503.515625
56.93584370613098,2,4651.1,4574.4765625,16573.515625
57.976200580596924,2,4688.2,4497.953125,16603.515625
59.001837730407715,2,4703.4,4548.07421875,16707.515625
60.02683353424072,2,4669.1,4678.80859375,16861.515625
61.05384182929993,2,4669.4,4701.8984375,16971.515625
62.11885595321655,2,4670.0,4676.30078125,16985.515625
63.14385724067688,2,4700.7,4617.05859375,17051.515625
64.1748468875885,2,4666.4,4638.24609375,17149.515625
65.20113444328308,2,4675.2,4601.34765625,17193.515625
66.22884345054626,2,4652.2,4523.984375,17221.515625
67.25812935829163,2,4725.1,4481.44921875,17221.515625
68.2864305973053,2,4687.9,4468.109375,17231.515625
69.31053376197815,2,4640.5,4504.12109375,17347.515625
70.3386480808258,2,4657.0,4486.7421875,17391.515625
71.36684536933899,2,4726.7,4534.73046875,17417.515625
72.39584040641785,2,4674.5,4538.6953125,17437.515625
73.42119574546814,2,4633.0,4420.64453125,17461.515625
74.44966292381287,2,4665.2,4412.85546875,17461.515625
75.47984051704407,2,4728.4,4476.75390625,17533.515625
76.50900530815125,2,4692.5,4535.0546875,17637.515625
77.53144240379333,2,4639.2,4462.62109375,17713.515625
78.56309866905212,2,4590.3,4520.765625,17799.515625
79.58984112739563,2,4614.4,4539.328125,17843.515625
80.61883878707886,2,4667.1,4562.265625,17843.515625
81.64815425872803,2,4629.1,4589.87109375,17885.515625
82.67655992507935,2,4667.8,4622.84765625,17885.515625
83.7028374671936,2,4710.2,4641.71875,17885.515625
84.72983837127686,2,4664.3,4709.796875,17987.515625
85.75484776496887,2,4646.7,4772.43359375,17987.515625
86.78383708000183,2,4646.3,4768.78515625,18011.515625
87.81184506416321,2,4725.6,4840.69140625,18057.515625
88.84098076820374,2,4684.0,5042.43359375,18215.515625
89.856849193573,2,4626.8,5159.640625,18435.515625
90.88274145126343,2,4643.1,5193.44140625,18495.515625
91.91183972358704,2,4721.7,5287.7109375,18569.515625
92.93883657455444,2,4663.6,5333.02734375,18657.515625
93.9633059501648,2,4644.4,5383.9921875,18711.515625
94.99384951591492,2,4660.9,5423.25,18799.515625
96.03546166419983,2,4687.9,5381.38671875,18885.515625
97.06284594535828,2,4670.5,5558.26171875,19083.515625
98.08860206604004,2,4636.8,5555.015625,19111.515625
99.11583614349365,2,4668.8,5566.26171875,19147.515625
100.14283585548401,2,4708.0,5454.33984375,19159.515625
101.16983652114868,2,4676.3,5520.27734375,19199.515625
102.19450688362122,2,4646.3,5604.1796875,19413.515625
103.22183966636658,2,4660.4,5962.9140625,19765.515625
104.24883651733398,2,4696.3,5989.69921875,19897.515625
105.27483463287354,2,4679.4,5967.25,19933.515625
106.30618572235107,2,4656.2,5823.6484375,19933.515625
107.33232855796814,2,4654.7,5877.78125,19989.515625
108.35983753204346,2,4696.1,5849.63671875,20049.515625
109.38683557510376,2,4667.3,6042.9609375,20337.515625
110.4128429889679,2,4631.4,5969.453125,20393.515625
111.43984651565552,2,4665.8,5985.3828125,20393.515625
112.46584153175354,2,4694.6,6075.97265625,20413.515625
113.49383282661438,2,4680.4,6049.3046875,20509.515625
114.52083849906921,2,4639.5,6005.078125,20509.515625
115.54783892631531,2,4659.4,5940.671875,20509.515625
116.5748360157013,2,4695.5,5935.7734375,20509.515625
117.60183715820312,2,4704.8,6107.0390625,20509.515625
118.62883710861206,2,4645.4,6388.9375,20701.515625
119.65584063529968,2,4660.5,6782.66796875,20797.515625
120.68283915519714,2,4682.2,6803.5234375,20849.515625
121.70984196662903,2,4690.7,6805.01171875,20869.515625
122.73429083824158,2,4614.2,6825.6328125,20917.515625
123.7618420124054,2,4670.4,6799.29296875,20969.515625
124.78884148597717,2,4651.9,6860.1171875,20969.515625
125.81584215164185,2,4708.0,6841.8515625,20989.515625
126.84043073654175,2,4670.7,6778.93359375,21013.515625
127.8688395023346,2,4669.0,6821.5,21037.515625
128.89683508872986,2,4663.7,6875.62109375,21081.515625
129.92383408546448,2,4712.1,6838.98046875,21081.515625
130.95284056663513,2,4681.0,6732.01953125,21081.515625
131.9772675037384,2,4630.2,6699.34375,21109.515625
133.00483512878418,2,4658.7,6659.44921875,21109.515625
134.0318329334259,2,4721.3,6671.4453125,21109.515625
135.05883646011353,2,4664.8,6689.79296875,21159.515625
136.08373308181763,2,4640.0,6724.87890625,21159.515625
137.10983300209045,2,4658.2,6695.96484375,21171.515625
138.13574743270874,2,4723.5,6799.45703125,21223.515625
139.16283702850342,2,4672.7,6706.20703125,21267.515625
140.18868827819824,2,4637.9,6743.73046875,21267.515625
141.21683645248413,2,4651.8,6766.34375,21281.515625
142.24278473854065,2,4717.3,6755.0234375,21281.515625
143.26983404159546,2,4675.0,6686.40625,21281.515625
144.2929723262787,2,4626.9,6603.421875,21281.515625
145.3198425769806,2,4635.0,6553.71875,21333.515625
146.34684252738953,2,4672.6,6513.58203125,21333.515625
147.373841047287,2,4677.0,6689.31640625,21437.515625
148.3980724811554,2,4644.3,6627.375,21437.515625
149.4258327484131,2,4658.4,6691.125,21469.515625
150.4528350830078,2,4697.6,6630.79296875,21497.515625
151.47983574867249,2,4696.1,6483.80859375,21497.515625
152.51021885871887,2,4626.0,6527.60546875,21497.515625
153.5368206501007,2,4676.9,6533.2265625,21497.515625
154.56374430656433,2,4695.9,6562.7578125,21497.515625
155.5908386707306,2,4710.8,6586.3046875,21533.515625
156.61783647537231,2,4651.7,6621.546875,21533.515625
157.6448426246643,2,4670.4,6587.51171875,21533.515625
158.67376327514648,2,4670.8,6503.66015625,21533.515625
159.72083449363708,2,4689.3,6573.9609375,21553.515625
160.74842047691345,2,4643.0,6693.75390625,21669.515625
161.77467560768127,2,4658.7,6709.54296875,21669.515625
162.80283737182617,2,4681.5,6707.82421875,21669.515625
163.82883715629578,2,4703.9,6955.546875,21781.515625
164.85383820533752,2,4651.8,6965.61328125,21961.515625
165.8808355331421,2,4664.3,6724.6328125,21961.515625
166.90783953666687,2,4659.3,6729.3984375,21961.515625
167.93383765220642,2,4693.9,6669.40234375,21961.515625
168.96083998680115,2,4641.7,6807.48828125,21993.515625
169.9878363609314,2,4666.3,6781.6171875,21993.515625
171.01484036445618,2,4658.8,6835.36328125,22165.515625
172.04183316230774,2,4688.0,6920.35546875,22249.515625
173.06884098052979,2,4653.5,6867.5390625,22249.515625
174.09584021568298,2,4668.1,6875.7109375,22269.515625
175.12283849716187,2,4655.2,6628.26171875,22269.515625
176.15085530281067,2,4696.3,6587.234375,22269.515625
177.17684507369995,2,4640.2,6674.29296875,22269.515625
178.20383429527283,2,4646.8,6856.359375,22269.515625
179.22978734970093,2,4665.8,6768.19140625,22269.515625
180.24377846717834,2,4725.2,6823.6640625,22269.515625
181.27084040641785,2,4691.9,6840.3671875,22269.515625
182.2968430519104,2,4627.7,6810.2734375,22269.515625
183.32083559036255,2,4661.1,6766.62890625,22321.515625
184.34783625602722,2,4712.6,6675.9765625,22321.515625
185.3748378753662,2,4677.6,6736.5078125,22409.515625
186.3992133140564,2,4638.8,6611.41796875,22409.515625
187.42983722686768,2,4626.2,6470.32421875,22409.515625
188.455748796463,2,4691.3,6499.95703125,22453.515625
189.48383831977844,2,4672.1,6808.58203125,22627.515625
190.50983667373657,2,4656.5,6857.61328125,22827.515625
191.54884266853333,2,4625.2,6809.78125,22827.515625
192.5748348236084,2,4681.6,6695.52734375,22827.515625
193.60138058662415,2,4678.2,6480.3359375,22827.515625
194.63383984565735,2,4627.8,6671.81640625,22859.515625
195.73984336853027,2,4649.9,6948.15625,22899.515625
196.76997351646423,2,4737.4,7230.75,23341.515625
197.79684209823608,2,4665.4,7967.92578125,23757.515625
198.82102632522583,2,4622.2,8394.00390625,24333.515625
199.84883880615234,2,4638.6,8561.7109375,24333.515625
200.87484097480774,2,4704.8,8806.14453125,24445.515625
201.89684009552002,2,4664.8,9076.47265625,24829.515625
202.92183566093445,2,4641.6,9129.7109375,25277.515625
203.94883966445923,2,4668.9,9283.41796875,25277.515625
204.98183631896973,2,4704.2,9437.25390625,25405.515625
206.0088448524475,2,4673.1,9510.4921875,25565.515625
207.03307366371155,2,4616.1,9215.94140625,25621.515625
208.0624840259552,2,4621.6,9328.79296875,25689.515625
209.08875489234924,2,4718.5,9393.59765625,25689.515625
210.116534948349,2,4676.3,9361.8203125,25689.515625
211.13784074783325,2,4637.7,9372.41796875,25749.515625
212.16483759880066,2,4660.2,9305.85546875,25749.515625
213.19184279441833,2,4691.0,9430.1875,25821.515625
214.22114372253418,2,4666.4,9531.53125,25885.515625
215.24283719062805,2,4617.1,9464.546875,25885.515625
216.2698357105255,2,4646.4,9418.359375,25937.515625
217.29682850837708,2,4703.4,9530.84765625,25969.515625
218.3238344192505,2,4682.2,9612.140625,26029.515625
219.34823894500732,2,4648.4,9590.46484375,26029.515625
220.37583899497986,2,4674.1,9569.0859375,26049.515625
221.40283513069153,2,4678.7,9648.46875,26049.515625
222.42983412742615,2,4703.1,9783.984375,26049.515625
223.45683336257935,2,4642.4,10052.71875,26049.515625
224.4838399887085,2,4677.3,10141.1484375,26089.515625
225.51083707809448,2,4666.2,10229.9609375,26113.515625
226.537837266922,2,4679.3,9953.84375,26141.515625
227.56484007835388,2,4638.7,9996.33203125,26141.515625
228.59184074401855,2,4650.3,10036.4765625,26173.515625
229.61883664131165,2,4643.0,10059.13671875,26285.515625
230.64584112167358,2,4691.8,10037.8515625,26285.515625
231.67222929000854,2,4626.0,9860.45703125,26317.515625
232.69884514808655,2,4645.7,9719.25,26317.515625
233.72683882713318,2,4654.6,9639.6953125,26317.515625
234.75484466552734,2,4698.3,9527.69921875,26317.515625
235.77948641777039,2,4671.3,9490.578125,26317.515625
236.80173897743225,2,4639.6,9363.11328125,26317.515625
237.83731031417847,2,4653.0,9537.59375,26321.515625
238.8628487586975,2,4709.2,9440.6953125,26353.515625
239.8898422718048,2,4668.4,9356.47265625,26353.515625
240.9053418636322,2,4627.3,9594.51953125,26353.515625
241.93183612823486,2,4640.5,9610.68359375,26353.515625
242.95883965492249,2,4719.1,9827.9921875,26461.515625
243.98684167861938,2,4641.8,9604.31640625,26461.515625
245.0114710330963,2,4636.0,9588.34765625,26461.515625
246.0398383140564,2,4629.7,9456.99609375,26489.515625
247.06684041023254,2,4687.4,10078.33203125,26627.515625
248.09383392333984,2,4682.9,10284.3984375,26739.515625
249.1181538105011,2,4623.2,10138.53515625,26739.515625
250.14583802223206,2,4644.5,10080.6875,26779.515625
251.17283844947815,2,4701.3,10053.25,26779.515625
252.19984436035156,2,4676.5,9990.82421875,26779.515625
253.2244896888733,2,4626.1,10067.90234375,26779.515625
254.252831697464,2,4634.9,10114.54296875,26859.515625
255.2798306941986,2,4699.7,10017.0703125,26891.515625
256.306836605072,2,4674.6,9999.7890625,26943.515625
257.33112812042236,2,4650.9,9937.3359375,26943.515625
258.35951042175293,2,4637.0,9833.47265625,26943.515625
259.3868374824524,2,4688.6,9786.92578125,26943.515625
260.41335344314575,2,4674.6,9820.49609375,27027.515625
261.43583822250366,2,4624.9,10094.18359375,27027.515625
262.4638340473175,2,4650.5,10121.0390625,27027.515625
263.49183559417725,2,4691.5,10160.69921875,27027.515625
264.5199975967407,2,4665.0,10304.390625,27027.515625
265.53583908081055,2,4633.0,10230.4921875,27027.515625
266.5628366470337,2,4655.2,10108.71875,27027.515625
267.5909352302551,2,4691.7,10002.26171875,27027.515625
268.6178460121155,2,4682.2,10150.3671875,27027.515625
269.64471554756165,2,4646.3,10201.33203125,27027.515625
270.6728353500366,2,4654.0,10235.53515625,27027.515625
271.70183515548706,2,4687.9,10380.75,27055.515625
272.72812509536743,2,4679.7,10311.6796875,27083.515625
273.76783871650696,2,4660.7,10274.79296875,27083.515625
274.7948408126831,2,4651.5,10354.484375,27083.515625
275.82184886932373,2,4687.6,10294.49609375,27083.515625
276.8488368988037,2,4721.9,10227.234375,27083.515625
277.8732087612152,2,4644.4,10213.078125,27083.515625
278.9018385410309,2,4658.7,10453.9296875,27199.515625
279.92783069610596,2,4681.6,10619.9765625,27271.515625
280.95583629608154,2,4709.1,10732.64453125,27271.515625
281.98026990890503,2,4662.9,10874.90625,27271.515625
283.0077464580536,2,4678.3,11047.22265625,27447.515625
284.03583884239197,2,4642.1,10848.6171875,27503.515625
285.0648367404938,2,4697.9,11068.99609375,27559.515625
286.09114384651184,2,4650.7,10908.87109375,27559.515625
287.1098368167877,2,4654.4,10997.53125,27563.515625
288.1368408203125,2,4645.4,11088.984375,27563.515625
289.1638379096985,2,4705.8,11182.09765625,27651.515625
290.19084548950195,2,4644.6,11162.671875,27651.515625
291.2178404331207,2,4618.4,11164.62890625,27651.515625
292.24483942985535,2,4650.6,11164.46484375,27703.515625
293.2718348503113,2,4687.8,11102.421875,27759.515625
294.29884099960327,2,4634.7,11020.1328125,27759.515625
295.325838804245,2,4644.0,11293.26953125,27991.515625
296.3528380393982,2,4637.6,11239.68359375,28239.515625
297.379834651947,2,4708.6,11261.734375,28327.515625
298.4078440666199,2,4665.4,11361.3203125,28375.515625
299.43338775634766,2,4614.9,11444.578125,28435.515625
300.4618363380432,2,4646.8,11601.88671875,28523.515625
301.4888348579407,2,4720.3,11611.8125,28643.515625
302.51583909988403,2,4687.5,11604.125,28843.515625
303.54083466529846,2,4622.3,11504.98828125,28843.515625
304.5678572654724,2,4661.5,11581.421875,29043.515625
305.60183477401733,2,4674.4,11564.1796875,29099.515625
306.6288363933563,2,4686.6,11396.703125,29099.515625
307.6578345298767,2,4608.5,11385.66015625,29099.515625
308.67177987098694,2,3891.0,11626.8671875,29223.515625
309.6870319843292,2,3564.2,11573.48828125,29307.515625
310.6999180316925,2,3470.7,11725.30859375,29531.515625
311.7118012905121,2,3467.6,11616.24609375,29663.515625
312.7254765033722,2,3374.3,11596.87109375,29799.515625
313.7387375831604,2,3101.3,11299.76953125,29831.515625
314.7518410682678,2,2974.7,11200.37109375,29831.515625
315.76339530944824,2,2970.3,11343.19921875,29831.515625
316.7764666080475,2,2886.5,11275.453125,29831.515625
317.78944301605225,2,2758.9,11123.984375,29871.515625
318.80217576026917,2,2580.2,11029.69921875,29975.515625
319.8133511543274,2,2582.9,10870.33984375,29975.515625
320.82657194137573,2,2581.3,10748.19140625,30143.515625
321.8396346569061,2,2473.0,10654.32421875,30143.515625
322.8525700569153,2,2370.9,10430.80078125,30143.515625
323.86527466773987,2,2274.8,10415.8046875,30143.515625
324.87812542915344,2,2183.7,10618.97265625,30407.515625
325.89106965065,2,2080.2,10494.24609375,30407.515625
326.9030032157898,2,1953.9,10700.19921875,30535.515625
327.9143133163452,2,1743.0,10406.8671875,30539.515625
328.92575192451477,2,1696.5,10662.36328125,30699.515625
329.9366703033447,2,1616.2,10537.0625,30891.515625
330.9464166164398,2,1550.5,9657.7265625,30891.515625
331.9577045440674,2,1433.1,9454.4453125,30891.515625
332.9673969745636,2,1300.1,9409.0859375,30891.515625
333.9773905277252,2,1104.6,9241.3671875,30891.515625
334.9858982563019,2,719.2,9044.71484375,30891.515625
335.99399518966675,2,604.7,8710.99609375,30891.515625
337.0027585029602,2,605.9,8509.41796875,30891.515625
338.01121520996094,2,605.5,8226.90234375,30891.515625
339.0203857421875,2,605.9,8309.390625,30891.515625
340.0287244319916,2,577.8,7912.4296875,30891.515625
341.0377881526947,2,503.6,7868.4765625,30891.515625
342.0485243797302,2,476.7,7794.93359375,30891.515625
343.05967688560486,2,401.7,7968.40625,30891.515625
344.07040905952454,2,314.9,8062.1640625,30891.515625
345.0803713798523,2,301.7,8151.6484375,30891.515625
346.09130454063416,2,304.0,7635.1640625,30891.515625
347.10132598876953,2,304.5,7589.91015625,30891.515625
348.11276054382324,2,301.7,7622.80859375,30891.515625
349.1235990524292,2,302.6,7237.7890625,30891.515625
350.1348533630371,2,302.8,7347.34375,30891.515625
351.1453320980072,2,301.7,7420.9609375,30891.515625
352.15635895729065,2,251.4,7303.5390625,30891.515625
353.166615486145,2,205.7,6932.7578125,30891.515625
354.17793345451355,2,202.8,6954.5,30891.515625
355.1888782978058,2,202.0,7176.2890625,30891.515625
356.1989266872406,2,206.7,6827.34375,30891.515625
357.21025347709656,2,203.6,6744.5234375,30891.515625
358.22201228141785,2,204.6,6657.56640625,30891.515625
359.23355317115784,2,201.9,6735.5234375,30891.515625
360.24377393722534,2,201.1,6884.578125,30891.515625
361.2532477378845,2,200.9,7065.5078125,30891.515625
362.263498544693,2,201.8,6675.16015625,30891.515625
363.27420687675476,2,200.1,6996.71484375,30891.515625
364.28385066986084,2,202.8,6803.03125,30891.515625
365.2945919036865,2,202.9,6789.75,30891.515625
366.30520248413086,2,203.5,6679.91796875,30891.515625
367.3172061443329,2,203.0,6584.625,30891.515625
368.3269901275635,2,203.7,6538.68359375,30891.515625
369.3381712436676,2,203.9,6461.25,30891.515625
370.34872913360596,2,201.7,6589.40625,30891.515625
371.36007928848267,2,201.0,6816.9921875,30891.515625
372.37017846107483,2,200.8,7004.23046875,30891.515625
373.3809959888458,2,200.7,6590.01171875,30891.515625
374.39244389533997,2,200.8,6575.5859375,30891.515625
375.403192281723,2,203.8,6516.4140625,30891.515625
376.4138457775116,2,201.8,6462.26953125,30891.515625
377.42454075813293,2,202.0,6407.65625,30891.515625
378.4344470500946,2,200.7,6380.46484375,30891.515625
379.44578647613525,2,199.6,6442.46875,30891.515625
380.45768213272095,2,199.8,6582.125,30891.515625
381.4688527584076,2,201.9,6579.9296875,30891.515625
382.4792401790619,2,115.3,6691.87890625,30891.515625
383.4938533306122,2,101.9,6811.8828125,30891.515625
384.5049867630005,2,101.9,6948.5078125,31403.515625
385.51626658439636,2,100.9,7030.71875,31415.515625
386.52752017974854,2,104.0,6998.3125,31415.515625
387.5369482040405,2,102.9,7025.02734375,31439.515625
388.54726338386536,2,103.9,6831.828125,31439.515625
389.55802607536316,2,101.9,6914.95703125,31439.515625
390.5688633918762,2,112.0,6660.734375,31439.515625
391.57803535461426,2,104.8,6706.91796875,31439.515625
392.58914947509766,2,106.9,6428.2578125,31439.515625
393.59987592697144,2,101.9,6229.08203125,31439.515625
394.6108500957489,2,102.9,6114.26953125,31439.515625
395.6210684776306,2,103.8,6036.35546875,31439.515625
396.6325182914734,2,101.9,5959.83203125,31439.515625
397.64311695098877,2,102.1,5866.39453125,31439.515625
398.6516795158386,2,102.9,5789.2890625,31439.515625
399.66236543655396,2,109.8,5328.29296875,31439.515625
400.67347502708435,2,118.6,5057.45703125,31439.515625
401.68496322631836,2,661.5,3862.62109375,31639.5234375
402.6962912082672,2,109.8,3597.2578125,31639.5234375
403.7069079875946,2,111.9,3504.49609375,31735.60546875
404.7170865535736,2,111.7,3563.83203125,32327.60546875
405.7283682823181,2,1810.9,4090.05859375,32327.60546875
406.73674488067627,2,526.2,6137.51953125,40007.69140625
407.7477753162384,2,2025.8,3699.35546875,32327.60546875
408.7638304233551,2,1540.9,3887.76171875,43591.63671875
409.8098554611206,2,3961.1,6054.46484375,43591.63671875
410.8338270187378,2,3933.9,6381.6875,43591.63671875
411.86112451553345,2,2707.5,6668.28515625,43591.63671875
412.8724772930145,2,2357.1,6767.54296875,43591.63671875
413.8834054470062,2,913.6,3804.55859375,43591.63671875
414.89370226860046,2,3493.3,5523.92578125,43591.63671875
415.91968536376953,2,4491.3,7496.8828125,43591.63671875
416.9445502758026,2,3510.4,7623.50390625,43591.63671875
417.95676946640015,2,3117.8,8065.52734375,43591.63671875
418.96764874458313,2,2825.2,8467.453125,43619.63671875
419.97986030578613,2,3697.4,8550.4921875,43619.63671875
420.99505376815796,2,542.7,3392.984375,41571.60546875
422.0088257789612,2,4580.4,3331.55859375,41571.60546875
423.0330328941345,2,4653.2,3270.3671875,41571.60546875
424.0508246421814,2,4273.9,3349.46875,41571.60546875
425.0718228816986,2,4708.0,3336.66796875,41571.60546875
426.0924563407898,2,3328.1,4895.7265625,45667.65234375
427.1023859977722,2,813.2,3231.30078125,41571.60546875
428.1119737625122,2,101.1,3191.94921875,41571.60546875
429.12062788009644,2,96.2,3215.77734375,41645.625
430.12937664985657,2,129.0,3715.6953125,41645.625
431.1373541355133,2,100.2,4113.015625,41645.625
432.14552330970764,4,48.7,4396.84375,41864.1171875
433.15221071243286,4,99.2,4604.53125,42091.12890625
434.1602568626404,4,101.2,4819.16015625,42326.125
435.1683852672577,4,101.2,4996.02734375,42527.75
436.1764841079712,4,99.2,5251.03125,42784.40234375
437.1846616268158,4,102.0,5577.875,43131.41796875
438.1941730976105,4,100.2,5906.33984375,43482.30078125
439.2019772529602,4,99.9,6228.5,43804.421875
440.2127010822296,4,99.9,6578.8125,44154.66015625
441.2239787578583,4,98.9,6928.07421875,44504.3828125
442.23510694503784,4,100.9,7278.54296875,44854.75
443.24618196487427,4,98.9,7596.2421875,45176.2421875
444.2577919960022,4,99.9,7944.16015625,45524.16015625
445.26844573020935,4,100.9,8293.32421875,45873.23828125
446.2797782421112,4,99.1,8627.6953125,46207.62109375
447.2889738082886,4,99.9,8964.078125,46544.06640625
448.29986548423767,4,99.8,9313.62890625,46893.66015625
449.3115203380585,4,99.8,9662.19140625,47242.22265625
450.3231108188629,4,100.0,9983.703125,47563.84375
451.33334136009216,4,99.8,10331.3046875,47911.375
452.3450651168823,4,99.9,10680.23828125,48260.32421875
453.35619926452637,4,100.8,11026.8671875,48609.2734375
454.36808609962463,4,98.9,11349.19921875,48931.5390625
455.37912464141846,4,99.9,11699.28515625,49281.6484375
456.39018201828003,4,99.9,12051.265625,49633.5625
457.40119457244873,4,99.9,12401.5234375,49983.9296875
458.41184735298157,4,99.9,12727.1875,50309.546875
459.4233021736145,4,99.8,13077.04296875,50659.3984375
460.43506836891174,4,99.9,13428.90234375,51011.18359375
461.44605112075806,4,99.1,13768.203125,51350.59375
462.4550063610077,4,99.8,14098.56640625,51680.8515625
463.46669006347656,4,99.8,14356.1953125,51938.53515625
464.4785921573639,4,100.8,14413.6484375,51996.02734375
465.49054741859436,4,99.0,14696.59375,52366.91015625
466.500212430954,4,99.7,14725.07421875,52307.23046875
467.51306343078613,5,0.0,4123.546875,41774.78125
468.5249664783478,5,99.8,4566.16796875,42410.6953125
469.5371210575104,2,44.6,3295.34765625,42331.94140625
470.5458266735077,2,919.9,4196.69140625,42669.671875
471.5628249645233,2,3587.9,5126.328125,46765.734375
472.5898292064667,2,4714.4,5158.3828125,46765.734375
473.61617136001587,2,4338.8,5335.06640625,48813.765625
474.62560296058655,2,115.1,5900.9921875,48813.765625
475.63367652893066,2,99.2,6322.9921875,48813.765625
476.64211440086365,4,77.3,6655.0703125,48988.81640625
477.65073251724243,4,100.1,6967.01953125,49300.77734375
478.66005277633667,4,100.2,7308.9453125,49642.63671875
479.668240070343,4,99.2,7632.50390625,49966.19140625
480.67642283439636,4,100.1,7962.91796875,50296.59375
481.6851463317871,4,99.1,8305.90234375,50639.61328125
482.6940882205963,4,100.1,8621.90234375,50955.5625
483.7028999328613,4,100.8,8936.03515625,51271.51171875
484.71457958221436,4,99.9,9254.15234375,51589.65234375
485.7252368927002,4,99.9,9571.57421875,51907.05078125
486.7366361618042,4,99.9,9879.109375,52214.62109375
487.74811339378357,4,99.9,10205.765625,52541.26953125
488.75871658325195,4,100.0,10573.12109375,52908.65234375
489.76904296875,4,100.0,10940.07421875,53275.51953125
490.77926540374756,4,99.9,11278.0390625,53613.8984375
491.79062938690186,4,98.9,11648.3046875,53984.24609375
492.801265001297,4,100.8,12020.0859375,54356.01171875
493.8126976490021,4,99.0,12382.0859375,54722.234375
494.8231739997864,4,99.9,12725.171875,55065.25390625
495.8342547416687,4,99.8,13094.390625,55434.44140625
496.84631633758545,4,100.0,13469.12109375,55809.171875
497.85668540000916,4,99.9,13826.58984375,56166.62890625
498.86722564697266,4,98.9,14183.5625,56523.69921875
499.87798047065735,4,100.8,14555.77734375,56895.8515625
500.8898787498474,4,99.9,14926.25390625,57268.6484375
501.90119099617004,4,98.9,15268.91796875,57611.41015625
502.9127907752991,4,100.9,15639.57421875,57982.015625
503.92407035827637,4,99.8,16011.4296875,58353.91015625
504.9357166290283,4,100.0,16383.1484375,58725.546875
505.9459626674652,4,99.8,16726.24609375,59068.6953125
506.958119392395,4,99.9,17097.65234375,59440.07421875
507.96912598609924,4,99.8,17471.9375,59814.41796875
508.981098651886,4,99.9,17826.60546875,60169.0390625
509.9917573928833,4,98.9,18185.046875,60527.52734375
511.00244212150574,4,100.9,18556.9765625,60899.421875
512.0129804611206,4,98.8,18930.74609375,61273.25
513.0247564315796,4,99.9,19278.80859375,61621.296875
514.0354390144348,4,99.8,19521.375,61863.76953125
515.0471098423004,4,99.9,19571.78515625,61914.30078125
516.0583167076111,4,99.8,19571.78515625,61914.30078125
517.0706288814545,4,98.9,19571.8515625,61914.30078125
518.0819330215454,4,100.9,19601.14453125,61943.51953125
519.0926909446716,4,99.9,20007.05078125,62482.96484375
520.1036140918732,4,99.8,20191.3125,62643.15625
521.1154143810272,4,99.8,20205.3125,62643.15625
522.1276507377625,4,99.8,6481.15234375,48820.84375
523.139315366745,5,0.0,6871.44140625,49626.078125
524.1522126197815,5,98.9,7356.24609375,50064.87109375
525.1637756824493,5,99.9,7384.3515625,50064.87109375
526.1746029853821,2,60.3,5532.96875,49518.64453125
527.1859986782074,2,99.9,5530.58984375,49518.64453125
528.1966457366943,2,99.9,5536.84765625,49518.64453125
529.2075600624084,2,822.5,6866.4375,49006.61328125
530.2190866470337,2,142.4,7018.48828125,49006.61328125
531.2301185131073,2,212.5,7040.53125,49006.61328125
532.2417659759521,2,317.7,7123.5625,49006.61328125
533.2520925998688,2,1676.3,10483.51171875,49006.61328125
534.2638256549835,2,3877.2,13384.29296875,49006.61328125
535.2887787818909,2,4605.3,13754.51953125,49006.61328125
536.3178269863129,2,4526.8,14291.1484375,49006.61328125
537.3238718509674,2,3573.4,15421.22265625,49006.61328125
538.372834444046,2,3677.8,14794.03515625,49006.61328125
539.3975067138672,2,2924.7,15462.45703125,49006.61328125
540.4105143547058,2,1898.7,15354.72265625,49006.61328125
541.420036315918,2,3316.2,15499.6015625,49006.61328125
542.4285571575165,2,1059.5,8155.421875,49006.61328125
543.4365878105164,2,179.8,8127.265625,49006.61328125
544.4432754516602,2,247.8,7867.5859375,49006.61328125
545.4522845745087,2,1090.2,7646.1015625,49006.61328125
546.4602746963501,2,1378.6,9212.4609375,49006.61328125
547.4708306789398,2,3156.1,12996.84375,49006.61328125
548.4848375320435,2,4505.3,13952.5390625,49006.61328125
549.5107254981995,2,4510.7,14284.75390625,55182.61328125
550.5228283405304,2,3515.3,14671.92578125,55182.61328125
551.532609462738,2,3209.3,14929.09765625,55182.61328125
552.5445020198822,2,2753.8,15380.296875,55182.61328125
553.5546841621399,2,1439.3,15325.34765625,55182.61328125
554.5613543987274,2,3729.8,15424.63671875,55182.61328125
555.56982588768,2,1116.5,8760.59765625,55406.61328125
556.5888271331787,2,979.8,8202.1875,55406.61328125
557.6022145748138,2,1127.7,8036.1875,55406.61328125
558.6103971004486,2,1022.4,10200.328125,55406.61328125
559.6198256015778,2,4297.3,12365.56640625,55406.61328125
560.6408367156982,2,4591.3,13385.22265625,55406.61328125
561.6674547195435,2,4221.1,13933.65625,55406.61328125
562.6818673610687,2,3833.9,14706.4296875,55406.61328125
563.7273573875427,2,4021.2,13923.671875,55406.61328125
564.7388365268707,2,2922.1,14387.30859375,55406.61328125
565.7608432769775,2,2573.5,14298.0078125,55406.61328125
566.7816801071167,2,2061.8,7079.60546875,55406.61328125
567.7908267974854,2,1172.9,8568.94140625,55406.61328125
568.798609495163,2,1160.5,8019.26953125,55918.64453125
569.8059697151184,2,1027.7,7929.11328125,55406.61328125
570.8148956298828,2,2716.1,11535.8984375,55406.61328125
571.8325064182281,2,4517.3,12375.4296875,55406.61328125
572.842378616333,2,4470.5,13629.125,55406.61328125
573.8565187454224,2,3605.5,14119.734375,55406.61328125
574.8658652305603,2,4300.6,14804.81640625,55406.61328125
575.9148259162903,2,4059.2,14461.64453125,55406.61328125
576.929682970047,2,2117.4,14439.59765625,55406.61328125
577.9414947032928,2,3214.5,14540.58984375,55406.61328125
578.9528753757477,2,1002.9,8643.11328125,55406.61328125
579.960785150528,2,1000.9,8250.33203125,55662.61328125
580.9738507270813,2,1256.6,8101.15234375,55662.61328125
581.9820582866669,2,1035.9,10174.0703125,55662.61328125
582.9918274879456,2,4316.3,12404.46484375,55662.61328125
584.0128366947174,2,4573.3,13475.8359375,55662.61328125
585.03883934021,2,4343.1,13964.796875,55662.61328125
586.0638289451599,2,3620.1,14838.82421875,55662.61328125
587.1090779304504,2,4249.1,14020.828125,55662.61328125
588.1208353042603,2,2792.1,14356.71875,55662.61328125
589.1390092372894,2,2634.9,14354.01953125,55662.61328125
590.1502237319946,2,1992.8,7118.47265625,55662.61328125
591.1586620807648,2,1190.8,8575.61328125,55662.61328125
592.1672902107239,2,1065.6,8084.09765625,55662.61328125
593.1742527484894,2,1142.6,7941.76953125,55662.61328125
594.1838593482971,2,2532.3,11598.95703125,55662.61328125
595.2148306369781,2,4505.4,12474.5703125,55662.61328125
596.233127117157,2,4425.0,13317.93359375,55662.61328125
597.2457468509674,2,3840.1,14306.43359375,55662.61328125
598.256861448288,2,4229.6,15069.55078125,55662.61328125
599.3068273067474,2,4170.5,14499.9453125,55662.61328125
600.3203361034393,2,2512.0,14648.640625,55662.61328125
601.3288254737854,2,2917.7,14585.8046875,55662.61328125
602.3405377864838,2,1290.8,7961.79296875,55662.61328125
603.3490493297577,2,1264.1,8714.66015625,55662.61328125
604.3569648265839,2,1284.1,8149.10546875,55662.61328125
605.3658697605133,2,1123.4,7919.84765625,55662.61328125
606.3822674751282,2,3119.8,11447.44921875,55662.61328125
607.3958413600922,2,4404.6,12033.78515625,55662.61328125
608.4358987808228,2,4386.3,13634.90625,55662.61328125
609.4558584690094,2,3868.5,14553.1171875,55662.61328125
610.5018303394318,2,4471.8,13694.015625,55662.61328125
611.5141186714172,2,3050.4,14132.4921875,55662.61328125
612.5243263244629,2,2320.6,13932.0234375,55662.61328125
613.5326771736145,2,3058.5,14096.546875,55662.61328125
614.539657831192,2,1374.0,9071.76953125,55662.61328125
615.5484216213226,2,797.4,8411.66015625,55662.61328125
616.5608322620392,2,1397.3,8067.61328125,55662.61328125
617.6118748188019,2,1856.5,10372.61328125,55662.61328125
618.6438252925873,2,4420.6,11659.2109375,55662.61328125
619.6658461093903,2,4374.1,12862.4453125,55662.61328125
620.6798329353333,2,3900.1,13674.984375,55662.61328125
621.7048482894897,2,4257.0,14409.99609375,55662.61328125
622.7476618289948,2,3884.7,13947.796875,55662.61328125
623.7579991817474,2,2236.8,13968.4765625,55662.61328125
624.7683417797089,2,3328.7,13986.87890625,55662.61328125
625.7778236865997,2,750.4,8659.54296875,55662.61328125
626.7925977706909,2,1264.0,8378.640625,55662.61328125
627.8004987239838,2,1490.5,8115.06640625,55662.61328125
628.8088557720184,2,1024.5,9063.49609375,55662.61328125
629.8178286552429,2,3651.2,11652.81640625,55662.61328125
630.8388390541077,2,4468.9,13022.7421875,55662.61328125
631.8640275001526,2,4408.3,13495.5546875,55662.61328125
632.887882232666,2,3770.2,14437.078125,55662.61328125
633.9303946495056,2,4120.3,13607.87890625,55662.61328125
634.9418368339539,2,2928.9,14014.61328125,55662.61328125
635.9645638465881,2,2701.1,13979.33203125,55662.61328125
636.9763822555542,2,2116.2,7201.09765625,55662.61328125
637.9865958690643,2,1428.4,9018.16796875,55662.61328125
638.9946372509003,2,889.3,8288.484375,55662.61328125
640.0028266906738,2,1413.5,8062.48828125,55662.61328125
641.0194888114929,2,1471.5,10965.16015625,55662.61328125
642.0308248996735,2,4459.9,12607.453125,55662.61328125
643.0528454780579,2,4527.2,14735.83203125,55662.61328125
644.0700888633728,2,4239.1,14282.8046875,55662.61328125
645.0788691043854,2,3804.9,15063.3203125,55662.61328125
646.12256026268,2,3906.6,14291.046875,55662.61328125
647.1348304748535,2,2909.3,14648.83203125,55662.61328125
648.1568269729614,2,2602.3,14649.41015625,55662.61328125
649.1683623790741,2,2417.7,7544.2421875,55662.61328125
650.177398443222,2,1471.4,8873.05859375,55662.61328125
651.1859214305878,2,942.7,7824.33203125,55662.61328125
652.1947741508484,2,1300.9,10223.12890625,55662.61328125
653.2048664093018,2,3623.9,13136.16015625,55662.61328125
654.2438373565674,2,4517.8,13722.67578125,55662.61328125
655.2688381671906,2,4340.8,13282.6015625,55662.61328125
656.285475730896,2,4060.6,14501.8203125,55662.61328125
657.2938621044159,2,4050.6,15492.53515625,55662.61328125
658.3448662757874,2,4310.2,15439.37890625,55662.61328125
659.3939595222473,2,4092.2,14626.91015625,55662.61328125
660.4058294296265,2,2905.5,15028.31640625,55662.61328125
661.4274046421051,2,2812.2,15019.09765625,55662.61328125
662.4393963813782,2,1871.3,7204.609375,55662.61328125
663.4489197731018,2,1816.2,8538.71875,55662.61328125
664.469869852066,2,2894.3,12514.12109375,55662.61328125
665.5078303813934,2,4439.9,13000.1484375,55662.61328125
666.5328299999237,2,4363.8,12706.4609375,55662.61328125
667.5538718700409,2,4255.0,13589.30078125,55662.61328125
668.6048605442047,2,4543.9,13496.27734375,55662.61328125
669.6438267230988,2,4089.3,13039.15625,55662.61328125
670.654337644577,2,2238.2,13221.515625,55662.61328125
671.661306142807,2,2183.7,6910.05078125,55662.61328125
672.6728804111481,2,1689.6,7566.40234375,55662.61328125
673.6923475265503,2,2892.7,12329.10546875,55662.61328125
674.7357788085938,2,4484.6,12862.578125,55662.61328125
675.7578282356262,2,4351.2,12632.1171875,55662.61328125
676.778872013092,2,4201.1,13516.421875,55662.61328125
677.8238666057587,2,4378.8,13501.28125,55662.61328125
678.8793289661407,2,4094.2,13000.39453125,55662.61328125
679.900764465332,2,2365.3,13226.3359375,55662.61328125
680.9088487625122,2,2208.2,6778.90234375,55662.61328125
681.9167845249176,2,101.2,7377.1171875,55662.61328125
682.9247810840607,2,1464.5,8549.5859375,55662.61328125
683.9333548545837,2,1039.9,7449.87890625,55662.61328125
684.9418632984161,2,2976.9,9977.09765625,55662.61328125
685.9608378410339,2,4344.7,11143.35546875,55662.61328125
686.9861280918121,2,4510.0,12972.03125,55662.61328125
687.9968314170837,2,3880.9,13339.921875,55662.61328125
689.0181214809418,2,3827.8,13374.859375,55662.61328125
690.0274486541748,2,3031.0,13888.3984375,55662.61328125
691.036367893219,2,2036.1,13857.61328125,55662.61328125
692.0457570552826,2,2951.9,13926.73046875,55662.61328125
693.0541760921478,2,193.3,7787.7734375,55662.61328125
694.0630638599396,2,1471.4,8754.69140625,55662.61328125
695.0716423988342,2,989.9,7867.46484375,55662.61328125
696.1028969287872,2,2977.9,10006.9921875,55662.61328125
697.1295099258423,2,4402.4,11235.9296875,55662.61328125
698.1568274497986,2,4388.0,12976.46875,55662.61328125
699.1768469810486,2,4179.8,13058.80078125,55662.61328125
700.2118303775787,2,3782.2,13132.8515625,55662.61328125
701.2298264503479,2,2919.3,13490.875,55662.61328125
702.2528245449066,2,2709.7,13559.2421875,55662.61328125
703.2669546604156,2,1564.2,7735.19140625,55662.61328125
704.2756192684174,2,1516.1,9412.625,55662.61328125
705.2847948074341,2,759.2,8176.76171875,55662.61328125
706.2964377403259,2,1271.6,7890.98046875,55662.61328125
707.3078556060791,2,3193.2,9883.640625,55662.61328125
708.3208363056183,2,4323.8,11137.28125,55662.61328125
709.3468391895294,2,4448.6,12447.89453125,55662.61328125
710.3611083030701,2,3909.9,13060.20703125,55662.61328125
711.3689343929291,2,3584.9,13230.3203125,55662.61328125
712.3791615962982,2,2825.5,13730.828125,55662.61328125
713.3884546756744,2,2341.9,13690.81640625,55662.61328125
714.4005682468414,2,2323.2,7298.65625,55662.61328125
715.4093704223633,2,1504.9,9304.265625,55662.61328125
716.4173879623413,2,673.4,8207.94921875,55662.61328125
717.4347038269043,2,1237.2,7970.4453125,55662.61328125
718.4424700737,2,2513.5,9565.71875,55662.61328125
719.4538264274597,2,4000.3,11297.15234375,55662.61328125
720.474835395813,2,4505.2,13326.1171875,55662.61328125
721.5008313655853,2,4433.0,14111.50390625,55662.61328125
722.5261707305908,2,4071.4,14835.26171875,55662.61328125
723.5348434448242,2,3251.7,15217.8671875,55662.61328125
724.5618286132812,2,3481.2,15722.14453125,55662.61328125
725.5817818641663,2,2327.2,16129.22265625,55662.61328125
726.588479757309,2,2023.4,16253.81640625,55662.61328125
727.5997943878174,2,2947.4,16413.921875,55662.61328125
728.6086347103119,2,565.5,8341.38671875,55662.61328125
729.6183433532715,2,1636.9,8283.5390625,55662.61328125
730.6275720596313,2,1014.6,8186.0,55662.61328125
731.6378247737885,2,1598.0,7884.83203125,55662.61328125
732.7070252895355,2,3464.2,10624.5078125,55662.61328125
733.7198395729065,2,4225.0,11636.52734375,55662.61328125
734.7468454837799,2,4575.6,13611.74609375,55662.61328125
735.7638375759125,2,4194.5,14465.125,55662.61328125
736.7847673892975,2,3673.7,14768.4609375,55662.61328125
737.7939403057098,2,3263.4,15007.125,55662.61328125
738.8058431148529,2,2775.1,15905.08984375,55662.61328125
739.8278260231018,2,1600.5,15839.90625,55662.61328125
740.8406598567963,2,3548.5,16195.78125,55662.61328125
741.8475408554077,2,600.0,7672.859375,55982.61328125
742.8559327125549,2,1577.2,9013.72265625,55982.61328125
743.8647248744965,2,717.1,8230.0546875,55982.61328125
744.8784937858582,2,1229.9,7971.83984375,55982.61328125
745.8878247737885,2,2694.6,9432.34375,55982.61328125
746.8988332748413,2,4386.5,10984.7578125,55982.61328125
747.9276070594788,2,4431.6,12070.453125,55982.61328125
748.9378943443298,2,4083.9,13292.39453125,55982.61328125
749.9501650333405,2,3230.1,13466.078125,55982.61328125
750.9638259410858,2,3123.4,13953.2578125,55982.61328125
751.9858293533325,2,2037.4,13965.046875,55982.61328125
752.9974911212921,2,3023.9,14058.08203125,55982.61328125
754.0058310031891,2,1585.8,8869.5625,55982.61328125
755.0179796218872,2,728.1,8337.8125,55982.61328125
756.0299150943756,2,1174.1,8027.44921875,55982.61328125
757.0468573570251,2,3489.4,10068.1796875,55982.61328125
758.0608439445496,2,4357.6,11377.66015625,55982.61328125
759.0871431827545,2,4481.6,11750.046875,55982.61328125
760.0998270511627,2,4352.2,13331.12890625,55982.61328125
761.1228325366974,2,2992.0,13814.72265625,55982.61328125
762.1408450603485,2,3608.5,14519.19140625,55982.61328125
763.1498279571533,2,1788.7,14394.28125,55982.61328125
764.1628308296204,2,3488.0,14435.96484375,55982.61328125
765.1740293502808,2,701.4,8350.94140625,55982.61328125
766.1832354068756,2,1779.0,8452.68359375,55982.61328125
767.1906049251556,2,804.7,8231.77734375,55982.61328125
768.1983373165131,2,648.5,8078.0546875,55982.61328125
769.2053186893463,2,2720.3,8137.95703125,55982.61328125
770.2148292064667,2,3778.7,10206.79296875,55982.61328125
771.2358388900757,2,4614.8,13449.84375,55982.61328125
772.2628374099731,2,4367.9,12907.75390625,55982.61328125
773.2876470088959,2,3327.5,13133.2265625,55982.61328125
774.2984490394592,2,3267.0,13881.2421875,55982.61328125
775.3073794841766,2,1430.4,13834.86328125,55982.61328125
776.3154759407043,2,3304.9,14028.0078125,55982.61328125
777.3252246379852,2,1045.0,8833.07421875,55982.61328125
778.3328590393066,2,1307.5,8199.3984375,55982.61328125
779.3418262004852,2,830.4,8009.0390625,55982.61328125
780.3647232055664,2,787.3,7858.24609375,55982.61328125
781.3738331794739,2,3340.7,9592.53515625,55982.61328125
782.387832403183,2,4404.5,11241.80078125,55982.61328125
783.4138309955597,2,4525.9,11812.15234375,55982.61328125
784.4318540096283,2,4292.7,13064.44921875,55982.61328125
785.4448251724243,2,2927.3,13307.36328125,55982.61328125
786.4560885429382,2,2605.5,13919.921875,55982.61328125
787.464822769165,2,2391.9,14018.53515625,55982.61328125
788.4768924713135,2,1992.7,7218.12890625,55982.61328125
789.4839894771576,2,1534.6,9294.78515625,55982.61328125
790.4908699989319,2,800.2,8196.40625,55982.61328125
791.499260187149,2,717.2,8084.21875,55982.61328125
792.5078270435333,2,2672.0,7895.43359375,55982.61328125
793.5648274421692,2,3510.0,10331.29296875,55982.61328125
794.5788388252258,2,4551.4,12936.79296875,55982.61328125
795.6048367023468,2,4247.7,12925.921875,55982.61328125
796.6247968673706,2,3372.8,13316.91796875,55982.61328125
797.6328270435333,2,3582.5,13820.4375,55982.61328125
798.6531014442444,2,1891.1,14084.92578125,55982.61328125
799.6618318557739,2,2897.1,14070.02734375,55982.61328125
800.672016620636,2,1434.8,7672.92578125,55982.61328125
801.6810977458954,2,1566.9,9360.41796875,55982.61328125
802.6906955242157,2,820.9,8267.7578125,55982.62890625
803.6981732845306,2,1240.6,8025.7109375,55982.61328125
804.7068617343903,2,3232.7,10052.05859375,55982.61328125
805.736837387085,2,4387.7,11371.9609375,55982.61328125
806.7633402347565,2,4460.8,12666.14453125,55982.61328125
807.7755625247955,2,3867.1,13193.69921875,55982.61328125
808.7931342124939,2,3308.7,13368.34765625,55982.61328125
809.8049402236938,2,3074.4,13888.36328125,55982.61328125
810.812479019165,2,2296.2,13836.3359375,55982.61328125
811.8222076892853,2,2299.5,8157.16015625,56494.62109375
812.8313102722168,2,1588.3,9589.11328125,55982.61328125
813.8393330574036,2,617.2,8475.78125,55982.61328125
814.8486847877502,2,1274.7,8186.3671875,55982.61328125
815.8567225933075,2,2375.5,9547.67578125,55982.61328125
816.8698308467865,2,4371.0,11116.515625,55982.61328125
817.8891334533691,2,4495.8,12031.0234375,55982.61328125
818.9033386707306,2,4206.3,13268.97265625,55982.61328125
819.9158337116241,2,3336.5,13472.94921875,55982.61328125
820.9240190982819,2,3303.7,14033.5546875,55982.61328125
821.9327974319458,2,1893.5,13933.6875,55982.61328125
822.9394068717957,2,3289.7,14084.4140625,55982.61328125
823.9468269348145,2,1386.9,9325.5546875,55982.61328125
824.9679918289185,2,877.1,8503.8125,55982.61328125
825.9761321544647,2,1068.5,8255.7890625,55982.61328125
826.9858231544495,2,2057.9,8129.78125,55982.61328125
828.041826248169,2,3346.4,10930.046875,55982.61328125
829.0628352165222,2,4517.9,12875.359375,55982.61328125
830.0818264484406,2,4252.1,13383.98828125,55982.61328125
831.1028714179993,2,3714.4,14348.05859375,55982.61328125
832.151611328125,2,3691.5,14107.4921875,55982.61328125
833.1653628349304,2,2078.4,14177.77734375,55982.61328125
834.173086643219,2,3031.3,14165.5,55982.61328125
835.1843490600586,2,1240.8,8313.41015625,55982.61328125
836.1923303604126,2,1624.0,9315.9140625,55982.61328125
837.1991446018219,2,790.7,8471.01171875,55982.61328125
838.2068274021149,2,1306.8,8152.015625,55982.61328125
839.2319371700287,2,2880.6,10143.33984375,55982.61328125
840.2468283176422,2,4259.2,11563.140625,55982.61328125
841.2678365707397,2,4550.9,14148.5703125,55982.61328125
842.2936189174652,2,4179.1,14693.8125,55982.61328125
843.3018689155579,2,4026.1,15234.4140625,55982.61328125
844.3258340358734,2,3274.8,15496.0234375,55982.61328125
845.3525977134705,2,3663.1,16018.40234375,55982.61328125
846.3591423034668,2,2060.4,16235.19140625,55982.61328125
847.370935678482,2,2406.8,16345.48046875,55982.61328125
848.3812642097473,2,2371.9,16612.1328125,55982.61328125
849.38982629776,2,750.3,8852.03125,55982.61328125
850.4087767601013,2,1398.5,8533.30859375,55982.61328125
851.4175727367401,2,803.3,8341.9296875,55982.61328125
852.427827835083,2,1362.1,8082.53515625,55982.61328125
853.4366760253906,2,2957.5,9873.953125,55982.61328125
854.4598348140717,2,4375.8,11376.328125,55982.61328125
855.4808259010315,2,4468.1,12593.43359375,55982.61328125
856.4932737350464,2,4131.8,13739.96484375,55982.61328125
857.5106837749481,2,3494.6,13898.33203125,55982.61328125
858.5258476734161,2,3120.0,14406.94921875,55982.61328125
859.5477857589722,2,2029.6,14415.37890625,55982.61328125
860.5588281154633,2,3129.3,14497.49609375,55982.61328125
861.5688242912292,2,1540.8,9079.5,56366.61328125
862.5809981822968,2,714.5,8585.390625,56366.61328125
863.5887005329132,2,1026.0,8376.33203125,56366.61328125
864.5974214076996,2,2262.9,8338.79296875,56366.61328125
865.6098294258118,2,3471.5,10887.296875,56366.61328125
866.6308329105377,2,4511.3,13177.34375,56366.61328125
867.6478264331818,2,4243.2,13351.79296875,56366.61328125
868.668003320694,2,3553.3,13584.45703125,56366.61328125
869.6747889518738,2,3775.9,14175.30859375,56366.61328125
870.6827847957611,2,1859.6,14083.54296875,56366.61328125
871.6922194957733,2,3494.2,14122.5859375,56366.61328125
872.7021992206573,2,598.4,9031.66796875,56366.61328125
873.7097351551056,2,1614.2,8722.4921875,56366.61328125
874.7168254852295,2,1087.5,8514.43359375,56366.61328125
875.7268302440643,2,1442.5,8255.1171875,56366.61328125
876.7958438396454,2,3408.6,11092.91796875,56366.61328125
877.8168287277222,2,4198.4,11971.515625,56366.61328125
878.8298661708832,2,4519.6,15186.46484375,56366.61328125
879.8547492027283,2,4327.7,14957.1875,56366.61328125
880.8768517971039,2,3772.6,15292.7265625,56366.61328125
881.8976037502289,2,3335.0,15444.31640625,56366.61328125
882.9094958305359,2,3107.9,16412.0,56366.61328125
883.9185328483582,2,1869.9,16357.4765625,56366.61328125
884.9260294437408,2,3542.4,16426.3046875,56366.61328125
885.9327204227448,2,919.6,12014.9140625,56366.61328125
886.9406685829163,2,1675.9,8958.59375,56366.61328125
887.9479019641876,2,495.7,8435.15234375,56366.61328125
888.9618253707886,2,887.1,8257.37109375,56366.61328125
889.9838240146637,2,2094.3,8005.55078125,56366.61328125
891.056827545166,2,3508.2,10595.50390625,56366.61328125
892.0775847434998,2,4540.4,13098.078125,56366.61328125
893.0938284397125,2,4226.8,13334.04296875,56366.61328125
894.1142930984497,2,3159.8,13570.19921875,56366.61328125
895.1242711544037,2,3312.0,14191.50390625,56366.61328125
896.1338803768158,2,1811.0,14126.5546875,56366.61328125
897.1409187316895,2,3295.8,14183.48828125,56366.61328125
898.1536614894867,2,1532.7,9353.1015625,56366.61328125
899.1615147590637,2,788.5,8855.71875,56366.61328125
900.1849501132965,2,987.1,8566.22265625,56366.61328125
901.1918487548828,2,3152.9,11453.6171875,56366.61328125
902.2058324813843,2,4434.3,12474.89453125,56366.61328125
903.2348434925079,2,4489.7,14094.34375,56366.61328125
904.2518618106842,2,3765.7,15206.5546875,56366.61328125
905.3008589744568,2,4453.2,14944.59765625,56366.61328125
906.3398270606995,2,3148.6,14814.02734375,56366.61328125
907.3473582267761,2,2159.7,14614.63671875,56366.61328125
908.3549964427948,2,2895.4,14663.78515625,56366.61328125
909.3630938529968,2,1528.4,9291.35546875,56366.61328125
910.3713583946228,2,1066.7,8838.70703125,56366.61328125
911.3800604343414,2,1741.3,9670.16015625,56366.61328125
912.3878765106201,2,2661.0,13564.37109375,56366.61328125
913.4078249931335,2,4469.6,14262.9453125,56366.61328125
914.4288327693939,2,4577.1,16217.53125,56366.61328125
915.4554834365845,2,4302.8,14926.8515625,56366.61328125
916.4814307689667,2,3926.1,15811.796875,56366.61328125
917.5268702507019,2,4440.1,15791.44140625,56366.61328125
918.5768320560455,2,3993.1,14976.37109375,56366.61328125
919.5898423194885,2,3031.7,15418.6953125,56366.61328125
920.6127145290375,2,2832.2,15537.2421875,56366.61328125
921.6243481636047,2,1505.6,8001.40625,56366.61328125
922.6323852539062,2,1761.9,9203.0078125,56366.61328125
923.6403670310974,2,1049.3,8486.86328125,56366.61328125
924.6496922969818,2,2371.0,10940.69921875,56366.61328125
925.6628243923187,2,4504.5,12397.00390625,56366.61328125
926.6838805675507,2,4439.7,13368.421875,56366.61328125
927.6948349475861,2,4054.2,14629.98828125,56366.61328125
928.7078635692596,2,4137.5,15352.84765625,56366.61328125
929.757274389267,2,3773.9,14635.24609375,56366.61328125
930.7692484855652,2,2800.1,15043.68359375,56366.61328125
931.7760555744171,2,2513.9,14885.90234375,56366.61328125
932.7885901927948,2,1830.4,7821.71484375,56366.61328125
933.7969274520874,2,1711.1,9638.0078125,56366.61328125
934.8058249950409,2,1113.1,8460.2734375,56366.61328125
935.8235354423523,2,2769.2,11263.234375,56366.61328125
936.8368360996246,2,4445.2,12472.2578125,56366.61328125
937.8642218112946,2,4461.0,13866.515625,56366.61328125
938.8848621845245,2,4034.9,14712.75,56366.61328125
939.9282712936401,2,4018.3,13898.55078125,56366.61328125
940.9548375606537,2,2988.9,14302.1796875,56366.61328125
941.9788343906403,2,2616.6,14215.5546875,56366.61328125
942.9913682937622,2,2153.7,8171.15625,56878.62109375
943.9997127056122,2,1744.7,9821.2578125,56366.61328125
945.0090301036835,2,883.9,8610.015625,56366.61328125
946.0159695148468,2,1859.1,10651.87109375,56366.61328125
947.0288271903992,2,4360.6,12393.11328125,56366.61328125
948.0498354434967,2,4474.4,14293.89453125,56366.61328125
949.0738413333893,2,4245.8,14496.26953125,56366.61328125
950.0868604183197,2,4225.2,15216.609375,56366.61328125
951.1294038295746,2,3912.6,14542.54296875,56366.61328125
952.141117811203,2,2708.0,14878.58984375,56366.61328125
953.1489067077637,2,2881.3,14700.91015625,56366.61328125
954.1612911224365,2,1205.8,9123.45703125,56366.61328125
955.171459197998,2,1740.1,9645.84375,56366.61328125
956.1815893650055,2,1194.4,8805.6328125,56366.61328125
957.1904540061951,2,2145.4,12133.65625,56366.61328125
958.2068276405334,2,4376.8,14393.015625,56366.61328125
959.2228419780731,2,4583.4,15009.76171875,56366.61328125
960.2530546188354,2,4414.0,15108.15234375,56366.61328125
961.2748708724976,2,4093.1,16069.7578125,56366.61328125
962.3239469528198,2,4532.7,15974.6328125,56366.61328125
963.3448629379272,2,4644.3,15912.33984375,56366.61328125
964.3908309936523,2,3013.4,15687.9453125,56366.61328125
965.3986036777496,2,2458.0,15603.42578125,56366.61328125
966.4071490764618,2,2761.6,15866.6953125,56366.61328125
967.4156723022461,2,1463.5,9293.6796875,56366.61328125
968.4248421192169,2,1077.1,8743.4765625,56366.61328125
969.4330503940582,2,1554.2,10361.2890625,56366.61328125
970.4407248497009,2,3291.7,13587.98046875,56366.61328125
971.4806683063507,2,4498.3,14329.84375,56366.61328125
972.5063483715057,2,4382.0,15862.94921875,56366.61328125
973.5266358852386,2,4233.5,15183.72265625,56366.61328125
974.5398750305176,2,4190.1,16042.3046875,56366.61328125
975.5908789634705,2,4445.6,16004.40625,56366.61328125
976.636997461319,2,3941.9,15267.6015625,56366.61328125
977.6489531993866,2,2995.3,15660.98828125,56366.61328125
978.6694867610931,2,2841.7,15754.73046875,56366.61328125
979.6818723678589,2,1860.5,8008.83203125,56366.61328125
980.6918253898621,2,2142.5,7979.203125,56366.61328125
981.7031509876251,2,2264.6,8724.18359375,56366.61328125
982.7103292942047,2,1671.0,7723.23828125,58221.78125
983.7186417579651,2,1002.3,8464.62109375,56173.765625
984.7278618812561,2,2756.2,9948.45703125,56173.765625
985.7408263683319,2,4183.7,11474.3671875,56173.765625
986.7638444900513,2,4544.0,16885.203125,63381.765625
987.7904427051544,2,4199.0,15351.85546875,63381.765625
988.7992432117462,2,3960.7,15504.09375,63381.765625
989.8068356513977,2,3121.8,15821.1015625,63381.765625
990.8338408470154,2,3315.6,16529.49609375,63381.765625
991.8461270332336,2,1459.5,16990.23046875,63381.765625
992.8553335666656,2,1865.1,16991.97265625,63381.765625
993.8655633926392,2,3232.6,17252.203125,63381.765625
994.8746328353882,2,587.3,7600.27734375,63381.765625
995.8825254440308,2,1138.6,8965.15234375,63381.765625
996.8908796310425,2,2797.2,10534.44921875,63381.765625
997.8988258838654,2,4080.7,12923.921875,63381.765625
998.9208359718323,2,4394.6,15015.1484375,63381.765625
999.9672908782959,2,4626.2,19625.65234375,71621.765625
1000.9938323497772,2,4302.1,15489.57421875,71621.765625
1002.0138285160065,2,4265.0,18911.5859375,71621.765625
1003.0348279476166,2,4398.6,19061.89453125,71621.765625
1004.0551416873932,2,3073.7,19413.97265625,71621.765625
1005.0641624927521,2,3205.0,19602.26953125,71621.765625
1006.0707476139069,2,3638.9,20490.26171875,71621.765625
1007.0822186470032,2,2281.1,21181.5703125,71621.765625
1008.0907769203186,2,1355.1,21095.8046875,71621.765625
1009.0998306274414,2,1569.7,21253.453125,71621.765625
1010.1118295192719,2,4442.1,21311.06640625,71621.765625
1011.1359755992889,2,826.6,7698.1171875,73669.78125
1012.1441931724548,2,874.9,8780.4921875,71621.765625
1013.155847787857,2,2473.8,10035.859375,71621.765625
1014.164824962616,2,3948.3,12560.4140625,71621.765625
1015.185834646225,2,4451.3,14743.73828125,71621.765625
1016.2128295898438,2,4594.4,19813.82421875,71621.765625
1017.2386853694916,2,4330.6,15924.53515625,71621.765625
1018.2658267021179,2,4346.1,18357.6484375,71621.765625
1019.286429643631,2,4056.3,18609.953125,71621.765625
1020.2938284873962,2,3015.5,18961.1796875,71621.765625
1021.3214907646179,2,3306.4,19246.63671875,71621.765625
1022.3330321311951,2,3493.2,20360.65625,71621.765625
1023.3406028747559,2,1103.5,20245.38671875,71621.765625
1024.3529212474823,2,1223.4,20118.828125,71621.765625
1025.360827445984,2,4177.8,20336.328125,71621.765625
1026.3826351165771,2,1411.2,20763.71875,71621.765625
1027.389344215393,2,840.1,8532.375,71621.765625
1028.3977551460266,2,2656.4,9127.6484375,71621.765625
1029.4076492786407,2,3221.2,12556.5703125,71621.765625
1030.4288177490234,2,4444.2,14074.84765625,71621.765625
1031.455834388733,2,4605.4,18828.7734375,71621.765625
1032.4818325042725,2,4373.2,15356.23046875,71621.765625
1033.49582529068,2,4324.1,18354.27734375,71621.765625
1034.5168266296387,2,4432.9,18578.921875,71621.765625
1035.5391252040863,2,2915.7,18934.8984375,71621.765625
1036.5618691444397,2,2986.8,19122.73828125,71621.765625
1037.5748267173767,2,3914.1,20265.58984375,71621.765625
1038.5895256996155,2,1116.3,20400.6640625,71621.765625
1039.5991604328156,2,1284.9,20293.78515625,71621.765625
1040.6058323383331,2,3709.5,20455.0,71621.765625
1041.6177501678467,2,1935.1,20757.08984375,71621.765625
1042.6274859905243,2,742.6,8306.73046875,71621.765625
1043.6368291378021,2,2563.6,8851.51953125,71621.765625
1044.669751405716,2,3046.1,12213.39453125,71621.765625
1045.683347940445,2,4277.8,13167.7734375,71621.765625
1046.706957101822,2,4617.9,18323.43359375,71621.765625
1047.733627319336,2,4458.6,15282.2734375,71621.765625
1048.7438271045685,2,4236.8,18441.015625,71621.765625
1049.764318704605,2,4428.2,18608.234375,71621.765625
1050.7758316993713,2,2988.5,19027.87890625,71621.765625
1051.8031027317047,2,2993.2,19136.671875,71621.765625
1052.8110406398773,2,4146.2,20027.8359375,71621.765625
1053.8226482868195,2,1372.7,20345.7265625,71621.765625
1054.8303170204163,2,1284.8,20184.7109375,71621.765625
1055.8398320674896,2,2949.0,20498.90234375,71621.765625
1056.8512542247772,2,2698.1,20708.06640625,71621.765625
1057.8577191829681,2,478.2,7970.52734375,71621.765625
1058.8657720088959,2,1041.7,9318.27734375,71621.765625
1059.875788450241,2,3519.8,9833.41796875,71621.765625
1060.884831905365,2,2919.2,13904.97265625,71621.765625
1061.8988325595856,2,4312.7,14651.0078125,71621.765625
1062.9248449802399,2,4483.4,18065.81640625,71621.765625
1063.9488353729248,2,4568.6,23119.04296875,71621.765625
1064.9758620262146,2,4360.8,17333.640625,71621.765625
1065.995825767517,2,4372.8,20496.859375,71621.765625
1067.0168323516846,2,4384.1,20679.3984375,71621.765625
1068.0417728424072,2,3028.4,20949.33984375,71621.765625
1069.0522863864899,2,3275.8,21166.06640625,71621.765625
1070.0628249645233,2,3896.0,21721.89453125,71621.765625
1071.0788323879242,2,2967.4,22673.45703125,71621.765625
1072.0882787704468,2,1178.3,22568.6640625,71621.765625
1073.0982465744019,2,1289.0,22548.82421875,71621.765625
1074.1078267097473,2,3736.2,22844.7734375,71621.765625
1075.1228322982788,2,2362.6,23167.21875,71621.765625
1076.133765220642,2,496.9,8146.62109375,71621.765625
1077.1420278549194,2,1014.0,9333.09765625,71621.765625
1078.1509890556335,2,3427.6,10280.0859375,71621.765625
1079.1600933074951,2,3196.7,13907.76171875,71621.765625
1080.17383146286,2,4306.6,14671.56640625,71621.765625
1081.1948380470276,2,4517.6,18421.85546875,71621.765625
1082.2218432426453,2,4566.5,23891.0546875,71621.765625
1083.2519776821136,2,4380.3,17731.953125,71621.765625
1084.2778322696686,2,4423.0,20484.39453125,71621.765625
1085.2987940311432,2,4414.6,20647.984375,71621.765625
1086.322716474533,2,3100.0,20914.30859375,71621.765625
1087.353835105896,2,2803.8,21224.25390625,71621.765625
1088.384081363678,2,3634.0,21694.0078125,71621.765625
1089.3961346149445,2,2874.4,22672.49609375,71621.765625
1090.4041147232056,2,1196.7,22582.41796875,71621.765625
1091.4145910739899,2,1252.6,22596.96484375,71621.765625
1092.4235751628876,2,3832.0,22835.02734375,71621.765625
1093.435896396637,2,2232.3,23131.21484375,71621.765625
1094.4440796375275,2,532.8,8132.23828125,71621.765625
1095.4520707130432,2,1019.6,9304.88671875,71621.765625
1096.461302280426,2,3373.7,10405.69921875,71621.765625
1097.4708321094513,2,3300.6,13984.3515625,71621.765625
1098.4837911128998,2,4280.5,14669.54296875,71621.765625
1099.5095903873444,2,4580.2,18750.48046875,71621.765625
1100.5368387699127,2,4594.2,23883.0703125,71621.765625
1101.561259508133,2,4287.9,17816.47265625,71621.765625
1102.5848286151886,2,4350.7,20545.94140625,71621.765625
1103.6058390140533,2,4438.1,20731.23828125,71621.765625
1104.6306946277618,2,3127.6,20948.40234375,71621.765625
1105.6623983383179,2,2852.5,21189.63671875,71621.765625
1106.6714224815369,2,3735.7,21724.296875,71621.765625
1107.6830360889435,2,2746.4,22638.0,71621.765625
1108.6896851062775,2,1211.8,22628.29296875,71621.765625
1109.6973049640656,2,1188.0,22600.890625,71621.765625
1110.7068252563477,2,3968.8,22731.86328125,71621.765625
1111.7198646068573,2,2112.9,23089.04296875,71621.765625
1112.727787733078,2,548.6,8137.58203125,71621.765625
1113.735933303833,2,1069.3,9285.48046875,71621.765625
1114.7441744804382,2,3478.0,10328.70703125,71621.765625
1115.7528328895569,2,3285.8,13968.32421875,71621.765625
1116.7648375034332,2,4286.0,14663.83984375,71621.765625
1117.7898387908936,2,4523.5,18633.8046875,71621.765625
1118.8157892227173,2,4625.0,23538.60546875,71621.765625
1119.8398354053497,2,4236.6,17774.98046875,71621.765625
1120.850834608078,2,4229.2,20541.203125,71621.765625
1121.8718347549438,2,4400.3,20754.91015625,71621.765625
1122.8968472480774,2,3237.6,20954.99609375,71621.765625
1123.9281516075134,2,2635.2,21159.5,71621.765625
1124.9368259906769,2,3696.4,21634.65625,71621.765625
1125.9494750499725,2,3138.7,22677.23828125,71621.765625
1126.9608414173126,2,1159.9,22572.78515625,71621.765625
1127.9701857566833,2,1249.8,22535.34375,71621.765625
1128.9798271656036,2,3535.7,22713.9609375,71621.765625
1129.994130373001,2,2579.3,23068.44140625,71621.765625
1131.0033864974976,2,483.9,7965.375,71621.765625
1132.0119602680206,2,1082.3,9266.92578125,71621.765625
1133.021087884903,2,3523.6,9737.0078125,71621.765625
1134.031852722168,2,2862.8,13859.3046875,71621.765625
1135.0488286018372,2,4296.1,14651.62890625,71621.765625
1136.0799100399017,2,4540.6,18157.62109375,71621.765625
1137.1078329086304,2,4625.1,23239.984375,71621.765625
1138.1456820964813,2,4091.1,17097.5390625,71621.765625
1139.163824558258,2,4341.4,20486.2734375,71621.765625
1140.1826832294464,2,4396.7,20665.62109375,71621.765625
1141.2084920406342,2,3158.9,20872.47265625,71621.765625
1142.2153222560883,2,3069.3,20954.390625,71621.765625
1143.2256698608398,2,3260.7,21401.01171875,71621.765625
1144.2427792549133,2,3642.4,22643.37890625,71621.765625
1145.2510302066803,2,1105.4,22598.21484375,71621.765625
1146.2596638202667,2,1323.6,22565.02734375,71621.765625
1147.2688357830048,2,3103.7,22771.57421875,71621.765625
1148.2859477996826,2,2952.3,22962.40625,71621.765625
1149.2948520183563,2,580.8,7641.1015625,71621.765625
1150.3037219047546,2,1020.9,9310.5234375,71621.765625
1151.3128254413605,2,3207.8,9596.75,71621.765625
1152.3538262844086,2,2205.3,13386.44140625,71621.765625
1153.374648809433,2,3875.2,15669.41015625,71621.765625
1154.3957450389862,2,4347.1,16140.58203125,71621.765625
1155.421292066574,2,4476.1,20849.203125,71621.765625
1156.4488310813904,2,4588.1,25609.54296875,81861.765625
1157.4748289585114,2,4524.2,30754.50390625,81917.765625
1158.4997930526733,2,4183.5,19526.3671875,81917.765625
1159.5098354816437,2,4157.7,23175.96484375,81917.765625
1160.5408327579498,2,4216.8,24814.66796875,81917.765625
1161.565830230713,2,4384.0,25140.4765625,81917.765625
1162.5862267017365,2,3587.1,25421.1640625,81917.765625
1163.5948362350464,2,3331.8,25805.15625,81917.765625
1164.6218326091766,2,3295.2,25770.6328125,81917.765625
1165.6488251686096,2,3379.2,26198.1875,81917.765625
1166.6657207012177,2,3544.5,27470.45703125,81917.765625
1167.678004026413,2,1581.1,28425.09765625,81917.765625
1168.6866433620453,2,1008.1,28309.9921875,81917.765625
1169.693463087082,2,1245.0,28391.9609375,81917.765625
1170.7040557861328,2,883.2,28257.5625,81917.765625
1171.7168304920197,2,2961.5,28786.46875,81917.765625
1172.7288272380829,2,3839.7,29010.484375,81917.765625
1173.7508280277252,2,712.4,29390.42578125,81917.765625
1174.7702596187592,2,726.6,29766.359375,81917.765625
1175.7775621414185,2,703.9,8353.32421875,81917.765625
1176.7862672805786,2,2078.8,9867.453125,81917.765625
1177.7978298664093,2,4245.3,11525.53125,81917.765625
1178.8178384304047,2,4529.2,16269.421875,81917.765625
1179.8444106578827,2,4196.0,15200.23046875,81917.765625
1180.8557953834534,2,3994.6,15507.94921875,81917.765625
1181.86483836174,2,3005.4,15773.6953125,81917.765625
1182.8778324127197,2,3465.3,16831.0703125,81917.765625
1183.885829925537,2,1335.3,16879.25390625,81917.765625
1184.9000780582428,2,2484.0,17043.5703125,81917.765625
1185.9116501808167,2,2247.7,17355.01171875,81917.765625
1186.9200232028961,2,734.8,8423.01953125,81917.765625
1187.9285941123962,2,2175.2,9644.484375,81917.765625
1188.9414207935333,2,3888.5,11639.04296875,81917.765625
1189.9528346061707,2,4530.8,15729.1171875,81917.765625
1190.978022813797,2,4327.8,14879.609375,81917.765625
1191.9867749214172,2,3922.5,15406.26953125,81917.765625
1192.9976921081543,2,3000.8,15585.3671875,81917.765625
1194.0197699069977,2,3541.0,16499.77734375,81917.765625
1195.0301866531372,2,1348.5,16647.76953125,81917.765625
1196.0378425121307,2,2516.7,16817.98828125,81917.765625
1197.0508344173431,2,2184.2,17120.59375,81917.765625
1198.059668302536,2,570.9,8346.16015625,81917.765625
1199.0687685012817,2,1009.0,9438.26953125,81917.765625
1200.0777003765106,2,3087.2,11087.57421875,81917.765625
1201.0878338813782,2,3394.0,14339.68359375,81917.765625
1202.1028242111206,2,4150.5,15851.77734375,81917.765625
1203.1238372325897,2,4415.3,17879.13671875,81917.765625
1204.1508338451385,2,4530.9,22405.546875,81917.765625
1205.1778309345245,2,4510.1,27626.7734375,81917.765625
1206.2038333415985,2,4366.9,30505.78125,81917.765625
1207.230159521103,2,4333.0,20461.0625,81917.765625
1208.2518272399902,2,4211.4,24762.34765625,81917.765625
1209.2714195251465,2,4522.7,24831.828125,81917.765625
1210.2828369140625,2,4363.6,25144.3515625,81917.765625
1211.3076560497284,2,3484.6,25439.046875,81917.765625
1212.3218343257904,2,3378.1,25858.20703125,81917.765625
1213.3464369773865,2,2938.3,25941.38671875,81917.765625
1214.357827425003,2,3613.0,27256.80078125,81917.765625
1215.3780326843262,2,2678.9,28235.0625,81917.765625
1216.3862075805664,2,673.4,28233.6640625,81917.765625
1217.3945655822754,2,795.1,28237.01171875,81917.765625
1218.4031505584717,2,1276.6,28202.8125,81917.765625
1219.4118473529816,2,650.4,28170.52734375,81917.765625
1220.4208328723907,2,3332.1,28886.22265625,81917.765625
1221.438827753067,2,3614.9,29085.31640625,81917.765625
1222.4508299827576,2,585.3,29384.83203125,81917.765625
1223.4588215351105,2,615.8,29626.91796875,81917.765625
1224.4672002792358,2,520.6,8518.53125,81917.765625
1225.4758245944977,2,2080.9,9489.17578125,81917.765625
1226.5308284759521,2,2772.4,12691.62890625,81917.765625
1227.5549194812775,2,4298.2,14322.0,81917.765625
1228.5758347511292,2,4527.7,17309.4921875,81917.765625
1229.6018333435059,2,4583.5,22076.875,81917.765625
1230.6386532783508,2,4354.6,17023.625,81917.765625
1231.6588253974915,2,4326.7,20211.9765625,81917.765625
1232.685837507248,2,4420.6,20416.14453125,81917.765625
1233.7107691764832,2,3293.4,20643.94921875,81917.765625
1234.738837480545,2,3165.1,21002.58984375,81917.765625
1235.7658307552338,2,3851.4,21683.01171875,81917.765625
1236.786827802658,2,2091.2,22272.37109375,81917.765625
1237.795181274414,2,1302.9,22318.3828125,81917.765625
1238.8038322925568,2,1825.1,22463.32421875,81917.765625
1239.822325706482,2,4262.2,22504.37890625,81917.765625
1240.833023071289,2,656.4,8418.3828125,83965.78125
1241.841507434845,2,630.8,9342.13671875,81917.765625
1242.8497631549835,2,1157.5,10067.50390625,81917.765625
1243.8784565925598,2,3557.4,11424.53515625,81917.765625
1244.8888375759125,2,3372.6,14905.71875,81917.765625
1245.9018261432648,2,4070.6,16424.796875,81917.765625
1246.923835992813,2,4328.1,17806.6640625,81917.765625
1247.9628338813782,2,4631.5,22361.625,81917.765625
1248.9888367652893,2,4578.3,27483.05078125,81917.765625
1250.0108411312103,2,4383.0,31071.07421875,81917.765625
1251.0378472805023,2,4045.8,21312.98046875,81917.765625
1252.0558354854584,2,4570.5,24813.62890625,81917.765625
1253.0707819461823,2,4233.1,25576.50390625,81917.765625
1254.0928270816803,2,4226.1,25968.83203125,81917.765625
1255.1138503551483,2,3017.2,26271.0703125,81917.765625
1256.141837835312,2,3578.1,26557.171875,81917.765625
1257.1708323955536,2,3438.0,26659.9609375,81917.765625
1258.1958260536194,2,3666.3,27193.96484375,81917.765625
1259.2128257751465,2,3385.2,28281.4609375,81917.765625
1260.230075120926,2,1236.2,29093.36328125,81917.765625
1261.238647222519,2,858.5,28983.578125,81917.765625
1262.2463018894196,2,1082.2,28960.1171875,81917.765625
1263.254424571991,2,1058.9,28992.15625,81917.765625
1264.2630717754364,2,1599.2,29224.08203125,81917.765625
1265.2718291282654,2,4022.3,29460.9921875,81917.765625
1266.283179283142,2,2336.7,29965.875,81917.765625
1267.289588689804,2,592.9,30136.21484375,81917.765625
1268.2966277599335,2,568.4,8545.9375,83965.78125
1269.3046827316284,2,730.1,9359.65234375,81917.765625
1270.312829732895,2,2071.4,9781.2265625,81917.765625
1271.3346002101898,2,2349.9,12595.65625,81917.765625
1272.346375465393,2,4305.7,15517.546875,81917.765625
1273.355829000473,2,4179.0,16215.19140625,81917.765625
1274.376840353012,2,4559.9,19676.17578125,81917.765625
1275.4267699718475,2,4637.4,24463.375,81917.765625
1276.452838420868,2,4518.6,29312.6640625,81917.765625
1277.47873878479,2,4077.9,23760.015625,81917.765625
1278.5008413791656,2,4283.4,23303.0546875,81917.765625
1279.5328271389008,2,4213.7,24963.1015625,81917.765625
1280.551694393158,2,4369.5,25174.34375,81917.765625
1281.5733270645142,2,3802.4,25513.86328125,81917.765625
1282.5808284282684,2,3053.3,25980.11328125,81917.765625
1283.6070919036865,2,3741.4,25980.43359375,81917.765625
1284.6178262233734,2,3160.0,26389.6796875,81917.765625
1285.6328284740448,2,3524.7,27603.33984375,81917.765625
1286.6530539989471,2,1930.5,28508.44140625,81917.765625
1287.6614274978638,2,825.8,28377.12890625,81917.765625
1288.6689131259918,2,1119.9,28321.61328125,81917.765625
1289.6761782169342,2,1031.3,28487.609375,81917.765625
1290.684824705124,2,1808.5,29020.0703125,81917.765625
1291.705825805664,2,4138.0,29024.078125,81917.765625
1292.7261590957642,2,1590.0,29404.11328125,81917.765625
1293.7342159748077,2,667.2,29656.23046875,81917.765625
1294.7429718971252,2,413.1,7695.08203125,81917.765625
1295.7523396015167,2,932.8,9530.6640625,81917.765625
1296.761827468872,2,2804.3,9772.7109375,81917.765625
1297.8066716194153,2,2443.1,13514.9296875,81917.765625
1298.8358268737793,2,4253.4,15747.05078125,81917.765625
1299.8578333854675,2,4272.3,16217.9453125,81917.765625
1300.8948378562927,2,4507.2,20691.12109375,81917.765625
1301.9208273887634,2,4614.0,25761.0390625,81917.765625
1302.9478356838226,2,4613.6,31189.515625,81917.765625
1303.9687292575836,2,3979.7,19840.50390625,81917.765625
1304.9828345775604,2,4480.9,23942.23828125,81917.765625
1305.9988379478455,2,4257.3,24943.5,81917.765625
1307.0248391628265,2,4304.9,25298.30078125,81917.765625
1308.045847415924,2,3289.2,25569.51953125,81917.765625
1309.0768384933472,2,3469.2,25906.05078125,81917.765625
1310.1078386306763,2,3310.6,25989.109375,81917.765625
1311.1368267536163,2,3755.8,26495.7421875,81917.765625
1312.1476106643677,2,3061.4,27622.78125,81917.765625
1313.1560752391815,2,1149.5,28415.625,81917.765625
1314.1651482582092,2,899.8,28285.96875,81917.765625
1315.173232793808,2,933.8,28426.546875,81917.765625
1316.181985616684,2,1029.8,28451.390625,81917.765625
1317.1918306350708,2,1630.0,28986.3046875,81917.765625
1318.2107622623444,2,4105.0,28866.96875,81917.765625
1319.2193093299866,2,1880.0,29359.75390625,81917.765625
1320.228304862976,2,628.8,29634.45703125,81917.765625
1321.2381937503815,2,453.9,9442.50390625,83965.78125
1322.2471108436584,2,918.6,9374.03515625,81917.765625
1323.2578253746033,2,2941.1,9668.8828125,81917.765625
1324.2888317108154,2,2306.1,13423.265625,81917.765625
1325.3098278045654,2,4274.6,15650.765625,81917.765625
1326.3298437595367,2,4263.5,16119.3359375,81917.765625
1327.3558375835419,2,4442.1,20749.40625,81917.765625
1328.3828332424164,2,4629.4,26531.19140625,81917.765625
1329.4098398685455,2,4563.6,31470.41015625,81917.765625
1330.4314348697662,2,4129.4,19826.96875,81917.765625
1331.4458348751068,2,4515.2,23934.33203125,81917.765625
1332.4658341407776,2,4228.5,24919.8203125,81917.765625
1333.4908287525177,2,4391.4,25223.59765625,81917.765625
1334.5118567943573,2,3392.8,25561.37109375,81917.765625
1335.6248400211334,2,3280.7,25861.83984375,81917.765625
1336.6515536308289,2,3317.5,25827.109375,81917.765625
1337.6600618362427,2,4043.2,26547.14453125,81917.765625
1338.6718323230743,2,2592.3,27697.59765625,81917.765625
1339.6828334331512,2,1237.0,28278.0078125,81917.765625
1340.6913440227509,2,911.2,28311.19921875,81917.765625
1341.699945449829,2,1154.0,28245.46484375,81917.765625
1342.709478855133,2,774.4,28448.4765625,81917.765625
1343.719826221466,2,2257.8,28777.14453125,81917.765625
1344.7325992584229,2,4118.0,28719.62890625,81917.765625
1345.7403869628906,2,1145.7,29348.703125,81917.765625
1346.7518458366394,2,712.6,29648.3984375,81917.765625
1347.7634921073914,2,343.0,7993.0625,81917.765625
1348.7723278999329,2,918.7,10057.02734375,81917.765625
1349.781830072403,2,2087.3,10169.8828125,81917.765625
1350.8366820812225,2,2661.4,12581.2578125,81917.765625
1351.8458406925201,2,4005.9,15751.234375,81917.765625
1352.8748257160187,2,4157.9,16832.296875,81917.765625
1353.9048352241516,2,4406.4,18344.203125,81917.765625
1354.9308335781097,2,4598.6,23343.16015625,81917.765625
1355.9552597999573,2,4543.1,27680.94921875,81917.765625
1356.98304104805,2,4283.8,32231.9765625,81917.765625
1358.0082540512085,2,3885.2,21055.8359375,81917.765625
1359.02583360672,2,4508.8,25154.5,81917.765625
1360.0458381175995,2,4255.4,26103.47265625,81917.765625
1361.0708403587341,2,4278.5,26429.01953125,81917.765625
1362.0918333530426,2,3368.9,26776.828125,81917.765625
1363.1110780239105,2,2756.4,26923.71484375,81917.765625
1364.1202175617218,2,3924.5,26862.2890625,81917.765625
1365.1298251152039,2,2741.5,27144.7265625,81917.765625
1366.1414201259613,2,3715.6,28479.26953125,81917.765625
1367.1528236865997,2,2811.5,29333.1328125,81917.765625
1368.1596360206604,2,903.3,29607.0859375,81917.765625
1369.1681196689606,2,951.6,29538.90234375,81917.765625
1370.1788284778595,2,1260.2,29500.62890625,81917.765625
1371.1953222751617,2,749.1,29482.5859375,81917.765625
1372.2038304805756,2,2824.6,30042.8984375,81917.765625
1373.2164313793182,2,4118.8,29979.125,81917.765625
1374.2303745746613,2,1277.4,30536.390625,81917.765625
1375.2393567562103,2,655.6,30816.55078125,81917.765625
1376.247569322586,2,393.3,7717.9375,81917.765625
1377.257830619812,2,2207.4,8632.33203125,81917.765625
1378.3008263111115,2,3384.2,11314.99609375,81917.765625
1379.3212668895721,2,4524.4,14983.8828125,81917.765625
1380.3480100631714,2,4449.0,14393.6640625,81917.765625
1381.3618330955505,2,4213.4,15233.35546875,81917.765625
1382.3814187049866,2,2641.6,15526.73046875,81917.765625
1383.3883278369904,2,3703.0,16361.625,81917.765625
1384.396388053894,2,1314.7,16684.76953125,81917.765625
1385.40682888031,2,2292.2,16886.44921875,81917.765625
1386.4250481128693,2,2348.6,17206.7890625,81917.765625
1387.4314377307892,2,731.8,8425.2421875,81917.765625
1388.440059185028,2,2356.5,9400.48828125,81917.765625
1389.4486570358276,2,3705.7,11619.20703125,81917.765625
1390.4608325958252,2,4621.0,15819.34375,81917.765625
1391.4866330623627,2,4301.7,14842.83984375,81917.765625
1392.4942593574524,2,3904.6,15192.8828125,81917.765625
1393.50408411026,2,2919.6,15288.79296875,81917.765625
1394.5178260803223,2,3577.8,16462.61328125,81917.765625
1395.5340673923492,2,1135.7,16423.609375,81917.765625
1396.5427768230438,2,2807.4,16596.29296875,81917.765625
1397.5543551445007,2,1703.6,16921.36328125,81917.765625
1398.565571308136,2,536.7,8703.50390625,81917.765625
1399.573627948761,2,866.6,10067.66796875,81917.765625
1400.5828289985657,2,3386.7,10194.6015625,81917.765625
1401.6148347854614,2,2176.2,13486.1171875,81917.765625
1402.6328279972076,2,4184.8,16572.8203125,81917.765625
1403.655897140503,2,4248.3,17013.01953125,81917.765625
1404.670833826065,2,4467.7,19586.76953125,81917.765625
1405.6988372802734,2,4561.1,23953.70703125,81917.765625
1406.7285299301147,2,4574.1,29700.46484375,81917.765625
1407.752834558487,2,4413.1,30779.2265625,81917.765625
1408.7768437862396,2,4139.7,21756.0078125,81917.765625
1409.8035364151,2,4350.0,25909.3359375,81917.765625
1410.8153421878815,2,4442.5,26092.53515625,81917.765625
1411.838595867157,2,4177.4,26461.8828125,81917.765625
1412.8581342697144,2,2830.1,26688.44921875,81917.765625
1413.8668417930603,2,3409.6,27047.6484375,81917.765625
1414.8938324451447,2,3450.4,27045.2109375,81917.765625
1415.9195759296417,2,3597.9,27467.5703125,81917.765625
1416.9338245391846,2,3494.6,28699.234375,81917.765625
1417.9540498256683,2,1801.5,29513.140625,81917.765625
1418.9614284038544,2,662.4,29635.859375,81917.765625
1419.9706988334656,2,908.4,29440.94140625,81917.765625
1420.9782996177673,2,1311.1,29441.6328125,81917.765625
1421.9874362945557,2,667.7,29498.89453125,81917.765625
1422.9967811107635,2,3183.6,30016.77734375,81917.765625
1424.0118463039398,2,4131.8,30063.88671875,81917.765625
1425.0209441184998,2,808.3,30528.7265625,81917.765625
1426.0292177200317,2,769.6,30857.24609375,81917.765625
1427.0375504493713,2,280.4,8004.65234375,81917.765625
1428.0468308925629,2,971.7,9623.4375,81917.765625
1429.0558242797852,2,3060.8,9829.82421875,81917.765625
1430.1057331562042,2,2380.5,13569.25,81917.765625
1431.130829334259,2,4208.6,15800.83984375,81917.765625
1432.1518349647522,2,4354.5,16277.453125,81917.765625
1433.1765196323395,2,4520.6,20767.94140625,81917.765625
1434.20383477211,2,4589.4,25504.9453125,81917.765625
1435.2298293113708,2,4507.1,30679.875,81917.765625
1436.2728254795074,2,4029.0,19640.4296875,81917.765625
1437.2858397960663,2,4456.8,23837.8515625,81917.765625
1438.3088364601135,2,4172.3,24852.5703125,81917.765625
1439.3338270187378,2,4285.5,25185.67578125,81917.765625
1440.3548440933228,2,3349.9,25512.95703125,81917.765625
1441.3826806545258,2,3387.8,25834.171875,81917.765625
1442.4108335971832,2,3434.8,25947.046875,81917.765625
1443.441739320755,2,3558.1,26411.7109375,81917.765625
1444.4530763626099,2,3251.1,27572.234375,81917.765625
1445.461489200592,2,1198.5,28290.64453125,81917.765625
1446.4702982902527,2,994.3,28252.765625,81917.765625
1447.481150150299,2,1185.3,28336.04296875,81917.765625
1448.4977312088013,2,831.2,28332.28515625,81917.765625
1449.509510755539,2,2966.4,28749.62890625,81917.765625
1450.5212275981903,2,3952.4,29072.53515625,81917.765625
1451.5296275615692,2,754.5,29428.5546875,81917.765625
1452.542264699936,2,674.2,29709.85546875,81917.765625
1453.5507657527924,2,337.3,8535.3671875,81917.765625
1454.5587284564972,2,882.0,9979.42578125,81917.765625
1455.5688245296478,2,3234.2,10117.875,81917.765625
1456.6198289394379,2,2205.7,13424.41015625,81917.765625
1457.6378288269043,2,4213.7,16529.03125,81917.765625
1458.65882730484,2,4326.0,16950.40234375,81917.765625
1459.6798419952393,2,4464.7,20205.5,81917.765625
1460.7071797847748,2,4566.7,24256.84375,81917.765625
1461.7347729206085,2,4501.4,28937.1171875,81917.765625
1462.7628374099731,2,4316.0,31583.04296875,81917.765625
1463.7839336395264,2,4065.1,21665.99609375,81917.765625
1464.8114590644836,2,4486.0,25585.48046875,81917.765625
1465.8218367099762,2,4260.6,26007.4296875,81917.765625
1466.8489656448364,2,4267.8,26423.2578125,81917.765625
1467.8670568466187,2,2770.4,26743.1171875,81917.765625
1468.8768379688263,2,3183.9,27046.9765625,81917.765625
1469.9079353809357,2,3432.0,27001.375,81917.765625
1470.919896364212,2,3262.5,27355.9296875,81917.765625
1471.9298293590546,2,3622.4,28548.9296875,81917.765625
1472.9505383968353,2,2285.5,29573.66796875,81917.765625
1473.9593715667725,2,755.8,29548.296875,81917.765625
1474.9675886631012,2,838.3,29521.21875,81917.765625
1475.9768295288086,2,1349.2,29417.4375,81917.765625
1476.99183177948,2,713.8,29379.01953125,81917.765625
1478.0008289813995,2,3223.3,29887.609375,81917.765625
1479.0079400539398,2,4076.7,29906.44921875,81917.765625
1480.0156366825104,2,802.1,30512.62890625,81917.765625
1481.0241763591766,2,842.5,30861.76171875,81917.765625
1482.0331857204437,2,287.8,8101.484375,81917.765625
1483.0409586429596,2,958.5,9615.875,81917.765625
1484.0498316287994,2,3140.4,9827.1640625,81917.765625
1485.0868678092957,2,2383.2,13573.8203125,81917.765625
1486.1068274974823,2,4221.4,15797.375,81917.765625
1487.1278381347656,2,4253.7,16263.58203125,81917.765625
1488.1528415679932,2,4589.4,20946.5546875,81917.765625
1489.178834438324,2,4601.9,25767.26953125,81917.765625
1490.2008378505707,2,4540.2,30692.84375,81917.765625
1491.2268271446228,2,4094.0,19624.73046875,81917.765625
1492.2415766716003,2,4518.8,23249.53125,81917.765625
1493.254836320877,2,4214.5,24818.08203125,81917.765625
1494.2758378982544,2,4324.7,25146.78125,81917.765625
1495.3015654087067,2,3210.5,25434.48046875,81917.765625
1496.3088402748108,2,3247.7,25817.203125,81917.765625
1497.335797071457,2,3547.8,25804.46484375,81917.765625
1498.3458263874054,2,3767.3,26364.265625,81917.765625
1499.3574180603027,2,3307.1,27493.4296875,81917.765625
1500.3668353557587,2,1211.5,28313.35546875,81917.765625
1501.375360250473,2,848.8,28335.30078125,81917.765625
1502.39213681221,2,1032.2,28440.15234375,81917.765625
1503.4036192893982,2,1052.4,28339.05859375,81917.765625
1504.4128277301788,2,2151.0,28803.0859375,81917.765625
1505.4327597618103,2,4089.6,28752.0703125,81917.765625
1506.4438812732697,2,1278.5,29309.73046875,81917.765625
1507.4527208805084,2,665.8,29597.921875,81917.765625
1508.4620697498322,2,392.1,7847.78125,81917.765625
1509.4694883823395,2,1002.3,9458.375,81917.765625
1510.4788279533386,2,3125.3,9702.72265625,81917.765625
1511.5158324241638,2,2371.0,13437.99609375,81917.765625
1512.5368311405182,2,4195.5,15668.87890625,81917.765625
1513.5578405857086,2,4317.1,16146.91796875,81917.765625
1514.5828380584717,2,4590.5,20467.77734375,81917.765625
1515.6088376045227,2,4608.3,25621.484375,81917.765625
1516.63631939888,2,4519.0,30445.296875,81917.765625
1517.6638281345367,2,4019.3,19560.88671875,81917.765625
1518.6818490028381,2,4536.8,23190.8828125,81917.765625
1519.6958363056183,2,4243.3,24750.30078125,81917.765625
1520.716831445694,2,4209.1,25095.47265625,81917.765625
1521.737811088562,2,3342.5,25423.12890625,81917.765625
1522.7458362579346,2,3146.4,25785.68359375,81917.765625
1523.7756159305573,2,3678.3,25845.09765625,81917.765625
1524.784829378128,2,3685.7,26337.28515625,81917.765625
1525.7968311309814,2,3308.2,27456.0390625,81917.765625
1526.8101575374603,2,1238.8,28239.79296875,81917.765625
1527.8183662891388,2,817.4,28301.3125,81917.765625
1528.8264393806458,2,1014.4,28412.22265625,81917.765625
1529.835875749588,2,1121.4,28292.64453125,81917.765625
1530.8448259830475,2,2265.8,28737.1875,81917.765625
1531.8638265132904,2,4095.7,28715.171875,81917.765625
1532.8828871250153,2,1153.4,29281.20703125,81917.765625
1533.8911354541779,2,753.7,29594.4453125,81917.765625
1534.9008247852325,2,352.1,7942.890625,81917.765625
1535.9090552330017,2,1039.3,9278.875,81917.765625
1536.9164988994598,2,3382.8,9974.5625,81917.765625
1537.925836801529,2,3048.7,13865.95703125,81917.765625
1538.9438259601593,2,4331.7,14659.0625,81917.765625
1539.9628348350525,2,4498.7,18465.28125,81917.765625
1540.9898335933685,2,4579.9,23325.0234375,81917.765625
1542.0178682804108,2,4428.6,17858.8125,81917.765625
1543.0418283939362,2,4373.8,20620.1796875,81917.765625
1544.0608396530151,2,4399.3,20805.625,81917.765625
1545.086849451065,2,3047.4,21054.5859375,81917.765625
1546.1188418865204,2,2985.4,21311.2109375,81917.765625
1547.1446604728699,2,3581.8,21712.26953125,81917.765625
1548.1541936397552,2,3094.9,22795.265625,81917.765625
1549.1631410121918,2,1127.9,22663.953125,81917.765625
1550.175649881363,2,1281.7,22649.515625,81917.765625
1551.188595533371,2,3280.6,22900.3515625,81917.765625
1552.2011375427246,2,2738.7,23058.19140625,81917.765625
1553.2143523693085,2,541.9,7912.8671875,81917.765625
1554.2235946655273,2,920.8,9631.67578125,81917.765625
1555.23082613945,2,2700.0,9838.28125,81917.765625
1556.272875547409,2,2381.8,12795.94140625,81917.765625
1557.2878296375275,2,4300.9,15819.15625,81917.765625
1558.3088343143463,2,4314.5,16290.96484375,81917.765625
1559.33083486557,2,4503.7,20388.015625,81917.765625
1560.3789389133453,2,4536.9,24925.50390625,81917.765625
1561.4048292636871,2,4640.5,30638.4296875,81917.765625
1562.4298949241638,2,3970.9,19525.42578125,81917.765625
1563.4415128231049,2,4484.8,23264.76171875,81917.765625
1564.4578342437744,2,4208.0,24822.34765625,81917.765625
1565.482827425003,2,4327.8,25139.25,81917.765625
1566.503161907196,2,3375.1,25453.99609375,81917.765625
1567.5118403434753,2,3264.9,25818.921875,81917.765625
1568.5422749519348,2,3365.3,25798.8125,81917.765625
1569.5710971355438,2,3750.3,26277.0,81917.765625
1570.585641860962,2,3497.7,27470.1875,81917.765625
1571.597165107727,2,1313.2,28252.27734375,81917.765625
1572.6059987545013,2,824.1,28319.765625,81917.765625
1573.6143469810486,2,1035.9,28316.60546875,81917.765625
1574.6231682300568,2,1004.9,28303.73046875,81917.765625
1575.6328349113464,2,1464.9,28401.08984375,81917.765625
1576.644826412201,2,3935.7,28674.4609375,81917.765625
1577.6555562019348,2,2119.1,29279.359375,81917.765625
1578.664878129959,2,589.9,29470.453125,81917.765625
1579.6735165119171,2,586.3,8435.08984375,83965.78125
1580.681545972824,2,729.6,9277.30078125,81917.765625
1581.6908249855042,2,2078.8,9684.6875,81917.765625
1582.7157299518585,2,2415.2,12501.26953125,81917.765625
1583.7278287410736,2,4265.8,15666.66796875,81917.765625
1584.7488317489624,2,4249.7,16129.9296875,81917.765625
1585.7698369026184,2,4501.9,20222.0390625,81917.765625
1586.7968292236328,2,4564.2,24564.73828125,81917.765625
1587.822893857956,2,4515.3,28905.2890625,81917.765625
1588.847272157669,2,4294.8,23212.80078125,81917.765625
1589.8728396892548,2,4257.5,23200.36328125,81917.765625
1590.9058282375336,2,4207.8,24853.8203125,81917.765625
1591.9268264770508,2,4432.0,25074.4375,81917.765625
1592.9458487033844,2,3609.0,25452.6171875,81917.765625
1593.95583319664,2,2984.7,25858.90234375,81917.765625
1594.9825432300568,2,3765.5,25857.80859375,81917.765625
1595.9928288459778,2,3492.8,26272.2421875,81917.765625
1597.0130252838135,2,3375.1,27477.203125,81917.765625
1598.0242829322815,2,1760.5,28408.46484375,81917.765625
1599.0335173606873,2,816.2,28306.71484375,81917.765625
1600.042969942093,2,1064.2,28459.359375,81917.765625
1601.0542545318604,2,1052.0,28318.265625,81917.765625
1602.0626764297485,2,1472.4,28543.328125,81917.765625
1603.071825504303,2,4033.7,28888.734375,81917.765625
1604.094116449356,2,2103.6,29260.42578125,81917.765625
1605.1011455059052,2,600.6,29477.9140625,81917.765625
1606.1134419441223,2,482.2,8887.71875,83965.78125
1607.1234726905823,2,731.7,9405.8125,81917.765625
1608.1328268051147,2,1846.3,9899.0703125,81917.765625
1609.1882855892181,2,2718.6,12255.2578125,81917.765625
1610.196830034256,2,4095.7,15223.15234375,81917.765625
1611.2118241786957,2,4144.5,16305.98828125,81917.765625
1612.2328372001648,2,4392.4,18701.35546875,81917.765625
1613.2608444690704,2,4610.9,23409.0,81917.765625
1614.2897810935974,2,4518.6,28112.25390625,81917.765625
1615.3164687156677,2,4376.2,30068.13671875,81917.765625
1616.3388390541077,2,4229.2,21164.37109375,81917.765625
1617.3648297786713,2,4153.2,25519.1875,81917.765625
1618.3878355026245,2,4607.4,25479.0390625,81917.765625
1619.4128322601318,2,4176.1,25925.2890625,81917.765625
1620.433841228485,2,3068.5,26220.24609375,81917.765625
1621.4666409492493,2,3349.4,26588.51953125,81917.765625
1622.4913709163666,2,3278.0,26489.78125,81917.765625
1623.4988267421722,2,4063.9,27270.4296875,81917.765625
1624.5112562179565,2,2732.9,28359.046875,81917.765625
1625.5199325084686,2,1221.4,29015.765625,81917.765625
1626.5302333831787,2,938.3,28860.37109375,81917.765625
1627.5379054546356,2,919.5,29033.94140625,81917.765625
1628.5470743179321,2,1092.5,29002.1328125,81917.765625
1629.5578246116638,2,1956.9,29410.21484375,81917.765625
1630.5698268413544,2,4140.1,29444.26953125,81917.765625
1631.5891950130463,2,1886.6,29826.99609375,81917.765625
1632.5978500843048,2,637.5,30081.5234375,81917.765625
1633.6064507961273,2,400.7,9025.88671875,83965.78125
1634.614530801773,2,1076.9,8864.09765625,81917.765625
1635.625824689865,2,2685.0,10417.27734375,81917.765625
1636.638828277588,2,4251.5,12352.54296875,81917.765625
1637.6598343849182,2,4551.0,16075.23046875,81917.765625
1638.6857080459595,2,4595.8,18256.21875,81917.765625
1639.7078320980072,2,4131.3,17480.17578125,81917.765625
1640.7268431186676,2,4373.2,17694.1875,81917.765625
1641.7428262233734,2,2575.1,18018.49609375,81917.765625
1642.7508261203766,2,3208.9,18152.65234375,81917.765625
1643.7645645141602,2,3835.5,19395.046875,81917.765625
1644.773537158966,2,1045.6,19208.73046875,81917.765625
1645.7843599319458,2,1173.5,19159.04296875,81917.765625
1646.7968258857727,2,4281.5,19311.2265625,81917.765625
1647.8079776763916,2,966.5,19742.88671875,81917.765625
1648.8156328201294,2,762.3,8865.38671875,81917.765625
1649.8248219490051,2,2499.6,9420.79296875,81917.765625
1650.8568551540375,2,2782.1,13046.8515625,81917.765625
1651.8728291988373,2,4261.8,14255.64453125,81917.765625
1652.8938386440277,2,4505.8,17626.859375,81917.765625
1653.9198310375214,2,4609.7,22988.36328125,81917.765625
1654.9458379745483,2,4361.4,17553.46484375,81917.765625
1655.9668250083923,2,4296.9,20113.90234375,81917.765625
1656.9878342151642,2,4404.0,20238.0078125,81917.765625
1658.012577533722,2,3266.2,20463.0546875,81917.765625
1659.0235295295715,2,2990.5,20772.93359375,81917.765625
1660.0368287563324,2,3766.4,21461.41796875,81917.765625
1661.0578274726868,2,2142.5,22048.8828125,81917.765625
1662.0726051330566,2,1390.2,22065.63671875,81917.765625
1663.0938272476196,2,1925.1,22143.26953125,81917.765625
1664.1110184192657,2,4090.7,22328.18359375,81917.765625
1665.1194772720337,2,645.0,8336.21484375,83965.78125
1666.127243757248,2,858.7,9033.3515625,81917.765625
1667.135766506195,2,2852.5,9675.97265625,81917.765625
1668.1448335647583,2,3010.4,13496.4921875,81917.765625
1669.1664168834686,2,4361.0,14099.25390625,81917.765625
1670.1878373622894,2,4527.5,18478.93359375,81917.765625
1671.203837633133,2,4457.5,23525.04296875,81917.765625
1672.2303292751312,2,4358.5,18763.24609375,81917.765625
1673.2538340091705,2,4428.8,19886.015625,81917.765625
1674.2784864902496,2,3668.8,20217.77734375,81917.765625
1675.287840604782,2,3457.0,20414.0,81917.765625
1676.3148257732391,2,2792.9,20502.3359375,81917.765625
1677.326825618744,2,4082.8,21578.63671875,81917.765625
1678.3355450630188,2,1268.3,21779.73046875,81917.765625
1679.3447444438934,2,1271.9,21724.125,81917.765625
1680.3538269996643,2,3357.0,21926.76171875,81917.765625
1681.3738310337067,2,2423.8,22158.05859375,81917.765625
1682.382440328598,2,537.5,8086.75390625,81917.765625
1683.390827178955,2,1505.8,9386.59375,81917.765625
1684.4478459358215,2,2902.3,11730.98046875,81917.765625
1685.4658269882202,2,4349.4,14021.21875,81917.765625
1686.4858357906342,2,4471.2,16169.3125,81917.765625
1687.5027105808258,2,4571.3,21086.671875,81917.765625
1688.5298340320587,2,4451.3,16430.8203125,81917.765625
1689.5478291511536,2,4290.2,19818.15625,81917.765625
1690.5666587352753,2,4378.1,20002.4296875,81917.765625
1691.5888483524323,2,3224.7,20219.96875,81917.765625
1692.6191403865814,2,3394.8,20468.54296875,81917.765625
1693.647833108902,2,3837.6,21127.00390625,81917.765625
1694.7335398197174,2,1968.2,21783.73828125,81917.765625
1695.7423350811005,2,1404.6,21643.41796875,81917.765625
1696.7505326271057,2,2123.4,21903.140625,81917.765625
1697.762178659439,2,3698.9,22118.83203125,81917.765625
1698.7735388278961,2,645.3,8967.43359375,83965.78125
1699.7821218967438,2,1014.7,9060.25,81917.765625
1700.7903480529785,2,2937.2,9957.4296875,81917.765625
1701.7967331409454,2,3210.0,13663.44921875,81917.765625
1702.8148345947266,2,4356.4,14261.5,81917.765625
1703.8406386375427,2,4533.4,18424.45703125,81917.765625
1704.866834640503,2,4576.7,24050.12109375,81917.765625
1705.8948369026184,2,4344.9,18890.18359375,81917.765625
1706.9248328208923,2,4409.7,20111.8515625,81917.765625
1707.9530973434448,2,3817.4,20470.9296875,81917.765625
1708.9618389606476,2,3240.6,20650.86328125,81917.765625
1709.992235660553,2,2868.4,20712.01953125,81917.765625
1711.005830526352,2,4174.8,21689.40234375,81917.765625
1712.0201354026794,2,1489.4,22169.6640625,81917.765625
1713.0285260677338,2,1401.6,21966.03125,81917.765625
1714.0358295440674,2,2622.3,22133.734375,81917.765625
1715.0463082790375,2,3254.3,22362.88671875,81917.765625
1716.0550284385681,2,594.0,9612.79296875,83965.78125
1717.0638284683228,2,1645.3,8761.7734375,81917.765625
1718.1200740337372,2,3309.5,11336.97265625,81917.765625
1719.1348333358765,2,4300.3,13074.34375,81917.765625
1720.1608362197876,2,4567.9,18203.4453125,81917.765625
1721.1878321170807,2,4334.2,15034.5625,81917.765625
1722.2078337669373,2,4397.3,17179.77734375,81917.765625
1723.2328550815582,2,3475.4,17570.31640625,81917.765625
1724.2420918941498,2,3371.9,17782.31640625,81917.765625
1725.2508263587952,2,3782.8,18573.140625,81917.765625
1726.2711408138275,2,1775.4,19040.3359375,81917.765625
1727.2775342464447,2,1263.3,18984.484375,81917.765625
1728.2838299274445,2,3364.4,19127.37890625,81917.765625
1729.2958300113678,2,1844.6,19461.85546875,81917.765625
1730.306825876236,2,777.5,8422.15625,81917.765625
1731.3152146339417,2,2560.9,8997.05859375,81917.765625
1732.323830127716,2,3285.4,12079.3671875,81917.765625
1733.3448383808136,2,4463.1,14668.03125,81917.765625
1734.371840953827,2,4524.0,19692.8203125,81917.765625
1735.3978707790375,2,4344.5,16617.984375,81917.765625
1736.4128267765045,2,4277.1,17467.72265625,81917.765625
1737.433849811554,2,3395.9,17763.12109375,81917.765625
1738.466284751892,2,3086.9,17958.609375,81917.765625
1739.4777374267578,2,3908.0,18835.484375,81917.765625
1740.4849200248718,2,1262.1,19271.83984375,81917.765625
1741.4960992336273,2,1230.8,19107.2578125,81917.765625
1742.506676197052,2,4043.7,19226.26953125,81917.765625
1743.516265153885,2,1230.7,19636.96875,81917.765625
1744.522781610489,2,975.6,8611.01171875,81917.765625
1745.533826828003,2,2505.9,10024.8671875,81917.765625
1746.5478246212006,2,4209.4,11528.6171875,81917.765625
1747.558836698532,2,4546.4,16739.98046875,81917.765625
1748.5893759727478,2,4181.8,15080.609375,81917.765625
1749.6008365154266,2,3825.4,15315.81640625,81917.765625
1750.6117174625397,2,2983.9,15509.19921875,81917.765625
1751.6206579208374,2,3585.1,16610.76953125,81917.765625
1752.6298353672028,2,1217.9,16581.33203125,81917.765625
1753.6378331184387,2,2546.8,16797.73046875,81917.765625
1754.6492760181427,2,2091.5,17074.6015625,81917.765625
1755.657529592514,2,1094.2,8069.09375,81917.765625
1756.6678273677826,2,2832.8,8629.41015625,81917.765625
1757.7018270492554,2,3054.4,13003.90625,81917.765625
1758.7228345870972,2,4405.9,13881.20703125,81917.765625
1759.749394416809,2,4507.2,13918.28125,81917.765625
1760.7638278007507,2,4250.5,16473.09765625,81917.765625
1761.7828402519226,2,3370.4,16676.625,81917.765625
1762.803729057312,2,2810.1,16934.625,81917.765625
1763.810656785965,2,3438.8,18041.38671875,82365.765625
1764.8221316337585,2,3655.0,19206.1328125,82365.765625
1765.8288252353668,2,1211.3,19112.72265625,82365.765625
1766.837825536728,2,4398.7,19411.546875,82365.765625
1767.8576893806458,2,1508.4,19680.03125,82365.765625
1768.8658845424652,2,1479.1,8436.9765625,82365.765625
1769.8754587173462,2,2664.5,9049.4921875,82365.765625
1770.8848285675049,2,3685.1,13303.7578125,82365.765625
1771.9058322906494,2,4513.0,14908.3671875,82365.765625
1772.9328300952911,2,4382.8,15094.015625,82365.765625
1773.9483487606049,2,4195.0,16586.08203125,82365.765625
1774.960833311081,2,3168.7,16854.90234375,82365.765625
1775.9858384132385,2,2923.4,17039.46875,82365.765625
1777.0006110668182,2,4241.8,18688.6328125,82365.765625
1778.024829864502,2,2674.6,19118.515625,82365.765625
1779.0336062908173,2,2332.5,19349.76953125,82365.765625
1780.046344280243,2,3842.3,19571.26953125,82365.765625
1781.0541777610779,2,651.8,8939.578125,84413.78125
1782.0621252059937,2,2064.8,8783.62890625,82365.765625
1783.072292804718,2,3068.1,11639.421875,82365.765625
1784.0868287086487,2,4275.4,13370.83984375,82365.765625
1785.1078379154205,2,4525.6,17072.8984375,82365.765625
1786.1348299980164,2,4247.1,16523.12890625,82365.765625
1787.1558463573456,2,3681.4,16722.62890625,82365.765625
1788.182323217392,2,2899.5,16959.8203125,82365.765625
1789.190826177597,2,3582.6,17720.7109375,82365.765625
1790.202973127365,2,4078.6,18848.48828125,82365.765625
1791.2132318019867,2,1544.7,19054.7578125,82365.765625
1792.2248294353485,2,3621.0,19279.7734375,82365.765625
1793.2364177703857,2,2381.7,19584.01953125,82365.765625
1794.2485768795013,2,1005.5,8195.87890625,82365.765625
1795.2588274478912,2,2619.1,8818.97265625,82365.765625
1796.29483127594,2,3500.9,13145.4921875,82365.765625
1797.315836429596,2,4415.5,14192.58984375,82365.765625
1798.341835975647,2,4366.0,14129.87890625,82365.765625
1799.3548302650452,2,4254.6,16628.7734375,82365.765625
1800.3748500347137,2,3431.4,16835.0390625,82365.765625
1801.3978366851807,2,2759.6,17057.83203125,82365.765625
1802.4089193344116,2,4289.9,18452.87890625,82365.765625
1803.4163632392883,2,3038.2,19230.73046875,82365.765625
1804.4248344898224,2,1714.7,19509.0859375,82365.765625
1805.4428279399872,2,4489.8,19487.1953125,82365.765625
1806.4645824432373,2,824.1,8220.52734375,84413.78125
1807.4777677059174,2,1924.3,8781.9765625,82365.765625
1808.4878265857697,2,2418.8,10154.4921875,82365.765625
1809.499826669693,2,4337.2,13393.90625,82365.765625
1810.520837545395,2,4511.0,15977.12109375,82365.765625
1811.545310497284,2,4261.4,16313.30859375,82365.765625
1812.5596628189087,2,3701.3,16640.52734375,82365.765625
1813.5686950683594,2,3464.2,16703.1015625,82365.765625
1814.576830625534,2,3298.2,17358.33203125,82365.765625
1815.5868282318115,2,4235.4,18679.8828125,82365.765625
1816.6116769313812,2,1820.4,19057.8359375,82365.765625
1817.619354724884,2,3062.7,19255.22265625,82365.765625
1818.631323337555,2,2942.8,19455.0859375,82365.765625
1819.6396770477295,2,644.1,7991.27734375,82365.765625
1820.649837732315,2,2443.1,8811.53515625,82365.765625
1821.7016229629517,2,3644.8,12682.421875,82365.765625
1822.7128386497498,2,4288.0,13390.61328125,82365.765625
1823.737687587738,2,4455.3,16003.71484375,82365.765625
1824.75283741951,2,4284.0,16448.90625,82365.765625
1825.7778534889221,2,3501.0,16702.046875,82365.765625
1826.7888324260712,2,2967.0,16993.640625,82365.765625
1827.8144493103027,2,3827.1,17965.55859375,82365.765625
1828.8308267593384,2,3871.6,19136.78125,82365.765625
1829.8406145572662,2,1196.6,19072.11328125,82365.765625
1830.8478302955627,2,3989.8,19370.2265625,82365.765625
1831.859536409378,2,2002.2,19610.28125,82365.765625
1832.8678305149078,2,1346.2,8276.54296875,82365.765625
1833.8778283596039,2,2803.4,8781.9609375,82365.765625
1834.9278283119202,2,3479.3,13169.765625,82365.765625
1835.940839290619,2,4418.8,14617.89453125,82365.765625
1836.9676928520203,2,4530.1,15079.859375,82365.765625
1837.9828298091888,2,4184.4,16549.0078125,82365.765625
1839.004830121994,2,3144.3,16785.5859375,82365.765625
1840.024837732315,2,3045.2,17104.24609375,82365.765625
1841.0518476963043,2,4355.2,18685.75,82365.765625
1842.0722682476044,2,2655.9,19135.46875,82365.765625
1843.0788252353668,2,2103.6,19257.7734375,82365.765625
1844.090360879898,2,4237.6,19467.03125,82365.765625
1845.0988445281982,2,623.0,8658.625,84413.78125
1846.106823682785,2,2086.4,8724.66015625,82365.765625
1847.1168653964996,2,2762.8,11252.86328125,82365.765625
1848.1328294277191,2,4329.9,13363.58203125,82365.765625
1849.1538352966309,2,4565.3,16456.98046875,82365.765625
1850.1784167289734,2,4251.6,16383.30859375,82365.765625
1851.2008454799652,2,3627.0,16767.71484375,82365.765625
1852.231966972351,2,3116.4,16949.0546875,82365.765625
1853.2411556243896,2,3453.6,17539.0625,82365.765625
1854.2520563602448,2,4195.8,18790.09765625,82365.765625
1855.2635328769684,2,1783.7,19149.6640625,82365.765625
1856.2718260288239,2,3163.4,19393.60546875,82365.765625
1857.286327123642,2,2912.2,19571.59765625,82365.765625
1858.294324874878,2,724.2,8011.8203125,82365.765625
1859.3048326969147,2,2410.1,8804.96875,82365.765625
1860.337913274765,2,3652.4,12646.47265625,82365.765625
1861.348755121231,2,4257.2,13371.28125,82365.765625
1862.3745560646057,2,4464.8,15794.875,82365.765625
1863.392835855484,2,4297.0,16460.5078125,82365.765625
1864.4174437522888,2,3500.9,16739.71484375,82365.765625
1865.4338326454163,2,2733.9,17043.55078125,82365.765625
1866.4592278003693,2,3898.0,18003.01953125,82365.765625
1867.4708716869354,2,3695.2,19115.67578125,82365.765625
1868.4804606437683,2,1176.4,19076.40625,82365.765625
1869.4869289398193,2,4110.7,19378.83203125,82365.765625
1870.4991252422333,2,1892.1,19586.3828125,82365.765625
1871.5073182582855,2,1226.7,8231.0078125,82365.765625
1872.5188241004944,2,2718.3,8768.58984375,82365.765625
1873.5478329658508,2,3498.8,13149.71875,82365.765625
1874.5688345432281,2,4404.2,14427.0703125,82365.765625
1875.5958437919617,2,4494.0,14530.0625,82365.765625
1876.6098318099976,2,4224.1,16547.51953125,82365.765625
1877.630833864212,2,3227.7,16767.7265625,82365.765625
1878.6568422317505,2,3007.5,17068.953125,82365.765625
1879.6818294525146,2,4431.4,18601.640625,82365.765625
1880.6979780197144,2,2706.0,19144.19921875,82365.765625
1881.7078433036804,2,2015.2,19352.734375,82365.765625
1882.7223501205444,2,4404.9,19470.35546875,82365.765625
1883.7318706512451,2,627.9,8393.31640625,84413.78125
1884.7398962974548,2,2016.5,8689.859375,82365.765625
1885.7508342266083,2,2599.5,10854.8046875,82365.765625
1886.7678289413452,2,4317.4,13324.41796875,82365.765625
1887.7888360023499,2,4541.7,16427.13671875,82365.765625
1888.813113451004,2,4239.5,16328.5234375,82365.765625
1889.8358488082886,2,3652.0,16739.79296875,82365.765625
1890.8672082424164,2,3128.0,16894.10546875,82365.765625
1891.875682592392,2,3475.3,17543.03515625,82365.765625
1892.88782787323,2,4315.0,18791.57421875,82365.765625
1893.9112133979797,2,1560.3,19093.67578125,82365.765625
1894.9208297729492,2,3318.2,19333.35546875,82365.765625
1895.9355721473694,2,2599.3,19523.0703125,82365.765625
1896.9441463947296,2,807.2,8142.76171875,82365.765625
1897.954828262329,2,2538.5,8875.39453125,82365.765625
1899.009045124054,2,3553.3,13180.71875,82365.765625
1900.0308363437653,2,4364.6,13876.5,82365.765625
1901.0548348426819,2,4470.1,13913.16796875,82365.765625
1902.0698306560516,2,4244.6,16458.5625,82365.765625
1903.0801544189453,2,3475.4,16659.48828125,82365.765625
1904.088833808899,2,2752.0,16866.09765625,82365.765625
1905.1010429859161,2,4069.4,18096.1328125,82365.765625
1906.11483335495,2,3264.8,19038.640625,82365.765625
1907.1258311271667,2,1493.9,19048.5546875,82365.765625
1908.1428303718567,2,4368.5,19176.91796875,82365.765625
1909.1539814472198,2,1193.7,19567.99609375,82365.765625
1910.1659615039825,2,1680.5,8507.94921875,82365.765625
1911.175209760666,2,2260.9,9622.84375,82365.765625
1912.1848311424255,2,4175.6,13216.8671875,82365.765625
1913.2058353424072,2,4508.3,15475.1796875,82365.765625
1914.2318518161774,2,4509.4,16033.69921875,82365.765625
1915.2468328475952,2,3717.7,16648.24609375,82365.765625
1916.2589671611786,2,3345.8,16796.62890625,82365.765625
1917.2672181129456,2,3143.0,17266.3359375,82365.765625
1918.2788269519806,2,4422.8,18670.80078125,82365.765625
1919.30020236969,2,2064.5,19060.0390625,82365.765625
1920.3088281154633,2,2681.3,19246.28125,82365.765625
1921.3227257728577,2,3387.4,19510.953125,82365.765625
1922.331332206726,2,573.5,9667.42578125,84413.78125
1923.339869260788,2,2509.9,9798.97265625,82365.765625
1924.3588290214539,2,4283.4,11769.12890625,82365.765625
1925.3833360671997,2,4326.2,14285.015625,82365.765625
1926.4042978286743,2,3698.3,14592.30859375,82365.765625
1927.4137344360352,2,3269.3,15102.125,82365.765625
1928.4288380146027,2,3677.2,16351.5234375,82365.765625
1929.436826467514,2,2306.7,16552.265625,82365.765625
1930.4498839378357,2,2852.4,16728.859375,82365.765625
1931.4593315124512,2,1278.6,8593.05078125,82365.765625
1932.4668262004852,2,3338.9,11444.109375,82365.765625
1933.4888362884521,2,4414.2,13885.64453125,82365.765625
1934.51482796669,2,4203.8,14457.1875,82365.765625
1935.536833524704,2,3243.9,14826.46875,82365.765625
1936.5648300647736,2,3963.0,15856.80078125,82365.765625
1937.5818469524384,2,2154.4,16219.42578125,82365.765625
1938.5938293933868,2,3848.3,16213.43359375,82365.765625
1939.6050145626068,2,1028.0,9293.56640625,84413.78125
1940.6136031150818,2,2103.0,9128.90234375,82365.765625
1941.6268277168274,2,4275.1,11543.2265625,82365.765625
1942.6471400260925,2,4448.1,13775.5859375,82365.765625
1943.659847021103,2,3858.7,14465.484375,82365.765625
1944.6818449497223,2,3024.3,14839.18359375,82365.765625
1945.6938257217407,2,3900.5,16330.6796875,82365.765625
1946.7140061855316,2,2055.9,16236.6484375,82365.765625
1947.7253773212433,2,3205.8,16501.81640625,82365.765625
1948.7330434322357,2,939.6,8325.20703125,82365.765625
1949.7400619983673,2,3238.1,11101.5703125,82365.765625
1950.7487740516663,2,4325.4,13241.9140625,82365.765625
1951.7758281230927,2,4220.8,14180.8671875,82365.765625
1952.7958340644836,2,3155.7,14531.8828125,82365.765625
1953.821830034256,2,4038.5,15332.16015625,82365.765625
1954.8345785140991,2,2572.0,15997.65234375,82365.765625
1955.8438267707825,2,3256.6,16099.7421875,82365.765625
1956.8593666553497,2,1701.8,8130.11328125,84413.78125
1957.870825767517,2,2441.1,9082.75,82365.765625
1958.891265153885,2,3693.6,10157.8125,82365.765625
1959.9038274288177,2,3536.4,10616.48046875,82365.765625
1960.9150743484497,2,1446.9,8551.80859375,82365.765625
1961.9248263835907,2,3311.2,11436.48828125,82365.765625
1962.9458343982697,2,4385.3,13746.03515625,82365.765625
1963.9718325138092,2,4209.1,14294.53125,82365.765625
1964.9878315925598,2,3126.0,14599.38671875,82365.765625
1965.9978280067444,2,4030.7,15557.6328125,82365.765625
1967.0184288024902,2,2289.7,15971.7734375,82365.765625
1968.028338432312,2,3704.8,16014.9921875,82365.765625
1969.0403892993927,2,1237.1,8790.78515625,84413.78125
1970.0498263835907,2,2446.4,9743.46875,82365.765625
1971.061838388443,2,4282.8,11475.77734375,82365.765625
1972.074833393097,2,3455.8,12194.58984375,82365.765625
1973.0878405570984,2,3807.4,13086.06640625,82365.765625
1974.0998313426971,2,2502.9,13258.76953125,82365.765625
1975.1148459911346,2,1636.8,9679.59375,84413.78125
1976.1238281726837,2,2813.5,10183.734375,82365.765625
1977.1448285579681,2,4305.2,11891.34765625,82365.765625
1978.1668343544006,2,3288.4,12117.71484375,82365.765625
1979.1789321899414,2,3762.3,13116.296875,82365.765625
1980.1868305206299,2,3028.8,13060.625,82365.765625
1981.1986856460571,2,959.5,5249.36328125,75197.609375
1982.2053723335266,2,65.4,5028.81640625,75197.609375
1983.2145130634308,2,102.1,4901.50390625,75197.609375
