elapsed_time,nproc,cpu,mem_real,mem_virtual
3.647804260253906e-05,2,0.0,13.7109375,2078.68359375
1.0055596828460693,4,6.9,438.375,4201.98828125
2.012836217880249,4,100.2,615.76171875,4415.98828125
3.0209527015686035,4,99.1,611.96484375,4447.98828125
4.029563665390015,4,99.3,613.51171875,4447.98828125
5.036727428436279,4,100.2,614.3203125,4447.98828125
6.044990062713623,4,99.2,622.73828125,4495.98828125
7.053069591522217,4,100.0,614.9453125,4495.98828125
8.063490152359009,4,99.9,608.76171875,4495.98828125
9.074364185333252,4,100.0,618.9765625,4495.98828125
10.084375619888306,4,99.0,668.2421875,4495.98828125
11.094005346298218,4,99.9,716.23046875,4551.98828125
12.104669332504272,4,100.0,772.2421875,4615.98828125
13.114485502243042,4,99.9,822.2421875,4701.98828125
14.125025510787964,4,100.9,872.2421875,4701.98828125
15.13596248626709,4,99.0,926.2421875,4797.98828125
16.145840644836426,4,100.0,970.2421875,4797.98828125
17.155616760253906,2,0.0,132.39453125,146.41015625
18.166844606399536,2,0.0,301.8203125,3751.0703125
19.176788091659546,2,100.9,533.39453125,4729.1015625
20.187461376190186,2,99.1,501.39453125,4729.1015625
21.196125507354736,2,100.1,503.39453125,4729.1015625
22.205382347106934,2,100.0,505.39453125,4729.1015625
23.215824604034424,2,2028.1,1174.5390625,8740.546875
24.22782611846924,2,4761.0,1630.61328125,9210.546875
25.239829063415527,2,4769.5,2003.8203125,9653.046875
26.259831428527832,2,4770.1,2219.83203125,9901.546875
27.283998489379883,2,4771.1,2294.62890625,10012.546875
28.30847430229187,2,4764.6,2261.8671875,10061.53125
29.33282995223999,2,4766.2,2388.5234375,10234.53125
30.35745334625244,2,4764.1,2423.41796875,10317.53125
31.384909868240356,2,4764.8,2522.27734375,10467.53125
32.408273696899414,2,4767.9,2484.46875,10496.03125
33.43078279495239,2,4760.4,2583.15234375,10643.03125
34.45582842826843,2,4761.0,2668.25390625,10797.03125
35.47682499885559,2,4765.6,2646.1015625,10817.03125
36.50211238861084,2,4762.9,2698.24609375,10899.03125
37.52647399902344,2,4755.5,2785.75390625,11014.03125
38.55075526237488,2,4755.9,2784.125,11116.03125
39.57482552528381,2,4768.0,2789.08984375,11130.03125
40.59910750389099,2,4751.4,2793.796875,11180.03125
41.62384343147278,2,4754.9,2736.98046875,11230.03125
42.64882969856262,2,4753.7,2788.03125,11274.03125
43.66882634162903,2,4757.0,2844.0390625,11338.03125
44.69311451911926,2,4757.0,2880.47265625,11423.03125
45.70982813835144,2,4762.1,2912.57421875,11468.03125
46.73482799530029,2,4756.8,2873.73046875,11485.03125
47.75912547111511,2,4760.5,2925.33203125,11547.03125
48.78382992744446,2,4752.2,2924.44140625,11640.03125
49.80882430076599,2,4760.6,2977.03125,11726.03125
50.8338258266449,2,4757.7,3049.41796875,11876.03125
51.856823205947876,2,4760.2,3089.90625,11964.03125
52.8811891078949,2,4757.6,3080.265625,12008.03125
53.90183138847351,2,4756.4,3093.40234375,12108.03125
54.925128698349,2,4749.2,3014.9453125,12172.03125
55.94982647895813,2,4755.2,3045.0859375,12208.03125
56.97433304786682,2,4759.9,2970.21484375,12254.03125
57.995731353759766,2,4758.8,2968.265625,12330.03125
59.02082848548889,2,4755.4,3005.01171875,12398.03125
60.045825242996216,2,4759.4,3025.72265625,12398.03125
61.07027053833008,2,4746.0,3064.734375,12548.03125
62.09482979774475,2,4760.6,3082.84375,12590.03125
63.119576930999756,2,4754.1,3098.84375,12604.03125
64.14482378959656,2,4751.0,3104.00390625,12640.03125
65.16924810409546,2,4752.0,3127.30078125,12640.03125
66.19283127784729,2,4757.1,3096.609375,12668.03125
67.21821975708008,2,4753.7,3096.34375,12718.03125
68.24265766143799,2,4753.9,3178.15625,12730.03125
69.25982713699341,2,4752.1,3330.234375,12824.03125
70.28452825546265,2,4755.9,3323.37890625,12824.03125
71.30982303619385,2,4748.6,3351.640625,12884.03125
72.33082437515259,2,4757.6,3336.00390625,12904.03125
73.35515761375427,2,4747.9,3287.37890625,12918.03125
74.37941241264343,2,4747.1,3282.90625,12938.03125
75.40383410453796,2,4755.6,3261.88671875,12998.03125
76.42882966995239,2,4748.4,3219.80859375,13040.03125
77.45326781272888,2,4751.1,3212.2421875,13056.03125
78.47991847991943,2,4750.2,3217.1015625,13118.03125
79.50441002845764,2,4754.0,3198.58203125,13138.03125
80.52982449531555,2,4756.0,3203.71875,13198.03125
81.55082273483276,2,4749.9,3198.73828125,13212.03125
82.57526421546936,2,4751.5,3227.328125,13238.03125
83.59976696968079,2,4758.0,3231.8828125,13238.03125
84.62482762336731,2,4752.6,3213.234375,13238.03125
85.64926481246948,2,4755.0,3218.98828125,13272.03125
86.67383003234863,2,4761.8,3233.68359375,13284.03125
87.69849824905396,2,4754.7,3208.5546875,13284.03125
88.72382664680481,2,4749.2,3308.6015625,13384.03125
89.74840378761292,2,4756.2,3303.1875,13384.03125
90.77382731437683,2,4760.0,3269.2890625,13384.03125
91.7983603477478,2,4753.0,3245.5,13408.03125
92.82382583618164,2,4757.3,3262.80859375,13434.03125
93.84882950782776,2,4748.3,3210.23046875,13448.03125
94.87183570861816,2,4762.8,3386.48046875,13624.03125
95.89682507514954,2,4750.9,3585.078125,13788.03125
96.92116951942444,2,4753.7,3629.28515625,13812.03125
97.94582962989807,2,4757.3,3600.20703125,13954.03125
98.97082257270813,2,4746.1,3651.18359375,13986.03125
99.9952130317688,2,4749.2,3671.15234375,14002.03125
101.01958560943604,2,4759.6,3729.7421875,14026.03125
102.04482698440552,2,4761.0,3742.578125,14026.03125
103.0692663192749,2,4751.5,3661.83984375,14026.03125
104.09382724761963,2,4757.5,3669.41796875,14026.03125
105.11826276779175,2,4754.0,3713.73046875,14026.03125
106.14282512664795,2,4765.6,3728.03515625,14054.03125
107.17065024375916,2,4758.9,3731.58984375,14074.03125
108.19211411476135,2,4760.0,3696.79296875,14074.03125
109.21682643890381,2,4761.5,3681.45703125,14074.03125
110.24183225631714,2,4752.8,3807.58984375,14174.03125
111.26684069633484,2,4759.2,3800.859375,14174.03125
112.29122519493103,2,4752.5,3740.390625,14174.03125
113.3175961971283,2,4756.1,3737.1015625,14174.03125
114.3438229560852,2,4753.9,3853.0234375,14278.03125
115.36832785606384,2,4756.6,3808.921875,14328.03125
116.39171504974365,2,4760.3,3765.7265625,14328.03125
117.41519904136658,2,4756.0,3729.21484375,14328.03125
118.43982720375061,2,4760.4,3716.34375,14328.03125
119.46481895446777,2,4755.3,3754.640625,14328.03125
120.48947548866272,2,4750.0,3788.65234375,14328.03125
121.51481986045837,2,4758.5,3789.41796875,14332.03125
122.53924512863159,2,4752.0,4125.8984375,14648.03125
123.56383490562439,2,4758.1,4221.96875,14838.03125
124.58926272392273,2,4755.8,4270.53125,14862.03125
125.61366772651672,2,4752.3,4308.01953125,14876.03125
126.63382744789124,2,4753.0,4290.15234375,14876.03125
127.65909028053284,2,4746.3,4424.65234375,14876.03125
128.68383526802063,2,4758.1,4446.3671875,14900.03125
129.7092878818512,2,4732.6,4436.02734375,14900.03125
130.73482513427734,2,4744.1,4548.4375,15010.03125
131.75934386253357,2,4740.2,4553.55859375,15010.03125
132.7838249206543,2,4756.2,4541.46484375,15010.03125
133.80833792686462,2,4744.3,4591.01171875,15010.03125
134.83382391929626,2,4746.2,4535.33203125,15030.03125
135.858145236969,2,4746.7,4514.109375,15054.03125
136.88282895088196,2,4756.5,4462.04296875,15078.03125
137.90734124183655,2,4757.2,4395.44140625,15078.03125
138.93182277679443,2,4755.6,4438.36328125,15108.03125
139.9568178653717,2,4753.6,4615.83984375,15156.03125
140.98127698898315,2,4748.9,4664.375,15244.03125
142.00582265853882,2,4754.4,4553.03125,15244.03125
143.03081917762756,2,4752.5,4598.2421875,15268.03125
144.05517530441284,2,4740.3,4558.61328125,15296.03125
145.07182097434998,2,4745.0,4638.99609375,15340.03125
146.09683203697205,2,4752.3,4649.3203125,15340.03125
147.12161993980408,2,4751.5,4657.671875,15364.03125
148.14682292938232,2,4745.0,4594.015625,15364.03125
149.17121839523315,2,4746.2,4537.9140625,15364.03125
150.19682598114014,2,4747.8,4459.4296875,15364.03125
151.22137308120728,2,4751.4,4535.078125,15392.03125
152.2459168434143,2,4757.9,4513.90625,15392.03125
153.27082872390747,2,4745.0,4430.98046875,15392.03125
154.29539895057678,2,4746.1,4522.38671875,15452.03125
155.3208281993866,2,4757.7,4570.56640625,15516.03125
156.34541130065918,2,4745.0,4576.63671875,15540.03125
157.37082767486572,2,4761.2,4620.328125,15540.03125
158.3953411579132,2,4753.1,4552.94140625,15540.03125
159.41970038414001,2,4758.7,4514.2578125,15540.03125
160.44413876533508,2,4746.8,4491.0234375,15540.03125
161.46882486343384,2,4752.5,4590.12890625,15540.03125
162.49382543563843,2,4752.2,4514.12890625,15540.03125
163.51813888549805,2,4747.8,4468.6640625,15540.03125
164.54282665252686,2,4754.7,4435.68359375,15560.03125
165.56728172302246,2,4741.6,4414.90234375,15560.03125
166.59183025360107,2,4742.1,4450.4609375,15560.03125
167.6168212890625,2,4748.8,4445.671875,15560.03125
168.6418218612671,2,4751.8,4452.2578125,15560.03125
169.67064595222473,2,4747.9,4460.8125,15584.03125
170.69382905960083,2,4748.2,4447.51171875,15608.03125
171.71826219558716,2,4737.9,4502.81640625,15632.03125
172.74382615089417,2,4750.7,4493.1328125,15656.03125
173.7682774066925,2,4741.8,4589.84375,15728.03125
174.7927486896515,2,4750.5,4612.41796875,15764.03125
175.81782221794128,2,4745.9,4610.796875,15792.03125
176.84383273124695,2,4752.5,4601.52734375,15792.03125
177.87110209465027,2,4752.4,4703.4765625,15792.03125
178.90382838249207,2,4755.1,4951.65234375,15792.03125
179.9288239479065,2,4756.9,4990.01953125,15820.03125
180.95382618904114,2,4748.6,4978.953125,15834.03125
181.97843289375305,2,4753.4,5149.52734375,15850.03125
183.00282740592957,2,4751.0,5030.4296875,15850.03125
184.02782583236694,2,4760.3,5052.92578125,15850.03125
185.04082703590393,2,4753.3,5071.40625,15962.03125
186.0653212070465,2,4725.4,5198.82421875,16198.03125
187.08998036384583,2,4745.0,5181.171875,16198.03125
188.1146285533905,2,4743.5,5260.90625,16226.03125
189.1418285369873,2,4744.4,5271.44921875,16226.03125
190.17053174972534,2,4747.5,5238.98046875,16226.03125
191.19482398033142,2,4747.0,5243.0625,16274.03125
192.21951460838318,2,4743.5,5159.79296875,16274.03125
193.24382877349854,2,4745.0,5148.08984375,16346.03125
194.26935935020447,2,4750.0,5240.91796875,16450.03125
195.29373955726624,2,4740.9,5450.21484375,16566.03125
196.3108344078064,2,4739.0,5645.3984375,16726.03125
197.33707809448242,2,4752.9,5562.828125,16726.03125
198.36038088798523,2,4747.3,5625.046875,16758.03125
199.3838243484497,2,4748.5,5548.0078125,16758.03125
200.40882635116577,2,4751.4,5579.12890625,16818.03125
201.4342691898346,2,4746.1,5614.83984375,16818.03125
202.45865845680237,2,4740.8,5614.609375,16818.03125
203.48382186889648,2,4753.3,5616.2421875,16818.03125
204.50816011428833,2,4737.3,5549.328125,16818.03125
205.5323610305786,2,4738.0,5487.375,16818.03125
206.5578944683075,2,4727.4,5451.8203125,16846.03125
207.5708248615265,2,4743.6,5448.609375,16846.03125
208.59082436561584,2,4743.4,5493.4296875,16886.03125
209.61382627487183,2,4745.6,5713.703125,17060.03125
210.63827228546143,2,4731.4,5603.1484375,17060.03125
211.66268682479858,2,4746.9,5506.43359375,17060.03125
212.6867048740387,2,4747.0,5450.21484375,17060.03125
213.711829662323,2,4750.5,5409.22265625,17060.03125
214.73610711097717,2,4743.8,5387.10546875,17060.03125
215.74882626533508,2,4752.3,5901.8203125,17320.03125
216.773357629776,2,4719.3,6218.94921875,17720.03125
217.79882764816284,2,4739.2,6796.09765625,18216.03125
218.8233551979065,2,4727.6,7346.1953125,19006.03125
219.84782361984253,2,4733.5,7971.1484375,19588.03125
220.87254810333252,2,4742.7,8258.171875,19796.03125
221.89782881736755,2,4742.9,8571.92578125,20180.03125
222.92220902442932,2,4736.3,8573.328125,20208.03125
223.94581985473633,2,4741.3,8543.6953125,20264.03125
224.9708263874054,2,4743.1,8825.16015625,20480.03125
225.99529314041138,2,4743.2,9010.1640625,20568.03125
227.02053332328796,2,4735.7,9081.51953125,20616.03125
228.0458242893219,2,4741.2,9172.99609375,20672.03125
229.07019209861755,2,4741.6,9034.21484375,20672.03125
230.09471988677979,2,4747.3,9034.15625,20672.03125
231.1188235282898,2,4741.3,9038.890625,20672.03125
232.14329504966736,2,4740.5,8942.48046875,20672.03125
233.167649269104,2,4746.5,8830.99609375,20672.03125
234.1928277015686,2,4736.5,8819.34765625,20672.03125
235.2172656059265,2,4749.1,8711.95703125,20672.03125
236.24282813072205,2,4753.9,8809.03125,20712.03125
237.26482558250427,2,4754.4,8747.35546875,20712.03125
238.2893407344818,2,4750.9,8915.84375,20816.03125
239.3138222694397,2,4751.9,8861.7734375,20816.03125
240.3405032157898,2,4746.9,8804.87109375,20816.03125
241.36498951911926,2,4747.7,8792.15234375,20836.03125
242.38982462882996,2,4745.3,8863.37109375,20836.03125
243.41725993156433,2,4743.6,8930.3515625,20836.03125
244.44048309326172,2,4749.4,8981.09375,20836.03125
245.4652454853058,2,4747.2,9049.62890625,20892.03125
246.49082827568054,2,4746.8,9157.1796875,21024.03125
247.51542711257935,2,4753.0,8998.0,21024.03125
248.5408275127411,2,4736.9,9108.44921875,21024.03125
249.5653977394104,2,4738.5,9083.57421875,21048.03125
250.59082674980164,2,4740.9,9050.7265625,21136.03125
251.614271402359,2,4733.4,9013.55078125,21160.03125
252.63865876197815,2,4744.7,8995.78515625,21188.03125
253.66318368911743,2,4749.4,9361.80078125,21438.03125
254.68782305717468,2,4748.2,9356.05859375,21650.03125
255.712828874588,2,4737.9,9258.54296875,21650.03125
256.7378263473511,2,4746.5,9275.18359375,21650.03125
257.7622253894806,2,4745.1,9260.7265625,21650.03125
258.7848253250122,2,4743.8,9233.3125,21650.03125
259.80482482910156,2,4758.6,9201.7578125,21650.03125
260.82982444763184,2,4749.1,9298.74609375,21650.03125
261.8568253517151,2,4745.2,9258.4609375,21650.03125
262.8909020423889,2,4755.5,9259.140625,21650.03125
263.91456484794617,2,4762.2,9244.0546875,21650.03125
264.9398195743561,2,4750.1,9242.046875,21678.03125
265.9643323421478,2,4745.2,9211.83203125,21682.03125
266.98982191085815,2,4749.4,9329.5234375,21786.03125
268.0143449306488,2,4744.0,9313.14453125,21786.03125
269.03982615470886,2,4744.0,9429.1171875,21790.03125
270.06454849243164,2,4744.8,9402.0546875,21818.03125
271.08882212638855,2,4765.1,9434.30859375,21818.03125
272.1138186454773,2,4758.8,9517.75,21922.03125
273.1388211250305,2,4740.6,9360.140625,21998.03125
274.16335344314575,2,4747.0,9362.48046875,21998.03125
275.1878309249878,2,4744.3,9353.9140625,21998.03125
276.21324038505554,2,4729.4,9530.87109375,22074.03125
277.2374758720398,2,4736.3,9303.8828125,22074.03125
278.262823343277,2,4736.5,9229.7421875,22074.03125
279.28734707832336,2,4740.9,9225.39453125,22102.03125
280.312824010849,2,4750.8,9188.9765625,22102.03125
281.3373529911041,2,4752.0,9053.7890625,22102.03125
282.36182022094727,2,4749.8,9221.4921875,22250.03125
283.38782358169556,2,4759.1,9227.83984375,22274.03125
284.4122517108917,2,4749.2,9258.4609375,22274.03125
285.43661403656006,2,4750.8,9088.828125,22274.03125
286.46182513237,2,4749.9,9008.171875,22274.03125
287.4863851070404,2,4740.0,9017.98046875,22302.03125
288.51182317733765,2,4751.8,8967.203125,22302.03125
289.5363471508026,2,4735.9,8976.76171875,22302.03125
290.5608386993408,2,4749.3,9053.00390625,22378.03125
291.58582854270935,2,4753.4,8991.8984375,22454.03125
292.61041283607483,2,4755.5,8871.85546875,22454.03125
293.6358256340027,2,4744.4,8914.78125,22530.03125
294.66051268577576,2,4734.7,8880.4765625,22530.03125
295.68182849884033,2,4748.8,8798.4140625,22530.03125
296.70657563209534,2,4753.8,8747.17578125,22530.03125
297.73102259635925,2,4185.6,8834.53515625,22530.03125
298.7430646419525,2,2973.8,8783.484375,22554.03125
299.75453996658325,2,2617.5,8630.48046875,22554.03125
300.76617527008057,2,2402.1,8560.96484375,22582.03125
301.7773585319519,2,2129.3,8398.4140625,22582.03125
302.78848099708557,2,2010.8,8286.98046875,22582.03125
303.7995376586914,2,1872.1,8119.0546875,22582.03125
304.8101122379303,2,1527.9,7933.0,22582.03125
305.8193111419678,2,1111.1,7922.4296875,22710.03125
306.82733130455017,2,930.5,7661.60546875,22710.03125
307.83540081977844,2,884.4,7600.83203125,22870.03125
308.84394931793213,2,804.3,7308.5390625,22870.03125
309.85225653648376,2,802.4,7104.22265625,22870.03125
310.86045575141907,2,714.2,6876.90625,23094.03125
311.8685417175293,2,703.6,6723.51953125,23094.03125
312.8762221336365,2,689.4,6500.15234375,23094.03125
313.884309053421,2,518.0,6364.37109375,23094.03125
314.8920352458954,2,402.7,6204.1640625,23094.03125
315.9003245830536,2,322.5,6342.25,23094.03125
316.9080584049225,2,306.8,6344.76953125,23094.03125
317.91520977020264,2,303.8,6159.58984375,23222.03125
318.92239332199097,2,305.6,6013.01171875,23222.03125
319.9301116466522,2,306.8,5927.0546875,23222.03125
320.93723487854004,2,308.4,5785.58984375,23222.03125
321.9455873966217,2,303.1,5847.375,23670.03125
322.95524883270264,2,304.0,5824.02734375,23670.03125
323.9651141166687,2,308.9,5505.12109375,23670.03125
324.97529792785645,2,304.7,5411.26171875,23670.03125
325.9860110282898,2,304.2,5314.59765625,23670.03125
326.99515748023987,2,304.2,5223.48046875,23670.03125
328.0044767856598,2,302.2,5276.0390625,23670.03125
329.0136995315552,2,304.0,5125.4765625,23670.03125
330.0235319137573,2,301.8,5033.3203125,23670.03125
331.03426933288574,2,302.1,5082.296875,23670.03125
332.0438814163208,2,302.3,4917.84765625,23670.03125
333.052983045578,2,300.9,4976.203125,23670.03125
334.06332874298096,2,302.1,5013.58984375,23670.03125
335.072833776474,2,300.7,5069.1953125,23670.03125
336.0837552547455,2,300.1,5062.1796875,23670.03125
337.0934491157532,2,302.9,4938.68359375,23670.03125
338.1036696434021,2,301.1,4897.17578125,23670.03125
339.1133408546448,2,302.8,4878.75390625,23670.03125
340.12394738197327,2,303.0,4819.7578125,23670.03125
341.1339225769043,2,302.0,4771.01953125,23670.03125
342.14401030540466,2,301.9,4721.79296875,23670.03125
343.15434527397156,2,300.0,4688.34375,23670.03125
344.16443943977356,2,301.1,4657.328125,23670.03125
345.1739287376404,2,300.9,4641.82421875,23670.03125
346.18421149253845,2,300.0,4617.66015625,23670.03125
347.19429302215576,2,300.0,4585.7265625,23670.03125
348.20425605773926,2,301.1,4574.078125,23670.03125
349.2138991355896,2,311.8,4461.921875,23670.03125
350.2240343093872,2,200.1,4475.1171875,23670.03125
351.2336049079895,2,201.0,4467.84765625,23670.03125
352.24326825141907,2,178.4,4358.88671875,23670.03125
353.252228975296,2,105.1,4330.9765625,23670.03125
354.2611403465271,2,105.1,4228.30078125,23670.03125
355.2699649333954,2,106.9,4115.7578125,23670.03125
356.2800281047821,2,107.8,4010.7890625,23670.03125
357.2907907962799,2,107.0,3868.07421875,23670.03125
358.30004239082336,2,105.0,3740.875,23670.03125
359.30919647216797,2,104.9,3575.08203125,23670.03125
360.3198916912079,2,102.9,3491.02734375,23670.03125
361.3301475048065,2,102.0,3425.0234375,23670.03125
362.33962082862854,2,101.9,3388.57421875,23670.03125
363.350439786911,2,101.1,3347.5078125,23670.03125
364.3596603870392,2,101.9,3301.3984375,23670.03125
365.3708162307739,2,373.6,2902.3671875,23670.03125
366.3900978565216,2,428.0,3208.05859375,23814.0390625
367.40167331695557,2,107.9,3105.65234375,23814.10546875
368.4123022556305,2,106.9,3072.140625,24022.12109375
369.4228687286377,2,342.5,3284.81640625,25334.12109375
370.4331765174866,2,1924.1,4266.515625,31478.203125
371.44398975372314,2,1475.5,6555.63671875,30966.1953125
372.4552025794983,2,1022.5,3690.26953125,38518.15234375
373.4658143520355,2,3507.3,4652.52734375,38518.15234375
374.48581552505493,2,4568.7,6437.8828125,38542.15234375
375.49825978279114,2,3276.5,6804.44921875,38542.15234375
376.50665402412415,2,2546.6,6848.99609375,38542.15234375
377.5173840522766,2,1176.8,4079.44921875,38542.15234375
378.52781677246094,2,3632.6,5735.078125,38542.15234375
379.5488181114197,2,4539.0,7496.03125,44686.15234375
380.56827449798584,2,3500.5,7639.68359375,44686.15234375
381.58981466293335,2,3807.7,8280.48046875,44686.15234375
382.6023111343384,2,1977.8,8362.234375,44686.15234375
383.6124904155731,2,3460.5,8430.3125,44686.15234375
384.6238272190094,2,1237.8,3333.90625,42638.12109375
385.649804353714,2,4785.0,3223.7890625,42638.12109375
386.66981625556946,2,4722.8,3156.8125,42638.12109375
387.6878139972687,2,4386.8,3266.08984375,42638.12109375
388.70581102371216,2,4739.9,3192.05078125,42638.12109375
389.7231743335724,2,2769.2,3303.91796875,44686.15234375
390.73143887519836,2,608.5,3132.41796875,42638.12109375
391.7388379573822,2,100.2,3113.3828125,42638.12109375
392.74643325805664,2,126.1,3299.26171875,42644.140625
393.75362062454224,2,99.1,3760.9375,42644.140625
394.76273918151855,2,101.2,4100.25390625,42644.140625
395.7701816558838,4,29.8,4354.5625,42912.93359375
396.77858686447144,4,100.2,4587.16015625,43165.2109375
397.78655910491943,4,100.1,4831.48046875,43425.24609375
398.7951364517212,4,100.1,5011.57421875,43617.81640625
399.8038444519043,4,100.2,5341.40625,43957.484375
400.81231236457825,4,100.3,5683.71875,44319.32421875
401.81928873062134,4,99.2,6045.96875,44681.421875
402.8272795677185,4,101.2,6407.46875,45043.1171875
403.83513498306274,4,99.3,6763.6015625,45404.69921875
404.8424518108368,4,100.2,7120.20703125,45767.5703125
405.8500587940216,4,99.0,7483.95703125,46131.21484375
406.86000514030457,4,100.1,7844.33203125,46491.63671875
407.868718624115,4,100.0,8206.58203125,46853.734375
408.87825632095337,4,100.0,8568.83203125,47215.9609375
409.8882305622101,4,100.1,8931.45703125,47578.703125
410.89769434928894,4,99.1,9288.45703125,47937.578125
411.9063529968262,4,101.1,9651.83203125,48300.8359375
412.91506838798523,4,100.0,10013.33203125,48662.8046875
413.9252223968506,4,99.1,10375.95703125,49025.41796875
414.9345498085022,4,100.1,10736.37109375,49386.484375
415.943683385849,4,100.0,11100.49609375,49750.90234375
416.95352125167847,4,100.0,11463.49609375,50113.90234375
417.9631323814392,4,99.1,11827.24609375,50477.67578125
418.97209882736206,4,101.0,12189.12109375,50839.2578125
419.9819643497467,4,99.1,12552.49609375,51202.7734375
420.9909529685974,4,100.0,12914.74609375,51565.12890625
422.0009226799011,4,100.1,13276.62109375,51926.96875
423.0097236633301,4,100.1,13637.37109375,52287.77734375
424.01902747154236,4,100.0,14001.12109375,52651.421875
425.02905011177063,4,100.0,14284.99609375,52935.2734375
426.03950023651123,4,99.0,14351.74609375,53002.17578125
427.04925632476807,4,100.0,14606.7421875,53334.85546875
428.05932211875916,4,100.0,14663.33203125,53313.36328125
429.0691041946411,5,0.0,4184.7265625,43149.79296875
430.08040475845337,5,99.9,4495.08984375,43409.62109375
431.0915470123291,2,19.8,3240.55859375,43330.45703125
432.1032865047455,2,494.0,3876.69140625,43668.1875
433.115389585495,2,2802.4,5048.47265625,47764.25
434.14080476760864,2,4784.0,5048.47265625,47764.25
435.164941072464,2,4730.9,5104.47265625,47764.25
436.1823103427887,2,868.4,5759.5,49812.28125
437.18977785110474,2,99.2,6175.453125,49812.28125
438.19802832603455,4,88.3,6520.8828125,49931.55078125
439.20584321022034,4,101.1,6872.32421875,50283.078125
440.2144582271576,4,99.1,7223.32421875,50634.08984375
441.2232131958008,4,101.2,7568.69921875,50979.30078125
442.2310857772827,4,99.2,7921.18359375,51332.00390625
443.2387557029724,4,100.2,8272.93359375,51683.66015625
444.24711751937866,4,99.2,8607.05859375,52017.65625
445.2546808719635,4,101.2,8943.05859375,52354.6171875
446.2624373435974,4,100.2,9272.68359375,52684.1015625
447.27039194107056,4,99.2,9597.6484375,53009.10546875
448.27807784080505,4,100.0,9940.7734375,53352.51171875
449.2882821559906,4,100.0,10290.6484375,53702.36328125
450.29840636253357,4,100.0,10679.1484375,54090.5
451.3084797859192,4,100.0,11064.2734375,54475.9296875
452.3185033798218,4,100.0,11450.8984375,54862.26171875
453.3284647464752,4,99.0,11837.5234375,55248.98046875
454.33828496932983,4,101.0,12225.2734375,55636.73046875
455.3483028411865,4,100.1,12607.6796875,56021.90234375
456.3570520877838,4,99.0,12996.1796875,56410.5546875
457.36728143692017,4,100.1,13382.8046875,56797.14453125
458.37603521347046,4,100.0,13771.3046875,57185.5390625
459.3860399723053,4,100.0,14157.1796875,57571.2265625
460.3962953090668,4,100.1,14544.1796875,57958.203125
461.40520215034485,4,100.1,14930.8046875,58345.1796875
462.41424226760864,4,100.1,15315.0078125,58732.02734375
463.42319774627686,4,99.0,15701.2578125,59118.1015625
464.4332239627838,4,100.1,16089.0078125,59505.98046875
465.4425311088562,4,100.1,16475.6328125,59892.69921875
466.4518852233887,4,100.0,16863.7578125,60280.70703125
467.4615559577942,4,100.1,17248.1328125,60665.36328125
468.4710114002228,4,99.1,17636.2578125,61053.11328125
469.48024725914,4,100.0,18022.5078125,61439.703125
470.4898257255554,4,100.0,18410.6328125,61827.83984375
471.49983763694763,4,100.0,18795.7578125,62213.01171875
472.50959873199463,4,100.0,19182.7578125,62599.6015625
473.51921701431274,4,99.0,19458.3828125,62875.58984375
474.52957916259766,4,100.9,19516.5078125,62933.7265625
475.54045581817627,4,100.0,19516.5078125,62933.7265625
476.55050110816956,4,99.9,19516.5078125,62933.7265625
477.5611753463745,4,100.0,19544.05078125,62962.9453125
478.57133769989014,4,99.9,19953.65234375,63502.6328125
479.58262848854065,4,100.0,20135.01171875,63662.58203125
480.59252429008484,4,99.0,20155.01171875,63662.58203125
481.6031074523926,4,99.9,6405.87109375,49819.49609375
482.61363410949707,5,0.0,6944.1171875,50701.5390625
483.62373423576355,5,100.0,7287.50390625,51063.796875
484.6341903209686,2,1.0,6401.23046875,50005.12890625
485.64406156539917,2,99.9,5453.2734375,50517.16015625
486.6547040939331,2,99.9,6298.265625,50005.12890625
487.66573095321655,2,799.3,6839.140625,50005.12890625
488.6777765750885,2,209.0,6988.85546875,50005.12890625
489.68732929229736,2,241.3,7193.6796875,50033.12890625
490.69856119155884,2,1802.0,9349.56640625,50033.12890625
491.7098488807678,2,2718.4,13134.2578125,50033.12890625
492.7304644584656,2,4591.0,13391.26171875,50033.12890625
493.75397062301636,2,4621.1,13431.1484375,50033.12890625
494.76623344421387,2,3918.6,14533.3359375,50033.12890625
495.7743844985962,2,3946.0,14667.0234375,50033.12890625
496.7848174571991,2,3767.3,15367.6875,50033.12890625
497.79277181625366,2,2261.0,15231.56640625,50033.12890625
498.7993514537811,2,2944.2,15191.359375,50033.12890625
499.80931091308594,2,1511.3,7668.0,50033.12890625
500.8175280094147,2,784.6,7950.30859375,50033.12890625
501.8244459629059,2,239.3,7868.7734375,50033.12890625
502.83142709732056,2,907.6,7586.15234375,50033.12890625
503.839462518692,2,1325.9,7372.23828125,50033.12890625
504.8468563556671,2,2733.1,12762.921875,50033.12890625
505.8724887371063,2,4509.5,13055.8984375,50033.12890625
506.88381481170654,2,4610.1,13484.79296875,50033.12890625
507.89464569091797,2,3911.6,14448.546875,50033.12890625
508.9077858924866,2,3524.7,14671.125,50033.12890625
509.91803908348083,2,3309.5,15244.44921875,50033.12890625
510.9272825717926,2,1937.2,15190.08984375,50033.12890625
511.9373676776886,2,3669.1,15148.046875,50033.12890625
512.9477756023407,2,867.2,8251.1015625,50257.12890625
513.9568502902985,2,1296.9,8135.796875,50257.12890625
514.9706780910492,2,1497.2,7904.33984375,50257.12890625
515.9786114692688,2,1084.3,9101.390625,50257.12890625
516.9865155220032,2,3615.4,12274.78125,50257.12890625
518.0045342445374,2,4637.9,13324.01171875,50257.12890625
519.0280652046204,2,4519.2,13930.515625,50257.12890625
520.0458650588989,2,4009.0,14830.99609375,50257.12890625
521.0810642242432,2,4490.3,14032.8671875,50257.12890625
522.1001739501953,2,3111.7,14396.61328125,50257.12890625
523.1064796447754,2,2555.4,14239.94921875,50257.12890625
524.1138541698456,2,2989.5,14383.671875,50257.12890625
525.1213459968567,2,1244.6,8754.2421875,50257.12890625
526.1288998126984,2,947.3,8120.234375,50257.12890625
527.1369879245758,2,1340.5,7868.921875,50257.12890625
528.1455457210541,2,1865.1,10637.3671875,50257.12890625
529.1548132896423,2,4511.4,12306.375,50257.12890625
530.172557592392,2,4519.9,12945.70703125,50257.12890625
531.1847267150879,2,4103.9,13970.9921875,50257.12890625
532.1948592662811,2,4368.4,14767.45703125,50257.12890625
533.2303366661072,2,4363.4,14197.07421875,50257.12890625
534.239146232605,2,2796.0,14365.15625,50257.12890625
535.250813961029,2,2883.8,14291.11328125,50257.12890625
536.2643685340881,2,1488.7,7665.30078125,50257.12890625
537.272344827652,2,1215.1,8172.890625,50513.12890625
538.2814221382141,2,1638.9,7984.40625,50513.12890625
539.2899610996246,2,1071.5,8539.58984375,50513.12890625
540.298814535141,2,3058.5,12292.62109375,50513.12890625
541.3048191070557,2,4627.0,12878.6953125,50513.12890625
542.323814868927,2,4507.2,13864.5625,50513.12890625
543.3414149284363,2,3989.9,14789.84375,50513.12890625
544.3816437721252,2,4647.9,13907.68359375,50513.12890625
545.3912923336029,2,3426.6,14414.203125,50513.12890625
546.4002442359924,2,2607.1,14237.98828125,50513.12890625
547.407931804657,2,3131.7,14357.16796875,50513.12890625
548.4179179668427,2,1178.7,8542.72265625,50513.12890625
549.4266016483307,2,968.5,8154.40234375,50513.12890625
550.436537027359,2,1167.4,8006.59375,50513.12890625
551.4437596797943,2,1150.8,10347.3359375,50513.12890625
552.455338716507,2,4522.4,12420.50390625,50513.12890625
553.4738187789917,2,4601.8,13492.234375,50513.12890625
554.4998211860657,2,4470.3,14223.16015625,50513.12890625
555.5198543071747,2,3921.1,15084.47265625,50513.12890625
556.5558233261108,2,4438.5,14209.078125,50513.12890625
557.5680844783783,2,3180.0,14720.17578125,50513.12890625
558.5767843723297,2,2600.8,14535.29296875,50513.12890625
559.5833849906921,2,3236.0,14606.6171875,50513.12890625
560.5919942855835,2,1262.9,8610.609375,50513.12890625
561.598382472992,2,891.2,8243.55078125,50513.12890625
562.6071753501892,2,1268.2,8030.4296875,50513.12890625
563.6148312091827,2,1298.7,9847.53125,50513.12890625
564.6268146038055,2,4517.6,11561.51171875,50513.12890625
565.6433999538422,2,4561.5,13509.77734375,50513.12890625
566.656877040863,2,4273.1,13667.140625,50513.12890625
567.6648545265198,2,4159.8,13673.91015625,50513.12890625
568.6794352531433,2,4453.2,13655.5859375,50513.12890625
569.6908273696899,2,2907.3,14018.02734375,50513.12890625
570.709255695343,2,2901.4,13980.3515625,50513.12890625
571.7195241451263,2,1921.5,7474.86328125,50513.12890625
572.7268722057343,2,1281.1,8711.65234375,50513.12890625
573.7343788146973,2,1161.4,8162.28125,50513.12890625
574.7440202236176,2,1044.4,8025.71875,50513.12890625
575.755842924118,2,3049.9,11466.01953125,50513.12890625
576.7717609405518,2,4486.2,12196.2109375,50513.12890625
577.7838168144226,2,4502.8,13501.3359375,50513.12890625
578.7968654632568,2,3876.8,14389.9609375,50513.12890625
579.835869550705,2,4725.1,14266.578125,50513.12890625
580.8718190193176,2,3509.7,14022.16015625,50513.12890625
581.8786473274231,2,2667.4,13846.05859375,50513.12890625
582.8891553878784,2,3280.5,13895.9765625,50513.12890625
583.8976485729218,2,1079.2,8684.703125,50513.12890625
584.9058167934418,2,1084.1,8256.46875,50513.12890625
585.9122104644775,2,1333.4,8082.921875,50513.12890625
586.9193737506866,2,1025.5,9424.52734375,50513.12890625
587.9268140792847,2,4198.2,11606.9609375,50513.12890625
588.94482421875,2,4592.0,13287.8046875,50513.12890625
589.9648230075836,2,4482.5,13508.09375,50513.12890625
590.9803969860077,2,3935.5,14425.5078125,50513.12890625
592.0202550888062,2,4454.7,13558.1640625,50513.12890625
593.0318355560303,2,2953.8,13918.05078125,50513.12890625
594.0525164604187,2,2678.0,13861.296875,50513.12890625
595.0626401901245,2,2757.1,13882.2109375,50513.12890625
596.07204246521,2,1445.1,9202.91015625,50513.12890625
597.080137014389,2,772.4,8208.0859375,50513.12890625
598.0900087356567,2,1141.1,7940.546875,50513.12890625
599.1061878204346,2,1548.9,10636.796875,50513.12890625
600.1188151836395,2,4511.5,12508.5,50513.12890625
601.1368179321289,2,4588.6,14517.91796875,50513.12890625
602.147830247879,2,4453.4,14277.13671875,50513.12890625
603.1638865470886,2,3924.1,15132.80078125,50513.12890625
604.1988368034363,2,4425.7,14323.21875,50513.12890625
605.2098219394684,2,3004.9,14664.99609375,50513.12890625
606.2294855117798,2,2559.7,14556.38671875,50513.12890625
607.23845911026,2,3014.6,14621.41015625,50513.12890625
608.2471623420715,2,1593.4,8868.48046875,50513.12890625
609.2551016807556,2,776.0,7849.8671875,50513.12890625
610.2654867172241,2,1494.1,9664.5234375,50513.12890625
611.2733597755432,2,3267.0,13072.3515625,50513.12890625
612.3088133335114,2,4564.8,13633.73046875,50513.12890625
613.3284540176392,2,4538.5,13096.25,50513.12890625
614.3368301391602,2,4356.9,14381.796875,50513.12890625
615.3438642024994,2,4189.2,15417.9921875,50513.12890625
616.3868496417999,2,4690.8,15360.0,50513.12890625
617.4224920272827,2,4369.6,14547.73046875,50513.12890625
618.4328196048737,2,2967.3,15053.375,50513.12890625
619.4528150558472,2,2839.5,15073.46484375,50513.12890625
620.4630808830261,2,2522.1,7167.1875,51025.13671875
621.4703669548035,2,1569.5,7163.54296875,50513.12890625
622.4778568744659,2,2887.6,12522.7734375,50513.12890625
623.5148115158081,2,4575.3,13014.38671875,50513.12890625
624.5343842506409,2,4242.9,12667.046875,50513.12890625
625.5518612861633,2,4305.6,13528.9140625,50513.12890625
626.5923886299133,2,4675.1,13460.0078125,50513.12890625
627.6321382522583,2,4433.4,12876.34765625,50513.12890625
628.6507194042206,2,2859.1,13159.80078125,50513.12890625
629.658346414566,2,2429.5,13427.09375,50513.12890625
630.6663417816162,2,1600.2,7508.76171875,50513.12890625
631.67786693573,2,2568.9,12257.91796875,50513.12890625
632.7088136672974,2,4544.9,12799.9921875,50513.12890625
633.7264213562012,2,4298.0,12355.0390625,50513.12890625
634.7338535785675,2,4225.5,13406.06640625,50513.12890625
635.769858121872,2,4668.5,13367.546875,50513.12890625
636.8101787567139,2,4556.5,12654.359375,50513.12890625
637.820817232132,2,2978.2,13050.3515625,50513.12890625
638.8422496318817,2,2497.1,13339.546875,50513.12890625
639.8496742248535,2,311.5,7120.09375,50513.12890625
640.8578560352325,2,1477.1,8309.9609375,50513.12890625
641.8665835857391,2,865.1,7341.00390625,50513.12890625
642.8738114833832,2,2946.0,9474.87890625,50513.12890625
643.8878185749054,2,4448.5,10910.00390625,50513.12890625
644.9065916538239,2,4612.7,12918.52734375,50513.12890625
645.9238615036011,2,4115.4,13285.9453125,50513.12890625
646.9618237018585,2,4219.1,13293.0390625,50513.12890625
647.9726145267487,2,3246.4,13800.6015625,50513.12890625
648.9812479019165,2,2300.4,13676.6484375,50513.12890625
649.9898314476013,2,2989.7,13812.32421875,50513.12890625
650.9974083900452,2,233.1,7642.96484375,50513.12890625
652.0057072639465,2,1453.4,8955.9375,50513.12890625
653.0142750740051,2,1192.9,7672.11328125,50513.12890625
654.0245821475983,2,3500.2,10211.421875,50513.12890625
655.036821603775,2,4489.7,11579.91015625,50513.12890625
656.0567605495453,2,4457.3,12856.265625,50513.12890625
657.075865983963,2,4068.7,13723.8203125,50513.12890625
658.1105754375458,2,4204.2,12979.12890625,50513.12890625
659.1204254627228,2,3011.5,13379.7578125,50513.12890625
660.1281673908234,2,2794.4,13315.45703125,50513.12890625
661.1385171413422,2,1469.3,7737.7421875,50513.12890625
662.1462998390198,2,1508.5,8904.78515625,50513.12890625
663.1533617973328,2,876.5,8088.19921875,50513.12890625
664.1628143787384,2,1446.0,7778.2109375,50513.12890625
665.1913661956787,2,3634.9,10212.4375,50513.12890625
666.2098224163055,2,4526.2,11734.87890625,50513.12890625
667.2298154830933,2,4499.4,12756.59765625,50513.12890625
668.2478637695312,2,3957.2,13681.796875,50513.12890625
669.2814555168152,2,3934.8,13427.3125,50513.12890625
670.2879076004028,2,2499.5,13531.39453125,50513.12890625
671.2978131771088,2,2936.6,13576.9765625,50513.12890625
672.3121275901794,2,1653.6,7680.41796875,50513.12890625
673.3200209140778,2,1526.3,8909.75,50513.12890625
674.3271265029907,2,891.7,8061.6875,50513.12890625
675.3359458446503,2,1248.8,7736.73828125,50513.12890625
676.3522155284882,2,3202.1,9853.578125,50513.12890625
677.3598148822784,2,4301.1,11255.44140625,50513.12890625
678.3718240261078,2,4527.8,13916.04296875,50513.12890625
679.3968255519867,2,4401.1,14553.625,50545.12890625
680.4143903255463,2,4118.0,14903.7421875,50545.12890625
681.4251537322998,2,3556.3,15041.609375,50545.12890625
682.4319922924042,2,3567.6,16048.921875,50545.12890625
683.4417078495026,2,2289.5,16066.25390625,50865.12890625
684.4500803947449,2,2613.8,16133.71875,50865.12890625
685.4602670669556,2,2525.1,16423.44921875,50865.12890625
686.4687523841858,2,668.2,8506.5234375,50865.12890625
687.477484703064,2,1454.2,8166.91015625,50865.12890625
688.4842791557312,2,1058.8,8020.07421875,50865.12890625
689.4938130378723,2,1925.5,7785.9140625,50865.12890625
690.5513324737549,2,3413.6,10777.90234375,50865.12890625
691.5698223114014,2,4461.0,11885.54296875,50865.12890625
692.5894422531128,2,4322.0,12575.0,50865.12890625
693.601818561554,2,4394.8,14502.20703125,50865.12890625
694.6194603443146,2,3412.0,14903.69140625,50865.12890625
695.6461436748505,2,4035.8,15466.33203125,50865.12890625
696.6628160476685,2,2480.4,15917.90625,50865.12890625
697.6770241260529,2,2075.0,15880.04296875,50865.12890625
698.6869628429413,2,3351.1,16168.78515625,50865.12890625
699.6951425075531,2,574.3,8003.36328125,50865.12890625
700.703337430954,2,1654.7,8247.25390625,50865.12890625
701.7119772434235,2,861.2,8087.7109375,50865.12890625
702.7248179912567,2,1247.0,7770.37109375,50865.12890625
703.7325274944305,2,3546.5,10214.09375,50865.12890625
704.7398221492767,2,4490.3,11560.83203125,50865.12890625
705.7594122886658,2,4422.6,12879.4609375,50865.12890625
706.7820422649384,2,4053.3,13967.3046875,50865.12890625
707.8166670799255,2,3988.0,13401.73046875,50865.12890625
708.8276584148407,2,2573.5,13733.3046875,50865.12890625
709.8355541229248,2,2790.1,13744.5,50865.12890625
710.8460717201233,2,1969.6,7568.95703125,50865.12890625
711.8537027835846,2,1534.2,9356.2421875,50865.12890625
712.8623631000519,2,891.6,8170.09375,50865.12890625
713.8698143959045,2,2138.6,7966.25,50865.12890625
714.9274549484253,2,3552.8,10554.8515625,50865.12890625
715.9454128742218,2,4503.7,12332.2421875,50865.12890625
716.9648382663727,2,4614.3,13026.23828125,50865.12890625
717.9858224391937,2,4086.5,13539.42578125,50865.12890625
718.9960119724274,2,3591.4,13788.640625,50865.12890625
720.0138144493103,2,3172.3,14263.015625,50865.12890625
721.0329885482788,2,1923.6,14192.58203125,50865.12890625
722.0433089733124,2,3565.9,14329.55078125,50865.12890625
723.0528168678284,2,1020.3,8661.47265625,50865.12890625
724.0697646141052,2,1135.8,8238.234375,50865.12890625
725.0776927471161,2,845.6,8015.77734375,50865.12890625
726.0889391899109,2,948.3,7887.703125,50865.12890625
727.097024679184,2,3070.3,9139.5703125,50865.12890625
728.1077864170074,2,4528.4,10975.83203125,50865.12890625
729.131350517273,2,4622.4,11581.16796875,50865.12890625
730.1426780223846,2,4411.5,12910.95703125,50865.12890625
731.154355764389,2,3527.7,13173.02734375,50865.12890625
732.1646230220795,2,2891.3,13818.94921875,50865.12890625
733.1708137989044,2,2151.0,13787.09765625,50865.12890625
734.1811413764954,2,2807.4,13968.984375,50865.12890625
735.189291715622,2,1565.3,8680.296875,50865.12890625
736.1973879337311,2,662.0,8125.83203125,50865.12890625
737.2049036026001,2,1008.2,7922.97265625,50865.12890625
738.2128157615662,2,1440.0,7776.3359375,50865.12890625
739.2718906402588,2,3714.9,10009.13671875,50865.12890625
740.289400100708,2,4592.3,12103.18359375,50865.12890625
741.3130023479462,2,4556.0,12796.24609375,50865.12890625
742.330427646637,2,3805.4,13056.29296875,50865.12890625
743.3378169536591,2,4106.1,13621.703125,50865.12890625
744.3548150062561,2,1948.9,13779.4609375,50865.12890625
745.3713541030884,2,3222.8,13843.3515625,50865.12890625
746.3814101219177,2,972.4,7808.6328125,50865.12890625
747.3890628814697,2,1618.9,8167.48828125,50865.12890625
748.3965132236481,2,886.5,8015.7109375,50865.12890625
749.4058134555817,2,944.0,7870.84375,50865.12890625
750.4251222610474,2,2560.7,8879.18359375,50865.12890625
751.432811498642,2,4433.3,10500.34765625,50865.12890625
752.4538221359253,2,4706.6,11903.0,50865.12890625
753.4688174724579,2,4441.2,12977.171875,50865.12890625
754.4864070415497,2,3288.4,13346.40234375,50865.12890625
755.4962456226349,2,3712.3,13996.359375,50865.12890625
756.5063440799713,2,2098.5,13885.8984375,50865.12890625
757.5142278671265,2,3525.4,14098.078125,50865.12890625
758.5268197059631,2,558.3,8509.01171875,50865.12890625
759.5387744903564,2,1632.3,8249.07421875,50865.12890625
760.5508131980896,2,1259.9,8066.98828125,50865.12890625
761.5898134708405,2,2320.7,7987.46484375,50865.12890625
762.6318140029907,2,3526.8,10446.66796875,50865.12890625
763.6488220691681,2,4600.6,12941.94921875,50865.12890625
764.6688239574432,2,4446.6,13015.609375,50865.12890625
765.6878209114075,2,3696.7,13291.0234375,50865.12890625
766.7095935344696,2,3628.2,13857.97265625,50865.12890625
767.7156071662903,2,2338.5,13670.2265625,50865.12890625
768.7232620716095,2,3490.9,13726.02734375,50865.12890625
769.7318158149719,2,894.2,8796.015625,50865.12890625
770.7486140727997,2,1355.6,8390.3203125,50865.12890625
771.7558169364929,2,1169.4,8158.4375,50865.12890625
772.7878170013428,2,2317.9,7998.07421875,50865.12890625
773.8153123855591,2,3486.2,10712.0078125,50865.12890625
774.8338387012482,2,4573.4,12915.10546875,50865.12890625
775.853812456131,2,4376.6,13205.2578125,50865.12890625
776.8625288009644,2,3710.4,13360.81640625,50865.12890625
777.8708703517914,2,3912.1,13871.2109375,50865.12890625
778.8777906894684,2,2270.9,13838.66015625,50865.12890625
779.8858132362366,2,3445.8,13839.71484375,50865.12890625
780.8962700366974,2,827.8,8453.78125,50865.12890625
781.9047174453735,2,1714.5,8427.7109375,50865.12890625
782.9115264415741,2,828.6,8203.44140625,50865.12890625
783.9208111763,2,1627.8,7982.0859375,50865.12890625
784.9808139801025,2,3534.6,10710.05078125,50865.12890625
785.9984421730042,2,4510.9,11993.33984375,50865.12890625
787.022066116333,2,4365.5,13318.546875,50865.12890625
788.039853811264,2,3927.8,14334.77734375,50865.12890625
789.0750970840454,2,4002.8,13819.74609375,50865.12890625
790.0856533050537,2,2684.7,14228.3203125,50865.12890625
791.0956120491028,2,2379.3,14113.76171875,50865.12890625
792.1060082912445,2,2780.1,7757.0078125,51377.13671875
793.113343000412,2,1609.0,9027.11328125,50865.12890625
794.1215224266052,2,632.9,8510.21484375,50865.12890625
795.1295957565308,2,1075.7,8325.3046875,50865.12890625
796.1373147964478,2,2515.9,8417.8671875,50865.12890625
797.1458120346069,2,3554.4,11248.5625,50865.12890625
798.1598222255707,2,4434.1,12758.453125,50865.12890625
799.182471036911,2,4511.4,13303.2265625,50865.12890625
800.194815158844,2,4378.6,15083.02734375,50865.12890625
801.208331823349,2,3731.6,15343.39453125,50865.12890625
802.216420173645,2,4115.1,15695.234375,50865.12890625
803.2248198986053,2,2729.1,16372.75,50865.12890625
804.234325170517,2,1931.7,16347.46484375,50865.12890625
805.2452738285065,2,3837.8,16574.04296875,50865.12890625
806.2520432472229,2,658.9,7410.03125,50865.12890625
807.2597632408142,2,1601.8,9245.73828125,50865.12890625
808.2673590183258,2,717.8,8443.66015625,50865.12890625
809.2759716510773,2,968.8,8242.9296875,50865.12890625
810.2838175296783,2,2349.5,7991.3203125,50865.12890625
811.3328161239624,2,3465.8,10648.0625,50865.12890625
812.3508224487305,2,4608.2,13041.59375,50865.12890625
813.3728165626526,2,4517.6,13468.05078125,50865.12890625
814.3908686637878,2,3950.9,14392.26171875,50865.12890625
815.4256510734558,2,3816.2,14108.28125,50865.12890625
816.4354660511017,2,2431.5,14197.57421875,50865.12890625
817.4438178539276,2,3008.2,14195.97265625,50865.12890625
818.4550368785858,2,1570.4,8053.54296875,50865.12890625
819.4626522064209,2,1636.7,9139.4453125,50865.12890625
820.4708383083344,2,673.3,8402.40234375,50865.12890625
821.4793124198914,2,1281.5,8082.43359375,50865.12890625
822.4874548912048,2,2777.1,9913.66796875,50865.12890625
823.5013236999512,2,4458.6,11140.078125,50865.12890625
824.5210237503052,2,4473.0,12344.68359375,50865.12890625
825.5326166152954,2,4189.8,13377.60546875,50865.12890625
826.5425817966461,2,3671.9,13480.7265625,50865.12890625
827.551819562912,2,3204.6,14090.5234375,50865.12890625
828.5721018314362,2,2187.3,13958.9921875,50865.12890625
829.581964969635,2,3345.8,14119.7734375,50865.12890625
830.5891008377075,2,1375.9,9426.86328125,50865.12890625
831.606059551239,2,883.6,8586.6171875,50865.12890625
832.6142809391022,2,1264.7,8336.76171875,50865.12890625
833.6378164291382,2,2137.8,8145.8828125,50865.12890625
834.6868078708649,2,3307.2,11283.125,50865.12890625
835.7058260440826,2,4460.1,12511.55078125,50865.12890625
836.7252640724182,2,4485.2,13042.8203125,50865.12890625
837.7368173599243,2,4382.2,14923.57421875,50865.12890625
838.7501525878906,2,3794.0,15132.59375,50865.12890625
839.7591876983643,2,4016.5,15433.4765625,50865.12890625
840.7708210945129,2,2747.8,16208.1640625,50865.12890625
841.790233373642,2,1927.8,16152.74609375,50865.12890625
842.7979991436005,2,3867.9,16424.30859375,50865.12890625
843.8063607215881,2,638.2,7266.1171875,50865.12890625
844.8153860569,2,1667.6,9327.55859375,50865.12890625
845.8234374523163,2,629.8,8227.9453125,50865.12890625
846.8315830230713,2,1141.7,8031.4375,50865.12890625
847.8770756721497,2,1943.3,8479.515625,50865.12890625
848.885814666748,2,3969.6,10496.52734375,50865.12890625
849.8997440338135,2,4434.4,11817.765625,50865.12890625
850.9111843109131,2,4390.3,13209.421875,50865.12890625
851.9228219985962,2,3523.4,13441.5859375,50865.12890625
852.9344456195831,2,3232.0,14083.47265625,50865.12890625
853.9426612854004,2,2175.4,13954.16015625,50865.12890625
854.9494385719299,2,3368.2,14077.015625,50865.12890625
855.9578137397766,2,1631.9,9474.67578125,50865.12890625
856.9746465682983,2,648.5,8776.33203125,50865.12890625
857.9838137626648,2,1647.6,8552.5859375,50865.12890625
859.0262515544891,2,3213.5,11890.26953125,50865.12890625
860.0388236045837,2,4619.5,12964.36328125,50865.12890625
861.0584199428558,2,4478.9,14117.66015625,50865.12890625
862.0765337944031,2,4142.4,14968.78515625,50865.12890625
863.1105990409851,2,4433.4,14128.54296875,50865.12890625
864.1290216445923,2,3136.1,14631.58984375,50865.12890625
865.1356043815613,2,2564.6,14444.46875,50865.12890625
866.1452038288116,2,2978.2,14590.3828125,50865.12890625
867.1521608829498,2,1780.2,9211.21484375,50865.12890625
868.1610107421875,2,892.6,8642.578125,50865.12890625
869.1670248508453,2,1540.9,10342.53125,50865.12890625
870.1768691539764,2,3423.0,13485.69921875,50865.12890625
871.2107207775116,2,4604.3,14236.12890625,50865.12890625
872.2302103042603,2,4541.0,13693.67578125,50865.12890625
873.2421808242798,2,4250.9,15077.93359375,50865.12890625
874.2568633556366,2,4482.6,15838.72265625,50865.12890625
875.2969946861267,2,4655.5,15767.84375,50865.12890625
876.3316295146942,2,4259.9,15069.70703125,50865.12890625
877.3418233394623,2,2930.5,15404.5703125,50865.12890625
878.3576862812042,2,3039.3,15427.58203125,50865.12890625
879.3682672977448,2,1074.2,8459.69140625,50865.12890625
880.3769094944,2,1764.4,9214.30859375,50865.12890625
881.3863387107849,2,1233.1,8425.87890625,50865.12890625
882.3951559066772,2,2648.6,11464.296875,50865.12890625
883.4198105335236,2,4540.7,12346.53125,50865.12890625
884.4349665641785,2,4524.1,13337.54296875,50865.12890625
885.4455766677856,2,4165.4,14513.65625,50865.12890625
886.4558713436127,2,4522.7,15183.65625,50865.12890625
887.4918165206909,2,4033.3,14712.3515625,50865.12890625
888.5018153190613,2,2743.9,14814.49609375,50865.12890625
889.511810541153,2,2815.8,14716.83984375,50865.12890625
890.5200371742249,2,1561.5,8016.90234375,50865.12890625
891.5280332565308,2,1730.7,9129.30078125,50865.12890625
892.5356981754303,2,1121.6,8356.33203125,50865.12890625
893.5458207130432,2,3076.5,11370.60546875,50865.12890625
894.5571563243866,2,4497.9,12255.11328125,50865.12890625
895.5768156051636,2,4431.4,13727.34375,50865.12890625
896.5948617458344,2,4164.8,14602.73046875,50865.12890625
897.6329476833344,2,4214.4,13749.68359375,50865.12890625
898.6508183479309,2,3152.2,14209.40625,50865.12890625
899.6708152294159,2,2611.3,14110.46484375,50865.12890625
900.6811809539795,2,2569.2,7759.421875,51377.13671875
901.6887080669403,2,1736.1,9323.90234375,51249.12890625
902.6961517333984,2,862.5,8514.5390625,51249.12890625
903.7036371231079,2,1847.2,10545.53515625,51249.12890625
904.7148158550262,2,4513.0,12265.25390625,51249.12890625
905.7328281402588,2,4500.5,14570.65625,51249.12890625
906.7541675567627,2,4284.1,14425.54296875,51249.12890625
907.7628555297852,2,4353.6,15120.0625,51249.12890625
908.7992298603058,2,4151.6,14482.51171875,51249.12890625
909.8098924160004,2,2952.8,14814.578125,51249.12890625
910.8176209926605,2,2679.5,14684.296875,51249.12890625
911.8276495933533,2,1835.8,8449.62890625,51249.12890625
912.8363347053528,2,1722.9,10041.1171875,51249.12890625
913.8448123931885,2,981.9,8827.52734375,51249.12890625
914.8517460823059,2,1686.2,11999.58984375,51249.12890625
915.867814540863,2,4459.2,14344.12109375,51249.12890625
916.8844103813171,2,4654.8,14506.2890625,51249.12890625
917.9136343002319,2,4542.1,14787.265625,51249.12890625
918.9268233776093,2,4014.7,15948.140625,51249.12890625
919.9628417491913,2,4776.7,15930.46875,51249.12890625
920.998458147049,2,4690.0,15862.59375,51249.12890625
922.038489818573,2,3796.9,15630.5078125,51249.12890625
923.0454859733582,2,2715.8,15595.0546875,51249.12890625
924.0528752803802,2,3190.7,15721.60546875,51249.12890625
925.0608174800873,2,1104.3,9046.21484375,51249.12890625
926.0778179168701,2,1336.0,8706.69921875,51249.12890625
927.087769985199,2,1517.3,9160.53515625,51249.12890625
928.1145858764648,2,2675.7,13548.015625,51249.12890625
929.1328129768372,2,4552.4,14267.98828125,51249.12890625
930.1498222351074,2,4659.2,15769.81640625,51249.12890625
931.1741750240326,2,4414.1,15183.53515625,51249.12890625
932.1934049129486,2,4238.5,16019.1953125,51249.12890625
933.2337522506714,2,4658.6,15981.75,51249.12890625
934.2731640338898,2,4401.5,15172.87109375,51249.12890625
935.2828214168549,2,3081.1,15677.03515625,51249.12890625
936.2930343151093,2,2832.6,15642.390625,51249.12890625
937.3005082607269,2,2806.4,15903.21484375,51249.12890625
938.3093874454498,2,1781.1,8357.56640625,51249.12890625
939.3170335292816,2,3020.2,8563.97265625,51249.12890625
940.329005241394,2,2124.0,8804.83984375,51249.12890625
941.3368136882782,2,655.0,7841.6953125,51056.28125
942.3448152542114,2,2485.2,8501.015625,51056.28125
943.355813741684,2,3133.6,11284.3984375,51056.28125
944.3738193511963,2,4565.9,14285.7421875,58224.28125
945.3992266654968,2,4525.3,13587.171875,58264.28125
946.4138195514679,2,4274.0,15286.03125,58264.28125
947.4314620494843,2,3234.6,15556.18359375,58264.28125
948.4388132095337,2,3483.8,15923.59375,58264.28125
949.4493505954742,2,2833.7,16942.4375,58264.28125
950.4571697711945,2,1822.5,16848.2578125,58264.28125
951.4648187160492,2,3107.7,17101.7109375,58264.28125
952.479642868042,2,1778.0,17392.61328125,58264.28125
953.4878971576691,2,724.6,8474.2109375,58264.28125
954.4958128929138,2,2088.7,8960.4921875,58264.28125
955.5373334884644,2,3079.4,11892.6328125,58264.28125
956.5492126941681,2,4358.6,13066.046875,58264.28125
957.566398859024,2,4593.7,16482.57421875,66456.28125
958.5901575088501,2,4599.8,21673.40234375,66456.28125
959.6142523288727,2,4343.8,17429.85546875,66456.28125
960.6268203258514,2,4456.1,18787.38671875,66456.28125
961.6459491252899,2,3961.4,19110.55078125,66456.28125
962.6538336277008,2,3546.5,19468.46875,66456.28125
963.6795787811279,2,3488.1,19648.08203125,66456.28125
964.6905930042267,2,3955.4,20755.75390625,66456.28125
965.7017364501953,2,1581.3,20890.7265625,66456.28125
966.7083332538605,2,1799.7,20891.24609375,66456.28125
967.7168893814087,2,1954.1,21161.98828125,66456.28125
968.746045589447,2,4348.1,21293.00390625,66456.28125
969.754153251648,2,666.9,8021.61328125,68504.296875
970.761815071106,2,921.5,8671.89453125,66456.28125
971.7690110206604,2,2398.5,10430.10546875,66456.28125
972.7768130302429,2,4404.3,12487.1796875,66456.28125
973.7943942546844,2,4479.3,14862.7734375,66456.28125
974.8198204040527,2,4663.2,19937.1953125,66456.28125
975.8439173698425,2,4174.5,15893.7109375,66456.28125
976.8558192253113,2,4452.3,18350.890625,66456.28125
977.8748230934143,2,3975.6,18690.43359375,66456.28125
978.889967918396,2,3672.9,19028.56640625,66456.28125
979.9151763916016,2,3660.3,19361.35546875,66456.28125
980.9258167743683,2,3391.7,20379.765625,66456.28125
981.9356646537781,2,1474.7,20390.9453125,66456.28125
982.9434103965759,2,1691.7,20348.0859375,66456.28125
983.9528143405914,2,3696.2,20531.31640625,66456.28125
984.9629969596863,2,2039.5,20725.9296875,66456.28125
985.9713795185089,2,751.6,8199.7890625,66456.28125
986.9786701202393,2,2370.7,8785.62890625,66456.28125
988.0078415870667,2,3173.7,12090.0859375,66456.28125
989.0216286182404,2,4329.3,12980.72265625,66456.28125
990.045825958252,2,4653.7,18013.8515625,66456.28125
991.0667679309845,2,4644.3,15659.92578125,66456.28125
992.0798172950745,2,4246.8,18261.3984375,66456.28125
993.0963823795319,2,4523.8,18463.43359375,66456.28125
994.1068201065063,2,3181.8,18848.23828125,66456.28125
995.1260733604431,2,3745.2,18955.9375,66456.28125
996.1333401203156,2,4328.8,19798.40234375,66456.28125
997.1405863761902,2,1564.2,20232.5078125,66456.28125
998.1480624675751,2,1811.9,20098.44140625,66456.28125
999.1546883583069,2,2254.3,20406.04296875,66456.28125
1000.1651575565338,2,3708.6,20560.96875,66456.28125
1001.1729340553284,2,601.0,9092.0234375,68504.296875
1002.1812107563019,2,1026.3,8652.328125,66456.28125
1003.188827753067,2,3037.2,10690.703125,66456.28125
1004.2022969722748,2,4400.9,12593.8046875,66456.28125
1005.2208213806152,2,4551.5,15837.34375,66456.28125
1006.2406001091003,2,4665.7,21034.62109375,66456.28125
1007.2644810676575,2,4439.2,17165.66796875,66456.28125
1008.28582239151,2,4445.8,18296.734375,66456.28125
1009.3065574169159,2,3550.9,18700.078125,66456.28125
1010.3145473003387,2,3820.9,18872.234375,66456.28125
1011.3231172561646,2,3999.4,19406.546875,66456.28125
1012.3326110839844,2,2542.6,20253.64453125,66456.28125
1013.3418169021606,2,1704.2,20208.26171875,66456.28125
1014.3609104156494,2,1529.8,20002.64453125,66456.28125
1015.3698205947876,2,4370.2,20354.72265625,66456.28125
1016.3849103450775,2,1307.6,20677.2265625,66456.28125
1017.3912038803101,2,636.4,8593.33203125,66456.28125
1018.3988184928894,2,1486.6,9524.15625,66456.28125
1019.4428157806396,2,2690.6,11852.8515625,66456.28125
1020.4532511234283,2,4443.5,14342.04296875,66456.28125
1021.4718236923218,2,4479.4,15541.94140625,66456.28125
1022.4928169250488,2,4656.6,20312.36328125,66456.28125
1023.5128173828125,2,4528.1,25081.84375,76744.28125
1024.5258257389069,2,4407.5,19120.5390625,76744.28125
1025.5438265800476,2,4464.9,20524.2109375,76744.28125
1026.5633702278137,2,4051.5,20860.09375,76744.28125
1027.5770983695984,2,3095.3,21005.39453125,76744.28125
1028.5849375724792,2,3614.0,21229.06640625,76744.28125
1029.6118154525757,2,3920.9,21969.2578125,76744.28125
1030.6284050941467,2,2551.9,22512.37890625,76744.28125
1031.6377665996552,2,1693.0,22538.77734375,76744.28125
1032.6466269493103,2,1690.3,22461.87109375,76744.28125
1033.6558156013489,2,3604.4,22632.72265625,76744.28125
1034.6700730323792,2,2595.0,22984.29296875,76744.28125
1035.6779215335846,2,512.3,7913.8984375,76744.28125
1036.6852684020996,2,986.5,9207.27734375,76744.28125
1037.692949295044,2,3432.2,10136.6328125,76744.28125
1038.701806306839,2,3263.0,13801.09765625,76744.28125
1039.7138135433197,2,4364.9,14580.8046875,76744.28125
1040.7318274974823,2,4596.0,18714.99609375,76744.28125
1041.7568192481995,2,4680.5,23719.62109375,76744.28125
1042.781144618988,2,4481.8,17658.7109375,76744.28125
1043.7968151569366,2,4442.2,20414.34375,76744.28125
1044.814828157425,2,4495.2,20577.13671875,76744.28125
1045.83443069458,2,3194.5,20820.921875,76744.28125
1046.8607416152954,2,3328.6,20934.46875,76744.28125
1047.8689584732056,2,3649.6,21424.0234375,76744.28125
1048.8793456554413,2,3571.7,22547.21484375,76744.28125
1049.8874113559723,2,1561.1,22496.703125,76744.28125
1050.8950684070587,2,1802.2,22484.828125,76744.28125
1051.9038217067719,2,2222.3,22705.4296875,76744.28125
1052.9145667552948,2,4217.6,22847.12890625,76744.28125
1053.9228403568268,2,653.4,8212.95703125,78792.296875
1054.931408405304,2,734.1,9105.98046875,76744.28125
1055.9382030963898,2,2380.4,9514.44140625,76744.28125
1056.986098766327,2,2784.7,12831.66015625,76744.28125
1058.0078151226044,2,4415.6,14503.01953125,76744.28125
1059.0248215198517,2,4545.5,16720.27734375,76744.28125
1060.0448207855225,2,4667.8,20619.34765625,76744.28125
1061.0658259391785,2,4624.4,18904.41015625,76744.28125
1062.0788283348083,2,4436.3,20148.52734375,76744.28125
1063.090815782547,2,4346.5,20484.62890625,76744.28125
1064.1088242530823,2,3418.8,20817.25390625,76744.28125
1065.1228346824646,2,3661.2,21071.5078125,76744.28125
1066.1428198814392,2,3460.1,21190.89453125,76744.28125
1067.1513237953186,2,4418.3,22198.859375,76744.28125
1068.1603329181671,2,1690.9,22531.52734375,76744.28125
1069.1681900024414,2,1754.7,22595.9375,76744.28125
1070.1786661148071,2,1768.1,22577.80078125,76744.28125
1071.209484577179,2,4557.1,22700.2578125,76744.28125
1072.220153093338,2,1109.7,23114.33203125,76744.28125
1073.2274827957153,2,609.6,8705.35546875,76744.28125
1074.2348146438599,2,1733.0,9518.515625,76744.28125
1075.2798125743866,2,2784.1,11970.109375,76744.28125
1076.2948143482208,2,4462.1,14365.8984375,76744.28125
1077.312824010849,2,4469.4,15832.1328125,76744.28125
1078.3378179073334,2,4657.7,20334.55078125,76744.28125
1079.3619539737701,2,4669.0,23114.76171875,76744.28125
1080.3744151592255,2,4451.3,19680.6640625,76744.28125
1081.3880801200867,2,4475.9,20429.265625,76744.28125
1082.4072694778442,2,3802.5,20746.5,76744.28125
1083.4158265590668,2,3158.9,21060.984375,76744.28125
1084.4403948783875,2,3673.1,21072.421875,76744.28125
1085.4488215446472,2,4184.4,22030.30859375,76744.28125
1086.466813325882,2,2212.4,22497.2421875,76744.28125
1087.4793107509613,2,1627.3,22568.078125,76744.28125
1088.4889907836914,2,1562.2,22400.4609375,76744.28125
1089.4968147277832,2,4058.2,22671.93359375,76744.28125
1090.5067720413208,2,2049.2,22994.5625,76744.28125
1091.5143926143646,2,618.5,8196.265625,76744.28125
1092.5216882228851,2,906.5,9231.0,76744.28125
1093.5288586616516,2,3366.3,10832.546875,76744.28125
1094.5388159751892,2,3773.0,14110.546875,76744.28125
1095.554824590683,2,4386.3,14590.296875,76744.28125
1096.5748257637024,2,4601.4,19027.5859375,76744.28125
1097.5994408130646,2,4665.3,24248.1171875,76744.28125
1098.6242077350616,2,4452.6,18911.2734375,76744.28125
1099.6498219966888,2,4399.8,20334.87109375,76744.28125
1100.668747663498,2,4460.6,20493.484375,76744.28125
1101.6919090747833,2,3259.3,20718.65234375,76744.28125
1102.718828678131,2,3216.5,21039.875,76744.28125
1103.7436220645905,2,4084.7,21604.30859375,76744.28125
1104.7550728321075,2,2712.6,22455.30859375,76744.28125
1105.7613475322723,2,1614.7,22444.1796875,76744.28125
1106.7677772045135,2,1776.5,22431.359375,76744.28125
1107.7788219451904,2,2968.3,22595.640625,76744.28125
1108.788756608963,2,3299.7,22847.43359375,76744.28125
1109.797221660614,2,594.0,9442.97265625,78792.296875
1110.8055794239044,2,916.1,9197.36328125,76744.28125
1111.8138172626495,2,3041.4,9489.83984375,76744.28125
1112.837816953659,2,2324.5,13275.9765625,76744.28125
1113.854817390442,2,3955.0,15559.84765625,76744.28125
1114.8728158473969,2,4378.3,16033.78125,76744.28125
1115.8918244838715,2,4604.6,20196.9921875,76744.28125
1116.9208164215088,2,4672.1,25419.625,76744.28125
1117.9403505325317,2,4650.0,30398.97265625,76744.28125
1118.96426987648,2,4200.3,20432.90234375,76744.28125
1119.9824590682983,2,4591.9,24227.18359375,76744.28125
1120.9998226165771,2,4313.8,24735.015625,76744.28125
1122.019817829132,2,4368.3,25169.84375,76744.28125
1123.0378379821777,2,3622.4,25424.59375,76744.28125
1124.0628254413605,2,3681.0,25812.7578125,76744.28125
1125.08282828331,2,3765.6,25761.7421875,76744.28125
1126.095932006836,2,3748.8,26507.5546875,76744.28125
1127.1059701442719,2,3378.9,28165.87109375,76744.28125
1128.1143958568573,2,1619.0,28373.4375,76744.28125
1129.1217617988586,2,1681.2,28509.234375,76744.28125
1130.1293470859528,2,1676.8,28439.18359375,76744.28125
1131.1368153095245,2,3148.0,28829.82421875,76744.28125
1132.1474833488464,2,4280.2,29262.40234375,76744.28125
1133.1550028324127,2,554.7,29579.15234375,76744.28125
1134.1627597808838,2,586.4,9050.56640625,78792.296875
1135.1704943180084,2,1505.2,8670.44921875,76744.28125
1136.219045639038,2,3414.5,11394.3359375,76744.28125
1137.2368206977844,2,4555.9,14187.90625,76744.28125
1138.2568356990814,2,4536.5,13742.47265625,76744.28125
1139.2718169689178,2,4253.1,15420.14453125,76744.28125
1140.2884056568146,2,3160.2,15722.80859375,76744.28125
1141.3077280521393,2,3806.1,16337.703125,76744.28125
1142.316813468933,2,2414.6,17019.4609375,76744.28125
1143.3298165798187,2,1646.1,16858.63671875,76744.28125
1144.3368146419525,2,3877.1,17208.671875,76744.28125
1145.3439474105835,2,714.2,8241.34765625,78792.296875
1146.352067232132,2,942.5,8750.09375,76744.28125
1147.3600869178772,2,3282.4,10985.01171875,76744.28125
1148.373821258545,2,4336.3,13073.08203125,76744.28125
1149.3935804367065,2,4563.5,13011.75390625,76744.28125
1150.4040806293488,2,4326.3,15156.4296875,76744.28125
1151.4238374233246,2,3499.6,15399.33203125,76744.28125
1152.4518129825592,2,3462.5,15682.39453125,76744.28125
1153.4615499973297,2,2779.9,16693.4296875,76744.28125
1154.4683666229248,2,1750.5,16657.52734375,76744.28125
1155.4778151512146,2,3337.7,16779.703125,76744.28125
1156.4887652397156,2,1390.7,17167.15234375,76744.28125
1157.4982161521912,2,646.4,8785.265625,76744.28125
1158.5058133602142,2,1499.9,9671.33203125,76744.28125
1159.5507686138153,2,2437.5,12399.015625,76744.28125
1160.5610239505768,2,4562.4,15132.97265625,76744.28125
1161.5678176879883,2,4161.9,15984.59375,76744.28125
1162.584822177887,2,4575.6,19417.3359375,76744.28125
1163.6058204174042,2,4648.5,23677.19140625,76744.28125
1164.6298170089722,2,4704.8,28817.609375,76744.28125
1165.6498336791992,2,4268.1,19738.23046875,76744.28125
1166.662828207016,2,4601.3,23702.78125,76744.28125
1167.6749053001404,2,4301.3,24658.12890625,76744.28125
1168.69482421875,2,4353.2,25046.234375,76744.28125
1169.7033412456512,2,3593.1,25352.19140625,76744.28125
1170.7341675758362,2,3701.1,25730.0625,76744.28125
1171.7596547603607,2,3902.9,25783.94921875,76744.28125
1172.7848155498505,2,4061.4,26385.03125,76744.28125
1173.7958161830902,2,3334.2,27928.35546875,76744.28125
1174.803638458252,2,1708.7,28208.74609375,76744.28125
1175.8129510879517,2,1692.9,28365.90625,76744.28125
1176.820925951004,2,1639.2,28408.74609375,76744.28125
1177.831824541092,2,3277.4,28656.30078125,76744.28125
1178.8467411994934,2,4054.3,29166.2109375,76744.28125
1179.8544826507568,2,565.7,29443.25,76744.28125
1180.861986875534,2,577.6,9229.1875,78792.296875
1181.8696160316467,2,987.3,9073.1796875,76744.28125
1182.879623413086,2,2695.9,10768.01953125,76744.28125
1183.887815952301,2,3720.6,14103.234375,76744.28125
1184.905381679535,2,4475.1,14352.56640625,76744.28125
1185.919826745987,2,4634.5,19413.22265625,76744.28125
1186.9441347122192,2,4660.7,23751.73046875,76744.28125
1187.968220949173,2,4448.2,19224.4375,76744.28125
1188.9846506118774,2,4462.7,20173.59765625,76744.28125
1190.007907629013,2,3575.5,20640.43359375,76744.28125
1191.0272691249847,2,3858.1,20813.03125,76744.28125
1192.0384948253632,2,3539.4,20970.49609375,76744.28125
1193.0498116016388,2,4053.3,22251.44140625,76744.28125
1194.0678145885468,2,1658.9,22144.07421875,76744.28125
1195.0783088207245,2,1825.5,22086.34375,76744.28125
1196.0878138542175,2,2647.5,22345.82421875,76744.28125
1197.0978155136108,2,3403.6,22450.51953125,76744.28125
1198.1056933403015,2,600.1,9625.4296875,78792.296875
1199.117510318756,2,893.3,9747.15625,76744.28125
1200.1248149871826,2,1928.7,10014.2421875,76744.28125
1201.1541318893433,2,2349.2,12857.21484375,76744.28125
1202.1678247451782,2,4578.7,15442.5078125,76744.28125
1203.1798145771027,2,4136.2,16428.8515625,76744.28125
1204.192434310913,2,4440.0,18923.23828125,76744.28125
1205.2178220748901,2,4667.6,23155.4453125,76744.28125
1206.2421517372131,2,4663.6,28469.97265625,76744.28125
1207.2665011882782,2,4571.0,24342.71484375,76800.28125
1208.2914097309113,2,4292.0,23827.57421875,76800.28125
1209.3158292770386,2,4280.5,25474.9765625,76800.28125
1210.3338148593903,2,4497.4,25705.69921875,76800.28125
1211.3535845279694,2,4108.5,25990.2578125,76800.28125
1212.3730370998383,2,3280.3,26162.37890625,76800.28125
1213.3818242549896,2,3881.2,26567.70703125,76800.28125
1214.4075241088867,2,3286.1,26549.3125,76800.28125
1215.4175291061401,2,4175.5,27925.21875,76800.28125
1216.425347328186,2,3062.0,29108.0546875,76800.28125
1217.433814048767,2,1559.1,29049.82421875,76800.28125
1218.4504318237305,2,1732.1,29135.44921875,76800.28125
1219.4671478271484,2,1498.3,29007.4921875,76800.28125
1220.4758160114288,2,3090.7,29351.18359375,76800.28125
1221.486065864563,2,4453.2,29665.07421875,76800.28125
1222.4946475028992,2,784.9,30099.421875,76800.28125
1223.5024240016937,2,656.8,8267.48828125,78848.296875
1224.510279417038,2,723.4,9289.1171875,76800.28125
1225.5168149471283,2,1897.8,9758.36328125,76800.28125
1226.5464742183685,2,2404.3,12519.3671875,76800.28125
1227.556386232376,2,4378.3,15607.81640625,76800.28125
1228.5648167133331,2,4340.1,16172.5234375,76800.28125
1229.5838282108307,2,4582.3,19319.34375,76800.28125
1230.6084768772125,2,4706.8,24682.5859375,76800.28125
1231.6328179836273,2,4705.7,30181.26171875,76800.28125
1232.6579368114471,2,4369.6,19987.3359375,76800.28125
1233.6802763938904,2,4614.7,24037.97265625,76800.28125
1234.6948239803314,2,4314.7,24916.99609375,76800.28125
1235.7259163856506,2,4299.8,25292.453125,76800.28125
1236.7438340187073,2,3382.3,25573.22265625,76800.28125
1237.7699947357178,2,3616.2,25885.51953125,76800.28125
1238.7958273887634,2,3997.5,26021.09765625,76800.28125
1239.8218190670013,2,4078.5,26519.83203125,76800.28125
1240.8338160514832,2,3462.4,28073.94921875,76800.28125
1241.8498163223267,2,1695.9,28360.4609375,76800.28125
1242.8634667396545,2,1732.8,28421.15625,76800.28125
1243.8710341453552,2,1680.5,28390.90234375,76800.28125
1244.8788158893585,2,3007.6,28777.47265625,76800.28125
1245.8893203735352,2,4348.5,29215.51953125,76800.28125
1246.8985481262207,2,535.2,29552.85546875,76800.28125
1247.9071900844574,2,669.5,8804.62890625,78848.296875
1248.9158148765564,2,886.9,9379.8671875,76800.28125
1249.9378106594086,2,2186.2,9757.3515625,76800.28125
1250.9868574142456,2,2467.7,12713.10546875,76800.28125
1252.004816532135,2,4321.7,15727.6484375,76800.28125
1253.0218188762665,2,4412.9,16199.55859375,76800.28125
1254.0408222675323,2,4608.7,20169.3046875,76800.28125
1255.0618703365326,2,4665.3,24949.92578125,76800.28125
1256.0958178043365,2,4676.0,30048.3046875,76800.28125
1257.1158187389374,2,4343.7,20448.1171875,76800.28125
1258.1357116699219,2,4493.1,24380.53515625,76800.28125
1259.1458241939545,2,4392.5,24752.94921875,76800.28125
1260.1658236980438,2,4274.2,25202.0234375,76800.28125
1261.1848323345184,2,3525.5,25460.74609375,76800.28125
1262.2098243236542,2,3619.1,25877.0,76800.28125
1263.229825258255,2,3820.1,25794.83984375,76800.28125
1264.245005607605,2,4035.2,26974.0234375,76800.28125
1265.254823923111,2,3361.7,28274.671875,76800.28125
1266.2676866054535,2,1474.9,28378.390625,76800.28125
1267.2758169174194,2,1993.1,28502.15625,76800.28125
1268.2949056625366,2,1415.7,28199.0,76800.28125
1269.309816122055,2,3707.8,28952.05859375,76800.28125
1270.3515827655792,2,3377.3,29288.49609375,76800.28125
1271.3596572875977,2,565.1,29453.375,76800.28125
1272.368305683136,2,586.1,7810.92578125,76800.28125
1273.376552581787,2,981.5,9330.74609375,76800.28125
1274.385306596756,2,3388.0,9655.2578125,76800.28125
1275.3918180465698,2,2464.8,14218.078125,76800.28125
1276.4118144512177,2,4213.7,15855.875,76800.28125
1277.428827047348,2,4478.8,16649.6640625,76800.28125
1278.4530899524689,2,4664.9,21783.52734375,76800.28125
1279.4771099090576,2,4716.1,27336.69140625,76800.28125
1280.501482963562,2,4687.3,27607.87890625,76800.28125
1281.5268251895905,2,4348.4,23305.8203125,76800.28125
1282.553656578064,2,4254.5,24954.03515625,76800.28125
1283.5718169212341,2,4489.6,25103.70703125,76800.28125
1284.5906875133514,2,4292.4,25391.62890625,76800.28125
1285.5988738536835,2,3217.4,25704.65625,76800.28125
1286.6086556911469,2,4260.9,25942.16015625,76800.28125
1287.6337673664093,2,3265.8,26007.48046875,76800.28125
1288.644826889038,2,4275.0,27327.13671875,76800.28125
1289.6635565757751,2,2361.5,28298.68359375,76800.28125
1290.6734714508057,2,1645.9,28327.578125,76800.28125
1291.6819694042206,2,2031.2,28263.9453125,76800.28125
1292.6906588077545,2,1476.7,28476.9296875,76800.28125
1293.7099404335022,2,4445.9,28706.3359375,76800.28125
1294.719160079956,2,2255.7,29332.546875,76800.28125
1295.7278156280518,2,723.8,29636.73046875,76800.28125
1296.7365248203278,2,503.4,8399.6640625,76800.28125
1297.7435562610626,2,849.5,10037.1875,76800.28125
1298.7528131008148,2,2823.5,10151.859375,76800.28125
1299.8028194904327,2,2281.5,13344.45703125,76800.28125
1300.8207664489746,2,4555.2,16079.5546875,76800.28125
1301.8281128406525,2,4175.6,16923.55078125,76800.28125
1302.8468225002289,2,4497.6,19775.28515625,76800.28125
1303.8648209571838,2,4663.7,24076.90625,76800.28125
1304.8893957138062,2,4661.5,28921.53125,76800.28125
1305.9135384559631,2,4538.8,25817.00390625,76800.28125
1306.9391453266144,2,4361.3,24426.01953125,76800.28125
1307.963815689087,2,4263.7,26146.20703125,76800.28125
1308.9813814163208,2,4456.8,26340.47265625,76800.28125
1309.9994292259216,2,4316.0,26491.5625,76800.28125
1311.0088267326355,2,2893.7,26779.28125,76800.28125
1312.0358271598816,2,3571.8,27136.61328125,76800.28125
1313.0588257312775,2,3652.4,26998.9453125,76800.28125
1314.0798165798187,2,4286.5,27769.24609375,76800.28125
1315.09481215477,2,3339.1,29253.8046875,76800.28125
1316.1125881671906,2,1576.6,29563.83984375,76800.28125
1317.120444059372,2,1625.2,29512.71875,76800.28125
1318.1282832622528,2,2000.4,29384.8671875,76800.28125
1319.1372225284576,2,1772.9,29595.578125,76800.28125
1320.1432540416718,2,4483.3,29911.38671875,76800.28125
1321.161864042282,2,2381.9,30505.73828125,76800.28125
1322.1692953109741,2,676.7,30793.07421875,76800.28125
1323.181687116623,2,786.0,8179.3046875,76800.28125
1324.189299106598,2,2286.4,9399.9375,76800.28125
1325.1978154182434,2,4025.7,11391.7265625,76800.28125
1326.2158210277557,2,4640.5,16049.7265625,76800.28125
1327.235821723938,2,4275.4,14923.12890625,76800.28125
1328.2498230934143,2,3843.9,15288.49609375,76800.28125
1329.2585515975952,2,3483.2,15466.640625,76800.28125
1330.2654860019684,2,3534.3,16692.23828125,76800.28125
1331.2736132144928,2,1574.7,16578.83203125,76800.28125
1332.2817766666412,2,2775.4,16697.6640625,76800.28125
1333.2925643920898,2,1960.1,16990.69921875,76800.28125
1334.3000020980835,2,905.0,8407.578125,76800.28125
1335.307867527008,2,2206.8,9795.3515625,76800.28125
1336.3158140182495,2,4249.5,11480.9453125,76800.28125
1337.3334872722626,2,4624.0,16323.875,76800.28125
1338.3570594787598,2,4247.4,14977.359375,76800.28125
1339.374492406845,2,3817.5,15222.296875,76800.28125
1340.384113073349,2,3507.0,15374.69140625,76800.28125
1341.3958444595337,2,3426.1,16554.65625,76800.28125
1342.4031569957733,2,1683.0,16380.93359375,76800.28125
1343.4168195724487,2,2980.5,16602.4921875,76800.28125
1344.43172621727,2,1645.2,16914.40234375,76800.28125
1345.4399583339691,2,535.3,8667.54296875,76800.28125
1346.4470791816711,2,830.6,10027.46875,76800.28125
1347.4548120498657,2,3357.8,10115.7578125,76800.28125
1348.4768662452698,2,2258.8,13411.27734375,76800.28125
1349.49081492424,2,4260.5,16494.39453125,76800.28125
1350.507818222046,2,4388.7,16915.4140625,76800.28125
1351.5258224010468,2,4564.7,20041.22265625,76800.28125
1352.5502755641937,2,4664.4,24687.71484375,76800.28125
1353.5758218765259,2,4678.0,30384.32421875,76800.28125
1354.6002876758575,2,4605.3,21244.390625,89088.28125
1355.620841741562,2,4392.7,24452.41796875,89088.28125
1356.6478130817413,2,4259.5,26139.61328125,89088.28125
1357.66552567482,2,4453.9,26330.53515625,89088.28125
1358.6838183403015,2,4103.8,26675.16796875,89088.28125
1359.696837425232,2,3115.8,26805.015625,89088.28125
1360.7238321304321,2,3305.2,27148.53515625,89088.28125
1361.7484893798828,2,3673.0,27039.26171875,89088.28125
1362.7636477947235,2,4421.5,27793.875,89088.28125
1363.7738854885101,2,3289.3,29388.80859375,89088.28125
1364.7807357311249,2,1419.7,29675.48828125,89088.28125
1365.7893574237823,2,1640.7,29539.5703125,89088.28125
1366.7980573177338,2,1971.8,29514.671875,89088.28125
1367.8078136444092,2,1724.8,29674.7734375,89088.28125
1368.817813873291,2,4463.1,29990.1953125,89088.28125
1369.8354909420013,2,2482.1,30488.6953125,89088.28125
1370.8437898159027,2,644.0,30769.17578125,89088.28125
1371.8515841960907,2,529.2,8205.4921875,89088.28125
1372.8590092658997,2,907.1,9572.40234375,89088.28125
1373.8663892745972,2,3474.1,9775.953125,89088.28125
1374.8988189697266,2,2415.8,13525.2734375,89088.28125
1375.9148149490356,2,4351.0,15752.0546875,89088.28125
1376.9328210353851,2,4361.4,16226.046875,89088.28125
1377.95507979393,2,4596.9,21057.8125,89088.28125
1378.9806160926819,2,4673.6,26682.98828125,89088.28125
1380.003818511963,2,4533.6,30337.3125,89088.28125
1381.0238320827484,2,4391.3,21305.76171875,89088.28125
1382.0574700832367,2,4251.4,24866.48828125,89088.28125
1383.0758163928986,2,4464.2,25094.26953125,89088.28125
1384.0967729091644,2,4516.7,25244.01171875,89088.28125
1385.1190295219421,2,3297.9,25510.08203125,89088.28125
1386.1458275318146,2,3706.2,25912.0,89088.28125
1387.1708164215088,2,3489.9,25898.8984375,89088.28125
1388.1999332904816,2,4195.6,27249.23828125,89088.28125
1389.2174270153046,2,2826.6,28393.32421875,89088.28125
1390.2318308353424,2,1673.2,28208.25390625,89088.28125
1391.2450497150421,2,1944.6,28305.4296875,89088.28125
1392.2617404460907,2,1234.1,28183.8828125,89088.28125
1393.2688150405884,2,4279.2,28724.78125,89088.28125
1394.2786312103271,2,2833.9,29295.75,89088.28125
1395.2868134975433,2,645.6,29585.28125,89088.28125
1396.2948017120361,2,472.5,8085.21875,89088.28125
1397.3022527694702,2,880.2,9946.171875,89088.28125
1398.3108203411102,2,2344.8,10073.67578125,89088.28125
1399.3335604667664,2,2287.0,13058.46484375,89088.28125
1400.3468182086945,2,4597.2,15656.296875,89088.28125
1401.3588132858276,2,4214.8,16731.16015625,89088.28125
1402.3738219738007,2,4354.6,18689.82421875,89088.28125
1403.3978834152222,2,4659.8,22889.80078125,89088.28125
1404.4221172332764,2,4662.4,27686.41796875,89088.28125
1405.4462320804596,2,4461.3,28577.734375,89088.28125
1406.4718494415283,2,4296.8,24261.73046875,89088.28125
1407.5038146972656,2,4245.0,26293.31640625,89088.28125
1408.5215015411377,2,4409.1,26527.74609375,89088.28125
1409.5398194789886,2,4480.4,26680.59765625,89088.28125
1410.5598311424255,2,2890.2,26924.203125,89088.28125
1411.5758299827576,2,3657.2,27155.96875,89088.28125
1412.5858221054077,2,3866.1,27246.6171875,89088.28125
1413.6108140945435,2,4097.8,27800.1171875,89088.28125
1414.622328042984,2,3520.2,29180.703125,89088.28125
1415.6307005882263,2,1717.2,29823.4453125,89088.28125
1416.6393325328827,2,1689.7,29563.62109375,89088.28125
1417.649626493454,2,2037.4,29524.328125,89088.28125
1418.6598150730133,2,1414.4,29627.94921875,89088.28125
1419.674817085266,2,4466.4,29887.09765625,89088.28125
1420.7042026519775,2,2900.7,30490.40234375,89088.28125
1421.7107429504395,2,627.8,30776.703125,89088.28125
1422.7207732200623,2,506.3,8066.3671875,89088.28125
1423.7279391288757,2,928.3,9568.59375,89088.28125
1424.7363131046295,2,3210.5,9773.19140625,89088.28125
1425.8148159980774,2,2532.8,13516.59765625,89088.28125
1426.8251469135284,2,4350.6,15744.38671875,89088.28125
1427.835121870041,2,4383.4,16214.3515625,89088.28125
1428.8548233509064,2,4609.4,21533.76171875,89088.28125
1429.8748183250427,2,4711.1,26864.68359375,89088.28125
1430.8948197364807,2,4697.7,30191.86328125,89088.28125
1431.9200744628906,2,4317.8,21447.01171875,89088.28125
1432.9478163719177,2,4272.7,24812.34375,89088.28125
1433.9658148288727,2,4481.1,25030.609375,89088.28125
1434.9834234714508,2,4484.7,25217.83203125,89088.28125
1436.0028309822083,2,3159.2,25452.421875,89088.28125
1437.0298326015472,2,3506.0,25919.5546875,89088.28125
1438.0467681884766,2,3500.7,25887.59765625,89088.28125
1439.0706269741058,2,4284.1,27165.54296875,89088.28125
1440.0796573162079,2,2991.5,28410.78125,89088.28125
1441.0888199806213,2,1683.8,28258.390625,89088.28125
1442.1011135578156,2,1908.1,28296.95703125,89088.28125
1443.1089127063751,2,1353.5,28178.984375,89088.28125
1444.1198122501373,2,4241.1,28733.9296875,89088.28125
1445.1338131427765,2,2861.0,29308.72265625,89088.28125
1446.1393983364105,2,663.8,29581.39453125,89088.28125
1447.1502017974854,2,475.6,8099.80078125,89088.28125
1448.157384634018,2,950.2,9453.84375,89088.28125
1449.164811372757,2,3497.6,9692.09765625,89088.28125
1450.224825143814,2,2314.5,13798.31640625,89088.28125
1451.2439670562744,2,4316.6,15732.0625,89088.28125
1452.250128030777,2,4384.0,16186.8671875,89088.28125
1453.2618172168732,2,4648.0,20866.95703125,89088.28125
1454.284821510315,2,4672.1,26141.24609375,89088.28125
1455.304830789566,2,4676.8,29915.6953125,89088.28125
1456.3305733203888,2,4390.8,21852.33203125,89088.28125
1457.3625402450562,2,4246.2,24914.12890625,89088.28125
1458.3798160552979,2,4452.3,25110.31640625,89088.28125
1459.3974063396454,2,4499.0,25296.87890625,89088.28125
1460.4127185344696,2,3374.7,25568.8203125,89088.28125
1461.420702457428,2,3887.1,25970.109375,89088.28125
1462.445330619812,2,3380.0,25895.48046875,89088.28125
1463.4558176994324,2,4215.8,27314.87890625,89088.28125
1464.473440170288,2,2680.4,28367.39453125,89088.28125
1465.479814529419,2,1676.2,28282.1640625,89088.28125
1466.4878182411194,2,1915.9,28337.015625,89088.28125
1467.5043361186981,2,1250.8,28217.93359375,89088.28125
1468.511816740036,2,4329.5,28657.3046875,89088.28125
1469.5222663879395,2,2780.7,29285.71484375,89088.28125
1470.5304803848267,2,656.7,29558.5078125,89088.28125
1471.5384600162506,2,543.1,8093.66796875,89088.28125
1472.5457608699799,2,972.3,9255.890625,89088.28125
1473.5526456832886,2,3257.7,10644.22265625,89088.28125
1474.5618197917938,2,3589.6,14066.3671875,89088.28125
1475.5738124847412,2,4381.2,14643.65625,89088.28125
1476.5918228626251,2,4611.6,18856.0625,89088.28125
1477.6194622516632,2,4690.2,24433.87890625,89088.28125
1478.6405062675476,2,4441.3,18652.21875,89088.28125
1479.6668214797974,2,4445.2,20577.765625,89088.28125
1480.6868216991425,2,4501.5,20745.39453125,89088.28125
1481.7068355083466,2,3149.2,21002.5390625,89088.28125
1482.7332079410553,2,2971.7,21253.6328125,89088.28125
1483.752818107605,2,4064.9,21731.140625,89088.28125
1484.762995481491,2,3059.2,22727.26171875,89088.28125
1485.771265745163,2,1645.8,22634.99609375,89088.28125
1486.7768750190735,2,1824.6,22579.83203125,89088.28125
1487.7848181724548,2,2919.6,22765.54296875,89088.28125
1488.7948467731476,2,3311.7,23030.6328125,89088.28125
1489.8022875785828,2,613.8,9577.859375,91136.296875
1490.8107883930206,2,892.2,9605.1796875,89088.28125
1491.8188183307648,2,2336.0,9772.296875,89088.28125
1492.8608133792877,2,2474.9,12726.3046875,89088.28125
1493.8728196620941,2,4331.0,15745.41796875,89088.28125
1494.8908202648163,2,4385.0,16214.640625,89088.28125
1495.9098210334778,2,4621.7,20322.4609375,89088.28125
1496.9298207759857,2,4672.4,24978.3125,89088.28125
1497.9497048854828,2,4476.3,29772.16796875,89088.28125
1498.973132133484,2,4273.3,20478.79296875,89088.28125
1499.9888317584991,2,4621.7,23951.22265625,89088.28125
1501.0028252601624,2,4310.8,24745.984375,89088.28125
1502.0228159427643,2,4322.3,25152.67578125,89088.28125
1503.0408344268799,2,3412.2,25393.51171875,89088.28125
1504.0678374767303,2,3656.7,25740.640625,89088.28125
1505.0888249874115,2,3970.3,25841.13671875,89088.28125
1506.1119122505188,2,4113.9,26446.77734375,89088.28125
1507.1224989891052,2,3280.4,28022.23046875,89088.28125
1508.130844593048,2,1620.6,28220.63671875,89088.28125
1509.1389784812927,2,1657.5,28357.484375,89088.28125
1510.1470935344696,2,1663.1,28353.9765625,89088.28125
1511.156346321106,2,3284.8,28659.4453125,89088.28125
1512.1681776046753,2,4116.7,29165.32421875,89088.28125
1513.1765327453613,2,566.1,29464.8671875,89088.28125
1514.1852464675903,2,594.9,8889.33203125,91136.296875
1515.1937334537506,2,901.9,9294.51171875,89088.28125
1516.2018134593964,2,2175.7,9664.578125,89088.28125
1517.2516617774963,2,2467.6,12605.54296875,89088.28125
1518.2688138484955,2,4324.6,15627.640625,89088.28125
1519.2854268550873,2,4374.5,16101.20703125,89088.28125
1520.3036062717438,2,4611.5,19727.08203125,89088.28125
1521.328818321228,2,4669.5,24353.83984375,89088.28125
1522.3530325889587,2,4677.0,29958.6171875,89088.28125
1523.3775067329407,2,4227.0,20490.91796875,89088.28125
1524.394831418991,2,4604.5,24317.23828125,89088.28125
1525.4138219356537,2,4301.3,24787.12890625,89088.28125
1526.43381357193,2,4273.7,25201.44140625,89088.28125
1527.449833393097,2,3566.6,25416.4609375,89088.28125
1528.4678313732147,2,3663.1,25751.94140625,89088.28125
1529.480711698532,2,3826.3,25711.49609375,89088.28125
1530.490505695343,2,4174.8,26475.23828125,89088.28125
1531.50124001503,2,3194.4,28217.3671875,89088.28125
1532.509714603424,2,1619.7,28303.296875,89088.28125
1533.5178174972534,2,1823.2,28398.4921875,89088.28125
1534.5348138809204,2,1661.4,28136.99609375,89088.28125
1535.5419082641602,2,3390.1,28813.84765625,89088.28125
1536.5537688732147,2,3853.5,29177.08984375,89088.28125
1537.561749458313,2,571.3,29438.9375,89088.28125
1538.570029258728,2,583.5,9390.46484375,91136.296875
1539.577778339386,2,883.5,9553.77734375,89088.28125
1540.586816072464,2,1902.0,9903.5625,89088.28125
1541.6245775222778,2,2349.3,12708.99609375,89088.28125
1542.6320543289185,2,4547.5,15379.46484375,89088.28125
1543.6438176631927,2,4133.1,16419.04296875,89088.28125
1544.6618220806122,2,4545.0,19116.3125,89088.28125
1545.6868216991425,2,4681.1,23372.82421875,89088.28125
1546.7068207263947,2,4712.0,28286.94921875,89088.28125
1547.7266516685486,2,4488.0,19829.44921875,89088.28125
1548.7418322563171,2,4292.4,23637.45703125,89088.28125
1549.7558157444,2,4262.6,25277.10546875,89088.28125
1550.7738118171692,2,4464.3,25475.7421875,89088.28125
1551.7914814949036,2,3837.3,25818.98046875,89088.28125
1552.798772096634,2,3143.7,25980.859375,89088.28125
1553.806828737259,2,4026.6,26346.98046875,89088.28125
1554.831820487976,2,3431.5,26420.17578125,89088.28125
1555.8418135643005,2,4312.1,27805.88671875,89088.28125
1556.8595178127289,2,2752.5,28906.74609375,89088.28125
1557.8667469024658,2,1618.5,28764.4921875,89088.28125
1558.8728182315826,2,1814.7,28937.00390625,89088.28125
1559.8900628089905,2,1296.2,28913.9140625,89088.28125
1560.9006009101868,2,3254.3,29294.89453125,89088.28125
1561.9108154773712,2,4420.2,29572.08984375,89088.28125
1562.9209833145142,2,641.3,29963.29296875,89088.28125
1563.9283237457275,2,656.4,8420.95703125,91136.296875
1564.9368727207184,2,921.9,8843.06640625,89088.28125
1565.9447047710419,2,2489.9,10279.42578125,89088.28125
1566.9526941776276,2,4296.5,12263.01171875,89088.28125
1567.9718198776245,2,4559.1,15727.984375,89088.28125
1568.9981195926666,2,4481.3,19944.453125,89088.28125
1570.0156407356262,2,4272.3,17496.7421875,89088.28125
1571.0261080265045,2,4498.6,17699.01171875,89088.28125
1572.0453085899353,2,2921.7,18002.94921875,89088.28125
1573.0521352291107,2,3670.9,18161.70703125,89088.28125
1574.06281208992,2,3942.2,19245.54296875,89088.28125
1575.0792410373688,2,1470.4,19319.18359375,89088.28125
1576.087099313736,2,1646.8,19281.25,89088.28125
1577.0956468582153,2,3930.3,19457.3359375,89088.28125
1578.1068136692047,2,1466.5,19714.66015625,89088.28125
1579.1162376403809,2,706.7,8697.59765625,89088.28125
1580.1238195896149,2,2177.5,9430.01171875,89088.28125
1581.1719961166382,2,2851.5,12936.33203125,89088.28125
1582.1912353038788,2,4350.6,14195.9921875,89088.28125
1583.209819316864,2,4588.5,17101.63671875,89088.28125
1584.233903169632,2,4653.5,21970.15234375,89088.28125
1585.2584054470062,2,4341.4,17412.34375,89088.28125
1586.2828135490417,2,4414.3,19929.8359375,89088.28125
1587.2995297908783,2,4499.3,20121.69140625,89088.28125
1588.3188333511353,2,3481.7,20307.5859375,89088.28125
1589.3448207378387,2,3397.2,20544.62890625,89088.28125
1590.370478630066,2,4084.4,21271.41015625,89088.28125
1591.3906016349792,2,2481.3,21840.85546875,89088.28125
1592.4038136005402,2,1840.0,21902.9296875,89088.28125
1593.4208133220673,2,1675.7,21984.31640625,89088.28125
1594.4358150959015,2,4585.6,21988.46484375,89088.28125
1595.4457395076752,2,1025.7,22432.421875,89088.28125
1596.4526154994965,2,738.5,8750.46875,89088.28125
1597.4608173370361,2,2613.8,9334.08984375,89088.28125
1598.4933490753174,2,2898.3,12985.32421875,89088.28125
1599.5098176002502,2,4361.2,14068.1328125,89088.28125
1600.5278244018555,2,4607.6,17871.828125,89088.28125
1601.5528202056885,2,4663.2,23072.99609375,89088.28125
1602.573830127716,2,4376.9,18611.89453125,89088.28125
1603.5938258171082,2,4454.4,19731.29296875,89088.28125
1604.6130936145782,2,4022.7,20044.4609375,89088.28125
1605.6222336292267,2,3438.6,20359.140625,89088.28125
1606.6464114189148,2,3739.3,20458.48828125,89088.28125
1607.6538937091827,2,4210.4,21404.17578125,89088.28125
1608.6616606712341,2,1642.3,21793.32421875,89088.28125
1609.6698122024536,2,1925.3,21656.40234375,89088.28125
1610.680661201477,2,2314.8,21827.13671875,89088.28125
1611.695198059082,2,3699.5,22097.8515625,89088.28125
1612.7034845352173,2,590.0,9208.55859375,91136.296875
1613.711992740631,2,959.8,9011.125,89088.28125
1614.7195961475372,2,2687.9,10643.83984375,89088.28125
1615.727814912796,2,3752.3,13905.45703125,89088.28125
1616.7448201179504,2,4487.0,14389.4609375,89088.28125
1617.7568209171295,2,4671.2,19454.30078125,89088.28125
1618.7813787460327,2,4464.7,23205.87890625,89088.28125
1619.8058366775513,2,4436.1,19281.6171875,89088.28125
1620.8186209201813,2,4321.1,19835.25390625,89088.28125
1621.8278186321259,2,3528.4,20141.375,89088.28125
1622.8418381214142,2,4041.1,20368.69140625,89088.28125
1623.8668160438538,2,3731.5,20666.19921875,89088.28125
1624.877590894699,2,3561.2,21795.828125,89088.28125
1625.8844246864319,2,1529.4,21738.59765625,89088.28125
1626.8927910327911,2,1762.7,21630.14453125,89088.28125
1627.9018244743347,2,3362.3,21882.98828125,89088.28125
1628.9207634925842,2,2514.0,22091.29296875,89088.28125
1629.9297292232513,2,582.8,8015.9765625,89088.28125
1630.9370579719543,2,1038.9,9410.625,89088.28125
1631.951679468155,2,2882.2,11587.96875,89088.28125
1632.9618139266968,2,4460.9,14007.23828125,89088.28125
1633.9794254302979,2,4461.7,15754.4296875,89088.28125
1635.0046830177307,2,4660.4,20473.65625,89088.28125
1636.0323011875153,2,4655.3,19340.15625,89088.28125
1637.047907114029,2,4435.2,19780.6328125,89088.28125
1638.0608215332031,2,4297.7,20229.23046875,89088.28125
1639.0798332691193,2,3366.6,20424.03515625,89088.28125
1640.1056265830994,2,4158.3,20632.74609375,89088.28125
1641.1324319839478,2,3636.0,20927.66796875,89088.28125
1642.1433682441711,2,3423.0,22044.62109375,89088.28125
1643.1518185138702,2,1583.5,21912.7578125,89088.28125
1644.164101600647,2,1812.9,21905.04296875,89088.28125
1645.1718165874481,2,3211.0,22156.4296875,89088.28125
1646.1860828399658,2,2794.2,22320.390625,89088.28125
1647.194475889206,2,524.9,7833.0703125,89088.28125
1648.2021651268005,2,2055.7,8726.046875,89088.28125
1649.2546322345734,2,3309.6,11831.61328125,89088.28125
1650.2628190517426,2,4422.0,13689.51953125,89088.28125
1651.2828183174133,2,4662.9,18728.66796875,89088.28125
1652.3028473854065,2,4383.4,16289.62890625,89088.28125
1653.3158295154572,2,4342.8,17200.140625,89088.28125
1654.3350009918213,2,3598.1,17442.96484375,89088.28125
1655.3484463691711,2,3713.8,17668.34375,89088.28125
1656.360815525055,2,4077.1,18505.96875,89088.28125
1657.3768148422241,2,1734.5,18824.28515625,89088.28125
1658.3886232376099,2,1679.8,18791.0078125,89088.28125
1659.3978226184845,2,3253.9,18924.3125,89088.28125
1660.4086112976074,2,2096.0,19300.046875,89088.28125
1661.4162421226501,2,721.6,8139.265625,89088.28125
1662.4238138198853,2,2500.4,8711.91015625,89088.28125
1663.4808146953583,2,3209.2,11985.46875,89088.28125
1664.498820066452,2,4489.9,14243.2109375,89088.28125
1665.5408220291138,2,4662.1,19489.0078125,89088.28125
1666.5652079582214,2,4424.7,16403.7578125,89088.28125
1667.5901551246643,2,4341.2,17383.41015625,89088.28125
1668.6088387966156,2,3597.7,17689.53125,89088.28125
1669.6338255405426,2,3645.8,17965.92578125,89088.28125
1670.650893688202,2,4088.4,18790.984375,89088.28125
1671.6605386734009,2,1654.2,19156.52734375,89088.28125
1672.6679015159607,2,1698.4,19093.74609375,89088.28125
1673.6736178398132,2,3338.4,19305.30859375,89088.28125
1674.6834428310394,2,2023.0,19628.2890625,89088.28125
1675.691195011139,2,858.5,8363.25,89088.28125
1676.6989467144012,2,2370.0,9268.66015625,89088.28125
1677.7064046859741,2,3815.8,11510.53125,89088.28125
1678.7148253917694,2,4611.7,15676.71875,89088.28125
1679.7405259609222,2,4503.7,14629.29296875,89088.28125
1680.7522671222687,2,4143.6,15277.14453125,89088.28125
1681.7617630958557,2,3079.2,15479.4765625,89088.28125
1682.7718167304993,2,3853.6,16250.59375,89088.28125
1683.7846322059631,2,1622.7,16701.16015625,89088.28125
1684.7953398227692,2,1748.8,16690.08984375,89088.28125
1685.8241798877716,2,3589.3,16986.73828125,89088.28125
1686.8325641155243,2,578.7,9210.5625,91136.296875
1687.8398785591125,2,2040.5,8534.99609375,89088.28125
1688.847555398941,2,3208.9,11517.66015625,89088.28125
1689.8648154735565,2,4106.1,13168.16796875,89088.28125
1690.8824450969696,2,4622.1,16680.80859375,89088.28125
1691.9078192710876,2,4292.9,16366.01953125,89088.28125
1692.9243841171265,2,3783.3,16567.02734375,89088.28125
1693.940699338913,2,3402.2,16741.42578125,89088.28125
1694.9487278461456,2,3585.2,17376.703125,89088.28125
1695.9588177204132,2,4080.2,18672.36328125,89088.28125
1696.976373910904,2,2301.2,19056.32421875,89536.28125
1697.9838140010834,2,2974.1,19288.0625,89536.28125
1698.9944479465485,2,3285.3,19473.1640625,89536.28125
1700.0018277168274,2,588.3,8392.171875,91584.296875
1701.0097811222076,2,2124.3,8781.05078125,89536.28125
1702.0192604064941,2,3751.3,12389.32421875,89536.28125
1703.0298116207123,2,4370.9,13312.57421875,89536.28125
1704.0463905334473,2,4602.0,16168.9296875,89536.28125
1705.0598123073578,2,4299.2,16421.9296875,89536.28125
1706.0766491889954,2,3529.9,16672.3671875,89536.28125
1707.0848274230957,2,3506.6,16983.5390625,89536.28125
1708.109653711319,2,4110.9,17925.6796875,89536.28125
1709.1231758594513,2,3908.1,19159.703125,89536.28125
1710.132865190506,2,1714.9,19002.6875,89536.28125
1711.1388142108917,2,3825.7,19226.11328125,89536.28125
1712.152999639511,2,2266.1,19544.625,89536.28125
1713.160691022873,2,1118.7,8216.9765625,89536.28125
1714.169811964035,2,2725.6,8756.40625,89536.28125
1715.201817035675,2,3605.1,13087.98828125,89536.28125
1716.219820022583,2,4472.7,14396.734375,89536.28125
1717.2448229789734,2,4572.1,14722.05859375,89536.28125
1718.2588210105896,2,4312.4,16545.796875,89536.28125
1719.276716709137,2,3297.3,16764.89453125,89536.28125
1720.285570859909,2,3272.2,16938.08984375,89536.28125
1721.2916440963745,2,4436.0,18420.55078125,89536.28125
1722.299964427948,2,3207.3,19060.53125,89536.28125
1723.306812286377,2,1842.5,19143.8984375,89536.28125
1724.317690372467,2,4546.3,19232.4296875,89536.28125
1725.3276762962341,2,1072.5,19605.1015625,89536.28125
1726.3355078697205,2,1748.2,8521.359375,89536.28125
1727.3446300029755,2,2266.1,9815.40625,89536.28125
1728.3558285236359,2,4388.9,13221.92578125,89536.28125
1729.3758232593536,2,4554.6,15617.94921875,89536.28125
1730.401335477829,2,4538.0,16029.45703125,89536.28125
1731.4125928878784,2,3846.3,16693.078125,89536.28125
1732.423817873001,2,3506.0,16766.95703125,89536.28125
1733.4438154697418,2,3450.0,17161.91796875,89536.28125
1734.4548180103302,2,4510.3,18664.05078125,89536.28125
1735.4724221229553,2,2512.2,19100.12109375,89536.28125
1736.478820323944,2,2494.9,19302.9296875,89536.28125
1737.488835811615,2,3949.5,19469.32421875,89536.28125
1738.4964427947998,2,668.7,9010.95703125,91584.296875
1739.5042622089386,2,2060.4,8706.47265625,89536.28125
1740.5124146938324,2,3062.2,11584.875,89536.28125
1741.5248124599457,2,4358.9,13317.62890625,89536.28125
1742.5415151119232,2,4613.6,17060.26953125,89536.28125
1743.5678172111511,2,4213.2,16456.078125,89536.28125
1744.5936059951782,2,3736.4,16718.0859375,89536.28125
1745.6018204689026,2,3319.5,16919.32421875,89536.28125
1746.608959197998,2,3838.1,17466.296875,89536.28125
1747.618814945221,2,4422.7,18726.58984375,89536.28125
1748.6348779201508,2,1893.1,19029.109375,89536.28125
1749.6428124904633,2,3228.9,19232.9921875,89536.28125
1750.6568808555603,2,2873.8,19382.53515625,89536.28125
1751.6658210754395,2,819.9,8020.18359375,89536.28125
1752.6748116016388,2,2303.4,8811.375,89536.28125
1753.7078268527985,2,3748.4,12734.6484375,89536.28125
1754.7198209762573,2,4363.9,13349.76171875,89536.28125
1755.7428226470947,2,4593.9,15161.46484375,89536.28125
1756.7558162212372,2,4314.8,16438.07421875,89536.28125
1757.7748296260834,2,3577.0,16694.62890625,89536.28125
1758.7992768287659,2,3206.9,16892.625,89536.28125
1759.815812587738,2,4105.2,17833.8515625,89536.28125
1760.8257901668549,2,4054.2,19059.859375,89536.28125
1761.8353259563446,2,1760.6,19133.5703125,89536.28125
1762.8458187580109,2,3920.7,19336.19921875,89536.28125
1763.8572971820831,2,2240.5,19584.02734375,89536.28125
1764.8659183979034,2,1229.6,8248.71484375,89536.28125
1765.8745143413544,2,2709.2,8768.56640625,89536.28125
1766.902816772461,2,3595.3,13149.6171875,89536.28125
1767.9205162525177,2,4470.9,14439.859375,89536.28125
1768.9464192390442,2,4562.5,14574.8359375,89536.28125
1769.9578144550323,2,4313.1,16600.32421875,89536.28125
1770.9756078720093,2,3416.0,16772.12109375,89536.28125
1771.983820438385,2,3224.7,16996.46484375,89536.28125
1772.996022939682,2,4408.1,18364.02734375,89536.28125
1774.0069284439087,2,3257.5,19164.96484375,89536.28125
1775.01380777359,2,1503.1,19011.671875,89536.28125
1776.0216600894928,2,4487.1,19224.03125,89536.28125
1777.0337629318237,2,1538.6,19597.39453125,89536.28125
1778.0410647392273,2,1596.8,8422.90625,89536.28125
1779.0498316287994,2,2467.1,9332.75,89536.28125
1780.0577800273895,2,4005.6,13243.88671875,89536.28125
1781.0758345127106,2,4548.2,15023.6953125,89536.28125
1782.1010694503784,2,4543.2,15451.35546875,89536.28125
1783.1147289276123,2,4183.5,16581.0703125,89536.28125
1784.1233882904053,2,3276.1,16774.2890625,89536.28125
1785.135820865631,2,3317.3,17077.98828125,89536.28125
1786.1558163166046,2,4510.4,18621.875,89536.28125
1787.1711962223053,2,2909.5,19223.03515625,89536.28125
1788.1789536476135,2,2045.2,19477.42578125,89536.28125
1789.1960067749023,2,4547.0,19451.76953125,89536.28125
1790.2082450389862,2,832.2,8233.859375,91584.296875
1791.2188148498535,2,2026.7,8694.55859375,89536.28125
1792.230836391449,2,2425.4,10091.23046875,89536.28125
1793.2448165416718,2,4353.7,13352.4296875,89536.28125
1794.262820482254,2,4599.3,16098.9375,89536.28125
1795.2828161716461,2,4374.5,16369.4453125,89536.28125
1796.3008213043213,2,3798.1,16726.9609375,89536.28125
1797.3126573562622,2,3606.7,16833.40234375,89536.28125
1798.3362457752228,2,3317.0,17259.3359375,89536.28125
1799.3478157520294,2,4509.1,18644.87109375,89536.28125
1800.3644180297852,2,2417.4,19132.20703125,89536.28125
1801.374517917633,2,2465.3,19284.0078125,89536.28125
1802.385036945343,2,4036.6,19481.0390625,89536.28125
1803.39342212677,2,648.3,8904.703125,91584.296875
1804.4006645679474,2,2085.9,8672.76953125,89536.28125
1805.408497095108,2,2947.1,11340.2890625,89536.28125
1806.42081284523,2,4356.3,13327.14453125,89536.28125
1807.438820362091,2,4624.9,16683.390625,89536.28125
1808.4598169326782,2,4331.5,16428.59765625,89536.28125
1809.4728326797485,2,3757.2,16800.71875,89536.28125
1810.4998235702515,2,3431.8,16843.6484375,89536.28125
1811.5101828575134,2,3624.2,17482.046875,89536.28125
1812.5215437412262,2,4457.9,18857.69140625,89536.28125
1813.5292732715607,2,2130.6,19198.94921875,89536.28125
1814.5368111133575,2,2690.7,19519.36328125,89536.28125
1815.5470855236053,2,3661.5,19619.33203125,89536.28125
1816.5552575588226,2,582.5,9685.26953125,91584.296875
1817.5630097389221,2,2109.5,8762.46875,89536.28125
1818.5718183517456,2,3472.5,12203.58984375,89536.28125
1819.589812040329,2,4368.2,13352.0546875,89536.28125
1820.607450723648,2,4586.0,17307.0625,89536.28125
1821.6308975219727,2,4293.4,16330.1484375,89536.28125
1822.648830652237,2,3699.0,16605.5546875,89536.28125
1823.670505285263,2,3107.1,16840.859375,89536.28125
1824.6828138828278,2,4005.2,17563.30859375,89536.28125
1825.693059682846,2,4095.0,18887.5,89536.28125
1826.7128150463104,2,1836.7,18940.89453125,89536.28125
1827.7228174209595,2,3457.1,19118.26953125,89536.28125
1828.7330996990204,2,2709.4,19426.66015625,89536.28125
1829.7390644550323,2,848.9,8025.16796875,89536.28125
1830.7478139400482,2,2536.4,8737.11328125,89536.28125
1831.799816608429,2,3607.2,13064.68359375,89536.28125
1832.8168241977692,2,4479.0,13997.17578125,89536.28125
1833.8378241062164,2,4551.4,14054.01953125,89536.28125
1834.8498170375824,2,4305.6,16507.65625,89536.28125
1835.8678324222565,2,3540.1,16691.98046875,89536.28125
1836.8948452472687,2,3288.7,16950.89453125,89536.28125
1837.9055738449097,2,4403.0,18250.53515625,89536.28125
1838.9183278083801,2,3311.0,19090.734375,89536.28125
1839.9254298210144,2,1588.8,19031.25390625,89536.28125
1840.9358131885529,2,4498.2,19189.7734375,89536.28125
1841.9459364414215,2,1392.0,19588.08203125,89536.28125
1842.955813884735,2,1549.2,8443.29296875,89536.28125
1843.9641754627228,2,2382.9,9522.42578125,89536.28125
1844.972817659378,2,4159.2,13197.69140625,89536.28125
1845.9908225536346,2,4556.7,15259.87109375,89536.28125
1847.0149509906769,2,4536.2,15621.4765625,89536.28125
1848.0265414714813,2,4066.3,16639.5625,89536.28125
1849.0358221530914,2,3324.9,16749.13671875,89536.28125
1850.054890871048,2,3425.4,17003.796875,89536.28125
1851.0658168792725,2,4479.7,18665.76171875,89536.28125
1852.0834119319916,2,2825.3,19119.1171875,89536.28125
1853.0917057991028,2,2152.1,19264.73828125,89536.28125
1854.1015775203705,2,4464.3,19419.1875,89536.28125
1855.1098470687866,2,698.0,8213.6875,91584.296875
1856.118343114853,2,2028.4,8393.69921875,89536.28125
1857.126813173294,2,3830.7,11415.87109375,89536.28125
1858.1504945755005,2,4482.9,13146.203125,89536.28125
1859.1637036800385,2,4044.8,14445.546875,89536.28125
1860.189814567566,2,3537.5,14708.5390625,89536.28125
1861.1997709274292,2,4292.4,15966.42578125,89536.28125
1862.2106177806854,2,1733.4,16178.1484375,89536.28125
1863.220715045929,2,4005.5,16388.65234375,89536.28125
1864.228749036789,2,695.1,8095.94921875,89536.28125
1865.2378144264221,2,2907.9,10147.2734375,89536.28125
1866.25381398201,2,4305.6,12035.03515625,89536.28125
1867.271659374237,2,4345.3,14209.16796875,89536.28125
1868.2898197174072,2,3967.8,14487.80078125,89536.28125
1869.3009855747223,2,3717.0,15076.64453125,89536.28125
1870.3117694854736,2,3653.7,16202.3359375,89536.28125
1871.3198165893555,2,2239.7,16238.3046875,89536.28125
1872.3303806781769,2,3208.4,16485.03125,89536.28125
1873.3384952545166,2,1134.4,8348.546875,89536.28125
1874.3478136062622,2,3249.9,11228.4296875,89536.28125
1875.3648416996002,2,4490.3,13435.3125,89536.28125
1876.384813785553,2,4275.6,14345.9375,89536.28125
1877.3998203277588,2,3534.6,14682.80859375,89536.28125
1878.4142224788666,2,4293.4,15459.2734375,89536.28125
1879.4248123168945,2,2734.4,16140.26953125,89536.28125
1880.4369478225708,2,3158.0,16256.83203125,89536.28125
1881.44753074646,2,2030.6,16526.44921875,89536.28125
1882.4578132629395,2,1690.9,8434.05078125,89536.28125
1883.4798164367676,2,3812.8,11439.00390625,89536.28125
1884.4974873065948,2,4465.7,12672.0078125,89536.28125
1885.5115194320679,2,4002.5,14552.25,89536.28125
1886.5219073295593,2,3567.7,14766.51171875,89536.28125
1887.5288178920746,2,4379.6,15986.46484375,89536.28125
1888.5466105937958,2,1746.5,16290.83203125,89536.28125
1889.5542297363281,2,4146.4,16448.33984375,89536.28125
1890.5623817443848,2,701.8,9818.9921875,91584.296875
1891.5705449581146,2,3572.2,9427.4765625,89536.28125
1892.5816853046417,2,3985.3,10354.08203125,89536.28125
1893.5918171405792,2,3149.3,10635.45703125,89536.28125
1894.6004657745361,2,1248.4,8513.19921875,89536.28125
1895.6081726551056,2,3837.9,11383.40625,89536.28125
1896.6198258399963,2,4485.5,13584.328125,89536.28125
1897.6338195800781,2,4311.3,14391.0859375,89536.28125
1898.6518235206604,2,3485.2,14716.921875,89536.28125
1899.6728250980377,2,4115.1,15735.79296875,89536.28125
1900.6905176639557,2,2339.6,16054.59375,89536.28125
1901.6985070705414,2,3752.6,16086.9375,89536.28125
1902.7092816829681,2,1272.1,8744.4140625,91584.296875
1903.7172360420227,2,2356.1,9549.19140625,89536.28125
1904.7281708717346,2,4394.1,11229.296875,89536.28125
1905.739821434021,2,3774.8,12167.01171875,89536.28125
1906.756545305252,2,4062.2,12928.55859375,89536.28125
1907.7654070854187,2,2693.5,13226.35546875,89536.28125
1908.7757077217102,2,1801.9,9456.6015625,91584.296875
1909.783364534378,2,2661.7,10150.34765625,89536.28125
1910.793526172638,2,4454.3,11505.84765625,89536.28125
1911.8058772087097,2,3799.1,12141.34375,89536.28125
1912.8178672790527,2,3971.4,12986.69921875,89536.28125
1913.8298165798187,2,2675.0,13074.43359375,89536.28125
1914.8399572372437,2,1712.3,5266.1171875,82368.125
1915.847238779068,2,67.4,4964.41796875,82368.125
1916.8554832935333,2,101.2,4871.98046875,82368.125
