elapsed_time,nproc,cpu,mem_real,mem_virtual
3.7670135498046875e-05,1,0.0,3.74609375,7.5234375
1.0068247318267822,4,0.0,439.23828125,4202.015625
2.015605926513672,4,99.1,601.484375,4388.015625
3.024722099304199,4,100.1,613.12109375,4448.015625
4.033909559249878,4,100.1,617.15234375,4448.015625
5.042881965637207,4,99.0,613.4375,4448.015625
6.052764415740967,4,99.2,621.95703125,4496.015625
7.0608909130096436,4,101.0,611.5078125,4496.015625
8.07029914855957,4,99.1,587.03515625,4496.015625
9.07931900024414,4,99.8,596.75,4496.015625
10.09130573272705,4,99.0,649.36328125,4496.015625
11.101759672164917,4,99.8,703.046875,4552.015625
12.113767862319946,4,99.9,759.046875,4622.015625
13.125219583511353,4,99.8,809.05078125,4708.015625
14.136900663375854,4,99.7,857.0546875,4708.015625
15.149537801742554,4,98.9,911.02734375,4804.015625
16.161170721054077,4,100.8,955.02734375,4804.015625
17.1735360622406,2,0.0,39.4453125,59.3203125
18.18511199951172,2,0.0,279.59765625,3734.63671875
19.1970636844635,2,99.9,668.74609375,5212.66796875
20.207950592041016,2,98.8,878.98046875,5852.66796875
21.21970534324646,2,99.9,1098.9765625,7132.66796875
22.23029661178589,2,99.9,1381.0390625,7132.66796875
23.24093270301819,2,99.8,1613.03515625,9692.66796875
24.25295066833496,2,99.9,1899.03515625,9692.66796875
25.263663053512573,2,99.8,1873.6796875,9180.63671875
26.275309801101685,2,99.8,1873.6796875,9180.63671875
27.287006616592407,2,99.9,1873.6796875,9180.63671875
28.29805874824524,2,100.9,1878.94921875,9180.62109375
29.309014081954956,2,98.8,1874.05078125,9180.62109375
30.32095170021057,2,99.8,1874.05078125,9180.62109375
31.332967519760132,2,99.9,1868.9453125,9180.62109375
32.34390068054199,2,101.1,1972.2109375,9700.65234375
33.352442502975464,2,98.9,2004.8671875,9748.65234375
34.36436915397644,2,2534.3,2733.7578125,13655.09765625
35.39473533630371,2,4693.4,3215.91015625,14189.59765625
36.4223747253418,2,4693.4,3528.6796875,14540.59765625
37.45038151741028,2,4665.4,3841.10546875,14907.59765625
38.47738575935364,2,4663.6,3959.6015625,15076.59765625
39.50438690185547,2,4647.9,3963.01171875,15216.59765625
40.53137826919556,2,4711.3,4070.41796875,15432.59765625
41.55838060379028,2,4663.2,4068.48828125,15484.59765625
42.584381341934204,2,4629.0,4094.34375,15593.59765625
43.611382246017456,2,4648.2,4361.42578125,16005.59765625
44.639379024505615,2,4707.8,4282.75,16018.59765625
45.667380571365356,2,4662.4,4378.53515625,16156.59765625
46.692384004592896,2,4629.2,4421.1015625,16310.59765625
47.720375776290894,2,4658.1,4539.34375,16466.59765625
48.75137972831726,2,4665.3,4600.23046875,16636.59765625
49.78373908996582,2,4655.2,4650.43359375,16716.59765625
50.808507680892944,2,4634.0,4624.68359375,16730.59765625
51.835379123687744,2,4656.6,4664.33984375,16848.59765625
52.86337995529175,2,4691.2,4673.62109375,16939.59765625
53.890382289886475,2,4679.1,4800.66015625,17083.59765625
54.91637706756592,2,4634.4,4726.69921875,17093.59765625
55.94337773323059,2,4649.2,4693.42578125,17101.59765625
56.97037744522095,2,4637.8,4698.9296875,17162.59765625
57.99837684631348,2,4696.8,4676.1953125,17218.59765625
59.025378704071045,2,4623.5,4709.78125,17258.59765625
60.05638146400452,2,4637.2,4766.328125,17324.59765625
61.09238362312317,2,4651.5,4745.32421875,17424.59765625
62.12029981613159,2,4697.1,4832.4609375,17527.59765625
63.148378133773804,2,4651.3,4844.1015625,17553.59765625
64.17437958717346,2,4626.5,4833.0546875,17611.59765625
65.2044837474823,2,4649.0,4881.94140625,17683.59765625
66.23138427734375,2,4708.1,4804.99609375,17787.59765625
67.2603805065155,2,4659.8,4754.76953125,17813.59765625
68.28637862205505,2,4627.8,4678.1328125,17813.59765625
69.31337642669678,2,4655.9,4671.140625,17857.59765625
70.34237790107727,2,4727.4,4872.6953125,18087.59765625
71.36937689781189,2,4670.8,4771.89453125,18153.59765625
72.40138530731201,2,4631.2,4842.0546875,18169.59765625
73.4317569732666,2,4645.4,4843.0078125,18233.59765625
74.46039414405823,2,4704.6,4863.3828125,18293.59765625
75.49037432670593,2,4655.3,4796.3203125,18293.59765625
76.52250981330872,2,4612.3,4824.91796875,18331.59765625
77.55238032341003,2,4657.7,4867.375,18367.59765625
78.5793867111206,2,4674.5,4836.08203125,18383.59765625
79.60637307167053,2,4681.7,4895.53125,18409.59765625
80.6352026462555,2,4627.7,4949.37109375,18525.59765625
81.66581583023071,2,4650.3,5009.4921875,18589.59765625
82.69757199287415,2,4651.5,4921.9296875,18589.59765625
83.72537779808044,2,4661.4,4928.359375,18627.59765625
84.75538635253906,2,4616.1,4856.23828125,18641.59765625
85.78537631034851,2,4667.5,4777.89453125,18677.59765625
86.81237435340881,2,4664.4,4880.6953125,18779.59765625
87.84037947654724,2,4702.4,4768.28125,18799.59765625
88.86738395690918,2,4608.3,4875.26953125,18837.59765625
89.89750075340271,2,4659.9,4910.20703125,18917.59765625
90.92437696456909,2,4641.2,4995.94140625,19025.59765625
91.95237445831299,2,4712.5,5102.6796875,19065.59765625
92.97932696342468,2,4640.7,5163.78515625,19065.59765625
94.00526165962219,2,4611.5,5165.265625,19065.59765625
95.03339147567749,2,4653.9,5203.484375,19085.59765625
96.06138730049133,2,4714.4,5210.41015625,19169.59765625
97.08837819099426,2,4660.3,5201.98046875,19169.59765625
98.1143844127655,2,4626.7,5200.75,19197.59765625
99.14486241340637,2,4647.4,5246.71484375,19217.59765625
100.17337393760681,2,4702.6,5343.83203125,19345.59765625
101.20037889480591,2,4657.0,5446.4609375,19521.59765625
102.22726082801819,2,4655.6,5532.34765625,19737.59765625
103.25438117980957,2,4672.1,5528.609375,19737.59765625
104.28137826919556,2,4615.5,5491.5234375,19765.59765625
105.30832815170288,2,4687.9,5407.62109375,19817.59765625
106.33638143539429,2,4589.7,5407.89453125,19855.59765625
107.36738061904907,2,4661.8,5364.8984375,19855.59765625
108.40846824645996,2,4645.7,5358.21484375,19907.59765625
109.43438076972961,2,4716.6,5249.2890625,19923.59765625
110.46338200569153,2,4620.6,5270.2109375,19965.59765625
111.50038838386536,2,4662.6,5218.29296875,19965.59765625
112.52727937698364,2,4630.7,5296.83984375,19965.59765625
113.55638432502747,2,4695.5,5276.9140625,19965.59765625
114.58237981796265,2,4665.9,5254.8359375,19965.59765625
115.60737705230713,2,4632.3,5378.34765625,20045.59765625
116.63438010215759,2,4643.4,5464.046875,20081.59765625
117.66138315200806,2,4662.9,5772.38671875,20533.59765625
118.68824505805969,2,4640.2,5759.5390625,20577.59765625
119.71538543701172,2,4607.0,5856.46875,20607.59765625
120.74437761306763,2,4665.7,5860.76171875,20627.59765625
121.77138352394104,2,4667.7,5913.3671875,20659.59765625
122.79837608337402,2,4683.8,5906.5625,20701.59765625
123.82337999343872,2,4626.7,5939.83984375,20701.59765625
124.85037803649902,2,4643.0,5828.796875,20761.59765625
125.87738180160522,2,4645.5,5839.8515625,20773.59765625
126.90438342094421,2,4667.4,5784.921875,20773.59765625
127.93137788772583,2,4651.6,5767.62890625,20773.59765625
128.95738005638123,2,4628.3,5823.1875,20773.59765625
129.98437762260437,2,4635.9,5756.4375,20825.59765625
131.01137518882751,2,4694.2,5838.609375,20857.59765625
132.03839111328125,2,4655.7,6265.5234375,21101.59765625
133.0653841495514,2,4617.6,6589.5703125,21495.59765625
134.0933747291565,2,4642.2,6551.62109375,21495.59765625
135.13237857818604,2,4693.1,6477.87109375,21495.59765625
136.15837907791138,2,4684.1,6484.02734375,21629.59765625
137.18538117408752,2,4624.7,6438.53125,21629.59765625
138.2503788471222,2,4653.1,6403.6640625,21629.59765625
139.2773814201355,2,4634.0,6359.828125,21629.59765625
140.30637669563293,2,4675.3,6360.33984375,21629.59765625
141.34847021102905,2,4666.3,6369.3984375,21629.59765625
142.36438035964966,2,4628.6,6392.54296875,21629.59765625
143.39137148857117,2,4659.2,6464.265625,21641.59765625
144.41840147972107,2,4705.6,6492.828125,21641.59765625
145.44538235664368,2,4661.7,6428.29296875,21641.59765625
146.47038006782532,2,4628.6,6456.765625,21655.59765625
147.4853799343109,2,4633.0,6386.91015625,21655.59765625
148.51237750053406,2,4683.1,6383.82421875,21671.59765625
149.5393784046173,2,4642.9,6349.21484375,21767.59765625
150.5663788318634,2,4618.1,6228.046875,21767.59765625
151.59237408638,2,4661.6,6407.078125,21863.59765625
152.62138509750366,2,4689.8,6399.546875,21863.59765625
153.64838004112244,2,4659.5,6438.20703125,21919.59765625
154.6753749847412,2,4631.8,6542.953125,21949.59765625
155.70238208770752,2,4657.0,6474.1796875,21949.59765625
156.73037958145142,2,4653.8,6417.26953125,21979.59765625
157.7573778629303,2,4682.8,6342.0234375,21979.59765625
158.7833869457245,2,4650.0,6298.29296875,21979.59765625
159.8093831539154,2,4619.5,6288.86328125,21979.59765625
160.8423080444336,2,4638.8,6286.74609375,21979.59765625
161.85737895965576,2,4699.6,6287.91015625,21999.59765625
162.8843789100647,2,4673.3,6663.51953125,22329.59765625
163.90926790237427,2,4639.3,6708.046875,22441.59765625
164.93738102912903,2,4641.1,6793.41796875,22485.59765625
165.96538162231445,2,4668.1,6802.96484375,22485.59765625
166.983380317688,2,4680.6,6848.97265625,22485.59765625
168.00938034057617,2,4601.8,7021.14453125,22605.59765625
169.03737998008728,2,4658.9,7020.10546875,22685.59765625
170.0643813610077,2,4654.4,6963.390625,22685.59765625
171.0913791656494,2,4690.0,6876.9453125,22685.59765625
172.11838006973267,2,4617.2,6790.72265625,22685.59765625
173.14537930488586,2,4650.4,6889.828125,22685.59765625
174.17238187789917,2,4633.0,7038.40625,22685.59765625
175.21337509155273,2,4709.3,6978.1875,22773.59765625
176.241379737854,2,4650.7,7234.66796875,23013.59765625
177.26838779449463,2,4625.5,7189.93359375,23013.59765625
178.29537653923035,2,4635.7,7229.50390625,23013.59765625
179.3233757019043,2,4724.1,7302.26953125,23013.59765625
180.3513789176941,2,4654.9,7151.02734375,23013.59765625
181.37358379364014,2,4620.8,7213.35546875,23013.59765625
182.40237879753113,2,4635.3,7161.83203125,23013.59765625
183.4293794631958,2,4698.6,7211.08984375,23013.59765625
184.45737433433533,2,4653.1,7177.296875,23065.59765625
185.4833779335022,2,4620.3,7046.046875,23065.59765625
186.51038241386414,2,4658.6,7043.6484375,23065.59765625
187.53837728500366,2,4671.8,7092.26953125,23065.59765625
188.56639051437378,2,4658.3,7106.9609375,23129.59765625
189.5975980758667,2,4625.2,7021.96484375,23157.59765625
190.62537908554077,2,4658.9,7000.76171875,23157.59765625
191.65561246871948,2,4662.6,7103.0234375,23157.59765625
192.68337988853455,2,4693.5,7142.9140625,23157.59765625
193.7078995704651,2,4645.6,7141.8984375,23157.59765625
194.73537874221802,2,4636.8,7223.69921875,23301.59765625
195.7623805999756,2,4621.9,7364.6171875,23429.59765625
196.8103859424591,2,4689.0,7261.94140625,23429.59765625
197.84338402748108,2,4636.1,7134.48046875,23429.59765625
198.8693790435791,2,4621.5,7193.5390625,23429.59765625
199.89637756347656,2,4626.9,7061.6953125,23429.59765625
200.92338156700134,2,4688.5,7033.2265625,23429.59765625
201.9545030593872,2,4622.6,6895.55859375,23429.59765625
202.9803774356842,2,4610.3,6829.6015625,23429.59765625
204.00137853622437,2,4630.7,6734.0859375,23429.59765625
205.02838158607483,2,4676.9,6739.97265625,23513.59765625
206.05539274215698,2,4662.6,6820.87890625,23513.59765625
207.08137488365173,2,4630.6,6880.44140625,23585.59765625
208.10819578170776,2,4645.3,6811.1875,23585.59765625
209.13637733459473,2,4693.3,6963.76953125,23613.59765625
210.16340923309326,2,4667.4,7289.11328125,23613.59765625
211.18937945365906,2,4611.3,7414.24609375,23613.59765625
212.21638083457947,2,4654.3,7320.79296875,23613.59765625
213.24337458610535,2,4677.0,7464.8046875,23613.59765625
214.27037978172302,2,4682.5,7446.75,23613.59765625
215.2983796596527,2,4614.5,7413.8359375,23613.59765625
216.32837295532227,2,4634.3,7200.69921875,23613.59765625
217.36437892913818,2,4664.2,7165.59765625,23613.59765625
218.39337944984436,2,4678.3,7258.98828125,23613.59765625
219.42037415504456,2,4625.3,7099.328125,23657.59765625
220.4473841190338,2,4664.3,7109.546875,23685.59765625
221.47820138931274,2,4652.6,7287.265625,23705.59765625
222.50637865066528,2,4661.3,7278.46484375,23733.59765625
223.53237509727478,2,4641.1,7158.33203125,23733.59765625
224.56137990951538,2,4650.3,7200.6171875,23733.59765625
225.58837723731995,2,4645.4,7226.88671875,23733.59765625
226.61538338661194,2,4688.7,7168.4609375,23733.59765625
227.64238095283508,2,4652.2,7368.15625,23733.59765625
228.66837811470032,2,4618.0,7448.45703125,23733.59765625
229.69637179374695,2,4634.8,7304.0546875,23785.59765625
230.72337532043457,2,4713.4,7249.44921875,23785.59765625
231.7503788471222,2,4652.2,7119.93359375,23785.59765625
232.77237963676453,2,4611.6,7180.77734375,23857.59765625
233.80291891098022,2,4638.9,7111.85546875,23861.59765625
234.83137893676758,2,4644.6,7206.08203125,23901.59765625
235.8593807220459,2,4678.9,7400.5546875,24075.59765625
236.88538193702698,2,4640.4,7439.859375,24259.59765625
237.91132020950317,2,4612.2,7323.56640625,24259.59765625
238.92929482460022,2,4643.5,7182.84375,24259.59765625
239.9613800048828,2,4685.9,7075.3046875,24259.59765625
240.9881386756897,2,4656.0,7123.078125,24311.59765625
242.01651525497437,2,4618.3,7427.87109375,24311.59765625
243.04337811470032,2,4640.8,7855.203125,24551.59765625
244.07038164138794,2,4653.2,8147.05078125,25137.59765625
245.0973825454712,2,4642.7,8620.24609375,25713.59765625
246.12338399887085,2,4621.2,9004.84375,25745.59765625
247.15138173103333,2,4637.5,9170.61328125,25837.59765625
248.16538500785828,2,4658.4,9947.47265625,26631.59765625
249.19638109207153,2,4650.5,10307.58203125,26743.59765625
250.2263798713684,2,4614.9,10416.171875,26827.59765625
251.25337934494019,2,4650.3,10549.78515625,26955.59765625
252.28037476539612,2,4648.3,10777.78515625,27191.59765625
253.3073809146881,2,4657.7,10722.390625,27295.59765625
254.3343849182129,2,4603.6,10371.47265625,27455.59765625
255.36137795448303,2,4627.1,10357.2109375,27455.59765625
256.39438223838806,2,4638.9,10330.078125,27455.59765625
257.4213809967041,2,4686.1,10611.48046875,27535.59765625
258.44938111305237,2,4621.3,10764.96875,27663.59765625
259.4773316383362,2,4610.6,10634.359375,27663.59765625
260.50437664985657,2,4625.2,10484.76171875,27663.59765625
261.5313766002655,2,4690.5,10386.4453125,27663.59765625
262.55737948417664,2,4653.7,10435.53125,27663.59765625
263.58038091659546,2,4588.5,10525.26953125,27663.59765625
264.60738158226013,2,4634.9,10478.21484375,27663.59765625
265.63438081741333,2,4711.6,10407.43359375,27663.59765625
266.662380695343,2,4652.5,10381.38671875,27663.59765625
267.688383102417,2,4620.3,10311.4453125,27663.59765625
268.71538043022156,2,4634.3,10174.50390625,27663.59765625
269.7483787536621,2,4695.7,10235.39453125,27663.59765625
270.77638053894043,2,4650.5,10333.94140625,27663.59765625
271.8023798465729,2,4609.7,10382.1640625,27663.59765625
272.82937955856323,2,4649.6,10252.73046875,27663.59765625
273.8561236858368,2,4681.6,10166.40234375,27663.59765625
274.8843774795532,2,4686.1,10193.2421875,27663.59765625
275.9133884906769,2,4618.4,10142.35546875,27663.59765625
276.94372630119324,2,4636.7,10136.29296875,27663.59765625
277.972380399704,2,4635.3,10088.37109375,27663.59765625
279.000381231308,2,4688.1,9958.74609375,27663.59765625
280.0283410549164,2,4648.6,9846.24609375,27663.59765625
281.05425548553467,2,4615.6,9785.33203125,27663.59765625
282.06937861442566,2,4649.9,9897.30078125,27687.59765625
283.0973756313324,2,4718.4,9969.3203125,27687.59765625
284.12437868118286,2,4683.6,9847.296875,27719.59765625
285.14938044548035,2,4644.4,9793.171875,27719.59765625
286.17738008499146,2,4670.8,9904.859375,27759.59765625
287.20437717437744,2,4679.6,9853.84375,27759.59765625
288.2333822250366,2,4696.8,10095.59375,27791.59765625
289.260379076004,2,4637.4,10168.75,27835.59765625
290.28737568855286,2,4664.9,10325.7109375,27835.59765625
291.31437945365906,2,4644.9,10345.60546875,27835.59765625
292.341379404068,2,4692.0,10419.42578125,27899.59765625
293.3683784008026,2,4654.5,10381.83203125,27903.59765625
294.3963782787323,2,4604.0,10591.765625,27951.59765625
295.4243834018707,2,4640.8,10689.71875,27955.59765625
296.4512312412262,2,4699.2,10925.1015625,28011.59765625
297.47937989234924,2,4656.7,10772.5859375,28011.59765625
298.5073735713959,2,4616.4,10894.52734375,28011.59765625
299.5343794822693,2,4613.2,11051.9375,28167.59765625
300.5613765716553,2,4695.3,11034.73046875,28315.59765625
301.58838272094727,2,4637.3,11167.1328125,28315.59765625
302.61438512802124,2,4604.6,11113.703125,28315.59765625
303.6413736343384,2,4637.9,11013.34375,28315.59765625
304.668377161026,2,4681.6,11034.62890625,28315.59765625
305.6953775882721,2,4641.8,11060.890625,28315.59765625
306.7173776626587,2,4617.0,11033.67578125,28315.59765625
307.7443735599518,2,4630.3,11088.69921875,28315.59765625
308.77137756347656,2,4701.2,11064.1171875,28315.59765625
309.80022740364075,2,4659.6,10883.76171875,28315.59765625
310.82607674598694,2,4629.6,10894.71484375,28315.59765625
311.854376077652,2,4667.4,10902.1015625,28319.59765625
312.88137316703796,2,4576.9,11195.765625,28487.59765625
313.9078137874603,2,3945.8,11122.5859375,28543.59765625
314.9161787033081,2,3413.2,11532.6953125,28783.59765625
315.92847204208374,2,3377.2,11321.71875,28943.59765625
316.94232296943665,2,3299.8,11242.53515625,28943.59765625
317.95633125305176,2,3276.1,11164.83203125,29087.59765625
318.9703199863434,2,3256.0,11176.3828125,29127.59765625
319.98262643814087,2,3100.6,11454.4765625,29471.59765625
320.99628353118896,2,2947.9,11422.21875,29787.59765625
322.00988960266113,2,2835.3,11287.69921875,30003.59765625
323.02320289611816,2,2600.4,11339.03515625,30123.59765625
324.0349817276001,2,2580.0,11252.46484375,30331.59765625
325.04855370521545,2,2584.9,11300.8671875,30451.59765625
326.0621190071106,2,2416.0,11197.34375,30531.59765625
327.07577633857727,2,2380.6,11253.890625,30635.59765625
328.0872960090637,2,2384.9,11153.3515625,30699.59765625
329.10117650032043,2,2383.2,11152.84375,30699.59765625
330.11450004577637,2,2330.0,11176.4375,30939.59765625
331.12648487091064,2,2285.2,11083.55859375,30939.59765625
332.13822770118713,2,2281.6,11227.8515625,30939.59765625
333.1502387523651,2,2281.7,11172.11328125,31099.59765625
334.16358160972595,2,2288.5,11190.8984375,31339.59765625
335.17690777778625,2,2230.7,10950.4765625,31483.59765625
336.190486907959,2,2189.8,10846.078125,31483.59765625
337.20102405548096,2,2187.8,10661.734375,31563.59765625
338.2102417945862,2,2154.3,10540.515625,31563.59765625
339.2180206775665,2,2088.7,10385.3515625,31563.59765625
340.2291567325592,2,1996.0,10179.58203125,31563.59765625
341.23919439315796,2,1828.2,9942.68359375,31563.59765625
342.24950075149536,2,1796.3,9775.49609375,31563.59765625
343.258807182312,2,1599.6,9492.265625,31563.59765625
344.2684094905853,2,1444.5,9470.87109375,31563.59765625
345.2784459590912,2,1305.9,9650.328125,31563.59765625
346.28850841522217,2,1058.3,9334.44140625,32011.59765625
347.2967085838318,2,756.2,9349.21875,32011.59765625
348.3057162761688,2,498.4,9012.3515625,32011.59765625
349.3149492740631,2,404.4,8979.01171875,32011.59765625
350.3238983154297,2,406.9,8816.484375,32011.59765625
351.3314929008484,2,406.3,9207.7421875,32011.59765625
352.34067940711975,2,404.2,9005.8203125,32011.59765625
353.3526244163513,2,405.4,9008.76171875,32011.59765625
354.36385560035706,2,403.1,9099.51171875,32011.59765625
355.3785080909729,2,408.0,7733.07421875,32011.59765625
356.39056849479675,2,403.7,7600.30859375,32011.59765625
357.40119528770447,2,404.6,7467.92578125,32011.59765625
358.4121530056,2,380.9,7339.125,32011.59765625
359.42293095588684,2,302.8,7250.80078125,32011.59765625
360.4303035736084,2,257.1,7089.828125,32011.59765625
361.4415092468262,2,204.8,6983.33203125,32011.59765625
362.4522066116333,2,203.8,7030.9375,32011.59765625
363.4629521369934,2,201.9,7141.63671875,32011.59765625
364.47325253486633,2,203.6,6798.515625,32011.59765625
365.48498249053955,2,202.6,6723.62109375,32011.59765625
366.4965660572052,2,201.7,7214.8203125,32011.59765625
367.50787687301636,2,202.7,7263.203125,32011.59765625
368.51947689056396,2,201.7,7496.32421875,32011.59765625
369.5309166908264,2,202.7,7494.45703125,32011.59765625
370.5421242713928,2,200.1,6999.9296875,32011.59765625
371.5518980026245,2,200.5,7505.30078125,32011.59765625
372.56438660621643,2,199.8,7453.796875,32011.59765625
373.5752260684967,2,199.6,7562.71875,32011.59765625
374.587281703949,2,201.0,7300.21484375,32011.59765625
375.5973777770996,2,199.6,7304.45703125,32011.59765625
376.6093895435333,2,201.7,7443.51953125,32011.59765625
377.62093448638916,2,201.5,7483.90234375,32011.59765625
378.6332006454468,2,211.6,6724.10546875,32011.59765625
379.64460134506226,2,202.9,6679.3046875,32011.59765625
380.6549463272095,2,202.8,6623.3515625,32011.59765625
381.6658835411072,2,203.1,6571.890625,32011.59765625
382.6750500202179,2,201.6,6557.265625,32011.59765625
383.6870770454407,2,201.5,6504.1171875,32011.59765625
384.69935369491577,2,202.1,6526.7578125,32011.59765625
385.7088828086853,2,200.0,6879.10546875,32011.59765625
386.71864652633667,2,198.9,7166.7109375,32011.59765625
387.72932529449463,2,199.7,7218.91796875,32011.59765625
388.7407865524292,2,212.4,6431.484375,32011.59765625
389.7531499862671,2,200.2,6404.80078125,32011.59765625
390.7619683742523,2,200.8,6373.33203125,32011.59765625
391.7728691101074,2,125.6,6215.921875,32011.59765625
392.7843894958496,2,101.9,6179.7578125,32011.59765625
393.7951648235321,2,103.0,6143.58984375,32011.59765625
394.80484437942505,2,101.9,6083.10546875,32011.59765625
395.81542468070984,2,102.9,6035.3671875,32011.59765625
396.82579350471497,2,102.8,6452.875,32011.59765625
397.8375198841095,2,102.0,6509.734375,32011.59765625
398.84707379341125,2,100.9,6702.55078125,32011.59765625
399.85805344581604,2,101.9,6248.84375,32011.59765625
400.86857414245605,2,102.0,6220.40234375,32011.59765625
401.87874031066895,2,104.1,6169.24609375,32011.59765625
402.8878402709961,2,104.9,6085.95703125,32011.59765625
403.8987374305725,2,101.8,6011.53515625,32011.59765625
404.91030836105347,2,100.0,5984.390625,32011.59765625
405.9208011627197,2,101.0,6006.37890625,32011.59765625
406.93082427978516,2,98.9,6158.01171875,32011.59765625
407.94193029403687,2,101.9,6281.84765625,32011.59765625
408.9522874355316,2,101.8,6419.5390625,32011.59765625
409.96373081207275,2,101.0,6571.22265625,32523.59765625
410.97376132011414,2,99.9,6667.92578125,32535.59765625
411.98515701293945,2,100.9,6670.72265625,32535.59765625
412.9960789680481,2,99.9,6889.33984375,32535.59765625
414.00757575035095,2,102.0,6770.90234375,32535.59765625
415.01722621917725,2,100.8,6835.8125,32535.59765625
416.02880454063416,2,102.8,6686.21484375,32535.59765625
417.04080295562744,2,101.9,6803.90625,32535.59765625
418.05184721946716,2,105.1,6612.08203125,32535.59765625
419.06084394454956,2,100.8,6665.234375,32535.59765625
420.07251167297363,2,101.9,6482.1953125,32535.59765625
421.08370447158813,2,101.7,6324.7578125,32535.59765625
422.09638833999634,2,103.9,6208.3203125,32535.59765625
423.10695719718933,2,103.8,6110.6015625,32535.59765625
424.11862349510193,2,103.8,6004.62109375,32535.59765625
425.1299443244934,2,102.9,5902.265625,32535.59765625
426.1404769420624,2,106.8,5231.46484375,32535.59765625
427.15192008018494,2,107.7,5148.65234375,32535.59765625
428.1636052131653,2,685.9,3597.2421875,32591.59765625
429.1739993095398,2,111.6,3620.76953125,32735.609375
430.1865146160126,2,109.6,3296.3125,32735.609375
431.19957852363586,2,112.9,3112.9140625,32831.69140625
432.2093918323517,2,110.8,3409.96875,33423.69140625
433.2198359966278,2,1212.8,3523.15234375,33423.69140625
434.23403239250183,2,1169.6,4833.55859375,41103.77734375
435.2454071044922,2,1835.7,6455.3203125,38543.765625
436.2563693523407,2,1473.5,3816.96875,44687.72265625
437.3162913322449,2,3928.6,5892.46484375,44687.72265625
438.34337043762207,2,4048.2,6505.21875,44687.72265625
439.3686873912811,2,2633.2,6756.9140625,44687.72265625
440.37889313697815,2,2330.5,6861.06640625,44687.72265625
441.3903794288635,2,1955.9,3925.65625,44687.72265625
442.4203658103943,2,3760.8,5919.3203125,44715.72265625
443.45913457870483,2,4335.5,7496.64453125,44715.72265625
444.4783718585968,2,2782.1,7697.76171875,44715.72265625
445.5053713321686,2,3534.3,8396.4765625,44715.72265625
446.5183732509613,2,2269.7,8550.60546875,44715.72265625
447.53492522239685,2,3174.1,8674.12890625,44715.72265625
448.5453689098358,2,2454.2,3414.796875,42667.69140625
449.57236647605896,2,4672.9,3333.4140625,42667.69140625
450.5993649959564,2,4693.5,3235.63671875,42667.69140625
451.61936593055725,2,4299.8,3296.73046875,42667.69140625
452.64037132263184,2,4569.1,3281.8828125,42667.69140625
453.6642270088196,2,2221.3,3270.2109375,42667.69140625
454.6739559173584,2,100.1,3219.90625,42667.69140625
455.6829812526703,2,100.3,3180.94140625,42667.69140625
456.69039487838745,2,117.1,3444.3828125,42737.7109375
457.69838309288025,2,100.2,3790.92578125,42737.7109375
458.70641803741455,2,100.1,4133.4296875,42737.7109375
459.71575379371643,4,26.8,4435.828125,43010.21484375
460.7249984741211,4,99.4,4661.0,43240.0625
461.7314627170563,4,101.2,4866.3359375,43458.9453125
462.73959493637085,4,100.1,5069.8125,43668.8203125
463.7481155395508,4,101.1,5354.89453125,43973.16796875
464.75752425193787,4,99.0,5667.8359375,44291.6953125
465.7671995162964,4,100.1,6008.7890625,44636.77734375
466.77612829208374,4,100.2,6347.21875,44983.6484375
467.7844707965851,4,99.9,6688.19140625,45330.6640625
468.7950973510742,4,99.0,7004.2734375,45646.7421875
469.8056552410126,4,99.9,7350.98046875,45993.5
470.81701135635376,4,100.9,7694.3125,46342.44921875
471.8275990486145,4,99.0,8029.47265625,46677.60546875
472.8377103805542,4,99.8,8358.81640625,47006.9609375
473.849538564682,4,99.8,8705.74609375,47354.10546875
474.8615343570709,4,100.8,9055.546875,47703.828125
475.8735454082489,4,99.1,9391.06640625,48039.37109375
476.8831276893616,4,99.9,9723.58203125,48371.94921875
477.8941841125488,4,99.8,10072.1796875,48720.51171875
478.9059579372406,4,98.9,10422.12109375,49070.4921875
479.9174590110779,4,101.0,10755.53125,49403.97265625
480.92775797843933,4,99.9,11087.04296875,49736.03515625
481.93858313560486,4,99.8,11435.4921875,50084.59765625
482.9503347873688,4,99.0,11785.15625,50435.22265625
483.9600775241852,4,101.0,12117.453125,50767.54296875
484.96966338157654,4,98.8,12449.89453125,51099.9921875
485.98178005218506,4,99.8,12798.66015625,51448.68359375
486.99378848075867,4,99.8,13149.8046875,51799.82421875
488.00587701797485,4,100.1,13487.9609375,52137.9453125
489.0147216320038,4,99.9,13814.21484375,52464.20703125
490.0256578922272,4,98.9,14163.796875,52813.80078125
491.0370557308197,4,100.8,14397.1640625,53047.25
492.0488657951355,4,100.0,14438.109375,53088.11328125
493.0585284233093,4,99.8,14775.48828125,53475.23828125
494.0706887245178,4,98.7,14701.46484375,53351.30859375
495.08338737487793,5,0.0,4382.0703125,43301.0703125
496.0956325531006,5,99.0,4519.859375,43343.11328125
497.1054017543793,2,86.0,3380.82421875,43249.7265625
498.1173686981201,2,1931.3,4715.50390625,43761.7578125
499.13236832618713,2,4099.6,5156.30859375,47857.8203125
500.1624252796173,2,4670.1,5188.30859375,47857.8203125
501.18252396583557,2,3011.5,5649.859375,49905.8515625
502.1905691623688,2,100.1,6039.86328125,49905.8515625
503.19905972480774,2,100.2,6449.86328125,49905.8515625
504.2075455188751,4,53.5,6749.890625,50153.734375
505.21624851226807,4,100.1,7073.12109375,50477.0390625
506.22511768341064,4,99.2,7414.92578125,50818.76953125
507.23348569869995,4,100.1,7718.53515625,51122.47265625
508.2423806190491,4,100.1,8057.1640625,51461.125
509.2510201931,4,100.1,8397.51171875,51801.4375
510.2598648071289,4,99.1,8693.62109375,52097.53515625
511.26844024658203,4,100.8,9017.97265625,52421.86328125
512.2807776927948,4,100.9,9333.93359375,52741.03515625
513.2918663024902,4,99.9,9635.99609375,53043.09375
514.3028495311737,4,98.9,9953.7890625,53360.84765625
515.3141193389893,4,99.9,10282.703125,53689.81640625
516.3253314495087,4,99.9,10652.58984375,54059.6484375
517.3365910053253,4,100.0,11012.89453125,54420.328125
518.3469240665436,4,99.8,11365.12890625,54772.62890625
519.358820438385,4,99.9,11736.328125,55143.75
520.3702826499939,4,99.8,12109.30078125,55516.8046875
521.3820419311523,4,99.8,12483.3125,55890.76171875
522.393630027771,4,99.8,12822.94140625,56234.296875
523.4058284759521,4,99.8,13194.16796875,56605.546875
524.4175426959991,4,99.8,13566.98046875,56978.34375
525.4292206764221,4,99.8,13939.6484375,57351.01171875
526.4414358139038,4,99.9,14283.85546875,57695.19140625
527.4527499675751,4,99.8,14651.0546875,58064.89453125
528.4651219844818,4,99.9,15023.25390625,58437.17578125
529.4761683940887,4,99.9,15396.41015625,58810.23046875
530.4869899749756,4,99.5,15737.0,59150.9296875
531.5025191307068,4,100.4,16109.55859375,59523.46875
532.5186612606049,4,99.8,16480.859375,59894.71875
533.5303204059601,4,98.9,16850.296875,60264.1640625
534.5412395000458,4,99.8,17193.40625,60607.3125
535.5535097122192,4,99.8,17565.7109375,60979.59375
536.5659770965576,4,99.8,17938.2734375,61352.1328125
537.5779500007629,4,101.0,18306.1875,61720.03125
538.5882470607758,4,98.9,18647.44921875,62061.375
539.59911942482,4,99.8,19016.86328125,62430.69140625
540.6107504367828,4,99.9,19388.96484375,62802.84375
541.6217844486237,4,100.0,19569.21875,62983.0546875
542.6321189403534,4,99.9,19592.4453125,63006.38671875
543.6433312892914,4,99.9,19592.4453125,63006.38671875
544.6547114849091,4,99.8,19592.5078125,63006.38671875
545.6663362979889,4,100.0,19692.4921875,63106.25
546.6767399311066,4,99.8,20129.07421875,63656.453125
547.6892621517181,4,98.9,20218.6484375,63735.2421875
548.7006225585938,4,100.8,20173.34375,63589.15625
549.7129421234131,4,99.9,6503.390625,49912.9296875
550.7240357398987,5,0.0,7156.53125,50848.09765625
551.7354083061218,5,99.8,7390.796875,51156.95703125
552.7471735477448,2,19.8,5544.47265625,50610.73046875
553.7586987018585,2,100.0,5540.83984375,50610.73046875
554.7691121101379,2,98.9,5556.40234375,50610.73046875
555.7799637317657,2,99.8,6481.19140625,50098.69921875
556.7924292087555,2,833.1,6909.69921875,50098.69921875
557.8042423725128,2,181.3,7067.69921875,50098.69921875
558.8136916160583,2,215.4,7082.31640625,50098.69921875
559.8263697624207,2,1212.2,7441.015625,50098.69921875
560.8581545352936,2,1942.0,11800.47265625,50098.69921875
561.8783688545227,2,4433.1,13418.8984375,50098.69921875
562.9118754863739,2,4507.3,15137.39453125,50098.69921875
563.9428477287292,2,4386.8,14595.75390625,50098.69921875
564.9625897407532,2,3722.8,14772.51171875,50098.69921875
565.9733669757843,2,3397.7,15103.00390625,50098.69921875
566.9833834171295,2,2413.1,15554.32421875,50098.69921875
567.9917731285095,2,2322.5,15492.109375,50098.69921875
569.0031914710999,2,2245.2,7872.046875,50610.70703125
570.012743473053,2,735.8,8094.78125,50098.69921875
571.0224847793579,2,228.2,8107.046875,50098.69921875
572.0303974151611,2,606.6,7878.07421875,50130.69921875
573.0393009185791,2,1083.9,7571.53515625,50130.69921875
574.0500199794769,2,1435.8,11198.58203125,50130.69921875
575.064367055893,2,4526.1,13091.56640625,50130.69921875
576.0873782634735,2,4515.2,15635.71875,56274.69921875
577.1033742427826,2,4248.6,14473.19921875,56274.69921875
578.1279096603394,2,2881.2,14723.98828125,56274.69921875
579.1393702030182,2,3955.3,15235.95703125,56274.69921875
580.1575231552124,2,1722.9,15363.90234375,56274.69921875
581.1683740615845,2,2384.5,15362.52734375,56274.69921875
582.1814594268799,2,2321.9,7149.6953125,56786.70703125
583.1895339488983,2,1107.8,8614.84765625,56498.69921875
584.1978266239166,2,1012.3,8107.13671875,56498.69921875
585.20552277565,2,1180.2,7957.3203125,56498.69921875
586.2164278030396,2,2231.4,11519.4453125,56498.69921875
587.253365278244,2,4509.5,12420.20703125,56498.69921875
588.2769076824188,2,4336.8,13062.87890625,56498.69921875
589.2923767566681,2,3745.6,13970.578125,56498.69921875
590.3176336288452,2,4160.5,14764.47265625,56498.69921875
591.3673667907715,2,4106.2,14296.73046875,56498.69921875
592.3880534172058,2,2227.6,14404.6953125,56498.69921875
593.3993837833405,2,3170.0,14327.1015625,56498.69921875
594.4101746082306,2,693.6,8357.87109375,56498.69921875
595.417947769165,2,1311.2,8327.09765625,56498.69921875
596.4278161525726,2,1365.4,8072.94921875,56498.69921875
597.4370169639587,2,1046.8,9549.53125,56498.69921875
598.4463708400726,2,3771.3,12438.703125,56498.69921875
599.4673738479614,2,4535.0,12987.86328125,56498.69921875
600.4948575496674,2,4321.0,14052.55859375,56498.69921875
601.5074105262756,2,3605.8,14806.98046875,56498.69921875
602.5579245090485,2,4338.2,14022.85546875,56498.69921875
603.5652678012848,2,2887.9,14519.31640625,56498.69921875
604.5733811855316,2,2374.9,14481.4453125,56498.69921875
605.5853288173676,2,2689.8,14493.5234375,56498.69921875
606.5958323478699,2,1150.5,8609.6015625,56498.69921875
607.6048038005829,2,1000.2,8155.50390625,56498.69921875
608.6206660270691,2,1199.9,7974.3203125,56498.69921875
609.631429195404,2,2126.0,11588.73828125,56498.69921875
610.6533658504486,2,4476.4,12381.4140625,56498.69921875
611.6725387573242,2,4423.1,13117.32421875,56498.69921875
612.6853742599487,2,3858.3,13951.8671875,56498.69921875
613.7103002071381,2,4284.3,14752.84765625,56498.69921875
614.7620825767517,2,3893.3,14300.4765625,56498.69921875
615.7720384597778,2,2300.3,14403.41015625,56498.69921875
616.780503988266,2,3131.6,14270.8984375,56498.69921875
617.7923662662506,2,796.8,8351.75390625,56498.69921875
618.7995970249176,2,1237.0,8324.80859375,57266.73046875
619.8084993362427,2,1572.9,8085.1796875,56754.69921875
620.8167839050293,2,1047.4,8730.05859375,56754.69921875
621.8263680934906,2,3061.2,12463.46875,56754.69921875
622.8363697528839,2,4456.2,12978.46875,56754.69921875
623.8617758750916,2,4393.1,14161.08203125,56754.69921875
624.8724238872528,2,3614.8,15068.96875,56754.69921875
625.9216437339783,2,4611.4,15019.57421875,56754.69921875
626.9708828926086,2,3484.3,14822.91796875,56754.69921875
627.9795417785645,2,2157.8,14594.57421875,56754.69921875
628.9894096851349,2,3289.4,14654.0078125,56754.69921875
629.9983329772949,2,823.9,8643.05078125,56754.69921875
631.0146911144257,2,1114.0,8380.9375,56754.69921875
632.0241813659668,2,1537.0,8141.35546875,56754.69921875
633.0332381725311,2,1103.5,8891.4921875,56754.69921875
634.0433702468872,2,3512.4,11661.0859375,56754.69921875
635.0633752346039,2,4455.1,12954.33984375,56754.69921875
636.0893678665161,2,4322.8,13686.609375,56754.69921875
637.1174161434174,2,3801.2,14602.79296875,56754.69921875
638.1743762493134,2,3993.8,13712.3359375,56754.69921875
639.1893723011017,2,2858.4,14069.82421875,56754.69921875
640.2136325836182,2,2693.7,14000.9296875,56754.69921875
641.226470708847,2,2223.3,7886.2578125,57266.70703125
642.2347202301025,2,1208.2,8741.01171875,56754.69921875
643.2436504364014,2,1014.5,8267.84375,56754.69921875
644.2531292438507,2,1232.4,8151.08984375,56754.69921875
645.2634146213531,2,2395.9,11140.3671875,56754.69921875
646.2923781871796,2,4350.0,11975.9609375,56754.69921875
647.3300454616547,2,4480.7,13358.71875,56754.69921875
648.3430936336517,2,3536.4,13756.85546875,56754.69921875
649.3524203300476,2,4518.5,14436.1171875,56754.69921875
650.3975079059601,2,3629.0,14120.23046875,56754.69921875
651.4049141407013,2,2125.9,13926.66015625,56754.69921875
652.4135131835938,2,3176.8,13992.46875,56754.69921875
653.4223663806915,2,1033.6,8660.2734375,56754.69921875
654.4421036243439,2,988.5,8365.1953125,56754.69921875
655.4546744823456,2,1415.1,8204.0234375,56754.69921875
656.4637804031372,2,1002.6,9462.78125,56754.69921875
657.4733712673187,2,3907.1,11708.21875,56754.69921875
658.497386932373,2,4516.8,13299.59765625,56754.69921875
659.5243730545044,2,4338.0,13753.6875,56754.69921875
660.5434327125549,2,3683.9,14648.2734375,56754.69921875
661.5877244472504,2,4068.1,13858.89453125,56754.69921875
662.599371433258,2,2863.3,14162.14453125,56754.69921875
663.627697467804,2,2634.8,14134.58203125,56754.69921875
664.6406965255737,2,2251.1,7874.546875,57266.70703125
665.6489686965942,2,1415.9,9420.62890625,56754.69921875
666.6575665473938,2,862.4,8355.94921875,56754.69921875
667.6723673343658,2,1379.8,8139.484375,56754.69921875
668.7032377719879,2,1454.3,10991.390625,56754.69921875
669.7163670063019,2,4397.9,12640.73046875,56754.69921875
670.7383680343628,2,4472.8,14125.61328125,56754.69921875
671.7477838993073,2,4212.8,14338.40625,56754.69921875
672.7574124336243,2,3782.3,15193.5234375,56754.69921875
673.8003013134003,2,3780.0,14360.1796875,56754.69921875
674.8126091957092,2,2901.8,14711.921875,56754.69921875
675.8283655643463,2,2540.0,14761.20703125,56754.69921875
676.8400440216064,2,2468.3,11752.4609375,56754.69921875
677.8508884906769,2,1449.9,8926.76171875,56754.69921875
678.8601291179657,2,900.3,7931.35546875,57266.73046875
679.8699054718018,2,1379.4,10202.48828125,56754.69921875
680.8814060688019,2,3514.2,13187.62109375,56754.69921875
681.9238476753235,2,4481.3,13776.28125,56754.69921875
682.9479706287384,2,4395.6,13237.9140625,56754.69921875
683.9623792171478,2,4121.7,14508.16796875,56754.69921875
684.970401763916,2,4033.9,15541.734375,56754.69921875
686.0154223442078,2,4382.3,15464.1015625,56754.69921875
687.0645503997803,2,4098.5,14668.70703125,56754.69921875
688.076158285141,2,2802.0,15118.92578125,56754.69921875
689.0913696289062,2,2668.9,15160.46875,56754.69921875
690.1014468669891,2,1952.6,7293.39453125,56754.69921875
691.1107149124146,2,1663.5,7775.1875,56754.69921875
692.1224148273468,2,2932.1,12571.29296875,56754.69921875
693.1683695316315,2,4420.1,13055.88671875,56754.69921875
694.1893682479858,2,4326.0,12760.8671875,56754.69921875
695.210401058197,2,4181.4,13662.69921875,56754.69921875
696.2624108791351,2,4494.5,13591.62109375,56754.69921875
697.3153698444366,2,4144.1,13041.71875,56754.69921875
698.3361310958862,2,2289.4,13256.80078125,56754.69921875
699.3450329303741,2,2165.9,7295.7421875,57266.70703125
700.3546857833862,2,1546.2,7000.60546875,56754.69921875
701.3634059429169,2,2808.7,12360.22265625,56754.69921875
702.3951847553253,2,4446.6,12900.64453125,56754.69921875
703.4083681106567,2,4052.4,12541.0,56754.69921875
704.429402589798,2,4152.7,13500.1875,56754.69921875
705.474406003952,2,4519.4,13482.01171875,56754.69921875
706.5238184928894,2,4122.5,12786.0859375,56754.69921875
707.5361483097076,2,2643.4,13178.91796875,56754.69921875
708.5453727245331,2,2299.1,13512.5390625,56754.69921875
709.5553121566772,2,147.7,7273.26171875,56754.69921875
710.5641429424286,2,1468.9,8197.29296875,56754.69921875
711.5731060504913,2,802.9,7458.33203125,56754.69921875
712.5835919380188,2,2687.2,9408.55078125,56754.69921875
713.59836769104,2,4262.2,10921.73828125,56754.69921875
714.6173703670502,2,4463.4,12437.83203125,56754.69921875
715.6325137615204,2,3935.0,13328.85546875,56754.69921875
716.6514043807983,2,4098.5,14079.84765625,56754.69921875
717.6956777572632,2,3157.2,13934.1953125,56754.69921875
718.703690290451,2,1954.1,13819.5390625,56754.69921875
719.7117693424225,2,2969.2,13912.515625,56754.69921875
720.7221946716309,2,314.3,7741.1875,56754.69921875
721.7306759357452,2,1458.6,8514.7109375,56754.69921875
722.7378311157227,2,796.1,7922.32421875,56754.69921875
723.746376991272,2,2769.1,9517.9140625,56754.69921875
724.7563753128052,2,4267.9,10965.015625,56754.69921875
725.7824280261993,2,4410.5,12485.92578125,56754.69921875
726.7974100112915,2,4038.8,13061.9609375,56754.69921875
727.8144629001617,2,3874.0,12973.1484375,56754.69921875
728.8221979141235,2,3008.3,13499.890625,56754.69921875
729.8333654403687,2,2211.7,13414.953125,56754.69921875
730.843995809555,2,2604.7,12500.87109375,56754.69921875
731.8516843318939,2,1494.2,9063.93359375,56754.69921875
732.8608903884888,2,576.2,8219.19140625,56754.69921875
733.8692109584808,2,1294.6,7930.265625,56754.69921875
734.8764908313751,2,2478.4,9227.65625,56754.69921875
735.8903703689575,2,4232.8,10678.1640625,56754.69921875
736.9292280673981,2,4443.4,11836.7734375,56754.69921875
737.9438588619232,2,4137.6,13068.4140625,56754.69921875
738.9563708305359,2,3362.3,13226.58984375,56754.69921875
739.9813687801361,2,3123.9,13702.75390625,56754.69921875
740.9893751144409,2,1899.4,13688.8828125,56754.69921875
742.0008425712585,2,3250.2,13766.7734375,56754.69921875
743.008043050766,2,1315.0,8871.328125,56754.69921875
744.0196049213409,2,937.5,8236.53515625,56754.69921875
745.0275146961212,2,1017.9,8076.33203125,56754.69921875
746.0364129543304,2,2538.8,8211.4609375,56754.69921875
747.0453686714172,2,3057.9,11083.875,56754.69921875
748.0663778781891,2,4340.8,12204.7734375,56754.69921875
749.0923864841461,2,4356.5,12717.1640625,56754.69921875
750.1063685417175,2,4269.7,14664.1484375,56754.69921875
751.1263973712921,2,3687.3,15576.41015625,56754.69921875
752.1684641838074,2,3083.6,15102.42578125,56754.69921875
753.1804392337799,2,2749.6,16067.63671875,56754.69921875
754.1910004615784,2,1921.9,15944.23046875,56754.69921875
755.1993701457977,2,3582.0,16241.20703125,56754.69921875
756.2238516807556,2,753.4,7648.33984375,57266.70703125
757.2324321269989,2,1509.1,9291.3828125,56754.69921875
758.2423079013824,2,555.9,8217.31640625,56754.69921875
759.251526594162,2,1185.0,7998.30859375,56754.69921875
760.2591197490692,2,2468.3,8535.23046875,56754.69921875
761.2683672904968,2,3771.7,10964.4921875,56754.69921875
762.2893736362457,2,4394.1,12771.015625,56754.69921875
763.3153729438782,2,4289.3,13815.390625,56754.69921875
764.3413767814636,2,4256.5,14597.9140625,56754.69921875
765.3533754348755,2,3248.3,15014.5546875,56754.69921875
766.3836374282837,2,3471.5,15931.203125,56754.69921875
767.4055879116058,2,1870.0,15927.88671875,56754.69921875
768.4153726100922,2,2657.0,16138.37109375,56754.69921875
769.4340944290161,2,1965.0,16291.41796875,56754.69921875
770.4425792694092,2,1103.7,8686.83203125,57074.69921875
771.4555788040161,2,1073.5,8257.67578125,57074.69921875
772.4691660404205,2,979.8,8082.12109375,57074.69921875
773.4783697128296,2,1796.1,7932.7734375,57074.69921875
774.5433676242828,2,3425.0,10431.328125,57074.69921875
775.5643885135651,2,4497.5,12217.54296875,57074.69921875
776.5901527404785,2,4326.9,13116.96875,57074.69921875
777.6044013500214,2,3653.4,14055.1640625,57074.69921875
778.6535632610321,2,3485.2,13761.546875,57074.69921875
779.6683719158173,2,2210.0,13944.99609375,57074.69921875
780.6773679256439,2,3055.9,13934.64453125,57074.69921875
781.6898148059845,2,1035.1,8295.7578125,57074.69921875
782.6983032226562,2,1615.2,8532.4453125,57074.69921875
783.7074513435364,2,1039.7,8326.8671875,57074.69921875
784.7193670272827,2,2460.4,8129.88671875,57074.69921875
785.7693674564362,2,3398.9,10668.2734375,57074.69921875
786.7931940555573,2,4426.2,12604.41796875,57074.69921875
787.820390701294,2,4440.4,13083.0234375,57074.69921875
788.834153175354,2,3814.8,13636.32421875,57074.69921875
789.8457810878754,2,3054.5,13795.33203125,57074.69921875
790.8593764305115,2,3138.2,14397.0234375,57074.69921875
791.871958732605,2,1589.1,14325.55078125,57074.69921875
792.8839423656464,2,3439.6,14438.30078125,57074.69921875
793.8933670520782,2,1123.9,8876.3125,57074.69921875
794.9063651561737,2,1265.6,8267.62109375,57074.69921875
795.9343659877777,2,644.5,8113.48046875,57074.69921875
796.9537720680237,2,902.1,7872.92578125,57074.69921875
797.9703688621521,2,3132.1,9217.88671875,57074.69921875
798.9924545288086,2,4431.5,11058.6640625,57074.69921875
800.0170502662659,2,4352.7,11606.7578125,57074.69921875
801.029531955719,2,4399.2,12950.1171875,57074.69921875
802.0423662662506,2,3090.6,13203.35546875,57074.69921875
803.0531392097473,2,2855.8,13865.23828125,57074.69921875
804.0628139972687,2,1941.4,13922.01171875,57074.69921875
805.0749390125275,2,2561.5,13450.11328125,57074.69921875
806.0828557014465,2,1511.5,9161.95703125,57074.69921875
807.0923829078674,2,804.2,8118.37890625,57074.69921875
808.1213383674622,2,790.9,7994.203125,57074.69921875
809.1303646564484,2,1589.6,7787.64453125,57074.69921875
810.1983709335327,2,3652.7,10040.41796875,57074.69921875
811.2193713188171,2,4527.1,12223.0546875,57074.69921875
812.2483379840851,2,4307.4,12834.44921875,57074.69921875
813.269376039505,2,3759.8,13092.984375,57074.69921875
814.2858166694641,2,3593.7,13631.73828125,57074.69921875
815.2988476753235,2,1767.6,13847.08203125,57074.69921875
816.3073666095734,2,3102.2,13946.0,57074.69921875
817.3208467960358,2,854.6,8023.12890625,57074.69921875
818.3305449485779,2,1603.5,8329.49609375,57074.69921875
819.3395400047302,2,860.9,8166.1015625,57074.69921875
820.349050283432,2,759.0,8017.7265625,57074.69921875
821.3568410873413,2,2820.6,8632.6171875,57074.69921875
822.3655045032501,2,4019.7,10367.1953125,57074.69921875
823.3763756752014,2,4592.9,13365.7421875,57074.69921875
824.4087944030762,2,4301.0,12911.19921875,57074.69921875
825.4169900417328,2,3322.5,13370.8515625,57074.69921875
826.4273660182953,2,3574.6,13997.56640625,57074.69921875
827.4359455108643,2,1542.0,14016.18359375,57074.69921875
828.4453673362732,2,3346.7,14132.1953125,57074.69921875
829.4575102329254,2,676.2,8195.140625,57074.69921875
830.4657242298126,2,1614.5,8440.328125,57074.69921875
831.4766325950623,2,862.9,8249.8515625,57074.69921875
832.4903657436371,2,1493.1,8086.32421875,57074.69921875
833.5203669071198,2,3500.2,10493.0390625,57074.69921875
834.5403792858124,2,4369.2,11794.08203125,57074.69921875
835.5663697719574,2,4348.6,12958.66796875,57074.69921875
836.5884122848511,2,3851.0,13890.19921875,57074.69921875
837.6118702888489,2,3548.1,13380.89453125,57074.69921875
838.6222443580627,2,2372.5,13736.734375,57074.69921875
839.6316227912903,2,2823.6,13782.28515625,57074.69921875
840.6436817646027,2,1499.6,8047.96875,57074.69921875
841.6524255275726,2,1565.4,9186.74609375,57074.69921875
842.6613674163818,2,795.8,8328.25390625,57074.69921875
843.6708507537842,2,1253.3,8074.94140625,57074.69921875
844.6803748607635,2,3111.8,10220.60546875,57074.69921875
845.6923761367798,2,4333.6,11304.03125,57074.69921875
846.7183701992035,2,4437.1,12613.93359375,57074.69921875
847.7358481884003,2,4056.1,13423.546875,57074.69921875
848.7467806339264,2,3287.5,13564.015625,57074.69921875
849.7573821544647,2,3035.6,14015.515625,57074.69921875
850.7804379463196,2,2036.8,14094.58203125,57074.69921875
851.7926645278931,2,2820.0,12460.05078125,57074.69921875
852.801367521286,2,1533.6,8883.3203125,57074.69921875
853.8127343654633,2,672.3,8451.234375,57074.69921875
854.8213741779327,2,1138.1,8181.30078125,57074.69921875
855.8491749763489,2,2135.5,9000.16796875,57074.69921875
856.8583679199219,2,3972.0,10869.97265625,57074.69921875
857.879378080368,2,4410.9,13452.51171875,57074.69921875
858.8935024738312,2,4188.3,13516.078125,57074.69921875
859.905030965805,2,3504.0,13744.21484375,57074.69921875
860.9213681221008,2,3495.4,14191.61328125,57074.69921875
861.9321417808533,2,2019.8,14264.62890625,57074.69921875
862.9405744075775,2,3216.6,14211.875,57074.69921875
863.9526188373566,2,971.6,8438.58984375,57074.69921875
864.9653239250183,2,1622.1,8702.6484375,57074.69921875
865.9732527732849,2,831.0,8498.83203125,57074.69921875
866.9816467761993,2,1321.0,8204.9609375,57074.69921875
867.99036693573,2,2651.5,9957.1875,57074.69921875
869.0032014846802,2,4281.3,11576.9609375,57074.69921875
870.0233747959137,2,4537.9,13789.80859375,57074.69921875
871.0493869781494,2,4160.7,14508.2421875,57074.69921875
872.0626087188721,2,3954.6,15006.59375,57074.69921875
873.0747418403625,2,3149.8,15319.5078125,57074.69921875
874.0893669128418,2,3806.1,15854.453125,57074.69921875
875.1009731292725,2,2026.3,16208.5546875,57074.69921875
876.1113748550415,2,2023.7,16406.98046875,57074.69921875
877.129252910614,2,2804.3,16512.44140625,57074.69921875
878.1386198997498,2,620.5,8449.69921875,57074.69921875
879.147463798523,2,1704.8,8515.66015625,57458.69921875
880.162291765213,2,617.2,8394.25390625,57458.69921875
881.1700303554535,2,1352.0,8151.7734375,57458.69921875
882.1788387298584,2,2434.1,9436.03125,57458.69921875
883.1923694610596,2,4277.5,11000.18359375,57458.69921875
884.2169020175934,2,4447.2,12117.546875,57458.69921875
885.2333772182465,2,4409.3,13576.7109375,57458.69921875
886.2517957687378,2,3265.4,13822.48828125,57458.69921875
887.2607192993164,2,3386.8,14457.83203125,57458.69921875
888.2703669071198,2,1997.4,14279.09765625,57458.69921875
889.2811846733093,2,3343.2,14401.921875,57458.69921875
890.2903685569763,2,832.2,8980.58984375,57458.69921875
891.3054156303406,2,1331.3,8621.02734375,57458.69921875
892.3148288726807,2,841.9,8444.36328125,57458.69921875
893.3246097564697,2,1415.1,8215.921875,57458.69921875
894.3543698787689,2,3247.7,10807.6875,57458.69921875
895.3753755092621,2,4390.7,11970.79296875,57458.69921875
896.4014921188354,2,4413.9,13230.828125,57458.69921875
897.4094195365906,2,3744.3,14356.95703125,57458.69921875
898.4552402496338,2,3674.5,13720.6640625,57458.69921875
899.4689173698425,2,2569.9,14164.71875,57458.69921875
900.4777176380157,2,2538.4,14114.5703125,57458.69921875
901.4903748035431,2,2072.5,7687.96484375,57458.69921875
902.5007543563843,2,1612.9,9675.796875,57458.69921875
903.509405374527,2,604.1,8599.24609375,57458.69921875
904.5174424648285,2,1309.3,8276.6171875,57458.69921875
905.524867773056,2,2373.7,8987.55859375,57458.69921875
906.5333683490753,2,3681.2,11497.671875,57458.69921875
907.55437707901,2,4431.7,13261.296875,57458.69921875
908.5823705196381,2,4435.9,13578.1796875,57458.69921875
909.6053698062897,2,4221.3,15158.78125,57458.69921875
910.6192257404327,2,3007.6,15485.12890625,57458.69921875
911.6327559947968,2,3568.5,15955.90234375,57458.69921875
912.643739938736,2,2546.6,16615.51953125,57458.69921875
913.6531867980957,2,1584.0,16400.5390625,57458.69921875
914.663286447525,2,3536.8,16825.703125,57458.69921875
915.6764574050903,2,583.4,7984.0078125,57458.69921875
916.6859655380249,2,1669.6,9108.18359375,57458.69921875
917.6951518058777,2,606.8,8351.0234375,57458.69921875
918.7037708759308,2,1224.4,8196.33984375,57458.69921875
919.7132108211517,2,1915.4,9239.82421875,57458.69921875
920.7223663330078,2,4284.2,10815.60546875,57458.69921875
921.7441530227661,2,4426.1,12093.53515625,57458.69921875
922.7586562633514,2,4230.1,13427.4609375,57458.69921875
923.7713797092438,2,3032.9,13717.79296875,57458.69921875
924.7975177764893,2,3066.9,14314.6953125,57458.69921875
925.8044991493225,2,1875.9,14231.55859375,57458.69921875
926.8142890930176,2,3188.7,14226.5546875,57458.69921875
927.8223679065704,2,1674.9,9354.1796875,57458.69921875
928.8401155471802,2,523.0,8881.05078125,57458.69921875
929.8478207588196,2,1266.8,8649.1953125,57458.69921875
930.8564071655273,2,3212.6,11768.953125,57458.69921875
931.8723800182343,2,4443.7,12741.2109375,57458.69921875
932.8983781337738,2,4265.2,14234.95703125,57458.69921875
933.9144153594971,2,3994.4,15155.88671875,57458.69921875
934.9661746025085,2,4318.1,14304.171875,57458.69921875
935.9765913486481,2,3135.4,14833.41015625,57458.69921875
936.9850668907166,2,2156.9,14621.5078125,57458.69921875
937.9949862957001,2,2883.6,14649.24609375,57458.69921875
939.004693031311,2,1653.0,9504.83984375,57458.69921875
940.0151553153992,2,900.0,8755.8671875,57458.69921875
941.0250015258789,2,1728.7,9862.24609375,57458.69921875
942.0354135036469,2,2811.3,13595.89453125,57458.69921875
943.07936835289,2,4529.1,14308.61328125,57458.69921875
944.1013784408569,2,4464.3,16514.15625,57458.69921875
945.115838766098,2,4162.5,15007.453125,57458.69921875
946.1294045448303,2,4013.2,15932.57421875,57458.69921875
947.1804070472717,2,4447.1,15859.8359375,57458.69921875
948.2301514148712,2,3883.7,15052.328125,57458.69921875
949.2403728961945,2,2936.6,15519.984375,57458.69921875
950.2687420845032,2,2861.1,15542.515625,57458.69921875
951.2814545631409,2,1332.9,8196.41015625,57458.69921875
952.2896015644073,2,1739.1,9285.671875,57458.69921875
953.2969827651978,2,1073.6,8554.0703125,57458.69921875
954.3064107894897,2,2376.2,10758.45703125,57458.69921875
955.3183681964874,2,4476.8,12447.12109375,57458.69921875
956.3393747806549,2,4386.8,13292.71484375,57458.69921875
957.3533751964569,2,4106.0,14575.953125,57458.69921875
958.3694071769714,2,4187.0,15391.328125,57458.69921875
959.4183669090271,2,3697.9,14586.65625,57458.69921875
960.428380727768,2,2832.0,15047.5859375,57458.69921875
961.4462237358093,2,2449.3,15087.51953125,57458.69921875
962.4593286514282,2,1762.9,8159.88671875,57458.69921875
963.4688880443573,2,1703.5,9832.75390625,57458.69921875
964.4762055873871,2,1098.5,8603.69921875,57458.69921875
965.4841079711914,2,2752.9,11342.0078125,57458.69921875
966.5013704299927,2,4425.7,12455.61328125,57458.69921875
967.5233719348907,2,4265.4,13857.91015625,57458.69921875
968.5443866252899,2,4010.3,14600.24609375,57458.69921875
969.5928933620453,2,3995.6,13814.53125,57458.69921875
970.6196513175964,2,2964.1,14372.96484375,57458.69921875
971.628445148468,2,2440.5,14265.703125,57458.69921875
972.6406891345978,2,2410.1,7911.53125,57970.70703125
973.6475684642792,2,1726.3,9829.5,57458.69921875
974.6566557884216,2,842.4,8647.90234375,57458.69921875
975.6638088226318,2,1608.3,10560.859375,57458.69921875
976.6773684024811,2,4334.7,12388.78515625,57458.69921875
977.69837641716,2,4551.5,14199.078125,57458.69921875
978.7123730182648,2,4297.3,14512.20703125,57458.69921875
979.7228319644928,2,3604.8,14897.1640625,57458.69921875
980.7373676300049,2,3726.6,14425.84375,57458.69921875
981.7583756446838,2,3077.1,14895.79296875,57458.69921875
982.7719190120697,2,2395.8,14869.16796875,57458.69921875
983.7837402820587,2,2293.5,7882.09765625,57458.69921875
984.7933793067932,2,1731.9,10162.9375,57458.69921875
985.8020362854004,2,941.0,8936.84375,57458.69921875
986.809451341629,2,1363.6,11750.26171875,57458.69921875
987.8183705806732,2,4156.9,14319.96875,57458.69921875
988.8403761386871,2,4530.1,14548.3671875,57458.69921875
989.8680803775787,2,4549.7,14148.7578125,57458.69921875
990.8814187049866,2,4011.2,15281.9375,57458.69921875
991.8914062976837,2,4398.5,16058.71484375,57458.69921875
992.9432249069214,2,4423.8,15941.9765625,57458.69921875
993.9933686256409,2,3791.6,15437.27734375,57458.69921875
995.0143744945526,2,2694.4,15627.25390625,57458.69921875
996.0229613780975,2,3070.5,15770.30078125,57458.69921875
997.0322535037994,2,603.6,9148.15234375,57458.69921875
998.0410234928131,2,1823.3,8793.671875,57458.69921875
999.0490555763245,2,1463.1,9242.9296875,57458.69921875
1000.0804059505463,2,2503.7,13610.60546875,57458.69921875
1001.109368801117,2,4418.4,14378.6328125,57458.69921875
1002.1303749084473,2,4621.6,15813.71875,57458.69921875
1003.1573708057404,2,4293.6,15197.1171875,57458.69921875
1004.1794762611389,2,3908.7,16100.859375,57458.69921875
1005.2275586128235,2,4408.8,16058.8671875,57458.69921875
1006.2799644470215,2,4340.1,15152.4140625,57458.69921875
1007.2898766994476,2,2893.2,15784.37109375,57458.69921875
1008.2993724346161,2,2424.5,15764.015625,57458.69921875
1009.311042547226,2,2554.5,12681.94921875,57458.69921875
1010.3197104930878,2,1693.4,7440.22265625,57458.69921875
1011.3283853530884,2,3142.0,8772.54296875,57458.69921875
1012.3367412090302,2,1899.6,8988.57421875,57458.69921875
1013.3448362350464,2,687.9,8038.69140625,57305.8515625
1014.3538331985474,2,2379.3,9098.66796875,57305.8515625
1015.3663697242737,2,3447.7,11335.40625,57305.8515625
1016.3973779678345,2,4470.1,14367.17578125,64473.8515625
1017.427089214325,2,4397.6,14347.3125,64473.8515625
1018.4515001773834,2,4217.6,15353.0625,64473.8515625
1019.4633746147156,2,2875.3,15687.25,64473.8515625
1020.4936425685883,2,2987.3,16077.63671875,64473.8515625
1021.5063679218292,2,2447.9,16943.140625,64473.8515625
1022.51637840271,2,1261.9,16881.59375,64473.8515625
1023.5250012874603,2,3477.0,17086.24609375,64473.8515625
1024.5393738746643,2,1193.2,17411.50390625,64473.8515625
1025.5493640899658,2,784.5,8755.609375,64473.8515625
1026.5583655834198,2,2622.7,9028.15234375,64473.8515625
1027.5919942855835,2,2948.4,12478.7734375,64473.8515625
1028.6103649139404,2,4250.4,13213.53515625,64473.8515625
1029.631377696991,2,4567.5,17729.33203125,64473.8515625
1030.65838265419,2,4575.4,22954.66015625,72713.8515625
1031.6763701438904,2,4165.6,17647.640625,72713.8515625
1032.7023749351501,2,4386.3,18950.4375,72713.8515625
1033.727371931076,2,3507.2,19336.90625,72713.8515625
1034.741958141327,2,3356.9,19533.4296875,72713.8515625
1035.7504408359528,2,2968.9,19829.8046875,72713.8515625
1036.7633664608002,2,3758.2,21033.58203125,72713.8515625
1037.7791063785553,2,1064.4,20966.234375,72713.8515625
1038.7872381210327,2,1219.7,20933.0,72713.8515625
1039.7963819503784,2,2945.6,21207.76953125,72713.8515625
1040.8180475234985,2,2883.0,21367.6171875,72713.8515625
1041.8272325992584,2,595.3,7728.01953125,72713.8515625
1042.8373696804047,2,1568.1,8818.96484375,72713.8515625
1043.8883683681488,2,3142.6,11589.68359375,72713.8515625
1044.9123704433441,2,4239.8,12757.9609375,72713.8515625
1045.9283893108368,2,4458.2,16192.84375,72713.8515625
1046.9573798179626,2,4564.9,20831.7265625,72713.8515625
1047.9836218357086,2,4276.3,17837.21875,72713.8515625
1049.0113785266876,2,4401.4,18357.6171875,72713.8515625
1050.0233821868896,2,3259.0,18805.44921875,72713.8515625
1051.055379152298,2,2903.4,19086.03515625,72713.8515625
1052.0823678970337,2,3822.5,19843.6484375,72713.8515625
1053.1027705669403,2,2316.5,20500.78515625,72713.8515625
1054.1106963157654,2,1275.6,20496.4453125,72713.8515625
1055.1213774681091,2,2022.0,20732.796875,72713.8515625
1056.139533996582,2,3755.7,20823.6640625,72713.8515625
1057.1486535072327,2,658.7,8918.5234375,74761.8671875
1058.1565160751343,2,1015.9,8948.46875,72713.8515625
1059.1660702228546,2,2649.4,10778.296875,72713.8515625
1060.179368019104,2,4411.8,12647.88671875,72713.8515625
1061.200380563736,2,4370.8,15336.5,72713.8515625
1062.2273738384247,2,4572.0,20398.12109375,72713.8515625
1063.254406452179,2,4366.0,17216.19140625,72713.8515625
1064.2823779582977,2,4423.5,18344.71875,72713.8515625
1065.3083732128143,2,3625.0,18748.328125,72713.8515625
1066.316219329834,2,3249.1,18771.66015625,72713.8515625
1067.3253719806671,2,3392.5,19250.15625,72713.8515625
1068.3395457267761,2,2875.3,20281.1875,72713.8515625
1069.3479573726654,2,1169.8,20235.43359375,72713.8515625
1070.3593401908875,2,1273.3,20325.69140625,72713.8515625
1071.3773679733276,2,4527.2,20326.66796875,72713.8515625
1072.3910548686981,2,962.5,20758.1484375,72713.8515625
1073.3998129367828,2,896.3,8608.08984375,72713.8515625
1074.4175691604614,2,2500.9,9577.36328125,72713.8515625
1075.4265174865723,2,3615.9,12557.07421875,72713.8515625
1076.4383766651154,2,4387.3,14612.82421875,72713.8515625
1077.4696490764618,2,4581.1,18747.34375,72713.8515625
1078.4972834587097,2,4339.4,15510.96484375,72713.8515625
1079.5103688240051,2,4340.5,18324.81640625,72713.8515625
1080.531012058258,2,4291.2,18551.90234375,72713.8515625
1081.5403831005096,2,2818.3,18908.67578125,72713.8515625
1082.5518355369568,2,3061.9,19163.32421875,72713.8515625
1083.5633676052094,2,3911.4,20256.234375,72713.8515625
1084.5797803401947,2,1045.1,20413.64453125,72713.8515625
1085.5892541408539,2,1217.9,20364.06640625,72713.8515625
1086.5983679294586,2,3335.8,20409.91015625,72713.8515625
1087.6152749061584,2,2294.7,20729.234375,72713.8515625
1088.6245045661926,2,478.0,8050.48828125,72713.8515625
1089.6330046653748,2,1070.0,9359.69140625,72713.8515625
1090.6423852443695,2,3516.2,9956.671875,72713.8515625
1091.65137052536,2,2810.4,13900.1953125,72713.8515625
1092.6683700084686,2,4230.7,14673.64453125,72713.8515625
1093.6903774738312,2,4474.1,18312.69921875,72713.8515625
1094.720500946045,2,4614.0,23379.6015625,72713.8515625
1095.7473754882812,2,4288.2,17104.07421875,72713.8515625
1096.7593684196472,2,4204.4,20528.390625,72713.8515625
1097.7803676128387,2,4453.0,20678.90234375,72713.8515625
1098.8033809661865,2,3307.1,20894.06640625,72713.8515625
1099.831701517105,2,3103.7,20918.44140625,72713.8515625
1100.8396298885345,2,2944.9,21329.00390625,72713.8515625
1101.8553688526154,2,3862.6,22507.421875,72713.8515625
1102.8661842346191,2,1174.3,22532.70703125,72713.8515625
1103.874472618103,2,1254.6,22483.3203125,72713.8515625
1104.8829777240753,2,2376.2,22770.05859375,72713.8515625
1105.8973865509033,2,3733.1,22979.55078125,72713.8515625
1106.9116191864014,2,598.5,8853.72265625,74761.8671875
1107.921368598938,2,972.3,9168.046875,72713.8515625
1108.9343702793121,2,2485.0,9610.3828125,72713.8515625
1109.9913849830627,2,2720.8,12933.01953125,72713.8515625
1111.0043687820435,2,4331.3,14603.26953125,72713.8515625
1112.0257079601288,2,4438.5,17043.7421875,72713.8515625
1113.0523736476898,2,4586.6,21804.9140625,72713.8515625
1114.0793762207031,2,4593.3,19135.01171875,72713.8515625
1115.1013765335083,2,4305.7,20201.35546875,72713.8515625
1116.1191711425781,2,4255.1,20560.6015625,72713.8515625
1117.1470844745636,2,3247.8,20890.68359375,72713.8515625
1118.1563782691956,2,3538.3,21140.87890625,72713.8515625
1119.1864612102509,2,2679.0,21238.8359375,72713.8515625
1120.2013683319092,2,4211.4,22256.51953125,72713.8515625
1121.2136497497559,2,1309.7,22696.92578125,72713.8515625
1122.2220613956451,2,1389.8,22598.1484375,72713.8515625
1123.2323722839355,2,1704.2,22877.63671875,72713.8515625
1124.248200893402,2,4407.4,22905.4296875,72713.8515625
1125.2621865272522,2,731.7,7747.40625,74761.8671875
1126.2706472873688,2,674.4,8998.015625,72713.8515625
1127.2793674468994,2,2041.6,9612.65625,72713.8515625
1128.3203766345978,2,2721.6,12112.23046875,72713.8515625
1129.3443660736084,2,4400.0,14450.19140625,72713.8515625
1130.3653769493103,2,4365.3,16370.296875,72713.8515625
1131.3853781223297,2,4566.8,20476.31640625,72713.8515625
1132.4113881587982,2,4565.7,22711.86328125,72713.8515625
1133.4263792037964,2,4368.2,19771.48828125,72713.8515625
1134.4413752555847,2,4363.2,20540.36328125,72713.8515625
1135.466376543045,2,3601.6,20855.63671875,72713.8515625
1136.476373910904,2,3156.0,21174.55078125,72713.8515625
1137.5039148330688,2,2965.1,21284.44140625,72713.8515625
1138.5133695602417,2,4031.5,22180.04296875,72713.8515625
1139.5326211452484,2,1820.6,22753.48828125,72713.8515625
1140.5420515537262,2,1334.1,22626.93359375,72713.8515625
1141.5553691387177,2,1242.4,22801.29296875,72713.8515625
1142.5723695755005,2,4432.1,22878.26953125,72713.8515625
1143.5873560905457,2,1246.2,23196.0078125,72713.8515625
1144.5942902565002,2,609.0,8701.51953125,72713.8515625
1145.6033718585968,2,1596.8,9632.30859375,72713.8515625
1146.6550776958466,2,2721.4,11949.23828125,72713.8515625
1147.6673707962036,2,4331.1,14477.171875,72713.8515625
1148.6883783340454,2,4433.9,15667.80078125,72713.8515625
1149.7153816223145,2,4579.0,20303.1640625,72713.8515625
1150.734375,2,4550.9,25165.05078125,72713.8515625
1151.7643921375275,2,4248.0,19161.49609375,72713.8515625
1152.7883746623993,2,4382.3,20555.53515625,72713.8515625
1153.8135740756989,2,3985.5,20911.35546875,72713.8515625
1154.8230350017548,2,2867.9,21089.6171875,72713.8515625
1155.8312349319458,2,3165.2,21351.8828125,72713.8515625
1156.841369152069,2,3788.4,22075.2890625,72713.8515625
1157.8620340824127,2,2283.7,22693.8203125,72713.8515625
1158.8705735206604,2,1246.5,22691.5390625,72713.8515625
1159.8788223266602,2,1101.6,22570.19921875,72713.8515625
1160.8893704414368,2,4163.1,22777.90234375,72713.8515625
1161.9014422893524,2,1804.3,23094.6328125,72713.8515625
1162.9099984169006,2,598.8,8247.89453125,72713.8515625
1163.9186961650848,2,1026.6,9332.68359375,72713.8515625
1164.9279296398163,2,3390.1,10677.796875,72713.8515625
1165.9383792877197,2,3415.2,14055.8671875,72713.8515625
1166.9523735046387,2,4281.3,14661.49609375,72713.8515625
1167.9773797988892,2,4527.7,18768.76171875,72713.8515625
1169.0053775310516,2,4621.1,23917.4453125,72713.8515625
1170.032083272934,2,4231.1,17760.9453125,72713.8515625
1171.0553693771362,2,4304.3,20504.12890625,72713.8515625
1172.0803773403168,2,4408.1,20713.36328125,72713.8515625
1173.1064093112946,2,3219.9,20943.8984375,72713.8515625
1174.1383740901947,2,2882.7,21228.578125,72713.8515625
1175.1643662452698,2,3680.7,21749.4140625,72713.8515625
1176.176605463028,2,2865.4,22776.70703125,72713.8515625
1177.186040878296,2,1158.3,22630.94140625,72713.8515625
1178.1935336589813,2,1222.0,22593.93359375,72713.8515625
1179.2023701667786,2,3371.1,22907.3671875,72713.8515625
1180.2231585979462,2,2661.0,23134.19140625,72713.8515625
1181.2328569889069,2,423.9,7933.69140625,72713.8515625
1182.242442369461,2,1057.7,9351.48828125,72713.8515625
1183.2533638477325,2,3482.0,9602.390625,72713.8515625
1184.2870485782623,2,2154.3,13390.6953125,72713.8515625
1185.2943680286407,2,3867.7,15667.72265625,72713.8515625
1186.3143727779388,2,4225.3,16130.80859375,72713.8515625
1187.3403749465942,2,4513.8,20403.90234375,72713.8515625
1188.3716850280762,2,4620.9,26817.83984375,83009.8515625
1189.4013800621033,2,4558.0,31061.203125,83009.8515625
1190.4213666915894,2,3951.0,19578.5234375,83009.8515625
1191.4393739700317,2,4471.6,23311.8046875,83009.8515625
1192.46537899971,2,4256.1,24829.390625,83009.8515625
1193.491372346878,2,4354.3,25176.75390625,83009.8515625
1194.510957479477,2,3312.4,25514.8359375,83009.8515625
1195.5192153453827,2,2989.9,25774.89453125,83009.8515625
1196.5506358146667,2,3491.9,25804.9140625,83009.8515625
1197.566262960434,2,3100.4,26209.421875,83009.8515625
1198.5763676166534,2,3180.2,27350.12890625,83009.8515625
1199.5973062515259,2,2159.7,28472.44140625,83009.8515625
1200.608027458191,2,854.0,28370.28515625,83009.8515625
1201.618370771408,2,1060.9,28563.67578125,83009.8515625
1202.6392903327942,2,1048.0,28451.2578125,83009.8515625
1203.6486678123474,2,1460.8,28699.484375,83009.8515625
1204.6573703289032,2,4033.5,29054.125,83009.8515625
1205.6747007369995,2,2065.3,29433.0234375,83009.8515625
1206.6833701133728,2,595.8,29673.3984375,83009.8515625
1207.6919584274292,2,467.7,8884.640625,85057.8671875
1208.7013716697693,2,1327.1,8735.46484375,83009.8515625
1209.7658302783966,2,3387.1,11372.49609375,83009.8515625
1210.7803745269775,2,4442.9,14039.30078125,83009.8515625
1211.8064794540405,2,4485.2,13427.55078125,83009.8515625
1212.8203701972961,2,4174.4,15422.4765625,83009.8515625
1213.8444471359253,2,3068.8,15741.98046875,83009.8515625
1214.8578712940216,2,3467.7,16360.33984375,83009.8515625
1215.8694291114807,2,2202.1,17020.2265625,83009.8515625
1216.8806726932526,2,1177.2,16894.1640625,83009.8515625
1217.8889648914337,2,3766.2,17330.796875,83009.8515625
1218.898669719696,2,637.0,8924.328125,85057.8671875
1219.9081020355225,2,1062.5,8803.875,83009.8515625
1220.9181129932404,2,3421.9,11224.63671875,83009.8515625
1221.9353749752045,2,4248.4,13166.3046875,83009.8515625
1222.9613728523254,2,4470.8,13096.7109375,83009.8515625
1223.977377653122,2,4158.3,15187.44140625,83009.8515625
1225.0026683807373,2,3448.9,15481.49609375,83009.8515625
1226.0193676948547,2,3300.8,15910.2265625,83009.8515625
1227.030701637268,2,2366.8,16767.00390625,83009.8515625
1228.0413825511932,2,1197.7,16722.58984375,83009.8515625
1229.0508143901825,2,3634.3,16934.16796875,83009.8515625
1230.0637850761414,2,915.7,7859.24609375,85057.8671875
1231.0726504325867,2,673.0,9121.60546875,83009.8515625
1232.0800955295563,2,2034.9,9750.125,83009.8515625
1233.1261565685272,2,2376.0,12674.05859375,83009.8515625
1234.1443700790405,2,4256.8,15662.421875,83009.8515625
1235.1677803993225,2,4307.9,16116.7890625,83009.8515625
1236.190373659134,2,4467.5,20112.63671875,83009.8515625
1237.21737241745,2,4561.0,24518.03125,83009.8515625
1238.2453708648682,2,4560.8,29789.875,83009.8515625
1239.2723786830902,2,4128.3,23135.71484375,83009.8515625
1240.2943818569183,2,4193.2,23195.9140625,83009.8515625
1241.319368839264,2,4201.5,24785.5234375,83009.8515625
1242.3443677425385,2,4493.4,25017.27734375,83009.8515625
1243.363231420517,2,3528.2,25419.53515625,83009.8515625
1244.3753805160522,2,3022.5,25806.48046875,83009.8515625
1245.4062480926514,2,3590.5,25636.25,83009.8515625
1246.4153714179993,2,3483.6,26166.375,83009.8515625
1247.436367034912,2,3325.4,27403.59765625,83009.8515625
1248.4565405845642,2,1712.8,28361.55859375,83009.8515625
1249.4663853645325,2,1037.8,28230.89453125,83009.8515625
1250.4785759449005,2,1285.2,28219.65625,83009.8515625
1251.4869239330292,2,880.8,28166.328125,83009.8515625
1252.4953701496124,2,3506.9,28891.53125,83009.8515625
1253.5109071731567,2,3475.8,29147.45703125,83009.8515625
1254.5180432796478,2,515.7,29403.25390625,83009.8515625
1255.5264611244202,2,629.3,27658.10546875,83009.8515625
1256.5355331897736,2,511.6,8567.71875,83009.8515625
1257.544314622879,2,2046.3,9494.56640625,83009.8515625
1258.57040143013,2,2719.2,12692.62890625,83009.8515625
1259.5891494750977,2,4268.9,14321.83984375,83009.8515625
1260.6033737659454,2,4496.5,16983.74609375,83009.8515625
1261.6292781829834,2,4548.1,22360.60546875,83009.8515625
1262.6536123752594,2,4352.7,17098.328125,83009.8515625
1263.6672148704529,2,4322.6,20354.03515625,83009.8515625
1264.68936753273,2,4389.4,20519.828125,83009.8515625
1265.7103333473206,2,3424.0,20736.1796875,83009.8515625
1266.7383754253387,2,3010.6,20990.7578125,83009.8515625
1267.7639739513397,2,3712.9,21648.3203125,83009.8515625
1268.771773815155,2,2435.0,22244.34765625,83009.8515625
1269.779292345047,2,1422.0,22196.83984375,83009.8515625
1270.7883687019348,2,1605.6,22302.60546875,83009.8515625
1271.8013689517975,2,4357.4,22351.71484375,83009.8515625
1272.8176498413086,2,770.8,7923.3359375,85057.8671875
1273.825546503067,2,573.3,9221.015625,83009.8515625
1274.8364171981812,2,940.0,10068.8125,83009.8515625
1275.8479354381561,2,3820.3,10957.89453125,83009.8515625
1276.8573687076569,2,3033.7,14831.56640625,83009.8515625
1277.8833663463593,2,4166.7,16450.984375,83009.8515625
1278.904375553131,2,4364.1,17443.34765625,83009.8515625
1279.931860923767,2,4524.7,21943.3671875,83009.8515625
1280.9573743343353,2,4491.7,26589.0,83009.8515625
1281.9853711128235,2,4462.1,30678.6484375,83009.8515625
1283.0135352611542,2,3894.7,20233.984375,83009.8515625
1284.0303831100464,2,4378.5,23999.484375,83009.8515625
1285.0453746318817,2,4163.4,25548.6015625,83009.8515625
1286.0701880455017,2,4381.4,25794.7890625,83009.8515625
1287.0883314609528,2,3345.7,26207.74609375,83009.8515625
1288.0945889949799,2,2825.5,26424.953125,83009.8515625
1289.1036105155945,2,3942.8,26587.32421875,83009.8515625
1290.113899230957,2,2813.2,26725.0234375,83009.8515625
1291.1262583732605,2,3533.7,28038.44140625,83009.8515625
1292.135104894638,2,2560.8,29159.5703125,83009.8515625
1293.1465425491333,2,777.1,29098.33203125,83009.8515625
1294.1553287506104,2,815.6,28995.9765625,83009.8515625
1295.1643793582916,2,1134.3,28977.3046875,83009.8515625
1296.1721377372742,2,797.2,29038.828125,83009.8515625
1297.1813697814941,2,2113.3,29314.76171875,83009.8515625
1298.1933681964874,2,4161.0,29613.08984375,83009.8515625
1299.2150115966797,2,1614.2,29988.0,83009.8515625
1300.2234168052673,2,652.2,30282.80078125,83009.8515625
1301.2355153560638,2,403.2,9133.43359375,85057.8671875
1302.2453663349152,2,913.4,9420.46875,83009.8515625
1303.2553706169128,2,2240.5,9793.1328125,83009.8515625
1304.3023037910461,2,2333.9,12744.65625,83009.8515625
1305.3153705596924,2,4264.3,15775.48828125,83009.8515625
1306.336374282837,2,4260.3,16243.61328125,83009.8515625
1307.3646409511566,2,4509.6,20595.28515625,83009.8515625
1308.3923726081848,2,4575.7,24757.390625,83009.8515625
1309.4193727970123,2,4523.9,29721.640625,83009.8515625
1310.4453763961792,2,4074.2,25471.56640625,83009.8515625
1311.4593725204468,2,4163.8,23331.89453125,83009.8515625
1312.491366147995,2,4175.7,24985.21875,83009.8515625
1313.5133669376373,2,4408.3,25205.16015625,83009.8515625
1314.5341339111328,2,3984.7,25504.15625,83009.8515625
1315.5424678325653,2,2778.1,25801.234375,83009.8515625
1316.5506312847137,2,3915.7,26044.078125,83009.8515625
1317.5596380233765,2,3026.1,26204.578125,83009.8515625
1318.5712895393372,2,3544.6,27390.2890625,83009.8515625
1319.5982449054718,2,2143.4,28462.20703125,83009.8515625
1320.608208656311,2,698.8,28557.0234375,83009.8515625
1321.6171009540558,2,971.8,28548.47265625,83009.8515625
1322.6266191005707,2,1345.2,28271.48828125,83009.8515625
1323.637618303299,2,1298.4,28505.55078125,83009.8515625
1324.653380393982,2,3904.0,28822.09765625,83009.8515625
1325.6648292541504,2,2264.6,29367.9765625,83009.8515625
1326.6741514205933,2,574.5,29573.9609375,83009.8515625
1327.6820180416107,2,616.9,7986.46484375,85057.8671875
1328.690274477005,2,693.3,9152.17578125,83009.8515625
1329.6993641853333,2,1795.5,9779.49609375,83009.8515625
1330.7500579357147,2,2380.6,12466.98828125,83009.8515625
1331.7624158859253,2,4453.4,15251.92578125,83009.8515625
1332.7903718948364,2,3957.3,16151.20703125,83009.8515625
1333.8043751716614,2,4352.7,19117.59375,83009.8515625
1334.8313732147217,2,4598.8,24229.01171875,83009.8515625
1335.8583731651306,2,4515.3,29019.21875,83009.8515625
1336.884369134903,2,4197.8,28114.453125,83009.8515625
1337.90740275383,2,4168.3,22253.328125,83009.8515625
1338.9633674621582,2,4121.7,25094.63671875,83009.8515625
1339.9843697547913,2,4437.7,25287.5234375,83009.8515625
1341.0053644180298,2,4426.1,25475.63671875,83009.8515625
1342.0189526081085,2,3034.8,25702.609375,83009.8515625
1343.0293765068054,2,3333.4,26104.82421875,83009.8515625
1344.059455871582,2,2962.3,26171.6640625,83009.8515625
1345.0753679275513,2,3583.9,27434.5546875,83009.8515625
1346.089366197586,2,2666.3,28662.71875,83009.8515625
1347.11008644104,2,769.6,28552.58203125,83009.8515625
1348.1194882392883,2,1146.8,28565.56640625,83009.8515625
1349.1312465667725,2,1163.4,28491.23828125,83009.8515625
1350.141372203827,2,1658.3,29029.5625,83009.8515625
1351.1563701629639,2,4223.9,29016.23046875,83009.8515625
1352.1678762435913,2,1703.0,29394.53125,83009.8515625
1353.178509235382,2,638.0,29649.1875,83009.8515625
1354.1877558231354,2,421.6,9062.18359375,85057.8671875
1355.1958348751068,2,881.0,9375.13671875,83009.8515625
1356.2063653469086,2,2745.4,9665.72265625,83009.8515625
1357.25537443161,2,2331.7,13412.9375,83009.8515625
1358.2743685245514,2,4258.7,15636.87109375,83009.8515625
1359.2953743934631,2,4259.7,16107.74609375,83009.8515625
1360.3213798999786,2,4489.2,20339.90234375,83009.8515625
1361.3493752479553,2,4592.1,25216.80859375,83009.8515625
1362.377324104309,2,4597.4,30757.44140625,83009.8515625
1363.407366514206,2,3932.0,19682.71484375,83009.8515625
1364.4253754615784,2,4453.0,23305.3671875,83009.8515625
1365.442377090454,2,4199.2,24890.75390625,83009.8515625
1366.4713697433472,2,4389.7,25200.36328125,83009.8515625
1367.4957995414734,2,3337.9,25508.6796875,83009.8515625
1368.5222985744476,2,3519.7,25813.92578125,83009.8515625
1369.5531306266785,2,3180.9,25844.578125,83009.8515625
1370.5623655319214,2,3722.1,26418.61328125,83009.8515625
1371.5773644447327,2,3285.3,27525.48046875,83009.8515625
1372.5898320674896,2,1174.1,28313.19140625,83009.8515625
1373.5973572731018,2,809.0,28338.72265625,83009.8515625
1374.6123669147491,2,950.8,28474.6328125,83009.8515625
1375.6325516700745,2,1104.8,28246.75390625,83009.8515625
1376.6443679332733,2,1222.1,28512.96875,83009.8515625
1377.6563029289246,2,3876.4,28727.5546875,83009.8515625
1378.670163154602,2,2347.9,29329.4609375,83009.8515625
1379.678581237793,2,579.3,29551.3203125,83009.8515625
1380.6867773532867,2,587.9,7814.36328125,85057.8671875
1381.6953673362732,2,535.6,9148.625,83009.8515625
1382.7037370204926,2,884.9,10070.04296875,83009.8515625
1383.713371515274,2,3962.5,10188.6015625,83009.8515625
1384.776377916336,2,2086.7,14286.0859375,83009.8515625
1385.7953691482544,2,4228.8,16587.1796875,83009.8515625
1386.8143768310547,2,4214.7,17062.5625,83009.8515625
1387.8433811664581,2,4500.1,21062.484375,83009.8515625
1388.8886873722076,2,4602.3,25006.234375,83009.8515625
1389.9162170886993,2,4441.9,29394.31640625,83009.8515625
1390.9673819541931,2,4223.4,28490.2890625,83009.8515625
1391.9853785037994,2,4161.2,22600.40234375,83009.8515625
1393.0233676433563,2,4213.0,26116.3046875,83009.8515625
1394.0443768501282,2,4285.1,26255.01171875,83009.8515625
1395.064371585846,2,4270.2,26401.3046875,83009.8515625
1396.0853848457336,2,2320.9,26684.890625,83009.8515625
1397.1163823604584,2,3218.4,26892.48828125,83009.8515625
1398.1464924812317,2,3264.0,26934.6484375,83009.8515625
1399.1723737716675,2,3398.8,27395.58984375,83009.8515625
1400.196415424347,2,3458.3,28559.98828125,83009.8515625
1401.205985069275,2,2016.2,29532.171875,83009.8515625
1402.2147765159607,2,700.5,29559.359375,83009.8515625
1403.2240262031555,2,839.1,29510.86328125,83009.8515625
1404.233365058899,2,1247.0,29429.859375,83009.8515625
1405.2406198978424,2,613.9,29593.18359375,83009.8515625
1406.2493770122528,2,1733.0,30158.98046875,83009.8515625
1407.2763714790344,2,4174.2,29971.265625,83009.8515625
1408.290195941925,2,2218.3,30542.26171875,83009.8515625
1409.299414396286,2,584.1,30736.38671875,83009.8515625
1410.3077919483185,2,594.2,7755.50390625,85057.8671875
1411.3174469470978,2,930.6,8526.34375,83009.8515625
1412.3273713588715,2,3240.6,10794.23828125,83009.8515625
1413.347379207611,2,4205.2,12867.96484375,83009.8515625
1414.3737258911133,2,4499.6,12872.0390625,83009.8515625
1415.386374950409,2,4256.9,15070.55859375,83009.8515625
1416.4123516082764,2,3307.4,15419.51953125,83009.8515625
1417.4211854934692,2,3257.8,15770.89453125,83009.8515625
1418.4317979812622,2,2291.4,16729.96875,83009.8515625
1419.4402310848236,2,1278.5,16840.30859375,83009.8515625
1420.4540269374847,2,3605.4,17036.12109375,83009.8515625
1421.4604361057281,2,551.1,9031.78125,85057.8671875
1422.4693710803986,2,1447.5,8834.6875,83009.8515625
1423.5297944545746,2,3374.0,11445.87890625,83009.8515625
1424.5403773784637,2,4466.3,14040.2734375,83009.8515625
1425.5661180019379,2,4423.2,13430.91015625,83009.8515625
1426.5893762111664,2,4230.0,15085.27734375,83009.8515625
1427.6136465072632,2,3283.1,15328.109375,83009.8515625
1428.641367673874,2,3438.7,15980.9375,83009.8515625
1429.6628997325897,2,1652.2,16425.40234375,83009.8515625
1430.6733748912811,2,2003.1,16629.43359375,83009.8515625
1431.6879589557648,2,2713.7,16934.02734375,83009.8515625
1432.6960065364838,2,425.1,8115.7734375,83009.8515625
1433.7051827907562,2,897.1,10086.6015625,83009.8515625
1434.714371919632,2,2214.4,10181.51953125,83009.8515625
1435.7577230930328,2,2499.5,12743.3046875,83009.8515625
1436.7673726081848,2,4052.8,15753.1328125,83009.8515625
1437.7893657684326,2,4089.4,16816.2578125,83009.8515625
1438.8203756809235,2,4390.4,18305.24609375,83009.8515625
1439.8483791351318,2,4542.0,22792.12890625,83009.8515625
1440.8753724098206,2,4447.9,26977.5546875,83009.8515625
1441.9009974002838,2,4390.2,31237.10546875,83009.8515625
1442.9264924526215,2,3924.4,20700.09765625,83009.8515625
1443.9383912086487,2,4519.6,24600.765625,83009.8515625
1444.995377779007,2,4172.3,26096.09375,83009.8515625
1446.0221214294434,2,4223.0,26344.05078125,83009.8515625
1447.0533397197723,2,3540.9,26594.0390625,83009.8515625
1448.0633816719055,2,2943.3,26811.98046875,83009.8515625
1449.0733814239502,2,3743.5,27014.97265625,83009.8515625
1450.1003777980804,2,2298.8,27044.51953125,83009.8515625
1451.1263678073883,2,3866.8,28256.3984375,83009.8515625
1452.14705824852,2,2846.7,29088.96875,83009.8515625
1453.1551175117493,2,1002.6,29472.5859375,83009.8515625
1454.1653897762299,2,978.2,29409.80859375,83009.8515625
1455.177575826645,2,855.7,29612.625,83009.8515625
1456.1861214637756,2,1118.4,29429.640625,83009.8515625
1457.194364309311,2,1173.6,29591.3203125,83009.8515625
1458.2063694000244,2,3880.9,29914.02734375,83009.8515625
1459.217013835907,2,3196.3,30445.07421875,83009.8515625
1460.2255375385284,2,511.4,30731.94140625,83009.8515625
1461.2345724105835,2,674.2,29389.625,83009.8515625
1462.2431635856628,2,323.3,8476.828125,83009.8515625
1463.25137257576,2,987.6,9650.44921875,83009.8515625
1464.2593660354614,2,3750.8,9844.40234375,83009.8515625
1465.3063814640045,2,2404.2,14459.41796875,83009.8515625
1466.3333678245544,2,4093.5,16079.90625,83009.8515625
1467.3523149490356,2,4355.9,16833.92578125,83009.8515625
1468.383368730545,2,4556.0,21806.234375,83009.8515625
1469.4123742580414,2,4589.8,26926.9453125,83009.8515625
1470.4393792152405,2,4528.5,31109.54296875,83009.8515625
1471.462410211563,2,3872.4,19932.5234375,83009.8515625
1472.4783608913422,2,4476.1,23894.23828125,83009.8515625
1473.4923717975616,2,4258.5,24890.0,83009.8515625
1474.518512248993,2,4228.0,25303.04296875,83009.8515625
1475.5313844680786,2,3195.9,25600.28125,83009.8515625
1476.5633792877197,2,3374.5,25928.03125,83009.8515625
1477.5936868190765,2,3406.3,26017.0234375,83009.8515625
1478.6191411018372,2,3725.6,26550.48046875,83009.8515625
1479.6294343471527,2,2932.5,27644.20703125,83009.8515625
1480.637656211853,2,1163.5,28424.8046875,83009.8515625
1481.6492455005646,2,944.1,28299.48046875,83009.8515625
1482.6583676338196,2,1195.2,28380.5703125,83009.8515625
1483.6658504009247,2,780.3,28356.5546875,83009.8515625
1484.6733684539795,2,1885.0,28967.40625,83009.8515625
1485.6974408626556,2,4114.9,28725.296875,83009.8515625
1486.708570241928,2,1482.8,29344.80859375,83009.8515625
1487.7166740894318,2,638.3,29632.89453125,83009.8515625
1488.7256259918213,2,427.1,9364.78125,85057.8671875
1489.7348215579987,2,718.8,9697.88671875,83009.8515625
1490.7443640232086,2,1595.2,10134.2421875,83009.8515625
1491.8048295974731,2,3269.5,11714.71875,83009.8515625
1492.816393852234,2,3403.5,15086.43359375,83009.8515625
1493.8403716087341,2,4129.1,16778.99609375,83009.8515625
1494.860374212265,2,4291.1,17325.328125,83009.8515625
1495.8743743896484,2,4556.5,22485.46484375,83009.8515625
1496.9013714790344,2,4553.0,27343.40234375,83009.8515625
1497.9283719062805,2,4527.7,32256.82421875,83009.8515625
1498.949384212494,2,4108.2,24797.5625,83009.8515625
1499.9603869915009,2,4243.9,24505.625,83009.8515625
1501.0013675689697,2,4190.6,26225.828125,83009.8515625
1502.0215911865234,2,4391.4,26386.56640625,83009.8515625
1503.0418045520782,2,4080.5,26630.9296875,83009.8515625
1504.0523903369904,2,2503.1,26832.04296875,83009.8515625
1505.0911800861359,2,3025.9,27144.00390625,83009.8515625
1506.1185228824615,2,3059.8,27057.62890625,83009.8515625
1507.1255731582642,2,3930.4,27661.50390625,83009.8515625
1508.1433689594269,2,3234.5,28725.9375,83009.8515625
1509.1543772220612,2,1177.6,29467.28515625,83009.8515625
1510.1623179912567,2,877.7,29491.51953125,83009.8515625
1511.1705920696259,2,958.3,29652.265625,83009.8515625
1512.1818561553955,2,1225.6,29400.30859375,83009.8515625
1513.1943662166595,2,1369.1,29659.34375,83009.8515625
1514.2133703231812,2,3747.3,29887.46484375,83009.8515625
1515.2236514091492,2,3185.1,30415.69921875,83009.8515625
1516.2325398921967,2,581.7,30700.48828125,83009.8515625
1517.2400348186493,2,580.2,24375.44921875,83009.8515625
1518.2482357025146,2,443.3,8734.89453125,83009.8515625
1519.2566924095154,2,995.7,9612.6015625,83009.8515625
1520.26598238945,2,3771.0,10554.453125,83009.8515625
1521.2753756046295,2,2890.6,14425.9296875,83009.8515625
1522.2913689613342,2,4051.2,16045.01171875,83009.8515625
1523.3203809261322,2,4335.6,17630.92578125,83009.8515625
1524.336375951767,2,4617.2,21800.77734375,83009.8515625
1525.3633728027344,2,4519.6,26266.5625,83009.8515625
1526.3853731155396,2,4432.8,30016.328125,83009.8515625
1527.412383556366,2,4039.5,20467.42578125,83009.8515625
1528.430391550064,2,4526.1,23993.0703125,83009.8515625
1529.446379184723,2,4214.9,24805.265625,83009.8515625
1530.467368364334,2,4184.1,25213.8125,83009.8515625
1531.4883830547333,2,3219.8,25529.76171875,83009.8515625
1532.5203750133514,2,3313.2,25858.66015625,83009.8515625
1533.5475401878357,2,3248.3,25986.28515625,83009.8515625
1534.5562841892242,2,3624.1,26558.41015625,83009.8515625
1535.567842245102,2,2963.3,27664.86328125,83009.8515625
1536.5770411491394,2,1207.5,28370.3046875,83009.8515625
1537.5883696079254,2,977.1,28273.734375,83009.8515625
1538.59871840477,2,1218.9,28310.20703125,83009.8515625
1539.6093950271606,2,819.2,28288.16796875,83009.8515625
1540.6183836460114,2,3127.4,28809.90625,83009.8515625
1541.6433141231537,2,3697.7,29050.484375,83009.8515625
1542.6523711681366,2,730.8,29448.15234375,83009.8515625
1543.6615788936615,2,698.3,29409.4921875,83009.8515625
1544.6696228981018,2,365.0,8487.96484375,83009.8515625
1545.6778936386108,2,997.0,9504.328125,83009.8515625
1546.687005996704,2,3602.2,10289.09765625,83009.8515625
1547.6973733901978,2,2809.2,14356.84765625,83009.8515625
1548.7223691940308,2,4068.9,15978.75,83009.8515625
1549.742375612259,2,4372.6,17351.328125,83009.8515625
1550.77276968956,2,4566.9,21665.40234375,83009.8515625
1551.8003730773926,2,4517.8,26212.18359375,83009.8515625
1552.8391239643097,2,4567.4,29397.40625,83009.8515625
1553.8504104614258,2,3929.8,20482.87890625,83009.8515625
1554.8713800907135,2,4506.3,23982.21484375,83009.8515625
1555.8863773345947,2,4221.4,24759.2734375,83009.8515625
1556.9136412143707,2,4244.3,25120.65234375,83009.8515625
1557.9363870620728,2,3386.3,25421.61328125,83009.8515625
1558.9536383152008,2,3137.0,25740.44140625,83009.8515625
1559.96248960495,2,3198.4,25749.61328125,83009.8515625
1560.9713690280914,2,4075.7,26480.48046875,83009.8515625
1561.9831290245056,2,2525.4,27633.8359375,83009.8515625
1562.9933910369873,2,1268.5,28216.9375,83009.8515625
1564.002192735672,2,941.9,28285.86328125,83009.8515625
1565.0107378959656,2,1221.6,28293.13671875,83009.8515625
1566.0209429264069,2,770.4,28237.0,83009.8515625
1567.0333666801453,2,2794.7,28698.96484375,83009.8515625
1568.0443682670593,2,3880.3,28914.640625,83009.8515625
1569.0688080787659,2,655.5,29294.42578125,83009.8515625
1570.0770244598389,2,836.0,29634.70703125,83009.8515625
1571.0890758037567,2,375.8,8090.3203125,83009.8515625
1572.0975732803345,2,1048.5,9282.24609375,83009.8515625
1573.10670876503,2,3289.0,10418.78125,83009.8515625
1574.1155729293823,2,3292.9,13972.24609375,83009.8515625
1575.1293692588806,2,4348.0,14664.2578125,83009.8515625
1576.1503767967224,2,4530.5,18919.3515625,83009.8515625
1577.178079366684,2,4525.6,24194.1875,83009.8515625
1578.2044019699097,2,4326.5,17843.140625,83009.8515625
1579.2263669967651,2,4374.0,20589.94140625,83009.8515625
1580.2473719120026,2,4406.9,20797.2890625,83009.8515625
1581.2723972797394,2,3108.3,21057.9609375,83009.8515625
1582.3089261054993,2,2974.5,21307.0078125,83009.8515625
1583.337368965149,2,3714.6,21775.74609375,83009.8515625
1584.3494758605957,2,2760.1,22709.58203125,83009.8515625
1585.3577539920807,2,1197.5,22776.29296875,83009.8515625
1586.3681132793427,2,1248.0,22580.68359375,83009.8515625
1587.3763675689697,2,4197.5,22812.19921875,83009.8515625
1588.3891854286194,2,1798.4,23163.90625,83009.8515625
1589.3988316059113,2,516.6,8272.84375,83009.8515625
1590.4073672294617,2,1038.7,9611.58984375,83009.8515625
1591.4173684120178,2,3437.5,9817.21484375,83009.8515625
1592.4593696594238,2,2320.8,13567.40234375,83009.8515625
1593.4873685836792,2,4207.4,15799.90234375,83009.8515625
1594.5173094272614,2,4326.5,16254.60546875,83009.8515625
1595.533373594284,2,4505.9,21225.05859375,83009.8515625
1596.5577509403229,2,4541.0,26266.5703125,83009.8515625
1597.5853719711304,2,4522.1,30929.29296875,83009.8515625
1598.611006975174,2,4041.1,19880.46875,83009.8515625
1599.6283733844757,2,4522.4,23904.78515625,83009.8515625
1600.6413810253143,2,4187.0,24786.20703125,83009.8515625
1601.6673889160156,2,4214.6,25131.0234375,83009.8515625
1602.6920609474182,2,3386.2,25430.4921875,83009.8515625
1603.7092843055725,2,3479.7,25748.80859375,83009.8515625
1604.734139919281,2,3222.6,25705.2109375,83009.8515625
1605.7465999126434,2,3879.9,26391.01171875,83009.8515625
1606.7583796977997,2,2758.1,27744.078125,83009.8515625
1607.7669627666473,2,1292.0,28193.88671875,83009.8515625
1608.7762894630432,2,939.0,28249.38671875,83009.8515625
1609.7848126888275,2,1458.2,28263.71875,83009.8515625
1610.7943658828735,2,1511.7,28407.3515625,83009.8515625
1611.80637383461,2,3849.0,28732.55078125,83009.8515625
1612.8206083774567,2,2272.9,29278.9453125,83009.8515625
1613.828886270523,2,588.3,29496.9453125,83009.8515625
1614.8385291099548,2,590.7,8623.63671875,85057.8671875
1615.845828294754,2,734.6,9294.3046875,83009.8515625
1616.8553657531738,2,2063.4,9697.53125,83009.8515625
1617.8753671646118,2,2369.9,12506.08984375,83009.8515625
1618.8902435302734,2,4205.0,15616.21484375,83009.8515625
1619.8973679542542,2,4271.8,16106.98046875,83009.8515625
1620.9183745384216,2,4487.7,19431.56640625,83009.8515625
1621.9453756809235,2,4624.5,23998.3359375,83009.8515625
1622.9724011421204,2,4570.3,29368.42578125,83009.8515625
1623.9967226982117,2,4186.7,22740.296875,83009.8515625
1625.0244042873383,2,4266.0,23181.046875,83009.8515625
1626.0613722801208,2,4246.8,24818.57421875,83009.8515625
1627.0857319831848,2,4303.7,25135.60546875,83009.8515625
1628.0928962230682,2,3523.1,25450.68359375,83009.8515625
1629.1027855873108,2,3172.4,25874.953125,83009.8515625
1630.1322665214539,2,3564.4,25926.3359375,83009.8515625
1631.1483662128448,2,3500.8,26264.79296875,83009.8515625
1632.1623680591583,2,3737.6,27541.56640625,83009.8515625
1633.1830236911774,2,1385.1,28356.30859375,83009.8515625
1634.1901047229767,2,815.5,28372.203125,83009.8515625
1635.1980345249176,2,1022.0,28421.20703125,83009.8515625
1636.2059636116028,2,1034.1,28395.30078125,83009.8515625
1637.214490890503,2,1532.0,28817.98046875,83009.8515625
1638.227366924286,2,4161.4,28835.8671875,83009.8515625
1639.2357420921326,2,1880.9,29307.8828125,83009.8515625
1640.244217634201,2,629.5,29561.8515625,83009.8515625
1641.253026008606,2,434.2,9300.68359375,85057.8671875
1642.2623674869537,2,890.6,9527.1796875,83009.8515625
1643.2902519702911,2,1941.6,9944.93359375,83009.8515625
1644.3490228652954,2,2385.2,12515.33203125,83009.8515625
1645.3583753108978,2,4323.6,15367.3359375,83009.8515625
1646.3723685741425,2,4120.9,16339.45703125,83009.8515625
1647.3933801651,2,4281.1,18749.6796875,83009.8515625
1648.426646232605,2,4563.8,23305.17578125,83009.8515625
1649.4555418491364,2,4582.5,28249.36328125,83009.8515625
1650.4823791980743,2,4293.1,30310.95703125,83009.8515625
1651.4923858642578,2,4121.3,21104.3828125,83009.8515625
1652.5233700275421,2,4175.4,25425.0078125,83009.8515625
1653.547443151474,2,4449.5,25391.9921875,83009.8515625
1654.5603785514832,2,4185.8,25817.91796875,83009.8515625
1655.5850455760956,2,2959.1,26140.76171875,83009.8515625
1656.5933187007904,2,3121.1,26432.7578125,83009.8515625
1657.6033744812012,2,3146.1,26389.93359375,83009.8515625
1658.6193678379059,2,3868.3,27137.09765625,83009.8515625
1659.6286101341248,2,3156.9,28213.60546875,83009.8515625
1660.6396503448486,2,1209.7,28942.7265625,83009.8515625
1661.6473128795624,2,1005.9,28867.26953125,83009.8515625
1662.6573138237,2,1269.8,28898.2734375,83009.8515625
1663.6686334609985,2,886.3,28824.63671875,83009.8515625
1664.6810944080353,2,3216.8,29267.890625,83009.8515625
1665.6926169395447,2,3780.7,29471.40234375,83009.8515625
1666.7015173435211,2,801.0,29847.8515625,83009.8515625
1667.710235118866,2,843.0,30196.8671875,83009.8515625
1668.7186059951782,2,504.6,8202.42578125,83009.8515625
1669.7273678779602,2,1907.7,8899.30078125,83009.8515625
1670.7523798942566,2,3254.6,11633.16015625,83009.8515625
1671.767371416092,2,4239.8,13052.7109375,83009.8515625
1672.7935671806335,2,4611.5,18051.41015625,83009.8515625
1673.8214027881622,2,4365.7,15254.91796875,83009.8515625
1674.8443746566772,2,4307.5,17474.29296875,83009.8515625
1675.8696205615997,2,3500.6,17869.625,83009.8515625
1676.8793869018555,2,3389.6,18170.50390625,83009.8515625
1677.903368473053,2,3406.0,18849.0703125,83009.8515625
1678.9225053787231,2,2153.8,19522.53125,83009.8515625
1679.931259393692,2,1364.0,19337.4921875,83009.8515625
1680.943368434906,2,2835.3,19595.4375,83009.8515625
1681.9610908031464,2,2400.1,19792.515625,83009.8515625
1682.9696226119995,2,533.6,8270.765625,83009.8515625
1683.978369474411,2,1421.6,9538.1953125,83009.8515625
1685.0367782115936,2,2774.3,11894.93359375,83009.8515625
1686.060371875763,2,4308.3,14087.91015625,83009.8515625
1687.0813746452332,2,4369.5,16084.40625,83009.8515625
1688.1083734035492,2,4600.4,20290.734375,83009.8515625
1689.1353764533997,2,4532.9,18870.35546875,83009.8515625
1690.1478583812714,2,4158.4,19918.47265625,83009.8515625
1691.1603770256042,2,4301.7,20187.43359375,83009.8515625
1692.184865474701,2,3438.7,20423.51953125,83009.8515625
1693.2177994251251,2,3510.9,20439.0703125,83009.8515625
1694.2283673286438,2,3281.6,20923.28515625,83009.8515625
1695.2407488822937,2,3162.1,21963.921875,83009.8515625
1696.2497324943542,2,1191.1,21845.6484375,83009.8515625
1697.259784936905,2,1163.5,21922.75,83009.8515625
1698.2693684101105,2,4031.6,22030.42578125,83009.8515625
1699.2814869880676,2,1764.0,22445.19921875,83009.8515625
1700.2898170948029,2,664.2,8390.296875,83009.8515625
1701.298577785492,2,1845.2,9386.046875,83009.8515625
1702.3093769550323,2,2705.8,12539.0234375,83009.8515625
1703.325308084488,2,4323.7,14035.90234375,83009.8515625
1704.347377538681,2,4490.9,16817.55859375,83009.8515625
1705.3737971782684,2,4580.9,21847.4765625,83009.8515625
1706.4006760120392,2,4346.8,16705.08203125,83009.8515625
1707.4173693656921,2,4334.4,19811.875,83009.8515625
1708.4383764266968,2,4459.1,20006.87109375,83009.8515625
1709.464388370514,2,3315.8,20223.5703125,83009.8515625
1710.4913773536682,2,3094.9,20560.75390625,83009.8515625
1711.5183696746826,2,3881.1,21259.3515625,83009.8515625
1712.5271162986755,2,1908.2,21899.12890625,83009.8515625
1713.5387003421783,2,1374.8,21676.515625,83009.8515625
1714.547371149063,2,2048.1,21976.6015625,83009.8515625
1715.5687320232391,2,3742.2,22117.75390625,83009.8515625
1716.5774147510529,2,656.5,8961.13671875,85057.8671875
1717.5857105255127,2,960.2,9056.94921875,83009.8515625
1718.5949819087982,2,2804.7,10218.29296875,83009.8515625
1719.6033761501312,2,3423.5,13696.4921875,83009.8515625
1720.6163778305054,2,4316.5,14144.1015625,83009.8515625
1721.6373798847198,2,4474.5,18816.51953125,83009.8515625
1722.6676533222198,2,4442.6,23684.60546875,83009.8515625
1723.6830260753632,2,4330.0,18752.91015625,83009.8515625
1724.6993789672852,2,4413.9,19832.2421875,83009.8515625
1725.7202470302582,2,3437.6,20167.91796875,83009.8515625
1726.7323806285858,2,3452.4,20398.14453125,83009.8515625
1727.7553651332855,2,3037.6,20581.66015625,83009.8515625
1728.768369436264,2,3913.2,21851.24609375,83009.8515625
1729.787546157837,2,1163.2,21903.02734375,83009.8515625
1730.799357175827,2,1266.2,21789.92578125,83009.8515625
1731.8073706626892,2,3409.4,21979.3828125,83009.8515625
1732.824970960617,2,2259.2,22276.13671875,83009.8515625
1733.834492444992,2,543.3,8154.734375,83009.8515625
1734.8444380760193,2,1189.7,9533.99609375,83009.8515625
1735.8641023635864,2,2799.0,11726.046875,83009.8515625
1736.8743691444397,2,4289.3,14113.34375,83009.8515625
1737.8953769207,2,4351.0,15530.87109375,83009.8515625
1738.9233736991882,2,4616.6,20088.36328125,83009.8515625
1739.9503815174103,2,4558.2,20787.76171875,83009.8515625
1740.9633736610413,2,4244.7,19598.8125,83009.8515625
1741.9773786067963,2,4251.4,20111.91015625,83009.8515625
1743.0033888816833,2,3420.0,20376.57421875,83009.8515625
1744.1697566509247,2,3388.1,20416.859375,83009.8515625
1745.1793649196625,2,3134.3,20915.44921875,83009.8515625
1746.192370891571,2,3303.1,21927.2734375,83009.8515625
1747.20268368721,2,1123.0,21846.8515625,83009.8515625
1748.2142355442047,2,1231.5,21833.83984375,83009.8515625
1749.2223711013794,2,3906.5,22056.04296875,83009.8515625
1750.2344801425934,2,1879.4,22372.67578125,83009.8515625
1751.2438099384308,2,763.3,8207.4921875,83009.8515625
1752.2533674240112,2,2500.0,8754.078125,83009.8515625
1753.2673709392548,2,3109.1,11943.3046875,83009.8515625
1754.2882497310638,2,4363.9,14310.0859375,83009.8515625
1755.3153712749481,2,4617.4,20037.81640625,83009.8515625
1756.3423764705658,2,4390.2,16503.4375,83009.8515625
1757.3573687076569,2,4168.6,17331.99609375,83009.8515625
1758.378390789032,2,3345.8,17662.015625,83009.8515625
1759.408499956131,2,3090.1,17905.48046875,83009.8515625
1760.4173691272736,2,3916.8,18937.625,83009.8515625
1761.4338054656982,2,1155.6,19131.59375,83009.8515625
1762.4426045417786,2,1218.2,18983.33203125,83009.8515625
1763.451813697815,2,4205.5,19215.88671875,83009.8515625
1764.4637904167175,2,970.3,19559.765625,83009.8515625
1765.4705669879913,2,905.0,8720.015625,83009.8515625
1766.4772222042084,2,2286.9,9907.875,83009.8515625
1767.4873685836792,2,3943.6,12214.8671875,83009.8515625
1768.5083782672882,2,4459.4,15256.4921875,83009.8515625
1769.534372806549,2,4566.0,20260.81640625,83009.8515625
1770.5620713233948,2,4345.1,16934.59375,83009.8515625
1771.5783715248108,2,4239.0,17538.875,83009.8515625
1772.598475933075,2,3184.7,17790.83203125,83009.8515625
1773.6071615219116,2,2878.9,17946.23046875,83009.8515625
1774.6153664588928,2,3919.0,19077.4375,83009.8515625
1775.6358580589294,2,1181.2,19258.25390625,83009.8515625
1776.6465530395508,2,1203.9,19128.51171875,83009.8515625
1777.6563732624054,2,4068.3,19349.48046875,83009.8515625
1778.6678216457367,2,1174.5,19715.30078125,83009.8515625
1779.674985408783,2,945.1,8613.703125,83009.8515625
1780.6864109039307,2,2674.7,9999.00390625,83009.8515625
1781.6983695030212,2,4294.4,11806.71484375,83009.8515625
1782.7203719615936,2,4643.0,16838.92578125,83009.8515625
1783.7363703250885,2,4224.9,15132.72265625,83009.8515625
1784.7563869953156,2,3643.2,15387.9921875,83009.8515625
1785.7823719978333,2,3235.3,15609.796875,83009.8515625
1786.792554140091,2,3216.7,16725.5234375,83009.8515625
1787.800598859787,2,1246.7,16639.20703125,83009.8515625
1788.8093657493591,2,3269.6,16794.9453125,83009.8515625
1789.8222122192383,2,1311.0,17152.71484375,83009.8515625
1790.828185081482,2,1514.8,8303.8046875,83009.8515625
1791.8369781970978,2,2408.4,9485.59765625,83009.8515625
1792.8443677425385,2,3730.7,13156.75390625,83009.8515625
1793.8685772418976,2,4556.1,14948.734375,83009.8515625
1794.900485277176,2,4465.3,15489.32421875,83009.8515625
1795.912929534912,2,4117.7,16522.4140625,83009.8515625
1796.9243721961975,2,3260.3,16742.71484375,83009.8515625
1797.9364621639252,2,2919.4,16990.984375,83009.8515625
1798.9467375278473,2,3600.5,18513.11328125,83457.8515625
1799.957213640213,2,3045.2,19111.47265625,83457.8515625
1800.9673674106598,2,1813.7,19274.09765625,83457.8515625
1801.981368780136,2,4369.7,19374.65625,83457.8515625
1802.9889605045319,2,810.4,10180.6796875,83457.8515625
1803.9969906806946,2,1881.2,8679.55078125,83457.8515625
1805.0093801021576,2,2446.4,10077.609375,83457.8515625
1806.02836561203,2,4204.5,13341.43359375,83457.8515625
1807.0523779392242,2,4483.7,15944.66796875,83457.8515625
1808.0773067474365,2,4267.0,16294.6484375,83457.8515625
1809.0993678569794,2,3649.8,16687.53125,83457.8515625
1810.1133739948273,2,3400.8,16801.015625,83457.8515625
1811.124216556549,2,3098.8,17352.59765625,83457.8515625
1812.1373677253723,2,4304.4,18705.0,83457.8515625
1813.1592173576355,2,1874.3,19112.70703125,83457.8515625
1814.1673686504364,2,2893.7,19276.55859375,83457.8515625
1815.179184436798,2,3064.4,19554.41015625,83457.8515625
1816.1873226165771,2,577.1,7940.29296875,83457.8515625
1817.1957631111145,2,2200.5,8707.265625,83457.8515625
1818.2033228874207,2,3535.9,12415.89453125,83457.8515625
1819.2233650684357,2,4259.6,13376.45703125,83457.8515625
1820.2443809509277,2,4527.4,16612.34375,83457.8515625
1821.2623767852783,2,4146.4,16566.7578125,83457.8515625
1822.2823917865753,2,3468.1,16779.3359375,83457.8515625
1823.3093709945679,2,3204.3,17096.046875,83457.8515625
1824.337367773056,2,3835.2,18083.7578125,83457.8515625
1825.348669052124,2,3580.0,19205.62890625,83457.8515625
1826.3563659191132,2,1273.1,19105.1796875,83457.8515625
1827.368177652359,2,4376.5,19240.796875,83457.8515625
1828.3804197311401,2,1455.7,19621.30078125,83457.8515625
1829.3894279003143,2,1431.8,8388.70703125,83457.8515625
1830.3993833065033,2,2629.6,9097.25,83457.8515625
1831.4083709716797,2,3716.4,13281.58203125,83457.8515625
1832.4293766021729,2,4444.2,14952.0859375,83457.8515625
1833.4553694725037,2,4375.8,15166.8515625,83457.8515625
1834.4708359241486,2,4104.2,16647.23828125,83457.8515625
1835.4813737869263,2,3188.1,16848.71484375,83457.8515625
1836.5123801231384,2,2814.6,17087.73046875,83457.8515625
1837.522480726242,2,4187.1,18715.04296875,83457.8515625
1838.5367939472198,2,2765.8,19213.2578125,83457.8515625
1839.5442430973053,2,2278.8,19353.75390625,83457.8515625
1840.5563824176788,2,3933.7,19552.265625,83457.8515625
1841.5647058486938,2,629.7,8659.24609375,85505.8671875
1842.572993516922,2,2023.7,8759.71484375,83457.8515625
1843.5823714733124,2,2812.8,11296.1875,83457.8515625
1844.6003692150116,2,4215.3,13386.31640625,83457.8515625
1845.6213779449463,2,4495.9,16710.56640625,83457.8515625
1846.6480069160461,2,4244.9,16351.94140625,83457.8515625
1847.6563880443573,2,3646.2,16717.22265625,83457.8515625
1848.6725194454193,2,3026.2,16912.453125,83457.8515625
1849.6833674907684,2,3500.2,17494.734375,83457.8515625
1850.6943714618683,2,4290.5,18731.90625,83457.8515625
1851.7151944637299,2,1536.0,19106.6484375,83457.8515625
1852.7253670692444,2,3137.7,19350.82421875,83457.8515625
1853.7402155399323,2,2770.4,19566.28125,83457.8515625
1854.7492506504059,2,799.1,8117.203125,83457.8515625
1855.7592542171478,2,2352.6,8866.15625,83457.8515625
1856.80109000206,2,3630.0,12874.70703125,83457.8515625
1857.8153772354126,2,4295.7,13432.04296875,83457.8515625
1858.841379404068,2,4545.0,15207.0546875,83457.8515625
1859.8583762645721,2,4079.1,16467.58203125,83457.8515625
1860.884608745575,2,3500.4,16705.67578125,83457.8515625
1861.9099760055542,2,3016.6,16935.05859375,83457.8515625
1862.918084859848,2,4046.4,18113.33203125,83457.8515625
1863.9307961463928,2,3463.0,19164.95703125,83457.8515625
1864.9424347877502,2,1192.9,19094.52734375,83457.8515625
1865.9533696174622,2,4404.4,19249.58984375,83457.8515625
1866.97141122818,2,1531.9,19651.4609375,83457.8515625
1867.9805572032928,2,1400.0,8353.0390625,83457.8515625
1868.9920344352722,2,2711.2,8922.38671875,83457.8515625
1870.001368522644,2,3586.9,13293.23828125,83457.8515625
1871.0223758220673,2,4456.0,14759.51953125,83457.8515625
1872.0493710041046,2,4453.5,15185.28515625,83457.8515625
1873.0643756389618,2,4185.2,16668.9609375,83457.8515625
1874.0865173339844,2,3095.1,16915.2734375,83457.8515625
1875.09481716156,2,2788.5,17188.08203125,83457.8515625
1876.1043677330017,2,4187.3,18692.95703125,83457.8515625
1877.1251006126404,2,2900.3,19212.90625,83457.8515625
1878.1363694667816,2,1801.0,19345.53125,83457.8515625
1879.1559643745422,2,4358.8,19422.171875,83457.8515625
1880.1683208942413,2,842.7,8114.8203125,85505.8671875
1881.1768491268158,2,1988.1,8666.82421875,83457.8515625
1882.1853721141815,2,2482.9,10439.30859375,83457.8515625
1883.2013766765594,2,4194.5,13338.37109375,83457.8515625
1884.2223739624023,2,4489.7,15916.04296875,83457.8515625
1885.2493681907654,2,4257.8,16416.546875,83457.8515625
1886.2703747749329,2,3746.6,16820.22265625,83457.8515625
1887.2825944423676,2,3321.8,16878.42578125,83457.8515625
1888.2920534610748,2,3069.2,17415.26171875,83457.8515625
1889.3043704032898,2,4316.2,18794.0234375,83457.8515625
1890.3251647949219,2,2104.5,19197.671875,83457.8515625
1891.333370923996,2,2578.5,19515.7890625,83457.8515625
1892.345276594162,2,3531.1,19655.4765625,83457.8515625
1893.3544631004333,2,605.9,9582.953125,85505.8671875
1894.3628294467926,2,2182.3,8801.4765625,83457.8515625
1895.3710005283356,2,3177.5,11728.15625,83457.8515625
1896.3853685855865,2,4267.5,13385.6953125,83457.8515625
1897.4063775539398,2,4605.4,17093.37109375,83457.8515625
1898.4328093528748,2,4187.7,16480.27734375,83457.8515625
1899.4433884620667,2,3549.0,16686.9609375,83457.8515625
1900.4747133255005,2,2944.0,16934.125,83457.8515625
1901.4862496852875,2,3515.3,17613.94140625,83457.8515625
1902.4973883628845,2,4241.9,18793.1328125,83457.8515625
1903.5055861473083,2,1457.0,19125.07421875,83457.8515625
1904.5173692703247,2,3312.3,19300.73046875,83457.8515625
1905.5301871299744,2,2738.7,19509.5,83457.8515625
1906.5434625148773,2,809.1,8029.46875,83457.8515625
1907.553365945816,2,2434.7,8768.34375,83457.8515625
1908.5742673873901,2,3574.1,12975.5546875,83457.8515625
1909.58624958992,2,4314.0,13371.703125,83457.8515625
1910.6016459465027,2,4425.4,13864.28515625,83457.8515625
1911.6193692684174,2,4182.6,16546.55078125,83457.8515625
1912.6429345607758,2,3545.7,16798.859375,83457.8515625
1913.6746006011963,2,2997.1,17018.203125,83457.8515625
1914.684181213379,2,3679.5,18115.5390625,83457.8515625
1915.6960294246674,2,3739.9,19242.59765625,83457.8515625
1916.704830646515,2,1202.0,19136.62890625,83457.8515625
1917.713366508484,2,4129.5,19422.390625,83457.8515625
1918.7241778373718,2,1825.4,19639.24609375,83457.8515625
1919.7333672046661,2,1383.5,8350.62109375,83457.8515625
1920.7431571483612,2,2774.0,8844.8984375,83457.8515625
1921.7506844997406,2,3442.6,13210.09375,83457.8515625
1922.7613809108734,2,4384.1,14736.05859375,83457.8515625
1923.7894399166107,2,4422.0,15036.421875,83457.8515625
1924.8033797740936,2,4258.5,16482.41796875,83457.8515625
1925.829374551773,2,3038.2,16770.44921875,83457.8515625
1926.8503756523132,2,2785.8,17045.1328125,83457.8515625
1927.8733699321747,2,4201.3,18515.23828125,83457.8515625
1928.8969159126282,2,2898.3,19099.00390625,83457.8515625
1929.9053628444672,2,1816.8,19200.55078125,83457.8515625
1930.921371936798,2,4393.4,19348.2109375,83457.8515625
1931.9380254745483,2,779.4,8079.5390625,85505.8671875
1932.9463844299316,2,1972.9,8642.2421875,83457.8515625
1933.954380273819,2,2424.5,10058.28515625,83457.8515625
1934.9703657627106,2,4241.3,13300.1875,83457.8515625
1935.9933755397797,2,4542.8,15854.3984375,83457.8515625
1937.0203666687012,2,4265.9,16317.50390625,83457.8515625
1938.0423748493195,2,3669.2,16721.796875,83457.8515625
1939.0555393695831,2,3310.3,16731.50390625,83457.8515625
1940.0649616718292,2,3182.2,17371.5703125,83457.8515625
1941.076370716095,2,4279.2,18717.4296875,83457.8515625
1942.09556722641,2,1895.5,19126.43359375,83457.8515625
1943.1033682823181,2,2765.1,19346.578125,83457.8515625
1944.115169763565,2,3239.7,19542.3671875,83457.8515625
1945.1243419647217,2,573.2,9702.0078125,85505.8671875
1946.1326594352722,2,2139.6,8738.265625,83457.8515625
1947.142379283905,2,3449.1,12353.54296875,83457.8515625
1948.156102180481,2,4280.6,13344.765625,83457.8515625
1949.1753067970276,2,4503.2,17507.48828125,83457.8515625
1950.199367761612,2,4156.4,16501.53125,83457.8515625
1951.2203872203827,2,3651.6,16745.015625,83457.8515625
1952.2443735599518,2,3219.0,16977.19140625,83457.8515625
1953.258995771408,2,3632.1,17860.296875,83457.8515625
1954.2713537216187,2,3787.6,19099.7421875,83457.8515625
1955.2782144546509,2,1316.2,19006.55859375,83457.8515625
1956.2896325588226,2,3927.4,19271.18359375,83457.8515625
1957.3002398014069,2,2027.9,19557.75,83457.8515625
1958.3094735145569,2,1089.9,8271.2265625,83457.8515625
1959.320366859436,2,3275.5,11251.12890625,83457.8515625
1960.345026254654,2,4378.7,13618.6640625,83457.8515625
1961.374367237091,2,4187.1,14429.5703125,83457.8515625
1962.3963770866394,2,3274.9,14840.88671875,83457.8515625
1963.423369884491,2,4000.2,15855.41015625,83457.8515625
1964.4442284107208,2,2234.7,16340.76953125,83457.8515625
1965.4530320167542,2,3633.3,16419.71484375,83457.8515625
1966.4655179977417,2,1212.2,9254.06640625,85505.8671875
1967.4751060009003,2,2015.9,9205.2734375,83457.8515625
1968.4833710193634,2,4024.7,11751.9609375,83457.8515625
1969.552372932434,2,4340.4,13788.75,83457.8515625
1970.5663907527924,2,3923.9,14564.69140625,83457.8515625
1971.5971813201904,2,2909.5,14838.2890625,83457.8515625
1972.6082713603973,2,3900.5,16079.66015625,83457.8515625
1973.6233685016632,2,1849.9,16257.76171875,83457.8515625
1974.6377625465393,2,3520.9,16516.05859375,83457.8515625
1975.6466915607452,2,861.8,8247.41796875,83457.8515625
1976.6568186283112,2,3097.1,10912.859375,83457.8515625
1977.6713740825653,2,4267.7,12711.28125,83457.8515625
1978.6971728801727,2,4217.5,14524.7578125,83457.8515625
1979.7176241874695,2,3376.5,14795.19140625,83457.8515625
1980.7283663749695,2,3467.8,15509.8828125,83457.8515625
1981.7426013946533,2,3056.8,16359.8125,83457.8515625
1982.7516765594482,2,2762.1,16351.5625,83457.8515625
1983.7638437747955,2,2220.2,16669.984375,83457.8515625
1984.7731447219849,2,1255.1,8536.234375,83457.8515625
1985.782574415207,2,3696.9,11420.85546875,83457.8515625
1986.7893896102905,2,4447.3,13867.41015625,83457.8515625
1987.80530834198,2,4106.4,14561.49609375,83457.8515625
1988.8183755874634,2,3003.4,14805.01953125,83457.8515625
1989.8303723335266,2,3980.3,15893.203125,83457.8515625
1990.8451900482178,2,2153.9,16359.40625,83457.8515625
1991.8543701171875,2,3685.5,16291.2734375,83457.8515625
1992.871488571167,2,1192.6,8970.921875,85505.8671875
1993.8813807964325,2,2906.6,9569.3828125,83457.8515625
1994.9219048023224,2,3612.4,10292.9609375,83457.8515625
1995.9332435131073,2,3387.8,10624.9375,83457.8515625
1996.9430048465729,2,1205.6,8545.3203125,83457.8515625
1997.9533715248108,2,3455.6,11429.56640625,83457.8515625
1998.9793751239777,2,4382.0,14036.6875,83457.8515625
2000.0053675174713,2,4076.2,14421.42578125,83457.8515625
2001.0263793468475,2,3087.9,14698.125,83457.8515625
2002.0393693447113,2,4044.1,15769.40625,83457.8515625
2003.0659153461456,2,2230.6,16175.171875,83457.8515625
2004.0741848945618,2,3627.7,16139.33203125,83457.8515625
2005.0865728855133,2,1253.8,8770.3984375,85505.8671875
2006.0946757793427,2,2288.4,9679.7421875,83457.8515625
2007.108060836792,2,4243.9,11346.37890625,83457.8515625
2008.1200993061066,2,3510.4,12239.15234375,83457.8515625
2009.1273736953735,2,3849.3,13018.71484375,83457.8515625
2010.141367673874,2,2525.3,13241.3828125,83457.8515625
2011.1519520282745,2,1701.7,9349.8984375,85505.8671875
2012.1603343486786,2,2535.2,10218.3515625,83457.8515625
2013.1693716049194,2,4377.2,11742.078125,83457.8515625
2014.1827518939972,2,3426.5,12096.66796875,83457.8515625
2015.1900384426117,2,3714.3,13184.3203125,83457.8515625
2016.2043652534485,2,2770.7,13144.3984375,83457.8515625
2017.2184388637543,2,1242.6,5312.43359375,76289.6953125
2018.2266745567322,2,70.4,4875.3125,76289.6953125
2019.2351670265198,2,101.2,4791.70703125,76289.6953125
