elapsed_time,nproc,cpu,mem_real,mem_virtual
3.838539123535156e-05,1,0.0,5.08203125,7.65234375
1.0052769184112549,4,0.0,440.0078125,4203.58203125
2.012664556503296,4,100.2,622.390625,4417.58203125
3.020383596420288,4,100.2,615.4296875,4449.58203125
4.028671026229858,4,99.2,612.84375,4449.58203125
5.0364344120025635,4,100.2,612.84375,4449.58203125
6.044651508331299,4,99.2,614.05078125,4497.58203125
7.052342891693115,4,99.2,607.04296875,4497.58203125
8.059977531433105,4,100.0,580.2109375,4497.58203125
9.070453882217407,4,100.0,597.58984375,4497.58203125
10.080644845962524,4,99.0,653.28125,4497.58203125
11.090548515319824,4,99.0,701.28125,4553.58203125
12.100929498672485,4,101.0,759.28125,4623.58203125
13.11123275756836,4,98.9,811.28125,4703.58203125
14.121961116790771,4,99.9,864.1484375,4799.58203125
15.13279128074646,4,99.9,909.28125,4799.58203125
16.143712520599365,4,99.9,952.08984375,4799.58203125
17.15457582473755,2,0.0,56.05078125,3431.8203125
18.164985179901123,2,96.1,416.60546875,3987.3203125
19.174290657043457,2,99.0,510.35546875,4733.3515625
20.184808492660522,2,100.0,512.35546875,4733.3515625
21.194551706314087,2,100.2,514.35546875,4733.3515625
22.202675104141235,2,101.1,514.48046875,4733.3515625
23.211543560028076,2,2788.8,1377.18359375,8885.796875
24.236153602600098,2,4755.9,1774.55078125,9340.796875
25.256153106689453,2,4769.6,1911.83984375,9491.796875
26.281152963638306,2,4768.8,2089.09765625,9758.796875
27.30573296546936,2,4764.0,2147.12109375,9874.28125
28.331153631210327,2,4764.1,2247.87109375,10041.28125
29.35567831993103,2,4761.9,2335.0390625,10170.28125
30.381150722503662,2,4768.3,2392.71484375,10266.28125
31.40560531616211,2,4756.5,2460.65625,10424.28125
32.43005871772766,2,4756.3,2545.5859375,10543.28125
33.45460820198059,2,4761.1,2613.875,10700.28125
34.47915434837341,2,4760.4,2649.515625,10815.28125
35.50414729118347,2,4760.6,2604.9765625,10852.28125
36.52114915847778,2,4757.8,2592.0078125,10920.28125
37.54562544822693,2,4758.5,2635.0234375,10960.28125
38.57016038894653,2,4769.0,2701.48046875,10966.28125
39.583155393600464,2,4756.4,2680.078125,11000.28125
40.60515236854553,2,4760.0,2771.7265625,11103.28125
41.62991809844971,2,4760.1,2867.98828125,11249.28125
42.65515422821045,2,4755.7,2906.671875,11339.28125
43.680153131484985,2,4756.2,2868.87890625,11381.28125
44.70304250717163,2,4759.4,2877.12109375,11450.28125
45.72816300392151,2,4758.1,2875.02734375,11494.28125
46.75276589393616,2,4750.9,2868.0703125,11542.28125
47.77515530586243,2,4755.7,2801.69140625,11584.28125
48.79976439476013,2,4749.7,2891.64453125,11667.28125
49.825151681900024,2,4762.8,2876.98828125,11701.28125
50.84989953041077,2,4758.5,2874.671875,11735.28125
51.874348402023315,2,4755.2,2945.34375,11795.28125
52.89715218544006,2,4759.1,2988.4375,11915.28125
53.92180347442627,2,4762.7,2939.21875,11915.28125
54.94715189933777,2,4752.1,3077.70703125,12099.28125
55.97167444229126,2,4754.8,3014.3984375,12099.28125
56.99715042114258,2,4768.3,3006.5859375,12115.28125
58.02161240577698,2,4756.5,3032.859375,12167.28125
59.046077489852905,2,4759.0,3055.90234375,12183.28125
60.07115173339844,2,4757.0,3053.06640625,12207.28125
61.09549808502197,2,4763.3,3142.859375,12295.28125
62.11959171295166,2,4758.4,3098.7421875,12385.28125
63.14515471458435,2,4756.4,3063.265625,12385.28125
64.16215419769287,2,4752.8,3059.96875,12409.28125
65.18715357780457,2,4765.2,3043.98828125,12417.28125
66.2121570110321,2,4754.2,3236.0859375,12525.28125
67.23715424537659,2,4758.3,3377.35546875,12693.28125
68.26159262657166,2,4751.1,3334.1953125,12769.28125
69.28386759757996,2,4755.9,3375.02734375,12811.28125
70.30515384674072,2,4754.4,3421.25,12863.28125
71.3281569480896,2,4749.1,3398.71484375,12870.28125
72.35385084152222,2,4751.5,3349.3515625,12878.28125
73.37857937812805,2,4750.7,3315.39453125,12878.28125
74.40415215492249,2,4756.6,3326.7734375,12920.28125
75.42878556251526,2,4756.9,3360.73046875,12966.28125
76.45414996147156,2,4750.3,3372.38671875,12982.28125
77.48008155822754,2,4754.8,3363.7265625,12992.28125
78.50416278839111,2,4758.0,3514.34765625,13186.28125
79.5288770198822,2,4744.4,3566.015625,13316.28125
80.5461540222168,2,4761.5,3469.78515625,13344.28125
81.5707597732544,2,4754.1,3555.5859375,13472.28125
82.59615159034729,2,4752.6,3790.5078125,13668.28125
83.62115287780762,2,4748.3,3641.203125,13692.28125
84.6458568572998,2,4748.0,3621.453125,13720.28125
85.67114925384521,2,4744.8,3587.0078125,13720.28125
86.69615149497986,2,4755.5,3559.8671875,13720.28125
87.72097444534302,2,4748.2,3472.6796875,13720.28125
88.74615597724915,2,4756.3,3409.44921875,13736.28125
89.77115082740784,2,4748.8,3306.00390625,13736.28125
90.79688763618469,2,4759.7,3297.640625,13736.28125
91.82214784622192,2,4750.5,3167.4609375,13736.28125
92.84691047668457,2,4747.2,3184.90625,13736.28125
93.86415147781372,2,4762.6,3183.62890625,13736.28125
94.88915872573853,2,4755.2,3235.90625,13808.28125
95.91415357589722,2,4761.2,3305.88671875,13934.28125
96.93114709854126,2,4760.7,3273.15625,13934.28125
97.95615482330322,2,4755.7,3347.1484375,13994.28125
98.98110318183899,2,4755.3,3325.890625,13994.28125
100.0061514377594,2,4764.3,3400.671875,13994.28125
101.03115606307983,2,4753.8,3436.33203125,13994.28125
102.05615401268005,2,4757.6,3511.265625,14030.28125
103.08115553855896,2,4750.0,3483.83203125,14030.28125
104.10615086555481,2,4758.9,3496.0625,14030.28125
105.13114762306213,2,4750.5,3594.484375,14054.28125
106.1559534072876,2,4756.5,3700.859375,14144.28125
107.18115448951721,2,4756.2,3669.18359375,14172.28125
108.20615339279175,2,4742.7,3636.84375,14172.28125
109.23215079307556,2,4755.5,3643.79296875,14172.28125
110.25697731971741,2,4753.8,3583.79296875,14172.28125
111.2821638584137,2,4754.3,3597.5703125,14220.28125
112.30715107917786,2,4752.1,3580.15234375,14220.28125
113.33214807510376,2,4759.2,3591.18359375,14240.28125
114.3571503162384,2,4752.0,3618.73828125,14334.28125
115.38182735443115,2,4756.7,3593.0703125,14362.28125
116.40715169906616,2,4745.4,3641.10546875,14426.28125
117.43215107917786,2,4753.7,3622.12890625,14454.28125
118.45715427398682,2,4758.8,3730.171875,14506.28125
119.48114967346191,2,4753.8,3642.08984375,14506.28125
120.50609564781189,2,4753.3,3717.0,14506.28125
121.53215146064758,2,4746.2,3685.23828125,14506.28125
122.55815720558167,2,4746.5,3700.53125,14534.28125
123.5831663608551,2,4752.9,3719.4453125,14534.28125
124.60815596580505,2,4759.0,3676.4765625,14534.28125
125.63315486907959,2,4740.7,3608.671875,14534.28125
126.65814971923828,2,4750.3,3591.1328125,14534.28125
127.68315958976746,2,4753.2,3565.38671875,14534.28125
128.7091543674469,2,4753.8,3742.95703125,14598.28125
129.7341024875641,2,4755.1,3915.29296875,14772.28125
130.75815391540527,2,4760.5,4010.828125,14814.28125
131.78416538238525,2,4687.4,4148.171875,14888.28125
132.80889630317688,2,4747.3,4096.921875,14888.28125
133.8331561088562,2,4751.8,4176.640625,14888.28125
134.85815572738647,2,4738.2,4069.00390625,14900.28125
135.88385152816772,2,4756.2,4135.01953125,14900.28125
136.9091534614563,2,4740.9,4391.21484375,15098.28125
137.9339566230774,2,4751.1,4905.79296875,15700.28125
138.9591543674469,2,4745.9,5356.125,16200.28125
139.98315739631653,2,4728.4,5834.01171875,16892.28125
141.0081524848938,2,4743.0,5907.49609375,16892.28125
142.03315377235413,2,4738.1,5966.80078125,17300.28125
143.05708765983582,2,4728.3,6259.1015625,17328.28125
144.08215379714966,2,4747.1,6247.34375,17788.28125
145.10679030418396,2,4756.6,6218.6484375,17788.28125
146.13215112686157,2,4751.8,6158.79296875,17788.28125
147.15676069259644,2,4723.6,6204.703125,17808.28125
148.1811649799347,2,4731.0,6197.95703125,17846.28125
149.1976761817932,2,4749.9,6340.578125,18058.28125
150.2211503982544,2,4744.1,6393.24609375,18114.28125
151.2452929019928,2,4747.9,6525.0625,18200.28125
152.26995468139648,2,4765.0,6511.41015625,18200.28125
153.29515504837036,2,4746.8,6449.5390625,18200.28125
154.3081500530243,2,4756.6,6409.26953125,18200.28125
155.33250641822815,2,4744.5,6529.98046875,18300.28125
156.35715293884277,2,4742.7,6535.2578125,18352.28125
157.3826220035553,2,4750.4,6564.125,18392.28125
158.40614795684814,2,4753.4,6522.58984375,18406.28125
159.43148517608643,2,4754.9,6694.25390625,18448.28125
160.4561538696289,2,4756.5,6802.08203125,18472.28125
161.48114895820618,2,4749.9,6830.67578125,18472.28125
162.50614523887634,2,4751.7,6751.00390625,18472.28125
163.52315306663513,2,4743.7,6704.16015625,18472.28125
164.54815769195557,2,4748.3,6835.95703125,18472.28125
165.57272338867188,2,4748.5,7027.8046875,18712.28125
166.59815430641174,2,4740.3,7147.828125,18880.28125
167.62292575836182,2,4741.5,7292.72265625,18896.28125
168.64815163612366,2,4745.0,7402.7734375,18952.28125
169.6731595993042,2,4756.1,7362.78515625,18952.28125
170.69815039634705,2,4751.1,7325.13671875,18952.28125
171.72315049171448,2,4737.8,7254.16796875,18982.28125
172.74754929542542,2,4732.5,7330.59765625,18982.28125
173.7721529006958,2,4742.0,7341.5859375,19002.28125
174.79770803451538,2,4758.0,7435.7265625,19106.28125
175.81872296333313,2,4748.0,7405.8984375,19154.28125
176.8401644229889,2,4746.7,7476.98046875,19182.28125
177.86509609222412,2,4752.7,7377.1171875,19182.28125
178.89015531539917,2,4743.9,7518.7890625,19252.28125
179.91515851020813,2,4746.0,7888.10546875,19540.28125
180.94015455245972,2,4747.3,7836.3046875,19540.28125
181.9651494026184,2,4730.5,7787.95703125,19540.28125
182.9904487133026,2,4733.5,7771.0390625,19540.28125
184.01717233657837,2,4743.8,7760.21484375,19540.28125
185.0361590385437,2,4740.1,7754.31640625,19664.28125
186.06087112426758,2,4738.5,7702.05078125,19664.28125
187.0863926410675,2,4744.3,7546.078125,19664.28125
188.1111500263214,2,4747.7,7496.69921875,19696.28125
189.13728046417236,2,4756.7,7612.87109375,19768.28125
190.16150093078613,2,4755.0,7630.0234375,19768.28125
191.18715572357178,2,4758.6,7596.765625,19796.28125
192.2121570110321,2,4739.0,7574.40625,19796.28125
193.2291533946991,2,4753.0,7591.33203125,19796.28125
194.2531509399414,2,4737.3,7642.4921875,19796.28125
195.27814722061157,2,4752.6,7695.00390625,19796.28125
196.30267238616943,2,4739.5,7739.03125,19796.28125
197.3281545639038,2,4752.5,7828.1875,19796.28125
198.35303330421448,2,4741.5,7808.60546875,19796.28125
199.37815141677856,2,4751.3,7801.0625,19796.28125
200.40262126922607,2,4734.0,7703.953125,19796.28125
201.42715048789978,2,4745.0,7798.23046875,19820.28125
202.45214700698853,2,4737.5,7773.7421875,19820.28125
203.47715377807617,2,4746.1,7781.5390625,19820.28125
204.5016257762909,2,4742.7,7721.2734375,19820.28125
205.52615928649902,2,4753.8,7689.03515625,19820.28125
206.55115222930908,2,4751.5,7688.109375,19852.28125
207.57615208625793,2,4752.2,7768.5078125,19936.28125
208.60071873664856,2,4755.0,7782.98828125,19936.28125
209.62615036964417,2,4750.5,7884.66796875,19940.28125
210.6507260799408,2,4751.4,8248.7578125,20144.28125
211.67615795135498,2,4752.0,8488.9921875,20390.28125
212.7005398273468,2,4742.9,8463.39453125,20390.28125
213.72615313529968,2,4745.0,8441.60546875,20390.28125
214.7511546611786,2,4728.9,8321.84375,20390.28125
215.77616238594055,2,4712.4,8214.328125,20390.28125
216.80115509033203,2,4733.2,8269.81640625,20390.28125
217.82615447044373,2,4745.0,8212.98828125,20390.28125
218.85115551948547,2,4739.3,8243.3828125,20410.28125
219.87564539909363,2,4738.3,8219.98046875,20410.28125
220.90115451812744,2,4742.5,8403.6796875,20578.28125
221.92565035820007,2,4753.3,8482.87109375,20582.28125
222.95115447044373,2,4754.6,8445.078125,20606.28125
223.9757101535797,2,4752.2,8672.2109375,20816.28125
224.99944233894348,2,4737.0,8977.91796875,21168.28125
226.01815700531006,2,4744.1,9046.89453125,21292.28125
227.03515720367432,2,4739.6,9035.73046875,21324.28125
228.05965614318848,2,4742.0,9066.46484375,21324.28125
229.0851492881775,2,4733.5,9060.06640625,21324.28125
230.10999417304993,2,4745.5,9017.78125,21324.28125
231.1345510482788,2,4754.8,9129.65625,21476.28125
232.16015577316284,2,4747.0,9022.109375,21504.28125
233.18515706062317,2,4746.4,9062.22265625,21532.28125
234.21015691757202,2,4746.8,9077.35546875,21532.28125
235.23515391349792,2,4755.7,9239.87109375,21560.28125
236.26015830039978,2,4745.8,9166.46875,21588.28125
237.2860655784607,2,4744.7,9218.96875,21660.28125
238.3111641407013,2,4730.4,9183.12109375,21712.28125
239.33564686775208,2,4736.0,9126.13671875,21712.28125
240.36115765571594,2,4738.3,8992.80859375,21712.28125
241.3861494064331,2,4757.9,8946.66796875,21712.28125
242.41115045547485,2,4734.1,9015.2734375,21712.28125
243.43615579605103,2,4737.2,9212.4296875,21860.28125
244.46115636825562,2,4747.4,9202.67578125,21916.28125
245.48615169525146,2,4752.5,9176.8984375,21916.28125
246.51215481758118,2,4739.1,9128.1875,22140.28125
247.53688788414001,2,4743.3,9111.84375,22168.28125
248.56063103675842,2,4740.9,9231.796875,22196.28125
249.5895712375641,2,4747.2,9346.78515625,22196.28125
250.61226558685303,2,4751.5,9564.703125,22348.28125
251.6371521949768,2,4752.0,9520.53515625,22376.28125
252.6621539592743,2,4738.1,9690.58984375,22380.28125
253.68714690208435,2,4744.0,9618.55859375,22536.28125
254.70015740394592,2,4754.7,9668.73828125,22540.28125
255.72514820098877,2,4754.9,9682.82421875,22580.28125
256.7381498813629,2,4746.9,9736.3359375,22724.28125
257.763649225235,2,4739.6,9799.19140625,22832.28125
258.7885432243347,2,4741.5,9711.48046875,22880.28125
259.8141520023346,2,4751.6,9746.7734375,22880.28125
260.84191036224365,2,4747.8,10022.34375,22912.28125
261.86469888687134,2,4749.7,9990.3515625,22912.28125
262.8894066810608,2,4748.5,10080.55859375,22912.28125
263.9141581058502,2,4747.5,10140.9140625,22912.28125
264.93915581703186,2,4750.2,10190.75390625,23168.28125
265.96415853500366,2,4751.2,9949.03515625,23168.28125
266.9889106750488,2,4736.7,9987.1328125,23196.28125
268.0141544342041,2,4715.7,10108.75,23324.28125
269.03915452957153,2,4713.3,10284.97265625,23388.28125
270.0643558502197,2,4675.4,10157.9921875,23512.28125
271.0931112766266,2,4704.1,10171.02734375,23544.28125
272.1175603866577,2,4706.7,10215.63671875,23656.28125
273.1401515007019,2,4716.1,10397.42578125,23764.28125
274.1653571128845,2,4712.2,10373.0546875,23904.28125
275.18910908699036,2,4740.1,10485.60546875,23904.28125
276.2141532897949,2,4712.5,10518.6875,23904.28125
277.2411541938782,2,4734.0,10497.6875,23904.28125
278.2661612033844,2,4742.3,10493.125,23924.28125
279.29015278816223,2,4731.8,10574.078125,23928.28125
280.31593227386475,2,4747.7,10573.953125,23928.28125
281.34115409851074,2,4743.2,10643.453125,24048.28125
282.366149187088,2,4677.7,10073.20703125,24048.28125
283.3911552429199,2,4734.6,9974.86328125,24048.28125
284.41598653793335,2,4726.1,9828.80078125,24048.28125
285.4411563873291,2,4720.4,10025.51953125,24152.28125
286.46615624427795,2,4713.9,9989.203125,24176.28125
287.49315190315247,2,4719.5,9909.9375,24176.28125
288.5181574821472,2,4694.3,9886.99609375,24232.28125
289.5431525707245,2,4730.5,10040.19140625,24332.28125
290.5710015296936,2,4717.5,10131.0078125,24420.28125
291.59515142440796,2,4704.8,10016.60546875,24420.28125
292.62015080451965,2,4575.1,9903.328125,24420.28125
293.63240361213684,2,3848.9,9877.96875,24508.28125
294.64437103271484,2,3370.4,9724.953125,24508.28125
295.6561439037323,2,3171.1,9701.35546875,24508.28125
296.6680850982666,2,3080.1,9513.8359375,24508.28125
297.67974972724915,2,2802.8,9470.91015625,24508.28125
298.6912429332733,2,2385.4,9558.5078125,24508.28125
299.70280861854553,2,2383.7,9455.6171875,24628.28125
300.7142586708069,2,2335.0,9370.4453125,24788.28125
301.725825548172,2,2199.3,9098.23046875,24912.28125
302.73706007003784,2,2184.6,9052.02734375,24912.28125
303.74823331832886,2,2123.4,8984.84375,24912.28125
304.75836873054504,2,1937.5,8700.01171875,24912.28125
305.7684564590454,2,1873.4,8570.9296875,24912.28125
306.7789273262024,2,1735.9,8389.90234375,25040.28125
307.78761076927185,2,1597.7,8398.18359375,25040.28125
308.7965533733368,2,1466.3,8602.58203125,25200.28125
309.80522441864014,2,1399.2,7999.30859375,25200.28125
310.8143413066864,2,1351.0,7774.37890625,25200.28125
311.8239984512329,2,1198.6,7709.8203125,25200.28125
312.83262062072754,2,1096.2,7372.61328125,25200.28125
313.84062218666077,2,929.6,7289.765625,25200.28125
314.8485903739929,2,901.9,7074.33984375,25200.28125
315.8565003871918,2,901.9,7018.5078125,25200.28125
316.8643307685852,2,854.5,6833.33984375,25200.28125
317.87195086479187,2,802.0,6797.15625,25200.28125
318.87939620018005,2,802.1,6638.68359375,25200.28125
319.88678908348083,2,715.5,6459.01953125,25200.28125
320.89446544647217,2,475.5,6291.109375,25200.28125
321.90186882019043,2,344.5,6083.49609375,25200.28125
322.9092321395874,2,305.7,5968.50390625,25200.28125
323.91683292388916,2,307.6,5831.640625,25200.28125
324.9246435165405,2,306.6,5907.5859375,25200.28125
325.9325113296509,2,309.5,5627.86328125,25200.28125
326.9405870437622,2,257.0,5294.45703125,25200.28125
327.9483983516693,2,209.4,5052.4296875,25200.28125
328.95606994628906,2,210.4,4825.51171875,25200.28125
329.96348333358765,2,207.4,4826.1015625,25200.28125
330.9710087776184,2,208.5,4746.36328125,25200.28125
331.9782280921936,2,206.4,4587.51171875,25200.28125
332.98593258857727,2,204.4,4553.8125,25200.28125
333.993780374527,2,204.4,4444.21875,25200.28125
335.00161695480347,2,203.4,4265.2578125,25200.28125
336.00947070121765,2,202.4,4200.84765625,25200.28125
337.0172610282898,2,202.4,4133.125,25200.28125
338.0250539779663,2,202.5,4245.890625,25200.28125
339.0322918891907,2,200.5,4185.84765625,25200.28125
340.03986954689026,2,201.4,4161.00390625,25200.28125
341.04771280288696,2,145.9,3595.05078125,25200.28125
342.0554280281067,2,107.2,3535.98046875,25200.28125
343.0628869533539,2,106.2,3431.765625,25200.28125
344.0699830055237,2,108.3,3193.0,25200.28125
345.0768356323242,2,106.3,2928.3125,25200.28125
346.0837924480438,2,106.2,2651.640625,25200.28125
347.0908627510071,2,106.2,2373.79296875,25200.28125
348.09867906570435,2,106.2,2164.05859375,25200.28125
349.10626244544983,2,105.2,2053.96484375,25200.28125
350.1136348247528,2,102.2,2009.44140625,25200.28125
351.1209828853607,2,101.2,1985.49609375,25200.28125
352.12880539894104,2,100.3,1957.82421875,25200.28125
353.13621044158936,2,100.3,1950.34375,25200.28125
354.1432547569275,2,100.3,1939.64453125,25200.28125
355.1504113674164,2,100.2,1848.51171875,25200.28125
356.15914487838745,2,443.9,1947.984375,25200.28125
357.1675355434418,2,382.7,2281.37109375,25344.29296875
358.17621088027954,2,102.3,2291.77734375,25344.36328125
359.18345069885254,2,103.2,2415.8515625,25552.37890625
360.19215393066406,2,525.7,2929.515625,26864.37890625
361.19964265823364,2,1852.9,3551.5,27376.37890625
362.20991563796997,2,364.1,5981.421875,32496.453125
363.2206361293793,2,1758.3,4611.03515625,31472.42578125
364.2308967113495,2,2639.2,4470.4375,39304.41015625
365.2461438179016,2,4549.6,6303.2734375,45448.41015625
366.26950693130493,2,3678.8,6534.71875,45448.41015625
367.28214287757874,2,2628.9,6796.484375,45448.41015625
368.2944884300232,2,1273.6,3959.8984375,45448.41015625
369.3051459789276,2,3559.3,5772.6875,45448.41015625
370.32850766181946,2,4566.6,7560.0859375,45448.41015625
371.3471460342407,2,3805.8,7743.34765625,45448.41015625
372.3680634498596,2,3773.1,8392.40625,45448.41015625
373.3797118663788,2,2148.9,8491.55859375,45448.41015625
374.39055705070496,2,3239.1,8523.27734375,45448.41015625
375.4021451473236,2,1643.1,3452.109375,43400.37890625
376.4270613193512,2,4788.5,3301.19140625,43400.37890625
377.4521384239197,2,4714.3,3205.79296875,43400.37890625
378.4651389122009,2,4248.6,3301.015625,43400.37890625
379.48313879966736,2,4715.4,3283.71484375,43400.37890625
380.4931423664093,2,2832.7,3363.44140625,43400.37890625
381.4996621608734,2,495.5,3173.09765625,43400.37890625
382.50677585601807,2,101.2,3134.0390625,43400.37890625
383.51475262641907,2,122.1,3397.234375,43402.3984375
384.52241921424866,2,100.2,3764.73828125,43402.3984375
385.5299220085144,2,100.2,4168.890625,43402.3984375
386.5375771522522,4,22.8,4400.515625,43681.76171875
387.54516792297363,4,100.3,4626.0234375,43922.6953125
388.5522258281708,4,100.2,4829.87109375,44146.08984375
389.56042408943176,4,100.3,5034.0625,44356.48046875
390.56771993637085,4,101.3,5338.71484375,44674.234375
391.57464575767517,4,99.3,5695.3203125,45032.98046875
392.5815734863281,4,99.3,6037.9453125,45389.27734375
393.58869075775146,4,100.2,6390.68359375,45747.87890625
394.59679198265076,4,100.1,6742.43359375,46105.72265625
395.60549783706665,4,99.1,7098.66796875,46464.46875
396.61417627334595,4,100.1,7456.04296875,46822.18359375
397.6236426830292,4,100.2,7814.91796875,47180.80078125
398.63194155693054,4,100.1,8173.04296875,47539.16015625
399.6405212879181,4,100.0,8531.91796875,47897.90625
400.65089416503906,4,100.2,8888.91796875,48254.84765625
401.6592469215393,4,99.1,9248.16796875,48613.98046875
402.66796255111694,4,100.0,9607.04296875,48972.984375
403.677916765213,4,100.1,9966.66796875,49332.76171875
404.6873993873596,4,99.1,10320.890625,49689.703125
405.69605779647827,4,100.1,10680.515625,50049.09375
406.7047190666199,4,101.0,11039.015625,50407.58203125
407.714236497879,4,99.1,11398.640625,50767.48828125
408.72341561317444,4,100.2,11755.265625,51124.04296875
409.7317957878113,4,99.0,12113.765625,51482.2734375
410.7417526245117,4,101.0,12472.265625,51840.6328125
411.75184392929077,4,99.2,12831.140625,52199.5078125
412.76022958755493,4,100.1,13187.765625,52555.93359375
413.7693202495575,4,100.0,13546.640625,52914.80859375
414.7789967060089,4,100.1,13904.390625,53272.78125
415.7881999015808,4,100.0,14263.640625,53631.9140625
416.7981057167053,4,100.0,14391.890625,53760.43359375
417.8085446357727,4,100.0,14401.33203125,53776.41796875
418.8185193538666,4,100.0,14761.1796875,54183.390625
419.8290114402771,4,99.0,4049.296875,43409.59765625
420.8392629623413,5,0.0,4542.82421875,44167.87890625
421.8504972457886,2,38.6,3267.70703125,44088.71484375
422.8617215156555,2,486.5,3916.15625,44426.4453125
423.8729486465454,2,3012.2,5090.69140625,48522.5078125
424.89783358573914,2,4789.0,5090.69140625,48522.5078125
425.91447377204895,2,4727.7,5148.6640625,48522.5078125
426.93256855010986,2,735.3,5817.37890625,50570.5390625
427.941531419754,2,99.2,6229.3125,50570.5390625
428.94977045059204,4,86.3,6593.04296875,50716.484375
429.95799589157104,4,99.2,6928.98828125,51052.421875
430.9658508300781,4,101.2,7280.73828125,51404.078125
431.9732961654663,4,99.2,7624.98828125,51748.12890625
432.9809169769287,4,101.3,7977.84765625,52101.08984375
433.9881694316864,4,99.3,8330.34765625,52453.51953125
434.995486497879,4,100.2,8664.47265625,52787.515625
436.0033392906189,4,100.2,8995.22265625,53123.703125
437.0110032558441,4,100.1,9324.47265625,53453.1875
438.0200443267822,4,99.3,9650.5625,53779.22265625
439.02750182151794,4,100.3,9992.5625,54121.2109375
440.0348002910614,4,99.2,10341.3125,54469.90234375
441.0425307750702,4,100.0,10729.0625,54857.65234375
442.05215215682983,4,100.1,11115.6875,55244.2421875
443.06136178970337,4,100.0,11498.4296875,55631.86328125
444.0710642337799,4,100.0,11883.1796875,56016.51953125
445.0807602405548,4,99.0,12270.9296875,56404.52734375
446.09052896499634,4,101.1,12657.9296875,56791.24609375
447.09948444366455,4,99.0,13046.0546875,57179.51171875
448.1096591949463,4,100.1,13431.1796875,57564.5546875
449.118319272995,4,99.1,13818.9296875,57952.3046875
450.1273772716522,4,101.0,14205.5546875,58339.0234375
451.1369936466217,4,99.1,14593.3046875,58726.7734375
452.14606761932373,4,101.1,14978.0546875,59111.6875
453.15468072891235,4,99.0,15364.4609375,59499.953125
454.1645550727844,4,101.1,15750.30859375,59886.9296875
455.1739492416382,4,100.1,16138.05859375,60274.80859375
456.1833350658417,4,100.0,16523.18359375,60659.8515625
457.19291472435,4,99.0,16910.93359375,61047.73046875
458.20274019241333,4,100.1,17297.93359375,61434.70703125
459.21203112602234,4,100.1,17684.93359375,61821.94140625
460.22073316574097,4,100.0,18069.68359375,62206.46875
461.2307357788086,4,100.1,18457.05859375,62593.83203125
462.24006175994873,4,100.1,18842.93359375,62979.6484375
463.2490553855896,4,99.0,19230.30859375,63367.01171875
464.25906443595886,4,101.1,19498.80859375,63635.78125
465.2680883407593,4,100.1,19555.05859375,63691.984375
466.27732038497925,4,99.1,19555.05859375,63691.984375
467.2868444919586,4,100.0,19555.05859375,63691.984375
468.2968945503235,4,100.0,19580.6015625,63721.203125
469.30707478523254,4,100.0,19978.6015625,64255.4765625
470.3169345855713,4,98.9,20173.5625,64420.83984375
471.32759189605713,4,99.9,20187.7265625,64420.83984375
472.33849334716797,4,99.9,19592.36328125,63728.71484375
473.34935784339905,5,0.0,6995.328125,51464.6953125
474.35976696014404,5,99.0,7327.453125,51822.0546875
475.3697166442871,3,1.0,6444.515625,50577.75390625
476.37936329841614,2,98.0,5494.38671875,51275.41796875
477.3897638320923,2,217.7,6552.94921875,50791.38671875
478.400422334671,2,711.0,6852.21875,50791.38671875
479.4116539955139,2,205.2,6999.48828125,50791.38671875
480.4203128814697,2,209.2,7006.484375,50791.38671875
481.4291832447052,2,901.8,7357.41015625,50791.38671875
482.4411907196045,2,2121.7,11382.98828125,50791.38671875
483.45714044570923,2,4487.9,13346.9609375,50791.38671875
484.4771387577057,2,4642.0,14617.16796875,50791.38671875
485.49415040016174,2,4479.9,14410.23828125,50791.38671875
486.5111846923828,2,3897.7,15336.76953125,50791.38671875
487.5425066947937,2,3687.9,14908.81640625,50791.38671875
488.5512866973877,2,2791.1,15380.56640625,50791.38671875
489.55755734443665,2,2187.6,15338.2578125,50791.38671875
490.5679512023926,2,2957.6,15447.046875,50791.38671875
491.5768313407898,2,816.6,8026.8984375,50791.38671875
492.5845510959625,2,215.5,8052.91015625,50791.38671875
493.59147572517395,2,613.7,7824.703125,50791.38671875
494.5999755859375,2,1101.6,7560.9375,50791.38671875
495.6091740131378,2,1920.5,11518.81640625,50791.38671875
496.62214279174805,2,4612.0,13029.390625,50791.38671875
497.6398091316223,2,4627.1,14015.5859375,50791.38671875
498.65211725234985,2,4478.6,14422.73828125,50791.38671875
499.66714692115784,2,3060.4,14720.28515625,50791.38671875
500.6861674785614,2,4012.6,15460.359375,50791.38671875
501.69459557533264,2,1872.3,15320.87109375,50791.38671875
502.702467918396,2,2909.6,15343.55859375,50791.38671875
503.71716809272766,2,1987.6,7192.125,51015.38671875
504.7251398563385,2,1195.9,8574.484375,51015.38671875
505.7319767475128,2,1594.0,7972.98046875,51015.38671875
506.81019043922424,2,1073.8,8360.41015625,51015.38671875
507.817745923996,2,2919.1,12201.43359375,51015.38671875
508.8251495361328,2,4589.7,12748.77734375,51015.38671875
509.8451421260834,2,4509.6,14029.47265625,51015.38671875
510.8541839122772,2,3962.3,14910.1015625,51015.38671875
511.8901798725128,2,4720.7,14689.9609375,51015.38671875
512.9067537784576,2,3458.8,14548.15234375,51015.38671875
513.9127466678619,2,2593.6,14332.3203125,51015.38671875
514.9226024150848,2,3158.3,14348.80078125,51015.38671875
515.9309802055359,2,1212.7,8522.7109375,51015.38671875
516.937047958374,2,933.0,8212.5078125,51015.38671875
517.9445459842682,2,1148.4,8038.87890625,51015.38671875
518.9529078006744,2,1463.6,10513.7578125,51015.38671875
519.9651415348053,2,4489.6,12322.30078125,51015.38671875
520.9731545448303,2,4646.3,13701.984375,51015.38671875
521.9921545982361,2,4284.7,13980.80859375,51015.38671875
523.0041890144348,2,4157.8,14069.9453125,51015.38671875
524.0290474891663,2,4484.6,13995.265625,51015.38671875
525.041154384613,2,2918.4,14385.9140625,51015.38671875
526.0540671348572,2,2711.2,14258.04296875,51015.38671875
527.0688495635986,2,2264.9,7489.01171875,51527.39453125
528.0765857696533,2,1176.0,8519.4375,51271.38671875
529.0834152698517,2,1165.3,7982.515625,51271.38671875
530.0900514125824,2,1081.1,7843.50390625,51271.38671875
531.0991795063019,2,2725.8,11478.921875,51271.38671875
532.1121392250061,2,4545.2,12338.99609375,51271.38671875
533.1221725940704,2,4493.3,13546.3359375,51295.38671875
534.134857416153,2,3829.1,14048.71484375,51295.38671875
535.148551940918,2,4720.4,14679.29296875,51295.38671875
536.1898908615112,2,4069.8,14458.76953125,51295.38671875
537.1981427669525,2,2484.9,14325.14453125,51295.38671875
538.2053458690643,2,3378.1,14334.83984375,51295.38671875
539.2141418457031,2,685.2,8398.359375,51295.38671875
540.2308616638184,2,1211.7,8195.0859375,51295.38671875
541.2393748760223,2,1442.3,8003.2578125,51295.38671875
542.2467820644379,2,1099.8,9294.59765625,51295.38671875
543.255145072937,2,3635.8,12453.94140625,51295.38671875
544.2751500606537,2,4620.2,12717.3125,51295.38671875
545.2961432933807,2,4498.3,14333.6875,51295.38671875
546.3141973018646,2,3871.3,15187.92578125,51295.38671875
547.3500485420227,2,4649.3,14326.97265625,51295.38671875
548.359673500061,2,3557.4,14828.8515625,51295.38671875
549.3662805557251,2,2620.9,14593.74609375,51295.38671875
550.3735976219177,2,3389.2,14654.78515625,51295.38671875
551.3841397762299,2,985.9,8666.671875,51295.38671875
552.4010090827942,2,1035.5,8334.7578125,51295.38671875
553.4111738204956,2,1522.9,8063.4296875,51295.38671875
554.4190361499786,2,1082.9,9141.625,51295.38671875
555.4271433353424,2,3876.9,11601.52734375,51295.38671875
556.4451515674591,2,4594.3,13154.4140625,51295.38671875
557.4651443958282,2,4492.7,13614.58203125,51295.38671875
558.4791762828827,2,4006.4,14588.08984375,51295.38671875
559.5147185325623,2,4405.9,13723.109375,51295.38671875
560.5261602401733,2,3061.3,14166.37890625,51295.38671875
561.544661283493,2,2798.0,14059.28515625,51295.38671875
562.5550453662872,2,2587.7,7551.03125,51807.39453125
563.563506603241,2,1234.5,8802.94140625,51295.38671875
564.5730035305023,2,1022.1,8325.87890625,51807.41796875
565.5798065662384,2,1268.5,8144.2890625,51295.38671875
566.5881943702698,2,2352.0,11142.0078125,51295.38671875
567.6091418266296,2,4483.4,11874.33984375,51295.38671875
568.6268751621246,2,4534.9,13332.73828125,51295.38671875
569.6406788825989,2,3843.0,13691.95703125,51295.38671875
570.6591811180115,2,4524.6,14395.73046875,51295.38671875
571.6942710876465,2,4099.5,13972.3046875,51295.38671875
572.7009921073914,2,2566.8,13885.30078125,51295.38671875
573.7105333805084,2,3381.0,13791.51953125,51295.38671875
574.7204513549805,2,723.2,8324.19140625,51295.38671875
575.7270534038544,2,1407.5,8312.19921875,51295.38671875
576.7361426353455,2,1606.0,8059.296875,51295.38671875
577.7888948917389,2,1051.8,8375.0,51295.38671875
578.7964744567871,2,3267.1,11603.796875,51295.38671875
579.814151763916,2,4609.8,12545.8359375,51295.38671875
580.8335440158844,2,4488.9,13620.7109375,51295.38671875
581.8431811332703,2,3897.9,14503.0078125,51295.38671875
582.8791449069977,2,4484.2,13674.5390625,51295.38671875
583.9001426696777,2,3279.7,14114.11328125,51295.38671875
584.9071068763733,2,2581.8,13926.875,51295.38671875
585.9145679473877,2,3142.6,14036.23828125,51295.38671875
586.9204165935516,2,1310.5,8771.94921875,51295.38671875
587.9283971786499,2,854.2,8354.96875,51295.38671875
588.9363734722137,2,1356.8,8117.42578125,51295.38671875
589.9439098834991,2,1080.7,9845.6640625,51295.38671875
590.952141046524,2,3991.8,12540.5078125,51295.38671875
591.9701457023621,2,4597.5,13691.89453125,51295.38671875
592.9896800518036,2,4452.0,14240.41796875,51295.38671875
594.0091753005981,2,3909.3,15084.90625,51295.38671875
595.0451469421387,2,4455.0,14236.01171875,51295.38671875
596.0640037059784,2,3384.6,14663.765625,51295.38671875
597.0729961395264,2,2569.1,14579.80859375,51295.38671875
598.0798978805542,2,3341.7,14644.921875,51295.38671875
599.0873792171478,2,1434.5,8278.5625,51295.38671875
600.0940244197845,2,857.3,7909.16796875,51295.38671875
601.1007180213928,2,1420.3,8636.4140625,51295.38671875
602.1261801719666,2,2688.7,13003.140625,51295.38671875
603.1611454486847,2,4511.7,13672.75,51295.38671875
604.1781489849091,2,4604.8,15226.1015625,51295.38671875
605.1979386806488,2,4351.0,14418.88671875,51295.38671875
606.2171804904938,2,3981.9,15488.9296875,51295.38671875
607.2581806182861,2,4635.6,15433.6640625,51295.38671875
608.2984702587128,2,4610.7,14557.63671875,51295.38671875
609.3087477684021,2,3227.5,15063.04296875,51295.38671875
610.3169887065887,2,2777.2,14973.1171875,51295.38671875
611.3240633010864,2,3230.0,15198.4296875,51295.38671875
612.3302576541901,2,1686.5,8152.515625,51295.38671875
613.3376681804657,2,1829.6,10976.57421875,51295.38671875
614.3711421489716,2,4477.4,13025.234375,51295.38671875
615.389142036438,2,4409.6,11907.03125,51295.38671875
616.4002177715302,2,4111.6,13566.55078125,51295.38671875
617.4341735839844,2,4749.6,13476.34375,51295.38671875
618.4764370918274,2,4753.5,13085.10546875,51295.38671875
619.490142583847,2,2964.0,13163.61328125,51295.38671875
620.4977097511292,2,3113.8,13382.22265625,51295.38671875
621.5050203800201,2,1806.3,7394.9609375,51295.38671875
622.513192653656,2,1286.7,10665.734375,51295.38671875
623.5491423606873,2,4474.7,12773.8359375,51295.38671875
624.5667657852173,2,4451.2,13293.29296875,51295.38671875
625.5771832466125,2,4021.1,13388.609375,51295.38671875
626.6131963729858,2,4696.8,13362.79296875,51295.38671875
627.6481657028198,2,4767.9,13335.171875,51295.38671875
628.6841411590576,2,3022.8,13100.3515625,51295.38671875
629.7051420211792,2,3326.4,13274.99609375,51295.38671875
630.7226912975311,2,477.9,6988.1484375,51295.38671875
631.7309572696686,2,837.9,7926.9921875,51295.38671875
632.7431077957153,2,1109.0,7518.21875,51295.38671875
633.7500302791595,2,2646.6,8295.6796875,51295.38671875
634.7581419944763,2,3842.3,10616.7265625,51295.38671875
635.7760398387909,2,4535.8,12039.92578125,51295.38671875
636.7899007797241,2,4164.2,13267.14453125,51295.38671875
637.8001923561096,2,4365.4,14072.62890625,51295.38671875
638.8361423015594,2,3876.5,13852.546875,51295.38671875
639.8471455574036,2,2335.1,13803.33203125,51295.38671875
640.8569712638855,2,3312.2,13907.09765625,51295.38671875
641.8646912574768,2,442.3,7632.90234375,51295.38671875
642.8731029033661,2,1010.3,8808.38671875,51295.38671875
643.881814956665,2,1103.6,7867.84765625,51295.38671875
644.8930342197418,2,2533.8,9240.52734375,51295.38671875
645.9081292152405,2,4475.9,10708.28125,51295.38671875
646.9260659217834,2,4552.2,12316.01171875,51295.38671875
647.9374089241028,2,4197.4,13010.0078125,51295.38671875
648.9701504707336,2,4238.4,12922.09375,51295.38671875
649.9893395900726,2,3269.3,13443.6328125,51295.38671875
650.9961421489716,2,2407.3,13321.4453125,51295.38671875
652.0053284168243,2,2782.5,13421.046875,51295.38671875
653.0161418914795,2,1527.8,8614.6796875,51295.38671875
654.0245432853699,2,581.2,8158.55859375,51295.38671875
655.0331475734711,2,1299.0,7793.91015625,51295.38671875
656.0575067996979,2,2495.2,9121.00390625,51295.38671875
657.0691463947296,2,4428.3,10621.484375,51295.38671875
658.088140964508,2,4576.3,11855.66796875,51295.38671875
659.1030974388123,2,4206.4,12916.74609375,51295.38671875
660.1125593185425,2,3732.3,13108.9375,51295.38671875
661.1241490840912,2,3278.5,13631.16796875,51295.38671875
662.1461403369904,2,2173.8,13610.4296875,51295.38671875
663.1642560958862,2,3248.6,13667.42578125,51295.38671875
664.1722512245178,2,1327.5,8761.37890625,51295.38671875
665.183268070221,2,927.1,8179.87109375,51615.38671875
666.1916148662567,2,1166.4,7914.2734375,51615.38671875
667.1982519626617,2,2346.3,8684.26953125,51615.38671875
668.2061429023743,2,3680.8,11059.81640625,51615.38671875
669.2241501808167,2,4445.8,12522.71875,51615.38671875
670.2436203956604,2,4555.3,13255.421875,51647.38671875
671.2551422119141,2,4371.2,14848.625,51647.38671875
672.2661499977112,2,3511.6,15200.06640625,51647.38671875
673.288626909256,2,3938.5,15454.34765625,51647.38671875
674.2972986698151,2,2790.8,16207.10546875,51647.38671875
675.3061447143555,2,1983.4,16013.80859375,51647.38671875
676.318674325943,2,3765.3,16377.85546875,51647.38671875
677.3267803192139,2,634.1,7436.3828125,51647.38671875
678.3344662189484,2,1541.7,9305.9609375,51647.38671875
679.3424158096313,2,766.6,8130.09375,51647.38671875
680.350822687149,2,1202.8,7924.9609375,51647.38671875
681.358410358429,2,2929.9,9578.27734375,51647.38671875
682.3701417446136,2,4444.5,11034.8359375,51647.38671875
683.3881542682648,2,4624.8,13896.93359375,51647.38671875
684.4143271446228,2,4371.1,14317.390625,51647.38671875
685.4342029094696,2,3948.5,15541.6953125,51647.38671875
686.4746870994568,2,3825.3,14964.64453125,51647.38671875
687.4848732948303,2,2962.6,15945.0859375,51647.38671875
688.4936561584473,2,2179.3,15768.4296875,51647.38671875
689.5023040771484,2,3596.8,15881.80859375,51647.38671875
690.512936592102,2,1106.6,11567.78125,51647.38671875
691.520439863205,2,1538.7,8886.16796875,51647.38671875
692.5297482013702,2,640.2,8260.0703125,51647.38671875
693.5372176170349,2,1188.5,7953.8125,51647.38671875
694.5435266494751,2,2268.4,8581.1328125,51647.38671875
695.5521171092987,2,4099.8,10474.59765625,51647.38671875
696.5621457099915,2,4502.5,11707.87109375,51647.38671875
697.5741467475891,2,4531.8,13139.234375,51647.38671875
698.5892555713654,2,3679.1,13286.8984375,51647.38671875
699.5969974994659,2,3442.8,13883.3359375,51647.38671875
700.6057195663452,2,2343.5,13813.2265625,51647.38671875
701.6142692565918,2,3326.0,13850.60546875,51647.38671875
702.6216862201691,2,1156.5,8940.16015625,51647.38671875
703.629073381424,2,1146.4,8309.31640625,51647.38671875
704.6365270614624,2,1129.6,8082.640625,51647.38671875
705.6440167427063,2,2599.9,9297.3125,51647.38671875
706.6517322063446,2,4446.3,10680.91796875,51647.38671875
707.662150144577,2,4681.0,13471.2109375,51647.38671875
708.6827244758606,2,4314.3,13204.50390625,51647.38671875
709.6941487789154,2,3569.8,13704.59375,51647.38671875
710.7183735370636,2,4065.4,14222.1171875,51647.38671875
711.7263300418854,2,2265.0,14325.1484375,51647.38671875
712.7345507144928,2,2563.9,14286.8515625,51647.38671875
713.744793176651,2,2393.9,7600.16015625,52159.39453125
714.7574405670166,2,1517.6,9177.5,51647.38671875
715.7660186290741,2,880.2,8171.40625,51647.38671875
716.7726113796234,2,783.8,8042.87109375,51647.38671875
717.7811393737793,2,1811.3,7782.25390625,51647.38671875
718.8391399383545,2,3676.5,9997.4140625,51647.38671875
719.853146314621,2,4598.7,12224.4296875,51647.38671875
720.8775446414948,2,4549.4,12782.99609375,51647.38671875
721.8946652412415,2,3758.8,13098.0625,51647.38671875
722.9181418418884,2,3944.3,13701.3671875,51647.38671875
723.931095123291,2,1967.4,13730.046875,51647.38671875
724.9395565986633,2,3502.5,13895.68359375,51647.38671875
725.9456429481506,2,538.8,8545.68359375,51647.38671875
726.9533848762512,2,1695.8,8180.5625,51647.38671875
727.9617435932159,2,803.3,8017.6875,51647.38671875
728.9701447486877,2,1005.1,7848.234375,51647.38671875
729.9779441356659,2,2681.0,9011.8125,51647.38671875
730.9901463985443,2,4533.3,10802.9296875,51647.38671875
732.010002374649,2,4524.0,11427.13671875,51647.38671875
733.0241410732269,2,4543.2,12963.796875,51647.38671875
734.0343337059021,2,3442.1,13186.90234375,51647.38671875
735.0435154438019,2,3167.1,13912.83203125,51647.38671875
736.0521428585052,2,2192.7,13940.234375,51647.38671875
737.0621521472931,2,2879.3,14067.64453125,51647.38671875
738.0696930885315,2,1430.3,8664.21484375,51647.38671875
739.0864074230194,2,954.8,8123.99609375,51647.38671875
740.1099436283112,2,733.3,8024.9921875,51647.38671875
741.1188676357269,2,2304.4,7834.828125,51647.38671875
742.1752824783325,2,3643.8,10217.83203125,51647.38671875
743.1916229724884,2,4580.7,12804.67578125,51647.38671875
744.2101435661316,2,4513.4,12927.98046875,51647.38671875
745.2276721000671,2,3683.3,13314.4765625,51647.38671875
746.234810590744,2,3956.6,13763.65234375,51647.38671875
747.2527244091034,2,2157.5,14017.5390625,51647.38671875
748.2587423324585,2,2653.6,14119.3515625,51647.38671875
749.2686810493469,2,2102.2,7223.2890625,51647.38671875
750.2767939567566,2,1585.4,8960.97265625,51647.38671875
751.2847290039062,2,603.7,8254.47265625,51647.38671875
752.2918016910553,2,1358.0,8010.68359375,51647.38671875
753.3001737594604,2,2820.7,9526.859375,51647.38671875
754.3142731189728,2,4433.6,10936.80859375,51647.38671875
755.3254570960999,2,4591.5,12152.37109375,51647.38671875
756.3369569778442,2,4165.1,13177.296875,51647.38671875
757.345029592514,2,3729.0,13363.64453125,51647.38671875
758.3551480770111,2,3229.1,13783.9765625,51647.38671875
759.3641405105591,2,2213.8,13865.68359375,51647.38671875
760.3720273971558,2,3178.1,13971.4375,51647.38671875
761.3803904056549,2,1470.0,8990.54296875,51647.38671875
762.387255191803,2,853.4,8478.94921875,51647.38671875
763.3948822021484,2,997.8,8279.08984375,51647.38671875
764.4031958580017,2,2368.4,8904.65234375,51647.38671875
765.4109675884247,2,4123.0,10796.17578125,51647.38671875
766.4293370246887,2,4564.8,11840.3046875,51647.38671875
767.4371497631073,2,4463.3,13260.11328125,51647.38671875
768.457151889801,2,3718.1,13468.4296875,51647.38671875
769.4817850589752,2,3484.5,14024.0546875,51647.38671875
770.4895360469818,2,2366.1,13842.62890625,51647.38671875
771.4974930286407,2,3472.3,13939.34765625,51647.38671875
772.5056505203247,2,874.5,8790.60546875,51647.38671875
773.5144500732422,2,1278.2,8437.3671875,51647.38671875
774.5235466957092,2,1055.9,8199.19921875,51647.38671875
775.5397412776947,2,1940.5,8032.53125,51647.38671875
776.5981411933899,2,3479.2,10821.0859375,51647.38671875
777.6161477565765,2,4552.6,12487.4453125,51647.38671875
778.6357836723328,2,4507.4,13302.20703125,51647.38671875
779.6421988010406,2,3888.2,14308.52734375,51647.38671875
780.6831452846527,2,3943.0,13905.703125,51647.38671875
781.6997191905975,2,2474.1,14164.37109375,51647.38671875
782.7088875770569,2,2863.9,14222.8515625,51647.38671875
783.7194876670837,2,1977.7,7764.453125,51647.38671875
784.7276141643524,2,1595.5,9621.8359375,51647.38671875
785.734790802002,2,635.3,8510.81640625,51647.38671875
786.7437987327576,2,1373.9,8192.52734375,51647.38671875
787.7511024475098,2,2265.5,9645.36328125,51647.38671875
788.7631437778473,2,4414.5,11517.46484375,51647.38671875
789.7731487751007,2,4571.8,13453.44921875,51647.38671875
790.7931635379791,2,4285.8,14184.60546875,51647.38671875
791.8236782550812,2,4268.7,14929.38671875,51647.38671875
792.8322789669037,2,3593.9,15229.5,51647.38671875
793.8471426963806,2,4101.7,15764.5546875,51647.38671875
794.8637018203735,2,2324.1,16153.28125,51647.38671875
795.874986410141,2,2232.8,16171.671875,51647.38671875
796.8856592178345,2,3157.4,16461.91796875,51647.38671875
797.8939535617828,2,586.4,8212.34765625,51647.38671875
798.9018106460571,2,1631.7,9146.15625,52031.38671875
799.9088447093964,2,687.0,8394.703125,52031.38671875
800.9160575866699,2,1403.1,8148.53515625,52031.38671875
801.9246602058411,2,2223.8,9367.84765625,52031.38671875
802.9361398220062,2,4451.6,10858.953125,52031.38671875
803.9469220638275,2,4501.4,12123.4609375,52031.38671875
804.9601528644562,2,4505.0,13574.21484375,52031.38671875
805.9761526584625,2,3652.5,13884.6640625,52031.38671875
807.0005443096161,2,3462.5,14350.04296875,52031.38671875
808.0109870433807,2,2320.6,14272.59375,52031.38671875
809.0207278728485,2,3586.3,14367.1875,52031.38671875
810.0291414260864,2,776.0,9023.34765625,52031.38671875
811.0458269119263,2,1410.5,8629.59765625,52031.38671875
812.0574939250946,2,784.0,8402.69921875,52031.38671875
813.0651807785034,2,1287.7,8070.55859375,52031.38671875
814.0731408596039,2,3508.9,10784.50390625,52031.38671875
815.0906636714935,2,4524.7,11881.1953125,52031.38671875
816.1101503372192,2,4437.6,13216.0234375,52031.38671875
817.130172252655,2,3957.0,13608.17578125,52031.38671875
818.1511101722717,2,4029.6,13686.82421875,52031.38671875
819.1614298820496,2,2564.4,13976.30078125,52031.38671875
820.1689867973328,2,2660.3,13933.6953125,52031.38671875
821.1791651248932,2,2242.3,7515.0,52031.38671875
822.187362909317,2,1630.5,9621.4140625,52031.38671875
823.1950161457062,2,601.4,8431.66796875,52031.38671875
824.2031424045563,2,1442.0,8143.25,52031.38671875
825.229814529419,2,2205.0,9639.734375,52031.38671875
826.2401432991028,2,4411.3,11553.74609375,52031.38671875
827.2571496963501,2,4608.3,13668.2421875,52031.38671875
828.2819945812225,2,4569.6,14519.171875,52031.38671875
829.2951538562775,2,4093.8,15090.953125,52031.38671875
830.3166508674622,2,3777.7,15351.00390625,52031.38671875
831.3404021263123,2,3677.7,16199.69921875,52031.38671875
832.3525562286377,2,2391.6,16227.08984375,52031.38671875
833.3620915412903,2,2466.3,16319.75390625,52031.38671875
834.3724188804626,2,2704.9,16561.70703125,52031.38671875
835.3797132968903,2,610.5,8606.6328125,52031.38671875
836.390460729599,2,1530.5,9014.23046875,52031.38671875
837.3973789215088,2,587.6,8228.91015625,52031.38671875
838.404815196991,2,1383.6,8011.61328125,52031.38671875
839.4131736755371,2,2921.4,9982.31640625,52031.38671875
840.4311513900757,2,4447.5,11326.71875,52031.38671875
841.45197224617,2,4536.4,13292.19140625,52031.38671875
842.4711883068085,2,3953.5,14020.5234375,52031.38671875
843.5043404102325,2,3930.6,14039.73046875,52031.38671875
844.5109362602234,2,2444.8,14140.5859375,52031.38671875
845.5191397666931,2,3033.1,14139.7265625,52031.38671875
846.5294568538666,2,1510.4,8728.96484375,52031.38671875
847.5376431941986,2,1707.4,9673.51953125,52031.38671875
848.5451414585114,2,1075.3,8762.69921875,52031.38671875
849.5969169139862,2,1765.2,10494.66015625,52031.38671875
850.6091415882111,2,4509.4,11982.2421875,52031.38671875
851.6266152858734,2,4558.6,13962.953125,52031.38671875
852.6391875743866,2,4233.9,14299.39453125,52031.38671875
853.6508529186249,2,4420.2,14940.7890625,52031.38671875
854.6914391517639,2,4010.5,14399.9609375,52031.38671875
855.7027957439423,2,2795.4,14563.03515625,52031.38671875
856.710541009903,2,2985.3,14433.421875,52031.38671875
857.7208099365234,2,1226.1,8925.27734375,52031.38671875
858.7311763763428,2,1825.9,8810.03125,52031.38671875
859.7425870895386,2,1121.6,8553.96484375,52031.38671875
860.750969171524,2,2410.4,11981.703125,52031.38671875
861.7841403484344,2,4460.0,14235.92578125,52031.38671875
862.8042662143707,2,4648.0,15154.5078125,52031.38671875
863.8291437625885,2,4453.9,14912.7890625,52031.38671875
864.8401787281036,2,4185.1,15889.6015625,52031.38671875
865.8771922588348,2,4648.1,15786.87890625,52031.38671875
866.9128649234772,2,4618.7,14895.16796875,52031.38671875
867.9214134216309,2,3216.9,15472.1953125,52031.38671875
868.9281449317932,2,2831.2,15337.78125,52031.38671875
869.9363446235657,2,2861.9,15598.65234375,52031.38671875
870.9446656703949,2,1553.8,8941.2109375,52031.38671875
871.9531846046448,2,1046.7,8505.34375,52031.38671875
872.9621577262878,2,1860.0,9250.16796875,52031.38671875
873.9701442718506,2,3553.1,12336.84375,52031.38671875
874.9777431488037,2,4612.8,13331.18359375,52031.38671875
876.0012378692627,2,4447.4,14522.32421875,52031.38671875
877.0203440189362,2,4135.9,15475.234375,52031.38671875
878.0555093288422,2,4301.6,14592.296875,52031.38671875
879.0627808570862,2,3305.8,15111.51953125,52031.38671875
880.07088971138,2,2459.3,15032.80078125,52031.38671875
881.0818192958832,2,3122.9,15060.28515625,52031.38671875
882.0897407531738,2,1519.6,9318.04296875,52031.38671875
883.097238779068,2,984.9,8585.4453125,52031.38671875
884.1086673736572,2,1599.2,10157.91015625,52031.38671875
885.1171426773071,2,4287.6,12090.828125,52031.38671875
886.134682893753,2,4595.6,12726.90625,52031.38671875
887.1476531028748,2,4171.2,13736.69921875,52031.38671875
888.1562910079956,2,4508.3,14489.03515625,52031.38671875
889.1921424865723,2,4043.9,14096.41015625,52031.38671875
890.2084910869598,2,2476.8,14129.33203125,52031.38671875
891.2187604904175,2,3243.7,14200.12109375,52031.38671875
892.2262897491455,2,1006.0,9111.6640625,52031.38671875
893.2353677749634,2,1505.7,8724.51953125,52031.38671875
894.2421424388885,2,1698.9,8524.58984375,52031.38671875
895.2721428871155,2,3108.0,12237.8515625,52031.38671875
896.2851538658142,2,4566.1,12842.484375,52031.38671875
897.298141002655,2,4460.7,14377.25,52031.38671875
898.3147923946381,2,4145.2,15178.5546875,52031.38671875
899.3491523265839,2,4442.6,14411.765625,52031.38671875
900.3609714508057,2,3283.2,14860.47265625,52031.38671875
901.3686974048615,2,2664.2,14697.1953125,52031.38671875
902.3754341602325,2,3144.7,14657.51171875,52031.38671875
903.3834049701691,2,1524.8,9844.0,52031.38671875
904.4177613258362,2,1171.5,8949.06640625,52031.38671875
905.4257369041443,2,1634.5,10029.609375,52031.38671875
906.4341883659363,2,3176.2,13641.78125,52031.38671875
907.4592962265015,2,4565.8,14298.828125,52031.38671875
908.4781596660614,2,4635.1,15959.796875,52031.38671875
909.4909677505493,2,4429.6,15169.78125,52031.38671875
910.5012993812561,2,4297.6,16009.66015625,52031.38671875
911.5371956825256,2,4650.7,15959.234375,52031.38671875
912.5727775096893,2,4218.3,15201.14453125,52031.38671875
913.5831522941589,2,3097.8,15630.8828125,52031.38671875
914.6021411418915,2,2911.8,15699.20703125,52031.38671875
915.6118249893188,2,1775.9,7869.05859375,52031.38671875
916.6190454959869,2,1734.1,9810.5390625,52031.38671875
917.6264891624451,2,1034.9,8658.5703125,52031.38671875
918.6371872425079,2,2021.6,12033.265625,52031.38671875
919.6724150180817,2,4440.5,14317.16796875,52031.38671875
920.6911504268646,2,4659.7,14768.640625,52031.38671875
921.716142654419,2,4541.5,15053.03515625,52031.38671875
922.731151342392,2,4163.2,16014.72265625,52031.38671875
923.7743535041809,2,4673.0,15948.99609375,52031.38671875
924.8081746101379,2,4769.6,15873.390625,52031.38671875
925.8437523841858,2,3474.6,15616.875,52031.38671875
926.8511447906494,2,2835.0,15580.09375,52031.38671875
927.860404253006,2,3074.0,15811.41015625,52031.38671875
928.8695068359375,2,1975.7,7775.4609375,52031.38671875
929.8776240348816,2,2342.2,8211.296875,52031.38671875
930.8871419429779,2,2619.5,8765.67578125,52031.38671875
931.8975610733032,2,583.5,9463.46875,53886.5546875
932.9061465263367,2,1759.6,8508.42578125,51838.5390625
933.9378962516785,2,3222.0,11078.6171875,51838.5390625
934.9461510181427,2,4405.6,13126.25,59006.5390625
935.9660573005676,2,4570.6,12957.7890625,59046.5390625
936.9781427383423,2,4286.1,15264.5625,59046.5390625
937.9961583614349,2,3480.2,15522.015625,59046.5390625
939.022141456604,2,3406.5,15748.65234375,59046.5390625
940.0368168354034,2,3349.1,17035.125,59046.5390625
941.0450389385223,2,1590.9,16819.07421875,59046.5390625
942.0521495342255,2,2532.7,17079.234375,59046.5390625
943.0805068016052,2,2693.9,17273.2421875,59046.5390625
944.0884754657745,2,540.2,8011.625,59046.5390625
945.0961446762085,2,1390.9,8962.6796875,59046.5390625
946.1414670944214,2,3121.9,11033.98046875,59046.5390625
947.1561439037323,2,4374.8,13026.95703125,59046.5390625
948.1736414432526,2,4544.1,15829.0859375,67238.5390625
949.1981482505798,2,4658.5,21098.515625,67238.5390625
950.2223596572876,2,4365.1,16097.8203125,67238.5390625
951.2416062355042,2,4443.2,18810.35546875,67238.5390625
952.263590335846,2,4472.7,18964.03515625,67238.5390625
953.275153875351,2,3000.5,19323.41015625,67238.5390625
954.3001484870911,2,3538.9,19533.828125,67238.5390625
955.3201451301575,2,4257.4,20420.0234375,67238.5390625
956.3269619941711,2,1605.5,20963.421875,67238.5390625
957.3359582424164,2,1772.8,20878.6953125,67238.5390625
958.3438692092896,2,1677.8,21043.2421875,67238.5390625
959.372141122818,2,4580.3,21047.34375,67238.5390625
960.3821399211884,2,1048.6,21495.02734375,67238.5390625
961.3910508155823,2,870.4,8527.21484375,67238.5390625
962.402184009552,2,2520.9,9550.36328125,67238.5390625
963.4101395606995,2,3702.2,12504.078125,67238.5390625
964.4278073310852,2,4471.5,14317.921875,67286.5390625
965.451495885849,2,4665.0,19534.04296875,67286.5390625
966.4762711524963,2,4242.8,15626.21484375,67286.5390625
967.4941425323486,2,4431.0,18452.14453125,67286.5390625
968.5107231140137,2,4400.7,18695.63671875,67286.5390625
969.517730474472,2,3246.4,19007.953125,67286.5390625
970.5331404209137,2,3702.1,19325.58984375,67286.5390625
971.5433366298676,2,3853.7,20529.2109375,67286.5390625
972.5503177642822,2,1401.2,20532.359375,67286.5390625
973.5603346824646,2,1746.8,20391.32421875,67286.5390625
974.5701501369476,2,2980.6,20572.10546875,67286.5390625
975.5891518592834,2,2813.3,20690.41796875,67286.5390625
976.5993385314941,2,577.7,7956.1015625,67286.5390625
977.6071391105652,2,1905.6,8847.5703125,67286.5390625
978.6521496772766,2,3213.3,11577.1875,67286.5390625
979.6661450862885,2,4359.6,12752.88671875,67286.5390625
980.6831521987915,2,4622.5,16853.61328125,67286.5390625
981.7077834606171,2,4656.0,21214.09375,67286.5390625
982.7231500148773,2,4423.7,17746.9609375,67286.5390625
983.7364647388458,2,4362.3,18326.5390625,67286.5390625
984.755161523819,2,3687.0,18618.8984375,67286.5390625
985.7811515331268,2,3608.5,18940.62109375,67286.5390625
986.8061430454254,2,4125.8,19702.2421875,67286.5390625
987.8251447677612,2,1966.8,20226.7890625,67286.5390625
988.8420588970184,2,1754.9,20107.203125,67286.5390625
989.8482990264893,2,1882.5,20251.3515625,67286.5390625
990.8588645458221,2,4275.3,20483.03125,67286.5390625
991.868034362793,2,635.8,8221.22265625,69334.5546875
992.8760468959808,2,949.8,8689.26953125,67286.5390625
993.8846213817596,2,2556.1,10530.37890625,67286.5390625
994.8946442604065,2,4475.3,12503.921875,67286.5390625
995.9131543636322,2,4485.5,15266.63671875,67286.5390625
996.9341461658478,2,4656.0,20548.24609375,67286.5390625
997.9582259654999,2,4410.1,17218.6796875,67286.5390625
998.9772596359253,2,4455.4,18377.63671875,67286.5390625
999.9991478919983,2,3755.1,18750.40625,67286.5390625
1001.0189085006714,2,3919.8,18990.640625,67286.5390625
1002.0401430130005,2,3781.9,19422.1484375,67286.5390625
1003.0541729927063,2,2837.5,20480.74609375,67286.5390625
1004.0622520446777,2,1566.0,20215.69921875,67286.5390625
1005.0707516670227,2,1614.2,20225.29296875,67286.5390625
1006.0791416168213,2,3936.0,20369.28125,67286.5390625
1007.0891070365906,2,1826.3,20724.8828125,67286.5390625
1008.0954036712646,2,583.9,8413.3828125,67286.5390625
1009.1024966239929,2,1020.9,9581.34765625,67286.5390625
1010.1289429664612,2,3304.5,11253.19921875,67286.5390625
1011.1365673542023,2,3940.4,14413.62890625,67286.5390625
1012.158453464508,2,4511.6,14650.62890625,67286.5390625
1013.1731510162354,2,4633.2,19356.16796875,67286.5390625
1014.1978163719177,2,4673.4,23881.76171875,67286.5390625
1015.2231776714325,2,4378.7,18995.0625,67286.5390625
1016.2355828285217,2,4457.9,20374.97265625,67286.5390625
1017.2548761367798,2,4363.7,20612.671875,67286.5390625
1018.2626776695251,2,3176.4,20845.484375,67286.5390625
1019.2721507549286,2,2922.7,21130.5078125,67286.5390625
1020.2926843166351,2,4116.7,21657.8203125,67286.5390625
1021.3033263683319,2,2853.1,22676.38671875,67286.5390625
1022.3116438388824,2,1633.0,22610.8359375,67286.5390625
1023.3195340633392,2,1828.5,22525.53515625,67286.5390625
1024.3269152641296,2,2867.1,22771.91015625,67286.5390625
1025.3449041843414,2,3424.9,23007.41015625,67286.5390625
1026.3522634506226,2,581.5,8988.81640625,69334.5546875
1027.3599998950958,2,892.3,9266.890625,67286.5390625
1028.3681399822235,2,2834.0,9554.734375,67286.5390625
1029.3991494178772,2,2789.9,13253.67578125,67286.5390625
1030.4184749126434,2,4378.6,14598.51171875,67286.5390625
1031.4311501979828,2,4509.0,17172.9140625,67286.5390625
1032.4591677188873,2,4667.8,22411.2265625,67286.5390625
1033.4975571632385,2,4418.8,16852.203125,77526.5390625
1034.51140999794,2,4395.3,20503.12890625,77526.5390625
1035.5297055244446,2,4525.7,20631.37890625,77526.5390625
1036.5481586456299,2,3341.6,20887.0390625,77526.5390625
1037.5743460655212,2,3621.0,21092.55859375,77526.5390625
1038.6001410484314,2,3478.1,21326.37109375,77526.5390625
1039.6131389141083,2,4059.3,22636.03125,77526.5390625
1040.6308012008667,2,1597.2,22533.7734375,77526.5390625
1041.6393885612488,2,1842.4,22461.55078125,77526.5390625
1042.6472609043121,2,1774.3,22689.18359375,77526.5390625
1043.6614360809326,2,4553.3,22767.765625,77526.5390625
1044.6718213558197,2,940.8,17958.65625,77526.5390625
1045.6781423091888,2,623.2,8861.46875,77526.5390625
1046.6858704090118,2,1930.5,9572.27734375,77526.5390625
1047.703649520874,2,2731.7,12016.203125,77526.5390625
1048.7145648002625,2,4462.0,14412.47265625,77526.5390625
1049.7331507205963,2,4443.7,16189.9765625,77526.5390625
1050.7581462860107,2,4657.9,20338.640625,77526.5390625
1051.7823150157928,2,4660.3,22968.484375,77526.5390625
1052.7991502285004,2,4411.0,19743.49609375,77526.5390625
1053.8175444602966,2,4453.9,20482.5703125,77526.5390625
1054.8367040157318,2,3664.6,20859.8671875,77526.5390625
1055.8451471328735,2,3315.0,21081.09765625,77526.5390625
1056.8693313598633,2,3452.9,21167.46875,77526.5390625
1057.8891429901123,2,4115.0,22028.25,77526.5390625
1058.896653175354,2,2215.9,22689.0390625,77526.5390625
1059.9075801372528,2,1715.3,22640.13671875,77526.5390625
1060.9154748916626,2,1523.7,22591.515625,77526.5390625
1061.9231498241425,2,3979.0,22843.9921875,77526.5390625
1062.9335794448853,2,2229.5,23069.21875,77526.5390625
1063.9412443637848,2,537.2,8097.51171875,77526.5390625
1064.9484498500824,2,978.3,9246.3984375,77526.5390625
1065.9553146362305,2,3497.4,10361.875,77526.5390625
1066.9641418457031,2,3409.3,13988.07421875,77526.5390625
1067.9761435985565,2,4389.3,14617.5546875,77526.5390625
1068.9941489696503,2,4610.0,18407.15625,77526.5390625
1070.020147562027,2,4665.7,23725.8046875,77526.5390625
1071.0471715927124,2,4441.2,17697.74609375,77526.5390625
1072.0640149116516,2,4433.3,20455.43359375,77526.5390625
1073.0831506252289,2,4501.2,20653.4765625,77526.5390625
1074.1031701564789,2,3023.8,20825.03515625,77526.5390625
1075.1293241977692,2,3214.6,21052.6640625,77526.5390625
1076.1376168727875,2,3914.2,21548.9609375,77526.5390625
1077.1496968269348,2,3289.2,22620.29296875,77526.5390625
1078.1601407527924,2,1628.7,22509.71484375,77526.5390625
1079.1679346561432,2,1851.2,22501.1484375,77526.5390625
1080.1759476661682,2,3084.3,22731.77734375,77526.5390625
1081.1864731311798,2,3137.3,22947.58203125,77526.5390625
1082.1938605308533,2,616.7,7623.4453125,77526.5390625
1083.2024447917938,2,958.7,9246.6640625,77526.5390625
1084.2111439704895,2,3408.8,9525.54296875,77526.5390625
1085.2691679000854,2,2732.6,13356.55859375,77526.5390625
1086.2841410636902,2,4375.0,14616.27734375,77526.5390625
1087.3097007274628,2,4606.1,17952.51953125,77526.5390625
1088.334145307541,2,4668.3,23274.7734375,77526.5390625
1089.354178905487,2,4444.3,17163.6640625,77526.5390625
1090.3668785095215,2,4376.9,20544.859375,77526.5390625
1091.3885378837585,2,4494.6,20737.8984375,77526.5390625
1092.406155347824,2,3391.9,20948.05859375,77526.5390625
1093.4301602840424,2,3544.4,21209.87109375,77526.5390625
1094.4511413574219,2,3493.8,21502.60546875,77526.5390625
1095.4613409042358,2,3762.9,22724.875,77526.5390625
1096.4689099788666,2,1538.9,22686.7734375,77526.5390625
1097.478141784668,2,1862.0,22539.62109375,77526.5390625
1098.4911437034607,2,2026.7,22761.88671875,77526.5390625
1099.5087988376617,2,4382.6,22935.46875,77526.5390625
1100.516107082367,2,639.1,8098.1015625,79574.5546875
1101.5238497257233,2,699.4,9111.375,77526.5390625
1102.532143354416,2,2301.9,9564.90234375,77526.5390625
1103.5740702152252,2,2467.5,12514.70703125,77526.5390625
1104.5903768539429,2,4016.8,15164.12890625,77526.5390625
1105.5971417427063,2,4154.1,16071.48828125,77526.5390625
1106.6151492595673,2,4583.7,19101.3359375,77526.5390625
1107.641144990921,2,4662.2,24070.890625,77526.5390625
1108.666145324707,2,4679.8,30240.12109375,89870.5390625
1109.6865241527557,2,4303.1,19690.265625,89870.5390625
1110.6977729797363,2,4609.7,23801.6875,89870.5390625
1111.714150428772,2,4273.2,24753.98828125,89870.5390625
1112.7341477870941,2,4428.4,25098.75,89870.5390625
1113.754160642624,2,3630.9,25417.51953125,89870.5390625
1114.7811555862427,2,3729.0,25736.26953125,89870.5390625
1115.8061473369598,2,3949.9,25831.39453125,89870.5390625
1116.8307592868805,2,3524.6,26315.62109375,89870.5390625
1117.8431420326233,2,3588.8,28037.58203125,89870.5390625
1118.861149072647,2,1810.5,28535.8046875,89870.5390625
1119.8776559829712,2,1885.0,28416.56640625,89870.5390625
1120.8860745429993,2,1670.0,28523.09765625,89870.5390625
1121.8938405513763,2,3426.5,28897.4375,89870.5390625
1122.9128518104553,2,3959.8,29310.1875,89870.5390625
1123.921326160431,2,505.6,29602.203125,89870.5390625
1124.9299545288086,2,653.1,8843.58984375,91918.5546875
1125.9381501674652,2,1388.2,8670.26171875,89870.5390625
1126.98885846138,2,3425.8,11376.42578125,89870.5390625
1127.996149778366,2,4541.9,13728.2890625,89870.5390625
1129.016942024231,2,4570.9,13394.37109375,89870.5390625
1130.0304124355316,2,4282.5,15385.55859375,89870.5390625
1131.0488860607147,2,3183.7,15657.73046875,89870.5390625
1132.056142091751,2,3651.0,16065.98046875,89870.5390625
1133.0681521892548,2,2556.0,16969.2578125,89870.5390625
1134.0791144371033,2,1722.9,16916.59765625,89870.5390625
1135.086145401001,2,3763.3,17191.04296875,89870.5390625
1136.1039328575134,2,836.1,8181.41015625,91918.5546875
1137.11199593544,2,933.9,8876.7578125,89870.5390625
1138.1201453208923,2,3194.0,11065.80859375,89870.5390625
1139.1321461200714,2,4336.3,12922.015625,89870.5390625
1140.1551523208618,2,4530.7,14714.55859375,89870.5390625
1141.1681430339813,2,4239.3,15237.74609375,89870.5390625
1142.1857542991638,2,3533.3,15453.2890625,89870.5390625
1143.210651397705,2,3499.2,15731.578125,89870.5390625
1144.220535993576,2,2901.4,16815.796875,89870.5390625
1145.2285497188568,2,1786.9,16625.265625,89870.5390625
1146.2401404380798,2,3067.0,16776.01171875,89870.5390625
1147.2527680397034,2,1591.3,17134.2265625,89870.5390625
1148.2611467838287,2,654.3,8695.921875,89870.5390625
1149.2691414356232,2,1443.0,9706.66796875,89870.5390625
1150.318165063858,2,2494.1,12385.50390625,89870.5390625
1151.3255228996277,2,4539.1,15149.2265625,89870.5390625
1152.3321483135223,2,4108.1,16035.89453125,89870.5390625
1153.3509800434113,2,4554.4,19477.91796875,89870.5390625
1154.3753249645233,2,4656.2,23958.18359375,89870.5390625
1155.400698184967,2,4704.1,29556.03125,89870.5390625
1156.423991203308,2,4325.1,19750.87890625,89870.5390625
1157.4361486434937,2,4601.8,23730.20703125,89870.5390625
1158.4531524181366,2,4313.8,24720.26171875,89870.5390625
1159.4803049564362,2,4319.7,25132.87890625,89870.5390625
1160.4991149902344,2,3642.6,25398.109375,89870.5390625
1161.5249133110046,2,3679.1,25754.70703125,89870.5390625
1162.550151348114,2,3999.8,25813.69921875,89870.5390625
1163.5751423835754,2,4147.9,26476.4296875,89870.5390625
1164.5854778289795,2,3142.4,28267.1171875,89870.5390625
1165.5934553146362,2,1630.8,28271.19140625,89870.5390625
1166.6009621620178,2,1653.0,28302.5,89870.5390625
1167.608228445053,2,1661.3,28281.52734375,89870.5390625
1168.6161410808563,2,2881.5,28643.453125,89870.5390625
1169.633796930313,2,4368.8,29116.21875,89870.5390625
1170.6454243659973,2,557.9,29439.16796875,89870.5390625
1171.6541075706482,2,643.1,8664.42578125,91918.5546875
1172.6617288589478,2,917.9,9081.75390625,89870.5390625
1173.6718525886536,2,2882.9,10139.12890625,89870.5390625
1174.679686307907,2,3346.7,13748.46875,89870.5390625
1175.691143989563,2,4376.3,14332.03125,89870.5390625
1176.708885192871,2,4611.7,18873.78515625,89870.5390625
1177.7341496944427,2,4700.6,24314.34765625,89870.5390625
1178.7539196014404,2,4441.5,18968.85546875,89870.5390625
1179.7681469917297,2,4466.2,20177.0859375,89870.5390625
1180.788152217865,2,3855.3,20515.8984375,89870.5390625
1181.8031561374664,2,3484.3,20790.05859375,89870.5390625
1182.8279926776886,2,3518.6,20850.94921875,89870.5390625
1183.8397269248962,2,4331.7,21785.03125,89870.5390625
1184.849139213562,2,1680.5,22064.07421875,89870.5390625
1185.8565213680267,2,1827.6,21983.9921875,89870.5390625
1186.864140510559,2,1931.0,22245.01171875,89870.5390625
1187.8744053840637,2,4358.9,22410.6875,89870.5390625
1188.8827345371246,2,692.6,8277.87109375,91918.5546875
1189.8905262947083,2,624.6,9288.66796875,89870.5390625
1190.8981454372406,2,1296.5,10042.3125,89870.5390625
1191.9493434429169,2,3486.5,11483.04296875,89870.5390625
1192.9571540355682,2,3466.8,14885.37109375,89870.5390625
1193.9691433906555,2,4228.6,16439.9765625,89870.5390625
1194.9871490001678,2,4460.1,17853.72265625,89870.5390625
1196.0071449279785,2,4663.1,22086.6875,89870.5390625
1197.0270328521729,2,4630.8,27615.05859375,89870.5390625
1198.052155971527,2,4659.2,30782.23828125,89870.5390625
1199.0772573947906,2,4262.6,22606.73828125,89870.5390625
1200.1031394004822,2,4256.9,25546.8046875,89870.5390625
1201.1211438179016,2,4488.0,25733.84375,89870.5390625
1202.1421489715576,2,4488.2,25899.515625,89870.5390625
1203.1701593399048,2,2898.9,26196.51171875,89870.5390625
1204.196149110794,2,3450.7,26548.64453125,89870.5390625
1205.2161543369293,2,3819.0,26399.515625,89870.5390625
1206.229855298996,2,4271.8,27334.42578125,89870.5390625
1207.2381434440613,2,3322.8,29114.171875,89870.5390625
1208.254801750183,2,1520.9,28944.015625,89870.5390625
1209.2633218765259,2,1741.9,28970.45703125,89870.5390625
1210.2708277702332,2,1591.8,29058.1484375,89870.5390625
1211.279138326645,2,2771.8,29243.18359375,89870.5390625
1212.2889385223389,2,4611.8,29336.22265625,89870.5390625
1213.2951419353485,2,1014.1,30008.66796875,89870.5390625
1214.309026002884,2,736.3,7707.19140625,91918.5546875
1215.3165555000305,2,632.6,9111.64453125,89870.5390625
1216.3236410617828,2,1654.8,9789.3203125,89870.5390625
1217.373470067978,2,2608.6,12294.546875,89870.5390625
1218.3841502666473,2,4384.1,15259.87890625,89870.5390625
1219.3955013751984,2,4121.0,16215.8359375,89870.5390625
1220.408148765564,2,4595.8,19333.15625,89870.5390625
1221.432693719864,2,4660.9,23665.80078125,89870.5390625
1222.4595098495483,2,4667.9,28392.046875,89870.5390625
1223.4806275367737,2,4302.0,19671.09765625,89870.5390625
1224.4921498298645,2,4598.3,23783.5859375,89870.5390625
1225.5051503181458,2,4316.4,24781.390625,89870.5390625
1226.5251424312592,2,4370.1,25128.87109375,89870.5390625
1227.542162656784,2,3442.2,25459.47265625,89870.5390625
1228.568157196045,2,3711.8,25787.77734375,89870.5390625
1229.5930590629578,2,3965.1,25822.20703125,89870.5390625
1230.604140996933,2,3991.5,26411.1640625,89870.5390625
1231.6141517162323,2,3483.4,27962.3125,89870.5390625
1232.6238055229187,2,1793.1,28504.3125,89870.5390625
1233.6321449279785,2,1848.3,28519.22265625,89870.5390625
1234.6492249965668,2,1702.0,28514.8515625,89870.5390625
1235.6612346172333,2,2790.2,28826.79296875,89870.5390625
1236.6720385551453,2,4430.8,29128.3203125,89870.5390625
1237.6803634166718,2,774.6,29547.5078125,89870.5390625
1238.6884424686432,2,647.0,8436.68359375,91918.5546875
1239.6962428092957,2,725.1,9301.77734375,89870.5390625
1240.7042717933655,2,2016.0,9764.55078125,89870.5390625
1241.7506432533264,2,2482.7,12530.859375,89870.5390625
1242.7606599330902,2,4386.0,15601.4921875,89870.5390625
1243.7681460380554,2,4332.8,16189.29296875,89870.5390625
1244.7861485481262,2,4582.2,19783.84375,89870.5390625
1245.8061482906342,2,4673.1,24401.81640625,89870.5390625
1246.8261182308197,2,4675.7,30161.92578125,89870.5390625
1247.849948167801,2,4244.7,20226.796875,89870.5390625
1248.8641457557678,2,4595.4,24034.75390625,89870.5390625
1249.8765647411346,2,4306.4,24892.61328125,89870.5390625
1250.8961429595947,2,4311.2,25327.125,89870.5390625
1251.9148881435394,2,3593.6,25600.828125,89870.5390625
1252.9411499500275,2,3693.1,25943.9609375,89870.5390625
1253.9661483764648,2,3961.2,25832.01171875,89870.5390625
1254.9781467914581,2,4156.2,26559.28125,89870.5390625
1255.988868713379,2,3267.6,28296.97265625,89870.5390625
1256.9974155426025,2,1611.2,28410.0859375,89870.5390625
1258.0091438293457,2,1742.1,28537.6015625,89870.5390625
1259.026130437851,2,1698.0,28516.22265625,89870.5390625
1260.0414612293243,2,3304.9,28909.18359375,89870.5390625
1261.0606033802032,2,3931.8,29282.640625,89870.5390625
1262.068165063858,2,562.3,29575.12890625,89870.5390625
1263.0764980316162,2,595.0,9514.97265625,91918.5546875
1264.0849297046661,2,929.8,9393.4765625,89870.5390625
1265.0927240848541,2,3179.7,9680.2890625,89870.5390625
1266.1225934028625,2,2451.8,13435.046875,89870.5390625
1267.1391444206238,2,4341.7,15662.95703125,89870.5390625
1268.1571519374847,2,4377.2,16141.515625,89870.5390625
1269.177150964737,2,4612.8,21285.1328125,89870.5390625
1270.2014219760895,2,4706.8,26422.03515625,89870.5390625
1271.2255160808563,2,4706.4,31087.640625,89870.5390625
1272.2461512088776,2,4348.8,21259.15625,89870.5390625
1273.2731428146362,2,4253.3,24929.36328125,89870.5390625
1274.2911467552185,2,4456.2,25090.05859375,89870.5390625
1275.3090319633484,2,4535.3,25255.78125,89870.5390625
1276.3281943798065,2,3429.5,25528.140625,89870.5390625
1277.3354516029358,2,3882.1,25925.1484375,89870.5390625
1278.3518402576447,2,3388.4,25876.38671875,89870.5390625
1279.3611435890198,2,4284.9,27289.8359375,89870.5390625
1280.381555557251,2,2604.6,28412.890625,89870.5390625
1281.3896431922913,2,1686.8,28386.37109375,89870.5390625
1282.397423505783,2,2005.8,28285.5703125,89870.5390625
1283.404102563858,2,1255.3,28291.00390625,89870.5390625
1284.410143852234,2,4433.8,28750.76953125,89870.5390625
1285.4219782352448,2,2609.2,29337.56640625,89870.5390625
1286.429298400879,2,648.9,29629.40234375,89870.5390625
1287.4371409416199,2,491.6,8278.46875,89870.5390625
1288.4442417621613,2,879.3,10064.88671875,89870.5390625
1289.4521448612213,2,2653.3,10178.49609375,89870.5390625
1290.5021414756775,2,2315.5,13193.09375,89870.5390625
1291.5131475925446,2,4597.8,15905.921875,89870.5390625
1292.5238399505615,2,4170.6,16962.2578125,89870.5390625
1293.5431559085846,2,4518.0,19039.328125,89870.5390625
1294.579475402832,2,4664.7,23669.296875,89870.5390625
1295.6101462841034,2,4662.8,29474.50390625,89870.5390625
1296.6424353122711,2,4567.7,26729.359375,89870.5390625
1297.658174276352,2,4339.1,24557.21484375,89870.5390625
1298.690140247345,2,4274.8,26220.91796875,89870.5390625
1299.7071421146393,2,4466.7,26343.4765625,89870.5390625
1300.7251505851746,2,4484.9,26451.9453125,89870.5390625
1301.7441561222076,2,2722.9,26720.3828125,89870.5390625
1302.7691440582275,2,3470.0,26953.625,89870.5390625
1303.7771527767181,2,3936.3,26933.4453125,89870.5390625
1304.7891564369202,2,4159.2,27664.51953125,89870.5390625
1305.800141096115,2,3538.2,29297.80078125,89870.5390625
1306.8181428909302,2,1779.4,29468.234375,89870.5390625
1307.8253118991852,2,1593.5,29443.0234375,89870.5390625
1308.8376626968384,2,1961.4,29464.66015625,89870.5390625
1309.8461487293243,2,1698.8,29690.9921875,89870.5390625
1310.8746032714844,2,4466.3,30036.578125,89870.5390625
1311.8844804763794,2,2530.4,30535.67578125,89870.5390625
1312.8924815654755,2,652.3,30826.34375,89870.5390625
1313.8997173309326,2,764.3,8184.0625,89870.5390625
1314.9073054790497,2,2396.0,9267.01953125,89870.5390625
1315.9161431789398,2,3907.5,11435.55078125,89870.5390625
1316.9331517219543,2,4628.9,16063.66015625,89870.5390625
1317.9572281837463,2,4338.8,14951.93359375,89870.5390625
1318.971729516983,2,3869.1,15335.1328125,89870.5390625
1319.9831521511078,2,3377.4,15490.58984375,89870.5390625
1320.9950075149536,2,3548.7,16768.4375,89870.5390625
1322.0013825893402,2,1592.8,16652.9140625,89870.5390625
1323.0084099769592,2,2712.2,16792.5859375,89870.5390625
1324.018471479416,2,2037.1,17052.03125,89870.5390625
1325.0261070728302,2,875.4,8431.13671875,89870.5390625
1326.0337336063385,2,2312.7,9790.37109375,89870.5390625
1327.0415577888489,2,4202.1,11531.31640625,89870.5390625
1328.0601496696472,2,4627.5,16300.171875,89870.5390625
1329.0828883647919,2,4213.8,14990.80078125,89870.5390625
1330.0905692577362,2,3906.5,15223.37109375,89870.5390625
1331.100953578949,2,3370.3,15365.70703125,89870.5390625
1332.1103944778442,2,3524.1,16584.15625,89870.5390625
1333.118015050888,2,1584.4,16434.859375,89870.5390625
1334.1281535625458,2,2807.3,16635.87890625,89870.5390625
1335.1431419849396,2,1949.8,16949.171875,89870.5390625
1336.1510090827942,2,518.3,8560.45703125,89870.5390625
1337.1580381393433,2,864.3,10055.18359375,89870.5390625
1338.1657757759094,2,3194.1,10157.296875,89870.5390625
1339.2081496715546,2,2295.6,13455.984375,89870.5390625
1340.219141960144,2,4266.6,16531.46875,89870.5390625
1341.2367131710052,2,4386.1,16974.390625,89870.5390625
1342.2551519870758,2,4539.4,19842.52734375,89870.5390625
1343.2795209884644,2,4661.4,24147.29296875,89870.5390625
1344.3051483631134,2,4693.5,29637.6953125,89870.5390625
1345.329586982727,2,4650.1,23350.78515625,89870.5390625
1346.3511681556702,2,4288.2,24515.3671875,89870.5390625
1347.3851428031921,2,4255.9,26234.08984375,89870.5390625
1348.4031414985657,2,4450.6,26397.5234375,89870.5390625
1349.4207570552826,2,4140.3,26680.88671875,89870.5390625
1350.4451570510864,2,3181.9,26849.41796875,89870.5390625
1351.472148180008,2,2937.6,27172.5546875,89870.5390625
1352.49640583992,2,3829.2,27108.95703125,89870.5390625
1353.5121178627014,2,4146.2,27800.140625,89870.5390625
1354.5231404304504,2,3433.5,29357.33203125,89870.5390625
1355.5397062301636,2,1572.9,29597.59375,89870.5390625
1356.547150850296,2,1644.0,29466.87109375,89870.5390625
1357.55632853508,2,1958.1,29480.2265625,89870.5390625
1358.5631420612335,2,1566.7,29646.92578125,89870.5390625
1359.579142332077,2,4486.5,30025.75390625,89870.5390625
1360.5967762470245,2,2642.6,30531.69921875,89870.5390625
1361.605182647705,2,643.0,30821.75,89870.5390625
1362.6129922866821,2,508.4,8233.25,89870.5390625
1363.620109319687,2,936.9,9641.8203125,89870.5390625
1364.6281416416168,2,3423.5,9845.109375,89870.5390625
1365.6561453342438,2,2433.2,13598.16796875,89870.5390625
1366.6748478412628,2,4367.9,15827.3125,89870.5390625
1367.6931478977203,2,4371.2,16285.44921875,89870.5390625
1368.712150812149,2,4623.7,21423.1875,89870.5390625
1369.733151435852,2,4682.9,25759.73046875,89870.5390625
1370.758151769638,2,4630.3,30839.8984375,89870.5390625
1371.777649641037,2,4310.4,20422.125,89870.5390625
1372.8031425476074,2,4241.7,24743.046875,89870.5390625
1373.8208448886871,2,4453.1,24973.34765625,89870.5390625
1374.8331520557404,2,4500.1,25165.796875,89870.5390625
1375.8531613349915,2,3142.1,25422.2578125,89870.5390625
1376.880158662796,2,3708.8,25880.08203125,89870.5390625
1377.9051485061646,2,3491.4,25905.6796875,89870.5390625
1378.9248671531677,2,4297.4,27076.3203125,89870.5390625
1379.9407091140747,2,2951.4,28418.43359375,89870.5390625
1380.9491453170776,2,1620.8,28278.71875,89870.5390625
1381.9549133777618,2,1856.3,28377.625,89870.5390625
1382.9623000621796,2,1364.1,28344.55859375,89870.5390625
1383.9741485118866,2,3910.3,28848.46875,89870.5390625
1384.9920132160187,2,3194.5,29336.71484375,89870.5390625
1386.0011432170868,2,689.2,29584.1171875,89870.5390625
1387.0101754665375,2,491.7,7872.44140625,89870.5390625
1388.0188028812408,2,892.9,9985.41796875,89870.5390625
1389.0281467437744,2,2049.9,10109.28125,89870.5390625
1390.0772948265076,2,2667.7,12649.1875,89870.5390625
1391.0871472358704,2,4246.8,15600.05859375,89870.5390625
1392.1062865257263,2,4232.1,16774.04296875,89870.5390625
1393.1251504421234,2,4466.5,18241.9609375,89870.5390625
1394.1521482467651,2,4662.1,22983.4921875,89870.5390625
1395.1771521568298,2,4668.6,27824.2890625,89870.5390625
1396.2071545124054,2,4658.4,29732.4296875,89870.5390625
1397.2219548225403,2,4323.7,22046.56640625,89870.5390625
1398.2351455688477,2,4285.1,26217.06640625,89870.5390625
1399.2529389858246,2,4466.2,26404.45703125,89870.5390625
1400.2641508579254,2,4480.1,26527.9609375,89870.5390625
1401.284157037735,2,2962.7,26809.62109375,89870.5390625
1402.3105251789093,2,3379.4,27074.7734375,89870.5390625
1403.3343188762665,2,3856.8,27077.98828125,89870.5390625
1404.3471374511719,2,4055.5,27595.98046875,89870.5390625
1405.3663384914398,2,4104.3,28795.703125,89870.5390625
1406.3741500377655,2,1716.5,29474.48046875,89870.5390625
1407.3901431560516,2,1576.8,29485.17578125,89870.5390625
1408.4041435718536,2,2039.4,29395.0546875,89870.5390625
1409.4165523052216,2,1106.6,29409.3828125,89870.5390625
1410.4241480827332,2,4311.9,30002.3125,89870.5390625
1411.4350180625916,2,3448.2,30452.8515625,89870.5390625
1412.4423241615295,2,567.4,30696.0546875,89870.5390625
1413.4504582881927,2,598.9,7786.5859375,89870.5390625
1414.4589426517487,2,913.6,9608.609375,89870.5390625
1415.4660077095032,2,2717.9,9806.40234375,89870.5390625
1416.5124452114105,2,2420.4,12761.41796875,89870.5390625
1417.530668258667,2,4302.3,15788.68359375,89870.5390625
1418.5491435527802,2,4382.9,16263.65234375,89870.5390625
1419.5669379234314,2,4603.2,20031.2265625,89870.5390625
1420.5914974212646,2,4672.3,24977.234375,89870.5390625
1421.6171514987946,2,4675.5,29946.73046875,89870.5390625
1422.6390767097473,2,4283.3,20493.2109375,89870.5390625
1423.6600451469421,2,4588.2,24312.03125,89870.5390625
1424.6731510162354,2,4329.6,24791.6171875,89870.5390625
1425.6931431293488,2,4075.3,25195.5234375,89870.5390625
1426.7101593017578,2,3424.2,25464.58984375,89870.5390625
1427.7361590862274,2,3665.0,25830.015625,89870.5390625
1428.761598110199,2,3921.7,25955.44140625,89870.5390625
1429.7769312858582,2,4178.8,26586.28515625,89870.5390625
1430.7882249355316,2,3270.9,28199.64453125,89870.5390625
1431.794813156128,2,1604.3,28346.59765625,89870.5390625
1432.8016338348389,2,1695.5,28401.98828125,89870.5390625
1433.8089339733124,2,1681.3,28307.7734375,89870.5390625
1434.817142009735,2,2821.6,28831.109375,89870.5390625
1435.833711385727,2,4421.5,29097.765625,89870.5390625
1436.8467104434967,2,639.3,29505.62109375,89870.5390625
1437.8540387153625,2,662.0,8609.50390625,91918.5546875
1438.8620235919952,2,763.1,9344.03125,89870.5390625
1439.8711397647858,2,2175.9,9713.2890625,89870.5390625
1440.9083425998688,2,2398.2,12587.2734375,89870.5390625
1441.9196281433105,2,4427.6,15485.875,89870.5390625
1442.9281446933746,2,4298.2,16135.71875,89870.5390625
1443.9451489448547,2,4593.5,19843.88671875,89870.5390625
1444.9694044589996,2,4669.7,23990.53515625,89870.5390625
1445.994146823883,2,4671.7,29501.91015625,89870.5390625
1447.016257762909,2,4350.5,19848.12109375,89870.5390625
1448.032143354416,2,4590.8,23839.88671875,89870.5390625
1449.044148683548,2,4324.3,24804.28515625,89870.5390625
1450.0641462802887,2,4305.1,25201.6484375,89870.5390625
1451.0821595191956,2,3484.2,25470.296875,89870.5390625
1452.1081566810608,2,3730.7,25827.40234375,89870.5390625
1453.1331465244293,2,3953.8,25887.9296875,89870.5390625
1454.1581139564514,2,4116.1,26455.51953125,89870.5390625
1455.1688549518585,2,3341.0,28062.87890625,89870.5390625
1456.1766867637634,2,1693.6,28283.06640625,89870.5390625
1457.1827630996704,2,1662.3,28380.98046875,89870.5390625
1458.1909763813019,2,1658.7,28365.609375,89870.5390625
1459.199141740799,2,3245.0,28662.4375,89870.5390625
1460.2086613178253,2,4172.7,29181.1015625,89870.5390625
1461.2166066169739,2,556.4,29486.05859375,89870.5390625
1462.224811077118,2,594.5,9075.95703125,91918.5546875
1463.232405424118,2,892.2,9293.8984375,89870.5390625
1464.2511522769928,2,2992.1,9596.171875,89870.5390625
1465.2725048065186,2,2756.6,13344.39453125,89870.5390625
1466.2861442565918,2,4389.3,14648.11328125,89870.5390625
1467.304148197174,2,4591.9,17901.30859375,89870.5390625
1468.3240344524384,2,4661.4,22728.12109375,89870.5390625
1469.349229812622,2,4415.2,16960.64453125,89870.5390625
1470.3611414432526,2,4393.4,20546.69921875,89870.5390625
1471.379137992859,2,4515.5,20687.703125,89870.5390625
1472.3971593379974,2,3340.3,20937.53125,89870.5390625
1473.423523426056,2,3572.3,21112.70703125,89870.5390625
1474.4489147663116,2,3464.3,21374.7421875,89870.5390625
1475.4593198299408,2,4008.6,22577.78515625,89870.5390625
1476.4689433574677,2,1584.3,22562.0703125,89870.5390625
1477.4768152236938,2,1807.0,22572.88671875,89870.5390625
1478.486153125763,2,1894.5,22736.3984375,89870.5390625
1479.496601343155,2,4532.2,22891.0703125,89870.5390625
1480.5084781646729,2,762.8,7725.515625,91918.5546875
1481.5164287090302,2,599.2,9079.65625,89870.5390625
1482.5251421928406,2,1383.2,9771.12890625,89870.5390625
1483.5737924575806,2,3178.8,11663.68359375,89870.5390625
1484.5821051597595,2,3903.7,14917.90625,89870.5390625
1485.5961644649506,2,4170.4,16125.95703125,89870.5390625
1486.6137177944183,2,4557.8,18482.7109375,89870.5390625
1487.6411504745483,2,4698.8,23093.71875,89870.5390625
1488.66632771492,2,4699.2,29000.83984375,89870.5390625
1489.6906445026398,2,4582.3,19469.35546875,89870.5390625
1490.7031483650208,2,4384.9,23144.75390625,89870.5390625
1491.7291421890259,2,4285.7,24808.84375,89870.5390625
1492.7481446266174,2,4382.9,25171.1875,89870.5390625
1493.765786409378,2,3626.1,25482.359375,89870.5390625
1494.7791483402252,2,2988.9,25820.5234375,89870.5390625
1495.7991564273834,2,4549.7,25653.6796875,89870.5390625
1496.8115570545197,2,3570.8,26170.21875,89870.5390625
1497.8221430778503,2,4155.2,27460.078125,89870.5390625
1498.8397912979126,2,1933.6,28364.4921875,89870.5390625
1499.8470666408539,2,1584.0,28238.9765625,89870.5390625
1500.8547067642212,2,2050.7,28217.22265625,89870.5390625
1501.8610861301422,2,1832.4,28494.8359375,89870.5390625
1502.868144273758,2,4565.0,28669.0234375,89870.5390625
1503.8803162574768,2,1520.9,29291.21875,89870.5390625
1504.88742685318,2,842.9,29648.30078125,89870.5390625
1505.8935260772705,2,560.0,8617.015625,89870.5390625
1506.9006571769714,2,896.3,9447.453125,89870.5390625
1507.9082164764404,2,3624.0,10930.0078125,89870.5390625
1508.9155859947205,2,3399.6,14362.68359375,89870.5390625
1509.9321410655975,2,4228.9,15910.6875,89870.5390625
1510.9496731758118,2,4476.0,17991.90234375,89870.5390625
1511.9741480350494,2,4666.5,22389.8984375,89870.5390625
1512.9991478919983,2,4671.7,28249.5,89870.5390625
1514.023554801941,2,4654.3,23356.03125,89870.5390625
1515.0477957725525,2,4328.6,23160.484375,89870.5390625
1516.074028968811,2,4260.9,24827.52734375,89870.5390625
1517.0921454429626,2,4457.1,25013.578125,89870.5390625
1518.1099405288696,2,3729.2,25405.87109375,89870.5390625
1519.1201467514038,2,3240.1,25811.75,89870.5390625
1520.14426779747,2,4521.4,25688.703125,89870.5390625
1521.1631405353546,2,3561.2,26164.03125,89870.5390625
1522.1801438331604,2,4178.0,27431.32421875,89870.5390625
1523.197761297226,2,1896.3,28384.5625,89870.5390625
1524.204840183258,2,1649.2,28242.9609375,89870.5390625
1525.2152361869812,2,1993.2,28230.78125,89870.5390625
1526.2231464385986,2,1861.8,28859.14453125,89870.5390625
1527.24214053154,2,4675.2,28701.5,89870.5390625
1528.2558617591858,2,1294.1,29265.60546875,89870.5390625
1529.2641546726227,2,887.4,29639.76953125,89870.5390625
1530.273829460144,2,533.2,8788.23828125,89870.5390625
1531.2810363769531,2,865.0,9714.94921875,89870.5390625
1532.2891762256622,2,4060.6,10307.89453125,89870.5390625
1533.2981543540955,2,2601.3,14382.5390625,89870.5390625
1534.3174233436584,2,4229.0,16264.71875,89870.5390625
1535.3264129161835,2,4477.6,16529.42578125,89870.5390625
1536.345403432846,2,4617.3,21201.53515625,89870.5390625
1537.3693916797638,2,4671.0,26245.25,89870.5390625
1538.394146680832,2,4493.9,30728.1796875,89870.5390625
1539.4136009216309,2,4388.1,21102.35546875,89870.5390625
1540.4448111057281,2,4201.2,25438.421875,89870.5390625
1541.4631423950195,2,4700.4,25370.6484375,89870.5390625
1542.4831502437592,2,4272.1,25789.5390625,89870.5390625
1543.4951584339142,2,3067.5,26090.85546875,89870.5390625
1544.5221583843231,2,3562.0,26332.0234375,89870.5390625
1545.5469932556152,2,3969.2,26234.48046875,89870.5390625
1546.5607986450195,2,4127.4,26952.45703125,89870.5390625
1547.5710053443909,2,3455.4,28430.6875,89870.5390625
1548.57777261734,2,1644.6,28870.30859375,89870.5390625
1549.585899591446,2,1576.9,28888.6328125,89870.5390625
1550.5936036109924,2,1984.0,28800.296875,89870.5390625
1551.6031413078308,2,2141.5,29369.6796875,89870.5390625
1552.621143579483,2,4634.5,29228.43359375,89870.5390625
1553.631638288498,2,1492.1,29816.86328125,89870.5390625
1554.639438867569,2,827.9,30174.27734375,89870.5390625
1555.646784543991,2,748.5,8568.6171875,89870.5390625
1556.6561415195465,2,2572.3,8872.23828125,89870.5390625
1557.7001407146454,2,3228.4,12145.7578125,89870.5390625
1558.7181475162506,2,4483.2,14379.3984375,89870.5390625
1559.7375955581665,2,4656.2,19243.9453125,89870.5390625
1560.7621500492096,2,4459.9,16569.3046875,89870.5390625
1561.7811419963837,2,4335.2,17565.0078125,89870.5390625
1562.7991619110107,2,3378.7,17877.79296875,89870.5390625
1563.8248314857483,2,3434.7,17889.6640625,89870.5390625
1564.832230091095,2,3965.3,18713.5078125,89870.5390625
1565.8499281406403,2,1922.7,19235.75390625,89870.5390625
1566.8594615459442,2,1890.3,19040.82421875,89870.5390625
1567.8671438694,2,2559.9,19249.828125,89870.5390625
1568.8777227401733,2,2823.7,19505.88671875,89870.5390625
1569.8898441791534,2,627.2,7944.29296875,89870.5390625
1570.8973450660706,2,1061.8,9016.01171875,89870.5390625
1571.9061381816864,2,2816.3,11584.40625,89870.5390625
1572.9171426296234,2,4450.4,14002.06640625,89870.5390625
1573.936147928238,2,4481.7,15574.14453125,89870.5390625
1574.9592339992523,2,4660.5,20280.24609375,89870.5390625
1575.9834866523743,2,4624.4,19920.703125,89870.5390625
1577.0077199935913,2,4401.9,19745.171875,89870.5390625
1578.0208768844604,2,4321.3,20222.25390625,89870.5390625
1579.026846408844,2,3428.2,20508.21484375,89870.5390625
1580.0524413585663,2,4162.3,20688.359375,89870.5390625
1581.0781426429749,2,3509.0,20945.1875,89870.5390625
1582.0883378982544,2,3537.8,22062.578125,89870.5390625
1583.0950379371643,2,1538.7,21920.71484375,89870.5390625
1584.1017353534698,2,1795.0,21847.9296875,89870.5390625
1585.1121470928192,2,2774.3,22072.0546875,89870.5390625
1586.124371290207,2,3215.7,22272.734375,89870.5390625
1587.1320550441742,2,594.7,7582.1484375,91918.5546875
1588.1392188072205,2,1091.5,8954.796875,89870.5390625
1589.1471092700958,2,2757.4,10972.6484375,89870.5390625
1590.156142950058,2,4029.1,13868.94140625,89870.5390625
1591.174145936966,2,4472.2,14730.1796875,89870.5390625
1592.1991472244263,2,4658.0,19864.08203125,89870.5390625
1593.2198264598846,2,4483.8,21695.2421875,89870.5390625
1594.2321503162384,2,4403.1,19309.47265625,89870.5390625
1595.2461564540863,2,4325.8,19910.109375,89870.5390625
1596.2654538154602,2,3360.8,20219.5625,89870.5390625
1597.2734215259552,2,4099.0,20444.69140625,89870.5390625
1598.2991428375244,2,3629.3,20707.421875,89870.5390625
1599.3126635551453,2,3482.2,21837.5,89870.5390625
1600.3213784694672,2,1471.2,21777.7734375,89870.5390625
1601.3293619155884,2,1825.9,21636.0078125,89870.5390625
1602.3365852832794,2,3097.6,21915.48046875,89870.5390625
1603.3552055358887,2,2777.6,22148.921875,89870.5390625
1604.3621006011963,2,524.0,8021.13671875,89870.5390625
1605.3696966171265,2,1311.6,9390.2265625,89870.5390625
1606.4189674854279,2,2949.9,11713.40625,89870.5390625
1607.4301419258118,2,4445.6,13883.140625,89870.5390625
1608.4481542110443,2,4459.0,16382.421875,89870.5390625
1609.4741501808167,2,4695.4,20979.828125,89870.5390625
1610.4983682632446,2,4441.3,16376.76171875,89870.5390625
1611.5161428451538,2,4401.1,19766.94140625,89870.5390625
1612.5337281227112,2,4486.2,19969.0390625,89870.5390625
1613.5517675876617,2,3241.8,20137.5390625,89870.5390625
1614.5600261688232,2,3819.8,20294.1796875,89870.5390625
1615.568187236786,2,3980.3,20900.37109375,89870.5390625
1616.5785348415375,2,2625.1,21831.20703125,89870.5390625
1617.5859849452972,2,1712.4,21772.66015625,89870.5390625
1618.5939037799835,2,1611.1,21711.78515625,89870.5390625
1619.6031432151794,2,4081.9,21854.95703125,89870.5390625
1620.613389492035,2,1744.2,22257.4296875,89870.5390625
1621.6234550476074,2,675.1,8504.33984375,89870.5390625
1622.631140947342,2,1900.3,9395.51953125,89870.5390625
1623.668167591095,2,2830.9,12587.08203125,89870.5390625
1624.6851425170898,2,4402.7,14132.61328125,89870.5390625
1625.7028529644012,2,4542.8,16802.23046875,89870.5390625
1626.7281482219696,2,4659.2,22136.3671875,89870.5390625
1627.752453804016,2,4359.2,16688.55859375,89870.5390625
1628.7641441822052,2,4401.3,20049.08984375,89870.5390625
1629.78214097023,2,4493.1,20180.04296875,89870.5390625
1630.8001654148102,2,3386.4,20343.84375,89870.5390625
1631.82497382164,2,3563.0,20541.2734375,89870.5390625
1632.8331410884857,2,4305.1,21063.890625,89870.5390625
1633.8434228897095,2,2529.2,21957.17578125,89870.5390625
1634.8506841659546,2,1689.3,21834.75,89870.5390625
1635.8589766025543,2,1639.0,21828.5,89870.5390625
1636.8666989803314,2,3744.7,22081.15625,89870.5390625
1637.8779220581055,2,2154.5,22360.10546875,89870.5390625
1638.886312007904,2,740.5,8088.6171875,89870.5390625
1639.8941404819489,2,2586.3,8684.62890625,89870.5390625
1640.9103109836578,2,3315.0,11884.91796875,89870.5390625
1641.9288017749786,2,4477.9,14334.6328125,89870.5390625
1642.9523808956146,2,4664.8,19626.60546875,89870.5390625
1643.974154472351,2,4457.7,16705.8984375,89870.5390625
1644.9881432056427,2,4332.3,17283.71875,89870.5390625
1646.0021622180939,2,3637.0,17601.51171875,89870.5390625
1647.0171554088593,2,3474.6,17875.046875,89870.5390625
1648.0341396331787,2,3949.7,19136.30859375,89870.5390625
1649.0517263412476,2,1498.7,19092.1484375,89870.5390625
1650.0597941875458,2,1616.7,18972.81640625,89870.5390625
1651.0681431293488,2,3843.0,19248.5546875,89870.5390625
1652.0791451931,2,1483.1,19532.78515625,89870.5390625
1653.0877814292908,2,837.6,8617.0703125,89870.5390625
1654.0954327583313,2,2464.5,9569.078125,89870.5390625
1655.1031424999237,2,3754.5,12181.625,89870.5390625
1656.120679140091,2,4569.6,15176.75390625,89870.5390625
1657.1461453437805,2,4693.3,20322.41015625,89870.5390625
1658.16614985466,2,4441.2,16873.50390625,89870.5390625
1659.1801404953003,2,4248.2,17375.14453125,89870.5390625
1660.1971611976624,2,3440.9,17615.87890625,89870.5390625
1661.2075157165527,2,3540.2,17880.25,89870.5390625
1662.2188098430634,2,3998.0,18905.05859375,89870.5390625
1663.2256534099579,2,1550.7,19131.97265625,89870.5390625
1664.2336101531982,2,1671.9,19044.2421875,89870.5390625
1665.242150068283,2,3663.3,19203.33203125,89870.5390625
1666.2521641254425,2,1763.6,19523.3984375,89870.5390625
1667.2618889808655,2,864.5,8317.109375,89870.5390625
1668.2694311141968,2,2243.6,9613.03515625,89870.5390625
1669.277020931244,2,4205.6,11435.61328125,89870.5390625
1670.295105457306,2,4633.3,15708.453125,89870.5390625
1671.3200404644012,2,4353.0,14832.21875,89870.5390625
1672.3301498889923,2,4031.4,15181.82421875,89870.5390625
1673.3500545024872,2,3188.5,15390.4609375,89870.5390625
1674.3741400241852,2,3810.1,16385.81640625,89870.5390625
1675.388253211975,2,1572.8,16568.20703125,89870.5390625
1676.3967027664185,2,2091.4,16639.8984375,89870.5390625
1677.4041595458984,2,3051.8,16921.859375,89870.5390625
1678.4113771915436,2,616.2,7746.41015625,89870.5390625
1679.4211444854736,2,2390.6,8596.12109375,89870.5390625
1680.4551465511322,2,3317.5,12010.06640625,89870.5390625
1681.464144229889,2,4271.8,13206.14453125,89870.5390625
1682.4817597866058,2,4603.2,16989.8125,89870.5390625
1683.4941425323486,2,4258.1,16271.99609375,89870.5390625
1684.5121648311615,2,3669.0,16548.84765625,89870.5390625
1685.5362915992737,2,3459.7,16805.3359375,89870.5390625
1686.5493216514587,2,3655.8,17505.1171875,90318.5390625
1687.5601451396942,2,4039.2,18694.82421875,90318.5390625
1688.5777053833008,2,2045.7,19072.29296875,90318.5390625
1689.5885126590729,2,3056.5,19243.41796875,90318.5390625
1690.5987696647644,2,3091.0,19493.23828125,90318.5390625
1691.6064307689667,2,649.6,8001.90234375,90318.5390625
1692.6151435375214,2,2361.7,8795.3125,90318.5390625
1693.6497988700867,2,3755.9,12708.90625,90318.5390625
1694.6609570980072,2,4378.3,13339.9609375,90318.5390625
1695.6801497936249,2,4557.3,15116.1015625,90318.5390625
1696.6920368671417,2,4312.0,16450.97265625,90318.5390625
1697.710156917572,2,3555.9,16712.71484375,90318.5390625
1698.7354872226715,2,3315.1,17033.26171875,90318.5390625
1699.7612335681915,2,4147.9,18069.7109375,90318.5390625
1700.7719933986664,2,3813.9,19183.23046875,90318.5390625
1701.7787256240845,2,1638.0,19134.6484375,90318.5390625
1702.7901413440704,2,4113.7,19442.55078125,90318.5390625
1703.8002045154572,2,1965.8,19703.453125,90318.5390625
1704.8089618682861,2,1284.9,8420.46875,90318.5390625
1705.8175179958344,2,2802.7,8901.5625,90318.5390625
1706.8236129283905,2,3596.1,13249.98046875,90318.5390625
1707.831152677536,2,4511.8,14631.890625,90318.5390625
1708.8571524620056,2,4528.9,14934.6875,90318.5390625
1709.8821563720703,2,4328.9,16540.953125,90318.5390625
1710.9015336036682,2,3207.9,16757.04296875,90318.5390625
1711.9083013534546,2,3253.6,16994.33984375,90318.5390625
1712.919490814209,2,4439.5,18430.9375,90318.5390625
1713.9282655715942,2,3210.9,19022.046875,90318.5390625
1714.9371483325958,2,1815.5,19081.5390625,90318.5390625
1715.9519464969635,2,4548.9,19202.56640625,90318.5390625
1716.9619200229645,2,1056.7,19612.60546875,90318.5390625
1717.971613407135,2,1795.0,8581.515625,90318.5390625
1718.9801416397095,2,2328.7,9931.05859375,90318.5390625
1719.9911420345306,2,4379.3,13255.03515625,90318.5390625
1721.009150505066,2,4555.6,15385.78515625,90318.5390625
1722.0332074165344,2,4490.5,16076.2421875,90318.5390625
1723.0401484966278,2,3875.6,16627.4453125,90318.5390625
1724.0471453666687,2,3492.6,16828.1875,90318.5390625
1725.0665895938873,2,3255.1,17111.98828125,90318.5390625
1726.0771429538727,2,4518.2,18639.61328125,90318.5390625
1727.0947675704956,2,2535.1,19065.109375,90318.5390625
1728.1071407794952,2,2509.1,19258.02734375,90318.5390625
1729.1186509132385,2,3881.2,19499.10546875,90318.5390625
1730.127189397812,2,655.5,9149.41796875,92366.5546875
1731.1355481147766,2,2082.7,8723.81640625,90318.5390625
1732.1440315246582,2,3209.7,11703.56640625,90318.5390625
1733.1561427116394,2,4367.2,13321.203125,90318.5390625
1734.1739385128021,2,4612.4,17151.54296875,90318.5390625
1735.198016166687,2,4132.6,16488.77734375,90318.5390625
1736.2171573638916,2,3802.6,16741.9140625,90318.5390625
1737.2335648536682,2,3326.9,16922.74609375,90318.5390625
1738.245114326477,2,3760.0,17569.29296875,90318.5390625
1739.256144285202,2,4438.3,18771.4765625,90318.5390625
1740.2689349651337,2,1909.8,19102.7109375,90318.5390625
1741.2771391868591,2,3227.5,19301.69140625,90318.5390625
1742.2886626720428,2,2865.2,19430.98046875,90318.5390625
1743.2971136569977,2,788.5,8060.15234375,90318.5390625
1744.3055815696716,2,2366.8,8808.73828125,90318.5390625
1745.337147951126,2,3764.8,12927.34375,90318.5390625
1746.3491501808167,2,4375.8,13343.4609375,90318.5390625
1747.3681111335754,2,4597.9,14808.23046875,90318.5390625
1748.3801410198212,2,4296.9,16429.97265625,90318.5390625
1749.398155927658,2,3606.9,16686.24609375,90318.5390625
1750.4231543540955,2,3300.4,16994.3203125,90318.5390625
1751.4491403102875,2,4096.2,17932.4453125,90318.5390625
1752.4594416618347,2,3961.5,19245.96484375,90318.5390625
1753.469654083252,2,1667.7,19073.77734375,90318.5390625
1754.4771404266357,2,3716.2,19253.4140625,90318.5390625
1755.490745306015,2,2450.0,19541.625,90318.5390625
1756.5035965442657,2,1098.8,8172.59375,90318.5390625
1757.5120725631714,2,2681.8,8746.12109375,90318.5390625
1758.5421454906464,2,3566.4,13129.6953125,90318.5390625
1759.5601525306702,2,4486.6,14210.83984375,90318.5390625
1760.5803916454315,2,4540.1,14101.6953125,90318.5390625
1761.594141960144,2,4290.0,16592.26953125,90318.5390625
1762.612155199051,2,3572.6,16787.87109375,90318.5390625
1763.6411497592926,2,3148.7,17049.67578125,90318.5390625
1764.6561410427094,2,4366.2,18318.21875,90318.5390625
1765.6670169830322,2,3335.6,19238.3828125,90318.5390625
1766.6775743961334,2,1641.9,19093.26953125,90318.5390625
1767.6881437301636,2,4497.7,19276.71484375,90318.5390625
1768.699595451355,2,1456.8,19674.859375,90318.5390625
1769.707756280899,2,1667.5,8503.08984375,90318.5390625
1770.716554403305,2,2383.9,9586.328125,90318.5390625
1771.7251453399658,2,4202.2,13271.65234375,90318.5390625
1772.7431495189667,2,4559.4,15146.0625,90318.5390625
1773.7677564620972,2,4541.3,15698.0390625,90318.5390625
1774.778926372528,2,4041.0,16617.74609375,90318.5390625
1775.7861490249634,2,3303.1,16779.75,90318.5390625
1776.8061575889587,2,3232.7,17074.87890625,90318.5390625
1777.824144601822,2,4504.9,18598.8515625,90318.5390625
1778.836253643036,2,2905.4,19122.38671875,90318.5390625
1779.8441421985626,2,2044.2,19391.390625,90318.5390625
1780.8621425628662,2,4540.2,19340.87890625,90318.5390625
1781.8804523944855,2,779.3,8236.1875,92366.5546875
1782.888912677765,2,2066.4,8683.203125,90318.5390625
1783.8971495628357,2,2506.9,10267.58984375,90318.5390625
1784.908737897873,2,4355.9,13334.51953125,90318.5390625
1785.9267845153809,2,4590.3,16117.67578125,90318.5390625
1786.9509875774384,2,4368.0,16361.91796875,90318.5390625
1787.9701483249664,2,3816.6,16751.21484375,90318.5390625
1788.981145620346,2,3583.7,16857.39453125,90318.5390625
1790.0025029182434,2,3416.1,17253.28125,90318.5390625
1791.0131433010101,2,4473.5,18633.77734375,90318.5390625
1792.030749797821,2,2482.1,19078.6640625,90318.5390625
1793.038235425949,2,2580.5,19300.0,90318.5390625
1794.0575737953186,2,3817.3,19470.30078125,90318.5390625
1795.065218925476,2,654.2,9341.51953125,92366.5546875
1796.0724489688873,2,2141.9,8688.76171875,90318.5390625
1797.080142736435,2,3272.4,11692.41015625,90318.5390625
1798.0961420536041,2,4377.9,13339.69140625,90318.5390625
1799.1141493320465,2,4611.1,16999.765625,90318.5390625
1800.1384608745575,2,4271.7,16411.53125,90318.5390625
1801.1559278964996,2,3714.9,16649.921875,90318.5390625
1802.1849341392517,2,3206.0,16857.109375,90318.5390625
1803.1931414604187,2,3895.9,17484.8125,90318.5390625
1804.2041442394257,2,4431.7,18705.5703125,90318.5390625
1805.2229034900665,2,1913.3,19050.10546875,90318.5390625
1806.230776309967,2,3108.8,19217.265625,90318.5390625
1807.2418837547302,2,3123.4,19458.0546875,90318.5390625
1808.25040102005,2,655.4,7905.16015625,90318.5390625
1809.2591483592987,2,2364.6,8717.30078125,90318.5390625
1810.2951436042786,2,3774.4,12648.83984375,90318.5390625
1811.3071508407593,2,4391.3,13289.12890625,90318.5390625
1812.3265216350555,2,4601.1,14791.21484375,90318.5390625
1813.3401403427124,2,4284.1,16441.671875,90318.5390625
1814.3567843437195,2,3599.8,16674.828125,90318.5390625
1815.3831560611725,2,3305.9,17021.296875,90318.5390625
1816.3981430530548,2,4057.9,18003.04296875,90318.5390625
1817.408905506134,2,3869.1,19141.375,90318.5390625
1818.4171423912048,2,1636.4,19054.3828125,90318.5390625
1819.4251418113708,2,4065.8,19199.61328125,90318.5390625
1820.442640542984,2,1943.2,19558.2421875,90318.5390625
1821.4554147720337,2,1304.8,8317.38671875,90318.5390625
1822.4641449451447,2,2806.1,8783.16015625,90318.5390625
1823.479143857956,2,3599.0,13124.390625,90318.5390625
1824.4851512908936,2,4463.9,14648.546875,90318.5390625
1825.5112011432648,2,4550.2,15023.4453125,90318.5390625
1826.5241515636444,2,4297.6,16505.27734375,90318.5390625
1827.5434839725494,2,3214.4,16762.11328125,90318.5390625
1828.5501487255096,2,3357.3,17021.609375,90318.5390625
1829.5682315826416,2,4461.8,18502.23046875,90318.5390625
1830.585862159729,2,3083.6,19089.875,90318.5390625
1831.5971419811249,2,1913.3,19129.4375,90318.5390625
1832.6061372756958,2,4548.2,19178.23828125,90318.5390625
1833.6137433052063,2,960.8,15846.234375,90318.5390625
1834.6201503276825,2,1773.9,8565.33203125,90318.5390625
1835.6311395168304,2,2393.4,9965.890625,90318.5390625
1836.6421422958374,2,4385.4,13253.48046875,90318.5390625
1837.653151512146,2,4568.3,15719.015625,90318.5390625
1838.6731176376343,2,4428.2,16219.265625,90318.5390625
1839.6812224388123,2,3865.7,16616.765625,90318.5390625
1840.6904065608978,2,3590.3,16740.0078125,90318.5390625
1841.6981387138367,2,3378.0,17142.66796875,90318.5390625
1842.7091431617737,2,4493.7,18588.09375,90318.5390625
1843.726062297821,2,2507.2,18994.67578125,90318.5390625
1844.7327194213867,2,2602.8,19173.16796875,90318.5390625
1845.751147031784,2,3772.0,19403.32421875,90318.5390625
1846.759162902832,2,580.8,9265.796875,92366.5546875
1847.7663612365723,2,2356.7,9141.7421875,90318.5390625
1848.7778992652893,2,4339.0,11439.21875,90318.5390625
1849.796142578125,2,4486.0,14012.625,90318.5390625
1850.8081638813019,2,3977.2,14535.90234375,90318.5390625
1851.8211414813995,2,3634.0,15086.8359375,90318.5390625
1852.8331408500671,2,3943.3,16405.01171875,90318.5390625
1853.8411421775818,2,1980.7,16422.48046875,90318.5390625
1854.8555386066437,2,3586.0,16704.69140625,90318.5390625
1855.863093137741,2,929.3,8403.08203125,90318.5390625
1856.8720338344574,2,3235.8,11027.41015625,90318.5390625
1857.883148908615,2,4338.5,13038.171875,90318.5390625
1858.9031410217285,2,4279.4,14386.28125,90318.5390625
1859.9207696914673,2,3648.0,14685.2890625,90318.5390625
1860.9283800125122,2,4279.4,15402.140625,90318.5390625
1861.9388399124146,2,2892.1,16221.65234375,90318.5390625
1862.9452488422394,2,3007.6,16203.91796875,90318.5390625
1863.9561405181885,2,2259.8,16584.46484375,90318.5390625
1864.964148759842,2,1429.8,8465.0859375,90318.5390625
1865.9871413707733,2,3801.9,11448.203125,90318.5390625
1867.0036790370941,2,4512.6,12453.71484375,90318.5390625
1868.0125415325165,2,4165.8,14344.84375,90318.5390625
1869.0195305347443,2,3667.1,14635.953125,90318.5390625
1870.0271470546722,2,4252.6,15891.40625,90318.5390625
1871.0447309017181,2,2105.8,16152.35546875,90318.5390625
1872.050392627716,2,3997.9,16240.16015625,90318.5390625
1873.0608563423157,2,895.6,9395.96875,92366.5546875
1874.0691425800323,2,2300.0,9194.7109375,90318.5390625
1875.0801401138306,2,4336.3,11463.3125,90318.5390625
1876.101155757904,2,4490.3,13803.8359375,90318.5390625
1877.1131672859192,2,4000.6,14321.36328125,90318.5390625
1878.1230449676514,2,3714.4,14868.2421875,90318.5390625
1879.1337940692902,2,3845.2,16136.734375,90318.5390625
1880.1421420574188,2,2217.6,16196.953125,90318.5390625
1881.1522660255432,2,3344.0,16519.90234375,90318.5390625
1882.157814025879,2,1102.6,8105.078125,90318.5390625
1883.1636095046997,2,4217.4,9996.50390625,90318.5390625
1884.1718893051147,2,3571.5,10581.26171875,90318.5390625
1885.1796317100525,2,2319.3,9118.23046875,92366.5546875
1886.1878430843353,2,2091.2,9242.76171875,90318.5390625
1887.198144197464,2,4344.8,11603.421875,90318.5390625
1888.2149317264557,2,4490.2,13614.921875,90318.5390625
1889.2271602153778,2,4039.9,14362.37109375,90318.5390625
1890.2531406879425,2,3671.4,14786.09375,90318.5390625
1891.2633163928986,2,3949.1,16064.53125,90318.5390625
1892.2711424827576,2,2086.0,16142.29296875,90318.5390625
1893.281890153885,2,3467.5,16405.41796875,90318.5390625
1894.2906110286713,2,969.5,8180.26953125,90318.5390625
1895.299143075943,2,3763.7,9955.90234375,90318.5390625
1896.312816619873,2,4408.9,12055.71875,90318.5390625
1897.3295333385468,2,3597.5,12524.76171875,90318.5390625
1898.3397660255432,2,3123.2,13252.0390625,90318.5390625
1899.3470554351807,2,3268.8,13448.984375,90318.5390625
1900.3546588420868,2,1021.1,8642.9296875,90318.5390625
1901.362443447113,2,4026.1,10596.625,90318.5390625
1902.3814351558685,2,4240.9,12002.48828125,90318.5390625
1903.3893792629242,2,3870.6,12556.2109375,90318.5390625
1904.3991425037384,2,2765.7,13032.640625,90318.5390625
1905.406007051468,2,3253.8,13181.54296875,90318.5390625
1906.4151775836945,2,299.5,4926.125,83150.3828125
1907.4232952594757,2,102.2,4781.37109375,83150.3828125
1908.4308700561523,2,103.1,4650.93359375,83150.3828125
