elapsed_time,nproc,cpu,mem_real,mem_virtual
4.172325134277344e-05,2,0.0,13.984375,3193.640625
1.007542371749878,4,6.9,440.53515625,4204.0546875
2.0153000354766846,4,99.3,620.33203125,4418.0546875
3.0228450298309326,4,100.1,610.1328125,4450.0546875
4.0317511558532715,4,100.1,617.3828125,4450.0546875
5.04062294960022,4,99.1,613.203125,4450.0546875
6.049582242965698,4,98.9,621.91015625,4498.0546875
7.061220645904541,4,99.9,611.43359375,4498.0546875
8.072083234786987,4,99.9,587.21875,4498.0546875
9.082637071609497,4,99.9,600.91796875,4498.0546875
10.093510627746582,4,99.9,650.0234375,4498.0546875
11.104104042053223,4,98.9,702.25390625,4554.0546875
12.115370273590088,4,99.9,754.25390625,4618.0546875
13.126720190048218,4,100.0,806.2578125,4704.0546875
14.136873245239258,4,98.8,852.2578125,4704.0546875
15.148915529251099,4,100.9,906.265625,4800.0546875
16.160074710845947,4,98.9,950.265625,4800.0546875
17.1715247631073,2,0.0,35.66796875,51.9453125
18.181530952453613,2,0.0,282.140625,3738.89453125
19.191940784454346,2,98.8,713.09765625,5216.92578125
20.203585863113403,2,100.9,913.27734375,5856.92578125
21.21446967124939,2,99.0,1171.2734375,7136.92578125
22.22475290298462,2,100.0,1451.2265625,7136.92578125
23.234448194503784,2,99.9,1693.22265625,9704.92578125
24.24584460258484,2,99.8,1986.4921875,9704.92578125
25.257720470428467,2,100.0,1911.14453125,9192.89453125
26.26728320121765,2,99.8,1911.14453125,9192.89453125
27.279003381729126,2,100.9,1905.4140625,9192.89453125
28.29019331932068,2,98.9,1898.359375,9192.87890625
29.301689863204956,2,100.1,1898.359375,9192.87890625
30.310880661010742,2,99.9,1898.359375,9192.87890625
31.32211184501648,2,99.9,1971.953125,9704.91015625
32.33303761482239,2,99.8,2011.046875,9752.91015625
33.34485459327698,2,156.5,2227.703125,13045.8515625
34.35475397109985,2,4624.4,3048.21875,13978.85546875
35.380748987197876,2,4670.7,3269.5390625,14237.85546875
36.408759355545044,2,4734.5,3480.58984375,14484.85546875
37.43575954437256,2,4646.3,3641.1015625,14668.85546875
38.457759141922,2,4613.0,3725.29296875,14784.85546875
39.484755992889404,2,4667.2,3957.890625,15085.85546875
40.5117564201355,2,4698.1,4029.4921875,15292.85546875
41.53875660896301,2,4690.1,4043.484375,15392.85546875
42.55976414680481,2,4616.0,4185.9453125,15567.85546875
43.58675789833069,2,4655.1,4265.4765625,15753.85546875
44.613760471343994,2,4661.2,4311.46875,15807.85546875
45.64075946807861,2,4718.9,4358.75,15964.85546875
46.66775989532471,2,4647.2,4422.0234375,16110.85546875
47.69376254081726,2,4619.0,4351.12109375,16180.85546875
48.72075653076172,2,4648.8,4566.5078125,16346.85546875
49.74775457382202,2,4715.5,4617.58984375,16452.85546875
50.774754762649536,2,4680.6,4524.19140625,16452.85546875
51.79975938796997,2,4610.8,4569.015625,16563.85546875
52.82676029205322,2,4679.5,4684.3125,16759.85546875
53.85375738143921,2,4658.0,4839.359375,17069.85546875
54.88075494766235,2,4707.7,4802.90234375,17116.85546875
55.91125130653381,2,4620.8,4836.40234375,17116.85546875
56.93575596809387,2,4635.6,4891.65625,17280.85546875
57.962756633758545,2,4638.6,5140.1640625,17472.85546875
58.98975491523743,2,4718.2,4899.82421875,17492.85546875
60.017757415771484,2,4660.3,4926.51953125,17536.85546875
61.04276633262634,2,4612.6,4977.08984375,17816.85546875
62.069751262664795,2,4677.7,4907.98828125,17828.85546875
63.09675717353821,2,4669.6,4878.0546875,17888.85546875
64.12375736236572,2,4685.9,4894.19140625,17954.85546875
65.1507523059845,2,4604.3,4989.9375,18122.85546875
66.18084383010864,2,4666.0,4908.3203125,18142.85546875
67.20786476135254,2,4668.9,4903.34375,18152.85546875
68.23719930648804,2,4729.9,4829.12890625,18166.85546875
69.26531171798706,2,4655.9,4778.8046875,18178.85546875
70.29352641105652,2,4611.9,4780.58984375,18260.85546875
71.32211399078369,2,4663.3,4749.26171875,18376.85546875
72.34975862503052,2,4716.7,4670.3125,18376.85546875
73.3777539730072,2,4693.8,4649.1953125,18444.85546875
74.40270161628723,2,4617.2,4754.9140625,18489.85546875
75.43076348304749,2,4681.1,4637.19140625,18489.85546875
76.45775747299194,2,4666.0,4698.27734375,18537.85546875
77.48475670814514,2,4681.8,4605.3203125,18537.85546875
78.51176977157593,2,4648.2,4608.28125,18549.85546875
79.53676080703735,2,4610.1,4752.7578125,18643.85546875
80.56976675987244,2,4674.0,4675.19921875,18667.85546875
81.59775614738464,2,4716.9,4675.58984375,18667.85546875
82.62811636924744,2,4711.5,4667.44140625,18667.85546875
83.654301404953,2,4614.0,4695.8203125,18729.85546875
84.68275904655457,2,4661.8,4746.55078125,18729.85546875
85.70975661277771,2,4677.0,4724.8046875,18729.85546875
86.73675847053528,2,4709.5,4772.08203125,18801.85546875
87.76375961303711,2,4634.1,4761.171875,18829.85546875
88.78776860237122,2,4626.7,4793.0703125,18829.85546875
89.81475353240967,2,4650.5,4912.33984375,18853.85546875
90.84175562858582,2,4719.7,4845.05859375,18853.85546875
91.87397241592407,2,4669.1,4979.02734375,18917.85546875
92.89994382858276,2,4613.1,4987.40234375,18989.85546875
93.92875719070435,2,4676.9,4991.66796875,18989.85546875
94.95977234840393,2,4640.3,4962.39453125,19019.85546875
95.98675966262817,2,4702.3,5057.25,19019.85546875
97.01375794410706,2,4615.4,5099.7578125,19123.85546875
98.03976154327393,2,4654.0,5058.6015625,19123.85546875
99.0667622089386,2,4650.3,5125.5,19179.85546875
100.0907564163208,2,4708.1,5141.375,19209.85546875
101.11775588989258,2,4635.9,5303.26953125,19251.85546875
102.14376044273376,2,4626.5,5282.87890625,19311.85546875
103.17057347297668,2,4656.9,5252.42578125,19335.85546875
104.20043182373047,2,4695.3,5345.9921875,19395.85546875
105.22875618934631,2,4670.2,5404.609375,19543.85546875
106.25716137886047,2,4605.0,5302.6328125,19543.85546875
107.2879478931427,2,4670.7,5340.36328125,19543.85546875
108.31675481796265,2,4671.2,5201.6796875,19543.85546875
109.34375524520874,2,4699.5,5226.72265625,19577.85546875
110.370760679245,2,4622.4,5477.06640625,19895.85546875
111.39576506614685,2,4635.3,5363.03515625,19895.85546875
112.42375206947327,2,4646.4,5403.25,19949.85546875
113.4517593383789,2,4724.6,5696.14453125,20217.85546875
114.47964024543762,2,4667.9,5725.515625,20321.85546875
115.50675749778748,2,4597.0,5827.16015625,20451.85546875
116.53689336776733,2,4663.7,5990.30078125,20531.85546875
117.56375122070312,2,4689.9,5842.0625,20531.85546875
118.59175777435303,2,4692.0,5788.0859375,20531.85546875
119.61976265907288,2,4592.1,5742.65234375,20531.85546875
120.64175868034363,2,4654.7,5670.46484375,20531.85546875
121.6687593460083,2,4621.8,5638.09765625,20531.85546875
122.70632863044739,2,4705.9,5693.27734375,20583.85546875
123.73375535011292,2,4644.1,5691.60546875,20583.85546875
124.75975728034973,2,4622.5,5780.42578125,20583.85546875
125.78997302055359,2,4660.2,5704.5859375,20659.85546875
126.8177535533905,2,4716.6,5759.984375,20687.85546875
127.84575939178467,2,4662.4,5748.3203125,20687.85546875
128.87175464630127,2,4620.4,5708.3671875,20687.85546875
129.8987591266632,2,4654.8,5858.9296875,20747.85546875
130.92576026916504,2,4699.1,5869.3515625,20747.85546875
131.95276355743408,2,4705.1,5955.125,20867.85546875
132.97975873947144,2,4595.6,6333.0390625,21135.85546875
134.0077610015869,2,4668.2,6480.453125,21311.85546875
135.03475499153137,2,4649.8,6405.21484375,21311.85546875
136.06175827980042,2,4699.9,6358.640625,21323.85546875
137.08867359161377,2,4625.1,6281.27734375,21323.85546875
138.11175298690796,2,4608.9,6156.34375,21323.85546875
139.13875818252563,2,4659.9,6163.9609375,21323.85546875
140.16576099395752,2,4711.4,6300.78515625,21375.85546875
141.19875764846802,2,4630.5,6651.62109375,21653.85546875
142.22476053237915,2,4610.0,6540.0234375,21653.85546875
143.25488090515137,2,4661.9,6572.25,21653.85546875
144.28175926208496,2,4723.9,6536.10546875,21665.85546875
145.30875730514526,2,4647.2,6535.91796875,21705.85546875
146.3337528705597,2,4608.9,6491.24609375,21801.85546875
147.36175560951233,2,4673.9,6433.65234375,21815.85546875
148.3887596130371,2,4679.7,6442.8828125,21815.85546875
149.41575503349304,2,4694.8,6474.83203125,21815.85546875
150.44075798988342,2,4629.6,6462.28515625,21815.85546875
151.4667580127716,2,4634.0,6465.84375,21815.85546875
152.4937653541565,2,4653.7,6434.04296875,21831.85546875
153.52175331115723,2,4719.5,6338.11328125,21831.85546875
154.54875802993774,2,4643.1,6417.08203125,21831.85546875
155.5737509727478,2,4604.5,6449.078125,21831.85546875
156.6113576889038,2,4655.2,6444.19140625,21859.85546875
157.64176416397095,2,4720.9,6458.796875,21859.85546875
158.68075799942017,2,4669.5,6498.43359375,21859.85546875
159.70675945281982,2,4616.0,6521.046875,21859.85546875
160.74776792526245,2,4664.6,6475.55859375,21859.85546875
161.77675700187683,2,4681.4,6570.56640625,21859.85546875
162.80675435066223,2,4705.5,6616.75,21875.85546875
163.83275628089905,2,4600.8,6733.71875,21895.85546875
164.85975575447083,2,4658.7,6756.32421875,21895.85546875
165.88775873184204,2,4667.4,6840.67578125,21927.85546875
166.91575455665588,2,4722.2,6874.265625,21959.85546875
167.9437563419342,2,4632.4,6839.34765625,21959.85546875
168.96875739097595,2,4602.7,6803.3671875,21995.85546875
169.99675965309143,2,4653.8,6799.046875,22009.85546875
171.02575993537903,2,4694.2,6745.70703125,22069.85546875
172.0526442527771,2,4672.3,6688.24609375,22069.85546875
173.07976245880127,2,4610.2,6624.3515625,22069.85546875
174.10855889320374,2,4656.7,6562.78515625,22113.85546875
175.1393449306488,2,4675.9,6532.71484375,22149.85546875
176.16885328292847,2,4715.5,6790.6171875,22291.85546875
177.1957724094391,2,4619.0,6826.65625,22323.85546875
178.22175812721252,2,4640.3,6799.05078125,22323.85546875
179.2487554550171,2,4651.0,6704.0625,22323.85546875
180.27475929260254,2,4714.1,6777.8046875,22323.85546875
181.30170726776123,2,4671.9,6806.69921875,22323.85546875
182.32761025428772,2,4586.7,6799.0703125,22323.85546875
183.3557562828064,2,4672.1,6954.8125,22323.85546875
184.38375902175903,2,4699.7,7102.625,22343.85546875
185.41475200653076,2,4661.2,7169.0390625,22343.85546875
186.43976521492004,2,4610.4,7281.34765625,22343.85546875
187.46675872802734,2,4669.7,7389.02734375,22427.85546875
188.48775625228882,2,4658.7,7275.69140625,22447.85546875
189.5147581100464,2,4685.0,7315.19140625,22531.85546875
190.5418803691864,2,4595.8,7273.3359375,22559.85546875
191.5687563419342,2,4666.8,7198.359375,22559.85546875
192.59575819969177,2,4665.2,7121.22265625,22559.85546875
193.62375378608704,2,4725.5,7145.484375,22587.85546875
194.65075302124023,2,4614.3,7134.84765625,22659.85546875
195.67575883865356,2,4601.8,7096.18359375,22659.85546875
196.70675611495972,2,4664.1,7181.203125,22683.85546875
197.73476457595825,2,4725.1,7158.3125,22683.85546875
198.76175665855408,2,4667.6,7242.04296875,22795.85546875
199.78776168823242,2,4612.3,7355.29296875,22957.85546875
200.8147587776184,2,4625.5,7079.20703125,23033.85546875
201.84175515174866,2,4647.2,7066.26953125,23137.85546875
202.87020421028137,2,4669.8,7059.44140625,23137.85546875
203.89983582496643,2,4599.8,7098.98046875,23197.85546875
204.92675685882568,2,4665.8,6977.26953125,23197.85546875
205.95376563072205,2,4654.6,6943.95703125,23197.85546875
206.98175692558289,2,4711.0,7041.19140625,23197.85546875
208.00875329971313,2,4629.1,7091.69140625,23225.85546875
209.03739476203918,2,4634.3,7127.95703125,23257.85546875
210.0637605190277,2,4666.2,7106.22265625,23257.85546875
211.09075927734375,2,4690.1,6997.359375,23257.85546875
212.11876010894775,2,4628.3,7111.64453125,23257.85546875
213.14370703697205,2,4628.2,7161.84765625,23257.85546875
214.1717574596405,2,4658.0,7266.58984375,23285.85546875
215.19875383377075,2,4715.4,7154.03125,23313.85546875
216.225759267807,2,4643.8,7292.8515625,23373.85546875
217.25175523757935,2,4600.6,7233.1796875,23373.85546875
218.27875089645386,2,4669.9,7348.3046875,23373.85546875
219.30575966835022,2,4696.5,7297.73046875,23373.85546875
220.33275628089905,2,4685.6,7216.19140625,23373.85546875
221.3597514629364,2,4597.3,7287.7109375,23417.85546875
222.3867552280426,2,4659.2,7137.5,23417.85546875
223.4137578010559,2,4649.5,7110.33203125,23417.85546875
224.4407560825348,2,4669.4,6989.8203125,23417.85546875
225.46575593948364,2,4589.4,7031.47265625,23417.85546875
226.4947054386139,2,4665.5,6824.140625,23529.85546875
227.52275371551514,2,4652.6,6768.6015625,23529.85546875
228.54976105690002,2,4701.1,6812.94140625,23529.85546875
229.5777566432953,2,4644.4,6991.55859375,23553.85546875
230.60275745391846,2,4607.3,7057.8203125,23709.85546875
231.629643201828,2,4650.8,7200.70703125,23869.85546875
232.65775680541992,2,4709.7,7391.26953125,23869.85546875
233.68475532531738,2,4682.3,7041.89453125,23869.85546875
234.7117099761963,2,4597.2,6986.859375,23869.85546875
235.73775815963745,2,4666.8,6949.69921875,23869.85546875
236.76875710487366,2,4647.5,6778.80859375,23869.85546875
237.79575610160828,2,4686.9,6761.953125,23869.85546875
238.822767496109,2,4585.5,6708.53515625,23869.85546875
239.84975838661194,2,4653.7,6611.25390625,23869.85546875
240.8737576007843,2,4648.0,6729.3203125,23869.85546875
241.90075635910034,2,4713.2,6664.78515625,23921.85546875
242.92876482009888,2,4608.4,6584.6875,23981.85546875
243.95290303230286,2,4632.0,6533.74609375,24005.85546875
244.9807574748993,2,4640.1,6681.12109375,24033.85546875
246.0077555179596,2,4727.5,6749.47265625,24033.85546875
247.0357551574707,2,4669.0,6743.234375,24033.85546875
248.06876230239868,2,4610.1,6976.171875,24085.85546875
249.09575653076172,2,4636.6,6889.8671875,24085.85546875
250.1227583885193,2,4682.5,6879.57421875,24085.85546875
251.14976048469543,2,4700.6,7157.15625,24085.85546875
252.17775678634644,2,4601.4,7212.5078125,24085.85546875
253.20270347595215,2,4629.9,7264.39453125,24085.85546875
254.23075914382935,2,4659.1,7032.76953125,24213.85546875
255.25775384902954,2,4687.9,6892.40234375,24213.85546875
256.2847566604614,2,4642.5,6790.234375,24213.85546875
257.3143470287323,2,4618.7,6863.890625,24265.85546875
258.3427517414093,2,4642.8,6928.76171875,24265.85546875
259.3697590827942,2,4712.3,6907.69140625,24265.85546875
260.39686846733093,2,4677.6,6923.42578125,24265.85546875
261.4217584133148,2,4604.4,6765.33984375,24305.85546875
262.44875597953796,2,4664.1,6876.40625,24305.85546875
263.47575974464417,2,4656.8,6967.09375,24305.85546875
264.5027549266815,2,4689.6,6849.4453125,24305.85546875
265.53365421295166,2,4643.0,6850.9375,24365.85546875
266.5586497783661,2,4621.6,6815.25,24365.85546875
267.58775806427,2,4641.5,6726.6015625,24365.85546875
268.61476016044617,2,4704.2,6700.62890625,24365.85546875
269.64176082611084,2,4655.8,6845.98828125,24365.85546875
270.6687626838684,2,4603.1,6907.2734375,24365.85546875
271.6967623233795,2,4653.9,6938.76171875,24397.85546875
272.72416639328003,2,4685.4,6703.1328125,24397.85546875
273.7527573108673,2,4689.4,6652.765625,24397.85546875
274.77875566482544,2,4604.2,6740.56640625,24401.85546875
275.80574560165405,2,4674.7,6837.2578125,24401.85546875
276.83375787734985,2,4669.3,6921.67578125,24401.85546875
277.86075592041016,2,4699.6,6686.2890625,24401.85546875
278.8887596130371,2,4604.2,6731.0859375,24401.85546875
279.9147026538849,2,4633.3,6719.08984375,24401.85546875
280.94275426864624,2,4638.3,6676.80078125,24429.85546875
281.9757559299469,2,4692.7,6708.8671875,24429.85546875
283.0027599334717,2,4619.9,6655.28515625,24429.85546875
284.02876234054565,2,4625.3,6680.43359375,24469.85546875
285.05893421173096,2,4661.8,6481.671875,24469.85546875
286.08676195144653,2,4713.5,6516.06640625,24469.85546875
287.1137568950653,2,4678.4,6567.08203125,24509.85546875
288.1407551765442,2,4603.2,6443.60546875,24509.85546875
289.1708822250366,2,4661.3,6589.4609375,24513.85546875
290.19762229919434,2,4656.0,6576.859375,24513.85546875
291.2257590293884,2,4704.7,7114.37890625,24519.85546875
292.25582671165466,2,4637.2,7486.515625,24667.85546875
293.281756401062,2,4535.3,7647.99609375,24881.85546875
294.30775904655457,2,4662.9,7876.25,25065.85546875
295.33475947380066,2,4669.4,8100.984375,25065.85546875
296.3616027832031,2,4671.6,7928.39453125,25065.85546875
297.3887538909912,2,4611.2,7858.33984375,25193.85546875
298.41576051712036,2,4634.8,8318.43359375,25349.85546875
299.4427614212036,2,4538.2,9243.609375,25823.85546875
300.47076320648193,2,4631.3,9842.48828125,26263.85546875
301.49675941467285,2,4594.1,10203.5625,26839.85546875
302.52370166778564,2,4643.5,10518.71484375,26839.85546875
303.5548257827759,2,4639.0,10779.9921875,27223.85546875
304.5827600955963,2,4663.3,11128.75390625,27223.85546875
305.6095860004425,2,4617.8,11094.53515625,27671.85546875
306.6367609500885,2,4615.5,11102.296875,27671.85546875
307.6636633872986,2,4641.3,11224.9375,27715.85546875
308.69157695770264,2,4706.4,11320.13671875,27719.85546875
309.71975445747375,2,4640.3,11271.67578125,27719.85546875
310.744756937027,2,4608.1,11221.42578125,27719.85546875
311.77175736427307,2,4656.4,11434.796875,27727.85546875
312.7987570762634,2,4685.6,11402.3828125,27731.85546875
313.825754404068,2,4713.0,11357.25390625,27731.85546875
314.85275626182556,2,4631.9,11223.5078125,27731.85546875
315.87753796577454,2,4533.7,11312.89453125,27767.85546875
316.8919644355774,2,3939.3,11305.45703125,27855.85546875
317.90608406066895,2,3710.0,11277.72265625,27855.85546875
318.92009377479553,2,3436.9,11087.81640625,27855.85546875
319.9323263168335,2,3376.6,11035.77734375,27855.85546875
320.94636845588684,2,3365.1,10919.24609375,27859.85546875
321.9600234031677,2,3271.5,10942.05078125,28003.85546875
322.97392082214355,2,3125.0,10913.9296875,28331.85546875
323.98768377304077,2,2835.5,10972.51953125,28687.85546875
324.9994921684265,2,2670.3,10897.5,28939.85546875
326.0128843784332,2,2586.8,10943.859375,29119.85546875
327.026486158371,2,2584.0,10865.390625,29119.85546875
328.04005336761475,2,2531.0,11295.00390625,29639.85546875
329.05188941955566,2,2487.5,11303.25,30035.85546875
330.0653872489929,2,2481.5,11092.203125,30259.85546875
331.07891178131104,2,2463.5,11137.6484375,30551.85546875
332.0925109386444,2,2386.4,11044.71484375,30807.85546875
333.1045010089874,2,2383.7,11069.29296875,30863.85546875
334.1180455684662,2,2359.4,10890.484375,31007.85546875
335.1314241886139,2,2287.3,10676.78125,31103.85546875
336.1448566913605,2,2289.9,10838.77734375,31103.85546875
337.1566963195801,2,2290.0,10755.51953125,31103.85546875
338.1693449020386,2,2290.5,11057.51953125,31103.85546875
339.1826682090759,2,2286.9,10902.12890625,31103.85546875
340.19582772254944,2,2288.8,10713.7265625,31103.85546875
341.20770716667175,2,2291.1,10652.69140625,31103.85546875
342.22121572494507,2,2288.0,10668.6875,31103.85546875
343.2347500324249,2,2289.9,10637.1484375,31103.85546875
344.24789023399353,2,2290.6,10401.65234375,31103.85546875
345.25986528396606,2,2278.4,10364.6484375,31103.85546875
346.27328062057495,2,2189.3,10175.43359375,31103.85546875
347.2854542732239,2,2132.9,10092.1484375,31103.85546875
348.29864168167114,2,2060.0,9918.828125,31103.85546875
349.3107953071594,2,1924.7,9832.4765625,31103.85546875
350.32184386253357,2,1531.9,9579.78125,31103.85546875
351.33296632766724,2,1318.0,9406.140625,31103.85546875
352.342796087265,2,1133.6,9230.0859375,31103.85546875
353.35285663604736,2,885.8,9031.98828125,31103.85546875
354.36208605766296,2,704.6,8951.94140625,31103.85546875
355.3712294101715,2,576.6,8767.87109375,31103.85546875
356.3806540966034,2,431.1,8964.421875,31263.85546875
357.389662027359,2,360.7,8419.52734375,31455.85546875
358.39884781837463,2,306.0,8214.453125,31455.85546875
359.40849709510803,2,304.2,8041.6484375,31455.85546875
360.4177074432373,2,306.2,7859.36328125,31455.85546875
361.4268946647644,2,305.2,7677.23046875,31455.85546875
362.43607473373413,2,302.5,7506.59375,31455.85546875
363.4475257396698,2,304.2,7350.69140625,31455.85546875
364.4567198753357,2,302.2,7205.98828125,31455.85546875
365.465940952301,2,301.2,7265.921875,31455.85546875
366.47519636154175,2,210.1,7501.15625,31455.85546875
367.4841375350952,2,199.3,7318.23046875,31455.85546875
368.49283385276794,2,201.2,7208.72265625,31455.85546875
369.5019953250885,2,201.4,7441.4609375,31455.85546875
370.5097219944,2,200.1,7257.5078125,31455.85546875
371.519248008728,2,201.2,7398.1015625,31479.85546875
372.5283181667328,2,201.3,7368.5625,31479.85546875
373.5368754863739,2,201.5,7351.125,31479.85546875
374.54434299468994,2,200.2,7478.97265625,31479.85546875
375.55325388908386,2,201.2,7140.89453125,31479.85546875
376.5624244213104,2,205.1,7134.4296875,31479.85546875
377.57169246673584,2,205.3,7082.73828125,31479.85546875
378.57979226112366,2,205.1,7001.32421875,31479.85546875
379.5889756679535,2,200.0,7198.046875,31479.85546875
380.5991897583008,2,202.1,7439.0859375,31479.85546875
381.6088378429413,2,200.2,7635.52734375,31479.85546875
382.618008852005,2,199.4,7755.04296875,31479.85546875
383.62582421302795,2,208.0,7342.4765625,31479.85546875
384.6355814933777,2,203.1,7074.92578125,31479.85546875
385.64474534988403,2,202.2,7029.3984375,31479.85546875
386.65361189842224,2,205.0,6963.56640625,31479.85546875
387.66321325302124,2,203.0,6867.97265625,31479.85546875
388.67284178733826,2,205.1,6759.42578125,31479.85546875
389.6819181442261,2,202.1,6621.375,31479.85546875
390.6911664009094,2,204.3,6494.0078125,31479.85546875
391.6993987560272,2,201.2,6410.69140625,31479.85546875
392.7085952758789,2,200.3,6719.5859375,31479.85546875
393.71722745895386,2,203.1,6427.5,31479.85546875
394.7264015674591,2,199.4,6892.04296875,31479.85546875
395.7346098423004,2,200.1,7152.23828125,31479.85546875
396.74395060539246,2,201.1,7384.3984375,31479.85546875
397.7531714439392,2,201.2,7356.25,31479.85546875
398.7623498439789,2,200.9,6977.49609375,31479.85546875
399.7726562023163,2,201.1,7161.94921875,31479.85546875
400.7819266319275,2,201.1,7276.671875,31479.85546875
401.79130387306213,2,200.2,6821.91015625,31479.85546875
402.8004558086395,2,201.4,6957.68359375,31479.85546875
403.80858635902405,2,199.2,7128.0625,31479.85546875
404.8178644180298,2,201.2,7180.34765625,31479.85546875
405.8269898891449,2,202.2,6654.9765625,31479.85546875
406.8360764980316,2,202.8,6624.25,31479.85546875
407.84678864479065,2,202.0,6581.78515625,31479.85546875
408.85653018951416,2,201.1,6521.578125,31479.85546875
409.86614632606506,2,203.1,6451.109375,31479.85546875
410.8753478527069,2,202.9,6380.14453125,31479.85546875
411.88554406166077,2,202.2,6232.1875,31479.85546875
412.89444947242737,2,105.0,6506.34375,31479.85546875
413.90389800071716,2,100.9,6883.984375,31479.85546875
414.91455721855164,2,101.1,6911.74609375,31479.85546875
415.9235589504242,2,101.1,6432.91796875,31479.85546875
416.93214654922485,2,105.1,6360.16796875,31479.85546875
417.9404640197754,2,104.1,6219.2578125,31479.85546875
418.9489357471466,2,105.0,6071.41796875,31479.85546875
419.95818972587585,2,104.1,5943.765625,31479.85546875
420.9666540622711,2,105.2,5863.9765625,31479.85546875
421.9745924472809,2,102.9,5782.03515625,31479.85546875
422.9850573539734,2,100.9,5743.46875,31479.85546875
423.99566745758057,2,100.0,6013.28125,31479.85546875
425.00613164901733,2,99.8,6495.7578125,31479.85546875
426.0179386138916,2,100.5,6522.38671875,31479.85546875
427.0326883792877,2,98.9,6032.19921875,31479.85546875
428.04330015182495,2,101.9,6032.19921875,31479.85546875
429.0541994571686,2,103.9,5978.89453125,31479.85546875
430.06496262550354,2,101.9,5908.03125,31479.85546875
431.0761168003082,2,101.8,5845.9765625,31479.85546875
432.08817172050476,2,99.8,5834.6640625,31479.85546875
433.0998604297638,2,99.9,5925.01953125,31479.85546875
434.11043190956116,2,100.9,6063.94140625,31479.85546875
435.12182784080505,2,101.9,6177.109375,31479.85546875
436.1325685977936,2,100.8,6327.18359375,31479.85546875
437.14435148239136,2,99.9,6475.47265625,31479.85546875
438.1549813747406,2,99.8,6539.47265625,31479.85546875
439.1665589809418,2,101.4,6567.98046875,31991.85546875
440.18220233917236,2,100.9,6751.25,31991.85546875
441.19322681427,2,100.1,6618.171875,31991.85546875
442.2022297382355,2,99.8,6759.32421875,31991.85546875
443.2139701843262,2,101.9,6632.78515625,31991.85546875
444.2250061035156,2,101.8,6728.1328125,31991.85546875
445.23635244369507,2,102.8,6660.73828125,31991.85546875
446.247846364975,2,100.0,6669.06640625,31991.85546875
447.257688999176,2,107.8,6352.7734375,31991.85546875
448.26895904541016,2,103.8,6241.8984375,31991.85546875
449.28088450431824,2,102.8,6127.33203125,31991.85546875
450.29276943206787,2,102.0,5973.9765625,31991.85546875
451.3022644519806,2,100.8,5874.94140625,31991.85546875
452.31377959251404,2,100.9,5570.52734375,31991.85546875
453.32426381111145,2,105.8,5161.0234375,31991.85546875
454.3377478122711,2,584.7,3496.1953125,32047.85546875
455.35008454322815,2,200.2,3583.05859375,32191.859375
456.3640275001526,2,105.8,3347.91796875,32191.9296875
457.37540555000305,2,111.0,3251.34765625,32399.9453125
458.3845942020416,2,353.3,3445.2109375,32879.9453125
459.39797806739807,2,2026.7,4015.30078125,32879.9453125
460.4099407196045,2,1030.0,6489.2734375,38000.01953125
461.4235770702362,2,1104.1,4809.4921875,36975.9921875
462.43433952331543,2,2085.3,4377.7265625,44143.9765625
463.4461727142334,2,4308.9,6386.93359375,44143.9765625
464.4617519378662,2,3750.6,6360.59375,44143.9765625
465.48422956466675,2,2536.9,6629.49609375,44143.9765625
466.49299240112305,2,2149.9,3847.3203125,46191.9921875
467.5051050186157,2,1547.6,3787.4296875,44143.9765625
468.5267527103424,2,3799.8,5650.3046875,44171.9765625
469.53776693344116,2,4500.7,7452.2578125,44171.9765625
470.5492162704468,2,2962.6,7649.02734375,44171.9765625
471.55674839019775,2,3615.1,8308.13671875,44171.9765625
472.5769166946411,2,1937.3,8416.0625,44171.9765625
473.5912539958954,2,3352.3,8534.59375,44171.9765625
474.6037452220917,2,1921.6,3431.05078125,42123.9453125
475.6297433376312,2,4654.3,3304.65625,42123.9453125
476.64874243736267,2,4598.2,3255.46484375,42123.9453125
477.66974663734436,2,4214.7,3335.8046875,42123.9453125
478.69075059890747,2,4652.2,3341.5390625,42123.9453125
479.71113872528076,2,2517.9,3438.92578125,42123.9453125
480.7331213951111,2,390.9,3208.26171875,42123.9453125
481.74085569381714,2,101.1,3169.6796875,42123.9453125
482.75013256073,2,124.0,3417.58984375,42193.96484375
483.75812315940857,2,99.2,3795.31640625,42193.96484375
484.76656103134155,2,100.4,4165.24609375,42193.96484375
485.7730097770691,4,25.8,4420.5,42451.0
486.7818911075592,4,99.1,4653.19921875,42691.67578125
487.79114151000977,4,101.1,4877.60546875,42922.546875
488.8002631664276,4,101.0,5051.6015625,43113.98828125
489.8100686073303,4,99.1,5335.09375,43407.89453125
490.8186790943146,4,100.1,5677.64453125,43760.453125
491.82774782180786,4,100.1,6020.18359375,44108.5
492.83669447898865,4,99.9,6341.140625,44435.390625
493.8477864265442,4,99.9,6688.23828125,44783.6953125
494.8589782714844,4,100.9,7034.6328125,45137.15625
495.87027168273926,4,100.0,7370.51953125,45472.95703125
496.88051176071167,4,99.8,7704.5546875,45806.953125
497.8925094604492,4,99.9,8054.609375,46157.0625
498.90322709083557,4,99.9,8405.87890625,46508.33203125
499.91439962387085,4,99.9,8756.5703125,46859.0859375
500.9254586696625,4,99.9,9080.9765625,47183.4140625
501.93612241744995,4,98.9,9433.33203125,47535.84375
502.94711089134216,4,100.8,9787.15625,47889.69140625
503.9586429595947,4,99.9,10137.73828125,48240.1875
504.96999526023865,4,99.9,10458.37109375,48562.7109375
505.981333732605,4,99.4,10810.95703125,48915.3984375
506.9975221157074,4,99.8,11164.8984375,49269.24609375
508.00902009010315,4,100.0,11507.7421875,49612.13671875
509.01867723464966,4,99.9,11836.5234375,49940.84765625
510.029669046402,4,99.9,12185.30859375,50289.66796875
511.0404827594757,4,99.8,12539.6796875,50644.03125
512.0521631240845,4,100.0,12877.93359375,50982.28125
513.0621466636658,4,98.9,13210.640625,51314.98828125
514.0736577510834,4,99.8,13559.1015625,51663.421875
515.085853099823,4,99.9,13911.8046875,52016.23828125
516.097119808197,4,100.0,14255.1640625,52359.515625
517.1067826747894,4,100.9,14425.03125,52529.4140625
518.118026971817,4,98.8,14440.0234375,52544.3671875
519.1297888755798,4,99.9,14804.12890625,52967.33984375
520.141016960144,4,99.9,14540.890625,52645.01171875
521.1519129276276,5,0.0,4508.17578125,42827.15625
522.1646354198456,2,4.0,4097.78125,42368.25
523.1756274700165,2,99.7,3345.71875,42705.98046875
524.1883251667023,2,1818.1,4689.25,43218.01171875
525.2007434368134,2,4007.4,5150.5703125,47314.07421875
526.2137448787689,2,4649.3,5182.5703125,47314.07421875
527.2345294952393,2,2959.9,5663.4609375,49362.10546875
528.243200302124,2,99.1,6055.46484375,49362.10546875
529.2523100376129,2,101.1,6441.46484375,49362.10546875
530.2610821723938,4,53.5,6755.1640625,49611.6640625
531.2698066234589,4,100.1,7083.7265625,49940.25390625
532.2786440849304,4,99.1,7417.19140625,50273.734375
533.2879028320312,4,101.1,7732.15625,50588.65234375
534.297146320343,4,99.2,8074.65625,50931.55859375
535.305561542511,4,100.0,8417.28515625,51274.19140625
536.3151981830597,4,101.1,8712.18359375,51569.64453125
537.3242874145508,4,99.2,9035.80859375,51893.328125
538.3325507640839,4,100.1,9356.328125,52213.7890625
539.341242313385,4,98.9,9658.55859375,52516.10546875
540.3519196510315,4,100.9,9967.625,52832.5703125
541.363028049469,4,99.9,10300.9765625,53165.921875
542.3742153644562,4,99.8,10673.82421875,53538.84765625
543.3863110542297,4,98.9,11027.8359375,53892.82421875
544.3971931934357,4,100.8,11379.75,54245.125
545.4089159965515,4,99.9,11748.8125,54614.18359375
546.4200301170349,4,98.9,12122.35546875,54987.75390625
547.4314529895782,4,100.0,12476.67578125,55342.1171875
548.4417097568512,4,99.9,12835.32421875,55700.734375
549.453106880188,4,99.8,13204.921875,56070.30859375
550.465090751648,4,99.9,13574.1171875,56441.4296875
551.4763731956482,4,100.0,13922.08984375,56789.34765625
552.4868988990784,4,99.8,14283.35546875,57150.671875
553.4990909099579,4,99.8,14654.34375,57523.7265625
554.5108823776245,4,99.8,15026.8046875,57896.265625
555.522910118103,4,100.0,15381.6640625,58251.015625
556.5327625274658,4,99.9,15738.7734375,58608.21484375
557.5439722537994,4,98.9,16108.53125,58977.91796875
558.5552046298981,4,100.8,16481.47265625,59350.84375
559.5666589736938,4,99.9,16836.13671875,59705.59375
560.5777761936188,4,99.8,17191.078125,60060.47265625
561.5902478694916,4,99.9,17561.328125,60430.69140625
562.6015701293945,4,98.9,17932.6328125,60802.0703125
563.6125891208649,4,99.9,18285.484375,61154.88671875
564.6232624053955,4,100.8,18641.01953125,61510.41015625
565.6353669166565,4,99.9,19010.1953125,61879.59765625
566.646769285202,4,99.8,19379.76953125,62249.171875
567.658757686615,4,99.8,19559.140625,62428.48046875
568.6708199977875,4,99.7,19593.1796875,62462.640625
569.6834280490875,4,99.8,19593.1796875,62462.640625
570.6950540542603,4,99.8,19593.2421875,62462.640625
571.7074823379517,4,99.8,19623.609375,62492.94140625
572.7191996574402,4,99.8,20117.7421875,63106.77734375
573.7310049533844,4,98.9,20219.1640625,63191.49609375
574.7425847053528,4,100.8,20264.25,63191.49609375
575.7545294761658,4,99.0,6504.2578125,49369.18359375
576.7645001411438,5,0.0,7065.91796875,50258.94140625
577.7760608196259,5,99.8,7390.66796875,50613.2109375
578.7881140708923,2,4.0,6500.890625,49554.953125
579.798898935318,2,100.8,5563.03125,50066.984375
580.8112399578094,2,98.9,5554.49609375,50066.984375
581.8227200508118,2,99.8,5561.19921875,50066.984375
582.8347542285919,2,806.0,6902.828125,49554.953125
583.8471035957336,2,170.2,7053.625,49554.953125
584.8574841022491,2,213.9,7077.2421875,49554.953125
585.8675727844238,2,730.9,7125.61328125,49554.953125
586.8799419403076,2,2018.2,11272.19140625,49554.953125
587.8917458057404,2,4182.3,13412.3515625,49554.953125
588.9177458286285,2,4376.8,14190.09375,49554.953125
589.9457535743713,2,4318.9,14221.1484375,49554.953125
590.9587776660919,2,3697.7,15435.7109375,49554.953125
592.0087535381317,2,3587.0,14808.23046875,49554.953125
593.0294616222382,2,2960.0,15439.86328125,49554.953125
594.0425624847412,2,1957.4,15350.58203125,49554.953125
595.0509281158447,2,3368.3,15470.71484375,49554.953125
596.0597951412201,2,831.9,8164.62890625,49554.953125
597.0668113231659,2,370.0,8148.74609375,49554.953125
598.0748357772827,2,223.0,8052.98828125,49554.953125
599.0840680599213,2,895.3,7787.43359375,49554.953125
600.0937402248383,2,1247.1,7465.26953125,49554.953125
601.1207559108734,2,2722.7,12875.1875,49554.953125
602.1417467594147,2,4508.6,13315.89453125,49586.953125
603.1637763977051,2,4331.4,13178.3984375,55730.953125
604.1739435195923,2,4212.6,14478.046875,55730.953125
605.1887533664703,2,2704.2,14817.0390625,55730.953125
606.2141139507294,2,3670.6,15396.83203125,55730.953125
607.2227504253387,2,1263.5,15349.94140625,55730.953125
608.2287437915802,2,1268.0,15268.28515625,55730.953125
609.2406461238861,2,3297.5,15306.3125,55730.953125
610.251978635788,2,1138.0,8459.66796875,55954.953125
611.2598252296448,2,917.6,8119.19140625,55954.953125
612.26780128479,2,1079.2,8005.7890625,55954.953125
613.2759716510773,2,1322.5,10443.5234375,55954.953125
614.2907476425171,2,4483.7,12345.5078125,55954.953125
615.3117694854736,2,4502.3,13780.1484375,55954.953125
616.3373622894287,2,4175.7,14005.75390625,55954.953125
617.3487794399261,2,3875.3,14552.15625,55954.953125
618.3785398006439,2,3999.4,14068.046875,55954.953125
619.3917505741119,2,2470.6,14437.890625,55954.953125
620.4132027626038,2,2371.4,14334.51953125,55954.953125
621.4259169101715,2,2574.2,13443.0859375,55954.953125
622.4348106384277,2,1112.2,8522.703125,55954.953125
623.4436275959015,2,1036.3,8033.76953125,55954.953125
624.4527688026428,2,1198.2,7894.234375,55954.953125
625.46178150177,2,2199.2,11516.296875,55954.953125
626.4957473278046,2,4541.9,12383.51953125,55954.953125
627.5167462825775,2,4400.2,13159.25,55954.953125
628.5307509899139,2,3669.0,13990.26953125,55954.953125
629.55277967453,2,3905.6,14710.8515625,55954.953125
630.5977475643158,2,4092.2,14214.81640625,55954.953125
631.6132786273956,2,2326.6,14304.69140625,55954.953125
632.6240911483765,2,3217.6,14244.5234375,55954.953125
633.6341397762299,2,715.4,8237.31640625,55954.953125
634.6420447826385,2,1325.0,8189.109375,55954.953125
635.6555054187775,2,1324.5,8011.6640625,55954.953125
636.6634764671326,2,1028.7,9502.4609375,55954.953125
637.6777477264404,2,3790.0,12393.34375,55954.953125
638.7034292221069,2,4539.6,13525.5625,55954.953125
639.723756313324,2,4238.0,13980.53125,55954.953125
640.7437891960144,2,3655.9,14783.25390625,55954.953125
641.7786664962769,2,4162.6,13974.41015625,55954.953125
642.7905278205872,2,3018.7,14498.31640625,55954.953125
643.7967548370361,2,2282.5,14412.9375,55954.953125
644.8085148334503,2,2760.6,14447.7578125,55954.953125
645.8197708129883,2,1179.1,8612.0234375,56210.953125
646.8289639949799,2,884.8,8118.71484375,56210.953125
647.838748216629,2,1371.3,7931.71875,56210.953125
648.8476150035858,2,1641.2,10811.3515625,56210.953125
649.8679661750793,2,4415.3,12503.21875,56210.953125
650.8907570838928,2,4373.8,14098.12109375,56210.953125
651.9124331474304,2,4239.2,14287.9296875,56210.953125
652.9237835407257,2,3820.0,15020.33984375,56210.953125
653.9660859107971,2,4090.0,14348.83203125,56210.953125
654.9787487983704,2,2815.4,14697.98828125,56210.953125
656.0118210315704,2,2568.3,14588.19921875,56210.953125
657.0276091098785,2,2442.1,7453.65625,56722.9609375
658.0363690853119,2,1161.3,8729.5703125,56210.953125
659.0447461605072,2,965.5,8299.18359375,56210.953125
660.0527484416962,2,1405.4,7992.24609375,56210.953125
661.063782453537,2,1939.2,10242.69140625,56210.953125
662.0897438526154,2,4424.5,11630.37890625,56210.953125
663.1088786125183,2,4350.6,12763.84765625,56210.953125
664.1237523555756,2,3913.6,13754.78515625,56210.953125
665.1526830196381,2,4169.0,14557.671875,56210.953125
666.1977479457855,2,3876.0,14031.66015625,56210.953125
667.2158255577087,2,2345.2,14049.859375,56210.953125
668.2277455329895,2,3384.9,14099.234375,56210.953125
669.2379093170166,2,753.4,8740.6875,56210.953125
670.2479586601257,2,1169.8,8485.15625,56210.953125
671.2548542022705,2,1439.7,8283.1015625,56210.953125
672.2641098499298,2,997.8,9417.29296875,56210.953125
673.2727456092834,2,3991.2,11781.2421875,56210.953125
674.2927536964417,2,4494.3,13264.14453125,56210.953125
675.3347556591034,2,4377.8,13668.28125,56210.953125
676.3607833385468,2,3642.0,14459.23046875,56210.953125
677.4097452163696,2,4189.0,13692.6015625,56210.953125
678.4207518100739,2,2751.4,14117.421875,56210.953125
679.4366505146027,2,2707.6,14047.5078125,56210.953125
680.4475221633911,2,2022.8,7302.85546875,56210.953125
681.4563760757446,2,1318.6,8736.71875,56210.953125
682.46426820755,2,1005.5,8285.2578125,56210.953125
683.4767508506775,2,1288.1,8075.1328125,56210.953125
684.4867851734161,2,2333.0,11115.50390625,56210.953125
685.5097510814667,2,4396.8,11886.7109375,56210.953125
686.5307836532593,2,4359.5,13144.8515625,56210.953125
687.544282913208,2,3547.1,13813.69921875,56210.953125
688.5557794570923,2,4306.4,14585.453125,56210.953125
689.6097476482391,2,4004.4,14172.1640625,56210.953125
690.6256790161133,2,2142.2,14066.78515625,56210.953125
691.6323654651642,2,3330.9,14089.2421875,56210.953125
692.6407444477081,2,690.1,8715.8125,56210.953125
693.6609237194061,2,1276.6,8426.234375,56210.953125
694.6727542877197,2,1383.3,8169.46484375,56210.953125
695.7007524967194,2,1226.9,9193.51171875,56210.953125
696.7217807769775,2,2945.7,12421.078125,56210.953125
697.7377581596375,2,4447.1,12995.9609375,56210.953125
698.762291431427,2,4445.3,14078.9921875,56210.953125
699.7787535190582,2,3375.9,14335.76953125,56210.953125
700.7967920303345,2,4413.6,15080.703125,56210.953125
701.8452866077423,2,3919.1,14631.5546875,56210.953125
702.8523092269897,2,2272.6,14644.83984375,56210.953125
703.8626012802124,2,3232.6,14559.3046875,56210.953125
704.8742814064026,2,860.5,8257.96484375,56210.953125
705.8828480243683,2,1465.1,7954.8046875,56210.953125
706.8896403312683,2,1120.2,7810.33203125,56210.953125
707.8997910022736,2,1829.6,11600.83203125,56210.953125
708.9247467517853,2,4385.2,13753.75390625,56210.953125
709.9487574100494,2,4521.2,14156.16015625,56210.953125
710.9697444438934,2,4337.0,14289.1796875,56210.953125
711.977801322937,2,3622.6,15548.09375,56210.953125
713.0217671394348,2,4724.1,15414.77734375,56210.953125
714.0617825984955,2,4564.4,15371.82421875,56210.953125
715.1067447662354,2,3575.8,15121.95703125,56210.953125
716.1197521686554,2,2302.4,15052.6015625,56210.953125
717.1347625255585,2,3220.6,15249.4140625,56210.953125
718.1436097621918,2,1762.6,7618.65625,56210.953125
719.1501519680023,2,680.7,10914.83203125,56210.953125
720.1607434749603,2,4319.1,13077.4765625,56210.953125
721.1827564239502,2,4622.4,14342.97265625,56210.953125
722.2091073989868,2,3637.0,13630.5625,56210.953125
723.2507925033569,2,4592.6,13502.16015625,56210.953125
724.2757897377014,2,4301.4,13495.83984375,56210.953125
725.3211858272552,2,3058.8,13233.87890625,56210.953125
726.329746723175,2,2980.4,13377.25390625,56210.953125
727.3410964012146,2,1801.2,7560.79296875,56210.953125
728.3537182807922,2,1278.3,9758.796875,56210.953125
729.3627755641937,2,3608.3,12786.5703125,56210.953125
730.3737578392029,2,4578.6,13578.234375,56210.953125
731.3992486000061,2,4127.0,12640.97265625,56210.953125
732.4087820053101,2,4353.0,13512.109375,56210.953125
733.4577927589417,2,4385.6,13467.98828125,56210.953125
734.5027508735657,2,3602.7,13249.54296875,56210.953125
735.5137453079224,2,2411.2,13319.11328125,56210.953125
736.5258231163025,2,1612.6,6875.54296875,56210.953125
737.5352137088776,2,101.1,7490.25,56210.953125
738.5437486171722,2,1486.2,8190.37109375,56210.953125
739.554749250412,2,1647.3,7410.953125,56210.953125
740.5797159671783,2,3259.6,10619.3046875,56210.953125
741.604647397995,2,4520.1,11845.625,56210.953125
742.6303486824036,2,4367.1,13238.68359375,56210.953125
743.6418077945709,2,3631.2,13415.73828125,56210.953125
744.6509292125702,2,3757.0,13400.4765625,56210.953125
745.6587626934052,2,3032.0,13887.89453125,56210.953125
746.681117773056,2,2541.5,13836.6796875,56210.953125
747.6922507286072,2,1777.4,7542.9453125,56210.953125
748.7008397579193,2,102.1,7894.71875,56210.953125
749.7092261314392,2,1476.4,8730.02734375,56210.953125
750.7177515029907,2,1908.5,7818.69140625,56210.953125
751.7527453899384,2,3262.0,10641.8515625,56210.953125
752.7697637081146,2,4507.4,12296.96484375,56210.953125
753.7957527637482,2,4400.5,13053.2109375,56210.953125
754.8206419944763,2,3851.0,13807.33984375,56210.953125
755.8642737865448,2,3632.5,13106.95703125,56210.953125
756.8768768310547,2,2500.0,13429.7890625,56210.953125
757.8866152763367,2,3241.6,13504.60546875,56210.953125
758.8975031375885,2,474.7,8439.7265625,56210.953125
759.9067468643188,2,1545.2,8352.92578125,56210.953125
760.9173169136047,2,1006.9,8158.62109375,56210.953125
761.9287445545197,2,1808.1,7883.98046875,56210.953125
762.9887499809265,2,3353.9,10339.80078125,56210.953125
764.0097529888153,2,4487.6,12170.5859375,56210.953125
765.0367579460144,2,4239.3,12796.30078125,56210.953125
766.0613217353821,2,3796.1,13748.52734375,56210.953125
767.1098923683167,2,3396.2,13436.8828125,56210.953125
768.1303095817566,2,2131.4,13497.5390625,56210.953125
769.1404542922974,2,3331.2,13511.35546875,56210.953125
770.1520719528198,2,765.0,8198.37109375,56210.953125
771.1597909927368,2,1596.8,8235.8671875,56210.953125
772.1687495708466,2,1033.2,8088.8515625,56210.953125
773.1843254566193,2,1592.6,7898.4453125,56210.953125
774.2210018634796,2,3012.5,10588.1640625,56210.953125
775.2297563552856,2,4228.8,11540.0234375,56210.953125
776.256754398346,2,4553.6,14249.16015625,56210.953125
777.2827467918396,2,4246.8,14687.0,56210.953125
778.304749250412,2,3665.7,15043.5,56210.953125
779.314754486084,2,3201.7,15157.48828125,56210.953125
780.3256087303162,2,3291.2,15967.33984375,56210.953125
781.3339672088623,2,2104.0,16132.55859375,56210.953125
782.3416185379028,2,2514.9,16292.5546875,56210.953125
783.3573076725006,2,2201.9,16528.6640625,56530.953125
784.3667438030243,2,777.1,8643.1796875,56530.953125
785.3890709877014,2,1272.5,8334.3828125,56530.953125
786.4006209373474,2,1024.4,8140.3828125,56530.953125
787.4187438488007,2,1813.6,7910.3671875,56530.953125
788.4960997104645,2,3316.1,10868.55078125,56530.953125
789.5167543888092,2,4344.1,11857.2109375,56530.953125
790.5426785945892,2,4422.1,12698.984375,56530.953125
791.5577499866486,2,4329.3,14656.92578125,56530.953125
792.5782380104065,2,3361.9,15022.9765625,56530.953125
793.5887441635132,2,3581.3,15202.54296875,56530.953125
794.6006295681,2,2485.8,16153.2578125,56530.953125
795.6097445487976,2,1692.5,16037.6640625,56530.953125
796.6211440563202,2,3422.1,16320.5859375,56530.953125
797.6305801868439,2,574.3,7805.98828125,56530.953125
798.6403594017029,2,1554.2,9051.84375,56530.953125
799.6482195854187,2,799.6,8241.44921875,56530.953125
800.6572141647339,2,1152.1,8019.7734375,56530.953125
801.6668064594269,2,2913.4,9655.625,56530.953125
802.6827533245087,2,4349.7,11048.9375,56530.953125
803.708468914032,2,4447.6,12176.6171875,56530.953125
804.7222526073456,2,4053.7,13251.8984375,56530.953125
805.7327542304993,2,3202.0,13405.2734375,56530.953125
806.7566134929657,2,3068.0,13922.4375,56530.953125
807.7677135467529,2,2078.9,13921.42578125,56530.953125
808.7798194885254,2,2865.0,14007.12109375,56530.953125
809.7891976833344,2,1582.3,9018.453125,56530.953125
810.7965142726898,2,738.9,8371.21484375,56530.953125
811.8048057556152,2,1258.0,8098.35546875,56530.953125
812.8177661895752,2,3428.0,10096.48828125,56530.953125
813.8337523937225,2,4351.7,11427.7109375,56530.953125
814.8605997562408,2,4441.2,11743.20703125,56530.953125
815.8747472763062,2,4499.2,13332.83984375,56530.953125
816.8943870067596,2,2871.7,13748.4375,56530.953125
817.9044740200043,2,3534.6,14491.16015625,56530.953125
818.9137482643127,2,1842.9,14383.28125,56530.953125
819.923748254776,2,3195.1,14456.61328125,56530.953125
820.9351627826691,2,1138.5,7926.6015625,56530.953125
821.9425318241119,2,1594.6,8411.5390625,56530.953125
822.9517502784729,2,953.4,8212.87890625,56530.953125
823.9683704376221,2,648.4,8025.9609375,56530.953125
824.9801063537598,2,2737.5,7946.16796875,56530.953125
825.9887471199036,2,3634.1,10213.546875,56530.953125
827.0097541809082,2,4497.7,13268.16796875,56530.953125
828.0257534980774,2,4424.1,12875.15234375,56530.953125
829.0509469509125,2,3160.6,13219.1875,56530.953125
830.0748522281647,2,3515.0,13945.26953125,56530.953125
831.0826544761658,2,1421.0,13881.59375,56530.953125
832.0924623012543,2,3245.7,14033.84375,56530.953125
833.1027464866638,2,859.6,8614.41796875,56530.953125
834.1221461296082,2,1352.0,8219.86328125,56530.953125
835.1311483383179,2,873.4,8053.97265625,56530.953125
836.1476831436157,2,827.0,7896.4921875,56530.953125
837.1572968959808,2,2798.8,9090.234375,56530.953125
838.1706838607788,2,4456.0,10869.0859375,56530.953125
839.1976730823517,2,4363.5,11484.17578125,56530.953125
840.2117464542389,2,4406.3,13009.16796875,56530.953125
841.2264311313629,2,2731.2,13330.9296875,56530.953125
842.2410776615143,2,3190.5,13951.30859375,56530.953125
843.2527434825897,2,1790.7,14043.046875,56530.953125
844.2673945426941,2,2770.0,14199.01953125,56530.953125
845.2744698524475,2,1450.9,8819.38671875,56530.953125
846.2850108146667,2,770.7,8299.85546875,56530.953125
847.2932405471802,2,910.3,8151.8984375,56530.953125
848.3027458190918,2,1893.6,7931.1875,56530.953125
849.3717501163483,2,3604.4,10260.21484375,56530.953125
850.3925838470459,2,4487.2,12150.35546875,56530.953125
851.4197506904602,2,4423.5,12960.58203125,56530.953125
852.4393000602722,2,3658.5,13299.87890625,56530.953125
853.4537453651428,2,3435.1,13652.3984375,56530.953125
854.4650309085846,2,2279.2,14066.37109375,56530.953125
855.4767467975616,2,2367.8,14181.33203125,56530.953125
856.4899101257324,2,2051.4,7753.609375,57042.9609375
857.4994728565216,2,1554.7,9187.8515625,56530.953125
858.5079219341278,2,622.7,8329.171875,56530.953125
859.5181424617767,2,1328.6,8047.24609375,56530.953125
860.5277960300446,2,2579.5,9496.23828125,56530.953125
861.5427532196045,2,4303.0,10896.0859375,56530.953125
862.5612280368805,2,4342.9,12100.45703125,56530.953125
863.5760526657104,2,4093.3,13246.43359375,56530.953125
864.5867545604706,2,3209.4,13378.66015625,56530.953125
865.605765581131,2,3105.7,13833.84375,56530.953125
866.6167471408844,2,2157.1,13832.71484375,56530.953125
867.6362042427063,2,2930.6,13949.40234375,56530.953125
868.6426346302032,2,1438.5,8956.68359375,56530.953125
869.6499559879303,2,817.1,8459.21875,56530.953125
870.6583721637726,2,1126.1,8199.08984375,56530.953125
871.669909954071,2,2204.4,9010.3984375,56530.953125
872.6797435283661,2,4015.9,10841.2734375,56530.953125
873.7093169689178,2,4407.6,12909.2421875,56530.953125
874.7227559089661,2,4353.1,13301.2578125,56530.953125
875.7387542724609,2,3290.3,13579.9375,56530.953125
876.7482945919037,2,3447.7,14119.4609375,56530.953125
877.7550067901611,2,1906.5,13961.546875,56530.953125
878.7621297836304,2,3390.2,14049.22265625,56530.953125
879.7730286121368,2,548.3,8782.7421875,56530.953125
880.7815406322479,2,1561.3,8563.7734375,56530.953125
881.7917430400848,2,1033.4,8331.79296875,56530.953125
882.8137471675873,2,1675.6,8116.51171875,56530.953125
883.8747463226318,2,3409.2,10810.171875,56530.953125
884.8947517871857,2,4442.5,12286.625,56530.953125
885.9207482337952,2,4410.6,13414.93359375,56530.953125
886.9417910575867,2,3558.2,14446.08203125,56530.953125
887.986585855484,2,3516.2,13812.07421875,56530.953125
888.9979596138,2,2582.2,14219.1953125,56530.953125
890.0067427158356,2,2448.8,14210.26953125,56530.953125
891.0191864967346,2,2209.4,7678.421875,56530.953125
892.027425289154,2,1596.8,9583.81640625,56530.953125
893.0356984138489,2,622.2,8569.84765625,56530.953125
894.0450448989868,2,1227.9,8299.30859375,56530.953125
895.0516312122345,2,2363.1,8675.3984375,56530.953125
896.0604791641235,2,3525.1,11466.3203125,56530.953125
897.0689430236816,2,4466.0,12862.64453125,56530.953125
898.0973274707794,2,4233.6,13330.2890625,56530.953125
899.1111555099487,2,4154.1,15103.484375,56530.953125
900.1309671401978,2,3530.2,15276.51171875,56530.953125
901.139098405838,2,3780.1,15663.76953125,56530.953125
902.1483404636383,2,2587.5,16457.40234375,56530.953125
903.1584961414337,2,1632.0,16358.34765625,56530.953125
904.16907787323,2,3527.0,16753.2734375,56530.953125
905.1827745437622,2,612.7,7908.7265625,56530.953125
906.1913375854492,2,1597.3,9255.48046875,56530.953125
907.2006168365479,2,681.4,8462.4453125,56914.953125
908.2103278636932,2,1181.5,8278.0078125,56914.953125
909.220077753067,2,2309.6,8824.32421875,56914.953125
910.2297475337982,2,3988.6,10742.30078125,56914.953125
911.2513070106506,2,4466.7,13488.21875,56914.953125
912.2687480449677,2,4265.7,13540.98046875,56914.953125
913.2894186973572,2,3690.8,13760.5,56914.953125
914.3007447719574,2,3621.1,14302.91796875,56914.953125
915.3134684562683,2,1901.7,14379.55859375,56914.953125
916.3269040584564,2,3475.6,14318.44140625,56914.953125
917.3407876491547,2,691.9,8944.9609375,56914.953125
918.3480241298676,2,1606.4,8643.2265625,56914.953125
919.3552851676941,2,676.1,8424.2265625,56914.953125
920.3625354766846,2,1300.5,8135.484375,56914.953125
921.3737626075745,2,3181.4,10359.25390625,56914.953125
922.3887510299683,2,4367.2,11572.109375,56914.953125
923.4128620624542,2,4311.9,12880.91015625,56914.953125
924.4297561645508,2,3836.0,13503.69921875,56914.953125
925.4416017532349,2,3521.2,13673.75390625,56914.953125
926.453685760498,2,3023.7,14173.79296875,56914.953125
927.4617412090302,2,2012.1,14145.66015625,56914.953125
928.4744789600372,2,2772.9,11187.2578125,56914.953125
929.4822974205017,2,1622.4,9212.22265625,56914.953125
930.4901416301727,2,603.1,8714.37890625,56914.953125
931.5000109672546,2,1159.4,8516.71484375,56914.953125
932.5089926719666,2,2534.3,8464.515625,56914.953125
933.5167443752289,2,3272.8,11441.6796875,56914.953125
934.5377583503723,2,4285.8,12738.71875,56914.953125
935.5638883113861,2,4299.5,13269.9609375,56914.953125
936.5787477493286,2,4299.8,15096.578125,56914.953125
937.5913321971893,2,3687.8,15240.37890625,56914.953125
938.6017434597015,2,3119.0,15486.625,56914.953125
939.6137564182281,2,2779.4,16329.40234375,56914.953125
940.6394913196564,2,1716.1,16209.73828125,56914.953125
941.6474816799164,2,3741.9,16546.0234375,56914.953125
942.6555526256561,2,660.9,7597.359375,57426.9609375
943.6648383140564,2,1646.2,9258.140625,56914.953125
944.6747496128082,2,631.4,8348.1640625,56914.953125
945.6843042373657,2,782.1,8190.02734375,56914.953125
946.6937446594238,2,2192.0,7996.8046875,56914.953125
947.7517449855804,2,3492.5,10614.578125,56914.953125
948.7727546691895,2,4527.6,13133.03125,56914.953125
949.7997450828552,2,4251.3,13413.53125,56914.953125
950.8237524032593,2,3081.1,13719.4765625,56914.953125
951.849776506424,2,3322.1,14225.52734375,56914.953125
952.8582773208618,2,1909.4,14161.47265625,56914.953125
953.8659019470215,2,3296.0,14286.41796875,56914.953125
954.8777482509613,2,1319.7,9843.52734375,56914.953125
955.8974883556366,2,869.3,9015.09765625,56914.953125
956.9061841964722,2,1081.5,8819.16796875,56914.953125
957.9157841205597,2,2684.6,11304.92578125,56914.953125
958.9451725482941,2,4398.5,12274.67578125,56914.953125
959.9577555656433,2,4456.9,13530.14453125,56914.953125
960.9737913608551,2,3775.1,15101.41796875,56914.953125
962.0187854766846,2,4464.7,14913.703125,56914.953125
963.0703053474426,2,3351.0,14607.6484375,56914.953125
964.0784740447998,2,2171.4,14493.21484375,56914.953125
965.090765953064,2,2987.4,14488.69140625,56914.953125
966.0992457866669,2,1491.1,9204.4375,56914.953125
967.1844713687897,2,1063.3,8734.19140625,56914.953125
968.1943414211273,2,1741.5,9617.12890625,56914.953125
969.2027902603149,2,2637.8,13595.5703125,56914.953125
970.2287459373474,2,4417.7,14298.125,56914.953125
971.2497527599335,2,4533.0,16037.80859375,56914.953125
972.2707555294037,2,4326.7,15032.09375,56914.953125
973.2897851467133,2,3916.0,15916.0234375,56914.953125
974.3337712287903,2,4174.6,15887.43359375,56914.953125
975.3834567070007,2,3881.9,15012.6171875,56914.953125
976.3927474021912,2,2987.6,15489.953125,56914.953125
977.4157538414001,2,2742.3,15494.79296875,56914.953125
978.4329514503479,2,2065.1,7949.7578125,57426.9609375
979.4419884681702,2,1733.2,9578.87890625,56914.953125
980.4510338306427,2,882.6,8503.6875,56914.953125
981.4597496986389,2,1748.9,10600.3984375,56914.953125
982.4747476577759,2,4292.3,12459.02734375,56914.953125
983.4857499599457,2,4535.8,14061.20703125,56914.953125
984.5168936252594,2,4310.5,14657.7734375,56914.953125
985.5397992134094,2,3894.5,15481.5625,56914.953125
986.583749294281,2,3545.7,14656.37890625,56914.953125
987.6017479896545,2,2986.7,15119.86328125,56914.953125
988.6267445087433,2,2368.9,15032.30078125,56914.953125
989.6389408111572,2,2474.6,7937.40625,57426.9609375
990.646281003952,2,1700.1,9775.796875,56914.953125
991.6555316448212,2,1005.9,8570.90625,56914.953125
992.665787935257,2,2413.5,11289.37890625,56914.953125
993.7037513256073,2,4414.0,12228.72265625,56914.953125
994.723771572113,2,4415.3,13696.52734375,56914.953125
995.7397630214691,2,3822.6,14793.2734375,56914.953125
996.7860443592072,2,4389.0,13871.890625,56914.953125
997.7989647388458,2,3071.2,14447.6484375,56914.953125
998.8073327541351,2,2225.2,14391.52734375,56914.953125
999.8189723491669,2,2753.8,14380.53125,56914.953125
1000.8298668861389,2,1785.1,9323.8671875,56914.953125
1001.8375635147095,2,752.2,8699.99609375,56914.953125
1002.8479444980621,2,1593.9,10410.578125,56914.953125
1003.8567428588867,2,4292.2,12387.8515625,56914.953125
1004.8717577457428,2,4586.4,14252.09375,56914.953125
1005.8987393379211,2,4089.0,14508.0,56914.953125
1006.9167969226837,2,3837.8,15227.7578125,56914.953125
1007.9617409706116,2,3776.2,14484.78125,56914.953125
1008.9737706184387,2,3082.0,14865.08984375,56914.953125
1009.9988615512848,2,2430.9,14855.87109375,56914.953125
1011.0109648704529,2,1985.1,8189.69921875,56914.953125
1012.0203375816345,2,1740.6,10093.83984375,56914.953125
1013.0297122001648,2,981.0,8900.27734375,56914.953125
1014.0389611721039,2,1557.3,12085.375,56914.953125
1015.0537433624268,2,4281.9,14405.79296875,56914.953125
1016.0747532844543,2,4603.2,14804.171875,56914.953125
1017.1007771492004,2,4487.8,14678.83203125,56914.953125
1018.1177771091461,2,3741.5,15319.2109375,56914.953125
1019.1327676773071,2,4646.1,16041.7109375,56914.953125
1020.1837861537933,2,4370.4,15913.5390625,56914.953125
1021.2287485599518,2,3933.9,15567.84375,56914.953125
1022.2457067966461,2,2365.2,15753.32421875,56914.953125
1023.2548847198486,2,2986.3,15875.27734375,56914.953125
1024.2637491226196,2,1231.5,9198.296875,56914.953125
1025.283366203308,2,1310.7,8808.21484375,56914.953125
1026.2917442321777,2,1499.5,9232.59765625,56914.953125
1027.3137879371643,2,2616.5,13631.3203125,56914.953125
1028.3577427864075,2,4459.1,14349.69140625,56914.953125
1029.3787660598755,2,4609.3,15958.28515625,56914.953125
1030.4057552814484,2,4236.4,15128.4921875,56914.953125
1031.42911195755,2,3912.6,16041.8359375,56914.953125
1032.4779875278473,2,4370.0,16023.68359375,56914.953125
1033.5263385772705,2,4209.2,15166.54296875,56914.953125
1034.535754442215,2,2910.7,15709.81640625,56914.953125
1035.5577523708344,2,2692.1,15745.80859375,56914.953125
1036.5815501213074,2,2145.2,7540.35546875,56914.953125
1037.5944194793701,2,2044.8,7701.76171875,56914.953125
1038.605749130249,2,2872.7,8764.08203125,56914.953125
1039.614103794098,2,1895.9,9056.3125,56914.953125
1040.6226103305817,2,728.3,8295.31640625,56722.10546875
1041.6304531097412,2,2230.1,9815.796875,56722.10546875
1042.6427459716797,2,3950.8,11494.09375,56722.10546875
1043.6517589092255,2,4474.9,15329.390625,63930.10546875
1044.6787524223328,2,4278.9,14277.9609375,63930.10546875
1045.7427461147308,2,4185.6,15329.02734375,63930.10546875
1046.7793278694153,2,2863.8,15548.46875,63930.10546875
1047.7997448444366,2,3007.2,16055.0546875,63930.10546875
1048.8077404499054,2,2051.1,16862.83984375,63930.10546875
1049.8149936199188,2,1280.0,16787.25390625,63930.10546875
1050.825168132782,2,2884.4,17062.078125,63930.10546875
1051.8431692123413,2,1707.9,17280.08984375,63930.10546875
1052.8512411117554,2,570.3,8027.0859375,63930.10546875
1053.8595695495605,2,1602.9,8943.125,63930.10546875
1054.9197714328766,2,2903.0,11414.23828125,63930.10546875
1055.9376075267792,2,4194.5,13060.94921875,63930.10546875
1056.9597520828247,2,4471.3,16262.2890625,63930.10546875
1057.9917511940002,2,4454.9,19936.09765625,72170.10546875
1059.0197489261627,2,4231.6,17041.67578125,72170.10546875
1060.0388667583466,2,3981.4,18798.24609375,72170.10546875
1061.052746772766,2,4340.6,18923.38671875,72170.10546875
1062.0737733840942,2,3233.1,19234.6171875,72170.10546875
1063.104756116867,2,2802.1,19470.44140625,72170.10546875
1064.1307439804077,2,3409.6,19925.26171875,72170.10546875
1065.1441531181335,2,2876.5,21021.3125,72170.10546875
1066.152497768402,2,742.8,20995.8828125,72170.10546875
1067.1608216762543,2,1018.6,20924.515625,72170.10546875
1068.1690518856049,2,812.0,20858.1484375,72170.10546875
1069.1767497062683,2,3199.5,21171.19921875,72170.10546875
1070.1888318061829,2,2538.9,21327.00390625,72170.10546875
1071.197800397873,2,574.1,8439.0,74218.12109375
1072.2063035964966,2,991.1,8676.59375,72170.10546875
1073.2162353992462,2,2674.7,10580.3359375,72170.10546875
1074.2287471294403,2,4419.8,12510.8203125,72170.10546875
1075.2497537136078,2,4352.2,15580.83203125,72170.10546875
1076.2867486476898,2,4495.3,20134.40234375,72170.10546875
1077.3137457370758,2,4100.4,15340.4296875,72170.10546875
1078.3267469406128,2,4029.9,18399.0546875,72170.10546875
1079.349746465683,2,4267.5,18623.5078125,72170.10546875
1080.3702971935272,2,2540.5,18896.734375,72170.10546875
1081.3782420158386,2,3208.1,18990.28515625,72170.10546875
1082.3867478370667,2,3854.0,19896.546875,72170.10546875
1083.3939082622528,2,1330.3,20311.0234375,72170.10546875
1084.401876449585,2,909.0,20255.9375,72170.10546875
1085.4096505641937,2,1058.1,20276.91015625,72170.10546875
1086.4194793701172,2,3046.9,20417.6875,72170.10546875
1087.43097281456,2,2427.0,20604.62109375,72170.10546875
1088.4402961730957,2,589.9,9044.2109375,74218.12109375
1089.44886302948,2,1054.4,8708.01171875,72170.10546875
1090.4580781459808,2,2933.7,10751.97265625,72170.10546875
1091.4717464447021,2,4286.5,12666.27734375,72170.10546875
1092.4927582740784,2,4430.5,15854.16015625,72170.10546875
1093.519747018814,2,4542.5,20402.53515625,72170.10546875
1094.546780347824,2,4066.6,15847.78515625,72170.10546875
1095.56174492836,2,4080.2,18313.17578125,72170.10546875
1096.5827469825745,2,4330.7,18536.59765625,72170.10546875
1097.597757101059,2,2688.6,18895.5390625,72170.10546875
1098.6292977333069,2,2595.5,19000.671875,72170.10546875
1099.6407470703125,2,3845.2,19872.91015625,72170.10546875
1100.661259174347,2,1253.5,20251.75390625,72170.10546875
1101.667903661728,2,1018.2,20183.74609375,72170.10546875
1102.67564535141,2,918.2,20207.30859375,72170.10546875
1103.685117483139,2,3716.4,20387.0234375,72170.10546875
1104.6964194774628,2,1866.3,20648.4921875,72170.10546875
1105.7041690349579,2,389.2,7726.84375,72170.10546875
1106.711748123169,2,1641.4,8763.42578125,72170.10546875
1107.7718353271484,2,3177.3,11551.80078125,72170.10546875
1108.7867500782013,2,4326.5,12729.36328125,72170.10546875
1109.7987537384033,2,4503.4,16554.75390625,72170.10546875
1110.8238022327423,2,4323.0,20380.0234375,72170.10546875
1111.8347523212433,2,3923.7,15848.14453125,72170.10546875
1112.8617441654205,2,4095.7,18345.5078125,72170.10546875
1113.8824667930603,2,4136.9,18572.8671875,72170.10546875
1114.8917541503906,2,2522.4,18922.13671875,72170.10546875
1115.9187531471252,2,2720.1,19009.2421875,72170.10546875
1116.9417469501495,2,4013.7,19933.47265625,72170.10546875
1117.9505350589752,2,1037.8,20318.2578125,72170.10546875
1118.9594390392303,2,1015.4,20300.9453125,72170.10546875
1119.9678983688354,2,1030.5,20176.16796875,72170.10546875
1120.9807541370392,2,3965.0,20496.5,72170.10546875
1121.9973471164703,2,1502.3,20703.1484375,72170.10546875
1123.0057184696198,2,412.5,7924.80078125,72170.10546875
1124.0141360759735,2,1027.8,9277.56640625,72170.10546875
1125.023131608963,2,3473.9,9879.17578125,72170.10546875
1126.031780719757,2,2881.2,13832.28515625,72170.10546875
1127.0747516155243,2,4263.2,14607.46875,72170.10546875
1128.1017558574677,2,4467.8,18069.42578125,72170.10546875
1129.128357410431,2,4413.3,22273.48828125,72170.10546875
1130.1577496528625,2,4170.2,22181.3359375,72170.10546875
1131.1707510948181,2,4142.1,19185.265625,72170.10546875
1132.1977479457855,2,4140.4,20512.8828125,72170.10546875
1133.2219281196594,2,3963.4,20821.3203125,72170.10546875
1134.233644247055,2,2852.8,20923.06640625,72170.10546875
1135.241754770279,2,2823.5,21248.0234375,72170.10546875
1136.2686595916748,2,3583.6,21789.1328125,72170.10546875
1137.2800981998444,2,2528.6,22719.3046875,72170.10546875
1138.2895858287811,2,778.4,22700.8125,72170.10546875
1139.300746679306,2,1158.4,22518.03125,72170.10546875
1140.3097486495972,2,849.6,22460.75,72170.10546875
1141.3177497386932,2,3898.4,22670.80078125,72170.10546875
1142.3266913890839,2,2043.6,23019.6484375,72170.10546875
1143.3360903263092,2,422.5,9000.68359375,74218.12109375
1144.3443386554718,2,884.4,9248.22265625,72170.10546875
1145.355742931366,2,2957.8,9538.0625,72170.10546875
1146.3937530517578,2,2639.1,13290.75,72170.10546875
1147.4117450714111,2,4268.8,14569.30859375,72170.10546875
1148.4478824138641,2,4462.3,17485.0390625,72170.10546875
1149.4737527370453,2,4350.6,21146.734375,72170.10546875
1150.497897863388,2,4285.6,23672.34375,72170.10546875
1151.5257630348206,2,4116.1,19039.5859375,72170.10546875
1152.5457484722137,2,4157.3,20464.2421875,72170.10546875
1153.566754102707,2,4323.5,20642.8671875,72170.10546875
1154.5877645015717,2,2918.3,20861.08984375,72170.10546875
1155.6197516918182,2,2700.7,21169.375,72170.10546875
1156.6514279842377,2,3483.9,21665.1875,72170.10546875
1157.6635720729828,2,2838.4,22673.125,72170.10546875
1158.6720778942108,2,788.9,22561.890625,72170.10546875
1159.6798412799835,2,1051.0,22494.70703125,72170.10546875
1160.6875467300415,2,814.7,22507.3515625,72170.10546875
1161.697749376297,2,2914.9,22771.5859375,72170.10546875
1162.7236483097076,2,3034.3,22935.6171875,72170.10546875
1163.733345746994,2,592.2,7597.44921875,74218.12109375
1164.7429745197296,2,667.3,8939.62109375,72170.10546875
1165.7517440319061,2,2087.6,9536.99609375,72170.10546875
1166.7927751541138,2,2707.1,12048.10546875,72170.10546875
1167.8177449703217,2,4388.4,14387.859375,72170.10546875
1168.8387699127197,2,4444.3,16404.2265625,72170.10546875
1169.8657567501068,2,4377.5,20138.94140625,72170.10546875
1170.8909509181976,2,4410.2,24301.49609375,72170.10546875
1171.9202222824097,2,3965.0,17115.69140625,72170.10546875
1172.9377472400665,2,4140.2,20479.12109375,72170.10546875
1173.958746433258,2,4341.2,20614.3125,72170.10546875
1174.9787681102753,2,2948.5,20873.68359375,72170.10546875
1176.0107548236847,2,3363.0,21033.83203125,72170.10546875
1177.0387456417084,2,2654.6,21193.890625,72170.10546875
1178.0503721237183,2,4004.6,22172.69921875,72170.10546875
1179.059374332428,2,985.6,22532.734375,72170.10546875
1180.0689959526062,2,984.2,22504.71875,72170.10546875
1181.0778269767761,2,1097.4,22437.234375,72170.10546875
1182.0857441425323,2,2235.0,22642.80859375,72170.10546875
1183.0974962711334,2,3729.5,22824.140625,72170.10546875
1184.1079642772675,2,661.6,21265.59375,72170.10546875
1185.1160814762115,2,467.1,8492.97265625,72170.10546875
1186.1247475147247,2,1354.1,9520.7109375,72170.10546875
1187.1813666820526,2,2794.2,11709.11328125,72170.10546875
1188.190746307373,2,4326.8,14379.09765625,72170.10546875
1189.2117545604706,2,4394.7,15173.08203125,72170.10546875
1190.2337596416473,2,4365.3,19073.40234375,72170.10546875
1191.2597513198853,2,4432.4,23610.57421875,72170.10546875
1192.286747932434,2,4028.4,16695.05859375,72170.10546875
1193.297747373581,2,4373.5,20205.1171875,72170.10546875
1194.30974817276,2,3945.6,20533.15625,72170.10546875
1195.3305418491364,2,3263.4,20791.86328125,72170.10546875
1196.3377575874329,2,3342.4,21010.46484375,72170.10546875
1197.3684260845184,2,2631.3,21098.33203125,72170.10546875
1198.3767592906952,2,3867.8,22027.95703125,72170.10546875
1199.3977484703064,2,1666.2,22496.9375,72170.10546875
1200.4053313732147,2,894.5,22541.13671875,72170.10546875
1201.4148495197296,2,1173.1,22417.2109375,72170.10546875
1202.4207541942596,2,793.1,22621.73046875,72170.10546875
1203.432746887207,2,4120.4,22705.20703125,72170.10546875
1204.4463801383972,2,1654.7,22963.765625,72170.10546875
1205.455480337143,2,401.1,7606.65234375,72170.10546875
1206.4653429985046,2,984.1,9217.55859375,72170.10546875
1207.4737434387207,2,3370.9,9513.2578125,72170.10546875
1208.5414896011353,2,2617.8,13335.30859375,72170.10546875
1209.558746099472,2,4191.5,14584.90234375,72170.10546875
1210.5837461948395,2,4471.3,17803.7421875,72170.10546875
1211.609753370285,2,4370.6,21952.1171875,72170.10546875
1212.6365430355072,2,4282.1,23016.3984375,72170.10546875
1213.660031080246,2,4139.2,19085.0625,72170.10546875
1214.6767489910126,2,3954.3,20504.6953125,72170.10546875
1215.7011544704437,2,4126.7,20700.30078125,72170.10546875
1216.7271814346313,2,3071.2,20909.20703125,72170.10546875
1217.7593224048615,2,2674.1,21160.08984375,72170.10546875
1218.7737452983856,2,3267.8,21569.578125,72170.10546875
1219.7870221138,2,2930.8,22621.421875,72170.10546875
1220.795749425888,2,800.0,22485.3203125,72170.10546875
1221.8045842647552,2,883.5,22566.12890625,72170.10546875
1222.8142409324646,2,980.4,22449.0625,72170.10546875
1223.824753522873,2,2890.7,22719.67578125,72170.10546875
1224.8494384288788,2,3044.2,22888.30859375,72170.10546875
1225.8594155311584,2,626.9,13508.2265625,72170.10546875
1226.8674862384796,2,588.2,8740.88671875,72170.10546875
1227.8757491111755,2,1871.3,9523.8984375,72170.10546875
1228.9327449798584,2,2319.2,12279.31640625,72170.10546875
1229.94277882576,2,3946.5,14754.19921875,72170.10546875
1230.9567472934723,2,4041.1,15959.8515625,72170.10546875
1231.977266550064,2,4410.3,18505.40234375,72170.10546875
1233.0039999485016,2,4413.8,22469.95703125,82410.10546875
1234.028755903244,2,4343.7,26980.6640625,82466.10546875
1235.0557572841644,2,4425.1,30420.828125,82466.10546875
1236.0828070640564,2,3683.1,19430.38671875,82466.10546875
1237.0920283794403,2,4525.1,23202.19921875,82466.10546875
1238.108749628067,2,3830.3,24788.6796875,82466.10546875
1239.1317434310913,2,4320.4,25019.265625,82466.10546875
1240.1527557373047,2,3679.8,25339.61328125,82466.10546875
1241.1701028347015,2,2732.2,25613.171875,82466.10546875
1242.1788926124573,2,3927.2,25872.72265625,82466.10546875
1243.1887459754944,2,2203.8,25762.82421875,82466.10546875
1244.2037484645844,2,3332.1,27075.07421875,82466.10546875
1245.224368095398,2,2810.4,28089.07421875,82466.10546875
1246.2345435619354,2,878.0,28450.28125,82466.10546875
1247.2435789108276,2,834.7,28353.140625,82466.10546875
1248.2547664642334,2,1211.3,28289.2421875,82466.10546875
1249.2618579864502,2,704.6,28272.6953125,82466.10546875
1250.2709591388702,2,1390.9,28700.01171875,82466.10546875
1251.2803571224213,2,4260.2,28773.74609375,82466.10546875
1252.2914681434631,2,1831.8,29357.6328125,82466.10546875
1253.301263332367,2,640.8,29626.08984375,82466.10546875
1254.3093724250793,2,427.1,8411.30078125,84514.12109375
1255.3183569908142,2,1042.2,8537.5546875,82466.10546875
1256.3285162448883,2,3421.6,11000.9921875,82466.10546875
1257.3417553901672,2,4211.5,13132.45703125,82466.10546875
1258.3667554855347,2,4480.4,13152.1953125,82466.10546875
1259.382749080658,2,4300.6,15260.64453125,82466.10546875
1260.3983283042908,2,3282.3,15538.796875,82466.10546875
1261.4064321517944,2,3188.5,15940.0859375,82466.10546875
1262.4176733493805,2,2380.5,16884.6640625,82466.10546875
1263.424903869629,2,1277.1,16830.2265625,82466.10546875
1264.4327464103699,2,3521.5,16998.8515625,82466.10546875
1265.4446392059326,2,904.7,17343.54296875,82466.10546875
1266.4536085128784,2,946.3,8753.47265625,82466.10546875
1267.4628114700317,2,2562.9,10520.0625,82466.10546875
1268.4802379608154,2,4231.9,12198.87109375,82466.10546875
1269.5046136379242,2,4557.9,16777.4609375,82466.10546875
1270.526745557785,2,4162.9,15221.2890625,82466.10546875
1271.547768354416,2,3545.6,15450.48828125,82466.10546875
1272.5736303329468,2,2954.2,15633.3515625,82466.10546875
1273.5867547988892,2,3259.6,16710.55078125,82466.10546875
1274.6007494926453,2,1246.8,16627.46484375,82466.10546875
1275.6127500534058,2,2804.3,16884.69921875,82466.10546875
1276.6296844482422,2,1572.5,17097.0234375,82466.10546875
1277.6380660533905,2,547.4,8310.53125,82466.10546875
1278.6464915275574,2,1021.6,9403.13671875,82466.10546875
1279.6547391414642,2,3112.8,11094.00390625,82466.10546875
1280.6637573242188,2,3437.3,14415.8828125,82466.10546875
1281.6807508468628,2,4093.5,15809.3671875,82466.10546875
1282.7048163414001,2,4380.8,17711.02734375,82466.10546875
1283.7327902317047,2,4309.0,20982.29296875,82466.10546875
1284.7572135925293,2,4440.0,26186.55078125,82466.10546875
1285.7857539653778,2,4413.3,28734.46875,82466.10546875
1286.81480884552,2,3898.8,20582.6328125,82466.10546875
1287.82874917984,2,4279.1,23150.25,82466.10546875
1288.8607473373413,2,3792.5,24777.52734375,82466.10546875
1289.8817489147186,2,4324.2,24959.61328125,82466.10546875
1290.9023978710175,2,3722.6,25258.9375,82466.10546875
1291.9102067947388,2,2842.5,25599.578125,82466.10546875
1292.9184267520905,2,3936.0,25881.0,82466.10546875
1293.9277472496033,2,2446.5,25930.984375,82466.10546875
1294.940744638443,2,3722.3,27259.59375,82466.10546875
1295.9614996910095,2,2433.2,28281.265625,82466.10546875
1296.971565246582,2,680.9,28395.0,82466.10546875
1297.9790334701538,2,875.1,28126.03515625,82466.10546875
1298.9877467155457,2,1231.2,28100.6796875,82466.10546875
1300.0025281906128,2,601.4,28104.3515625,82466.10546875
1301.0107498168945,2,2630.2,28631.1484375,82466.10546875
1302.0257468223572,2,3939.5,28816.36328125,82466.10546875
1303.0502548217773,2,603.3,29147.6953125,82466.10546875
1304.0594987869263,2,858.0,29531.85546875,82466.10546875
1305.0690128803253,2,261.7,7934.73046875,82466.10546875
1306.0776698589325,2,1113.1,9026.58203125,82466.10546875
1307.0887446403503,2,2746.0,11639.9921875,82466.10546875
1308.1037516593933,2,4290.9,14061.64453125,82466.10546875
1309.139891386032,2,4324.9,15553.54296875,82466.10546875
1310.16575050354,2,4481.9,19903.98828125,82466.10546875
1311.19775557518,2,4547.7,24023.05078125,82466.10546875
1312.2157530784607,2,3925.6,17626.4140625,82466.10546875
1313.2357473373413,2,4084.5,20193.46484375,82466.10546875
1314.2595720291138,2,4179.7,20375.69921875,82466.10546875
1315.2857730388641,2,2739.4,20588.93359375,82466.10546875
1316.3175420761108,2,2787.4,20749.3203125,82466.10546875
1317.3263547420502,2,3581.0,21258.3515625,82466.10546875
1318.338786125183,2,2641.3,22170.28515625,82466.10546875
1319.3497459888458,2,927.4,22008.125,82466.10546875
1320.3577206134796,2,1202.3,22051.3828125,82466.10546875
1321.3667533397675,2,1715.2,22246.0546875,82466.10546875
1322.382744550705,2,3998.0,22244.91015625,82466.10546875
1323.3912208080292,2,783.8,22528.3984375,82466.10546875
1324.3991978168488,2,353.1,8510.26953125,82466.10546875
1325.4073157310486,2,927.7,9793.28515625,82466.10546875
1326.416746377945,2,3643.9,9971.0546875,82466.10546875
1327.4454545974731,2,2161.0,13896.3515625,82466.10546875
1328.4667482376099,2,4167.8,16125.94140625,82466.10546875
1329.4876129627228,2,4279.1,16603.81640625,82466.10546875
1330.5135674476624,2,4342.6,19967.58203125,82466.10546875
1331.5417590141296,2,4415.2,24247.94921875,82466.10546875
1332.5667548179626,2,4456.0,29770.4140625,82466.10546875
1333.594749212265,2,4237.8,29379.578125,82466.10546875
1334.6173548698425,2,3791.7,20599.07421875,82466.10546875
1335.6327543258667,2,4503.3,24546.01171875,82466.10546875
1336.6527490615845,2,3824.2,25557.6796875,82466.10546875
1337.6737484931946,2,4244.5,25726.3046875,82466.10546875
1338.6943612098694,2,3356.7,26021.1015625,82466.10546875
1339.7038521766663,2,2901.8,26340.46875,82466.10546875
1340.7137579917908,2,3469.5,26439.734375,82466.10546875
1341.7407529354095,2,2466.6,26496.06640625,82466.10546875
1342.7677476406097,2,3887.5,27644.4453125,82466.10546875
1343.789745092392,2,2830.2,28609.83203125,82466.10546875
1344.7988770008087,2,970.5,28863.6328125,82466.10546875
1345.808545589447,2,823.6,28794.18359375,82466.10546875
1346.8163466453552,2,1165.8,28769.60546875,82466.10546875
1347.8242304325104,2,745.4,28812.55859375,82466.10546875
1348.833744764328,2,740.7,29007.05078125,82466.10546875
1349.8477492332458,2,3823.3,29375.06640625,82466.10546875
1350.8645441532135,2,3372.5,29775.4140625,82466.10546875
1351.8737688064575,2,510.5,30039.61328125,82466.10546875
1352.8825023174286,2,687.8,27056.86328125,82466.10546875
1353.8914210796356,2,300.5,8362.26171875,82466.10546875
1354.8997447490692,2,967.3,9499.61328125,82466.10546875
1355.9087629318237,2,3664.8,9935.55859375,82466.10546875
1356.9177565574646,2,2424.6,14345.734375,82466.10546875
1357.9407477378845,2,4197.6,15964.9609375,82466.10546875
1358.9617626667023,2,4386.4,16993.01953125,82466.10546875
1359.9950203895569,2,4334.1,21018.48828125,82466.10546875
1361.0219492912292,2,4382.4,25095.38671875,82466.10546875
1362.051530122757,2,4481.1,29960.7265625,82466.10546875
1363.0778255462646,2,4092.4,24053.21875,82466.10546875
1364.099760055542,2,4081.4,22697.5546875,82466.10546875
1365.1307501792908,2,3771.0,24798.8359375,82466.10546875
1366.153617143631,2,4227.8,25005.21484375,82466.10546875
1367.1637554168701,2,4430.5,25220.82421875,82466.10546875
1368.1887564659119,2,2974.5,25506.92578125,82466.10546875
1369.217678308487,2,2997.5,25907.5,82466.10546875
1370.25075507164,2,2875.4,25875.66015625,82466.10546875
1371.263396024704,2,3758.4,27046.67578125,82466.10546875
1372.2719819545746,2,2784.5,27945.2109375,82466.10546875
1373.2797527313232,2,1121.3,28309.6875,82466.10546875
1374.2944972515106,2,769.2,28351.55078125,82466.10546875
1375.3033435344696,2,1179.3,28294.875,82466.10546875
1376.3124136924744,2,777.0,28230.66015625,82466.10546875
1377.3188428878784,2,1375.5,28668.3359375,82466.10546875
1378.3271791934967,2,4240.6,28694.9765625,82466.10546875
1379.3359422683716,2,1875.2,29328.4375,82466.10546875
1380.3447749614716,2,626.4,29600.2890625,82466.10546875
1381.3535869121552,2,424.6,8574.3515625,82466.10546875
1382.3615493774414,2,592.2,8948.078125,82466.10546875
1383.3697094917297,2,1491.9,9745.9609375,82466.10546875
1384.4273357391357,2,2785.7,11976.53125,82466.10546875
1385.4367489814758,2,4136.7,15034.265625,82466.10546875
1386.4507493972778,2,4025.0,16081.51171875,82466.10546875
1387.4707584381104,2,4336.6,19021.0234375,82466.10546875
1388.4967517852783,2,4350.9,22329.4375,82466.10546875
1389.5237030982971,2,4430.6,26648.79296875,82466.10546875
1390.550757408142,2,4427.2,30487.4140625,82466.10546875
1391.5734069347382,2,3795.0,19404.1015625,82466.10546875
1392.5817685127258,2,4362.3,23092.015625,82466.10546875
1393.607744693756,2,3853.8,24749.546875,82466.10546875
1394.6287450790405,2,4330.9,24966.87109375,82466.10546875
1395.649198770523,2,3620.6,25293.67578125,82466.10546875
1396.6604297161102,2,2844.5,25677.53515625,82466.10546875
1397.6687557697296,2,3899.6,25886.4453125,82466.10546875
1398.692363500595,2,2611.8,25985.03125,82466.10546875
1399.704746723175,2,3501.4,27281.453125,82466.10546875
1400.7252507209778,2,2607.6,28256.05859375,82466.10546875
1401.733372926712,2,689.8,28480.41015625,82466.10546875
1402.742341518402,2,991.9,28341.54296875,82466.10546875
1403.7515330314636,2,1254.3,28206.30078125,82466.10546875
1404.7592906951904,2,657.0,28202.80859375,82466.10546875
1405.7707521915436,2,3804.2,28812.0078125,82466.10546875
1406.786580324173,2,3106.0,29234.85546875,82466.10546875
1407.7951457500458,2,519.7,29515.078125,82466.10546875
1408.8035085201263,2,650.3,21039.78515625,82466.10546875
1409.8121955394745,2,440.4,8554.64453125,82466.10546875
1410.8237509727478,2,1427.5,9613.45703125,82466.10546875
1411.9005677700043,2,2614.0,12085.890625,82466.10546875
1412.9100544452667,2,4301.7,14774.1171875,82466.10546875
1413.9237461090088,2,4033.5,15974.5,82466.10546875
1414.943828344345,2,4354.7,18464.02734375,82466.10546875
1415.9700689315796,2,4351.5,21836.234375,82466.10546875
1416.9987556934357,2,4423.8,26360.43359375,82466.10546875
1418.0244965553284,2,4318.2,29201.44921875,82466.10546875
1419.0487504005432,2,3807.0,21387.01171875,82466.10546875
1420.068761587143,2,4115.4,23090.1640625,82466.10546875
1421.0917475223541,2,3717.7,24735.796875,82466.10546875
1422.1127467155457,2,4272.0,24977.953125,82466.10546875
1423.1319825649261,2,4028.1,25253.7578125,82466.10546875
1424.1420674324036,2,2910.8,25426.375,82466.10546875
1425.1517601013184,2,3237.8,25812.56640625,82466.10546875
1426.1822130680084,2,2509.3,25867.890625,82466.10546875
1427.2057461738586,2,3687.4,27018.94140625,82466.10546875
1428.2264924049377,2,2768.6,27987.89453125,82466.10546875
1429.2341055870056,2,932.4,28433.57421875,82466.10546875
1430.2433621883392,2,876.9,28204.015625,82466.10546875
1431.2503397464752,2,1163.3,28286.09765625,82466.10546875
1432.2603523731232,2,796.6,28170.125,82466.10546875
1433.2687466144562,2,2414.6,28662.03125,82466.10546875
1434.2821385860443,2,4156.9,28659.71875,82466.10546875
1435.2918100357056,2,801.3,29275.3515625,82466.10546875
1436.3000631332397,2,785.7,29608.578125,82466.10546875
1437.3093059062958,2,299.7,7733.70703125,82466.10546875
1438.317747592926,2,996.1,9710.52734375,82466.10546875
1439.3287506103516,2,1692.8,10114.30859375,82466.10546875
1440.3861203193665,2,3063.3,12074.359375,82466.10546875
1441.3957550525665,2,3713.1,15084.4375,82466.10546875
1442.4117498397827,2,4014.1,16772.62109375,82466.10546875
1443.4358260631561,2,4220.4,17001.984375,82466.10546875
1444.4517540931702,2,4304.3,21336.41015625,82466.10546875
1445.4777541160583,2,4374.9,25040.53515625,82466.10546875
1446.5037562847137,2,4401.1,29369.92578125,82466.10546875
1447.5337691307068,2,4234.5,27824.0703125,82466.10546875
1448.5567791461945,2,3884.6,21600.37890625,82466.10546875
1449.5879855155945,2,4532.2,25085.0859375,82466.10546875
1450.6027483940125,2,3793.5,25960.09375,82466.10546875
1451.6226501464844,2,4049.1,26285.5625,82466.10546875
1452.6489832401276,2,3420.0,26557.6875,82466.10546875
1453.6580066680908,2,2982.1,26749.8828125,82466.10546875
1454.6677572727203,2,3004.2,27126.68359375,82466.10546875
1455.6981778144836,2,2439.8,26998.78125,82466.10546875
1456.7189049720764,2,3957.0,27779.71875,82466.10546875
1457.7306966781616,2,3206.3,28821.59375,82466.10546875
1458.7394533157349,2,1166.0,29503.4609375,82466.10546875
1459.7464134693146,2,781.6,29526.84375,82466.10546875
1460.7557547092438,2,828.8,29415.96484375,82466.10546875
1461.7681770324707,2,1189.2,29416.54296875,82466.10546875
1462.7762682437897,2,565.1,29570.71484375,82466.10546875
1463.7857432365417,2,1873.8,30106.8515625,82466.10546875
1464.8067450523376,2,4359.4,30094.28515625,82466.10546875
1465.8276822566986,2,1958.9,30476.32421875,82466.10546875
1466.83624958992,2,634.8,30722.0625,82466.10546875
1467.846150636673,2,433.3,7897.8515625,84514.12109375
1468.8546612262726,2,946.2,8451.5390625,82466.10546875
1469.8637647628784,2,3176.3,10598.05859375,82466.10546875
1470.8777587413788,2,4245.2,12744.68359375,82466.10546875
1471.9038763046265,2,4534.2,12828.3125,82466.10546875
1472.9177598953247,2,4295.4,15014.75,82466.10546875
1473.9398674964905,2,3291.8,15357.07421875,82466.10546875
1474.9486191272736,2,3288.5,15714.51171875,82466.10546875
1475.9606494903564,2,2256.0,16580.65625,82466.10546875
1476.969346523285,2,1170.4,16496.80859375,82466.10546875
1477.9784758090973,2,3707.1,16858.265625,82466.10546875
1478.987759590149,2,657.6,7874.64453125,84514.12109375
1479.997338294983,2,901.9,8622.5390625,82466.10546875
1481.0067479610443,2,3151.7,10607.51171875,82466.10546875
1482.0237543582916,2,4163.1,12616.55859375,82466.10546875
1483.051771402359,2,4559.1,14238.2734375,82466.10546875
1484.0687580108643,2,4221.7,14917.671875,82466.10546875
1485.0950248241425,2,3415.2,15159.984375,82466.10546875
1486.1032769680023,2,3169.0,15543.484375,82466.10546875
1487.115068435669,2,2351.5,16401.4765625,82466.10546875
1488.1228041648865,2,1185.8,16344.16796875,82466.10546875
1489.1313955783844,2,3736.3,16707.87109375,82466.10546875
1490.138302564621,2,655.7,9187.43359375,82466.10546875
1491.1479086875916,2,521.7,9089.265625,82466.10546875
1492.1562168598175,2,884.4,9980.375,82466.10546875
1493.1647427082062,2,4151.5,10103.15625,82466.10546875
1494.1947515010834,2,2152.7,14192.2734375,82466.10546875
1495.2193236351013,2,4198.0,16481.53515625,82466.10546875
1496.241745710373,2,4175.3,16948.6484375,82466.10546875
1497.2622165679932,2,4313.2,19781.41015625,82466.10546875
1498.286105632782,2,4333.0,23634.50390625,82466.10546875
1499.3157541751862,2,4432.6,27963.0390625,82466.10546875
1500.3427634239197,2,4602.6,29776.26953125,82466.10546875
1501.3702335357666,2,3652.7,20424.49609375,82466.10546875
1502.3787877559662,2,4372.1,24273.2578125,82466.10546875
1503.3987464904785,2,3851.5,26009.46484375,82466.10546875
1504.4197483062744,2,4218.4,26133.84765625,82466.10546875
1505.4404561519623,2,4276.1,26297.41796875,82466.10546875
1506.451788187027,2,2211.0,26580.15625,82466.10546875
1507.4637577533722,2,3051.2,26864.8359375,82466.10546875
1508.4970812797546,2,2852.7,26897.734375,82466.10546875
1509.5067460536957,2,3595.9,27429.5546875,82466.10546875
1510.5287511348724,2,3487.9,28525.2734375,82466.10546875
1511.5543541908264,2,1662.0,29451.65234375,82466.10546875
1512.563801765442,2,713.4,29608.13671875,82466.10546875
1513.575942516327,2,803.4,29432.390625,82466.10546875
1514.5839433670044,2,1171.5,29415.74609375,82466.10546875
1515.5912380218506,2,754.7,29352.0703125,82466.10546875
1516.6008441448212,2,1606.7,29628.515625,82466.10546875
1517.6097502708435,2,4084.1,29934.31640625,82466.10546875
1518.6244049072266,2,2449.5,30432.140625,82466.10546875
1519.6326313018799,2,589.0,30629.29296875,82466.10546875
1520.6410744190216,2,597.6,17613.390625,82466.10546875
1521.6500737667084,2,407.6,8586.9296875,82466.10546875
1522.6584086418152,2,922.0,9559.02734375,82466.10546875
1523.6682713031769,2,3846.2,10242.9609375,82466.10546875
1524.6787519454956,2,2717.0,14375.26171875,82466.10546875
1525.7007462978363,2,4048.6,16000.05078125,82466.10546875
1526.7217614650726,2,4356.0,17030.69921875,82466.10546875
1527.7507491111755,2,4370.1,20416.30078125,82466.10546875
1528.790769815445,2,4365.5,24717.671875,82466.10546875
1529.8126413822174,2,4456.0,29818.375,82466.10546875
1530.8397707939148,2,3982.8,23429.140625,82466.10546875
1531.8595414161682,2,4157.4,23060.8671875,82466.10546875
1532.8820083141327,2,3869.1,24719.87109375,82466.10546875
1533.8937449455261,2,4236.3,24936.51171875,82466.10546875
1534.9147572517395,2,4370.0,25104.625,82466.10546875
1535.940707206726,2,3191.8,25332.8203125,82466.10546875
1536.9527659416199,2,2939.7,25680.15234375,82466.10546875
1537.979740858078,2,2602.9,25723.14453125,82466.10546875
1538.9872846603394,2,3692.0,26866.4609375,82466.10546875
1539.995744228363,2,2892.5,27924.11328125,82466.10546875
1541.0161294937134,2,1023.3,28246.10546875,82466.10546875
1542.0245308876038,2,765.1,28242.65625,82466.10546875
1543.0334737300873,2,1181.6,28154.8125,82466.10546875
1544.0413992404938,2,784.9,28151.671875,82466.10546875
1545.0504586696625,2,1364.8,28519.6875,82466.10546875
1546.0587453842163,2,4184.0,28890.54296875,82466.10546875
1547.0798044204712,2,1890.7,29270.57421875,82466.10546875
1548.0893166065216,2,626.3,29555.50390625,82466.10546875
1549.0983772277832,2,403.3,8457.53125,84514.12109375
1550.1074430942535,2,651.7,9288.48828125,82466.10546875
1551.115745306015,2,1160.4,10042.453125,82466.10546875
1552.1768591403961,2,3787.0,11056.015625,82466.10546875
1553.1857693195343,2,2907.5,15007.1953125,82466.10546875
1554.225747346878,2,4115.5,16705.96875,82466.10546875
1555.2467539310455,2,4276.7,16917.953125,82466.10546875
1556.2727556228638,2,4287.4,20593.92578125,82466.10546875
1557.2958867549896,2,4251.1,23759.76171875,82466.10546875
1558.3258328437805,2,4389.9,28684.796875,82466.10546875
1559.3527550697327,2,4218.9,30853.42578125,82466.10546875
1560.3757491111755,2,3584.2,20611.75,82466.10546875
1561.387772321701,2,4388.3,24430.9140625,82466.10546875
1562.401747226715,2,3481.3,25961.69140625,82466.10546875
1563.4257462024689,2,4086.2,26161.27734375,82466.10546875
1564.4498331546783,2,4273.5,26345.7109375,82466.10546875
1565.4616985321045,2,2257.2,26638.33984375,82466.10546875
1566.4697568416595,2,3116.4,26916.42578125,82466.10546875
1567.4920010566711,2,2852.2,26933.640625,82466.10546875
1568.5080189704895,2,3866.2,27467.05078125,82466.10546875
1569.5207464694977,2,3429.2,28604.97265625,82466.10546875
1570.5409834384918,2,1445.6,29474.4765625,82466.10546875
1571.5501234531403,2,654.1,29556.37109375,82466.10546875
1572.5597496032715,2,877.1,29317.55859375,82466.10546875
1573.568174123764,2,1072.9,29382.14453125,82466.10546875
1574.576635837555,2,745.2,29402.57421875,82466.10546875
1575.588748216629,2,895.5,29546.48828125,82466.10546875
1576.6057453155518,2,3917.3,29913.8203125,82466.10546875
1577.624621629715,2,3392.9,30319.8203125,82466.10546875
1578.6327741146088,2,510.1,30583.87890625,82466.10546875
1579.6424300670624,2,657.3,26803.03515625,82466.10546875
1580.6510257720947,2,238.0,8198.87109375,82466.10546875
1581.6596534252167,2,1036.5,9531.28515625,82466.10546875
1582.6697442531586,2,3390.5,9738.9296875,82466.10546875
1583.696748971939,2,2382.2,13487.13671875,82466.10546875
1584.7217450141907,2,4259.1,15710.875,82466.10546875
1585.7417531013489,2,4276.7,16188.79296875,82466.10546875
1586.76775598526,2,4332.1,20668.69921875,82466.10546875
1587.7937514781952,2,4431.1,24725.40625,82466.10546875
1588.8197519779205,2,4438.3,29041.72265625,82466.10546875
1589.844747543335,2,4021.6,25739.3828125,82466.10546875
1590.868750333786,2,3934.7,20367.6875,82466.10546875
1591.8993740081787,2,3869.0,24722.86328125,82466.10546875
1592.9127550125122,2,4596.8,24688.5859375,82466.10546875
1593.9337475299835,2,3929.4,25152.359375,82466.10546875
1594.9544639587402,2,3186.5,25430.80859375,82466.10546875
1595.9645190238953,2,3187.1,25731.1796875,82466.10546875
1596.9737558364868,2,2965.8,25816.94140625,82466.10546875
1597.999912261963,2,3371.9,26321.22265625,82466.10546875
1599.0117464065552,2,3345.3,27441.13671875,82466.10546875
1600.0234160423279,2,1208.6,28223.01953125,82466.10546875
1601.0310409069061,2,862.0,28215.12890625,82466.10546875
1602.0380601882935,2,975.6,28276.953125,82466.10546875
1603.0466933250427,2,1068.8,28223.59375,82466.10546875
1604.058744430542,2,1150.8,28287.22265625,82466.10546875
1605.0686423778534,2,3897.4,28619.34765625,82466.10546875
1606.0801131725311,2,2416.6,29245.5546875,82466.10546875
1607.088496208191,2,581.8,29415.79296875,82466.10546875
1608.0974733829498,2,601.4,15370.38671875,82466.10546875
1609.105033159256,2,539.6,8758.125,82466.10546875
1610.1137475967407,2,1380.3,9642.44140625,82466.10546875
1611.173086643219,2,2936.6,11731.171875,82466.10546875
1612.1823017597198,2,3868.5,14798.796875,82466.10546875
1613.1967554092407,2,4086.4,16010.50390625,82466.10546875
1614.2177572250366,2,4386.9,18284.765625,82466.10546875
1615.245575428009,2,4396.7,21900.7578125,82466.10546875
1616.2727539539337,2,4395.5,26886.38671875,82466.10546875
1617.2957575321198,2,4397.2,30072.05859375,82466.10546875
1618.324198961258,2,3748.9,19374.56640625,82466.10546875
1619.3389430046082,2,4531.1,23124.0703125,82466.10546875
1620.3547451496124,2,3852.8,24714.62890625,82466.10546875
1621.3747539520264,2,4241.6,24899.6953125,82466.10546875
1622.3977591991425,2,3701.9,25220.5859375,82466.10546875
1623.413714170456,2,2673.6,25543.74609375,82466.10546875
1624.4232127666473,2,3926.0,25791.0234375,82466.10546875
1625.4336307048798,2,2443.1,25851.32421875,82466.10546875
1626.447747707367,2,3645.9,27220.6015625,82466.10546875
1627.460432767868,2,2575.6,28282.48046875,82466.10546875
1628.4697813987732,2,689.2,28319.09375,82466.10546875
1629.4781889915466,2,881.8,28142.69140625,82466.10546875
1630.4863686561584,2,1241.5,28135.88671875,82466.10546875
1631.4974102973938,2,549.8,28189.859375,82466.10546875
1632.5067155361176,2,2343.7,28652.359375,82466.10546875
1633.5237483978271,2,4188.1,28651.6875,82466.10546875
1634.5376677513123,2,850.0,29214.75,82466.10546875
1635.5476479530334,2,787.0,29548.91796875,82466.10546875
1636.5546386241913,2,278.6,9367.640625,84514.12109375
1637.563081741333,2,960.3,9203.625,82466.10546875
1638.5727446079254,2,3232.6,9506.80859375,82466.10546875
1639.6397635936737,2,2642.2,13337.2109375,82466.10546875
1640.6527466773987,2,4144.0,14581.9609375,82466.10546875
1641.673755645752,2,4444.3,17533.17578125,82466.10546875
1642.7017509937286,2,4429.0,21627.5703125,82466.10546875
1643.7281785011292,2,4313.9,22794.3203125,82466.10546875
1644.7467906475067,2,4109.4,19018.29296875,82466.10546875
1645.7727456092834,2,4174.8,20416.62109375,82466.10546875
1646.7934250831604,2,4248.5,20624.41796875,82466.10546875
1647.8052265644073,2,2914.7,20832.34375,82466.10546875
1648.8127558231354,2,2641.9,21065.41796875,82466.10546875
1649.8344676494598,2,3536.8,21570.10546875,82466.10546875
1650.846216917038,2,2754.6,22590.57421875,82466.10546875
1651.8549506664276,2,803.0,22491.671875,82466.10546875
1652.8636107444763,2,889.7,22444.0546875,82466.10546875
1653.8729424476624,2,891.5,22468.171875,82466.10546875
1654.8817102909088,2,2064.2,22620.71875,82466.10546875
1655.8947494029999,2,3904.1,22821.08984375,82466.10546875
1656.903501033783,2,662.4,23086.45703125,82466.10546875
1657.9119217395782,2,372.9,8384.4140625,82466.10546875
1658.9202213287354,2,990.0,9512.8515625,82466.10546875
1659.9297442436218,2,3771.8,9718.8359375,82466.10546875
1660.97975730896,2,2328.4,14107.375,82466.10546875
1661.9967472553253,2,4107.0,15954.1953125,82466.10546875
1663.0177574157715,2,4441.1,16706.68359375,82466.10546875
1664.0443732738495,2,4325.2,20583.63671875,82466.10546875
1665.0677552223206,2,4311.9,25116.35546875,82466.10546875
1666.0964477062225,2,4318.4,29236.828125,82466.10546875
1667.1137499809265,2,3964.8,25502.96484375,82466.10546875
1668.1267569065094,2,4080.7,20384.015625,82466.10546875
1669.1570138931274,2,3777.7,24686.91015625,82466.10546875
1670.166579246521,2,4532.7,24646.78125,82466.10546875
1671.19260263443,2,4017.2,25088.40625,82466.10546875
1672.2147569656372,2,3031.2,25308.25390625,82466.10546875
1673.23375082016,2,2803.7,25597.6484375,82466.10546875
1674.2647488117218,2,3083.6,25668.4296875,82466.10546875
1675.2910931110382,2,3722.6,26209.2421875,82466.10546875
1676.302755355835,2,3181.1,27391.59375,82466.10546875
1677.3113868236542,2,1124.3,28223.5,82466.10546875
1678.319946050644,2,815.8,28175.671875,82466.10546875
1679.328796863556,2,781.7,28326.94140625,82466.10546875
1680.3407464027405,2,1209.9,28080.30078125,82466.10546875
1681.3498516082764,2,551.9,28083.82421875,82466.10546875
1682.3577542304993,2,3257.1,28803.56640625,82466.10546875
1683.3847453594208,2,3659.0,29029.65625,82466.10546875
1684.3925983905792,2,556.6,29310.8046875,82466.10546875
1685.4005725383759,2,679.8,29173.76171875,82466.10546875
1686.4081842899323,2,212.2,8058.6328125,82466.10546875
1687.4167029857635,2,1007.3,9382.05078125,82466.10546875
1688.4267449378967,2,3559.0,9613.10546875,82466.10546875
1689.4847514629364,2,2368.3,14178.796875,82466.10546875
1690.511745929718,2,4160.6,15837.19140625,82466.10546875
1691.5307636260986,2,4316.3,16486.0546875,82466.10546875
1692.5567581653595,2,4360.5,20889.0859375,82466.10546875
1693.584302186966,2,4416.2,25050.67578125,82466.10546875
1694.6134822368622,2,4474.7,29155.296875,82466.10546875
1695.6432962417603,2,4014.5,24843.125,82466.10546875
1696.6567556858063,2,4076.4,21649.4765625,82466.10546875
1697.694747686386,2,3808.3,24725.58203125,82466.10546875
1698.7155067920685,2,4510.5,24762.82421875,82466.10546875
1699.7267436981201,2,3951.6,25157.53515625,82466.10546875
1700.7471470832825,2,2806.0,25399.5859375,82466.10546875
1701.7597572803497,2,3049.4,25715.33203125,82466.10546875
1702.7887535095215,2,3100.4,25809.26171875,82466.10546875
1703.8107447624207,2,3485.0,26345.37109375,82466.10546875
1704.8268520832062,2,3102.1,27480.2109375,82466.10546875
1705.8359756469727,2,1228.7,28199.46484375,82466.10546875
1706.84512257576,2,967.0,28205.4375,82466.10546875
1707.8545141220093,2,1168.3,28170.48828125,82466.10546875
1708.8636248111725,2,893.2,28085.79296875,82466.10546875
1709.8717465400696,2,2731.2,28580.62890625,82466.10546875
1710.881751537323,2,3983.4,28811.7109375,82466.10546875
1711.9061510562897,2,747.9,29186.203125,82466.10546875
1712.9285972118378,2,758.8,29562.03125,82466.10546875
1713.9352667331696,2,188.1,7913.90234375,82466.10546875
1714.9453411102295,2,964.3,9659.1015625,82466.10546875
1715.9547481536865,2,2740.2,9842.9921875,82466.10546875
1717.005756855011,2,2326.3,12915.26953125,82466.10546875
1718.0195813179016,2,4286.1,15992.7265625,82466.10546875
1719.0440230369568,2,4288.5,16429.44921875,82466.10546875
1720.0637557506561,2,4359.6,19005.4609375,82466.10546875
1721.0917520523071,2,4317.7,22517.953125,82466.10546875
1722.1197400093079,2,4464.5,26905.109375,82466.10546875
1723.1427726745605,2,4324.3,29333.44921875,82466.10546875
1724.1691851615906,2,3568.8,19798.69140625,82466.10546875
1725.1797494888306,2,4464.0,23592.53125,82466.10546875
1726.2127425670624,2,3831.2,25211.09765625,82466.10546875
1727.2387466430664,2,4271.1,25396.203125,82466.10546875
1728.2597515583038,2,3865.4,25719.7578125,82466.10546875
1729.2820780277252,2,2963.7,25861.47265625,82466.10546875
1730.2917580604553,2,3154.6,26242.515625,82466.10546875
1731.323753118515,2,2614.1,26276.8359375,82466.10546875
1732.3375580310822,2,3765.5,27486.625,82466.10546875
1733.3455765247345,2,2851.0,28495.75390625,82466.10546875
1734.357330083847,2,1009.3,28798.90625,82466.10546875
1735.3707478046417,2,831.4,28785.7421875,82466.10546875
1736.3864336013794,2,700.2,28789.546875,82466.10546875
1737.3945808410645,2,1210.0,28682.875,82466.10546875
1738.4028658866882,2,534.6,28705.5625,82466.10546875
1739.4110317230225,2,2301.7,29075.58984375,82466.10546875
1740.4225988388062,2,4147.9,29191.12109375,82466.10546875
1741.4406278133392,2,1330.4,29737.46875,82466.10546875
1742.4500868320465,2,670.9,29992.06640625,82466.10546875
1743.4592735767365,2,382.9,8725.5546875,84514.12109375
1744.467345714569,2,990.7,8783.7734375,82466.10546875
1745.4767434597015,2,2644.2,10344.38671875,82466.10546875
1746.513748884201,2,4225.1,12278.88671875,82466.10546875
1747.5337533950806,2,4492.2,15844.66015625,82466.10546875
1748.559758901596,2,4460.9,20068.05859375,82466.10546875
1749.5870671272278,2,4297.0,16833.22265625,82466.10546875
1750.6015157699585,2,4238.9,17477.52734375,82466.10546875
1751.6088004112244,2,2953.6,17734.4609375,82466.10546875
1752.6187999248505,2,2724.7,17912.84765625,82466.10546875
1753.6269793510437,2,3499.3,18698.03125,82466.10546875
1754.635412454605,2,1674.1,19304.51953125,82466.10546875
1755.6437306404114,2,927.8,19127.1328125,82466.10546875
1756.651542186737,2,1079.8,19012.8046875,82466.10546875
1757.6607446670532,2,3936.2,19203.453125,82466.10546875
1758.677443265915,2,1176.0,19576.2890625,82466.10546875
1759.6868269443512,2,522.7,8191.30859375,82466.10546875
1760.6957454681396,2,1613.1,9340.53515625,82466.10546875
1761.754772901535,2,2784.7,11755.59765625,82466.10546875
1762.7787458896637,2,4322.0,13934.5703125,82466.10546875
1763.7997529506683,2,4394.9,16226.7578125,82466.10546875
1764.8267495632172,2,4426.6,19889.03125,82466.10546875
1765.8542006015778,2,4430.1,23548.28125,82466.10546875
1766.8837587833405,2,4012.7,18797.6171875,82466.10546875
1767.9047493934631,2,3979.2,19983.59375,82466.10546875
1768.9214236736298,2,4165.9,20180.02734375,82466.10546875
1769.9292945861816,2,2994.5,20444.1328125,82466.10546875
1770.9374186992645,2,2848.0,20639.9609375,82466.10546875
1771.9499616622925,2,3404.6,21378.5546875,82466.10546875
1772.961454629898,2,2199.3,22029.11328125,82466.10546875
1773.9702842235565,2,909.1,21928.0703125,82466.10546875
1774.9837486743927,2,1037.0,21824.92578125,82466.10546875
1775.9928147792816,2,720.3,21899.48828125,82466.10546875
1777.0019946098328,2,4151.8,22059.4375,82466.10546875
1778.0137784481049,2,1485.6,22318.203125,82466.10546875
1779.0233402252197,2,400.2,7602.5234375,82466.10546875
1780.0327446460724,2,1083.2,8886.61328125,82466.10546875
1781.0438349246979,2,2658.8,11261.5546875,82466.10546875
1782.0527465343475,2,4222.0,13794.57421875,82466.10546875
1783.0727558135986,2,4361.2,15137.22265625,82466.10546875
1784.100751876831,2,4416.3,19017.21484375,82466.10546875
1785.1277503967285,2,4540.9,22933.57421875,82466.10546875
1786.1437547206879,2,4018.2,17257.8515625,82466.10546875
1787.16574716568,2,4102.7,19756.67578125,82466.10546875
1788.1867558956146,2,4289.6,19954.57421875,82466.10546875
1789.2088894844055,2,3141.9,20180.8984375,82466.10546875
1790.2177519798279,2,2670.3,20496.7109375,82466.10546875
1791.239645242691,2,3609.0,21263.53515625,82466.10546875
1792.2620520591736,2,1956.3,21844.58203125,82466.10546875
1793.271448135376,2,962.2,21712.1484375,82466.10546875
1794.2785151004791,2,1228.4,21651.359375,82466.10546875
1795.2914402484894,2,2369.2,21853.5234375,82466.10546875
1796.30353474617,2,3165.3,22127.9609375,82466.10546875
1797.3173353672028,2,622.3,7594.515625,84514.12109375
1798.3263700008392,2,761.1,8767.5,82466.10546875
1799.3357467651367,2,2794.3,9289.75,82466.10546875
1800.3967072963715,2,2839.8,13386.8984375,82466.10546875
1801.4207541942596,2,4305.6,14021.81640625,82466.10546875
1802.4417510032654,2,4378.0,17909.13671875,82466.10546875
1803.4697558879852,2,4402.8,22635.62890625,82466.10546875
1804.4907553195953,2,4143.9,16185.8671875,82466.10546875
1805.5053389072418,2,4035.8,19658.36328125,82466.10546875
1806.5157444477081,2,4211.4,19903.6171875,82466.10546875
1807.536764383316,2,3188.6,20114.375,82466.10546875
1808.5697567462921,2,3466.6,20341.10546875,82466.10546875
1809.5992527008057,2,3298.3,20739.25,82466.10546875
1810.6135601997375,2,3019.3,21689.2890625,82466.10546875
1811.620679140091,2,722.7,21695.7109375,82466.10546875
1812.6307499408722,2,1088.6,21602.82421875,82466.10546875
1813.6375691890717,2,751.5,21635.60546875,82466.10546875
1814.6467475891113,2,3535.3,21803.7890625,82466.10546875
1815.664945602417,2,2054.8,22043.83203125,82466.10546875
1816.6741330623627,2,419.1,9412.97265625,84514.12109375
1817.6833291053772,2,1059.5,8970.53125,82466.10546875
1818.690524816513,2,2864.9,10058.5078125,82466.10546875
1819.6997549533844,2,3358.4,13612.4921875,82466.10546875
1820.7156507968903,2,4359.3,14155.67578125,82466.10546875
1821.7417542934418,2,4442.8,18278.765625,82466.10546875
1822.7672469615936,2,4396.2,22964.6640625,82466.10546875
1823.7947466373444,2,4065.0,16454.6171875,82466.10546875
1824.8049020767212,2,4136.6,19986.06640625,82466.10546875
1825.8197438716888,2,4315.4,20184.53125,82466.10546875
1826.8497686386108,2,3091.4,20386.93359375,82466.10546875
1827.8827550411224,2,3588.1,20574.55078125,82466.10546875
1828.9147436618805,2,2875.0,20772.859375,82466.10546875
1829.9327445030212,2,3372.0,21922.23046875,82466.10546875
1830.9532630443573,2,805.0,21871.0234375,82466.10546875
1831.9627482891083,2,949.9,21817.90234375,82466.10546875
1832.9831042289734,2,879.8,21776.39453125,82466.10546875
1833.992752313614,2,2131.7,21891.8671875,82466.10546875
1835.0050339698792,2,3581.2,22120.578125,82466.10546875
1836.013807296753,2,517.8,22320.9609375,82466.10546875
1837.021847486496,2,569.9,8028.91796875,82466.10546875
1838.0308804512024,2,2523.6,8605.83984375,82466.10546875
1839.050748348236,2,3065.4,11804.84375,82466.10546875
1840.0727546215057,2,4421.4,14520.62890625,82466.10546875
1841.113749742508,2,4538.5,19028.97265625,82466.10546875
1842.1407628059387,2,4218.2,16280.19921875,82466.10546875
1843.1701130867004,2,4161.4,17237.19921875,82466.10546875
1844.18199467659,2,3292.3,17473.87109375,82466.10546875
1845.1917538642883,2,3308.7,17578.90234375,82466.10546875
1846.2027487754822,2,3406.1,18364.7734375,82466.10546875
1847.2221131324768,2,1704.3,18991.4375,82466.10546875
1848.2305788993835,2,991.5,18882.59375,82466.10546875
1849.23974609375,2,1394.8,18952.1953125,82466.10546875
1850.2529556751251,2,3904.6,19028.875,82466.10546875
1851.2606518268585,2,876.1,19335.55078125,82466.10546875
1852.2685477733612,2,774.3,8376.03125,82466.10546875
1853.2772812843323,2,2447.9,9322.1796875,82466.10546875
1854.286254644394,2,3539.4,12045.625,82466.10546875
1855.2997522354126,2,4452.5,14622.484375,82466.10546875
1856.325753211975,2,4624.0,19610.73828125,82466.10546875
1857.345630645752,2,4162.6,16350.6875,82466.10546875
1858.3683335781097,2,4175.5,17272.5546875,82466.10546875
1859.3797500133514,2,3365.2,17605.02734375,82466.10546875
1860.3970324993134,2,3352.6,17789.85546875,82466.10546875
1861.409746170044,2,3568.3,18604.66796875,82466.10546875
1862.4317677021027,2,1597.0,19004.2578125,82466.10546875
1863.442238330841,2,840.8,19019.49609375,82466.10546875
1864.4507205486298,2,1099.3,18937.8125,82466.10546875
1865.4597434997559,2,3795.2,19220.7578125,82466.10546875
1866.4787514209747,2,1341.5,19478.140625,82466.10546875
1867.4888355731964,2,623.4,8003.8984375,82466.10546875
1868.497761964798,2,2456.3,8832.94921875,82466.10546875
1869.5067462921143,2,3428.1,11345.53515625,82466.10546875
1870.5267596244812,2,4483.3,15169.5,82466.10546875
1871.5527594089508,2,4393.9,14142.8984375,82466.10546875
1872.5677556991577,2,4201.8,15187.8515625,82466.10546875
1873.5924553871155,2,2923.6,15464.41015625,82466.10546875
1874.6007030010223,2,3305.6,16234.1875,82466.10546875
1875.6226778030396,2,1709.5,16627.87109375,82466.10546875
1876.6304459571838,2,1546.8,16774.37890625,82466.10546875
1877.6417171955109,2,3279.5,17033.37109375,82466.10546875
1878.6505789756775,2,657.8,8336.87109375,84514.12109375
1879.6599607467651,2,1992.0,8536.52734375,82466.10546875
1880.6687693595886,2,2686.3,11063.35546875,82466.10546875
1881.6887438297272,2,3890.6,13157.19140625,82466.10546875
1882.709760427475,2,4488.1,15531.9921875,82466.10546875
1883.736112833023,2,4273.3,16152.046875,82466.10546875
1884.7452244758606,2,3792.2,16536.28125,82466.10546875
1885.7557535171509,2,3398.5,16671.40234375,82466.10546875
1886.776742696762,2,2734.8,17108.8203125,82466.10546875
1887.785859823227,2,3594.5,18626.4765625,82914.10546875
1888.7945368289948,2,2658.2,19084.69140625,82914.10546875
1889.8047511577606,2,1780.8,19347.6171875,82914.10546875
1890.8257505893707,2,4342.1,19293.57421875,82914.10546875
1891.841092824936,2,756.9,19605.76171875,82914.10546875
1892.851751089096,2,1424.5,8414.12109375,82914.10546875
1893.860667705536,2,2479.3,9334.08203125,82914.10546875
1894.8697695732117,2,3924.5,13181.3984375,82914.10546875
1895.8907556533813,2,4531.6,15161.015625,82914.10546875
1896.917884349823,2,4386.1,15595.515625,82914.10546875
1897.933753490448,2,3988.1,16615.96484375,82914.10546875
1898.9427564144135,2,3271.8,16853.8671875,82914.10546875
1899.9685499668121,2,2910.1,16994.125,82914.10546875
1900.978417634964,2,4028.0,18657.06640625,82914.10546875
1901.9872086048126,2,2559.8,19148.83984375,82914.10546875
1902.9959409236908,2,1593.7,19174.34375,82914.10546875
1904.0074620246887,2,4213.0,19269.08984375,82914.10546875
1905.0208141803741,2,1021.3,19580.6171875,82914.10546875
1906.0301175117493,2,1033.8,8221.36328125,82914.10546875
1907.0407485961914,2,2848.4,8743.34765625,82914.10546875
1908.0963995456696,2,3463.1,13153.6015625,82914.10546875
1909.1047570705414,2,4410.2,14605.0546875,82914.10546875
1910.1350305080414,2,4406.7,14942.08984375,82914.10546875
1911.1547524929047,2,4212.2,16495.74609375,82914.10546875
1912.1837511062622,2,3024.5,16745.28515625,82914.10546875
1913.2046451568604,2,2669.8,16917.55078125,82914.10546875
1914.213961839676,2,4075.6,18461.37109375,82914.10546875
1915.223328113556,2,2922.5,19132.28515625,82914.10546875
1916.2310864925385,2,1019.5,19073.84765625,82914.10546875
1917.2384974956512,2,3503.9,19328.6484375,82914.10546875
1918.2489256858826,2,2249.3,19505.47265625,82914.10546875
1919.26256275177,2,549.6,9760.83984375,84962.12109375
1920.272243976593,2,2187.1,8699.8671875,82914.10546875
1921.2817664146423,2,3449.8,12256.5078125,82914.10546875
1922.295746088028,2,4298.2,13291.63671875,82914.10546875
1923.316754579544,2,4566.0,17262.71484375,82914.10546875
1924.3437457084656,2,4171.1,16388.390625,82914.10546875
1925.363178730011,2,3495.9,16643.09765625,82914.10546875
1926.380753993988,2,2922.9,16894.7109375,82914.10546875
1927.4076240062714,2,3702.2,17705.34765625,82914.10546875
1928.4192564487457,2,3645.5,18747.08984375,82914.10546875
1929.4274451732635,2,1445.5,18988.9765625,82914.10546875
1930.43674492836,2,2877.3,19165.01953125,82914.10546875
1931.4479596614838,2,3074.1,19429.72265625,82914.10546875
1932.4565613269806,2,573.2,8422.35546875,84962.12109375
1933.4648253917694,2,2029.8,8644.2890625,82914.10546875
1934.4747517108917,2,2779.3,11195.61328125,82914.10546875
1935.4917483329773,2,4279.2,13282.48046875,82914.10546875
1936.5131375789642,2,4451.7,16446.2734375,82914.10546875
1937.54075050354,2,4249.0,16313.62109375,82914.10546875
1938.5642476081848,2,3672.7,16683.4921875,82914.10546875
1939.5881536006927,2,2962.0,16912.08984375,82914.10546875
1940.5987422466278,2,3136.0,17421.890625,82914.10546875
1941.6107468605042,2,4048.1,18748.45703125,82914.10546875
1942.631518125534,2,1604.5,19152.26171875,82914.10546875
1943.6417527198792,2,2192.9,19297.21484375,82914.10546875
1944.6494138240814,2,3921.5,19434.4609375,82914.10546875
1945.6598789691925,2,694.9,19232.00390625,82914.10546875
1946.6670506000519,2,1510.3,8504.35546875,82914.10546875
1947.6769256591797,2,2411.3,9489.1328125,82914.10546875
1948.6857478618622,2,3991.3,13231.6796875,82914.10546875
1949.7107558250427,2,4455.4,15075.76171875,82914.10546875
1950.749754667282,2,4487.1,15737.93359375,82914.10546875
1951.7639498710632,2,3882.5,16650.6875,82914.10546875
1952.7711367607117,2,3128.9,16833.90625,82914.10546875
1953.7821905612946,2,2592.3,17091.2109375,82914.10546875
1954.7937469482422,2,4184.0,18570.41796875,82914.10546875
1955.811179637909,2,2525.0,19189.203125,82914.10546875
1956.8190138339996,2,1169.7,19116.15234375,82914.10546875
1957.8307447433472,2,4025.5,19257.91015625,82914.10546875
1958.8426713943481,2,1812.8,19618.16796875,82914.10546875
1959.8508388996124,2,707.0,8067.265625,82914.10546875
1960.8617465496063,2,2488.2,8797.82421875,82914.10546875
1961.9112226963043,2,3534.1,13113.7265625,82914.10546875
1962.9327671527863,2,4455.0,13826.99609375,82914.10546875
1963.9597165584564,2,4396.3,13759.53515625,82914.10546875
1964.9707531929016,2,4161.6,16469.99609375,82914.10546875
1965.9967682361603,2,3462.6,16693.1484375,82914.10546875
1967.0272176265717,2,2803.2,16888.4453125,82914.10546875
1968.035535812378,2,3783.7,18026.59375,82914.10546875
1969.047117471695,2,3205.0,19074.24609375,82914.10546875
1970.0565009117126,2,1214.8,19007.546875,82914.10546875
1971.0667488574982,2,3097.6,19204.53515625,82914.10546875
1972.0814819335938,2,2843.0,19419.05859375,82914.10546875
1973.0908238887787,2,580.8,8835.87109375,84962.12109375
1974.0998175144196,2,2095.3,8622.34765625,82914.10546875
1975.1097555160522,2,2995.5,11511.953125,82914.10546875
1976.1257455348969,2,4217.9,13307.19140625,82914.10546875
1977.1467564105988,2,4471.7,16758.30078125,82914.10546875
1978.1747663021088,2,4184.9,16491.375,82914.10546875
1979.1957623958588,2,3620.6,16730.42578125,82914.10546875
1980.214411497116,2,3012.4,16927.40234375,82914.10546875
1981.2227532863617,2,3175.3,17462.9609375,82914.10546875
1982.2347421646118,2,4116.4,18811.24609375,82914.10546875
1983.2552752494812,2,1753.4,19147.16015625,82914.10546875
1984.2637448310852,2,1937.8,19332.9296875,82914.10546875
1985.2750265598297,2,4094.2,19445.9453125,82914.10546875
1986.2838654518127,2,807.7,18978.796875,82914.10546875
1987.2928562164307,2,1467.6,8446.7109375,82914.10546875
1988.3021228313446,2,2506.6,9232.8046875,82914.10546875
1989.3117475509644,2,3861.0,13222.58203125,82914.10546875
1990.332754611969,2,4486.4,14950.80078125,82914.10546875
1991.3596351146698,2,4399.1,15273.13671875,82914.10546875
1992.3761806488037,2,4149.6,16620.078125,82914.10546875
1993.388750553131,2,2997.2,16831.62109375,82914.10546875
1994.4028515815735,2,2515.3,17046.1015625,82914.10546875
1995.4114277362823,2,4100.2,18569.62890625,82914.10546875
1996.4247574806213,2,2874.0,19140.08203125,82914.10546875
1997.4338550567627,2,951.0,19071.1875,82914.10546875
1998.4457440376282,2,3394.9,19238.30078125,82914.10546875
1999.4593992233276,2,2459.7,19446.3984375,82914.10546875
2000.4675154685974,2,596.3,9377.34765625,84962.12109375
2001.4769628047943,2,2164.3,8632.10546875,82914.10546875
2002.4847362041473,2,3312.2,11847.94140625,82914.10546875
2003.507749080658,2,4254.3,13279.3046875,82914.10546875
2004.5277569293976,2,4468.7,17172.453125,82914.10546875
2005.5547471046448,2,4192.3,16461.87890625,82914.10546875
2006.5757684707642,2,3686.1,16679.79296875,82914.10546875
2007.6078433990479,2,2734.5,16847.65625,82914.10546875
2008.6150505542755,2,3307.1,17493.65625,82914.10546875
2009.6277508735657,2,4049.7,18673.32421875,82914.10546875
2010.6486146450043,2,1354.4,19026.359375,82914.10546875
2011.6577455997467,2,2083.8,19235.16796875,82914.10546875
2012.6687524318695,2,4109.4,19356.66015625,82914.10546875
2013.67911195755,2,651.1,17577.046875,82914.10546875
2014.6880946159363,2,1688.1,8438.44921875,82914.10546875
2015.6982140541077,2,2210.2,9707.6875,82914.10546875
2016.707750082016,2,4281.6,13139.40234375,82914.10546875
2017.7287561893463,2,4477.7,15449.77734375,82914.10546875
2018.7554490566254,2,4514.1,15635.40625,82914.10546875
2019.7695701122284,2,3874.8,16516.27734375,82914.10546875
2020.776712179184,2,3309.8,16684.23828125,82914.10546875
2021.8032054901123,2,2762.3,17034.70703125,82914.10546875
2022.8147461414337,2,4157.0,18599.953125,82914.10546875
2023.8354189395905,2,2280.2,19059.4453125,82914.10546875
2024.843747138977,2,1779.0,19191.62109375,82914.10546875
2025.8521089553833,2,4223.8,19254.19921875,82914.10546875
2026.859929561615,2,880.1,19591.6953125,82914.10546875
2027.8711874485016,2,1367.2,8382.40625,82914.10546875
2028.8799154758453,2,2570.8,9123.90234375,82914.10546875
2029.8887486457825,2,3778.9,13210.84375,82914.10546875
2030.909755706787,2,4490.4,14806.15625,82914.10546875
2031.9398348331451,2,4380.9,15183.45703125,82914.10546875
2032.9714496135712,2,4127.6,16473.2578125,82914.10546875
2033.9827544689178,2,3018.4,16693.3046875,82914.10546875
2035.0097522735596,2,2860.9,16954.11328125,82914.10546875
2036.028710603714,2,4031.1,18425.5390625,82914.10546875
2037.0380375385284,2,2539.2,19030.5703125,82914.10546875
2038.0501220226288,2,1431.7,19051.15234375,82914.10546875
2039.0637457370758,2,4236.7,19130.328125,82914.10546875
2040.0760583877563,2,1207.8,19521.296875,82914.10546875
2041.0851619243622,2,1084.5,8192.3203125,82914.10546875
2042.0977492332458,2,2853.8,8712.5390625,82914.10546875
2043.1482355594635,2,3449.1,13107.9609375,82914.10546875
2044.1557586193085,2,4394.8,14552.88671875,82914.10546875
2045.1867666244507,2,4397.6,14786.05078125,82914.10546875
2046.205749988556,2,4291.5,16557.15625,82914.10546875
2047.2302293777466,2,2914.3,16763.6484375,82914.10546875
2048.2375750541687,2,2723.5,17022.390625,82914.10546875
2049.2469611167908,2,4038.7,18447.0,82914.10546875
2050.2556149959564,2,2909.6,19099.078125,82914.10546875
2051.263744831085,2,1173.5,19025.9296875,82914.10546875
2052.2757580280304,2,4106.0,19296.2421875,82914.10546875
2053.291576862335,2,1657.6,19531.421875,82914.10546875
2054.30068731308,2,817.7,8102.13671875,82914.10546875
2055.3103857040405,2,3121.6,10819.32421875,82914.10546875
2056.3247566223145,2,4210.1,12877.90234375,82914.10546875
2057.3517458438873,2,4266.2,14423.8828125,82914.10546875
2058.3722591400146,2,3332.2,14653.59375,82914.10546875
2059.3792641162872,2,3802.9,15427.31640625,82914.10546875
2060.391862630844,2,2844.8,16273.6015625,82914.10546875
2061.399139881134,2,3008.8,16284.40234375,82914.10546875
2062.41095328331,2,2024.2,16590.03515625,82914.10546875
2063.4176523685455,2,1369.1,8455.578125,82914.10546875
2064.4517471790314,2,3693.7,11461.9375,82914.10546875
2065.472133398056,2,4512.2,12466.32421875,82914.10546875
2066.4830253124237,2,3982.0,14386.79296875,82914.10546875
2067.4933676719666,2,3152.3,14539.3828125,82914.10546875
2068.503746986389,2,4083.0,15827.78515625,82914.10546875
2069.5242540836334,2,1813.8,16072.0234375,82914.10546875
2070.534749507904,2,4103.4,16306.5078125,82914.10546875
2071.5434584617615,2,636.7,9559.43359375,84962.12109375
2072.5534987449646,2,2484.6,9569.99609375,82914.10546875
2073.5697457790375,2,4298.4,11752.73046875,82914.10546875
2074.597398519516,2,4271.3,14114.1953125,82914.10546875
2075.6073503494263,2,3691.4,14469.875,82914.10546875
2076.615518093109,2,3157.9,14848.9765625,82914.10546875
2077.6271135807037,2,3847.4,16176.61328125,82914.10546875
2078.6352314949036,2,1671.8,16225.1796875,82914.10546875
2079.648140192032,2,3469.4,16393.58984375,82914.10546875
2080.660172224045,2,739.6,8076.203125,82914.10546875
2081.6707701683044,2,3051.6,10739.62890625,82914.10546875
2082.683755159378,2,4163.3,12558.61328125,82914.10546875
2083.7123601436615,2,4207.8,14292.87109375,82914.10546875
2084.7203691005707,2,3651.3,14400.296875,82914.10546875
2085.728745698929,2,3623.3,15265.203125,82914.10546875
2086.7370471954346,2,3002.1,16156.65625,82914.10546875
2087.745748758316,2,2478.5,16125.41796875,82914.10546875
2088.7575554847717,2,2559.9,16478.07421875,82914.10546875
2089.768783092499,2,1352.7,8600.1171875,82914.10546875
2090.7827682495117,2,3991.6,9984.98828125,82914.10546875
2091.7990527153015,2,3105.8,10484.7578125,82914.10546875
2092.8081982135773,2,2083.1,9939.86328125,84962.12109375
2093.8177556991577,2,2687.6,10046.91015625,82914.10546875
2094.834751367569,2,4179.0,12011.546875,82914.10546875
2095.860748529434,2,4292.3,14185.02734375,82914.10546875
2096.8817529678345,2,3848.7,14543.234375,82914.10546875
2097.9007444381714,2,3438.8,15149.5703125,82914.10546875
2098.914097547531,2,3294.5,16254.17578125,82914.10546875
2099.921368598938,2,2443.4,16282.91796875,82914.10546875
2100.9328305721283,2,2613.7,16498.9765625,82914.10546875
2101.9411993026733,2,1024.1,8274.15625,82914.10546875
2102.94975399971,2,3894.7,10356.44140625,82914.10546875
2103.9753787517548,2,4075.4,12072.37109375,82914.10546875
2104.9887442588806,2,3705.6,12729.65625,82914.10546875
2106.002062559128,2,2426.5,13181.04296875,82914.10546875
2107.010276556015,2,3122.4,13359.8046875,82914.10546875
2108.018704891205,2,1615.6,8562.86328125,82914.10546875
2109.0327582359314,2,4084.8,11339.1875,82914.10546875
2110.0616767406464,2,3854.5,12070.45703125,82914.10546875
2111.0721938610077,2,3457.0,12792.68359375,82914.10546875
2112.0797488689423,2,2366.4,13212.04296875,82914.10546875
2113.0890221595764,2,2856.4,13302.34765625,82914.10546875
2114.097421169281,2,116.1,5118.9375,75745.94921875
2115.1052072048187,2,102.1,4980.5,75745.94921875
2116.1139373779297,2,104.1,4840.078125,75745.94921875
