elapsed_time,nproc,cpu,mem_real,mem_virtual
4.7206878662109375e-05,3,0.0,32.39453125,591.51953125
1.0074982643127441,5,4.0,462.3515625,3182.8125
2.0152840614318848,5,100.3,646.1171875,3374.8125
3.02258038520813,5,100.3,644.7578125,3416.8125
4.029961824417114,5,99.3,649.6328125,3416.8125
5.037178993225098,5,100.3,647.0859375,3416.8125
6.044508457183838,5,100.2,651.30078125,3416.8125
7.051997661590576,5,99.3,650.20703125,3416.8125
8.059374809265137,5,100.2,639.66796875,3416.8125
9.066859006881714,5,100.3,634.47265625,3416.8125
10.074213743209839,5,100.3,637.8984375,3416.8125
11.081437587738037,5,100.3,671.97265625,3464.8125
12.088683605194092,5,99.3,719.61328125,3520.8125
13.095704793930054,5,100.2,759.66796875,3520.8125
14.103222608566284,5,99.3,795.73046875,3584.8125
15.110361576080322,5,100.3,835.85546875,3590.8125
16.117443799972534,5,100.3,873.85546875,3670.8125
17.12465810775757,5,99.3,921.765625,3766.8125
18.131863355636597,5,100.3,954.07421875,3766.8125
19.139015436172485,5,100.3,988.07421875,3766.8125
20.1463143825531,5,100.3,1018.41796875,3766.8125
21.153460025787354,3,0.0,49.828125,100.99609375
22.161120176315308,3,0.0,170.17578125,2522.5
23.16866898536682,3,91.3,609.6328125,3778.03125
24.176464557647705,3,99.2,857.6171875,4258.03125
25.18413758277893,3,100.3,1007.734375,4898.03125
26.191134452819824,3,100.3,1207.73046875,6188.03125
27.198087692260742,3,100.3,1427.73046875,6188.03125
28.205020666122437,3,99.3,1917.7265625,8748.03125
29.21212911605835,3,100.3,1845.72265625,8748.03125
30.219210386276245,3,99.3,2058.69140625,8748.03125
31.226231336593628,3,100.3,1988.6015625,8236.0
32.23332715034485,3,100.3,1983.83984375,8235.98828125
33.24021625518799,3,100.3,1983.83984375,8235.98828125
34.247183322906494,3,99.3,1983.3984375,8235.98828125
35.25410509109497,3,100.3,1980.96484375,8235.98828125
36.261037826538086,3,100.3,1973.5546875,8235.98828125
37.26793932914734,3,99.3,1966.03515625,8235.98828125
38.2748498916626,3,100.3,1966.03515625,8235.98828125
39.28171372413635,3,100.3,2056.546875,8748.01953125
40.28863549232483,3,100.3,2076.50390625,8788.01953125
41.29549980163574,3,100.3,2098.7421875,8788.01953125
42.30268144607544,3,1630.7,2478.11328125,11265.51953125
43.3236780166626,3,3196.3,2790.625,11598.01953125
44.34468126296997,3,3196.3,3035.3671875,11859.51953125
45.365681409835815,3,3195.5,3117.6171875,11969.51953125
46.38668131828308,3,3198.0,3288.48046875,12185.51953125
47.407686710357666,3,3195.1,3284.11328125,12231.51953125
48.4287211894989,3,3197.0,3328.6640625,12300.51953125
49.4496808052063,3,3195.5,3484.36328125,12513.51953125
50.470698595047,3,3196.7,3500.5625,12609.51953125
51.49424171447754,3,3192.2,3541.88671875,12651.51953125
52.51668405532837,3,3196.4,3501.375,12680.51953125
53.53768253326416,3,3191.0,3521.08984375,12687.51953125
54.55868577957153,3,3196.3,3669.7421875,12999.51953125
55.57367706298828,3,3197.8,3751.90625,13155.51953125
56.595709800720215,3,3196.1,3751.33203125,13206.51953125
57.61668276786804,3,3196.6,3729.5390625,13231.51953125
58.63768672943115,3,3196.8,3877.25,13339.51953125
59.66268062591553,3,3197.1,3823.9921875,13367.51953125
60.68368101119995,3,3198.4,3817.37890625,13379.51953125
61.70810008049011,3,3193.2,3860.99609375,13429.51953125
62.72968053817749,3,3196.7,3816.65625,13461.51953125
63.750683546066284,3,3196.5,3852.34765625,13499.51953125
64.76868295669556,3,3197.3,3813.3046875,13499.51953125
65.78969144821167,3,3195.4,3793.33203125,13533.51953125
66.81068921089172,3,3198.4,3770.71484375,13573.51953125
67.83168482780457,3,3196.4,3755.1171875,13581.51953125
68.85268497467041,3,3195.8,3771.81640625,13633.51953125
69.87368559837341,3,3198.7,3764.48828125,13633.51953125
70.89467906951904,3,3186.0,3788.45703125,13647.51953125
71.91767907142639,3,3193.4,3939.72265625,13715.51953125
72.93868041038513,3,3196.2,3982.25,13741.51953125
73.95967841148376,3,3197.5,4108.40625,13905.51953125
74.98168849945068,3,3195.3,4228.296875,13965.51953125
76.00269436836243,3,3197.4,4469.8515625,14203.51953125
77.02367925643921,3,3197.7,4416.8359375,14329.51953125
78.0446789264679,3,3198.2,4457.2109375,14371.51953125
79.06567525863647,3,3189.1,4419.890625,14371.51953125
80.08769178390503,3,3195.3,4315.625,14371.51953125
81.1086745262146,3,3194.4,4360.30859375,14401.51953125
82.1296033859253,3,3195.7,4400.5625,14537.51953125
83.15168118476868,3,3192.1,4570.0625,14653.51953125
84.17161965370178,3,3197.7,4380.375,14653.51953125
85.19368600845337,3,3196.7,4442.44140625,14797.51953125
86.21467757225037,3,3194.6,4424.38671875,14797.51953125
87.23568725585938,3,3190.5,4493.08984375,14808.51953125
88.25667786598206,3,3198.3,4535.703125,14924.51953125
89.27768468856812,3,3197.0,4533.4453125,14954.51953125
90.29868626594543,3,3195.2,4565.72265625,15018.51953125
91.32568764686584,3,3194.7,4787.0625,15218.51953125
92.34667801856995,3,3196.3,4564.4140625,15290.51953125
93.3676826953888,3,3196.9,4696.1015625,15418.51953125
94.38868832588196,3,3196.7,5194.20703125,15924.51953125
95.40968441963196,3,3196.0,5146.82421875,15976.51953125
96.4340147972107,3,3196.4,5160.18359375,15976.51953125
97.4556815624237,3,3195.8,5005.69921875,15976.51953125
98.47667646408081,3,3196.7,5048.9921875,16050.51953125
99.49768304824829,3,3195.4,4985.49609375,16050.51953125
100.51868033409119,3,3196.9,4906.0625,16050.51953125
101.54069447517395,3,3195.8,4824.28515625,16050.51953125
102.565682888031,3,3195.4,4800.68359375,16050.51953125
103.5896782875061,3,3197.7,4794.87109375,16094.51953125
104.6122477054596,3,3196.2,4776.6640625,16094.51953125
105.6346824169159,3,3197.9,4767.92578125,16106.51953125
106.65567874908447,3,3197.7,4845.2421875,16156.51953125
107.6766791343689,3,3197.3,4847.14453125,16156.51953125
108.70168352127075,3,3197.3,4871.12109375,16156.51953125
109.72169089317322,3,3197.3,4910.44140625,16180.51953125
110.74470162391663,3,3195.3,4966.984375,16368.51953125
111.76668047904968,3,3194.9,4955.46875,16430.51953125
112.79068660736084,3,3190.4,4928.2421875,16430.51953125
113.81668400764465,3,3198.1,4822.53125,16430.51953125
114.83768248558044,3,3196.5,4891.5625,16430.51953125
115.8586802482605,3,3198.3,4933.3828125,16650.51953125
116.88368034362793,3,3195.3,5016.94140625,16670.51953125
117.90668368339539,3,3197.8,5024.00390625,16670.51953125
118.92769193649292,3,3197.2,4897.58203125,16694.51953125
119.9486792087555,3,3197.8,4886.3203125,16694.51953125
120.96968150138855,3,3196.5,4874.359375,16694.51953125
121.99067544937134,3,3194.3,4857.02734375,16722.51953125
123.01168203353882,3,3196.4,4882.9609375,16796.51953125
124.03268003463745,3,3195.5,4933.203125,16796.51953125
125.05368161201477,3,3197.7,4919.8359375,16816.51953125
126.07468056678772,3,3196.1,4930.05078125,16844.51953125
127.09968137741089,3,3198.8,5002.578125,16844.51953125
128.1206841468811,3,3195.6,4968.48828125,16844.51953125
129.14168047904968,3,3197.1,5016.671875,16872.51953125
130.162682056427,3,3197.9,5089.75,16872.51953125
131.18369245529175,3,3197.0,5198.9765625,16936.51953125
132.20967888832092,3,3184.1,5187.90234375,16994.51953125
133.23068523406982,3,3194.1,5119.88671875,16994.51953125
134.25168013572693,3,3197.6,5148.82421875,16994.51953125
135.2726809978485,3,3196.7,5159.43359375,16994.51953125
136.29368543624878,3,3193.6,5126.66796875,16994.51953125
137.3116819858551,3,3195.8,5240.41015625,17028.51953125
138.3326816558838,3,3197.1,5237.3515625,17072.51953125
139.35367727279663,3,3198.1,5164.82421875,17072.51953125
140.37468099594116,3,3191.9,5089.6953125,17072.51953125
141.39568257331848,3,3193.1,5092.66796875,17072.51953125
142.41667771339417,3,3197.6,5009.34765625,17100.51953125
143.4376814365387,3,3197.1,4972.62890625,17100.51953125
144.4596812725067,3,3197.0,5227.29296875,17100.51953125
145.48068737983704,3,3196.5,5304.609375,17244.51953125
146.50167775154114,3,3185.5,5476.9296875,17428.51953125
147.52267742156982,3,3197.4,5525.03515625,17562.51953125
148.54767990112305,3,3196.0,5249.296875,17578.51953125
149.56868052482605,3,3187.8,5210.79296875,17578.51953125
150.58968353271484,3,3197.6,5124.40234375,17578.51953125
151.61069059371948,3,3193.2,5184.29296875,17578.51953125
152.63168048858643,3,3198.4,5152.203125,17578.51953125
153.65668654441833,3,3194.7,5177.578125,17608.51953125
154.67768120765686,3,3196.3,5148.18359375,17608.51953125
155.69868159294128,3,3197.3,5182.70703125,17636.51953125
156.7196798324585,3,3197.5,5109.96484375,17636.51953125
157.74068641662598,3,3196.0,5192.265625,17636.51953125
158.76370215415955,3,3195.3,5421.6015625,17636.51953125
159.7846896648407,3,3198.8,5318.953125,17636.51953125
160.8056788444519,3,3196.1,5375.3046875,17680.51953125
161.8265745639801,3,3194.0,5363.58984375,17680.51953125
162.84867978096008,3,3196.1,5182.125,17680.51953125
163.8736801147461,3,3196.7,5098.71484375,17704.51953125
164.89360928535461,3,3198.4,5208.04296875,17780.51953125
165.91567516326904,3,3198.9,5141.15234375,17828.51953125
166.9366798400879,3,3196.6,5130.49609375,17828.51953125
167.95767903327942,3,3190.2,5138.078125,17828.51953125
168.97868132591248,3,3197.8,5141.4375,17828.51953125
170.00068020820618,3,3195.9,5092.578125,17828.51953125
171.02268052101135,3,3194.2,5053.7421875,17828.51953125
172.0436770915985,3,3194.0,5078.90234375,17828.51953125
173.064679145813,3,3197.5,5252.078125,17828.51953125
174.08568143844604,3,3196.0,5241.30859375,17828.51953125
175.10667896270752,3,3196.7,5289.8125,17828.51953125
176.12665486335754,3,3197.5,5258.45703125,17828.51953125
177.1486783027649,3,3198.4,5281.37890625,17828.51953125
178.16967701911926,3,3196.4,5270.734375,17828.51953125
179.19068431854248,3,3198.0,5336.55078125,17888.51953125
180.21168184280396,3,3196.7,5363.1015625,17888.51953125
181.23277473449707,3,3196.5,5358.16796875,17908.51953125
182.25368189811707,3,3196.4,5439.2109375,17908.51953125
183.27468466758728,3,3195.3,5419.23828125,17996.51953125
184.29568195343018,3,3197.3,5403.609375,18024.51953125
185.31667828559875,3,3197.1,5579.12109375,18024.51953125
186.33769345283508,3,3196.5,5521.30859375,18024.51953125
187.35969305038452,3,3196.6,5480.8671875,18068.51953125
188.38168811798096,3,3198.8,5515.796875,18072.51953125
189.40268063545227,3,3193.6,5466.2421875,18072.51953125
190.42724227905273,3,3196.8,5663.00390625,18072.51953125
191.4496786594391,3,3196.2,5601.91796875,18072.51953125
192.4706802368164,3,3186.6,5473.91015625,18072.51953125
193.49168229103088,3,3197.0,5397.7734375,18132.51953125
194.51267528533936,3,3197.2,5375.6796875,18132.51953125
195.5336790084839,3,3198.5,5330.76171875,18160.51953125
196.55468440055847,3,3195.5,5436.34375,18160.51953125
197.57568073272705,3,3196.3,5707.59375,18224.51953125
198.59568691253662,3,3196.8,5593.1953125,18224.51953125
199.61567282676697,3,3198.6,5718.5625,18268.51953125
200.6366765499115,3,3188.1,5782.16796875,18442.51953125
201.6566870212555,3,3192.4,5894.44921875,18626.51953125
202.67768335342407,3,3197.1,5902.05859375,18674.51953125
203.69868063926697,3,3193.1,5699.90234375,18702.51953125
204.72299361228943,3,3195.9,5815.94140625,18702.51953125
205.74456667900085,3,3198.8,6128.15625,19112.51953125
206.76998329162598,3,3195.0,6821.2109375,19784.51953125
207.7926845550537,3,3196.2,7341.0234375,20104.51953125
208.8171443939209,3,3197.1,7557.16015625,20104.51953125
209.83969068527222,3,3198.5,7846.0546875,20488.51953125
210.85102725028992,3,3190.0,7836.90625,20936.51953125
211.8714075088501,3,3192.8,7785.109375,20936.51953125
212.8936812877655,3,3194.7,7668.40625,20936.51953125
213.91823315620422,3,3197.4,7702.03125,20936.51953125
214.94069623947144,3,3188.8,7728.65234375,20936.51953125
215.96168184280396,3,3198.0,7736.83984375,20936.51953125
216.98267936706543,3,3197.4,7685.0,20936.51953125
218.0036861896515,3,3197.6,7732.49609375,20936.51953125
219.02467799186707,3,3197.4,7955.99609375,20968.51953125
220.0456817150116,3,3196.1,7951.109375,20968.51953125
221.06668281555176,3,3191.6,8053.98046875,20968.51953125
222.09369158744812,3,3195.2,8142.453125,20968.51953125
223.11468315124512,3,3195.5,8203.25390625,20968.51953125
224.13485097885132,3,3196.2,8111.875,20968.51953125
225.15568017959595,3,3196.8,8154.1484375,21000.51953125
226.17667984962463,3,3197.9,8177.62109375,21000.51953125
227.19768953323364,3,3197.1,8067.16796875,21000.51953125
228.21868252754211,3,3196.3,7988.27734375,21000.51953125
229.23871159553528,3,3196.8,8093.9921875,21060.51953125
230.2597529888153,3,3195.3,8023.0390625,21112.51953125
231.28050327301025,3,3190.5,8010.47265625,21140.51953125
232.30267572402954,3,3194.4,7957.0078125,21200.51953125
233.32368087768555,3,3196.3,7794.984375,21200.51953125
234.34468007087708,3,3198.7,7793.35546875,21200.51953125
235.36568427085876,3,3193.7,7834.796875,21200.51953125
236.39019966125488,3,3194.5,7754.96484375,21204.51953125
237.41164803504944,3,3197.8,7720.34765625,21204.51953125
238.43372082710266,3,3199.7,7838.828125,21384.51953125
239.4546775817871,3,3196.9,7851.04296875,21384.51953125
240.47568535804749,3,3196.9,7801.1640625,21384.51953125
241.5000422000885,3,3195.8,7748.72265625,21384.51953125
242.52355194091797,3,3194.4,7735.421875,21384.51953125
243.54630637168884,3,3195.7,7789.89453125,21416.51953125
244.56769132614136,3,3196.9,8032.00390625,21536.51953125
245.58868670463562,3,3199.0,8025.66796875,21536.51953125
246.60967755317688,3,3197.5,7810.93359375,21536.51953125
247.6306824684143,3,3197.1,7770.26953125,21536.51953125
248.65167760849,3,3195.0,7732.23828125,21536.51953125
249.67268323898315,3,3195.9,7687.0625,21536.51953125
250.6936855316162,3,3188.7,7589.85546875,21536.51953125
251.71468234062195,3,3193.3,7604.82421875,21536.51953125
252.73567867279053,3,3197.3,7576.921875,21536.51953125
253.756680727005,3,3198.3,7544.46875,21536.51953125
254.77768182754517,3,3192.1,7597.24609375,21536.51953125
255.79869437217712,3,3198.1,7524.47265625,21536.51953125
256.8206822872162,3,3197.9,7624.76953125,21564.51953125
257.84068536758423,3,3196.7,7613.2265625,21564.51953125
258.86168479919434,3,3197.0,7478.4375,21564.51953125
259.8826816082001,3,3196.1,7424.5390625,21564.51953125
260.90368270874023,3,3192.0,7353.0625,21564.51953125
261.9246816635132,3,3191.5,7487.95703125,21564.51953125
262.94468331336975,3,3198.2,7515.8125,21564.51953125
263.96567940711975,3,3198.8,7562.57421875,21564.51953125
264.9906814098358,3,3194.5,7582.69921875,21564.51953125
266.0156774520874,3,3198.8,7529.8359375,21564.51953125
267.03667759895325,3,3194.9,7485.90234375,21564.51953125
268.0575249195099,3,3198.3,7411.3359375,21564.51953125
269.07968378067017,3,3196.9,7479.390625,21564.51953125
270.100679397583,3,3198.1,7527.76171875,21564.51953125
271.12167620658875,3,3196.2,7580.27734375,21564.51953125
272.1446785926819,3,3195.8,7685.05859375,21564.51953125
273.1650331020355,3,3197.1,7763.76171875,21656.51953125
274.1909897327423,3,3196.9,7685.42578125,21712.51953125
275.2126770019531,3,3197.4,7759.1640625,21712.51953125
276.23367738723755,3,3197.1,7765.75,21712.51953125
277.2546741962433,3,3196.1,7715.4296875,21712.51953125
278.2756838798523,3,3197.0,7684.1328125,21712.51953125
279.29668402671814,3,3198.0,7730.7265625,21712.51953125
280.3176820278168,3,3198.1,7906.4375,21712.51953125
281.3386797904968,3,3196.9,7728.40625,21744.51953125
282.35968351364136,3,3193.7,7739.73828125,21744.51953125
283.3806822299957,3,3193.9,7860.49609375,21820.51953125
284.4016840457916,3,3197.3,7942.2265625,21820.51953125
285.4226806163788,3,3197.9,7851.51171875,21820.51953125
286.4436812400818,3,3196.9,7835.23046875,21820.51953125
287.4646780490875,3,3192.3,8013.4609375,21820.51953125
288.485675573349,3,3196.1,7997.6328125,21820.51953125
289.50668001174927,3,3200.1,8032.65234375,21820.51953125
290.52768421173096,3,3185.7,8046.515625,21824.51953125
291.55187129974365,3,3197.2,7999.74609375,21824.51953125
292.57267475128174,3,3194.6,8045.9609375,22004.51953125
293.59269404411316,3,3199.5,7947.23046875,22004.51953125
294.61468029022217,3,3195.6,7942.6640625,22004.51953125
295.6356842517853,3,3196.4,7988.21484375,22004.51953125
296.65969944000244,3,3198.4,8024.76171875,22004.51953125
297.68402338027954,3,3196.4,8050.76953125,22052.51953125
298.7046813964844,3,3198.1,8069.5859375,22052.51953125
299.7256848812103,3,3195.3,8063.62109375,22052.51953125
300.74667954444885,3,3195.5,7970.76953125,22052.51953125
301.77080273628235,3,3195.4,7902.5234375,22052.51953125
302.7916944026947,3,3195.8,7952.11328125,22052.51953125
303.8126790523529,3,3198.4,7949.92578125,22052.51953125
304.8336842060089,3,3198.7,7882.8046875,22052.51953125
305.8546781539917,3,3196.1,7861.48046875,22052.51953125
306.8756799697876,3,3197.1,7962.95703125,22052.51953125
307.8966841697693,3,3197.5,7959.35546875,22052.51953125
308.9176847934723,3,3195.2,8339.0546875,22052.51953125
309.9386773109436,3,3198.8,8388.92578125,22052.51953125
310.95967864990234,3,3197.0,8438.70703125,22052.51953125
311.98068499565125,3,3184.1,8418.92578125,22176.51953125
313.00167965888977,3,3197.5,8372.28515625,22176.51953125
314.02267932891846,3,3195.7,8359.546875,22176.51953125
315.043687582016,3,3196.5,8479.828125,22176.51953125
316.0678243637085,3,3198.4,8497.47265625,22176.51953125
317.08867835998535,3,3198.9,8375.1171875,22208.51953125
318.10968351364136,3,3197.3,8191.44921875,22208.51953125
319.1299481391907,3,3196.7,8219.05859375,22208.51953125
320.1516811847687,3,3194.2,8424.140625,22212.51953125
321.1725480556488,3,3195.0,8632.23046875,22216.51953125
322.19568848609924,3,3187.7,8886.6796875,22216.51953125
323.21667885780334,3,3197.9,8970.609375,22216.51953125
324.2376854419708,3,3196.5,9002.33203125,22216.51953125
325.25867915153503,3,3197.0,9172.06640625,22252.51953125
326.2796835899353,3,3198.8,9108.83984375,22252.51953125
327.3006794452667,3,3195.6,9110.44140625,22252.51953125
328.32168531417847,3,3197.5,8525.73046875,22252.51953125
329.34668231010437,3,3197.8,8364.34375,22252.51953125
330.36767983436584,3,3197.1,8357.640625,22252.51953125
331.38868522644043,3,3195.8,8425.734375,22252.51953125
332.4128038883209,3,3194.9,8187.03125,22252.51953125
333.4306786060333,3,3197.9,8158.765625,22256.51953125
334.45368480682373,3,3195.4,8253.51953125,22264.51953125
335.47440361976624,3,3195.6,8140.20703125,22264.51953125
336.49570178985596,3,3199.2,8034.1484375,22264.51953125
337.51667952537537,3,3197.2,7871.48046875,22264.51953125
338.53768038749695,3,3196.3,7804.70703125,22264.51953125
339.56230783462524,3,3197.4,7601.45703125,22264.51953125
340.58668398857117,3,3195.7,7455.94140625,22264.51953125
341.60731625556946,3,3198.6,7430.9140625,22264.51953125
342.62968158721924,3,3194.0,7416.484375,22264.51953125
343.6506848335266,3,3196.7,7454.16796875,22304.51953125
344.6716818809509,3,3191.5,7296.06640625,22344.51953125
345.69251132011414,3,3196.5,7700.109375,22488.51953125
346.7137191295624,3,3198.0,7627.05859375,22488.51953125
347.7346830368042,3,3193.4,7613.3359375,22488.51953125
348.7588047981262,3,3195.2,7709.6015625,22488.51953125
349.77968430519104,3,3194.1,7996.44140625,22488.51953125
350.8038001060486,3,3196.0,8425.2890625,22488.51953125
351.82467889785767,3,3193.6,8606.3515625,22492.51953125
352.84567952156067,3,3194.8,8784.23828125,22492.51953125
353.8666832447052,3,3197.6,8755.09765625,22492.51953125
354.88768124580383,3,3197.1,9021.5234375,22636.51953125
355.9086847305298,3,3198.8,8928.8359375,22636.51953125
356.9296793937683,3,3196.8,8399.6875,22636.51953125
357.9506826400757,3,3196.6,8620.01171875,22636.51953125
358.97168469429016,3,3198.5,8696.36328125,22636.51953125
359.99268889427185,3,3195.4,8724.87890625,22680.51953125
361.01368284225464,3,3198.2,9047.8359375,22680.51953125
362.0346779823303,3,3188.7,8988.0859375,22680.51953125
363.0556845664978,3,3196.8,8963.390625,22680.51953125
364.0766785144806,3,3197.9,8310.71484375,22680.51953125
365.0976810455322,3,3196.2,8425.51953125,22684.51953125
366.118679523468,3,3197.2,8639.72265625,22684.51953125
367.139680147171,3,3197.3,8813.0703125,22684.51953125
368.16067838668823,3,3197.1,8816.6171875,22684.51953125
369.18175292015076,3,3196.6,8876.98046875,22684.51953125
370.20268034935,3,3198.5,9073.1953125,22740.51953125
371.22368335723877,3,3196.4,8446.84765625,22744.51953125
372.2466821670532,3,3183.7,8357.4765625,22776.51953125
373.2746162414551,3,3198.1,8498.8828125,22936.51953125
374.29668045043945,3,3197.5,8449.6875,22936.51953125
375.31867933273315,3,3197.2,8577.23828125,23080.51953125
376.3396816253662,3,3195.2,8416.875,23080.51953125
377.36068201065063,3,3200.4,8352.03515625,23080.51953125
378.38168263435364,3,3193.6,8137.84765625,23080.51953125
379.40269470214844,3,3194.4,8518.16015625,23256.51953125
380.42369079589844,3,3195.6,8741.84375,23504.51953125
381.444678068161,3,3165.3,8590.1484375,23510.51953125
382.4656834602356,3,3193.4,8566.3671875,23510.51953125
383.48667907714844,3,3196.5,8474.59375,23606.51953125
384.50767946243286,3,3196.7,8403.89453125,23606.51953125
385.53268122673035,3,3198.7,8589.69140625,23606.51953125
386.55368208885193,3,3195.4,9046.1640625,23606.51953125
387.57467794418335,3,3197.1,9105.7734375,23606.51953125
388.5956814289093,3,3196.4,9070.1015625,23606.51953125
389.6166789531708,3,3197.5,9281.98046875,23606.51953125
390.6376829147339,3,3197.9,8572.96875,23606.51953125
391.6586878299713,3,3196.1,8709.765625,23694.51953125
392.67868280410767,3,3193.0,8735.1796875,23750.51953125
393.6996841430664,3,3197.3,8760.6953125,23750.51953125
394.72067952156067,3,3198.3,8619.65234375,23750.51953125
395.74167943000793,3,3197.0,8480.27734375,23750.51953125
396.76267981529236,3,3196.4,8321.70703125,23750.51953125
397.7835409641266,3,3197.7,8290.40625,23750.51953125
398.80524134635925,3,3044.1,8321.60546875,23750.51953125
399.81637382507324,3,2339.8,8162.78515625,23750.51953125
400.82804346084595,3,2082.3,8062.24609375,23750.51953125
401.83939814567566,3,2007.7,8012.109375,23750.51953125
402.850989818573,3,1790.8,7890.484375,23750.51953125
403.8622808456421,3,1402.2,7763.27734375,23750.51953125
404.8735911846161,3,1116.3,7901.67578125,23750.51953125
405.88138341903687,3,1019.1,8218.66796875,23750.51953125
406.88912558555603,3,816.5,8365.6796875,23750.51953125
407.897047996521,3,779.0,8369.45703125,23854.51953125
408.90474581718445,3,708.6,7736.15234375,23854.51953125
409.9123578071594,3,705.6,7596.5390625,23854.51953125
410.92004227638245,3,661.0,7534.14453125,23854.51953125
411.9275369644165,3,612.4,7433.34375,23854.51953125
412.93511986732483,3,610.4,7199.91796875,23854.51953125
413.9426620006561,3,609.4,7051.65625,24094.51953125
414.95031332969666,3,612.4,6879.21875,24094.51953125
415.95791363716125,3,608.0,6806.2734375,24094.51953125
416.9661798477173,3,565.4,6857.2265625,24094.51953125
417.97429037094116,3,503.1,6906.21484375,24094.51953125
418.98201084136963,3,504.1,7034.77734375,24094.51953125
419.98967146873474,3,502.2,7195.015625,24094.51953125
420.99729180336,3,501.0,7327.33203125,24094.51953125
422.00534892082214,3,500.2,7443.44140625,24094.51953125
423.0129864215851,3,502.1,7472.35546875,24094.51953125
424.02088356018066,3,510.1,7371.95703125,24094.51953125
425.0285198688507,3,504.1,7404.82421875,24606.51953125
426.03623056411743,3,503.1,7480.47265625,24606.51953125
427.0440957546234,3,511.1,7360.9765625,24606.51953125
428.0517635345459,3,503.2,7407.5703125,24606.51953125
429.05933356285095,3,472.4,7161.03515625,24606.51953125
430.06700682640076,3,360.2,7282.53515625,24606.51953125
431.07465076446533,3,303.7,7140.4296875,24606.51953125
432.0823769569397,3,303.6,7168.203125,24606.51953125
433.09012508392334,3,305.7,6832.48828125,24606.51953125
434.0978350639343,3,302.7,6667.80859375,24606.51953125
435.10542035102844,3,304.7,6509.07421875,24606.51953125
436.113041639328,3,306.7,6362.62109375,24606.51953125
437.1205840110779,3,304.7,6252.3359375,24606.51953125
438.12818717956543,3,281.8,6202.74609375,24606.51953125
439.1358494758606,3,203.4,5987.2109375,24606.51953125
440.1434986591339,3,201.5,5528.390625,24606.51953125
441.1509199142456,3,141.9,5228.2109375,24606.51953125
442.15853929519653,3,104.2,5113.9609375,24606.51953125
443.1665668487549,3,105.2,4953.76953125,24606.51953125
444.17424154281616,3,106.2,4713.63671875,24606.51953125
445.1815903186798,3,107.2,4441.01171875,24606.51953125
446.1891825199127,3,104.2,4288.015625,24606.51953125
447.19694900512695,3,104.2,4180.65234375,24606.51953125
448.204674243927,3,105.2,4084.51953125,24606.51953125
449.2123906612396,3,101.3,4013.9140625,24606.51953125
450.21944212913513,3,100.3,3978.4765625,24606.51953125
451.2263722419739,3,101.3,3924.37890625,24606.51953125
452.23322343826294,3,101.3,3915.43359375,24606.51953125
453.24017810821533,3,100.3,3868.46875,24606.51953125
454.2470359802246,3,100.3,3861.484375,24606.51953125
455.25391030311584,3,100.3,3836.9140625,24606.51953125
456.26092767715454,3,101.2,3805.17578125,24606.51953125
457.26833939552307,3,99.3,3805.17578125,24606.51953125
458.27588844299316,3,101.3,3824.3359375,24654.51953125
459.2829821109772,3,115.1,3664.61328125,24654.51953125
460.2912452220917,3,86.3,2131.69140625,24724.7890625
461.2996714115143,3,1384.0,2619.5859375,24780.80859375
462.3126666545868,3,1424.8,3177.2421875,25532.83984375
463.333083152771,3,2629.2,3367.95703125,25532.83984375
464.34132742881775,3,419.8,3354.8515625,26668.90234375
465.34902334213257,3,114.1,3197.37109375,26668.90234375
466.3564784526825,3,110.9,3009.32421875,26668.90234375
467.36636567115784,3,110.2,2818.92578125,26668.90234375
468.37354731559753,3,106.3,2658.77734375,26668.90234375
469.380478143692,3,749.3,3707.78515625,29516.87109375
470.38807940483093,3,191.5,3781.25390625,29516.859375
471.396675825119,3,617.8,3949.296875,29516.859375
472.4169373512268,3,2483.0,11549.52734375,33120.859375
473.4544680118561,3,2462.8,13922.26171875,43384.859375
474.46266770362854,3,2801.0,14845.93359375,43384.859375
475.4826650619507,3,3198.3,14840.4140625,43384.859375
476.5026743412018,3,2926.0,14088.67578125,43384.859375
477.51068449020386,3,2521.6,15349.76171875,43384.859375
478.5183846950531,3,116.1,18700.7109375,50552.859375
479.5257203578949,3,737.1,18805.15234375,50552.859375
480.533700466156,3,1121.4,19066.71484375,50552.859375
481.541818857193,3,1032.8,19470.765625,50552.859375
482.5580983161926,3,436.5,19600.39453125,50552.859375
483.5660355091095,3,102.2,20584.47265625,50552.859375
484.5739893913269,3,2263.1,19722.01171875,50552.859375
485.5826678276062,3,2704.5,14885.8046875,50552.859375
486.59566497802734,3,3198.3,14777.76171875,50552.859375
487.6149711608887,3,2506.8,16274.15625,50552.859375
488.6266739368439,3,1409.3,15656.73828125,50552.859375
489.63766980171204,3,2138.5,13245.91015625,50552.859375
490.6570863723755,3,2885.6,13629.125,50552.859375
491.6677153110504,3,2739.7,14816.9375,50552.859375
492.6886832714081,3,2799.8,14822.9609375,50552.859375
493.702672958374,3,1886.0,13763.1875,50552.859375
494.7226700782776,3,1349.9,12876.39453125,50552.859375
495.7426676750183,3,2052.7,3974.29296875,50552.859375
496.76214933395386,3,714.5,3981.15234375,50552.859375
497.7697820663452,3,259.9,3990.35546875,50552.859375
498.77780079841614,3,439.6,3659.34765625,50552.859375
499.785635471344,3,2087.5,9448.30078125,50552.859375
500.8056814670563,3,2634.7,12033.109375,50552.859375
501.83081245422363,3,2886.7,12914.01953125,50552.859375
502.8502869606018,3,3101.3,13224.13671875,50552.859375
503.8579022884369,3,2437.0,13651.3515625,50552.859375
504.86863565444946,3,301.7,17381.1875,50552.859375
505.876291513443,3,652.7,17415.2109375,50552.859375
506.8860876560211,3,1205.6,17540.44140625,50552.859375
507.8946759700775,3,864.4,17947.9375,50552.859375
508.9142487049103,3,607.3,18018.44140625,50552.859375
509.92194986343384,3,102.2,19050.40234375,50552.859375
510.9297089576721,3,2149.9,18078.45703125,50552.859375
511.94966983795166,3,2671.9,13365.14453125,50552.859375
512.9690947532654,3,2894.1,14537.80859375,50552.859375
513.9769916534424,3,1697.8,14033.9375,50552.859375
514.9856724739075,3,1963.0,11631.5625,50552.859375
516.0056736469269,3,2781.9,11611.515625,50552.859375
517.0267856121063,3,2829.2,13051.46875,50552.859375
518.1386873722076,3,2133.7,12064.05078125,50552.859375
519.1587235927582,3,1389.5,11307.73828125,50552.859375
520.1662447452545,3,1942.5,4001.70703125,50552.859375
521.1742100715637,3,1031.7,4310.3203125,50552.859375
522.1822798252106,3,461.5,4041.88671875,50552.859375
523.1899406909943,3,449.6,3831.15625,50552.859375
524.1977760791779,3,1519.9,5822.16015625,50552.859375
525.2195589542389,3,2142.5,10676.9375,50552.859375
526.240668296814,3,2883.0,11525.4375,50552.859375
527.2606730461121,3,2903.2,10880.71875,50552.859375
528.2805054187775,3,2233.2,14883.03515625,50552.859375
529.2921133041382,3,490.2,22441.36328125,60792.859375
530.2998321056366,3,100.2,22417.01953125,60792.859375
531.3076725006104,3,102.2,22383.03515625,60792.859375
532.315459728241,3,101.2,22310.21875,60792.859375
533.3236722946167,3,1290.3,22919.01171875,60792.859375
534.3432624340057,3,562.7,22970.14453125,60792.859375
535.3508188724518,3,1380.5,22367.0390625,60792.859375
536.358421087265,3,101.3,23367.61328125,60792.859375
537.3657476902008,3,1336.7,25114.8515625,60792.859375
538.404684305191,3,1330.8,22775.78515625,60792.859375
539.4154276847839,3,100.9,23851.30078125,60792.859375
540.4262716770172,3,101.9,24877.890625,60792.859375
541.4371235370636,3,101.9,25883.5078125,60792.859375
542.448676109314,3,2093.8,27141.59765625,60792.859375
543.4687633514404,3,1858.0,24434.75,60792.859375
544.4786765575409,3,2248.9,14718.01171875,60792.859375
545.503270149231,3,3194.2,14594.16015625,60792.859375
546.524836063385,3,2083.7,15363.984375,60792.859375
547.5342473983765,3,1729.8,14869.89453125,60792.859375
548.5447170734406,3,2872.6,10751.421875,60792.859375
549.5658166408539,3,2439.0,11763.68359375,60792.859375
550.775984287262,3,1694.7,10880.453125,60792.859375
551.7845895290375,3,1554.0,10140.71484375,60792.859375
552.7936642169952,3,2356.6,9732.86328125,60792.859375
553.8134953975677,3,1721.9,4683.78515625,60984.859375
554.8216621875763,3,373.2,4066.73828125,60984.859375
555.8292853832245,3,564.7,3823.26171875,60984.859375
556.8377351760864,3,1241.2,5467.17578125,60984.859375
557.877690076828,3,2082.7,10420.10546875,60984.859375
558.8986670970917,3,2883.6,11285.5234375,60984.859375
559.9202897548676,3,3053.5,11782.2578125,60984.859375
560.9401614665985,3,2471.8,12577.75,60984.859375
561.9507813453674,3,677.7,16130.09765625,60984.859375
562.958530664444,3,500.6,16107.12890625,60984.859375
563.9673428535461,3,1354.4,16271.828125,60984.859375
564.975165605545,3,741.9,17641.63671875,60984.859375
565.9833607673645,3,740.3,16702.421875,60984.859375
566.9910430908203,3,102.2,17721.84765625,60984.859375
567.9988408088684,3,1973.7,17748.890625,60984.859375
569.007093667984,3,2502.0,12080.62109375,60984.859375
570.0194978713989,3,3194.5,12513.546875,60984.859375
571.0436782836914,3,2016.2,12654.0859375,60984.859375
572.0546689033508,3,1807.6,10142.3671875,60984.859375
573.0741913318634,3,2891.8,10498.7890625,60984.859375
574.0824401378632,3,2434.6,11364.23828125,60984.859375
575.1346704959869,3,1997.4,10822.30859375,60984.859375
576.1442718505859,3,1246.2,10077.87890625,60984.859375
577.1553537845612,3,1737.9,4209.92578125,60984.859375
578.1658313274384,3,1521.3,4441.93359375,60984.859375
579.1734573841095,3,541.9,3924.515625,60984.859375
580.1809694766998,3,593.5,3712.23828125,60984.859375
581.1891243457794,3,1646.1,8848.1328125,60984.859375
582.2126760482788,3,2590.3,10448.44921875,60984.859375
583.233668088913,3,2887.4,11320.29296875,60984.859375
584.2531549930573,3,2815.6,9036.37890625,60984.859375
585.2646832466125,3,2290.7,12880.08203125,60984.859375
586.2727301120758,3,100.2,16097.5390625,60984.859375
587.2806310653687,3,1019.1,16137.0078125,60984.859375
588.2915613651276,3,836.3,16606.234375,60984.859375
589.2992360591888,3,1269.9,16310.65234375,60984.859375
590.3072326183319,3,208.7,17040.84765625,60984.859375
591.3186776638031,3,498.0,18406.31640625,60984.859375
592.3386740684509,3,2135.0,16316.96484375,60984.859375
593.3476719856262,3,2977.7,12061.859375,60984.859375
594.3676719665527,3,2820.9,13013.484375,60984.859375
595.3881168365479,3,1853.9,12419.35546875,60984.859375
596.3976719379425,3,2299.3,10141.7890625,60984.859375
597.4176778793335,3,2546.3,11431.56640625,60984.859375
598.4376845359802,3,2242.0,11040.890625,60984.859375
599.453938961029,3,2105.9,9966.37109375,60984.859375
600.4615693092346,3,1397.8,9970.8203125,60984.859375
601.4726684093475,3,1756.2,4392.453125,60984.859375
602.492110490799,3,1120.8,4448.85546875,60984.859375
603.5012710094452,3,584.4,3890.20703125,60984.859375
604.5090866088867,3,474.4,3773.578125,60984.859375
605.5167691707611,3,2258.2,9127.7109375,60984.859375
606.5387334823608,3,2704.1,10452.95703125,60984.859375
607.5716664791107,3,2891.5,11315.83984375,60984.859375
608.5936872959137,3,2810.9,10470.1015625,60984.859375
609.6119830608368,3,1485.8,16013.171875,60984.859375
610.6201913356781,3,100.2,16002.5546875,60984.859375
611.6286730766296,3,1273.4,16634.5859375,60984.859375
612.6482510566711,3,575.5,16761.8046875,60984.859375
613.6559958457947,3,1381.5,16213.95703125,60984.859375
614.6635828018188,3,102.3,17232.90625,60984.859375
615.6717233657837,3,1332.8,18874.64453125,60984.859375
616.7196729183197,3,1943.7,12157.0,60984.859375
617.7456731796265,3,3195.6,12062.046875,60984.859375
618.7652826309204,3,2488.2,12930.12109375,60984.859375
619.7744197845459,3,1700.2,12357.69921875,60984.859375
620.783668756485,3,2768.2,10159.71484375,60984.859375
621.8051226139069,3,2498.9,11520.73828125,60984.859375
622.8301088809967,3,1775.5,10282.68359375,60984.859375
623.8380300998688,3,2054.0,10023.21875,60984.859375
624.8469977378845,3,1629.5,9951.33984375,60984.859375
625.8552780151367,3,1940.4,4445.87109375,60984.859375
626.8628385066986,3,618.3,4179.3046875,60984.859375
627.8704333305359,3,655.0,3911.83203125,60984.859375
628.8786988258362,3,704.8,4656.44921875,60984.859375
629.9077835083008,3,2435.7,13289.73828125,60984.859375
630.9986681938171,3,2544.2,11332.78125,60984.859375
632.0186653137207,3,3193.7,11312.453125,60984.859375
633.0357792377472,3,2348.6,12588.1640625,60984.859375
634.0639259815216,3,1135.1,16247.44921875,60984.859375
635.0716648101807,3,260.4,16214.390625,60984.859375
636.0815916061401,3,1563.5,16251.52734375,60984.859375
637.0906727313995,3,363.7,17410.91015625,60984.859375
638.1102609634399,3,1180.8,16597.83203125,60984.859375
639.118008852005,3,103.3,17604.3359375,60984.859375
640.1256778240204,3,1569.2,17532.51953125,60984.859375
641.1456813812256,3,2424.1,12142.671875,60984.859375
642.171667098999,3,3197.6,12007.2109375,60984.859375
643.1912522315979,3,2032.4,12622.30859375,60984.859375
644.2003555297852,3,1878.2,12216.328125,60984.859375
645.2099957466125,3,2982.3,10025.23046875,60984.859375
646.2218461036682,3,2381.7,11311.16796875,60984.859375
647.3556690216064,3,1891.1,10710.54296875,60984.859375
648.3752615451813,3,1408.0,9923.5234375,60984.859375
649.3836688995361,3,1700.4,4078.5859375,60984.859375
650.3958058357239,3,1498.7,4312.69140625,60984.859375
651.4039721488953,3,604.4,3829.80859375,60984.859375
652.4118001461029,3,1295.1,5426.8515625,60984.859375
653.4636924266815,3,2027.2,10121.86328125,60984.859375
654.4846684932709,3,2881.7,10973.33203125,60984.859375
655.5046775341034,3,3036.9,10449.28125,60984.859375
656.5165321826935,3,2509.3,12030.703125,60984.859375
657.5272400379181,3,354.3,15925.16796875,60984.859375
658.5349178314209,3,487.3,15921.015625,60984.859375
659.5445854663849,3,1371.3,16024.89453125,60984.859375
660.55238032341,3,742.0,17280.953125,60984.859375
661.5604898929596,3,740.2,16458.6328125,60984.859375
662.5682926177979,3,101.2,17464.21875,60984.859375
663.5760314464569,3,1969.7,17513.95703125,60984.859375
664.5846657752991,3,2530.6,11861.98046875,60984.859375
665.6041262149811,3,2907.7,12671.01171875,60984.859375
666.6124913692474,3,1968.0,12049.0390625,60984.859375
667.6316690444946,3,2248.4,9765.65234375,60984.859375
668.653279542923,3,2567.6,11086.4453125,60984.859375
669.6648094654083,3,2306.8,9733.95703125,60984.859375
670.6826655864716,3,1939.5,9698.484375,60984.859375
671.7025547027588,3,1537.2,9328.375,60984.859375
672.713668346405,3,1861.2,4492.67578125,60984.859375
673.7315123081207,3,614.4,4034.484375,60984.859375
674.739075422287,3,609.2,3855.9140625,60984.859375
675.7477378845215,3,1516.1,5878.3828125,60984.859375
676.7646837234497,3,2103.8,10015.1484375,60984.859375
677.7857053279877,3,2885.7,10876.8125,60984.859375
678.8076779842377,3,2869.3,9995.453125,60984.859375
679.8276479244232,3,2322.5,12229.55078125,60984.859375
680.8360488414764,3,101.3,15724.79296875,60984.859375
681.843672990799,3,989.0,15870.39453125,60984.859375
682.8582293987274,3,872.2,16189.984375,60984.859375
683.8666732311249,3,1254.9,15861.34375,60984.859375
684.8852915763855,3,207.4,16629.13671875,60984.859375
685.8936755657196,3,465.3,18006.6953125,60984.859375
686.9160249233246,3,2154.9,15957.47265625,60984.859375
687.9246666431427,3,2960.4,11687.28515625,60984.859375
688.9441092014313,3,2842.3,12499.15234375,60984.859375
689.9524073600769,3,1673.2,11885.33203125,60984.859375
690.9666690826416,3,2686.8,9682.265625,60984.859375
691.9872152805328,3,2420.5,10859.76953125,60984.859375
693.0016775131226,3,1877.5,9861.34375,60984.859375
694.0123496055603,3,1618.5,9516.796875,60984.859375
695.0212638378143,3,1659.0,3801.875,60984.859375
696.0291013717651,3,1696.7,4683.6484375,60984.859375
697.0369164943695,3,446.5,4027.3046875,60984.859375
698.04469871521,3,492.4,3870.5078125,60984.859375
699.0519864559174,3,1696.3,6250.99609375,60984.859375
700.0606746673584,3,2218.6,10146.98828125,60984.859375
701.0816671848297,3,2886.2,11036.95703125,60984.859375
702.101672410965,3,2881.2,10045.0390625,60984.859375
703.1214990615845,3,2282.2,12268.5546875,60984.859375
704.1293320655823,3,100.3,15509.07421875,60984.859375
705.1363983154297,3,1034.7,15573.05078125,60984.859375
706.1445393562317,3,829.6,16059.39453125,60984.859375
707.1521751880646,3,1297.6,15662.37109375,60984.859375
708.162576675415,3,179.6,16594.0546875,60984.859375
709.1706728935242,3,547.9,17984.125,60984.859375
710.190390586853,3,2098.7,16024.63671875,60984.859375
711.1996793746948,3,3009.4,11859.81640625,60984.859375
712.2193706035614,3,2779.5,12734.1796875,60984.859375
713.229989528656,3,1616.5,12158.63671875,60984.859375
714.2396740913391,3,2635.8,9923.30859375,60984.859375
715.2596991062164,3,2513.8,11160.80078125,60984.859375
716.2808282375336,3,1801.4,10121.0546875,60984.859375
717.2999458312988,3,2093.9,9762.2421875,60984.859375
718.3126745223999,3,1757.2,9599.0625,60984.859375
719.321670293808,3,2019.8,4624.85546875,60984.859375
720.3414373397827,3,825.4,4058.01953125,60984.859375
721.349466085434,3,685.7,3815.86328125,60984.859375
722.3577370643616,3,1008.1,5075.85546875,60984.859375
723.4080216884613,3,2144.7,9954.171875,60984.859375
724.4195468425751,3,2891.1,10794.86328125,60984.859375
725.4406719207764,3,2950.3,10531.06640625,60984.859375
726.4574174880981,3,2557.0,11789.72265625,60984.859375
727.4652395248413,3,107.2,15502.00390625,60984.859375
728.4730427265167,3,100.2,15467.91015625,60984.859375
729.4807286262512,3,1567.9,15684.0859375,60984.859375
730.4897456169128,3,276.9,16438.375,60984.859375
731.4973063468933,3,1372.6,15874.8203125,60984.859375
732.5049302577972,3,101.2,16887.703125,60984.859375
733.5125362873077,3,1413.0,17388.921875,60984.859375
734.5206851959229,3,2377.1,11669.0546875,60984.859375
735.545679807663,3,3175.1,12056.12890625,60984.859375
736.5570385456085,3,1899.3,12096.4296875,60984.859375
737.5656697750092,3,2129.9,9740.8359375,60984.859375
738.5852675437927,3,2616.0,10867.359375,60984.859375
739.6077156066895,3,2251.1,9633.05859375,60984.859375
740.6426808834076,3,1940.2,9571.08984375,60984.859375
741.6543841362,3,1572.2,9233.9453125,60984.859375
742.6656670570374,3,1780.4,4611.91796875,60984.859375
743.693511724472,3,967.2,4776.2109375,60984.859375
744.701497554779,3,542.3,3958.0390625,60984.859375
745.7126939296722,3,598.7,3716.98046875,60984.859375
746.7208008766174,3,1606.0,8376.84765625,60984.859375
747.7416744232178,3,2596.4,10461.47265625,60984.859375
748.7626657485962,3,2886.2,11343.32421875,60984.859375
749.783668756485,3,2830.1,9079.00390625,60984.859375
750.7965655326843,3,2279.3,13116.3046875,60984.859375
751.8043403625488,3,101.3,16212.53125,60984.859375
752.8116941452026,3,1025.6,16224.5546875,60984.859375
753.8199336528778,3,824.6,16668.703125,60984.859375
754.82768201828,3,1306.5,16283.10546875,60984.859375
755.8365092277527,3,169.7,17087.5078125,60984.859375
756.8446800708771,3,577.4,18413.84375,60984.859375
757.864254951477,3,2084.3,16262.921875,60984.859375
758.8736746311188,3,3036.1,12084.28515625,60984.859375
759.8947339057922,3,2815.4,12990.140625,60984.859375
760.9151034355164,3,1785.6,12496.88671875,60984.859375
761.9236705303192,3,2416.0,10203.27734375,60984.859375
762.9436826705933,3,2522.7,11554.11328125,60984.859375
763.9638514518738,3,2359.8,9967.5625,60984.859375
764.9825370311737,3,1875.4,10038.99609375,60984.859375
765.991667509079,3,1487.7,9818.15625,60984.859375
767.003675699234,3,2027.9,4591.02734375,60984.859375
768.0116443634033,3,969.6,4709.1015625,60984.859375
769.019210100174,3,568.6,3889.23046875,60984.859375
770.0269117355347,3,508.1,3747.484375,60984.859375
771.0348057746887,3,2250.4,9261.13671875,60984.859375
772.0767047405243,3,2690.1,10104.57421875,60984.859375
773.1008620262146,3,2891.8,10973.7265625,60984.859375
774.1203253269196,3,2376.7,11846.54296875,60984.859375
775.1280102729797,3,1379.5,15705.67578125,60984.859375
776.1356422901154,3,101.3,15666.890625,60984.859375
777.1425971984863,3,1099.6,16113.94921875,60984.859375
778.1502637863159,3,764.1,16374.55859375,60984.859375
779.1579396724701,3,1377.3,15785.33203125,60984.859375
780.1657288074493,3,101.3,16838.6484375,60984.859375
781.1726944446564,3,1103.4,18005.921875,60984.859375
782.1926760673523,3,1933.1,11803.80078125,60984.859375
783.2156751155853,3,3137.8,11774.625,60984.859375
784.2354280948639,3,2252.8,12334.32421875,60984.859375
785.2443354129791,3,1875.7,11996.4453125,60984.859375
786.2541174888611,3,2808.5,10211.671875,60984.859375
787.2648620605469,3,2447.9,11133.35546875,60984.859375
788.3596684932709,3,1892.6,10585.58203125,60984.859375
789.3725368976593,3,1307.8,9849.7734375,60984.859375
790.380291223526,3,2144.0,3796.98046875,60984.859375
791.3882143497467,3,2058.4,4998.30859375,60984.859375
792.3962481021881,3,333.3,3941.21484375,60984.859375
793.4044904708862,3,564.7,3705.9609375,60984.859375
794.4121630191803,3,2269.5,9127.21484375,60984.859375
795.4216918945312,3,2790.5,13332.609375,60984.859375
796.4436740875244,3,2897.2,14184.75390625,60984.859375
797.4636693000793,3,3198.2,14179.86328125,60984.859375
798.4832737445831,3,2502.2,13793.37890625,60984.859375
799.4912056922913,3,1473.4,18155.55078125,60984.859375
800.4991035461426,3,100.3,18147.09375,60984.859375
801.506264925003,3,1452.7,18505.1171875,60984.859375
802.5162093639374,3,399.6,19079.9453125,60984.859375
803.5271604061127,3,1392.9,18488.30078125,60984.859375
804.5351126194,3,101.2,19508.30078125,60984.859375
805.5427737236023,3,1396.0,21645.63671875,60984.859375
806.5506975650787,3,2093.8,14464.25,60984.859375
807.5776741504669,3,3193.3,14390.375,60984.859375
808.5991621017456,3,2369.7,15714.58984375,60984.859375
809.6089706420898,3,2269.1,15144.69921875,60984.859375
810.6176676750183,3,1822.8,12542.59765625,60984.859375
811.6376721858978,3,3198.1,12393.171875,60984.859375
812.6576852798462,3,2462.8,14274.546875,60984.859375
813.6778590679169,3,3147.9,14160.546875,60984.859375
814.8966708183289,3,1641.1,12946.70703125,60984.859375
815.916455745697,3,1486.7,12167.8671875,60984.859375
816.9247853755951,3,2287.5,3770.28125,61496.8671875
817.9328293800354,3,2087.6,4511.44921875,60984.859375
818.9407424926758,3,1133.3,5548.8125,60984.859375
820.0038120746613,3,2483.8,14200.10546875,60984.859375
821.072646856308,3,2496.2,12429.28125,60984.859375
822.0926651954651,3,3198.6,12388.140625,60984.859375
823.1121733188629,3,2608.8,11198.41015625,60984.859375
824.127210855484,3,704.3,13208.25390625,60984.859375
825.1381449699402,3,1563.1,13554.328125,60984.859375
826.1470310688019,3,276.9,14351.01171875,60984.859375
827.1556882858276,3,2443.9,11546.8828125,60984.859375
828.1805393695831,3,3178.8,11948.44921875,60984.859375
829.205858707428,3,2111.3,12316.046875,60984.859375
830.2256669998169,3,2333.4,10835.046875,60984.859375
831.2456803321838,3,2732.8,10846.73046875,60984.859375
832.2659575939178,3,2560.0,12349.9921875,60984.859375
833.4641451835632,3,2055.7,11386.7421875,60984.859375
834.4725060462952,3,1304.1,11252.890625,60984.859375
835.493664264679,3,2234.1,3953.19921875,60984.859375
836.5141215324402,3,1332.8,4207.20703125,60984.859375
837.5227227210999,3,2106.5,6867.16796875,60984.859375
838.5662105083466,3,2271.5,12256.18359375,60984.859375
839.5746660232544,3,2698.5,13207.03515625,60984.859375
840.5946640968323,3,3198.7,13100.84375,60984.859375
841.6141324043274,3,2551.2,11931.80078125,60984.859375
842.6250445842743,3,655.6,13901.6171875,60984.859375
843.634797334671,3,1570.4,14058.109375,60984.859375
844.6436758041382,3,361.8,15262.65625,60984.859375
845.6636838912964,3,2480.0,12190.359375,60984.859375
846.6856868267059,3,3165.0,12679.49609375,60984.859375
847.7046849727631,3,2120.5,12915.1953125,60984.859375
848.7156760692596,3,2327.0,11414.16015625,60984.859375
849.7344629764557,3,2745.0,11515.6328125,60984.859375
850.7447566986084,3,2768.5,13029.828125,60984.859375
851.7742187976837,3,2024.9,11611.37109375,60984.859375
852.787162065506,3,1626.7,11302.47265625,60984.859375
853.7990508079529,3,1887.4,4087.56640625,61496.8671875
854.8072884082794,3,1640.9,4751.87109375,60984.859375
855.8171122074127,3,620.2,4901.0078125,60984.859375
856.824887752533,3,578.6,4055.83984375,60984.859375
857.8325185775757,3,2597.8,7488.91796875,60984.859375
858.8416850566864,3,2458.2,11339.9296875,60984.859375
859.8663487434387,3,2883.9,12187.046875,60984.859375
860.8866746425629,3,3050.3,12683.50390625,60984.859375
861.9097712039948,3,2633.5,13683.5546875,60984.859375
862.9178440570831,3,2210.8,15626.50390625,60984.859375
863.9261219501495,3,101.2,23319.5,60984.859375
864.9341111183167,3,100.2,23291.38671875,60984.859375
865.9419956207275,3,251.7,23161.26953125,60984.859375
866.9516763687134,3,1566.3,23023.44921875,60984.859375
867.9605386257172,3,386.0,24156.2421875,60984.859375
868.981351852417,3,1136.3,23269.98828125,60984.859375
869.9890146255493,3,102.3,24266.9765625,60984.859375
870.9966719150543,3,1585.3,24219.39453125,60984.859375
872.016227722168,3,1110.3,23426.3046875,60984.859375
873.0240449905396,3,101.2,24479.5859375,60984.859375
874.0318188667297,3,101.2,25530.84765625,60984.859375
875.0395653247833,3,102.2,26487.796875,60984.859375
876.0473067760468,3,2624.8,29460.45703125,60984.859375
877.0558400154114,3,1875.9,24677.15234375,60984.859375
878.0746331214905,3,2365.6,15146.4921875,60984.859375
879.101674079895,3,3196.4,14989.49609375,60984.859375
880.1216726303101,3,2859.2,16064.41015625,60984.859375
881.1366753578186,3,1864.1,15449.85546875,60984.859375
882.1567296981812,3,2190.3,10998.3828125,60984.859375
883.1761500835419,3,2740.6,10885.91015625,60984.859375
884.1843197345734,3,2536.5,12284.1484375,60984.859375
885.4346752166748,3,2111.8,11352.0703125,60984.859375
886.4547431468964,3,1656.3,10380.60546875,60984.859375
887.4665174484253,3,1088.4,4830.765625,60984.859375
888.4762935638428,3,1980.5,5557.94921875,60984.859375
889.4840841293335,3,371.2,4442.9921875,60984.859375
890.4926726818085,3,778.0,4069.76953125,60984.859375
891.5127899646759,3,2566.4,9373.72265625,60984.859375
892.5386769771576,3,2660.3,11216.59375,60984.859375
893.5565819740295,3,2893.0,12077.3203125,60984.859375
894.5776717662811,3,3053.4,12586.0078125,60984.859375
895.597460269928,3,2890.0,13438.98046875,60984.859375
896.605833530426,3,1577.4,21359.23046875,60984.859375
897.6170027256012,3,1467.5,26338.73828125,81492.859375
898.6316092014313,3,100.4,36341.07421875,81492.859375
899.6471281051636,3,102.9,36253.1875,81492.859375
900.6579003334045,3,102.9,36127.23828125,81492.859375
901.6685371398926,3,103.9,35962.70703125,81492.859375
902.6792507171631,3,103.9,35773.2578125,81492.859375
903.6899421215057,3,957.2,35492.76171875,81492.859375
904.706444978714,3,902.9,35549.42578125,81492.859375
905.7142651081085,3,1202.0,35043.375,81492.859375
906.7234838008881,3,277.8,35776.1484375,81492.859375
907.7316768169403,3,415.7,37187.203125,81492.859375
908.751158952713,3,2166.7,35342.6953125,81492.859375
909.7586832046509,3,204.5,36126.53125,81492.859375
910.7662081718445,3,101.3,37118.92578125,81492.859375
911.7731928825378,3,102.3,38066.2109375,81492.859375
912.7806766033173,3,997.0,39765.31640625,81492.859375
913.8006701469421,3,2258.9,38039.203125,81492.859375
914.8202211856842,3,1964.8,35481.96875,106068.859375
915.8279831409454,3,101.2,36541.2265625,106068.859375
916.8357033729553,3,102.2,37503.921875,106068.859375
917.8434937000275,3,102.2,38478.16015625,106068.859375
918.8512971401215,3,103.2,39415.44140625,106068.859375
919.8591458797455,3,102.2,40359.6875,106068.859375
920.8670063018799,3,102.2,41374.765625,106068.859375
921.8746633529663,3,102.2,42345.0,106068.859375
922.8826706409454,3,2536.5,44606.3828125,106068.859375
923.903482913971,3,2674.7,49315.28515625,106068.859375
924.911669254303,3,1777.8,41161.859375,106068.859375
925.9312651157379,3,2013.6,39508.78515625,106068.859375
926.9396750926971,3,1955.4,19800.87109375,106068.859375
927.9606735706329,3,3127.5,19534.58984375,106068.859375
928.9806663990021,3,3199.0,19256.0625,106068.859375
930.0007038116455,3,2535.1,20304.1796875,106068.859375
931.014541387558,3,1892.6,19720.3125,106068.859375
932.0225176811218,3,1664.5,19105.12109375,106068.859375
933.0326766967773,3,2993.9,11058.44140625,106068.859375
934.052699804306,3,2475.4,12262.26953125,106068.859375
935.0754344463348,3,1932.9,10912.296875,106068.859375
936.0841171741486,3,2142.8,10567.85546875,106068.859375
937.0936737060547,3,1598.6,10494.6484375,106068.859375
938.105667591095,3,1599.4,5169.9296875,106068.859375
939.1161336898804,3,934.3,4421.9296875,106580.890625
940.1246666908264,3,587.3,4218.1328125,106068.859375
941.1376712322235,3,867.7,4185.88671875,106068.859375
942.1562151908875,3,2308.6,8826.11328125,106068.859375
943.1646661758423,3,2744.0,9783.5703125,106068.859375
944.1846725940704,3,2937.3,9496.52734375,106068.859375
945.2045216560364,3,2206.8,14138.56640625,106068.859375
946.212254524231,3,2254.8,13500.28125,106068.859375
947.2208209037781,3,102.3,21430.4921875,106068.859375
948.2278146743774,3,101.3,21412.53125,106068.859375
949.2346341609955,3,199.2,21337.265625,106068.859375
950.2436378002167,3,1562.5,21232.78125,106068.859375
951.2528727054596,3,293.5,22267.9609375,106068.859375
952.264084815979,3,1277.3,21398.79296875,106068.859375
953.271675825119,3,102.2,22351.21875,106068.859375
954.2790486812592,3,1436.1,22308.05078125,106068.859375
955.2895104885101,3,1269.1,21471.21875,106068.859375
956.2972872257233,3,101.2,22529.15234375,106068.859375
957.3050618171692,3,101.2,23547.76953125,106068.859375
958.3126845359802,3,102.2,24517.54296875,106068.859375
959.3217549324036,3,2567.8,27259.33984375,106068.859375
960.3566715717316,3,1837.5,22738.16796875,106068.859375
961.3926680088043,3,2346.9,13309.09765625,106068.859375
962.412665605545,3,3198.8,13164.0859375,106068.859375
963.4318742752075,3,2687.2,14384.66796875,106068.859375
964.4427990913391,3,1846.9,13928.8359375,106068.859375
965.4506683349609,3,1828.3,9465.69140625,106068.859375
966.470046043396,3,2556.0,10334.69140625,106068.859375
967.4805796146393,3,1883.5,9254.62109375,106068.859375
968.4883251190186,3,1880.7,9064.35546875,106068.859375
969.4974498748779,3,1653.3,8865.296875,106068.859375
970.5086724758148,3,1569.4,5279.33203125,106068.859375
971.5283117294312,3,1384.8,5500.94921875,106068.859375
972.5363969802856,3,560.7,4626.4375,106068.859375
973.5441546440125,3,439.6,4353.78515625,106068.859375
974.5518853664398,3,2088.2,8367.70703125,106068.859375
975.5647082328796,3,2630.6,9930.52734375,106068.859375
976.5855374336243,3,2898.4,10811.30859375,106068.859375
977.6066808700562,3,2802.3,9185.81640625,106068.859375
978.6274545192719,3,2266.3,16439.703125,106072.859375
979.6358613967896,3,2308.3,20229.421875,106072.859375
980.7607505321503,3,112.3,30496.56640625,106072.859375
981.7760119438171,3,101.2,35168.91796875,106072.859375
982.7841241359711,3,103.2,35064.8359375,106072.859375
983.7918689250946,3,103.2,34932.66015625,106072.859375
984.7998220920563,3,104.2,34735.0,106072.859375
985.8076248168945,3,103.2,34561.5703125,106072.859375
986.8167035579681,3,1178.6,34912.234375,106072.859375
987.8300957679749,3,691.7,34856.41796875,106072.859375
988.8377261161804,3,1394.1,34102.1953125,106072.859375
989.8456356525421,3,101.2,35082.9296875,106072.859375
990.8536710739136,3,1068.8,36208.2109375,106072.859375
991.8732857704163,3,1634.1,34151.8515625,106072.859375
992.8811748027802,3,101.2,35211.78515625,106072.859375
993.8889513015747,3,101.2,36191.26953125,106072.859375
994.8969449996948,3,101.2,37166.6328125,106072.859375
995.9056725502014,3,1641.8,38601.09375,106072.859375
996.9258234500885,3,2253.5,37093.828125,106072.859375
997.9454445838928,3,1329.6,34708.421875,106072.859375
998.953203201294,3,102.3,35739.28515625,106072.859375
999.9601452350616,3,101.3,36716.4375,106072.859375
1000.9669854640961,3,103.3,37710.859375,106072.859375
1001.9739661216736,3,102.3,38631.93359375,106072.859375
1002.9808812141418,3,102.3,39610.15625,106072.859375
1003.988046169281,3,102.3,40603.93359375,106072.859375
1004.9951636791229,3,102.3,41592.26171875,106072.859375
1006.0026733875275,3,3125.9,43565.74609375,106072.859375
1007.0225260257721,3,2135.6,48902.5625,106072.859375
1008.0307235717773,3,2385.6,40609.703125,106072.859375
1009.1126720905304,3,1735.9,36387.08203125,106072.859375
1010.1326742172241,3,2219.8,18672.71484375,106072.859375
1011.1616637706757,3,3195.9,18435.72265625,106072.859375
1012.1859192848206,3,3196.4,18190.765625,106072.859375
1013.2061624526978,3,2308.1,19657.39453125,106072.859375
1014.2138619422913,3,1608.9,18956.1796875,106072.859375
1015.2220578193665,3,1744.9,18316.78515625,106072.859375
1016.2316720485687,3,2678.7,9935.78125,106072.859375
1017.2513837814331,3,2402.5,11135.9296875,106072.859375
1018.2766706943512,3,1786.8,10050.1171875,106072.859375
1019.2969288825989,3,1843.0,9607.09375,106072.859375
1020.306670665741,3,1933.8,9310.23046875,106072.859375
1021.3268942832947,3,1741.0,5090.71875,106072.859375
1022.3415215015411,3,1110.2,5214.1796875,106072.859375
1023.351327419281,3,506.1,4344.05859375,106072.859375
1024.3600373268127,3,583.8,4244.234375,106072.859375
1025.375916004181,3,2495.5,9863.32421875,106072.859375
1026.451667547226,3,2576.0,9808.5390625,106072.859375
1027.471673488617,3,2951.1,9526.05078125,106072.859375
1028.4916608333588,3,2366.1,13766.70703125,106076.859375
1029.499624490738,3,2047.9,15173.65234375,106076.859375
1030.507489681244,3,100.2,21443.50390625,106076.859375
1031.5152451992035,3,101.2,21386.95703125,106076.859375
1032.5231926441193,3,369.9,21280.546875,106076.859375
1033.5312025547028,3,1489.4,21245.33984375,106076.859375
1034.5396740436554,3,538.1,22282.1484375,106076.859375
1035.559409379959,3,936.3,21501.34375,106076.859375
1036.5675847530365,3,103.2,22426.58984375,106076.859375
1037.575672864914,3,1855.9,22285.37109375,106076.859375
1038.5952711105347,3,820.7,21633.08203125,106076.859375
1039.6029403209686,3,100.2,22711.99609375,106076.859375
1040.610690832138,3,101.2,23728.73046875,106076.859375
1041.6183378696442,3,103.3,24638.99609375,106076.859375
1042.6254181861877,3,2650.4,27984.00390625,106076.859375
1043.6332292556763,3,1900.2,23067.01953125,106076.859375
1044.6426737308502,3,2470.1,13268.7890625,106076.859375
1045.6624083518982,3,3197.0,13125.8125,106076.859375
1046.6818268299103,3,2608.5,14330.63671875,106076.859375
1047.691558599472,3,1819.4,13863.83203125,106076.859375
1048.702670097351,3,1957.9,9386.20703125,106076.859375
1049.722681760788,3,2554.9,10328.0,106076.859375
1050.74258351326,3,1760.4,9476.10546875,106076.859375
1051.750292301178,3,1935.8,9099.484375,106076.859375
1052.7591862678528,3,1789.9,8646.61328125,106076.859375
1053.7706694602966,3,1642.4,5501.13671875,106076.859375
1054.7902953624725,3,891.0,4768.37890625,106076.859375
1055.7980830669403,3,502.2,4528.9375,106076.859375
1056.8066713809967,3,669.6,4353.390625,106076.859375
1057.8258385658264,3,2530.0,10273.234375,106076.859375
1058.9086644649506,3,2560.1,9972.2109375,106076.859375
1059.9286727905273,3,3040.1,10450.49609375,106076.859375
1060.9485263824463,3,2545.5,12546.20703125,106076.859375
1061.9568974971771,3,2317.0,14715.20703125,106076.859375
1062.9652621746063,3,111.2,21752.69140625,106076.859375
1063.9721312522888,3,101.3,21730.62890625,106076.859375
1064.979078054428,3,102.3,21637.40625,106076.859375
1065.9860656261444,3,1104.2,21718.44140625,106076.859375
1066.9940638542175,3,772.8,21994.453125,106076.859375
1068.0020010471344,3,1386.0,21275.796875,106076.859375
1069.0099804401398,3,102.2,22196.70703125,106076.859375
1070.0183482170105,3,793.1,23391.09765625,106076.859375
1071.0391886234283,3,1909.5,21192.59375,106076.859375
1072.0468211174011,3,101.2,22244.54296875,106076.859375
1073.0545394420624,3,102.2,23257.5390625,106076.859375
1074.0622329711914,3,101.2,24273.65625,106076.859375
1075.0706737041473,3,1429.2,25774.81640625,106076.859375
1076.0906705856323,3,2242.1,24080.43359375,106076.859375
1077.1106889247894,3,1818.3,13436.203125,106076.859375
1078.1316664218903,3,3196.9,13371.13671875,106076.859375
1079.1516630649567,3,3198.5,13168.2890625,106076.859375
1080.1708998680115,3,1979.6,14207.75,106076.859375
1081.1786434650421,3,1591.4,13566.94921875,106076.859375
1082.1906876564026,3,2635.8,9440.03515625,106076.859375
1083.2115104198456,3,2155.0,10273.46875,106076.859375
1084.3596744537354,3,1952.0,10163.47265625,106076.859375
1085.379634141922,3,1377.2,9197.86328125,106076.859375
1086.3874237537384,3,1939.5,4157.49609375,106076.859375
1087.3956677913666,3,1816.5,5782.71484375,106076.859375
1088.4155595302582,3,588.3,5080.90625,106076.859375
1089.4234819412231,3,440.0,4889.53515625,106076.859375
1090.4324934482574,3,545.3,4624.7890625,106076.859375
1091.4429161548615,3,1208.3,4475.29296875,106076.859375
1092.452580690384,3,2551.1,10076.0,106076.859375
1093.4736905097961,3,2713.3,11650.2109375,106076.859375
1094.494668006897,3,2876.8,12543.3671875,106076.859375
1095.514675617218,3,2945.0,12286.984375,106076.859375
1096.5365142822266,3,3038.9,13528.24609375,106076.859375
1097.5577638149261,3,1373.0,22859.04296875,106076.859375
1098.594850063324,3,2489.5,20894.359375,106076.859375
1099.6030843257904,3,102.3,35276.2265625,106076.859375
1100.6100945472717,3,101.3,36980.95703125,106076.859375
1101.6171457767487,3,104.2,36813.47265625,106076.859375
1102.624629020691,3,104.2,36642.55078125,106076.859375
1103.6325025558472,3,105.2,36397.6484375,106076.859375
1104.64027261734,3,187.2,36093.828125,106076.859375
1105.650676727295,3,1573.0,35791.77734375,106076.859375
1106.666967868805,3,290.0,36604.484375,106076.859375
1107.686288356781,3,1302.8,35711.9453125,106076.859375
1108.6941697597504,3,102.2,36730.94921875,106076.859375
1109.7019279003143,3,1409.7,36703.29296875,106076.859375
1110.709966659546,3,1303.8,35862.3828125,106076.859375
1111.7177696228027,3,101.2,36891.8046875,106076.859375
1112.725445985794,3,101.2,37914.390625,106076.859375
1113.733169078827,3,102.2,38891.53515625,106076.859375
1114.741780281067,3,2505.4,41695.7578125,106076.859375
1115.8076758384705,3,1772.3,37142.72265625,106076.859375
1116.8275592327118,3,854.2,36389.0703125,106076.859375
1117.8355226516724,3,101.2,37379.05859375,106076.859375
1118.8433635234833,3,102.2,38371.91796875,106076.859375
1119.8512318134308,3,103.2,39328.06640625,106076.859375
1120.8590927124023,3,101.2,40298.06640625,106076.859375
1121.8669428825378,3,103.2,41211.7265625,106076.859375
1122.8748593330383,3,102.2,42211.75,106076.859375
1123.882652759552,3,1023.0,44961.0,106076.859375
1124.903671503067,3,3194.1,44871.85546875,106076.859375
1125.923226594925,3,1308.1,41512.62109375,106076.859375
1126.9316580295563,3,2414.8,39719.5625,106076.859375
1127.9415111541748,3,2121.4,37433.56640625,106076.859375
1128.9496698379517,3,2543.7,20160.8125,106076.859375
1129.969672203064,3,3199.5,19924.76171875,106076.859375
1130.9896647930145,3,3198.4,19629.7109375,106076.859375
1132.0096638202667,3,3197.9,19397.546875,106076.859375
1133.0296630859375,3,1838.5,21020.3203125,106092.859375
1134.0496771335602,3,1637.8,20260.79296875,106092.859375
1135.0690846443176,3,1474.3,19932.82421875,106092.859375
1136.0786690711975,3,2701.2,11524.8515625,106092.859375
1137.0986828804016,3,2497.2,13101.32421875,106092.859375
1138.117439031601,3,2539.2,12862.9296875,106092.859375
1139.1346700191498,3,2196.7,11418.60546875,106092.859375
1140.1466736793518,3,1299.3,11311.69140625,106092.859375
1141.1591062545776,3,1020.0,5202.9140625,106092.859375
1142.170892715454,3,2175.0,6457.671875,106092.859375
1143.178644657135,3,285.8,5324.265625,106092.859375
1144.18625831604,3,419.7,5072.70703125,106092.859375
1145.194061756134,3,472.4,4875.35546875,106092.859375
1146.2016763687134,3,219.2,4710.6015625,106092.859375
1147.2146480083466,3,968.0,4512.53125,106092.859375
1148.2342562675476,3,2573.7,10614.859375,106092.859375
1149.2556822299957,3,2766.1,12782.1875,106092.859375
1150.281669139862,3,2864.1,13677.55078125,106092.859375
1151.3011894226074,3,3083.1,14008.8671875,106092.859375
1152.3096935749054,3,2891.6,13106.73828125,106092.859375
1153.3298466205597,3,2693.1,19082.85546875,106252.859375
1154.3380386829376,3,1976.0,24886.46484375,106252.859375
1155.3521828651428,3,1070.2,28395.00390625,106252.859375
1156.36035490036,3,102.1,38611.59375,106252.859375
1157.3688957691193,3,104.2,38476.6953125,106252.859375
1158.376657962799,3,104.2,38310.1875,106252.859375
1159.384537935257,3,105.2,38028.42578125,106252.859375
1160.3924670219421,3,105.2,37761.91796875,106252.859375
1161.4002945423126,3,764.8,37547.89453125,106252.859375
1162.412436723709,3,1113.4,37363.61328125,106252.859375
1163.4200990200043,3,1046.5,37302.71484375,106252.859375
1164.428305387497,3,435.5,37207.98046875,106252.859375
1165.4362382888794,3,101.2,38043.93359375,106252.859375
1166.4440832138062,3,2268.7,36889.95703125,106252.859375
1167.4517714977264,3,435.6,36972.14453125,106252.859375
1168.4595019817352,3,102.2,37975.55078125,106252.859375
1169.4669952392578,3,101.3,38989.92578125,106252.859375
1170.474674463272,3,617.3,40798.66015625,106252.859375
1171.494467496872,3,2222.9,39316.81640625,106252.859375
1172.5025930404663,3,2230.4,37105.140625,106252.859375
1173.513190984726,3,324.5,37626.58984375,106252.859375
1174.5209050178528,3,102.2,38635.19921875,106252.859375
1175.5283796787262,3,103.3,39591.125,106252.859375
1176.5355772972107,3,102.3,40535.67578125,106252.859375
1177.5426936149597,3,103.3,41466.8515625,106252.859375
1178.549780845642,3,103.3,42451.87109375,106252.859375
1179.5569627285004,3,101.3,43468.875,106252.859375
1180.5646777153015,3,1877.8,45881.359375,106252.859375
1181.5857560634613,3,3192.7,49698.45703125,106252.859375
1182.6606707572937,3,1328.7,42376.9921875,106252.859375
1183.6806735992432,3,2270.6,39982.9296875,106252.859375
1184.7006731033325,3,1648.3,21123.24609375,106252.859375
1185.722665309906,3,3198.4,20905.859375,106252.859375
1186.7446763515472,3,3200.3,20619.671875,106252.859375
1187.763981103897,3,3195.9,20350.36328125,106252.859375
1188.7836682796478,3,3199.1,20101.35546875,106252.859375
1189.8030798435211,3,2960.2,22665.6953125,106252.859375
1190.8111259937286,3,1941.2,22623.1484375,106252.859375
1191.8187749385834,3,1281.5,21874.91015625,106252.859375
1192.8269340991974,3,1594.4,21403.05859375,106252.859375
1193.837666273117,3,3000.9,12916.078125,106252.859375
1194.8576829433441,3,2467.3,14468.72265625,106252.859375
1195.8778657913208,3,3141.5,14148.8046875,106252.859375
1197.094732284546,3,1688.3,12853.8515625,106252.859375
1198.1144618988037,3,1253.0,12101.3046875,106252.859375
1199.1224286556244,3,1653.3,4487.55859375,106252.859375
1200.1306691169739,3,2050.3,5375.93359375,106252.859375
1201.139676809311,3,395.0,4857.44921875,106764.890625
1202.14967751503,3,444.6,4628.6640625,106252.859375
1203.1594877243042,3,484.0,4427.5390625,106252.859375
1204.170669555664,3,1437.0,4343.01953125,106252.859375
1205.189656496048,3,2440.7,10993.484375,106252.859375
1206.253515958786,3,2814.9,11320.2578125,106252.859375
1207.2756669521332,3,2897.6,12193.19140625,106252.859375
1208.2956819534302,3,2783.0,9844.53515625,106252.859375
1209.3161764144897,3,3103.2,14577.96484375,106252.859375
1210.3245120048523,3,1451.2,22341.96875,106252.859375
1211.3368005752563,3,2108.3,20545.44140625,106252.859375
1212.344636440277,3,101.3,34424.58984375,106252.859375
1213.3519744873047,3,101.3,36092.08203125,106252.859375
1214.3589007854462,3,103.3,35929.859375,106252.859375
1215.3660230636597,3,103.3,35795.40625,106252.859375
1216.372951745987,3,103.3,35612.52734375,106252.859375
1217.3798551559448,3,194.2,35406.5234375,106252.859375
1218.3889904022217,3,1575.2,35223.91796875,106252.859375
1219.3987905979156,3,307.8,36174.63671875,106252.859375
1220.4139683246613,3,1274.0,35317.42578125,106252.859375
1221.4217579364777,3,101.2,36361.12109375,106252.859375
1222.4296700954437,3,1489.7,36473.4140625,106252.859375
1223.4492800235748,3,1200.6,35674.65234375,106252.859375
1224.4570498466492,3,101.2,36703.67578125,106252.859375
1225.4650275707245,3,101.2,37700.05859375,106252.859375
1226.4728891849518,3,103.2,38647.08984375,106252.859375
1227.4817554950714,3,2612.1,41439.0546875,106252.859375
1228.5016708374023,3,1774.8,36852.828125,106252.859375
1229.521231174469,3,849.4,36092.62890625,106252.859375
1230.5290410518646,3,101.2,37115.80078125,106252.859375
1231.5368885993958,3,102.2,38087.46484375,106252.859375
1232.5446841716766,3,102.2,39045.65234375,106252.859375
1233.5525090694427,3,102.2,39988.53515625,106252.859375
1234.560385942459,3,102.2,40967.23828125,106252.859375
1235.5682346820831,3,103.2,41912.73046875,106252.859375
1236.5766742229462,3,971.7,44716.97265625,106252.859375
1237.59819149971,3,3197.9,44590.61328125,106252.859375
1238.6176271438599,3,1331.2,41243.20703125,106252.859375
1239.6256663799286,3,2416.0,39468.55859375,106252.859375
1240.633534669876,3,2118.8,36611.5703125,106252.859375
1241.6446669101715,3,2593.1,19834.12109375,106252.859375
1242.6646659374237,3,3199.2,19613.3046875,106252.859375
1243.68466258049,3,3197.2,19333.1484375,106252.859375
1244.7046933174133,3,3190.0,19601.71484375,106252.859375
1245.7351188659668,3,2002.7,20578.07421875,106252.859375
1246.7451763153076,3,1310.7,20067.15234375,106252.859375
1247.752979516983,3,1595.1,19459.26953125,106252.859375
1248.7636787891388,3,2957.3,11213.859375,106252.859375
1249.7836911678314,3,2465.7,12614.25390625,106252.859375
1250.7991197109222,3,2242.4,10948.19140625,106252.859375
1251.8068623542786,3,1887.7,10733.18359375,106252.859375
1252.816670179367,3,1620.5,10487.36328125,106252.859375
1253.8336865901947,3,1583.0,5002.01171875,106252.859375
1254.853197336197,3,1537.0,5524.88671875,106252.859375
1255.8609824180603,3,477.1,4324.36328125,106252.859375
1256.869240283966,3,506.1,4100.05078125,106252.859375
1257.8769698143005,3,2134.1,7806.328125,106252.859375
1258.8887152671814,3,2683.5,9115.76171875,106252.859375
1259.913283109665,3,2890.6,9977.390625,106252.859375
1260.9336755275726,3,2791.0,9835.1640625,106252.859375
1261.9535236358643,3,2281.2,14784.49609375,106252.859375
1262.9644329547882,3,810.6,21913.0703125,106252.859375
1263.9723162651062,3,101.3,21873.8984375,106252.859375
1264.9792442321777,3,102.3,21814.3515625,106252.859375
1265.9862954616547,3,1081.9,21634.359375,106252.859375
1266.9957554340363,3,784.6,22058.28515625,106252.859375
1268.003808259964,3,1333.6,21313.5625,106252.859375
1269.0139274597168,3,144.9,22204.59765625,106252.859375
1270.0226821899414,3,605.5,23480.1328125,106252.859375
1271.0423917770386,3,2059.6,21294.640625,106252.859375
1272.0508923530579,3,164.7,22280.62890625,106252.859375
1273.0587170124054,3,100.2,23319.6171875,106252.859375
1274.066568851471,3,102.2,24281.8671875,106252.859375
1275.0746750831604,3,1151.2,25871.6953125,106252.859375
1276.094675540924,3,2253.1,24168.546875,106252.859375
1277.1141850948334,3,1846.3,13494.921875,106252.859375
1278.1226637363434,3,3135.8,13414.796875,106252.859375
1279.1426653862,3,3198.6,13274.5625,106252.859375
1280.1621358394623,3,2280.9,14368.69921875,106252.859375
1281.1705989837646,3,1493.8,13712.45703125,106252.859375
1282.1876766681671,3,2404.2,9339.7734375,106252.859375
1283.207379102707,3,2369.5,10368.90625,106252.859375
1284.228679895401,3,1801.2,9983.0234375,106252.859375
1285.2483143806458,3,1756.9,9108.609375,106252.859375
1286.2568655014038,3,2118.7,4963.015625,106252.859375
1287.2645525932312,3,1689.3,5484.765625,106252.859375
1288.2851195335388,3,736.5,4629.91015625,106252.859375
1289.2926054000854,3,506.1,4438.33984375,106252.859375
1290.3006691932678,3,813.4,4312.203125,106252.859375
1291.3204033374786,3,2511.4,11258.76171875,106252.859375
1292.4296669960022,3,2539.6,10333.20703125,106252.859375
1293.4496731758118,3,3041.5,10839.34765625,106252.859375
1294.4696197509766,3,2602.7,12497.83984375,106252.859375
1295.4769926071167,3,2176.2,14994.58203125,106252.859375
1296.484750032425,3,440.4,22030.484375,106252.859375
1297.4930250644684,3,102.2,21972.20703125,106252.859375
1298.5008149147034,3,102.2,21903.1484375,106252.859375
1299.5086619853973,3,1108.2,21896.93359375,106252.859375
1300.5166816711426,3,766.1,22214.93359375,106252.859375
1301.5243711471558,3,1389.1,21405.6328125,106252.859375
1302.532203912735,3,101.3,22387.0390625,106252.859375
1303.5396864414215,3,870.8,23573.7265625,106252.859375
1304.5593457221985,3,1859.4,21564.7578125,106252.859375
1305.5672340393066,3,100.2,22666.5625,106252.859375
1306.5750415325165,3,101.2,23711.96875,106252.859375
1307.5828409194946,3,101.2,24719.28515625,106252.859375
1308.5906693935394,3,1472.8,26193.84765625,106252.859375
1309.6106708049774,3,2212.7,24423.78125,106252.859375
1310.6306710243225,3,1773.9,13718.67578125,106252.859375
1311.65167927742,3,3138.6,13579.796875,106252.859375
1312.6716656684875,3,3198.4,13424.27734375,106252.859375
1313.691133260727,3,2265.4,14670.80859375,106252.859375
1314.6988615989685,3,1428.0,14006.37890625,106252.859375
1315.7086696624756,3,2381.9,9656.05078125,106252.859375
1316.7287044525146,3,2472.9,10739.05078125,106252.859375
1317.7486922740936,3,1635.8,9795.0625,106252.859375
1318.7632427215576,3,2038.0,9400.99609375,106252.859375
1319.7726690769196,3,1763.5,9353.265625,106252.859375
1320.7856760025024,3,1635.7,5129.11328125,106252.859375
1321.8052954673767,3,1492.1,5677.859375,106252.859375
1322.813154220581,3,420.8,4514.2578125,106252.859375
1323.8208832740784,3,580.5,4285.890625,106252.859375
1324.8286881446838,3,1920.1,6471.09765625,106252.859375
1325.837720155716,3,2429.4,9445.35546875,106252.859375
1326.8606672286987,3,2887.9,10314.2265625,106252.859375
1327.8806777000427,3,2805.6,9113.22265625,106252.859375
1328.9017300605774,3,2272.8,14997.11328125,106252.859375
1329.914517402649,3,1178.2,21228.66015625,106252.859375
1330.9227039813995,3,100.2,22116.0234375,106252.859375
1331.93044424057,3,103.2,22015.8671875,106252.859375
1332.940690279007,3,472.5,21932.8515625,106252.859375
1333.9540741443634,3,1411.9,21739.07421875,106252.859375
1334.9626791477203,3,686.6,22791.43359375,106252.859375
1335.990995168686,3,797.2,21905.46484375,106252.859375
1336.9988033771515,3,103.2,22873.7421875,106252.859375
1338.0065648555756,3,1872.4,22744.1640625,106252.859375
1339.0272874832153,3,856.3,22087.65625,106252.859375
1340.0351321697235,3,101.2,23128.61328125,106252.859375
1341.0428938865662,3,100.3,24160.90234375,106252.859375
1342.0499293804169,3,103.3,25091.9296875,106252.859375
1343.056932926178,3,2679.6,28061.18359375,106252.859375
1344.0658657550812,3,1894.8,23135.9609375,106252.859375
1345.0916697978973,3,2279.6,13628.734375,106252.859375
1346.111667394638,3,3199.7,13463.57421875,106252.859375
1347.1310503482819,3,2814.0,14748.2109375,106252.859375
1348.1426696777344,3,1809.9,14291.30859375,106252.859375
1349.1590254306793,3,1605.6,9779.9453125,106252.859375
1350.1667802333832,3,2779.9,9588.1328125,106252.859375
1351.175769329071,3,2070.4,10753.32421875,106252.859375
1352.2375755310059,3,2233.4,9533.8828125,106252.859375
1353.2476515769958,3,1331.0,9967.0703125,106252.859375
1354.2574350833893,3,1304.8,5213.55859375,106252.859375
1355.2652337551117,3,2146.3,5812.78515625,106252.859375
1356.272976398468,3,319.4,4685.77734375,106252.859375
1357.2811722755432,3,590.7,4360.7734375,106252.859375
1358.288556098938,3,1828.9,5469.83203125,106252.859375
1359.311684370041,3,2168.2,9158.09375,106252.859375
1360.3362882137299,3,2890.2,9995.6484375,106252.859375
1361.357677936554,3,2806.6,8400.30078125,106252.859375
1362.3784575462341,3,2295.7,14751.18359375,106252.859375
1363.392940044403,3,1615.3,18362.625,106252.859375
1364.4011497497559,3,100.2,21874.3515625,106252.859375
1365.4092183113098,3,102.2,21807.6953125,106252.859375
1366.4168033599854,3,638.8,21879.72265625,106252.859375
1367.424959897995,3,1245.2,21772.60546875,106252.859375
1368.4328014850616,3,772.2,22149.51171875,106252.859375
1369.4468235969543,3,728.4,21957.22265625,106252.859375
1370.4545319080353,3,103.2,22895.17578125,106252.859375
1371.4620351791382,3,1972.7,22881.4140625,106252.859375
1372.4759504795074,3,746.2,21916.73046875,106252.859375
1373.483552455902,3,100.3,22963.3125,106252.859375
1374.490710735321,3,102.3,23930.66015625,106252.859375
1375.4977066516876,3,101.3,24916.1875,106252.859375
1376.5047326087952,3,2668.3,28397.08984375,106252.859375
1377.5125052928925,3,1925.2,22362.328125,106252.859375
1378.520667552948,3,2495.3,13411.37890625,106252.859375
1379.5406665802002,3,3199.1,13271.57421875,106252.859375
1380.5619978904724,3,2604.3,14516.00390625,106252.859375
1381.5707166194916,3,1872.7,14120.921875,106252.859375
1382.5786702632904,3,1778.9,9623.33984375,106252.859375
1383.5981242656708,3,2609.4,10558.8984375,106252.859375
1384.6087346076965,3,2172.4,9188.92578125,106252.859375
1385.6196653842926,3,1962.0,9307.99609375,106252.859375
1386.635304927826,3,1418.0,9052.5078125,106252.859375
1387.643073797226,3,1446.8,5341.859375,106252.859375
1388.650821685791,3,2159.4,5961.94140625,106252.859375
1389.658525943756,3,327.5,4777.609375,106252.859375
1390.666247367859,3,533.0,4381.77734375,106252.859375
1391.6746745109558,3,998.4,4299.06640625,106252.859375
1392.692364692688,3,2414.0,9133.109375,106252.859375
1393.700668811798,3,2589.8,10115.296875,106252.859375
1394.7206726074219,3,3039.4,10624.10546875,106252.859375
1395.7406115531921,3,2674.1,12184.3046875,106252.859375
1396.7484254837036,3,2118.8,13969.34765625,106252.859375
1397.757548570633,3,102.2,21834.48046875,106252.859375
1398.76544547081,3,101.2,21742.36328125,106252.859375
1399.7733623981476,3,102.2,21680.4765625,106252.859375
1400.7816812992096,3,1590.4,21796.9609375,106252.859375
1401.8030338287354,3,287.8,22318.32421875,106252.859375
1402.8106338977814,3,1394.3,21567.33203125,106252.859375
1403.8183312416077,3,102.2,22517.58984375,106252.859375
1404.8260600566864,3,1380.9,24699.67578125,106252.859375
1405.8341355323792,3,1344.7,21626.26171875,106252.859375
1406.841777086258,3,100.3,22719.7578125,106252.859375
1407.848866701126,3,101.2,23772.5859375,106252.859375
1408.8565762043,3,103.2,24740.80859375,106252.859375
1409.864671945572,3,2256.9,26086.03515625,106252.859375
1410.9004611968994,3,1706.1,22962.4140625,106252.859375
1411.9096891880035,3,2322.9,13555.87109375,106252.859375
1412.9342272281647,3,3189.3,13410.52734375,106252.859375
1413.9544689655304,3,3191.3,13548.78125,106252.859375
1414.9804272651672,3,1713.5,14325.6875,106252.859375
1415.9893827438354,3,1728.0,13645.74609375,106252.859375
1416.999410867691,3,2723.5,9424.125,106252.859375
1418.0173060894012,3,2101.7,10459.5,106252.859375
1419.1472492218018,3,2022.0,9902.19921875,106252.859375
1420.1555933952332,3,1324.6,9626.1796875,106252.859375
1421.1763598918915,3,1919.2,4302.31640625,106252.859375
1422.184666633606,3,2272.2,5065.12109375,106252.859375
1423.1945328712463,3,327.5,4651.0625,106252.859375
1424.202203989029,3,587.6,4384.58984375,106252.859375
1425.2106697559357,3,1160.7,4220.81640625,106252.859375
1426.2264049053192,3,2136.7,9145.80859375,106252.859375
1427.2386662960052,3,2890.7,10000.2421875,106252.859375
1428.2586770057678,3,2944.7,9737.09375,106252.859375
1429.278890132904,3,2342.7,13922.9140625,106252.859375
1430.2870614528656,3,2415.8,14690.65625,106252.859375
1431.295057296753,3,111.1,21909.81640625,106252.859375
1432.3029701709747,3,101.2,21820.73046875,106252.859375
1433.3108625411987,3,101.2,21720.25,106252.859375
1434.3185970783234,3,1502.8,21849.12890625,106252.859375
1435.3394112586975,3,347.3,22310.4375,106252.859375
1436.3472428321838,3,1378.2,21487.12890625,106252.859375
1437.355108499527,3,103.2,22450.71875,106252.859375
1438.3628578186035,3,1395.1,24590.41796875,106252.859375
1439.3707115650177,3,1341.6,21558.640625,106252.859375
1440.3784701824188,3,101.3,22597.51953125,106252.859375
1441.3853945732117,3,101.3,23644.1484375,106252.859375
1442.3922283649445,3,101.3,24618.953125,106252.859375
1443.399676322937,3,2174.2,25858.3984375,106252.859375
1444.4192607402802,3,1800.9,23279.90625,106252.859375
1445.4276859760284,3,2252.0,13488.41796875,106252.859375
1446.4536664485931,3,3195.5,13323.59375,106252.859375
1447.4734132289886,3,3156.0,14471.65234375,106252.859375
1448.487806558609,3,1361.4,14114.921875,106252.859375
1449.4961965084076,3,1747.2,13510.0703125,106252.859375
1450.5066742897034,3,2673.2,9559.6875,106252.859375
1451.5267324447632,3,2129.4,10286.67578125,106252.859375
1452.5366744995117,3,2027.4,9651.5546875,106252.859375
1453.5455446243286,3,1398.7,9180.71875,106252.859375
1454.5558726787567,3,1737.2,4374.32421875,106252.859375
1455.56467628479,3,2240.7,5168.69921875,106252.859375
1456.579930305481,3,339.4,4691.87109375,106252.859375
1457.587614774704,3,473.5,4437.84765625,106252.859375
1458.5949828624725,3,507.2,4137.75390625,106252.859375
1459.6025643348694,3,2207.6,8258.55859375,106252.859375
1460.613737821579,3,2698.3,9700.21484375,106252.859375
1461.6456668376923,3,2892.6,10594.26953125,106252.859375
1462.6656794548035,3,2794.7,9785.4609375,106252.859375
1463.6860818862915,3,2265.7,15350.515625,106252.859375
1464.6968274116516,3,1642.3,17017.29296875,106252.859375
1465.7044837474823,3,100.3,22315.2734375,106252.859375
1466.7115507125854,3,102.3,22247.80859375,106252.859375
1467.718465089798,3,412.3,22158.078125,106252.859375
1468.7274644374847,3,1453.6,22003.05859375,106252.859375
1469.7356734275818,3,600.1,23063.09375,106252.859375
1470.7552466392517,3,882.3,22251.10546875,106252.859375
1471.7628152370453,3,103.3,23220.07421875,106252.859375
1472.770674943924,3,1828.0,23027.8046875,106252.859375
1473.7902143001556,3,874.3,22321.51953125,106252.859375
1474.7978692054749,3,101.3,23344.484375,106252.859375
1475.8048934936523,3,101.3,24348.9609375,106252.859375
1476.8119869232178,3,102.3,25301.4296875,106252.859375
1477.8190157413483,3,2648.7,28414.28515625,106252.859375
1478.8267047405243,3,1905.3,23590.2578125,106252.859375
1479.8346724510193,3,2354.8,13978.890625,106252.859375
1480.8546674251556,3,3198.4,13827.74609375,106252.859375
1481.8739731311798,3,3068.1,15086.48828125,106252.859375
1482.8853542804718,3,1618.1,14696.12890625,106252.859375
1483.8958415985107,3,1773.0,14183.16796875,106252.859375
1484.9065351486206,3,2739.8,10037.96484375,106252.859375
1485.9147205352783,3,2287.3,10936.7109375,106252.859375
1487.0216681957245,3,1828.5,10435.9609375,106252.859375
1488.0413427352905,3,1284.1,9719.75,106252.859375
1489.0490245819092,3,2088.5,4006.33984375,106252.859375
1490.0569310188293,3,2293.9,4765.91796875,106252.859375
1491.0661573410034,3,258.0,4968.8125,106252.859375
1492.0738775730133,3,608.3,4084.8125,106252.859375
1493.081660270691,3,1753.3,6254.1640625,106252.859375
1494.1266906261444,3,2083.5,11288.546875,106252.859375
1495.1476666927338,3,2898.9,12162.140625,106252.859375
1496.167665719986,3,3198.6,12134.8984375,106252.859375
1497.1876811981201,3,2797.0,11611.94921875,106252.859375
1498.207894563675,3,2061.8,15435.4765625,106252.859375
1499.2162334918976,3,104.2,23319.0,106252.859375
1500.2240498065948,3,101.2,23265.39453125,106252.859375
1501.2319102287292,3,101.2,23195.2421875,106252.859375
1502.2397010326385,3,1567.4,23408.4453125,106252.859375
1503.25723361969,3,282.9,23933.9140625,106252.859375
1504.2648191452026,3,1377.5,23252.52734375,106252.859375
1505.2724227905273,3,102.2,24233.42578125,106252.859375
1506.2797768115997,3,1378.3,26396.6640625,106252.859375
1507.2875413894653,3,1338.8,23317.77734375,106252.859375
1508.295132637024,3,101.3,24360.1015625,106252.859375
1509.3023853302002,3,101.3,25334.14453125,106252.859375
1510.309359073639,3,102.3,26269.30078125,106252.859375
1511.3166687488556,3,2214.8,27501.30859375,106252.859375
1512.335990190506,3,1755.7,24598.5234375,106252.859375
1513.3435747623444,3,2342.9,15138.15234375,106252.859375
1514.3706798553467,3,3195.8,15016.6015625,106252.859375
1515.3906650543213,3,3191.4,14857.49609375,106252.859375
1516.4065811634064,3,1991.9,16177.390625,106252.859375
1517.4157910346985,3,1604.8,15305.4140625,106252.859375
1518.4336745738983,3,2525.8,10984.16015625,106252.859375
1519.453678369522,3,2512.4,12470.3203125,106252.859375
1520.4661984443665,3,2590.3,12309.671875,106252.859375
1521.4846730232239,3,2073.1,11252.34765625,106252.859375
1522.4936726093292,3,1335.9,10828.08203125,106252.859375
1523.5136063098907,3,1816.5,4219.48828125,106252.859375
1524.522671699524,3,2356.6,4718.25390625,106252.859375
1525.5358581542969,3,302.5,4253.1015625,106252.859375
1526.543939113617,3,513.1,4029.66015625,106252.859375
1527.5518391132355,3,2296.6,6985.875,106252.859375
1528.609652042389,3,2505.9,14294.1171875,106252.859375
1529.7086942195892,3,2468.8,14709.8359375,106252.859375
1530.734668970108,3,2875.4,15602.47265625,106252.859375
1531.7546665668488,3,3197.9,15600.4921875,106252.859375
1532.7746813297272,3,2783.1,13925.5859375,106252.859375
1533.7953593730927,3,2032.5,17758.2890625,106252.859375
1534.8035006523132,3,102.2,25757.7734375,106252.859375
1535.8114559650421,3,100.2,25751.04296875,106252.859375
1536.8195178508759,3,102.2,25664.375,106252.859375
1537.827492237091,3,1593.3,25918.0546875,106252.859375
1538.8442997932434,3,286.7,26466.6484375,106252.859375
1539.8523256778717,3,1398.9,25793.17578125,106252.859375
1540.8602740764618,3,101.2,26821.21875,106252.859375
1541.868222951889,3,1388.7,29020.6875,106252.859375
1542.8763926029205,3,1346.5,26039.4375,106252.859375
1543.8841786384583,3,100.2,27096.14453125,106252.859375
1544.8920631408691,3,103.2,28055.3984375,106252.859375
1545.899944782257,3,100.2,29068.2890625,106252.859375
1546.9086775779724,3,2195.2,30310.7734375,106252.859375
1547.9301314353943,3,1773.0,27644.84765625,106252.859375
1548.9386811256409,3,2197.6,17969.96484375,106252.859375
1549.9646692276,3,3194.5,17876.4375,106252.859375
1550.984666109085,3,3199.2,17709.609375,106252.859375
1552.0069806575775,3,2501.3,19377.0234375,106252.859375
1553.0196676254272,3,1783.7,18744.93359375,106252.859375
1554.0277593135834,3,1904.6,13835.9765625,106252.859375
1555.0476706027985,3,3194.2,13668.4921875,106252.859375
1556.067979335785,3,2468.8,15444.47265625,106252.859375
1557.119350194931,3,3174.2,15330.578125,106252.859375
1558.4186882972717,3,1752.5,13604.72265625,106252.859375
1559.4349927902222,3,1559.0,13273.80078125,106252.859375
1560.444028377533,3,2181.2,12903.46875,106252.859375
1561.4556677341461,3,1994.2,4346.515625,106252.859375
1562.4713587760925,3,745.0,3962.53125,106764.890625
1563.4794549942017,3,508.8,3756.48828125,106252.859375
1564.4877824783325,3,2793.2,8512.7734375,106252.859375
1565.4959313869476,3,2437.5,16267.71484375,106252.859375
1566.554748058319,3,2819.4,14342.97265625,106252.859375
1567.589671611786,3,2876.5,15237.515625,106252.859375
1568.6103661060333,3,3056.9,15707.83984375,106252.859375
1569.6182222366333,3,2518.2,15750.62890625,106252.859375
1570.6261196136475,3,1502.5,21534.7265625,106252.859375
1571.6344034671783,3,100.2,25342.49609375,106252.859375
1572.6421463489532,3,101.2,25319.6484375,106252.859375
1573.6506760120392,3,634.5,25421.1796875,106252.859375
1574.665097951889,3,1230.4,25425.41015625,106252.859375
1575.6728627681732,3,767.7,26029.625,106252.859375
1576.681070804596,3,715.4,25885.640625,106252.859375
1577.6889371871948,3,102.2,26901.58203125,106252.859375
1578.6965279579163,3,2011.8,26301.328125,106252.859375
1579.704638004303,3,722.3,26100.8359375,106252.859375
1580.7124636173248,3,100.2,27134.29296875,106252.859375
1581.7201788425446,3,103.2,28105.30078125,106252.859375
1582.7286989688873,3,290.0,29865.140625,106252.859375
1583.7522993087769,3,2470.6,32889.22265625,106252.859375
1584.7606739997864,3,2123.0,26477.453125,106252.859375
1585.7806942462921,3,2609.4,17673.0625,106252.859375
1586.8076779842377,3,3195.4,17499.9765625,106252.859375
1587.827471256256,3,2760.6,19191.25390625,106252.859375
1588.835678100586,3,2036.9,18507.5234375,106252.859375
1589.8540263175964,3,1943.0,17801.3359375,106252.859375
1590.8646771907806,3,2895.0,13513.015625,106252.859375
1591.8846848011017,3,2625.4,13301.76171875,106252.859375
1592.9027404785156,3,3023.8,15013.26953125,106252.859375
1593.9457886219025,3,2313.5,13261.37890625,106252.859375
1594.9649851322174,3,2049.9,13031.28515625,106252.859375
1595.97367477417,3,1445.1,13160.62109375,106252.859375
1596.9846694469452,3,1851.4,4303.5234375,106252.859375
1598.0043563842773,3,1420.9,4881.765625,106252.859375
1599.0122089385986,3,503.0,3705.02734375,106252.859375
1600.020009279251,3,2149.2,9233.20703125,106252.859375
1601.0307457447052,3,2650.4,10860.453125,106252.859375
1602.0517511367798,3,2890.9,11725.0703125,106252.859375
1603.0716774463654,3,2807.0,10090.265625,106252.859375
1604.0916702747345,3,2108.6,14977.18359375,106252.859375
1605.0994594097137,3,116.1,22278.4375,106252.859375
1606.1073107719421,3,100.2,22261.53515625,106252.859375
1607.115092754364,3,101.2,22208.078125,106252.859375
1608.1228909492493,3,1464.4,22661.71875,106252.859375
1609.130879163742,3,426.6,23068.5703125,106252.859375
1610.1387796401978,3,1392.4,22486.7421875,106252.859375
1611.1463449001312,3,101.3,23539.890625,106252.859375
1612.1534056663513,3,1386.3,25619.50390625,106252.859375
1613.1611931324005,3,1335.8,22900.67578125,106252.859375
1614.168850183487,3,102.3,23949.9765625,106252.859375
1615.1759259700775,3,100.3,24993.3671875,106252.859375
1616.1829545497894,3,103.3,25951.69140625,106252.859375
1617.1906797885895,3,2062.3,27263.109375,106252.859375
1618.21022439003,3,1877.8,26524.11328125,106252.859375
1619.2186856269836,3,2164.5,14777.171875,106252.859375
1620.2446653842926,3,3193.7,14660.83984375,106252.859375
1621.264667749405,3,2645.6,15725.265625,106252.859375
1622.2761545181274,3,1898.5,15153.05078125,106252.859375
1623.287671804428,3,2268.6,10711.7890625,106252.859375
1624.307193994522,3,2605.3,11385.109375,106252.859375
1625.3645038604736,3,2448.3,11831.74609375,106252.859375
1626.3736729621887,3,1992.5,11401.93359375,106252.859375
1627.3935108184814,3,1231.5,10749.9765625,106252.859375
1628.4036600589752,3,1974.5,4055.1484375,106252.859375
1629.4140410423279,3,2328.5,5011.51953125,106252.859375
1630.425321817398,3,384.5,3845.69921875,106252.859375
1631.4364361763,3,1999.7,9148.640625,106252.859375
1632.4567019939423,3,2600.1,10769.3046875,106252.859375
1633.477667093277,3,2890.4,11579.609375,106252.859375
1634.4976844787598,3,2810.7,9744.34765625,106252.859375
1635.5183491706848,3,2029.2,13954.23046875,106252.859375
1636.5260782241821,3,100.3,16116.953125,106252.859375
1637.533015012741,3,1105.1,16115.44140625,106252.859375
1638.5429430007935,3,773.1,16675.94921875,106252.859375
1639.5505232810974,3,1349.1,16147.01953125,106252.859375
1640.5601596832275,3,146.9,17110.18359375,106252.859375
1641.5686750411987,3,590.9,18452.73046875,106252.859375
1642.5886716842651,3,2087.8,16434.26953125,106252.859375
1643.599669456482,3,2983.0,12207.3828125,106252.859375
1644.6196892261505,3,3142.9,13059.30078125,106252.859375
1645.629676103592,3,1878.7,12962.90625,106252.859375
1646.6539890766144,3,1867.7,10461.95703125,106252.859375
1647.674468278885,3,2910.2,10749.03515625,106252.859375
1648.6826884746552,3,2495.1,11645.00390625,106252.859375
1649.693675518036,3,1892.8,10982.2421875,106252.859375
1650.713368654251,3,2104.3,10132.76953125,106252.859375
1651.7226741313934,3,1860.8,10015.203125,106252.859375
1652.7336699962616,3,2013.4,4904.453125,106252.859375
1653.753292798996,3,750.0,4718.95703125,106252.859375
1654.7627322673798,3,519.7,3875.57421875,106252.859375
1655.7711935043335,3,2748.8,7623.23828125,106252.859375
1656.7848782539368,3,2175.5,14077.953125,106252.859375
1657.7937409877777,3,2759.8,14394.359375,106252.859375
1658.83767080307,3,2872.4,15252.44140625,106252.859375
1659.857669353485,3,3198.6,15241.23828125,106252.859375
1660.877338886261,3,2676.4,14347.19140625,106252.859375
1661.8858244419098,3,1488.3,20142.921875,106252.859375
1662.893619775772,3,101.2,25182.8515625,106252.859375
1663.901118516922,3,101.3,25155.83984375,106252.859375
1664.9084451198578,3,101.3,25116.67578125,106252.859375
1665.915516614914,3,629.6,25212.6640625,106252.859375
1666.9351460933685,3,1241.4,25249.73828125,106252.859375
1667.9437549114227,3,772.1,25907.0703125,106252.859375
1668.951869726181,3,718.4,25785.79296875,106252.859375
1669.959617614746,3,101.3,26823.52734375,106252.859375
1670.9668831825256,3,1994.8,26179.89453125,106252.859375
1671.9750287532806,3,742.0,26102.171875,106252.859375
1672.9830787181854,3,101.2,27136.41015625,106252.859375
1673.9910180568695,3,103.2,28121.1484375,106252.859375
1675.0015769004822,3,188.0,29400.05078125,106252.859375
1676.020189523697,3,2573.7,32819.51953125,106252.859375
1677.0286748409271,3,2006.1,26596.0859375,106252.859375
1678.0486969947815,3,2599.1,17777.12109375,106252.859375
1679.074725151062,3,3157.9,17600.48046875,106252.859375
1680.094233751297,3,2986.3,18943.171875,106252.859375
1681.1045434474945,3,1843.6,18823.73828125,106252.859375
1682.1123135089874,3,1876.3,17786.5625,106252.859375
1683.1226689815521,3,2637.9,13465.3984375,106252.859375
1684.1426782608032,3,2853.5,13946.3359375,106252.859375
1685.1648433208466,3,2821.9,15158.70703125,106252.859375
1686.3297095298767,3,2337.5,15325.55859375,106252.859375
1687.3506746292114,3,2225.8,13334.37890625,106252.859375
1688.3626737594604,3,1333.0,13287.0234375,106252.859375
1689.379667520523,3,1653.3,4484.89453125,106252.859375
1690.3992748260498,3,1777.1,5076.58984375,106252.859375
1691.4070496559143,3,402.9,3992.8203125,106252.859375
1692.414754152298,3,1444.6,5751.58203125,106252.859375
1693.4376797676086,3,2493.0,11925.296875,106252.859375
1694.4596338272095,3,2460.0,14561.49609375,106252.859375
1695.4856729507446,3,2874.5,15455.203125,106252.859375
1696.5056645870209,3,3198.0,15452.24609375,106252.859375
1697.525672674179,3,2858.3,14496.12890625,106252.859375
1698.5341982841492,3,2254.0,18241.3046875,106252.859375
1699.5448982715607,3,687.6,25481.16015625,106252.859375
1700.5526068210602,3,100.3,25475.77734375,106252.859375
1701.559490442276,3,100.3,25456.28125,106252.859375
1702.5663998126984,3,101.3,25365.36328125,106252.859375
1703.5733635425568,3,1103.1,25685.60546875,106252.859375
1704.5814590454102,3,771.9,25905.1796875,106252.859375
1705.589290380478,3,1398.2,25343.78515625,106252.859375
1706.597071647644,3,102.2,26378.3515625,106252.859375
1707.604532957077,3,971.0,27612.23828125,106252.859375
1708.6251771450043,3,1748.4,25768.92578125,106252.859375
1709.6330173015594,3,101.2,26854.8515625,106252.859375
1710.640900850296,3,102.2,27906.5703125,106252.859375
1711.6486904621124,3,102.2,28861.46484375,106252.859375
1712.6566717624664,3,1527.6,30324.24609375,106252.859375
1713.676671743393,3,2201.1,28479.12109375,106252.859375
1714.6966762542725,3,1806.8,17833.4375,106252.859375
1715.722666501999,3,3190.5,17721.12109375,106252.859375
1716.7426707744598,3,3197.8,17519.69140625,106252.859375
1717.762379169464,3,2552.9,19095.30078125,106252.859375
1718.7831528186798,3,1886.5,18536.71484375,106252.859375
1719.791677236557,3,1967.6,13712.3671875,106252.859375
1720.8116686344147,3,3196.7,13540.33984375,106252.859375
1721.8316929340363,3,2403.2,15419.9921875,106252.859375
1722.8518433570862,3,3159.5,15390.53515625,106252.859375
1724.168126821518,3,1518.2,13967.94140625,106252.859375
1725.18354845047,3,1752.1,13188.5625,106252.859375
1726.192523241043,3,1742.5,3661.5078125,106252.859375
1727.2002847194672,3,2416.0,4434.74609375,106252.859375
1728.2081389427185,3,297.7,3691.5234375,106252.859375
1729.2166783809662,3,1893.7,8105.94140625,106252.859375
1730.237720966339,3,2646.1,9227.91796875,106252.859375
1731.2626695632935,3,2883.3,10108.4296875,106252.859375
1732.282398223877,3,2348.9,10967.6015625,106252.859375
1733.2905542850494,3,1040.0,14837.01953125,106252.859375
1734.2982006072998,3,323.1,14830.16796875,106252.859375
1735.307243347168,3,1550.0,14903.90625,106252.859375
1736.3156743049622,3,439.1,16131.62109375,106252.859375
1737.335328578949,3,1047.9,15410.26953125,106252.859375
1738.3429770469666,3,100.3,16468.55078125,106252.859375
1739.3506779670715,3,1655.6,16506.59765625,106252.859375
1740.3706986904144,3,2428.3,11165.47265625,106252.859375
1741.398707151413,3,3094.2,11780.8046875,106252.859375
1742.4106676578522,3,1921.7,11503.3671875,106252.859375
1743.4216740131378,3,2492.8,9225.35546875,106252.859375
1744.441285610199,3,2390.8,10311.38671875,106252.859375
1745.4531652927399,3,1757.8,9837.08984375,106252.859375
1746.4616498947144,3,1586.0,9109.28515625,106252.859375
1747.4758796691895,3,2005.2,3988.19921875,106475.87109375
1748.4917590618134,3,2364.8,8443.62109375,106475.87109375
1749.53076004982,3,3101.8,8549.1953125,106475.87109375
1750.5506677627563,3,3043.0,7800.54296875,106475.87109375
1751.5706644058228,3,3198.2,8148.19921875,106475.87109375
1752.58966422081,3,3197.1,8560.72265625,106475.87109375
1753.60888504982,3,2458.2,10365.23828125,106475.87109375
1754.6165673732758,3,100.2,14445.1171875,106475.87109375
1755.6243996620178,3,923.4,14785.46484375,106475.87109375
1756.6326084136963,3,957.5,14822.2265625,106475.87109375
1757.64067029953,3,1145.1,14668.234375,106475.87109375
1758.6603846549988,3,334.4,15206.16796875,106475.87109375
1759.6692907810211,3,242.2,16698.8125,106475.87109375
1760.6926760673523,3,2273.3,14788.984375,106475.87109375
1761.7166738510132,3,2848.2,10306.26171875,106475.87109375
1762.7358713150024,3,3196.0,10156.7421875,106475.87109375
1763.7555587291718,3,3198.9,10024.328125,106475.87109375
1764.7743499279022,3,3196.1,9859.890625,106475.87109375
1765.790678024292,3,3196.4,9738.14453125,106475.87109375
1766.808573961258,3,3200.1,9578.66015625,106475.87109375
1767.8306567668915,3,3196.3,9497.77734375,106475.87109375
1768.8466596603394,3,3198.7,9441.2109375,106475.87109375
1769.8647656440735,3,3201.4,9378.6328125,106475.87109375
1770.8828628063202,3,3196.6,9290.25390625,106475.87109375
1771.900794506073,3,3198.9,9278.41015625,106475.87109375
1772.9189760684967,3,3197.1,9254.3125,106475.87109375
1773.9366896152496,3,3199.8,9254.3671875,106475.87109375
1774.954973936081,3,2309.0,9933.34765625,106475.87109375
1775.9749274253845,3,2372.9,9840.234375,106475.87109375
1776.9856684207916,3,2066.6,7658.6328125,106475.87109375
1778.0056910514832,3,2807.2,8532.859375,106475.87109375
1779.0279211997986,3,1839.6,4855.77734375,106475.87109375
1780.0866994857788,3,2747.7,8638.4609375,106475.87109375
1781.1267220973969,3,3093.7,8778.65234375,106475.87109375
1782.1466658115387,3,3030.8,8084.73046875,106475.87109375
1783.1657526493073,3,3198.4,8452.76953125,106475.87109375
1784.1856701374054,3,3199.3,8860.29296875,106475.87109375
1785.2051677703857,3,2207.2,11523.125,106475.87109375
1786.213235616684,3,100.2,14535.07421875,106475.87109375
1787.2210121154785,3,1018.2,14618.59765625,106475.87109375
1788.2307131290436,3,858.1,15021.54296875,106475.87109375
1789.2387375831604,3,1216.6,14698.76171875,106475.87109375
1790.2481482028961,3,280.8,15371.1484375,106475.87109375
1791.2566783428192,3,338.1,16849.20703125,106475.87109375
1792.2762386798859,3,2222.2,15052.6171875,106475.87109375
1793.2846689224243,3,2904.8,10495.7421875,106475.87109375
1794.3035800457,3,3198.2,10377.984375,106475.87109375
1795.3235156536102,3,3198.7,10245.44921875,106475.87109375
1796.3429973125458,3,3195.8,10112.9453125,106475.87109375
1797.3596546649933,3,3199.6,9981.2890625,106475.87109375
1798.377902507782,3,3198.1,9854.5234375,106475.87109375
1799.3946542739868,3,3196.0,9729.5859375,106475.87109375
1800.4128079414368,3,3201.3,9702.39453125,106475.87109375
1801.4309430122375,3,3197.4,9594.9375,106475.87109375
1802.4476544857025,3,3197.1,9572.58984375,106475.87109375
1803.4636600017548,3,3196.6,9516.33203125,106475.87109375
1804.4817819595337,3,3211.1,9504.24609375,106475.87109375
1805.499819278717,3,3188.9,9504.25390625,106475.87109375
1806.5176653862,3,2352.9,10300.7265625,106475.87109375
1807.53666305542,3,2303.0,10164.76953125,106475.87109375
1808.555624961853,3,2083.8,10039.21484375,106475.87109375
1809.5658099651337,3,2795.9,8861.109375,106475.87109375
1810.647639989853,3,1671.5,4047.07421875,106475.87109375
1811.6568064689636,3,2753.7,8715.6640625,106475.87109375
1812.6932973861694,3,3103.8,8841.8359375,106475.87109375
1813.713665485382,3,3013.7,8064.10546875,106475.87109375
1814.7349245548248,3,3197.6,8388.6484375,106475.87109375
1815.7536668777466,3,3195.6,8793.83203125,106475.87109375
1816.7730255126953,3,2651.1,11089.36328125,106475.87109375
1817.7809355258942,3,275.8,14626.49609375,106475.87109375
1818.790590763092,3,715.5,14628.3515625,106475.87109375
1819.7994194030762,3,1162.8,14870.984375,106475.87109375
1820.8076722621918,3,902.9,15180.2734375,106475.87109375
1821.8274042606354,3,584.4,15261.140625,106475.87109375
1822.8351984024048,3,102.2,16206.453125,106475.87109375
1823.8426740169525,3,2122.1,15299.20703125,106475.87109375
1824.8636679649353,3,2709.7,10498.8828125,106475.87109375
1825.883662223816,3,3195.1,10384.0546875,106475.87109375
1826.9026539325714,3,3199.0,10283.66796875,106475.87109375
1827.9220659732819,3,3197.9,10153.01953125,106475.87109375
1828.937653541565,3,3198.7,9982.50390625,106475.87109375
1829.9566564559937,3,3198.2,9877.71875,106475.87109375
1830.974974155426,3,3198.1,9763.01171875,106475.87109375
1831.9916553497314,3,3196.3,9727.84375,106475.87109375
1833.0097806453705,3,3202.0,9625.65625,106475.87109375
1834.0279848575592,3,3197.5,9608.609375,106475.87109375
1835.0446555614471,3,3196.0,9542.01171875,106475.87109375
1836.0627727508545,3,3199.2,9533.49609375,106475.87109375
1837.0809350013733,3,3197.6,9498.28125,106475.87109375
1838.0976672172546,3,2282.9,10234.48828125,106475.87109375
1839.117665052414,3,2322.9,10093.234375,106475.87109375
1840.1366665363312,3,2303.2,9966.01953125,106475.87109375
1841.1508870124817,3,2597.3,8508.51171875,106475.87109375
1842.2411062717438,3,2092.0,3793.66796875,106478.87109375
1843.2517552375793,3,2290.9,8694.37890625,106478.87109375
1844.287667274475,3,3097.4,8849.44140625,106478.87109375
1845.3076646327972,3,3035.5,7973.42578125,106478.87109375
1846.327666759491,3,3195.0,8300.5234375,106478.87109375
1847.3476676940918,3,3197.7,8712.33984375,106478.87109375
1848.3670716285706,3,2709.7,10986.8828125,106478.87109375
1849.37495303154,3,843.4,14579.06640625,106478.87109375
1850.3826656341553,3,101.3,14545.84375,106478.87109375
1851.3896741867065,3,1575.8,14817.1796875,106478.87109375
1852.4088768959045,3,285.7,15390.015625,106478.87109375
1853.416724205017,3,1389.3,14727.55078125,106478.87109375
1854.4244062900543,3,101.3,15760.0,106478.87109375
1855.4314250946045,3,1384.7,18095.62890625,106478.87109375
1856.43958568573,3,2246.1,10592.9140625,106478.87109375
1857.460664987564,3,3197.2,10490.109375,106478.87109375
1858.4806544780731,3,3200.2,10367.19921875,106478.87109375
1859.4990921020508,3,3196.7,10224.640625,106478.87109375
1860.5156557559967,3,3199.9,10034.64453125,106478.87109375
1861.5346546173096,3,3199.2,9932.3984375,106478.87109375
1862.552904844284,3,3198.1,9819.9609375,106478.87109375
1863.5696530342102,3,3199.0,9738.078125,106478.87109375
1864.587884426117,3,3197.2,9662.75,106478.87109375
1865.604654788971,3,3197.0,9583.453125,106478.87109375
1866.622768163681,3,3198.4,9557.61328125,106478.87109375
1867.6408705711365,3,3197.3,9525.77734375,106478.87109375
1868.6576554775238,3,3197.0,9504.2109375,106478.87109375
1869.672697544098,3,2863.0,10269.73046875,106478.87109375
1870.6803772449493,3,2574.0,10290.0859375,106478.87109375
1871.688665151596,3,2014.3,10077.25390625,106478.87109375
1872.70867228508,3,2453.2,7954.93359375,106478.87109375
1873.7281749248505,3,2416.4,8223.875,106478.87109375
1874.7392055988312,3,1988.5,5246.31640625,106484.87109375
1875.7477054595947,3,2779.5,9105.84375,106484.87109375
1876.7856664657593,3,3096.7,9263.640625,106484.87109375
1877.8056709766388,3,3042.5,8508.76171875,106484.87109375
1878.8256623744965,3,3197.8,8883.18359375,106484.87109375
1879.8478631973267,3,3197.1,9294.84765625,106484.87109375
1880.86598610878,3,2332.2,13625.54296875,106484.87109375
1881.87890958786,3,509.9,20915.4375,106484.87109375
1882.8867411613464,3,99.2,20915.4375,106484.87109375
1883.8945410251617,3,102.2,20817.93359375,106484.87109375
1884.902675628662,3,1234.3,21382.53125,106484.87109375
1885.9224252700806,3,633.0,21529.19921875,106484.87109375
1886.930279493332,3,1394.3,20965.7734375,106484.87109375
1887.9380285739899,3,102.2,22004.0234375,106484.87109375
1888.9466733932495,3,1241.3,23229.6484375,106484.87109375
1889.9716167449951,3,1472.2,21343.83203125,106484.87109375
1890.9793674945831,3,100.2,22406.27734375,106484.87109375
1891.9872012138367,3,102.2,23444.7109375,106484.87109375
1892.99502825737,3,102.2,24423.82421875,106484.87109375
1894.0036752223969,3,1796.3,25833.6640625,106484.87109375
1895.0237619876862,3,2198.3,24168.6328125,106484.87109375
1896.0446727275848,3,1890.1,13342.30078125,106484.87109375
1897.0645959377289,3,3199.7,13194.2734375,106484.87109375
1898.0868797302246,3,3196.1,13088.92578125,106484.87109375
1899.1026542186737,3,3199.9,12878.17578125,106484.87109375
1900.1216566562653,3,3199.3,12712.609375,106484.87109375
1901.1399397850037,3,3197.0,12501.10546875,106484.87109375
1902.1566560268402,3,3196.2,12393.8125,106484.87109375
1903.1747834682465,3,3200.1,12273.05859375,106484.87109375
1904.192978143692,3,3198.5,12149.86328125,106484.87109375
1905.2096538543701,3,3197.0,12091.5078125,106484.87109375
1906.2256603240967,3,3198.7,12010.33984375,106484.87109375
1907.2438864707947,3,3197.8,12005.2265625,106484.87109375
1908.259654045105,3,3195.7,11939.62890625,106484.87109375
1909.2747118473053,3,3187.8,12009.37890625,106484.87109375
1910.2856640815735,3,2427.0,12869.6640625,106484.87109375
1911.30566740036,3,2189.1,12727.1484375,106484.87109375
1912.316211938858,3,1895.9,8687.8984375,106484.87109375
1913.3257009983063,3,2810.5,9218.88671875,106484.87109375
1914.4126694202423,3,2396.3,8497.05859375,106484.87109375
1915.4330637454987,3,2177.9,11488.921875,106484.87109375
1916.483666419983,3,2967.9,8872.2734375,106484.87109375
1917.503675699234,3,3006.9,7888.3828125,106484.87109375
1918.5246636867523,3,3197.9,8202.92578125,106484.87109375
1919.5436668395996,3,3198.8,8620.34765625,106484.87109375
1920.5656743049622,3,3195.9,9029.62109375,106484.87109375
1921.5849044322968,3,844.5,14411.62890625,106484.87109375
1922.5925171375275,3,125.7,14389.15234375,106484.87109375
1923.6024794578552,3,1572.2,14613.6171875,106484.87109375
1924.6119513511658,3,278.8,15393.5625,106484.87109375
1925.6196994781494,3,1391.4,14770.3984375,106484.87109375
1926.6273205280304,3,101.3,15806.546875,106484.87109375
1927.6345551013947,3,1391.3,18138.8828125,106484.87109375
1928.642677307129,3,2266.8,10543.33984375,106484.87109375
1929.6626114845276,3,3198.2,10424.65234375,106484.87109375
1930.6825375556946,3,3188.2,10271.21875,106484.87109375
1931.7018163204193,3,3201.6,10125.1796875,106484.87109375
1932.7196526527405,3,3195.5,10017.171875,106484.87109375
1933.7356610298157,3,3198.1,9896.984375,106484.87109375
1934.7506618499756,3,3199.0,9752.2109375,106484.87109375
1935.7656626701355,3,3198.6,9735.92578125,106484.87109375
1936.7847726345062,3,3197.7,9603.95703125,106484.87109375
1937.8026523590088,3,3196.5,9603.95703125,106484.87109375
1938.8176355361938,3,3198.8,9545.28125,106484.87109375
1939.833740234375,3,3199.7,9536.515625,106484.87109375
1940.8518569469452,3,3198.4,9520.78125,106484.87109375
1941.869918346405,3,2784.2,10277.76171875,106484.87109375
1942.8867046833038,3,2543.1,10262.671875,106484.87109375
1943.8945252895355,3,2103.5,10114.5859375,106484.87109375
1944.9133307933807,3,2473.6,8065.34375,106484.87109375
1945.9356825351715,3,2390.3,8243.34375,106484.87109375
1946.948711156845,3,2104.7,4674.0546875,106484.87109375
1947.9727590084076,3,2699.5,9181.80078125,106484.87109375
1949.0036680698395,3,3097.9,9320.5234375,106484.87109375
1950.0236699581146,3,3030.8,8491.58984375,106484.87109375
1951.043662071228,3,3198.4,8834.93359375,106484.87109375
1952.063669681549,3,3198.3,9235.1484375,106484.87109375
1953.0830569267273,3,2571.2,12502.03125,106484.87109375
1954.0907855033875,3,1008.1,20891.07421875,106484.87109375
1955.0985462665558,3,101.3,21157.03515625,106484.87109375
1956.1055989265442,3,100.2,21098.57421875,106484.87109375
1957.1136894226074,3,993.5,21113.69140625,106484.87109375
1958.1222829818726,3,877.2,21429.9765625,106484.87109375
1959.129959821701,3,1217.2,21048.75,106484.87109375
1960.1380500793457,3,275.9,21805.45703125,106484.87109375
1961.146677017212,3,425.3,23211.26953125,106484.87109375
1962.1666734218597,3,2184.2,21389.203125,106484.87109375
1963.1821775436401,3,207.4,22187.953125,106484.87109375
1964.1896450519562,3,101.3,23215.30078125,106484.87109375
1965.1966924667358,3,102.3,24189.30078125,106484.87109375
1966.2037146091461,3,999.4,25874.609375,106484.87109375
1967.2236704826355,3,2258.9,24081.44921875,106484.87109375
1968.2431621551514,3,2024.7,21515.88671875,106484.87109375
1969.2536704540253,3,3056.2,13250.6640625,106484.87109375
1970.273537158966,3,3198.3,13086.34375,106484.87109375
1971.2928762435913,3,3197.4,12925.51953125,106484.87109375
1972.3096537590027,3,3199.9,12761.86328125,106484.87109375
1973.3286542892456,3,3195.9,12573.4765625,106484.87109375
1974.3467948436737,3,3201.4,12451.4140625,106484.87109375
1975.366661310196,3,3207.7,12320.4609375,106484.87109375
1976.3848249912262,3,3184.3,12258.62109375,106484.87109375
1977.402089357376,3,3199.0,12132.4375,106484.87109375
1978.4166536331177,3,3196.5,12090.38671875,106484.87109375
1979.4317412376404,3,3210.4,12033.44921875,106484.87109375
1980.4498207569122,3,3188.8,12016.2421875,106484.87109375
1981.467871427536,3,3197.8,12016.2421875,106484.87109375
1982.4846658706665,3,2273.2,12932.05859375,106484.87109375
1983.5037655830383,3,2175.3,12786.85546875,106484.87109375
1984.5135893821716,3,2291.7,12640.90625,106484.87109375
1985.5226707458496,3,2520.6,8676.40625,106484.87109375
1986.5392694473267,3,2400.3,8592.046875,106484.87109375
1987.5497903823853,3,2000.9,6938.84375,106484.87109375
1988.5957219600677,3,2978.4,9176.83203125,106484.87109375
1989.6186654567719,3,3114.6,9350.80859375,106484.87109375
1990.6386649608612,3,3025.7,8570.796875,106484.87109375
1991.657700061798,3,3200.2,8962.36328125,106484.87109375
1992.6776659488678,3,3194.9,9362.578125,106484.87109375
1993.6978800296783,3,2305.5,13643.7734375,106484.87109375
1994.774388551712,3,110.2,20847.15234375,106484.87109375
1995.7816696166992,3,101.3,20783.5,106484.87109375
1996.7888934612274,3,100.3,20750.34375,106484.87109375
1997.7963683605194,3,1465.6,21226.05078125,106484.87109375
1998.8042621612549,3,427.7,21684.8125,106484.87109375
1999.8119843006134,3,1390.3,21142.96875,106484.87109375
2000.8196456432343,3,102.2,22207.80078125,106484.87109375
2001.8272156715393,3,1415.0,24157.19140625,106484.87109375
2002.8350307941437,3,1361.4,21504.66796875,106484.87109375
2003.8428573608398,3,101.2,22557.96484375,106484.87109375
2004.8506960868835,3,101.2,23614.5859375,106484.87109375
2005.858537197113,3,101.2,24581.55078125,106484.87109375
2006.866670846939,3,2007.2,25825.59765625,106484.87109375
2007.8862161636353,3,2030.0,24667.98046875,106484.87109375
2008.894671678543,3,2033.6,13365.0078125,106484.87109375
2009.914664030075,3,3195.1,13246.9453125,106484.87109375
2010.933655500412,3,3199.1,13077.50390625,106484.87109375
2011.9526550769806,3,3198.7,12905.49609375,106484.87109375
2012.971065044403,3,3197.0,12721.50390625,106484.87109375
2013.9876577854156,3,3199.7,12573.34375,106484.87109375
2015.0058553218842,3,3198.2,12455.296875,106484.87109375
2016.0239176750183,3,3198.7,12333.61328125,106484.87109375
2017.040654182434,3,3193.8,12222.2578125,106484.87109375
2018.0566618442535,3,3197.6,12123.63671875,106484.87109375
2019.0747694969177,3,3213.1,12073.08984375,106484.87109375
2020.092823266983,3,3182.6,12041.0234375,106484.87109375
2021.1108078956604,3,3197.9,12026.203125,106484.87109375
2022.1256885528564,3,3190.1,12402.14453125,106484.87109375
2023.149663925171,3,2352.1,12866.02734375,106484.87109375
2024.1712188720703,3,2183.8,12717.73046875,106484.87109375
2025.1882684230804,3,1921.5,12529.578125,106484.87109375
2026.1996765136719,3,2784.2,9070.1328125,106484.87109375
2027.2375674247742,3,2057.7,3956.203125,106484.87109375
2028.2457151412964,3,2292.8,8754.9375,106484.87109375
2029.2796630859375,3,3064.9,8869.52734375,106484.87109375
2030.2996699810028,3,3058.3,8039.08984375,106484.87109375
2031.3196697235107,3,3196.7,8316.16796875,106484.87109375
2032.338504076004,3,3200.1,8699.6953125,106484.87109375
2033.3578922748566,3,2682.3,11003.16015625,106484.87109375
2034.3659312725067,3,853.4,14436.4609375,106484.87109375
2035.373594045639,3,135.6,14421.7890625,106484.87109375
2036.3835971355438,3,1559.0,14864.44140625,106484.87109375
2037.3913559913635,3,284.8,15388.109375,106484.87109375
2038.3990452289581,3,1400.2,14767.0234375,106484.87109375
2039.4067027568817,3,101.3,15800.95703125,106484.87109375
2040.4139258861542,3,1414.0,18154.30859375,106484.87109375
2041.421673297882,3,2252.4,10589.2421875,106484.87109375
2042.4441542625427,3,3188.7,10471.484375,106484.87109375
2043.4649288654327,3,3196.6,10354.2421875,106484.87109375
2044.4817373752594,3,3200.5,10215.109375,106484.87109375
2045.5006535053253,3,3195.5,10086.51171875,106484.87109375
2046.516662120819,3,3195.8,9940.97265625,106484.87109375
2047.5347709655762,3,3200.5,9819.12890625,106484.87109375
2048.553656101227,3,3197.2,9723.37890625,106484.87109375
2049.5721151828766,3,3198.6,9687.1484375,106484.87109375
2050.5876593589783,3,3186.5,9598.125,106484.87109375
2051.60578083992,3,3198.5,9541.33203125,106484.87109375
2052.6237704753876,3,3211.0,9541.3359375,106484.87109375
2053.6418330669403,3,3197.4,9541.34375,106484.87109375
2054.659873008728,3,2871.3,10300.85546875,106484.87109375
2055.667507648468,3,2633.8,10328.7734375,106484.87109375
2056.67666220665,3,1902.6,10159.5078125,106484.87109375
2057.6956124305725,3,2459.8,8061.18359375,106484.87109375
2058.718456506729,3,2526.8,8368.99609375,106484.87109375
2059.7356810569763,3,1866.6,6034.359375,106484.87109375
2060.755666255951,3,2851.5,8886.9296875,106484.87109375
2061.775171279907,3,3151.3,8949.484375,106484.87109375
2062.7896740436554,3,3082.0,8091.19140625,106484.87109375
2063.809668779373,3,3197.7,8466.87890625,106484.87109375
2064.8296670913696,3,3198.5,8883.2265625,106484.87109375
2065.8491263389587,3,1752.7,13471.53125,106484.87109375
2066.857305288315,3,100.2,14429.9765625,106484.87109375
2067.8652579784393,3,1104.5,14634.41015625,106484.87109375
2068.8730022907257,3,776.0,15018.30859375,106484.87109375
2069.880754470825,3,1407.1,14384.96484375,106484.87109375
2070.8884813785553,3,102.3,15383.76171875,106484.87109375
2071.895677089691,3,755.0,16683.70703125,106484.87109375
2072.9152493476868,3,1972.5,10517.76953125,106484.87109375
2073.9236681461334,3,3154.6,10439.41796875,106484.87109375
2074.9436559677124,3,3200.1,10359.98828125,106484.87109375
2075.961937904358,3,3196.3,10206.1953125,106484.87109375
2076.978654384613,3,3195.5,10041.54296875,106484.87109375
2077.9970450401306,3,3196.7,9913.06640625,106484.87109375
2079.013654232025,3,3198.2,9821.2890625,106484.87109375
2080.0296642780304,3,3197.8,9717.8671875,106484.87109375
2081.045666217804,3,3199.5,9631.14453125,106484.87109375
2082.063800096512,3,3197.7,9592.8984375,106484.87109375
2083.0817766189575,3,3198.5,9512.703125,106484.87109375
2084.099652528763,3,3198.1,9512.703125,106484.87109375
2085.1178076267242,3,3198.4,9474.51953125,106484.87109375
2086.135805606842,3,3201.4,9462.34375,106484.87109375
2087.1539137363434,3,2393.3,10294.515625,106484.87109375
2088.173879146576,3,2250.6,10172.8203125,106484.87109375
2089.1824872493744,3,2057.6,8001.6953125,106484.87109375
2090.204011440277,3,2852.8,8828.2265625,106484.87109375
2091.230741262436,3,2073.8,4149.75390625,106484.87109375
2092.2536656856537,3,2822.5,7144.234375,106484.87109375
2093.2730841636658,3,2999.9,6931.81640625,106484.87109375
2094.2816710472107,3,1519.3,6892.6171875,106484.87109375
2095.301691532135,3,2763.6,8254.875,106484.87109375
2096.316650390625,3,1487.1,8027.87109375,106484.87109375
2097.3256833553314,3,1698.1,7719.2890625,106484.87109375
2098.3346683979034,3,2385.7,7517.515625,106484.87109375
2099.346782684326,3,2529.2,7620.171875,106484.87109375
2100.3776700496674,3,3140.5,7536.828125,106484.87109375
2101.3973252773285,3,1643.3,7793.5546875,106484.87109375
2102.405666589737,3,2815.2,7080.72265625,106484.87109375
2103.4249036312103,3,2050.0,8248.39453125,106484.87109375
2104.4326977729797,3,1301.8,7848.17578125,106484.87109375
2105.440530538559,3,2075.9,7477.125,106484.87109375
2106.451239347458,3,2469.5,5752.109375,106484.87109375
2107.491316318512,3,2956.4,7649.875,106484.87109375
2108.510940551758,3,2708.0,7796.88671875,106484.87109375
2109.5186727046967,3,1795.3,7045.8828125,106484.87109375
2110.540217399597,3,2639.1,8167.51171875,106484.87109375
2111.548129081726,3,1436.0,7969.984375,106484.87109375
2112.5585894584656,3,1713.0,7695.83984375,106484.87109375
2113.569667816162,3,2508.6,7404.48046875,106484.87109375
2114.584666967392,3,2675.2,5729.51171875,106484.87109375
2115.6046736240387,3,2240.1,5873.0078125,106484.87109375
2116.6186668872833,3,2483.6,5609.140625,106484.87109375
2117.629669189453,3,1795.1,5320.59765625,106484.87109375
2118.649777173996,3,2418.7,7571.125,106484.87109375
2119.6736698150635,3,3052.7,6250.390625,106484.87109375
2120.6915979385376,3,1530.2,6985.57421875,106484.87109375
2121.6996700763702,3,2529.7,6661.625,106484.87109375
2122.7160975933075,3,1749.0,6374.3046875,106484.87109375
2123.727671146393,3,2508.1,6289.9453125,106484.87109375
2124.7406446933746,3,2373.5,4487.15625,106484.87109375
2125.750125169754,3,2403.1,4240.82421875,106484.87109375
2126.7617185115814,3,2487.4,4715.60546875,106484.87109375
2127.789411306381,3,2193.9,4964.96484375,106484.87109375
2128.7976644039154,3,2445.8,4715.4453125,106484.87109375
2129.819667339325,3,2191.0,4571.60546875,106484.87109375
2130.833330154419,3,2302.0,4229.921875,106484.87109375
2131.844707250595,3,2416.0,3936.73046875,106484.87109375
2132.855664730072,3,2701.0,3399.0703125,106996.90234375
2133.8701798915863,3,206.4,1649.11328125,104948.77734375
2134.8778104782104,3,101.3,1529.83203125,104948.77734375
2135.885143995285,3,103.3,1450.2109375,104948.77734375
2136.892320394516,3,103.2,1320.0078125,104948.77734375
2137.8996205329895,3,102.3,1262.1953125,104948.77734375
