elapsed_time,nproc,cpu,mem_real,mem_virtual
3.7670135498046875e-05,1,0.0,5.09765625,7.65234375
1.005709171295166,4,0.0,442.48046875,4205.0
2.013242483139038,4,100.2,621.890625,4419.0
3.021381378173828,4,100.2,617.9375,4451.0
4.029418468475342,4,99.3,617.0859375,4451.0
5.0366082191467285,4,100.1,617.4609375,4451.0
6.045201063156128,4,99.2,623.87890625,4499.0
7.053282737731934,4,100.1,616.48046875,4499.0
8.061813592910767,4,98.9,612.40625,4499.0
9.072772026062012,4,100.0,625.1875,4499.0
10.083052635192871,4,99.9,674.52734375,4499.0
11.09423828125,4,98.9,720.52734375,4555.0
12.105164527893066,4,100.0,776.52734375,4619.0
13.115188837051392,4,100.9,830.52734375,4705.0
14.125597953796387,4,99.0,876.52734375,4705.0
15.135708808898926,4,99.0,928.52734375,4801.0
16.146004915237427,4,99.9,972.52734375,4801.0
17.1569185256958,2,0.0,169.41015625,245.9375
18.16650700569153,2,0.0,595.97265625,4733.38671875
19.177239894866943,2,99.9,889.9609375,5853.38671875
20.188007831573486,2,99.9,1069.953125,7141.38671875
21.19885015487671,2,100.0,1362.078125,7141.38671875
22.208391666412354,2,100.0,1606.07421875,9701.38671875
23.21839737892151,2,99.9,1899.2265625,9701.38671875
24.229315280914307,2,100.0,1908.25,9189.35546875
25.239391088485718,2,99.1,1905.0,9189.35546875
26.248523473739624,2,100.9,2081.8125,10317.41796875
27.259132862091064,2,99.9,2090.19140625,9805.37109375
28.271363973617554,2,4399.5,3225.91015625,14182.81640625
29.295992136001587,2,4673.8,3529.08203125,14544.81640625
30.321362018585205,2,4675.2,3802.3359375,14872.31640625
31.347365856170654,2,4679.5,4054.94921875,15231.31640625
32.373366355895996,2,4688.5,4082.65234375,15304.31640625
33.398131132125854,2,4755.5,4264.6875,15570.31640625
34.423365354537964,2,4673.7,4329.34375,15767.31640625
35.44836187362671,2,4664.2,4372.9453125,15929.31640625
36.47425866127014,2,4671.6,4319.62109375,16163.31640625
37.498095989227295,2,4672.0,4341.5390625,16279.31640625
38.52336406707764,2,4694.7,4391.1640625,16399.31640625
39.53618335723877,2,4733.0,4361.53125,16425.31640625
40.561132192611694,2,4703.1,4424.31640625,16481.31640625
41.58636689186096,2,4723.6,4394.921875,16545.31640625
42.612361907958984,2,4676.3,4555.6875,16714.31640625
43.63728141784668,2,4671.9,4549.08203125,16746.31640625
44.66236400604248,2,4709.2,4539.88671875,16786.31640625
45.68836498260498,2,4709.6,4580.46875,16818.31640625
46.71336126327515,2,4701.3,4720.9453125,17049.31640625
47.74158835411072,2,4706.7,4746.87109375,17161.31640625
48.767579317092896,2,4674.5,4713.4765625,17182.31640625
49.79236555099487,2,4653.7,4712.86328125,17277.31640625
50.81726598739624,2,4724.6,4612.5078125,17285.31640625
51.842363357543945,2,4702.2,4595.390625,17305.31640625
52.86837673187256,2,4726.0,4694.0546875,17391.31640625
53.89436101913452,2,4691.7,4755.35546875,17523.31640625
54.919365882873535,2,4664.8,4918.7265625,17686.31640625
55.9463632106781,2,4671.0,4826.83984375,17720.31640625
56.98851037025452,2,4735.0,4805.20703125,17750.31640625
58.01280069351196,2,4678.5,4899.078125,17862.31640625
59.03736853599548,2,4734.8,4921.5703125,17946.31640625
60.06336808204651,2,4673.0,4931.36328125,18070.31640625
61.0883629322052,2,4676.7,4915.12890625,18148.31640625
62.114365100860596,2,4667.5,4939.7890625,18212.31640625
63.13969659805298,2,4751.7,4869.48046875,18264.31640625
64.16536140441895,2,4670.5,4768.0390625,18264.31640625
65.19136643409729,2,4753.8,4878.6640625,18294.31640625
66.21737241744995,2,4661.3,4861.05078125,18310.31640625
67.24336314201355,2,4672.0,4850.75,18354.31640625
68.26937055587769,2,4669.1,4722.6640625,18354.31640625
69.29536771774292,2,4753.5,4743.41015625,18354.31640625
70.32135772705078,2,4673.9,4734.94921875,18354.31640625
71.3473641872406,2,4749.3,4792.734375,18390.31640625
72.3727605342865,2,4673.0,4905.7421875,18572.31640625
73.39836430549622,2,4670.8,4827.76953125,18572.31640625
74.42352986335754,2,4664.9,4925.09375,18684.31640625
75.44936466217041,2,4680.6,4937.515625,18732.31640625
76.4753634929657,2,4682.8,4903.953125,18732.31640625
77.50066494941711,2,4747.5,4885.99609375,18732.31640625
78.52638053894043,2,4724.5,4979.1953125,18876.31640625
79.55159378051758,2,4687.0,4989.7265625,18876.31640625
80.57736468315125,2,4725.1,4935.9921875,18888.31640625
81.60569906234741,2,4699.7,4930.62109375,18902.31640625
82.63002562522888,2,4743.3,4831.8359375,18930.31640625
83.65102243423462,2,4680.0,4912.8125,19030.31640625
84.67636632919312,2,4677.9,4900.4375,19066.31640625
85.701504945755,2,4663.1,4977.52734375,19066.31640625
86.72736763954163,2,4663.4,5093.796875,19110.31640625
87.75244045257568,2,4679.6,5071.2578125,19228.31640625
88.77936863899231,2,4663.9,4998.09765625,19248.31640625
89.80436658859253,2,4714.0,5014.3046875,19248.31640625
90.83036375045776,2,4697.6,4973.125,19248.31640625
91.85636782646179,2,4717.8,4918.5625,19278.31640625
92.8823630809784,2,4689.9,4948.27734375,19278.31640625
93.90780305862427,2,4660.4,4935.28515625,19290.31640625
94.93337082862854,2,4666.7,5004.7421875,19364.31640625
95.9593620300293,2,4662.5,5058.9140625,19452.31640625
96.98536777496338,2,4652.5,5074.640625,19580.31640625
98.01136374473572,2,4655.6,5220.8125,19678.31640625
99.03736472129822,2,4722.9,5247.72265625,19728.31640625
100.06336379051208,2,4677.1,5107.40625,19728.31640625
101.08835959434509,2,4667.6,5065.65625,19742.31640625
102.11346101760864,2,4669.5,4961.01171875,19746.31640625
103.13936758041382,2,4736.7,5076.47265625,19826.31640625
104.16536378860474,2,4673.2,5333.7578125,20094.31640625
105.19136953353882,2,4754.7,5359.265625,20094.31640625
106.21665334701538,2,4660.0,5647.70703125,20330.31640625
107.23789048194885,2,4653.3,5641.07421875,20474.31640625
108.26336216926575,2,4753.4,5635.0390625,20524.31640625
109.28856658935547,2,4661.4,5846.74609375,20524.31640625
110.31336379051208,2,4753.6,5853.83203125,20524.31640625
111.33845806121826,2,4663.5,5845.953125,20588.31640625
112.36436581611633,2,4671.9,5876.94140625,20672.31640625
113.38936305046082,2,4668.8,6067.37109375,20696.31640625
114.41536664962769,2,4677.7,6051.921875,20724.31640625
115.43236446380615,2,4742.8,6042.03125,20724.31640625
116.45836472511292,2,4680.1,5971.296875,20762.31640625
117.48437213897705,2,4717.4,5972.34765625,20806.31640625
118.51036834716797,2,4671.8,6048.04296875,20838.31640625
119.53559160232544,2,4668.3,6013.40625,20870.31640625
120.56136345863342,2,4677.0,5922.6015625,20870.31640625
121.5743567943573,2,4751.2,5931.5390625,20870.31640625
122.60136127471924,2,4726.2,5908.77734375,20870.31640625
123.62651252746582,2,4655.9,5847.8359375,20870.31640625
124.6523642539978,2,4664.7,5874.03515625,20884.31640625
125.67836594581604,2,4670.5,5832.76953125,20884.31640625
126.70436334609985,2,4700.7,5952.921875,20884.31640625
127.72885394096375,2,4713.4,5940.31640625,20884.31640625
128.75376558303833,2,4713.6,5930.2421875,20884.31640625
129.77936577796936,2,4701.8,5959.30859375,20884.31640625
130.80536127090454,2,4659.1,6015.83984375,20884.31640625
131.83136773109436,2,4650.4,6001.578125,20904.31640625
132.8563449382782,2,4701.5,5910.3359375,20940.31640625
133.8723659515381,2,4676.3,5817.921875,20940.31640625
134.89736318588257,2,4715.4,5670.171875,20940.31640625
135.92635989189148,2,4674.9,5569.609375,20940.31640625
136.9597351551056,2,4660.9,5819.69921875,21090.31640625
137.98536920547485,2,4714.6,6085.1953125,21298.31640625
139.0113663673401,2,4672.2,6054.7890625,21298.31640625
140.0364818572998,2,4726.1,6070.9140625,21298.31640625
141.06164598464966,2,4667.7,6189.3515625,21326.31640625
142.0867793560028,2,4648.4,6337.9140625,21416.31640625
143.11236667633057,2,4662.2,6393.1484375,21416.31640625
144.13836455345154,2,4656.4,6350.546875,21448.31640625
145.16436195373535,2,4749.4,6373.64453125,21448.31640625
146.190358877182,2,4660.5,6424.46875,21480.31640625
147.21636033058167,2,4753.5,6325.0625,21480.31640625
148.24236345291138,2,4661.6,6307.08984375,21480.31640625
149.26836395263672,2,4671.7,6344.55859375,21480.31640625
150.29436588287354,2,4674.6,6399.8203125,21480.31640625
151.32036232948303,2,4753.0,6353.35546875,21480.31640625
152.34636640548706,2,4670.6,6337.1484375,21508.31640625
153.3703579902649,2,4726.8,6243.33203125,21508.31640625
154.39736032485962,2,4656.5,6234.046875,21536.31640625
155.42236328125,2,4651.0,6307.55859375,21624.31640625
156.4543616771698,2,4670.2,6313.24609375,21624.31640625
157.4846441745758,2,4727.4,6435.30859375,21624.31640625
158.50972199440002,2,4682.0,6403.48046875,21624.31640625
159.5393614768982,2,4711.4,6376.55078125,21712.31640625
160.56335997581482,2,4662.4,6354.30859375,21784.31640625
161.58936166763306,2,4654.6,6387.16796875,21844.31640625
162.61436891555786,2,4683.4,6410.07421875,21884.31640625
163.64036464691162,2,4719.4,6497.63671875,21884.31640625
164.6663637161255,2,4691.3,6430.46484375,21884.31640625
165.6913661956787,2,4692.4,6439.546875,21884.31640625
166.71736478805542,2,4657.9,6506.70703125,22036.31640625
167.74336624145508,2,4668.0,6573.37890625,22172.31640625
168.76819705963135,2,4708.8,6494.453125,22172.31640625
169.79336214065552,2,4702.5,6427.4765625,22172.31640625
170.81849670410156,2,4713.9,6408.2265625,22216.31640625
171.84078907966614,2,4682.8,6379.703125,22248.31640625
172.86406111717224,2,4656.1,6406.32421875,22248.31640625
173.88935828208923,2,4716.9,6385.34375,22248.31640625
174.91736793518066,2,4692.4,6491.0234375,22248.31640625
175.94163036346436,2,4718.4,6473.18359375,22312.31640625
176.9688766002655,2,4682.1,6487.3671875,22312.31640625
177.99236631393433,2,4644.5,6449.80859375,22312.31640625
179.01852130889893,2,4660.6,6376.30078125,22312.31640625
180.0457420349121,2,4668.1,6343.21875,22312.31640625
181.06980872154236,2,4722.5,6268.6796875,22312.31640625
182.09536600112915,2,4673.3,6307.140625,22312.31640625
183.12027192115784,2,4740.2,6164.875,22344.31640625
184.14536309242249,2,4667.3,6179.046875,22344.31640625
185.17036414146423,2,4665.1,6177.84765625,22344.31640625
186.19636416435242,2,4654.7,6079.921875,22344.31640625
187.21836495399475,2,4746.8,6117.6875,22344.31640625
188.24336791038513,2,4664.4,6047.26171875,22344.31640625
189.26836585998535,2,4749.9,5977.06640625,22344.31640625
190.2942774295807,2,4674.6,6001.42578125,22344.31640625
191.31936168670654,2,4671.9,6107.07421875,22344.31640625
192.34536480903625,2,4674.8,6373.359375,22348.31640625
193.37136387825012,2,4735.9,6210.421875,22348.31640625
194.39736676216125,2,4661.3,6124.2890625,22348.31640625
195.42336320877075,2,4734.6,6245.7734375,22348.31640625
196.44836521148682,2,4663.1,6319.7265625,22348.31640625
197.47536420822144,2,4690.8,6416.41796875,22436.31640625
198.50135922431946,2,4733.4,6400.28515625,22436.31640625
199.52735686302185,2,4692.0,6240.93359375,22436.31640625
200.55336689949036,2,4722.7,6230.76953125,22436.31640625
201.57856035232544,2,4667.6,6282.875,22436.31640625
202.60436534881592,2,4665.6,6280.80859375,22460.31640625
203.62950134277344,2,4682.4,6289.51171875,22460.31640625
204.65535688400269,2,4701.5,6346.3671875,22488.31640625
205.68136525154114,2,4720.7,6339.015625,22488.31640625
206.70636224746704,2,4711.2,6355.73046875,22488.31640625
207.73754787445068,2,4709.2,6385.609375,22548.31640625
208.76169085502625,2,4670.9,6343.28125,22548.31640625
209.78736901283264,2,4665.9,6328.20703125,22548.31640625
210.81336331367493,2,4717.4,6373.13671875,22548.31640625
211.83932733535767,2,4690.1,6355.50390625,22548.31640625
212.862366437912,2,4703.7,6419.0,22548.31640625
213.8763620853424,2,4685.9,6446.53125,22548.31640625
214.90235805511475,2,4669.5,6505.12890625,22548.31640625
215.9283607006073,2,4669.7,6589.70703125,22548.31640625
216.9534649848938,2,4732.8,6686.23828125,22548.31640625
217.98036551475525,2,4678.5,6699.421875,22548.31640625
219.00236320495605,2,4724.6,6692.63671875,22572.31640625
220.0275321006775,2,4667.3,6641.9140625,22592.31640625
221.05236101150513,2,4664.8,6818.2890625,22740.31640625
222.07836413383484,2,4660.3,6864.66015625,22796.31640625
223.10436606407166,2,4740.1,6859.765625,22900.31640625
224.1303629875183,2,4665.7,6800.8671875,22964.31640625
225.1563675403595,2,4652.9,6875.98046875,22964.31640625
226.18135714530945,2,4654.7,7028.51953125,23020.31640625
227.20651245117188,2,4721.0,7271.8125,23380.31640625
228.23236417770386,2,4646.8,7572.84375,23730.31640625
229.2584331035614,2,4655.4,7789.62109375,23794.31640625
230.28436589241028,2,4723.9,7562.8984375,23794.31640625
231.31359934806824,2,4640.4,7613.8671875,23942.31640625
232.3386914730072,2,4635.6,7576.390625,23942.31640625
233.36437845230103,2,4650.0,7591.79296875,23942.31640625
234.3903613090515,2,4658.9,7642.734375,24026.31640625
235.41636180877686,2,4709.8,7696.7734375,24026.31640625
236.44136261940002,2,4653.5,7607.3984375,24054.31640625
237.46722865104675,2,4648.9,7623.4609375,24086.31640625
238.49136781692505,2,4647.2,7605.01953125,24086.31640625
239.5163562297821,2,4656.7,7611.1640625,24086.31640625
240.54209733009338,2,4671.1,7451.23046875,24102.31640625
241.56736397743225,2,4710.4,7461.7265625,24282.31640625
242.5923101902008,2,4684.2,7717.625,24386.31640625
243.61736059188843,2,4706.4,7821.75390625,24434.31640625
244.6433606147766,2,4662.1,7688.51953125,24434.31640625
245.66936564445496,2,4650.0,7711.59375,24434.31640625
246.69437265396118,2,4699.4,7961.8671875,24522.31640625
247.72036719322205,2,4701.2,7918.4296875,24522.31640625
248.74535369873047,2,4696.0,7924.4609375,24546.31640625
249.76936554908752,2,4676.3,7983.515625,24546.31640625
250.79437065124512,2,4660.3,7915.515625,24574.31640625
251.81961178779602,2,4651.9,7944.2890625,24650.31640625
252.8453667163849,2,4690.1,7856.578125,24650.31640625
253.85837578773499,2,4671.6,7979.10546875,24650.31640625
254.88336396217346,2,4705.6,7919.34375,24650.31640625
255.90935897827148,2,4672.4,7856.70703125,24650.31640625
256.9351451396942,2,4653.8,7779.88671875,24654.31640625
257.9611828327179,2,4642.0,7813.140625,24654.31640625
258.9913594722748,2,4723.5,7885.2265625,24682.31640625
260.0163617134094,2,4674.8,8087.69921875,24976.31640625
261.04131746292114,2,4733.1,8376.4296875,25184.31640625
262.0663652420044,2,4663.4,8349.27734375,25208.31640625
263.09136271476746,2,4647.2,8575.96875,25300.31640625
264.11636543273926,2,4651.2,8616.94921875,25340.31640625
265.1433594226837,2,4724.5,8538.2421875,25340.31640625
266.1691255569458,2,4652.0,8571.3984375,25468.31640625
267.1963596343994,2,4735.3,8548.40625,25468.31640625
268.2203617095947,2,4651.3,8543.12109375,25468.31640625
269.24636602401733,2,4663.3,8433.2109375,25468.31640625
270.2718505859375,2,4726.1,8470.375,25468.31640625
271.2973654270172,2,4645.4,8495.69921875,25564.31640625
272.32276344299316,2,4715.2,8600.2890625,25656.31640625
273.34901547431946,2,4656.2,8592.18359375,25712.31640625
274.3743658065796,2,4661.0,8501.296875,25744.31640625
275.39848923683167,2,4660.8,8537.33984375,25896.31640625
276.4237005710602,2,4676.2,8376.97265625,25952.31640625
277.449093580246,2,4721.6,8451.515625,25952.31640625
278.4733667373657,2,4665.7,8347.51171875,25952.31640625
279.49936056137085,2,4718.0,8389.40234375,25952.31640625
280.5193679332733,2,4672.1,8364.60546875,25952.31640625
281.5470345020294,2,4678.8,8419.62109375,26052.31640625
282.5722575187683,2,4721.2,8587.46875,26196.31640625
283.596364736557,2,4690.6,8548.43359375,26196.31640625
284.61371421813965,2,4710.6,8500.41796875,26196.31640625
285.63836193084717,2,4655.3,8595.2734375,26320.31640625
286.65832901000977,2,4655.2,8460.28515625,26376.31640625
287.6833646297455,2,4659.8,8482.44140625,26408.31640625
288.7074501514435,2,4699.9,8435.7265625,26584.31640625
289.73336696624756,2,4693.4,8683.2734375,26668.31640625
290.75436782836914,2,4698.4,8784.66796875,26908.31640625
291.78235816955566,2,4686.6,8629.4375,26908.31640625
292.80336141586304,2,4650.5,8617.59765625,26936.31640625
293.8233633041382,2,4651.7,8781.09375,27148.31640625
294.8432204723358,2,4702.5,8506.52734375,27148.31640625
295.8683626651764,2,4684.6,8566.23046875,27148.31640625
296.90936374664307,2,4703.9,8597.6640625,27148.31640625
297.9353621006012,2,4673.6,8755.2890625,27148.31640625
298.96036553382874,2,4640.1,8659.83203125,27148.31640625
299.988573551178,2,4659.7,8552.70703125,27148.31640625
301.0133616924286,2,4711.1,8586.28515625,27148.31640625
302.0393648147583,2,4649.6,8792.83984375,27152.31640625
303.06444573402405,2,4723.2,8750.89453125,27152.31640625
304.0913619995117,2,4578.5,9190.16015625,27160.31640625
305.1113669872284,2,4048.5,9166.24609375,27412.31640625
306.12382102012634,2,3954.2,9462.9296875,27770.31640625
307.1366150379181,2,3747.3,9391.4296875,27770.31640625
308.1490638256073,2,3535.5,9423.7734375,27770.31640625
309.16137313842773,2,3376.0,9078.67578125,27770.31640625
310.17381167411804,2,3128.2,8965.125,27770.31640625
311.18623661994934,2,2894.2,8661.234375,27810.31640625
312.19792008399963,2,2566.1,8418.6640625,27810.31640625
313.20878767967224,2,2105.9,8505.953125,27842.31640625
314.2183041572571,2,1889.1,9152.2890625,28668.31640625
315.226726770401,2,1870.1,9657.27734375,29244.31640625
316.23521637916565,2,1719.3,9893.921875,29628.31640625
317.24374532699585,2,1666.9,10051.6953125,30196.31640625
318.25279092788696,2,1593.9,10006.5234375,30196.31640625
319.2609860897064,2,1516.1,9816.48828125,30444.31640625
320.2701232433319,2,1494.5,9592.08984375,30592.31640625
321.27914690971375,2,1452.8,9470.55859375,30592.31640625
322.2875473499298,2,1395.0,9339.88671875,30592.31640625
323.2968661785126,2,1398.0,9260.9296875,30592.31640625
324.30475211143494,2,1323.6,9074.64453125,30592.31640625
325.31494092941284,2,1171.0,8922.3671875,30592.31640625
326.32511925697327,2,1030.0,8839.46875,30592.31640625
327.3358302116394,2,964.8,8754.34765625,30592.31640625
328.3463864326477,2,900.9,8819.0078125,30592.31640625
329.35647773742676,2,901.0,8798.36328125,30592.31640625
330.366486787796,2,901.8,8672.62109375,30592.31640625
331.3766748905182,2,901.3,8757.54296875,30592.31640625
332.3874742984772,2,900.5,8865.73828125,30968.31640625
333.3979675769806,2,861.7,8431.30078125,30968.31640625
334.40765285491943,2,800.5,8309.6640625,30968.31640625
335.41828870773315,2,801.3,8175.87890625,30968.31640625
336.4291853904724,2,723.9,8057.578125,30968.31640625
337.4403712749481,2,552.4,7943.9765625,30968.31640625
338.4504964351654,2,341.6,7790.6796875,30968.31640625
339.4605779647827,2,300.9,7647.125,30968.31640625
340.47074794769287,2,303.9,7743.95703125,30968.31640625
341.48086524009705,2,301.9,7668.890625,30968.31640625
342.4912648200989,2,302.1,7581.16796875,30968.31640625
343.5008580684662,2,218.8,7189.17578125,30968.31640625
344.51089310646057,2,201.8,7214.65625,30968.31640625
345.5218679904938,2,202.7,7130.66796875,30968.31640625
346.53298830986023,2,200.7,7081.14453125,30968.31640625
347.54423546791077,2,203.9,6934.765625,30968.31640625
348.5546247959137,2,201.9,6889.82421875,30968.31640625
349.5649666786194,2,201.2,6862.140625,30968.31640625
350.5740098953247,2,202.1,6813.73046875,30968.31640625
351.58336305618286,2,200.0,6796.15234375,30968.31640625
352.5931496620178,2,201.1,6748.2734375,30968.31640625
353.60248947143555,2,200.9,6728.98046875,30968.31640625
354.6128582954407,2,200.0,6914.03515625,30968.31640625
355.62278270721436,2,199.0,6859.5,30968.31640625
356.63285064697266,2,201.9,6850.8125,30968.31640625
357.64320850372314,2,202.1,6839.8203125,30968.31640625
358.6526689529419,2,200.1,6819.77734375,30968.31640625
359.6620829105377,2,202.9,6781.96875,30968.31640625
360.67262744903564,2,200.0,6761.91015625,30968.31640625
361.682790517807,2,202.0,6717.5546875,30968.31640625
362.6924765110016,2,199.9,6935.078125,30968.31640625
363.70275115966797,2,200.8,6873.89453125,30968.31640625
364.713570356369,2,199.0,6929.33203125,30968.31640625
365.7236728668213,2,200.9,6977.33203125,30968.31640625
366.7343246936798,2,202.0,6875.3515625,30968.31640625
367.74442982673645,2,204.0,6859.73046875,30968.31640625
368.7540063858032,2,205.8,6799.1015625,30968.31640625
369.76466965675354,2,201.8,6831.28125,30968.31640625
370.77566504478455,2,201.0,7207.2109375,30968.31640625
371.7857825756073,2,200.8,7282.39453125,30968.31640625
372.79674005508423,2,200.0,7401.6484375,30968.31640625
373.8067343235016,2,207.8,6680.4296875,30968.31640625
374.81755328178406,2,203.0,6635.6796875,30968.31640625
375.8272502422333,2,201.7,6598.1640625,30968.31640625
376.83865547180176,2,202.1,6556.0625,30968.31640625
377.8482024669647,2,201.8,6492.6328125,30968.31640625
378.85909605026245,2,202.0,6445.79296875,30968.31640625
379.8692066669464,2,203.0,6278.3125,30968.31640625
380.8790409564972,2,107.9,6250.08203125,30968.31640625
381.8895938396454,2,104.9,6098.1953125,30968.31640625
382.9003713130951,2,103.9,6028.78515625,30968.31640625
383.91129636764526,2,102.0,6269.765625,30968.31640625
384.9215784072876,2,101.9,6310.3125,30968.31640625
385.93216824531555,2,104.0,6131.05859375,30968.31640625
386.94220542907715,2,102.9,6144.7890625,30968.31640625
387.9527177810669,2,100.9,5980.921875,30968.31640625
388.96384286880493,2,103.9,6004.28515625,30968.31640625
389.97458934783936,2,103.0,5728.00390625,30968.31640625
390.9846177101135,2,101.9,5698.58203125,30968.31640625
391.99501371383667,2,102.9,5655.56640625,30968.31640625
393.005686044693,2,101.0,5626.31640625,30968.31640625
394.01570439338684,2,102.9,5578.16015625,30968.31640625
395.02621698379517,2,100.0,5692.2890625,30968.31640625
396.03627848625183,2,100.0,5794.5078125,30968.31640625
397.04676508903503,2,101.0,5619.78125,30968.31640625
398.056617975235,2,101.9,5591.640625,30968.31640625
399.0673701763153,2,101.1,5558.3984375,30968.31640625
400.07662558555603,2,101.9,5516.453125,30968.31640625
401.0872414112091,2,100.9,5494.99609375,30968.31640625
402.0977773666382,2,102.0,5501.92578125,30968.31640625
403.1080267429352,2,100.9,5531.0078125,30968.31640625
404.1188497543335,2,99.9,5785.0390625,30968.31640625
405.12945103645325,2,100.9,5612.26953125,30968.31640625
406.14059233665466,2,99.1,5612.26953125,30968.31640625
407.14962673187256,2,101.9,5603.265625,30968.31640625
408.16011118888855,2,102.0,5571.28125,30968.31640625
409.1702058315277,2,100.0,5683.0859375,30968.31640625
410.1798894405365,2,100.9,5635.47265625,30968.31640625
411.1904489994049,2,99.1,5786.390625,30968.31640625
412.1994938850403,2,100.1,5690.98046875,30968.31640625
413.2087473869324,2,100.0,5788.70703125,30968.31640625
414.2183749675751,2,100.9,5739.5859375,30968.31640625
415.22917103767395,2,102.0,5550.04296875,30968.31640625
416.23876428604126,2,101.9,5536.53125,30968.31640625
417.24941062927246,2,102.0,5512.390625,30968.31640625
418.2595329284668,2,100.9,5491.859375,30968.31640625
419.27037525177,2,101.0,5477.51953125,30968.31640625
420.280526638031,2,101.0,5462.28125,30968.31640625
421.29069662094116,2,229.7,4915.75390625,30968.31640625
422.3008999824524,2,699.3,3735.3046875,31112.32421875
423.31184577941895,2,108.0,3565.60546875,31112.32421875
424.3213744163513,2,106.0,3500.67578125,31208.41015625
425.33092761039734,2,112.9,3591.44140625,31800.41015625
426.3412549495697,2,1762.7,4190.38671875,31800.41015625
427.35176634788513,2,583.8,6029.42578125,39480.49609375
428.362291097641,2,2059.1,3974.8515625,31800.41015625
429.3723545074463,2,1665.8,4173.8203125,43064.44140625
430.4093511104584,2,3918.7,6330.55859375,43064.44140625
431.4343566894531,2,4118.2,6665.8359375,43064.44140625
432.4511160850525,2,2698.5,6959.65234375,43064.44140625
433.46091890335083,2,2474.8,3908.47265625,41016.41015625
434.4733545780182,2,1791.2,4039.5703125,43064.44140625
435.50536370277405,2,3787.0,5786.15625,43064.44140625
436.52243518829346,2,4474.0,7584.1328125,43064.44140625
437.5311276912689,2,3061.7,7679.34765625,43092.44140625
438.5413513183594,2,3788.9,8353.0234375,43092.44140625
439.56215262413025,2,2389.1,8515.84375,43092.44140625
440.5721116065979,2,2819.5,8547.4609375,43092.44140625
441.5803496837616,2,2150.2,3385.9375,41044.41015625
442.6003499031067,2,4728.8,3255.46484375,41044.41015625
443.6217017173767,2,4765.1,3230.29296875,41044.41015625
444.63534927368164,2,4260.6,3241.61328125,41044.41015625
445.65535283088684,2,4686.0,3255.29296875,41044.41015625
446.67368841171265,2,2459.5,3210.515625,41044.41015625
447.68157410621643,2,100.2,3183.8046875,41044.41015625
448.68932342529297,2,100.1,3135.6328125,41044.41015625
449.69799542427063,2,128.0,3429.328125,41114.4296875
450.7060124874115,2,100.1,3797.265625,41114.4296875
451.71451711654663,2,100.1,4132.33984375,41114.4296875
452.7232766151428,4,11.9,4431.84375,41430.5390625
453.7312824726105,4,100.2,4673.58984375,41679.71484375
454.7394528388977,4,101.2,4890.21484375,41910.859375
455.74756026268005,4,99.2,5099.984375,42126.6484375
456.7557444572449,4,99.3,5442.16796875,42486.94140625
457.7630205154419,4,101.0,5804.79296875,42849.5546875
458.7733197212219,4,100.9,6161.06640625,43210.75
459.78413105010986,4,99.9,6514.85546875,43571.02734375
460.79465889930725,4,100.0,6875.5859375,43932.22265625
461.80425691604614,4,99.0,7231.8125,44295.09375
462.8146688938141,4,100.0,7593.6875,44656.93359375
463.8250677585602,4,100.1,7954.0625,45017.484375
464.83451652526855,4,99.0,8315.1875,45378.6796875
465.8447678089142,4,101.0,8677.8125,45740.90625
466.8545010089874,4,99.9,9038.9375,46102.1015625
467.8650324344635,4,100.0,9398.5625,46461.87890625
468.8747866153717,4,98.9,9761.1875,46824.4921875
469.88599944114685,4,100.0,10123.0625,47186.203125
470.89578890800476,4,99.9,10485.6875,47549.07421875
471.90714597702026,4,100.0,10844.21484375,47909.3671875
472.91722989082336,4,99.9,11207.58984375,48272.625
473.9278039932251,4,100.1,11568.71484375,48633.94921875
474.9370663166046,4,99.9,11931.71484375,48996.8203125
475.9475977420807,4,100.1,12291.33984375,49356.46875
476.9569492340088,4,99.0,12653.58984375,49718.82421875
477.9670419692993,4,100.9,13014.71484375,50080.01953125
478.97795939445496,4,99.9,13377.33984375,50442.375
479.98848271369934,4,99.0,13736.58984375,50801.89453125
480.9984505176544,4,99.9,14099.58984375,51164.765625
482.0092577934265,4,99.9,14356.46484375,51421.546875
483.0203742980957,4,99.0,14407.08984375,51472.46484375
484.0304138660431,4,100.9,14733.40234375,51854.55078125
485.040983915329,4,99.9,14670.7421875,51735.64453125
486.05221128463745,5,0.0,4353.36328125,41679.36328125
487.0643754005432,5,99.8,4556.66015625,41879.91015625
488.07601165771484,2,53.4,3292.90234375,41800.74609375
489.08735251426697,2,1607.7,4469.0234375,42138.4765625
490.1023437976837,2,4035.2,5107.375,46234.5390625
491.1283483505249,2,4663.3,5139.375,46234.5390625
492.14660477638245,2,3417.0,5573.94921875,48282.5703125
493.1541373729706,2,99.2,5969.953125,48282.5703125
494.1623659133911,2,100.2,6387.953125,48282.5703125
495.17048931121826,4,50.6,6721.91796875,48548.26953125
496.1789231300354,4,100.2,7056.73046875,48884.46484375
497.1867527961731,4,99.2,7408.10546875,49236.25
498.1948986053467,4,100.1,7753.10546875,49581.07421875
499.2038519382477,4,99.2,8108.96484375,49937.0
500.21178150177,4,101.2,8452.83984375,50280.79296875
501.2201416492462,4,99.2,8783.21484375,50611.30859375
502.22802352905273,4,100.1,9118.08984375,50945.94921875
503.2368149757385,4,99.2,9446.58984375,51274.40234375
504.2447135448456,4,100.2,9777.1796875,51605.078125
505.2528164386749,4,100.1,10111.23828125,51943.328125
506.26130986213684,4,99.9,10478.36328125,52310.1953125
507.2723054885864,4,99.8,10863.86328125,52695.8828125
508.28385734558105,4,100.0,11247.48828125,53079.25
509.2942702770233,4,100.0,11632.61328125,53464.6796875
510.30448389053345,4,100.0,12018.11328125,53849.98046875
511.3143699169159,4,100.0,12403.98828125,54235.92578125
512.3248932361603,4,99.9,12788.73828125,54620.58203125
513.3356680870056,4,99.9,13174.61328125,55006.65625
514.3462927341461,4,100.0,13560.48828125,55392.34375
515.3561763763428,4,100.1,13941.98828125,55775.96875
516.365480184555,4,100.1,14326.36328125,56160.49609375
517.3747918605804,4,100.0,14712.98828125,56547.0859375
518.3848624229431,4,98.9,15098.48828125,56932.64453125
519.3955883979797,4,101.0,15481.25390625,57317.171875
520.4057545661926,4,100.0,15867.50390625,57703.375
521.4158747196198,4,99.0,16254.12890625,58090.22265625
522.426167011261,4,99.9,16640.37890625,58476.296875
523.4372112751007,4,99.9,17026.25390625,58862.2421875
524.4484112262726,4,99.9,17412.50390625,59248.703125
525.4592933654785,4,100.0,17798.75390625,59634.77734375
526.4694163799286,4,100.0,18183.87890625,60019.94921875
527.4789280891418,4,100.0,18569.00390625,60404.86328125
528.4885222911835,4,100.0,18953.75390625,60789.6484375
529.4989624023438,4,99.9,19339.62890625,61175.59375
530.5096304416656,4,99.0,19541.00390625,61377.07421875
531.5196626186371,4,100.0,19568.00390625,61404.015625
532.5300738811493,4,99.9,19568.00390625,61404.015625
533.5414354801178,4,99.8,19568.00390625,61404.015625
534.553049325943,4,100.9,19667.73828125,61503.921875
535.5644536018372,4,98.9,20118.0390625,62059.8671875
536.5756683349609,4,99.9,20194.34765625,62132.87109375
537.5870776176453,4,99.9,20090.25390625,61928.34765625
538.5981557369232,4,99.9,6457.25390625,48289.78515625
539.6089396476746,5,0.0,7184.8046875,49303.15234375
540.6202442646027,5,100.0,7346.28125,49534.0859375
541.6304953098297,2,30.7,5508.82421875,48987.44921875
542.641194820404,2,100.0,5509.34375,48987.44921875
543.6511900424957,2,828.5,6892.2421875,48475.41796875
544.6602864265442,2,132.8,6973.453125,48475.41796875
545.6695792675018,2,217.9,7013.41015625,48475.41796875
546.6792171001434,2,455.6,7100.0625,48475.41796875
547.6910336017609,2,1549.2,10758.67578125,48475.41796875
548.7023525238037,2,3939.4,13371.234375,48475.41796875
549.7303516864777,2,4506.9,13712.3671875,48475.41796875
550.7490429878235,2,4470.6,14338.32421875,48475.41796875
551.7568640708923,2,3624.5,15381.14453125,48475.41796875
552.7974972724915,2,3544.4,14728.26171875,48475.41796875
553.8056373596191,2,3388.8,15355.38671875,48475.41796875
554.8137261867523,2,2175.3,15267.61328125,48475.41796875
555.8213531970978,2,3398.5,15160.78515625,48475.41796875
556.8316905498505,2,1100.4,7900.8203125,48475.41796875
557.8375639915466,2,617.5,8003.62109375,48475.41796875
558.8449895381927,2,237.3,7878.77734375,48475.41796875
559.8523540496826,2,1126.8,7573.89453125,48475.41796875
560.8684325218201,2,1403.8,8665.2421875,48475.41796875
561.8778114318848,2,2689.7,12989.62109375,48475.41796875
562.8869390487671,2,4582.8,13466.45703125,48475.41796875
563.9063997268677,2,4512.0,13596.828125,48475.41796875
564.9447894096375,2,3914.5,14539.29296875,48475.41796875
565.9623606204987,2,3240.4,14728.9609375,48475.41796875
566.9846947193146,2,3320.5,15339.63671875,48475.41796875
567.9943552017212,2,1804.6,15222.26953125,48475.41796875
569.0014986991882,2,3518.4,15269.66015625,48475.41796875
570.0116620063782,2,967.4,8221.01953125,48731.41796875
571.0213444232941,2,1271.6,8205.3203125,48731.41796875
572.029492855072,2,1654.7,7975.30859375,48731.41796875
573.037492275238,2,1073.3,8642.72265625,48731.41796875
574.0493528842926,2,3146.6,12239.15234375,48731.41796875
575.0640625953674,2,4599.6,12903.21875,48731.41796875
576.0845491886139,2,4440.2,13857.625,48731.41796875
577.0976617336273,2,3917.5,14866.98046875,48731.41796875
578.1394240856171,2,4508.4,14706.67578125,48731.41796875
579.1814887523651,2,3620.4,14453.99609375,48731.41796875
580.1925518512726,2,2244.3,14288.72265625,48731.41796875
581.1986181735992,2,3292.5,14307.71484375,48731.41796875
582.2048327922821,2,886.1,8409.515625,48731.41796875
583.2139239311218,2,1141.6,8161.69140625,48731.41796875
584.2203702926636,2,1330.5,7973.6640625,48731.41796875
585.2281882762909,2,1083.6,9970.90234375,48731.41796875
586.2363545894623,2,4121.5,12366.7890625,48731.41796875
587.2553606033325,2,4635.1,13660.47265625,48731.41796875
588.2833678722382,2,4321.0,14012.7265625,48731.41796875
589.3033931255341,2,3966.4,14864.70703125,48731.41796875
590.3443613052368,2,4127.7,14007.2890625,48731.41796875
591.3635985851288,2,3242.9,14496.2890625,48731.41796875
592.3709626197815,2,2425.2,14244.609375,48731.41796875
593.3786420822144,2,3076.6,14399.45703125,48731.41796875
594.3863515853882,2,1335.5,8465.08984375,48731.41796875
595.3953695297241,2,830.4,8127.47265625,48731.41796875
596.4083528518677,2,1432.0,7882.53515625,48731.41796875
597.4543957710266,2,1689.3,10707.5859375,48731.41796875
598.484354019165,2,4446.0,12363.00390625,48731.41796875
599.5032801628113,2,4528.4,12946.0078125,48731.41796875
600.5149040222168,2,4129.7,14108.26953125,48731.41796875
601.5252723693848,2,4165.3,14889.75390625,48731.41796875
602.5650861263275,2,4016.0,14015.5078125,48731.41796875
603.576372385025,2,2809.5,14445.74609375,48731.41796875
604.5906839370728,2,2641.3,14376.015625,48731.41796875
605.6019129753113,2,2220.2,7577.5078125,49243.42578125
606.6106889247894,2,1181.4,8606.70703125,48731.41796875
607.61803150177,2,1127.9,8097.1640625,48731.41796875
608.6252775192261,2,1238.2,7920.0234375,48731.41796875
609.6331136226654,2,2159.3,11013.9453125,48731.41796875
610.6468803882599,2,4506.7,12463.62109375,48731.41796875
611.6658306121826,2,4521.6,13108.90234375,48731.41796875
612.678364276886,2,4253.9,14321.51171875,48731.41796875
613.6913890838623,2,4017.7,14850.67578125,48731.41796875
614.7212679386139,2,3802.7,14295.23828125,48731.41796875
615.7314686775208,2,3221.4,14707.85546875,48731.41796875
616.7400078773499,2,2358.9,14540.2578125,48731.41796875
617.7485582828522,2,3393.8,14589.1484375,48731.41796875
618.7573518753052,2,1239.9,8729.13671875,48987.41796875
619.7735464572906,2,922.4,8303.29296875,48987.41796875
620.7818884849548,2,1389.3,8056.5546875,48987.41796875
621.7900886535645,2,1096.4,9526.71875,48987.41796875
622.8003528118134,2,4120.4,11593.4453125,48987.41796875
623.8193590641022,2,4507.5,13171.83203125,48987.41796875
624.844363451004,2,4393.6,13547.01171875,48987.41796875
625.8643908500671,2,3822.8,14490.6328125,48987.41796875
626.906459569931,2,4003.0,13530.71875,48987.41796875
627.926257610321,2,3199.5,13994.55859375,48987.41796875
628.9334392547607,2,2354.5,13796.85546875,48987.41796875
629.941383600235,2,3206.2,13914.90234375,48987.41796875
630.9506900310516,2,1446.3,8661.42578125,48987.41796875
631.9591701030731,2,809.7,8325.03515625,48987.41796875
632.9743223190308,2,1139.0,8174.25,48987.41796875
633.982099533081,2,1667.4,10083.36328125,48987.41796875
634.993350982666,2,4494.2,11648.6015625,48987.41796875
636.0116963386536,2,4489.8,12340.63671875,48987.41796875
637.0263605117798,2,4201.9,13516.57421875,48987.41796875
638.041421175003,2,3956.6,13769.9765625,48987.41796875
639.0518217086792,2,3940.2,13435.828125,48987.41796875
640.0633647441864,2,2955.6,13838.53515625,48987.41796875
641.083359003067,2,2692.8,13777.64453125,48987.41796875
642.0942027568817,2,2627.1,7146.97265625,49499.42578125
643.1027820110321,2,1316.2,8537.66796875,48987.41796875
644.1110215187073,2,961.4,8131.91796875,48987.41796875
645.1220688819885,2,1430.3,7920.90625,48987.41796875
646.1553959846497,2,1908.8,10236.89453125,48987.41796875
647.1793527603149,2,4427.6,11627.92578125,48987.41796875
648.1939451694489,2,4423.4,12677.72265625,48987.41796875
649.2061057090759,2,4094.5,13767.12890625,48987.41796875
650.2165658473969,2,3907.8,14509.6875,48987.41796875
651.2362656593323,2,4110.3,13700.83984375,48987.41796875
652.2453646659851,2,2784.7,14067.15625,48987.41796875
653.2659749984741,2,2820.6,13983.66015625,48987.41796875
654.2806844711304,2,2034.6,7219.953125,48987.41796875
655.2890777587891,2,1431.1,8969.328125,48987.41796875
656.2966983318329,2,953.0,8234.47265625,48987.41796875
657.3063571453094,2,1445.3,8020.25,48987.41796875
658.3171653747559,2,1601.5,10939.87890625,48987.41796875
659.328351020813,2,4405.7,12550.53125,48987.41796875
660.3467130661011,2,4522.1,14686.87890625,48987.41796875
661.3710768222809,2,4429.2,14129.125,48987.41796875
662.3803915977478,2,3524.6,15044.83203125,48987.41796875
663.4213602542877,2,4054.6,14142.62890625,48987.41796875
664.4410927295685,2,3099.1,14546.4453125,48987.41796875
665.451854467392,2,2376.0,14357.3671875,48987.41796875
666.4594807624817,2,3158.0,14543.80078125,48987.41796875
667.4738850593567,2,1635.3,8144.9609375,48987.41796875
668.4826104640961,2,743.8,7810.9375,48987.41796875
669.4922902584076,2,1688.2,9124.73046875,48987.41796875
670.5013935565948,2,2782.4,13082.89453125,48987.41796875
671.5355112552643,2,4534.9,13703.25390625,48987.41796875
672.5543608665466,2,4495.6,15376.55859375,55131.41796875
673.579363822937,2,4419.0,14447.94140625,55131.41796875
674.5993809700012,2,3676.7,15463.55078125,55131.41796875
675.639387845993,2,4403.8,15397.17578125,55131.41796875
676.6805417537689,2,4352.6,14568.859375,55131.41796875
677.6920657157898,2,3211.2,15079.42578125,55131.41796875
678.6992242336273,2,2666.8,14953.06640625,55131.41796875
679.7068247795105,2,3398.2,15178.94140625,55131.41796875
680.7143540382385,2,1737.2,7530.34765625,55131.41796875
681.7233972549438,2,1139.4,10983.4375,55131.41796875
682.7433576583862,2,4393.3,13036.7109375,55131.41796875
683.762199640274,2,4663.7,13903.81640625,55131.41796875
684.7793905735016,2,3687.3,13591.18359375,55131.41796875
685.8213768005371,2,4671.5,13170.9453125,55131.41796875
686.8393902778625,2,4400.7,13485.39453125,55131.41796875
687.8804266452789,2,2979.5,13196.22265625,55131.41796875
688.8903601169586,2,3156.5,13285.328125,55131.41796875
689.9012038707733,2,1919.4,7192.6640625,55131.41796875
690.918158531189,2,1065.4,10174.890625,55131.41796875
691.9273507595062,2,3987.3,12823.16796875,55131.41796875
692.9463624954224,2,4591.3,13495.02734375,55131.41796875
693.9718265533447,2,3819.3,12721.84375,55131.41796875
694.9793858528137,2,4622.0,13491.21484375,55131.41796875
696.020586013794,2,4458.2,13469.33203125,55131.41796875
697.0616173744202,2,3646.2,13251.0703125,55131.41796875
698.069219827652,2,2547.4,13296.4296875,55131.41796875
699.0802075862885,2,1683.0,6838.81640625,55131.41796875
700.08899974823,2,100.2,7469.5,55131.41796875
701.0969822406769,2,1512.1,8142.05859375,55131.41796875
702.1042492389679,2,1944.8,7364.88671875,55131.41796875
703.1253159046173,2,3193.2,10584.8203125,55131.41796875
704.1311798095703,2,4508.5,11753.78515625,55131.41796875
705.1563541889191,2,4390.3,13207.421875,55131.41796875
706.1750912666321,2,4110.1,13376.109375,55131.41796875
707.184365272522,2,3623.7,13476.4609375,55131.41796875
708.2053694725037,2,3090.5,13866.65625,55131.41796875
709.2261116504669,2,2436.9,13821.06640625,55131.41796875
710.2365479469299,2,2761.4,13881.28515625,55131.41796875
711.2446722984314,2,152.7,7769.9609375,55131.41796875
712.2531540393829,2,1456.5,9025.13671875,55131.41796875
713.2623512744904,2,1494.0,7793.96484375,55131.41796875
714.2854316234589,2,3411.6,10385.1171875,55131.41796875
715.296359539032,2,4403.9,11632.4453125,55131.41796875
716.3213539123535,2,4406.2,12883.71484375,55131.41796875
717.3371732234955,2,4153.5,13011.67578125,55131.41796875
718.3453593254089,2,3777.8,12993.2578125,55131.41796875
719.3623511791229,2,3142.6,13419.07421875,55131.41796875
720.4115149974823,2,2698.8,13352.09375,55131.41796875
721.4227957725525,2,1949.9,7359.73046875,55131.41796875
722.4308862686157,2,1502.2,9236.3359375,55131.41796875
723.4393894672394,2,694.3,8128.83203125,55131.41796875
724.4520568847656,2,1358.2,7837.71484375,55131.41796875
725.4773621559143,2,3130.3,9603.6640625,55131.41796875
726.4913618564606,2,4359.1,10993.86328125,55131.41796875
727.5165610313416,2,4473.0,11994.78125,55131.41796875
728.5276811122894,2,4120.6,13093.9140625,55131.41796875
729.5371551513672,2,3541.1,13148.140625,55131.41796875
730.5497102737427,2,3308.5,13706.58984375,55131.41796875
731.5584988594055,2,2129.5,13533.3125,55131.41796875
732.5667400360107,2,3620.9,13598.71875,55131.41796875
733.575353384018,2,933.4,8605.08984375,55131.41796875
734.5918288230896,2,1294.7,8194.78125,55131.41796875
735.6003513336182,2,1280.1,8003.7421875,55131.41796875
736.609352350235,2,2281.1,7849.28515625,55131.41796875
737.6613571643829,2,2972.7,11055.1953125,55131.41796875
738.6803588867188,2,4395.6,11981.828125,55131.41796875
739.7045590877533,2,4471.3,13973.11328125,55131.41796875
740.7213521003723,2,4267.6,14564.75,55131.41796875
741.7284018993378,2,3730.1,15649.55078125,55131.41796875
742.7667074203491,2,3199.8,15032.265625,55131.41796875
743.7734515666962,2,3513.4,16049.48828125,55131.41796875
744.7832815647125,2,2165.4,16045.734375,55131.41796875
745.7916874885559,2,2682.1,16148.44140625,55131.41796875
746.8043520450592,2,2681.8,16403.91015625,55131.41796875
747.8137469291687,2,575.2,8518.10546875,55131.41796875
748.8198866844177,2,1570.0,8213.90625,55131.41796875
749.8269875049591,2,1161.0,8086.1953125,55131.41796875
750.8463544845581,2,1831.9,7841.10546875,55131.41796875
751.9104781150818,2,3381.1,10849.453125,55131.41796875
752.931711435318,2,4473.9,11927.8984375,55131.41796875
753.9559319019318,2,4288.0,12586.80078125,55131.41796875
754.968736410141,2,4282.8,14522.484375,55131.41796875
755.9749071598053,2,3576.6,14796.37109375,55131.41796875
756.9843533039093,2,3771.9,15067.77734375,55131.41796875
757.9993584156036,2,2712.0,15858.1796875,55131.41796875
759.0092375278473,2,1686.8,15877.37109375,55131.41796875
760.0189654827118,2,4048.5,16088.0390625,55131.41796875
761.0277583599091,2,657.7,7143.80859375,55451.41796875
762.0357298851013,2,1561.7,9276.9296875,55451.41796875
763.04487657547,2,693.1,8193.03125,55451.41796875
764.0533173084259,2,1385.3,7879.49609375,55451.41796875
765.061083316803,2,2322.8,9141.96484375,55451.41796875
766.0733530521393,2,4364.4,10643.45703125,55451.41796875
767.0925953388214,2,4367.4,11586.23046875,55451.41796875
768.1053605079651,2,4489.8,13004.67578125,55451.41796875
769.1148316860199,2,3296.8,13302.59375,55451.41796875
770.1388401985168,2,3470.4,13883.15625,55451.41796875
771.1450462341309,2,2249.4,13720.203125,55451.41796875
772.1558499336243,2,3711.5,13753.89453125,55451.41796875
773.1621768474579,2,716.5,8637.18359375,55451.41796875
774.1754462718964,2,1678.9,8335.140625,55451.41796875
775.185667514801,2,1253.0,8152.80078125,55451.41796875
776.1943638324738,2,2726.1,8283.40234375,55451.41796875
777.2013535499573,2,3664.5,10691.8046875,55451.41796875
778.2198326587677,2,4470.5,12822.515625,55451.41796875
779.2335956096649,2,4306.1,13119.359375,55451.41796875
780.2466335296631,2,3940.3,13611.57421875,55451.41796875
781.2533626556396,2,3155.7,13827.984375,55451.41796875
782.2643542289734,2,3260.6,14390.5234375,55451.41796875
783.2821924686432,2,1889.8,14385.87890625,55451.41796875
784.2913565635681,2,3976.5,14412.93359375,55451.41796875
785.3003590106964,2,548.3,8607.53125,55451.41796875
786.3088073730469,2,1707.1,8333.60546875,55451.41796875
787.3181099891663,2,819.4,8175.24609375,55451.41796875
788.3263521194458,2,1030.0,7899.2109375,55451.41796875
789.3553535938263,2,2507.4,8894.86328125,55451.41796875
790.3669173717499,2,4420.4,10512.140625,55451.41796875
791.3923723697662,2,4696.3,12057.4609375,55451.41796875
792.4063591957092,2,4319.9,12905.69140625,55451.41796875
793.4255497455597,2,3248.9,13126.83984375,55451.41796875
794.4321963787079,2,3588.2,13859.1171875,55451.41796875
795.4415040016174,2,1707.0,13839.18359375,55451.41796875
796.450754404068,2,3562.8,13974.84375,55451.41796875
797.4588987827301,2,647.4,8520.7109375,55451.41796875
798.4754874706268,2,1588.1,8197.8203125,55451.41796875
799.4835164546967,2,859.1,7988.6484375,55451.41796875
800.4962151050568,2,1015.7,7858.046875,55451.41796875
801.5043706893921,2,2901.5,9078.46875,55451.41796875
802.5157046318054,2,4446.4,10842.29296875,55451.41796875
803.5401916503906,2,4432.2,11268.76171875,55451.41796875
804.5543546676636,2,4424.5,12893.1328125,55451.41796875
805.5731711387634,2,3027.4,13110.0703125,55451.41796875
806.5821297168732,2,3614.1,13837.5859375,55451.41796875
807.5904850959778,2,1757.6,13725.18359375,55451.41796875
808.5986275672913,2,3543.3,13886.9140625,55451.41796875
809.6093575954437,2,512.7,8445.09375,55451.41796875
810.6218931674957,2,1682.9,8212.875,55451.41796875
811.629613161087,2,802.6,8023.703125,55451.41796875
812.6423537731171,2,1084.4,7865.5390625,55451.41796875
813.6549913883209,2,3113.5,9188.62890625,55451.41796875
814.665717124939,2,4378.8,10826.45703125,55451.41796875
815.6821103096008,2,4412.5,11423.578125,55451.41796875
816.6903560161591,2,4341.2,13114.76171875,55451.41796875
817.7053601741791,2,3332.9,13385.375,55451.41796875
818.7126035690308,2,3672.2,14138.8125,55451.41796875
819.7213532924652,2,1793.2,14058.03125,55451.41796875
820.7343504428864,2,3436.0,14140.1328125,55451.41796875
821.7477672100067,2,1011.1,7890.734375,55451.41796875
822.7553503513336,2,1581.5,8975.75,55451.41796875
823.7637009620667,2,967.8,8183.83984375,55451.41796875
824.7763564586639,2,1530.8,7997.12109375,55451.41796875
825.8066520690918,2,3528.6,10259.04296875,55451.41796875
826.8203613758087,2,4364.6,11555.9140625,55451.41796875
827.8444895744324,2,4357.5,12723.75390625,55451.41796875
828.8577182292938,2,3952.5,13133.45703125,55451.41796875
829.8659672737122,2,3552.7,13190.75390625,55451.41796875
830.8773725032806,2,3183.5,13774.6171875,55451.41796875
831.8980469703674,2,2160.5,13751.0,55451.41796875
832.9085257053375,2,3341.4,13864.16796875,55451.41796875
833.918351650238,2,1368.5,8894.49609375,55451.41796875
834.9276983737946,2,992.6,8438.8828125,55451.41796875
835.9340970516205,2,1024.2,8259.42578125,55451.41796875
836.9426398277283,2,2408.8,8668.5234375,55451.41796875
837.9501750469208,2,3856.5,10819.8828125,55451.41796875
838.9686145782471,2,4511.4,13046.70703125,55451.41796875
839.9813532829285,2,4227.7,13319.41015625,55451.41796875
840.9996750354767,2,3757.6,13496.44140625,55451.41796875
842.0073537826538,2,3907.2,13888.30078125,55451.41796875
843.020759344101,2,2306.9,14031.83984375,55451.41796875
844.0323932170868,2,3078.8,13975.10546875,55451.41796875
845.0433557033539,2,1743.3,7808.7578125,55451.41796875
846.0521895885468,2,1583.0,9150.94140625,55451.41796875
847.0603914260864,2,656.9,8338.0078125,55451.41796875
848.0698499679565,2,1320.6,8100.80078125,55451.41796875
849.079375743866,2,2897.5,9862.83203125,55451.41796875
850.092841386795,2,4333.5,11195.0078125,55451.41796875
851.1120800971985,2,4434.7,12143.65625,55451.41796875
852.1244688034058,2,4364.0,13483.8984375,55451.41796875
853.1333563327789,2,3564.9,13770.13671875,55451.41796875
854.1575834751129,2,3714.3,14319.609375,55451.41796875
855.1710567474365,2,2110.3,14281.171875,55451.41796875
856.1813514232635,2,3250.7,14165.35546875,55451.41796875
857.1920864582062,2,1484.3,8121.19140625,55451.41796875
858.2005128860474,2,1623.4,9343.25390625,55451.41796875
859.2101454734802,2,755.1,8475.63671875,55451.41796875
860.2170882225037,2,1329.0,8272.55078125,55451.41796875
861.2257041931152,2,2707.3,9853.21484375,55451.41796875
862.2383534908295,2,4311.9,11546.3515625,55451.41796875
863.2573573589325,2,4530.2,13837.7109375,55451.41796875
864.2830448150635,2,4425.8,14372.82421875,55451.41796875
865.2956855297089,2,4112.4,15056.70703125,55451.41796875
866.3057084083557,2,2995.1,15378.18359375,55451.41796875
867.3193542957306,2,4056.0,15904.7421875,55451.41796875
868.339766740799,2,2415.3,16398.28515625,55451.41796875
869.3483510017395,2,1888.5,16303.734375,55451.41796875
870.3587944507599,2,4042.4,16593.55078125,55451.41796875
871.367213010788,2,646.8,7517.3984375,55451.41796875
872.3752188682556,2,1600.3,9554.79296875,55451.41796875
873.383157491684,2,767.5,8467.6640625,55835.41796875
874.3923544883728,2,1234.2,8243.515625,55835.41796875
875.4267718791962,2,2349.2,8231.2578125,55835.41796875
876.4339003562927,2,3422.3,10713.0546875,55835.41796875
877.4523601531982,2,4572.1,12699.015625,55835.41796875
878.477991104126,2,4428.5,13256.46484375,55835.41796875
879.5020506381989,2,3746.4,14316.83203125,55835.41796875
880.5440390110016,2,3553.7,13727.7890625,55835.41796875
881.5541589260101,2,2824.6,14212.13671875,55835.41796875
882.5623495578766,2,2312.7,14146.02734375,55835.41796875
883.5764510631561,2,3059.9,14229.31640625,55835.41796875
884.5843508243561,2,1467.7,9045.0625,55835.41796875
885.6038250923157,2,867.9,8428.0234375,55835.41796875
886.6265330314636,2,990.9,8254.0390625,55835.41796875
887.6341271400452,2,2308.8,8349.94140625,55835.41796875
888.6423542499542,2,3509.2,10844.6328125,55835.41796875
889.6563651561737,2,4562.4,12965.3359375,55835.41796875
890.6813571453094,2,4334.7,13253.59765625,55835.41796875
891.7003886699677,2,3657.9,14258.5234375,55835.41796875
892.7412488460541,2,3587.2,13625.96875,55835.41796875
893.7519950866699,2,2549.0,14034.5859375,55835.41796875
894.7585468292236,2,2517.4,13962.125,55835.41796875
895.769152879715,2,2344.2,7474.296875,55835.41796875
896.7776057720184,2,1654.5,9246.05078125,55835.41796875
897.7857871055603,2,661.8,8539.11328125,55835.41796875
898.7936451435089,2,1363.4,8236.37890625,55835.41796875
899.7999582290649,2,2399.4,9004.78515625,55835.41796875
900.8094291687012,2,3765.3,11476.0390625,55835.41796875
901.8283648490906,2,4508.8,13096.25390625,55835.41796875
902.8553490638733,2,4187.2,13377.46875,55835.41796875
903.8683547973633,2,4254.6,15050.484375,55835.41796875
904.8843591213226,2,3534.4,15193.44921875,55835.41796875
905.89635014534,2,3247.7,15352.8984375,55835.41796875
906.9075062274933,2,3072.6,16254.97265625,55835.41796875
907.9165368080139,2,2062.1,16142.2890625,55835.41796875
908.9236552715302,2,3266.9,16263.453125,55835.41796875
909.9342837333679,2,1803.5,16615.00390625,55835.41796875
910.9421918392181,2,1224.7,9009.29296875,55835.41796875
911.9533212184906,2,952.9,8328.88671875,55835.41796875
912.962521314621,2,857.0,8160.19140625,55835.41796875
913.9695110321045,2,1313.9,7913.23828125,55835.41796875
914.9780266284943,2,3550.1,10390.75,55835.41796875
915.9849607944489,2,4424.0,11628.77734375,55835.41796875
917.0093431472778,2,4406.5,13100.0625,55835.41796875
918.0205478668213,2,3857.0,13531.39453125,55835.41796875
919.0341789722443,2,3538.2,13701.21484375,55835.41796875
920.0444114208221,2,2777.8,14242.0546875,55835.41796875
921.052570104599,2,2342.4,14153.25390625,55835.41796875
922.0632221698761,2,2987.7,14199.6953125,55835.41796875
923.0698564052582,2,1745.2,9321.78515625,55835.41796875
924.0784997940063,2,431.5,8835.4921875,55835.41796875
925.0873534679413,2,2005.3,8561.4609375,55835.41796875
926.1343562602997,2,3184.6,11943.7421875,55835.41796875
927.1973617076874,2,4507.2,13316.16015625,55835.41796875
928.2183539867401,2,4396.5,14250.75390625,55835.41796875
929.2419407367706,2,3893.9,15100.69921875,55835.41796875
930.2821943759918,2,4036.0,14258.21484375,55835.41796875
931.306875705719,2,3307.3,14756.31640625,55835.41796875
932.3161177635193,2,2386.6,14575.62890625,55835.41796875
933.3240509033203,2,3205.1,14606.8046875,55835.41796875
934.3326985836029,2,1566.2,9336.5078125,55835.41796875
935.3408403396606,2,1102.6,8753.34765625,55835.41796875
936.3484432697296,2,1779.5,9791.5703125,55835.41796875
937.3573906421661,2,2937.9,13534.37109375,55835.41796875
938.4005498886108,2,4542.4,14248.92578125,55835.41796875
939.4172959327698,2,4352.9,16010.77734375,55835.41796875
940.42791223526,2,4304.5,15015.74609375,55835.41796875
941.452009677887,2,3845.6,15929.0390625,55835.41796875
942.4922814369202,2,4548.0,15898.4921875,55835.41796875
943.5341966152191,2,4130.7,14972.5078125,55835.41796875
944.5418133735657,2,3096.0,15462.7578125,55835.41796875
945.5523536205292,2,2563.4,15486.140625,55835.41796875
946.5682289600372,2,3000.8,15655.3515625,55835.41796875
947.5788402557373,2,1657.2,9025.28515625,55835.41796875
948.585357427597,2,975.6,8584.21875,55835.41796875
949.5991532802582,2,1790.7,9772.734375,55835.41796875
950.6083548069,2,3772.9,12414.859375,55835.41796875
951.6290028095245,2,4554.8,13457.71875,55835.41796875
952.6581180095673,2,4377.8,14536.12890625,55835.41796875
953.6763906478882,2,3971.8,15427.859375,55835.41796875
954.7176582813263,2,4153.8,14565.0859375,55835.41796875
955.7416021823883,2,3340.9,15127.57421875,55835.41796875
956.750305891037,2,2359.1,14893.390625,55835.41796875
957.7573595046997,2,3573.4,14922.36328125,55835.41796875
958.7663524150848,2,852.3,9064.3671875,55835.41796875
959.7843520641327,2,1656.7,8610.9140625,55835.41796875
960.7945578098297,2,1735.1,8472.27734375,55835.41796875
961.8031535148621,2,3139.8,12020.3125,55835.41796875
962.8143594264984,2,4560.3,12875.40234375,55835.41796875
963.8386189937592,2,4370.9,13835.76953125,55835.41796875
964.8573853969574,2,4037.6,14522.27734375,55835.41796875
965.8933622837067,2,3649.3,13767.5546875,55835.41796875
966.9061415195465,2,3087.6,14230.39453125,55835.41796875
967.9167914390564,2,2646.4,14121.359375,55835.41796875
968.9284870624542,2,2244.9,8053.70703125,56347.42578125
969.9368085861206,2,1745.1,9783.58203125,55835.41796875
970.9453268051147,2,928.9,8616.8515625,55835.41796875
971.9551031589508,2,1951.6,10617.16015625,55835.41796875
972.9663546085358,2,4491.3,12350.09765625,55835.41796875
973.9850361347198,2,4556.5,14329.71875,55835.41796875
975.0013599395752,2,4351.9,14454.91796875,55835.41796875
976.0171790122986,2,3750.1,15183.6640625,55835.41796875
977.0663540363312,2,3637.8,14382.56640625,55835.41796875
978.0863687992096,2,3105.7,14841.52734375,55835.41796875
979.1054968833923,2,2423.9,14744.0625,55835.41796875
980.1162710189819,2,2714.4,8090.28125,56347.42578125
981.1248507499695,2,1785.4,10135.94921875,55835.41796875
982.1335828304291,2,874.3,8903.2578125,55835.41796875
983.1412591934204,2,1499.9,11476.55859375,55835.41796875
984.1503529548645,2,4196.2,14143.3828125,55835.41796875
985.1673626899719,2,4525.2,14346.27734375,55835.41796875
986.1837503910065,2,4466.8,14028.64453125,55835.41796875
987.1986927986145,2,4104.0,15249.9609375,55835.41796875
988.2093915939331,2,4280.2,16093.05859375,55835.41796875
989.249409198761,2,4361.4,15975.25,55835.41796875
990.2863578796387,2,3704.8,15216.921875,55835.41796875
991.2953581809998,2,3105.3,15721.69140625,55835.41796875
992.3168430328369,2,2844.6,15765.2109375,55835.41796875
993.3275270462036,2,1848.6,7615.3046875,55835.41796875
994.3362834453583,2,1754.9,9803.68359375,55835.41796875
995.3442542552948,2,1028.4,8674.1875,55835.41796875
996.3526864051819,2,1733.8,12043.3515625,55835.41796875
997.3643505573273,2,4388.3,14359.8515625,55835.41796875
998.3833630084991,2,4653.2,14775.48828125,55835.41796875
999.4023902416229,2,4360.5,14636.23046875,55835.41796875
1000.4194371700287,2,3889.7,16040.828125,55835.41796875
1001.4613802433014,2,4752.6,16011.31640625,55835.41796875
1002.5027203559875,2,4558.4,15922.91796875,55835.41796875
1003.5436990261078,2,3839.1,15485.65234375,55835.41796875
1004.5537650585175,2,2626.6,15638.66015625,55835.41796875
1005.5652179718018,2,3342.7,15696.90234375,55835.41796875
1006.5763549804688,2,1749.6,8227.41015625,55835.41796875
1007.5943562984467,2,2199.7,8117.609375,55835.41796875
1008.6133503913879,2,2227.4,8773.8359375,55835.41796875
1009.6259770393372,2,1576.6,8207.734375,57690.5859375
1010.6337690353394,2,1105.1,8445.046875,55642.5703125
1011.6443808078766,2,2861.3,10338.72265625,55642.5703125
1012.663702249527,2,4239.8,11495.03125,55642.5703125
1013.673357963562,2,4580.0,16722.671875,62850.5703125
1014.6981811523438,2,4253.2,15214.67578125,62850.5703125
1015.7055852413177,2,3933.8,15500.515625,62850.5703125
1016.716066122055,2,2987.2,15685.2578125,62850.5703125
1017.7239990234375,2,3228.2,16372.98046875,62850.5703125
1018.737797498703,2,2171.8,16888.953125,62850.5703125
1019.74542760849,2,1476.9,16724.1484375,62850.5703125
1020.7530238628387,2,4125.3,17149.1796875,62850.5703125
1021.7602121829987,2,657.4,8209.0703125,64898.5859375
1022.7686548233032,2,918.1,8936.453125,62850.5703125
1023.7773532867432,2,3045.2,8906.39453125,62850.5703125
1024.7866971492767,2,3037.5,12482.26171875,62850.5703125
1025.798350572586,2,4326.8,13124.6875,62850.5703125
1026.8173558712006,2,4553.2,18308.62109375,71042.5703125
1027.8432030677795,2,4302.4,22664.3515625,71090.5703125
1028.8663692474365,2,4077.4,17466.109375,71090.5703125
1029.8940153121948,2,4373.2,18936.2109375,71090.5703125
1030.9179213047028,2,4061.6,19226.0546875,71090.5703125
1031.926450252533,2,3046.9,19521.9609375,71090.5703125
1032.952362537384,2,3205.3,19679.57421875,71090.5703125
1033.9764404296875,2,3958.1,20491.7578125,71090.5703125
1034.994839668274,2,1525.4,20959.4453125,71090.5703125
1036.001681804657,2,1179.9,20894.35546875,71090.5703125
1037.0085709095001,2,1415.1,20902.75,71090.5703125
1038.016351222992,2,2736.9,21038.8359375,71090.5703125
1039.030080318451,2,3229.7,21301.81640625,71090.5703125
1040.0385901927948,2,667.3,7481.65625,73138.5859375
1041.0471918582916,2,918.9,8642.5,71090.5703125
1042.0549368858337,2,2549.9,9684.46484375,71090.5703125
1043.0633544921875,2,3731.4,12480.0234375,71090.5703125
1044.0823605060577,2,4470.9,14511.75,71090.5703125
1045.1073603630066,2,4542.2,19074.90625,71090.5703125
1046.1576163768768,2,4347.5,15079.703125,71090.5703125
1047.1736679077148,2,4161.1,18281.83203125,71090.5703125
1048.193353652954,2,4490.5,18416.59765625,71090.5703125
1049.2119467258453,2,2890.3,18742.640625,71090.5703125
1050.220377445221,2,3728.5,18838.296875,71090.5703125
1051.2302210330963,2,3746.4,19607.953125,71090.5703125
1052.2364253997803,2,1692.0,20177.48828125,71090.5703125
1053.2430310249329,2,1172.3,20071.49609375,71090.5703125
1054.2525866031647,2,1332.2,20053.48046875,71090.5703125
1055.2603526115417,2,3371.8,20298.86328125,71090.5703125
1056.2749395370483,2,2277.7,20525.1171875,71090.5703125
1057.2868900299072,2,494.6,9450.765625,73138.5859375
1058.296359539032,2,1248.2,8715.8359375,71090.5703125
1059.3449578285217,2,3179.7,11073.18359375,71090.5703125
1060.363368988037,2,4296.2,12648.84765625,71090.5703125
1061.3823599815369,2,4513.9,16018.5703125,71090.5703125
1062.4083561897278,2,4507.6,20751.75390625,71090.5703125
1063.4329109191895,2,4249.0,15795.765625,71090.5703125
1064.4552035331726,2,4398.5,18303.94921875,71090.5703125
1065.4813559055328,2,4061.7,18644.23828125,71090.5703125
1066.4903647899628,2,2984.0,18912.3203125,71090.5703125
1067.4999713897705,2,2754.0,18939.2578125,71090.5703125
1068.511348247528,2,3807.2,19818.5,71090.5703125
1069.5296449661255,2,1450.9,20261.96875,71090.5703125
1070.5373549461365,2,1216.2,20277.65625,71090.5703125
1071.5546777248383,2,1261.1,20209.15625,71090.5703125
1072.5631172657013,2,3761.9,20334.94140625,71090.5703125
1073.5763552188873,2,1910.5,20645.1328125,71090.5703125
1074.584794998169,2,431.0,7739.77734375,71090.5703125
1075.6003549098969,2,1679.7,8756.16015625,71090.5703125
1076.6523592472076,2,3113.2,11529.3203125,71090.5703125
1077.6733548641205,2,4269.1,12675.9296875,71090.5703125
1078.686538219452,2,4557.2,16456.96875,71090.5703125
1079.7123551368713,2,4585.5,21260.49609375,71090.5703125
1080.73237490654,2,4249.6,17107.4453125,71090.5703125
1081.757842540741,2,4403.9,18237.79296875,71090.5703125
1082.7815508842468,2,3503.7,18627.72265625,71090.5703125
1083.7953641414642,2,3218.9,18875.11328125,71090.5703125
1084.8206868171692,2,2831.2,18947.9453125,71090.5703125
1085.8311355113983,2,3689.4,19880.8828125,71090.5703125
1086.8387289047241,2,1102.2,20164.76171875,71090.5703125
1087.8466980457306,2,1137.9,20183.32421875,71090.5703125
1088.855525970459,2,1148.7,20110.32421875,71090.5703125
1089.862794160843,2,3449.5,20280.6953125,71090.5703125
1090.8738389015198,2,2152.1,20546.52734375,71090.5703125
1091.88152718544,2,515.8,9374.1015625,73138.5859375
1092.889629125595,2,951.6,9214.4375,71090.5703125
1093.89835190773,2,2982.8,9509.2265625,71090.5703125
1094.9333605766296,2,2715.8,13259.80859375,71090.5703125
1095.9493548870087,2,4330.3,14478.58203125,71090.5703125
1096.9680082798004,2,4507.1,17139.65625,71090.5703125
1097.9933564662933,2,4385.7,21116.26953125,71090.5703125
1099.017728805542,2,4415.2,23659.796875,71090.5703125
1100.0403912067413,2,4159.9,18994.28515625,71090.5703125
1101.065764427185,2,3999.0,20377.25,71090.5703125
1102.0831921100616,2,4275.6,20520.05859375,71090.5703125
1103.10697555542,2,2878.7,20766.94921875,71090.5703125
1104.131842136383,2,3237.3,20866.1171875,71090.5703125
1105.1417841911316,2,2623.4,21115.6328125,71090.5703125
1106.155354499817,2,4053.3,22041.81640625,71090.5703125
1107.1653554439545,2,1003.1,22437.125,71090.5703125
1108.1733705997467,2,986.4,22367.15625,71090.5703125
1109.1823563575745,2,1361.5,22335.01953125,71090.5703125
1110.195351600647,2,828.6,22573.23828125,71090.5703125
1111.2054929733276,2,4093.7,22579.078125,71090.5703125
1112.2159242630005,2,1821.8,22926.90625,71090.5703125
1113.2238128185272,2,432.9,9478.35546875,73138.5859375
1114.2309215068817,2,982.1,9166.50390625,71090.5703125
1115.2401151657104,2,3038.5,9474.50390625,71090.5703125
1116.2753772735596,2,2705.8,13226.34765625,71090.5703125
1117.28835439682,2,4326.5,14481.9296875,71090.5703125
1118.3007476329803,2,4545.0,16845.96484375,71090.5703125
1119.325366973877,2,4419.5,20654.36328125,71090.5703125
1120.3507933616638,2,4341.8,23099.4296875,71090.5703125
1121.3713648319244,2,4181.8,18928.51953125,71090.5703125
1122.3993618488312,2,4210.6,20325.5234375,71090.5703125
1123.417784690857,2,4243.8,20545.55078125,71090.5703125
1124.4363734722137,2,3127.9,20775.4609375,71090.5703125
1125.4628188610077,2,2749.8,21012.68359375,71090.5703125
1126.469464302063,2,3187.9,21275.78125,71090.5703125
1127.480970621109,2,3567.2,22321.0234375,71090.5703125
1128.5053520202637,2,1012.8,22406.52734375,71090.5703125
1129.5173544883728,2,919.1,22341.53125,71090.5703125
1130.5258972644806,2,1292.4,22393.09375,71090.5703125
1131.5343494415283,2,1078.7,22572.59375,71090.5703125
1132.551351070404,2,4058.3,22645.265625,71090.5703125
1133.5699508190155,2,1618.5,22927.4765625,71090.5703125
1134.5775337219238,2,392.8,7579.30859375,71090.5703125
1135.5855350494385,2,994.9,9181.1640625,71090.5703125
1136.5937523841858,2,3214.7,9476.3046875,71090.5703125
1137.6245939731598,2,2717.8,13224.984375,71090.5703125
1138.6393566131592,2,4295.8,14525.5859375,71090.5703125
1139.6583619117737,2,4537.3,17433.32421875,71090.5703125
1140.6843600273132,2,4460.1,21137.43359375,71090.5703125
1141.709492444992,2,4259.2,22856.61328125,71090.5703125
1142.7276592254639,2,4284.4,18932.171875,71090.5703125
1143.75084233284,2,4124.7,20338.37890625,71090.5703125
1144.7694246768951,2,4194.5,20566.109375,71090.5703125
1145.780368566513,2,3156.7,20750.11328125,71090.5703125
1146.8103597164154,2,2969.9,20981.26953125,71090.5703125
1147.8478672504425,2,3269.2,21332.171875,71090.5703125
1148.8623509407043,2,3299.6,22434.61328125,71090.5703125
1149.881353378296,2,959.7,22368.58984375,71090.5703125
1150.9069950580597,2,1094.3,22456.9453125,71090.5703125
1151.916794538498,2,1221.8,22404.1875,71090.5703125
1152.9250297546387,2,2106.3,22543.75390625,71090.5703125
1153.9354798793793,2,3961.5,22734.7109375,71090.5703125
1154.943704366684,2,719.5,23011.05859375,71090.5703125
1155.9526727199554,2,437.6,8320.86328125,71090.5703125
1156.9613535404205,2,1115.4,9456.44921875,71090.5703125
1158.01162648201,2,3182.1,11197.7109375,71090.5703125
1159.0213532447815,2,3940.1,14324.73046875,71090.5703125
1160.0403604507446,2,4461.3,14561.59765625,71090.5703125
1161.051359653473,2,4488.7,18982.4375,71090.5703125
1162.0767242908478,2,4469.2,23824.3359375,71090.5703125
1163.101219177246,2,4008.7,16714.3203125,71090.5703125
1164.109543800354,2,4434.0,20272.9296875,71090.5703125
1165.1193568706512,2,3896.9,20563.1796875,71090.5703125
1166.1381096839905,2,3393.7,20797.671875,71090.5703125
1167.1463611125946,2,2972.1,20985.90625,71090.5703125
1168.170918226242,2,3181.6,21151.76171875,71090.5703125
1169.1914374828339,2,3458.0,21579.203125,71090.5703125
1170.2043526172638,2,2753.9,22522.4921875,71090.5703125
1171.216923236847,2,1057.0,22400.89453125,71090.5703125
1172.2243530750275,2,1438.4,22379.67578125,71090.5703125
1173.232351064682,2,1199.9,22595.0078125,71090.5703125
1174.2513535022736,2,4083.9,22640.625,71090.5703125
1175.2806010246277,2,1617.9,22923.0234375,71090.5703125
1176.2892398834229,2,408.6,7563.00390625,71090.5703125
1177.2975978851318,2,999.1,9160.62109375,71090.5703125
1178.3055880069733,2,3200.7,9464.890625,71090.5703125
1179.3380403518677,2,2715.0,13219.2734375,71090.5703125
1180.3506662845612,2,4281.8,14521.14453125,71090.5703125
1181.3690457344055,2,4508.8,17542.12109375,71090.5703125
1182.3943557739258,2,4479.3,21442.44140625,71090.5703125
1183.4184482097626,2,4298.3,23216.5390625,71090.5703125
1184.4387817382812,2,4323.3,18993.0390625,71090.5703125
1185.4713518619537,2,4116.7,20393.69921875,71090.5703125
1186.4943606853485,2,4210.7,20613.80078125,71090.5703125
1187.5063681602478,2,2872.0,20800.94140625,71090.5703125
1188.5353617668152,2,3170.8,21010.42578125,71090.5703125
1189.563576221466,2,3367.6,21401.03125,71090.5703125
1190.5742297172546,2,3236.1,22479.43359375,71090.5703125
1191.5923051834106,2,896.4,22429.83984375,71090.5703125
1192.600744009018,2,1169.9,22411.1875,71090.5703125
1193.608520269394,2,1161.6,22364.79296875,71090.5703125
1194.614902496338,2,2298.8,22558.17578125,71090.5703125
1195.6243014335632,2,3831.2,22762.6484375,71090.5703125
1196.632364988327,2,681.1,21564.171875,71090.5703125
1197.6411273479462,2,470.3,8426.10546875,71090.5703125
1198.6490528583527,2,1199.8,9473.60546875,71090.5703125
1199.702775478363,2,3118.2,11388.61328125,71090.5703125
1200.7120370864868,2,3312.5,14236.75,71090.5703125
1201.725357055664,2,4110.9,15788.92578125,71090.5703125
1202.7443647384644,2,4313.4,17692.34375,71090.5703125
1203.7793636322021,2,4411.2,21451.16796875,81330.5703125
1204.8046095371246,2,4429.4,25612.3828125,81330.5703125
1205.8293676376343,2,4414.9,29116.19140625,81386.5703125
1206.8533818721771,2,4118.7,23199.04296875,81386.5703125
1207.8893599510193,2,4243.5,23068.890625,81386.5703125
1208.9103512763977,2,3885.1,24706.80078125,81386.5703125
1209.928685426712,2,4301.7,24951.90625,81386.5703125
1210.9471476078033,2,4048.2,25179.2421875,81386.5703125
1211.956157207489,2,3123.6,25357.61328125,81386.5703125
1212.9643681049347,2,3679.5,25737.91015625,81386.5703125
1213.990023612976,2,3010.3,25767.3515625,81386.5703125
1215.0144684314728,2,3802.7,26524.0546875,81386.5703125
1216.0213477611542,2,2581.4,27855.6484375,81386.5703125
1217.0396444797516,2,1242.7,28215.26171875,81386.5703125
1218.046156167984,2,1109.1,28173.7890625,81386.5703125
1219.054351091385,2,1178.4,28429.96484375,81386.5703125
1220.072660446167,2,1104.3,28403.2578125,81386.5703125
1221.0843646526337,2,1548.7,28423.59375,81386.5703125
1222.1013584136963,2,4039.9,28856.38671875,81386.5703125
1223.1207118034363,2,2129.5,29295.66796875,81386.5703125
1224.1287033557892,2,643.7,29554.58203125,81386.5703125
1225.1370754241943,2,466.3,8187.56640625,83434.5859375
1226.144856929779,2,1016.9,8458.14453125,81386.5703125
1227.1523702144623,2,3360.1,10777.12109375,81386.5703125
1228.1723618507385,2,4244.0,12904.2421875,81386.5703125
1229.193246603012,2,4582.8,13022.51171875,81386.5703125
1230.213368177414,2,4261.8,15250.6171875,81386.5703125
1231.2363684177399,2,3293.8,15530.37890625,81386.5703125
1232.247487783432,2,2948.6,15702.61328125,81386.5703125
1233.258352279663,2,3523.7,16870.1875,81386.5703125
1234.266018629074,2,1414.9,16811.71875,81386.5703125
1235.277898311615,2,2778.3,16996.3515625,81386.5703125
1236.2885274887085,2,1951.9,17296.50390625,81386.5703125
1237.297281742096,2,866.2,8493.453125,81386.5703125
1238.3051402568817,2,2135.8,9679.70703125,81386.5703125
1239.3130884170532,2,3977.6,11568.6484375,81386.5703125
1240.3233635425568,2,4546.6,15936.63671875,81386.5703125
1241.347666501999,2,4376.0,14708.234375,81386.5703125
1242.359902381897,2,4054.4,15345.69140625,81386.5703125
1243.3702247142792,2,3073.5,15530.57421875,81386.5703125
1244.378357887268,2,3675.7,16251.41015625,81386.5703125
1245.3967955112457,2,1666.9,16592.3125,81386.5703125
1246.4123537540436,2,1781.5,16654.87109375,81386.5703125
1247.4278240203857,2,3257.9,16996.0,81386.5703125
1248.4354631900787,2,615.8,9583.234375,83434.5859375
1249.4438531398773,2,928.6,9366.2265625,81386.5703125
1250.4518973827362,2,3123.5,9626.7890625,81386.5703125
1251.5093610286713,2,2412.5,13761.56640625,81386.5703125
1252.5291278362274,2,4155.9,15785.97265625,81386.5703125
1253.5466771125793,2,4464.3,16385.015625,81386.5703125
1254.5723569393158,2,4407.0,20269.91796875,81386.5703125
1255.593353509903,2,4476.0,24614.2109375,81386.5703125
1256.614357471466,2,4576.6,30111.2578125,81386.5703125
1257.6331794261932,2,4062.0,23049.609375,81386.5703125
1258.663358926773,2,4228.2,23016.92578125,81386.5703125
1259.6843554973602,2,3870.7,24630.6015625,81386.5703125
1260.7033531665802,2,4245.5,24837.8515625,81386.5703125
1261.7217807769775,2,4346.8,25055.984375,81386.5703125
1262.7303686141968,2,3093.2,25299.734375,81386.5703125
1263.7533595561981,2,2802.5,25574.62109375,81386.5703125
1264.7782146930695,2,3364.5,25564.70703125,81386.5703125
1265.787668466568,2,3983.8,26303.08984375,81386.5703125
1266.7981629371643,2,2727.3,27434.671875,81386.5703125
1267.8067224025726,2,1255.0,28113.953125,81386.5703125
1268.8163533210754,2,998.2,28031.5546875,81386.5703125
1269.8281152248383,2,1144.3,28202.15625,81386.5703125
1270.8356912136078,2,1304.2,28228.1015625,81386.5703125
1271.8443586826324,2,1643.9,28656.5,81386.5703125
1272.8643567562103,2,4218.2,28685.86328125,81386.5703125
1273.8837761878967,2,1788.9,29126.73046875,81386.5703125
1274.8919787406921,2,642.5,29413.14453125,81386.5703125
1275.9004979133606,2,425.6,8349.25,83434.5859375
1276.9084174633026,2,928.5,8972.328125,81386.5703125
1277.9165647029877,2,2972.1,9596.3671875,81386.5703125
1278.9252157211304,2,2921.5,13531.82421875,81386.5703125
1279.9383521080017,2,4283.1,14219.20703125,81386.5703125
1280.957359790802,2,4519.7,18121.8046875,81386.5703125
1281.9821083545685,2,4518.0,22690.95703125,81386.5703125
1283.005964756012,2,4078.2,16591.6875,81386.5703125
1284.0138673782349,2,4200.9,20063.99609375,81386.5703125
1285.0253546237946,2,4139.7,20350.78515625,81386.5703125
1286.0426409244537,2,3134.7,20549.26171875,81386.5703125
1287.054049730301,2,3487.5,20719.87109375,81386.5703125
1288.0643658638,2,3180.2,20774.859375,81386.5703125
1289.0753519535065,2,4036.0,21736.53515625,81386.5703125
1290.0938594341278,2,1215.0,22123.578125,81386.5703125
1291.1019797325134,2,1134.7,22091.515625,81386.5703125
1292.1119990348816,2,1328.8,21917.5,81386.5703125
1293.1203067302704,2,3048.8,22205.91015625,81386.5703125
1294.1391832828522,2,2700.0,22348.17578125,81386.5703125
1295.147211074829,2,643.3,8445.984375,83434.5859375
1296.1560335159302,2,675.9,9327.5703125,81386.5703125
1297.1643517017365,2,1347.3,9936.16796875,81386.5703125
1298.2148654460907,2,3299.2,11464.0546875,81386.5703125
1299.2233560085297,2,3432.2,14724.42578125,81386.5703125
1300.2373521327972,2,4210.4,16325.0625,81386.5703125
1301.2563598155975,2,4403.5,17616.18359375,81386.5703125
1302.2813563346863,2,4435.9,21947.51171875,81386.5703125
1303.307536125183,2,4312.3,26099.96875,81386.5703125
1304.3310494422913,2,4395.4,30813.6875,81386.5703125
1305.3483510017395,2,4009.1,26020.75,81386.5703125
1306.3633728027344,2,4122.9,21076.6328125,81386.5703125
1307.3887848854065,2,3941.4,25279.53515625,81386.5703125
1308.398359298706,2,4527.0,25304.1640625,81386.5703125
1309.4266533851624,2,3945.4,25668.6484375,81386.5703125
1310.446291923523,2,2713.5,25928.33203125,81386.5703125
1311.4543614387512,2,3009.6,26164.12890625,81386.5703125
1312.479370355606,2,4242.3,26100.08984375,81386.5703125
1313.4873514175415,2,3013.3,26457.1171875,81386.5703125
1314.4983568191528,2,3739.2,27781.2265625,81386.5703125
1315.516937971115,2,2511.7,28785.21484375,81386.5703125
1316.5241899490356,2,661.2,28987.6484375,81386.5703125
1317.533350944519,2,1141.1,28733.30078125,81386.5703125
1318.5406730175018,2,1331.4,28836.1640625,81386.5703125
1319.5524744987488,2,1001.9,28726.05078125,81386.5703125
1320.5603504180908,2,1927.2,29384.49609375,81386.5703125
1321.5793528556824,2,4234.0,29407.44140625,81386.5703125
1322.5963823795319,2,1897.4,29827.0703125,81386.5703125
1323.6050577163696,2,643.2,30100.76171875,81386.5703125
1324.612536430359,2,449.0,7959.37890625,83434.5859375
1325.6213164329529,2,705.7,9094.48046875,81386.5703125
1326.6293559074402,2,1643.4,9690.3984375,81386.5703125
1327.679639339447,2,2596.3,12194.36328125,81386.5703125
1328.690444469452,2,4300.1,14993.95703125,81386.5703125
1329.7023568153381,2,4107.2,16058.671875,81386.5703125
1330.7207973003387,2,4440.1,18659.91796875,81386.5703125
1331.7473571300507,2,4350.2,21691.15234375,81386.5703125
1332.7725520133972,2,4465.4,26195.6015625,81386.5703125
1333.7969634532928,2,4412.6,28526.59765625,81386.5703125
1334.8256268501282,2,3805.5,19635.9453125,81386.5703125
1335.838368177414,2,4568.0,23725.953125,81386.5703125
1336.8553504943848,2,3861.4,24732.85546875,81386.5703125
1337.8743512630463,2,4130.8,25077.86328125,81386.5703125
1338.8949754238129,2,3371.3,25294.09765625,81386.5703125
1339.903971195221,2,2844.2,25589.0234375,81386.5703125
1340.9105849266052,2,3217.3,25700.64453125,81386.5703125
1341.9293599128723,2,3184.1,25691.08203125,81386.5703125
1342.9373142719269,2,4100.2,26403.55078125,81386.5703125
1343.9478566646576,2,2575.9,27608.91015625,81386.5703125
1344.95627784729,2,1291.4,28165.671875,81386.5703125
1345.966875076294,2,1059.9,28227.171875,81386.5703125
1346.9763813018799,2,1083.2,28356.08984375,81386.5703125
1347.9845526218414,2,1317.8,28294.59375,81386.5703125
1348.9933490753174,2,1376.6,28441.49609375,81386.5703125
1350.0036170482635,2,4028.5,28683.1953125,81386.5703125
1351.0131986141205,2,2220.1,29281.74609375,81386.5703125
1352.022513628006,2,580.4,29447.03125,81386.5703125
1353.0304868221283,2,594.1,14624.51953125,81386.5703125
1354.0386352539062,2,582.7,8818.1640625,81386.5703125
1355.0460970401764,2,1148.9,9667.01953125,81386.5703125
1356.0722889900208,2,3268.9,11370.31640625,81386.5703125
1357.080261707306,2,3701.6,14830.41796875,81386.5703125
1358.1193528175354,2,4128.6,15926.75,81386.5703125
1359.131361246109,2,4390.2,17960.6953125,81386.5703125
1360.155925989151,2,4408.1,21559.45703125,81386.5703125
1361.1790351867676,2,4430.0,26007.6328125,81386.5703125
1362.2043652534485,2,4456.1,28809.03125,81386.5703125
1363.225114107132,2,3693.8,19492.13671875,81386.5703125
1364.2402341365814,2,4490.4,23215.04296875,81386.5703125
1365.255351781845,2,3864.9,24800.99609375,81386.5703125
1366.2743513584137,2,4340.8,25046.75,81386.5703125
1367.2927510738373,2,3630.1,25347.99609375,81386.5703125
1368.306602716446,2,2974.1,25597.0703125,81386.5703125
1369.3154413700104,2,3773.8,25840.7109375,81386.5703125
1370.3411107063293,2,2665.0,25755.2265625,81386.5703125
1371.3484191894531,2,3920.9,26661.8984375,81386.5703125
1372.3563499450684,2,2729.6,28018.9765625,81386.5703125
1373.3747189044952,2,1133.2,28177.29296875,81386.5703125
1374.385894536972,2,1084.4,28211.9453125,81386.5703125
1375.3928554058075,2,990.2,28400.9375,81386.5703125
1376.4028935432434,2,1301.9,28250.9140625,81386.5703125
1377.414351940155,2,1242.5,28277.18359375,81386.5703125
1378.4243550300598,2,3823.3,28743.96484375,81386.5703125
1379.4350049495697,2,2623.7,29202.7734375,81386.5703125
1380.4428033828735,2,584.6,29440.55859375,81386.5703125
1381.4502470493317,2,609.2,20051.79296875,81386.5703125
1382.4580628871918,2,466.5,8553.53125,81386.5703125
1383.46635055542,2,1167.3,9570.203125,81386.5703125
1384.4835119247437,2,2982.3,11543.15234375,81386.5703125
1385.4923543930054,2,3913.7,14725.484375,81386.5703125
1386.5083498954773,2,4077.1,15936.51171875,81386.5703125
1387.527360200882,2,4454.5,18179.50390625,81386.5703125
1388.5527129173279,2,4372.3,21822.16796875,81386.5703125
1389.577356338501,2,4481.4,26374.59765625,81386.5703125
1390.601491689682,2,4431.9,30392.19921875,81386.5703125
1391.6223509311676,2,3636.9,19403.484375,81386.5703125
1392.6401419639587,2,4487.3,23150.14453125,81386.5703125
1393.6553511619568,2,3929.0,24716.4453125,81386.5703125
1394.6743507385254,2,4313.8,24938.83203125,81386.5703125
1395.6933600902557,2,3650.9,25262.48046875,81386.5703125
1396.702255487442,2,2848.9,25493.20703125,81386.5703125
1397.710368156433,2,3685.4,25749.3515625,81386.5703125
1398.7373628616333,2,2758.5,25680.78125,81386.5703125
1399.7504534721375,2,3944.0,26437.95703125,81386.5703125
1400.7572765350342,2,2529.2,27707.4375,81386.5703125
1401.767353773117,2,1325.4,28126.40234375,81386.5703125
1402.7754349708557,2,1067.4,28136.15234375,81386.5703125
1403.7843556404114,2,1101.4,28360.2421875,81386.5703125
1404.7950484752655,2,1249.6,28333.8984375,81386.5703125
1405.8032429218292,2,1593.9,28383.921875,81386.5703125
1406.8123531341553,2,4133.8,28842.99609375,81386.5703125
1407.8307678699493,2,1985.8,29224.2578125,81386.5703125
1408.8382604122162,2,631.5,29485.35546875,81386.5703125
1409.8455176353455,2,485.2,12044.92578125,81386.5703125
1410.8532993793488,2,518.1,8908.8515625,81386.5703125
1411.860876083374,2,796.7,9943.40625,81386.5703125
1412.8688068389893,2,3769.1,10064.6953125,81386.5703125
1413.9003608226776,2,2231.9,13378.015625,81386.5703125
1414.9183552265167,2,4263.4,16474.67578125,81386.5703125
1415.9373559951782,2,4269.3,16918.484375,81386.5703125
1416.9561853408813,2,4393.3,19758.92578125,81386.5703125
1417.98135972023,2,4284.5,22938.23828125,81386.5703125
1419.0023567676544,2,4521.2,28337.57421875,81386.5703125
1420.026376247406,2,4515.3,29483.05859375,81386.5703125
1421.0473148822784,2,3919.5,20582.90234375,81386.5703125
1422.0553822517395,2,4449.0,24454.54296875,81386.5703125
1423.088355064392,2,3847.2,26161.140625,81386.5703125
1424.1073551177979,2,4180.7,26364.4140625,81386.5703125
1425.1258046627045,2,4336.0,26571.94140625,81386.5703125
1426.1343801021576,2,2516.4,26853.5703125,81386.5703125
1427.1433689594269,2,3355.5,27093.7265625,81386.5703125
1428.1693630218506,2,3144.1,27084.88671875,81386.5703125
1429.193665266037,2,3393.7,27404.36328125,81386.5703125
1430.2123572826385,2,3673.6,28605.75,81386.5703125
1431.2311763763428,2,2285.1,29619.6875,81386.5703125
1432.238883972168,2,689.3,29645.8046875,81386.5703125
1433.2472097873688,2,1046.9,29498.05078125,81386.5703125
1434.2553544044495,2,1277.6,29586.1875,81386.5703125
1435.2726299762726,2,1149.6,29339.33984375,81386.5703125
1436.2799136638641,2,969.6,29530.7421875,81386.5703125
1437.2906515598297,2,3804.3,29829.9453125,81386.5703125
1438.3022861480713,2,3629.3,30318.8828125,81386.5703125
1439.3104887008667,2,517.9,30608.625,81386.5703125
1440.31840133667,2,676.2,27406.3828125,81386.5703125
1441.3269588947296,2,512.9,8140.3984375,81386.5703125
1442.3349928855896,2,2410.9,9122.12890625,81386.5703125
1443.3433492183685,2,3755.4,11355.55859375,81386.5703125
1444.3603587150574,2,4540.7,15465.47265625,81386.5703125
1445.3850193023682,2,4392.8,14554.35546875,81386.5703125
1446.396602153778,2,3912.4,15183.1015625,81386.5703125
1447.4215931892395,2,3037.9,15364.9921875,81386.5703125
1448.429812669754,2,3691.3,16169.33203125,81386.5703125
1449.43994140625,2,1429.5,16501.24609375,81386.5703125
1450.447355747223,2,2433.2,16804.48046875,81386.5703125
1451.466208934784,2,2459.0,16997.29296875,81386.5703125
1452.4741642475128,2,700.5,8183.11328125,81386.5703125
1453.482165336609,2,2527.2,8832.76171875,81386.5703125
1454.4913527965546,2,3500.1,11432.12109375,81386.5703125
1455.509812116623,2,4547.4,15439.1875,81386.5703125
1456.5360708236694,2,4470.8,14315.9375,81386.5703125
1457.5481631755829,2,4006.1,14999.48046875,81386.5703125
1458.5594110488892,2,2936.1,15206.96484375,81386.5703125
1459.5673549175262,2,3619.7,15930.33203125,81386.5703125
1460.5840108394623,2,1608.3,16292.5546875,81386.5703125
1461.5954835414886,2,2272.0,16466.7265625,81386.5703125
1462.6073551177979,2,2707.6,16731.24609375,81386.5703125
1463.6168897151947,2,471.3,8046.546875,81386.5703125
1464.6245603561401,2,921.4,9960.41796875,81386.5703125
1465.6343550682068,2,2145.2,10054.7421875,81386.5703125
1466.672174692154,2,2564.2,12418.62890625,81386.5703125
1467.6813633441925,2,4068.5,15614.3984375,81386.5703125
1468.711356639862,2,4121.9,16687.50390625,81386.5703125
1469.7313635349274,2,4387.1,18023.765625,81386.5703125
1470.7573585510254,2,4307.1,21557.1171875,81386.5703125
1471.7815306186676,2,4374.7,25772.02734375,81386.5703125
1472.8067746162415,2,4532.3,31293.41796875,81386.5703125
1473.8307263851166,2,4036.7,26656.90625,81386.5703125
1474.8533818721771,2,4229.4,21740.015625,81386.5703125
1475.8789653778076,2,4148.9,25798.7734375,81386.5703125
1476.8883559703827,2,4178.5,26041.91015625,81386.5703125
1477.9080147743225,2,4031.8,26341.9296875,81386.5703125
1478.9213786125183,2,3145.0,26660.85546875,81386.5703125
1479.9312093257904,2,2831.9,26936.55078125,81386.5703125
1480.9550592899323,2,4255.0,27074.453125,81386.5703125
1481.9790525436401,2,2221.3,26928.12890625,81386.5703125
1482.9874756336212,2,3908.8,27613.77734375,81386.5703125
1484.001353263855,2,3149.9,28615.53125,81386.5703125
1485.0199592113495,2,1258.7,29484.6796875,81386.5703125
1486.0287668704987,2,765.2,29503.3828125,81386.5703125
1487.0376183986664,2,970.5,29401.7890625,81386.5703125
1488.0473573207855,2,1334.1,29293.05078125,81386.5703125
1489.0568451881409,2,926.0,29318.9296875,81386.5703125
1490.0653529167175,2,694.1,29300.65234375,81386.5703125
1491.0733556747437,2,3777.0,30024.21484375,81386.5703125
1492.092166185379,2,3714.1,30137.71875,81386.5703125
1493.0998141765594,2,667.2,30467.12890625,81386.5703125
1494.111571073532,2,729.4,30779.0703125,81386.5703125
1495.1193079948425,2,189.5,7811.01171875,81386.5703125
1496.1268446445465,2,976.0,9492.53515625,81386.5703125
1497.1350765228271,2,2763.7,9698.1953125,81386.5703125
1498.1843943595886,2,2342.5,12661.9140625,81386.5703125
1499.1973571777344,2,4309.8,15687.1796875,81386.5703125
1500.216359615326,2,4265.2,16157.19921875,81386.5703125
1501.2393584251404,2,4401.5,19749.8515625,81386.5703125
1502.275535583496,2,4382.3,23880.00390625,81386.5703125
1503.2997472286224,2,4504.1,28818.21484375,81386.5703125
1504.3233516216278,2,4143.2,26120.53125,81386.5703125
1505.3443839550018,2,4134.4,20490.12890625,81386.5703125
1506.365238904953,2,4059.5,24608.7734375,81386.5703125
1507.3731999397278,2,4325.8,24810.17578125,81386.5703125
1508.396984577179,2,3992.9,25226.33984375,81386.5703125
1509.413684129715,2,3318.0,25490.62109375,81386.5703125
1510.4403717517853,2,3063.6,25802.8046875,81386.5703125
1511.4663610458374,2,3770.2,25856.4140625,81386.5703125
1512.4923532009125,2,3304.5,26213.046875,81386.5703125
1513.510794878006,2,3505.7,27434.5703125,81386.5703125
1514.529443025589,2,1730.3,28280.58984375,81386.5703125
1515.5366611480713,2,914.0,28223.12890625,81386.5703125
1516.5443091392517,2,951.4,28357.65625,81386.5703125
1517.553278684616,2,1544.2,28222.81640625,81386.5703125
1518.5622611045837,2,729.0,28129.58984375,81386.5703125
1519.5723598003387,2,3197.2,28698.59765625,81386.5703125
1520.5919563770294,2,3759.4,28889.18359375,81386.5703125
1521.5996556282043,2,682.3,29283.9921875,81386.5703125
1522.612456560135,2,732.4,29600.80078125,81386.5703125
1523.620005607605,2,184.6,7957.6640625,81386.5703125
1524.6276903152466,2,912.7,9890.92578125,81386.5703125
1525.6383519172668,2,2172.7,10019.25,81386.5703125
1526.6785471439362,2,2604.1,12572.58984375,81386.5703125
1527.6873619556427,2,4219.5,15602.48046875,81386.5703125
1528.7033557891846,2,4182.5,16688.28515625,81386.5703125
1529.722363948822,2,4331.8,18389.98828125,81386.5703125
1530.7483611106873,2,4351.3,22105.65234375,81386.5703125
1531.7693583965302,2,4375.9,26137.5234375,81386.5703125
1532.790354013443,2,4431.2,30158.26953125,81386.5703125
1533.8113594055176,2,4166.2,26418.07421875,81386.5703125
1534.835377216339,2,4109.6,21518.24609375,81386.5703125
1535.8607749938965,2,4016.3,25723.8203125,81386.5703125
1536.8703591823578,2,4391.1,25844.015625,81386.5703125
1537.8890845775604,2,4003.8,26220.23828125,81386.5703125
1538.9092872142792,2,2990.8,26537.88671875,81386.5703125
1539.9173617362976,2,2929.2,26750.9375,81386.5703125
1540.9373652935028,2,4155.5,26905.5546875,81386.5703125
1541.9629364013672,2,2320.3,26903.55859375,81386.5703125
1542.9873583316803,2,4212.2,27791.25390625,81386.5703125
1543.9949796199799,2,2737.3,28881.34765625,81386.5703125
1545.0025317668915,2,1249.4,29460.640625,81386.5703125
1546.0109791755676,2,952.8,29448.8984375,81386.5703125
1547.0233709812164,2,896.1,29291.30859375,81386.5703125
1548.033915758133,2,1452.6,29320.61328125,81386.5703125
1549.0452845096588,2,740.6,29394.609375,81386.5703125
1550.0537719726562,2,1654.0,29579.23828125,81386.5703125
1551.062352180481,2,4091.2,29769.421875,81386.5703125
1552.070636510849,2,2560.8,30373.1953125,81386.5703125
1553.079149723053,2,583.0,30579.84765625,81386.5703125
1554.0877780914307,2,625.1,20727.375,81386.5703125
1555.0955514907837,2,375.1,8443.4609375,81386.5703125
1556.1032078266144,2,858.0,9489.2265625,81386.5703125
1557.1123523712158,2,3894.9,9700.84765625,81386.5703125
1558.1573603153229,2,2391.0,14291.78515625,81386.5703125
1559.1895847320557,2,4125.7,15935.8828125,81386.5703125
1560.207844734192,2,4381.0,16636.62890625,81386.5703125
1561.2333581447601,2,4499.2,21119.46484375,81386.5703125
1562.2543556690216,2,4392.2,25067.51953125,81386.5703125
1563.2785925865173,2,4609.5,30145.421875,81386.5703125
1564.3033950328827,2,4001.6,23696.08984375,81386.5703125
1565.313388824463,2,4155.0,23084.2734375,81386.5703125
1566.3343524932861,2,3849.6,24720.01953125,81386.5703125
1567.3533532619476,2,4314.1,24934.78125,81386.5703125
1568.3718135356903,2,4298.6,25125.3046875,81386.5703125
1569.3955147266388,2,3169.2,25353.171875,81386.5703125
1570.4209303855896,2,2765.8,25674.03515625,81386.5703125
1571.4286725521088,2,3153.8,25693.53125,81386.5703125
1572.4373507499695,2,3448.9,26154.82421875,81386.5703125
1573.4513530731201,2,3468.0,27361.3515625,81386.5703125
1574.4698269367218,2,1473.6,28243.875,81386.5703125
1575.47811961174,2,920.7,28198.234375,81386.5703125
1576.4859907627106,2,960.5,28301.16796875,81386.5703125
1577.4937999248505,2,1529.2,28165.82421875,81386.5703125
1578.5021855831146,2,739.9,28056.95703125,81386.5703125
1579.5123541355133,2,3417.0,28809.76953125,81386.5703125
1580.5315437316895,2,3660.8,29062.84375,81386.5703125
1581.5394051074982,2,520.1,29356.2109375,81386.5703125
1582.5487341880798,2,671.9,24987.6171875,81386.5703125
1583.5562086105347,2,361.2,8328.453125,81386.5703125
1584.5640425682068,2,1011.0,9365.5546875,81386.5703125
1585.5719077587128,2,3819.4,9725.4375,81386.5703125
1586.580353975296,2,2427.1,14181.921875,81386.5703125
1587.6056199073792,2,4124.7,15825.7265625,81386.5703125
1588.613540649414,2,4355.9,16278.88671875,81386.5703125
1589.6383576393127,2,4428.3,20240.19921875,81386.5703125
1590.6634159088135,2,4526.8,24900.3515625,81386.5703125
1591.6883537769318,2,4502.8,30403.55859375,81386.5703125
1592.7084650993347,2,3933.6,23880.8125,81386.5703125
1593.718205690384,2,4203.0,23065.9765625,81386.5703125
1594.7373530864716,2,3843.3,24691.859375,81386.5703125
1595.7560381889343,2,4216.4,24885.33203125,81386.5703125
1596.7683589458466,2,4388.5,25047.10546875,81386.5703125
1597.788379907608,2,3072.0,25272.5703125,81386.5703125
1598.8153641223907,2,3231.8,25598.23828125,81386.5703125
1599.8401684761047,2,3463.5,25531.03125,81386.5703125
1600.851763010025,2,3678.9,26255.515625,81386.5703125
1601.862111568451,2,3143.9,27362.91015625,81386.5703125
1602.872358083725,2,1198.8,28079.53515625,81386.5703125
1603.882780790329,2,936.8,28142.99609375,81386.5703125
1604.890349149704,2,1135.3,28303.625,81386.5703125
1605.908671617508,2,1312.3,28065.11328125,81386.5703125
1606.9152059555054,2,670.7,28066.3671875,81386.5703125
1607.923355102539,2,3438.6,28797.890625,81386.5703125
1608.9422678947449,2,3639.4,29052.79296875,81386.5703125
1609.9503819942474,2,535.5,29344.36328125,81386.5703125
1610.9586598873138,2,660.4,24411.16796875,81386.5703125
1611.967161655426,2,388.0,8303.34375,81386.5703125
1612.978401184082,2,955.2,9483.4296875,81386.5703125
1613.9925973415375,2,3273.8,11134.265625,81386.5703125
1615.0003535747528,2,3912.6,14352.40625,81386.5703125
1616.0193588733673,2,4463.5,14569.6796875,81386.5703125
1617.039361000061,2,4513.3,18888.39453125,81386.5703125
1618.0646154880524,2,4351.3,22203.453125,81386.5703125
1619.0898749828339,2,4182.4,18462.43359375,81386.5703125
1620.1061670780182,2,4436.5,20162.015625,81386.5703125
1621.120353460312,2,3845.7,20518.3828125,81386.5703125
1622.1393613815308,2,3407.6,20750.515625,81386.5703125
1623.1493577957153,2,3094.1,20963.29296875,81386.5703125
1624.1743655204773,2,3106.5,21102.51953125,81386.5703125
1625.200543642044,2,3487.5,21588.70703125,81386.5703125
1626.21093583107,2,2724.1,22634.40625,81386.5703125
1627.2184948921204,2,847.2,22564.9609375,81386.5703125
1628.226438999176,2,1143.7,22544.25,81386.5703125
1629.2365152835846,2,1117.4,22446.703125,81386.5703125
1630.2453570365906,2,1900.6,22726.84375,81386.5703125
1631.259355545044,2,4016.3,22709.33203125,81386.5703125
1632.278519153595,2,791.6,23073.6875,81386.5703125
1633.2852046489716,2,383.1,8264.40234375,81386.5703125
1634.2929410934448,2,918.4,9488.6015625,81386.5703125
1635.3046352863312,2,3626.4,9696.1171875,81386.5703125
1636.3343563079834,2,2399.1,13451.01171875,81386.5703125
1637.3533539772034,2,4259.4,15669.19140625,81386.5703125
1638.372360944748,2,4300.6,16128.6953125,81386.5703125
1639.3923616409302,2,4455.7,20896.8046875,81386.5703125
1640.4133055210114,2,4439.7,25464.23828125,81386.5703125
1641.4383563995361,2,4547.1,29998.0625,81386.5703125
1642.462687253952,2,3987.1,25010.96484375,81386.5703125
1643.482364654541,2,4100.4,22045.9140625,81386.5703125
1644.513355731964,2,3800.8,24836.27734375,81386.5703125
1645.5319504737854,2,4611.8,24861.40234375,81386.5703125
1646.5413553714752,2,4054.6,25226.0859375,81386.5703125
1647.5603709220886,2,3108.7,25468.8671875,81386.5703125
1648.5853672027588,2,3212.8,25754.15234375,81386.5703125
1649.6113576889038,2,2967.8,25754.6328125,81386.5703125
1650.6373534202576,2,3478.5,26115.7109375,81386.5703125
1651.6484982967377,2,3475.1,27383.140625,81386.5703125
1652.656891822815,2,1665.9,28241.58984375,81386.5703125
1653.6653521060944,2,1011.5,28183.79296875,81386.5703125
1654.6793537139893,2,1138.4,28329.35546875,81386.5703125
1655.696751832962,2,1365.8,28124.99609375,81386.5703125
1656.7093541622162,2,804.2,28322.93359375,81386.5703125
1657.7283520698547,2,3808.0,28681.77734375,81386.5703125
1658.742415189743,2,3132.8,29070.38671875,81386.5703125
1659.7500228881836,2,524.6,29351.63671875,81386.5703125
1660.7585067749023,2,682.3,24391.6171875,81386.5703125
1661.7667636871338,2,325.5,8241.13671875,81386.5703125
1662.7744073867798,2,927.5,9341.78515625,81386.5703125
1663.7836520671844,2,3818.8,9657.94140625,81386.5703125
1664.7923872470856,2,2489.8,13991.234375,81386.5703125
1665.8407199382782,2,4168.0,15814.5,81386.5703125
1666.8579721450806,2,4417.4,16555.8125,81386.5703125
1667.8833622932434,2,4448.7,20925.94140625,81386.5703125
1668.908356666565,2,4410.8,24652.08203125,81386.5703125
1669.933355331421,2,4575.2,29761.578125,81386.5703125
1670.9543528556824,2,4030.9,24314.6328125,81386.5703125
1671.9743857383728,2,4238.1,22958.859375,81386.5703125
1672.9938685894012,2,3817.8,24560.8984375,81386.5703125
1674.013355731964,2,4223.9,24791.359375,81386.5703125
1675.0318486690521,2,4315.2,25006.125,81386.5703125
1676.0555670261383,2,3348.5,25218.6796875,81386.5703125
1677.0823531150818,2,2837.0,25548.62890625,81386.5703125
1678.1023564338684,2,3404.1,25646.81640625,81386.5703125
1679.11301445961,2,3868.6,26241.08984375,81386.5703125
1680.123368024826,2,2889.3,27362.66015625,81386.5703125
1681.1313729286194,2,1257.8,28089.01171875,81386.5703125
1682.138661146164,2,990.4,28036.2734375,81386.5703125
1683.145351409912,2,1162.9,28049.4375,81386.5703125
1684.1532006263733,2,1206.4,28059.75390625,81386.5703125
1685.1612055301666,2,677.3,28047.12890625,81386.5703125
1686.1713547706604,2,3645.7,28722.05078125,81386.5703125
1687.189936876297,2,3396.8,29038.07421875,81386.5703125
1688.197610616684,2,536.3,29333.94921875,81386.5703125
1689.2063810825348,2,715.0,24327.03515625,81386.5703125
1690.2146842479706,2,305.3,8269.83984375,81386.5703125
1691.2236902713776,2,867.8,9604.26953125,81386.5703125
1692.2323524951935,2,3401.9,9789.828125,81386.5703125
1693.2664008140564,2,2274.0,13722.9921875,81386.5703125
1694.2923574447632,2,4312.6,15954.796875,81386.5703125
1695.3113532066345,2,4252.3,16432.59765625,81386.5703125
1696.329773902893,2,4423.8,19779.62109375,81386.5703125
1697.3543577194214,2,4318.1,23356.49609375,81386.5703125
1698.3793585300446,2,4479.4,27892.0546875,81386.5703125
1699.4036118984222,2,4353.8,29481.37890625,81386.5703125
1700.4246168136597,2,4032.1,20425.50390625,81386.5703125
1701.4383697509766,2,4483.7,24331.24609375,81386.5703125
1702.4594564437866,2,3840.5,25343.71484375,81386.5703125
1703.4778575897217,2,4236.3,25548.8203125,81386.5703125
1704.4962322711945,2,3456.2,25854.1640625,81386.5703125
1705.504723072052,2,3070.9,26053.89453125,81386.5703125
1706.513367176056,2,3827.6,26290.53515625,81386.5703125
1707.5391323566437,2,2665.4,26192.42578125,81386.5703125
1708.546660900116,2,4142.9,26952.1640625,81386.5703125
1709.55713057518,2,2642.8,28127.57421875,81386.5703125
1710.566356420517,2,1306.9,28642.65625,81386.5703125
1711.5736043453217,2,1034.0,28619.734375,81386.5703125
1712.580295085907,2,1196.4,28676.390625,81386.5703125
1713.5908987522125,2,1253.1,28596.984375,81386.5703125
1714.598158121109,2,746.0,28608.50390625,81386.5703125
1715.606351852417,2,3833.5,29334.859375,81386.5703125
1716.624896287918,2,3555.5,29603.625,81386.5703125
1717.6339490413666,2,531.5,29885.37109375,81386.5703125
1718.6422944068909,2,681.8,25897.140625,81386.5703125
1719.6498737335205,2,459.5,8169.87109375,81386.5703125
1720.6583564281464,2,1979.8,8773.74609375,81386.5703125
1721.6953573226929,2,3307.6,11629.43359375,81386.5703125
1722.7083532810211,2,4326.0,13068.5078125,81386.5703125
1723.7273559570312,2,4621.2,18035.2890625,81386.5703125
1724.7523519992828,2,4109.2,14525.3671875,81386.5703125
1725.7643523216248,2,4325.7,17351.78125,81386.5703125
1726.7829093933105,2,4240.1,17641.65625,81386.5703125
1727.7943680286407,2,2768.0,17979.65234375,81386.5703125
1728.8116247653961,2,3556.5,18150.34765625,81386.5703125
1729.822077035904,2,3303.4,19167.7734375,81386.5703125
1730.8346364498138,2,1100.4,19123.9609375,81386.5703125
1731.840524673462,2,1448.2,19050.7890625,81386.5703125
1732.8533601760864,2,2474.8,19286.12890625,81386.5703125
1733.865667104721,2,2805.1,19475.16796875,81386.5703125
1734.874365568161,2,588.9,9029.265625,83434.5859375
1735.8865957260132,2,969.9,8954.578125,81386.5703125
1736.8948130607605,2,2878.7,10085.77734375,81386.5703125
1737.9033615589142,2,3349.0,13543.23046875,81386.5703125
1738.9151706695557,2,4356.8,14130.6796875,81386.5703125
1739.9385890960693,2,4541.1,18388.703125,81386.5703125
1740.9618365764618,2,4526.6,23126.6015625,81386.5703125
1741.987354516983,2,4060.8,16551.91015625,81386.5703125
1742.998616218567,2,4114.5,19943.56640625,81386.5703125
1744.017352104187,2,4315.7,20094.7109375,81386.5703125
1745.0363681316376,2,3085.2,20309.75390625,81386.5703125
1746.0633645057678,2,3899.5,20481.796875,81386.5703125
1747.0893504619598,2,2796.3,20670.89453125,81386.5703125
1748.1003527641296,2,3650.8,21734.0546875,81386.5703125
1749.1183972358704,2,1016.9,21934.875,81386.5703125
1750.1272609233856,2,1232.6,21876.32421875,81386.5703125
1751.1363625526428,2,1205.4,21732.25390625,81386.5703125
1752.148808002472,2,3516.9,21942.3359375,81386.5703125
1753.1592638492584,2,2363.3,22268.12890625,81386.5703125
1754.167971611023,2,439.8,9204.67578125,83434.5859375
1755.177323102951,2,1012.0,8873.8828125,81386.5703125
1756.1853680610657,2,2803.6,10426.16015625,81386.5703125
1757.1935896873474,2,3568.9,13770.234375,81386.5703125
1758.2043602466583,2,4499.4,14005.125,81386.5703125
1759.215589761734,2,4520.1,18938.8203125,81386.5703125
1760.2413575649261,2,4511.9,23941.69921875,81386.5703125
1761.3293797969818,2,3935.9,17127.1953125,81386.5703125
1762.3539988994598,2,4257.4,19626.45703125,81386.5703125
1763.373351097107,2,4183.0,19831.53515625,81386.5703125
1764.3919503688812,2,3183.6,20005.96484375,81386.5703125
1765.4189779758453,2,3089.1,20083.79296875,81386.5703125
1766.4263517856598,2,3648.1,20665.08984375,81386.5703125
1767.4371042251587,2,2669.0,21683.51171875,81386.5703125
1768.4464347362518,2,939.3,21598.69140625,81386.5703125
1769.455749988556,2,1330.7,21576.08203125,81386.5703125
1770.4643507003784,2,1193.0,21565.7734375,81386.5703125
1771.4740262031555,2,4117.2,21684.5625,81386.5703125
1772.4842476844788,2,1305.7,22057.09375,81386.5703125
1773.4912428855896,2,481.4,7964.33203125,81386.5703125
1774.4993510246277,2,1324.8,9261.53515625,81386.5703125
1775.552239894867,2,2880.0,11566.8359375,81386.5703125
1776.5633535385132,2,4432.6,13801.95703125,81386.5703125
1777.582362651825,2,4345.4,15883.4296875,81386.5703125
1778.6113567352295,2,4555.5,20232.13671875,81386.5703125
1779.646850347519,2,4356.3,22129.99609375,81386.5703125
1780.6653702259064,2,4256.9,18536.79296875,81386.5703125
1781.6839258670807,2,4345.1,19674.5390625,81386.5703125
1782.7076451778412,2,3554.6,19987.37109375,81386.5703125
1783.7163650989532,2,3029.4,20203.09765625,81386.5703125
1784.736254453659,2,3568.6,20384.5703125,81386.5703125
1785.7463562488556,2,3709.0,21089.08984375,81386.5703125
1786.7644288539886,2,1620.2,21816.84765625,81386.5703125
1787.772839307785,2,1065.3,21724.78125,81386.5703125
1788.7810084819794,2,1441.5,21586.88671875,81386.5703125
1789.7933530807495,2,2087.1,21802.9921875,81386.5703125
1790.8069117069244,2,3696.9,21943.0546875,81386.5703125
1791.8147149085999,2,682.0,18148.578125,81386.5703125
1792.8235290050507,2,682.8,8653.8984375,81386.5703125
1793.8313510417938,2,2277.3,9321.47265625,81386.5703125
1794.8735044002533,2,2821.6,12531.40625,81386.5703125
1795.885353088379,2,4336.1,14129.74609375,81386.5703125
1796.9043653011322,2,4516.4,17210.8984375,81386.5703125
1797.92436003685,2,4353.3,21340.63671875,81386.5703125
1798.9416387081146,2,4294.4,21594.30078125,81386.5703125
1799.9513664245605,2,4336.5,18996.140625,81386.5703125
1800.9663617610931,2,4261.6,19854.98828125,81386.5703125
1801.986090183258,2,3517.5,20162.26953125,81386.5703125
1802.9933574199677,2,3122.2,20372.23046875,81386.5703125
1804.0183594226837,2,3166.1,20528.97265625,81386.5703125
1805.0443518161774,2,3534.3,21232.29296875,81386.5703125
1806.0627081394196,2,2155.0,21881.2265625,81386.5703125
1807.0704011917114,2,1073.3,21811.41015625,81386.5703125
1808.0785689353943,2,1309.2,21745.0625,81386.5703125
1809.0863699913025,2,1270.3,21938.5859375,81386.5703125
1810.1064474582672,2,4123.8,21975.5390625,81386.5703125
1811.1170909404755,2,1251.2,22288.234375,81386.5703125
1812.1245317459106,2,514.8,7792.64453125,81386.5703125
1813.1333510875702,2,2183.9,8583.671875,81386.5703125
1814.1521191596985,2,3241.4,11688.94140625,81386.5703125
1815.1593606472015,2,4431.0,13606.0,81386.5703125
1816.1843559741974,2,4597.3,18441.26171875,81386.5703125
1817.2093799114227,2,4232.2,14889.6640625,81386.5703125
1818.2323637008667,2,4339.3,17061.69140625,81386.5703125
1819.2521612644196,2,3571.6,17407.60546875,81386.5703125
1820.2593672275543,2,3898.4,17716.5078125,81386.5703125
1821.2849144935608,2,3473.6,18313.48828125,81386.5703125
1822.2937848567963,2,2125.5,19009.36328125,81386.5703125
1823.301543712616,2,916.7,18923.71875,81386.5703125
1824.3106310367584,2,1380.2,18825.15234375,81386.5703125
1825.3193509578705,2,3336.3,18945.0859375,81386.5703125
1826.3274719715118,2,1854.9,19289.3671875,81386.5703125
1827.3350727558136,2,542.6,7863.69140625,81386.5703125
1828.3431458473206,2,2035.9,8672.2421875,81386.5703125
1829.4034671783447,2,3327.0,11548.7734375,81386.5703125
1830.4146399497986,2,4267.3,13144.78515625,81386.5703125
1831.4343574047089,2,4591.9,18033.00390625,81386.5703125
1832.460069179535,2,4257.0,14711.80078125,81386.5703125
1833.4743511676788,2,4406.3,17299.95703125,81386.5703125
1834.4943561553955,2,3968.0,17581.41796875,81386.5703125
1835.5033612251282,2,3284.9,17830.64453125,81386.5703125
1836.5280148983002,2,3944.6,18215.36328125,81386.5703125
1837.5422122478485,2,2497.6,19118.9609375,81386.5703125
1838.5499801635742,2,1003.6,19044.71875,81386.5703125
1839.5583953857422,2,1385.2,18961.41796875,81386.5703125
1840.5673522949219,2,3508.8,19059.6796875,81386.5703125
1841.578379869461,2,1795.7,19404.0859375,81386.5703125
1842.5872201919556,2,599.8,7817.39453125,81386.5703125
1843.5963518619537,2,2394.1,8520.75,81386.5703125
1844.629059791565,2,3358.4,11247.515625,81386.5703125
1845.6483590602875,2,4517.2,14516.66015625,81386.5703125
1846.672695159912,2,4456.4,14114.15234375,81386.5703125
1847.6878192424774,2,4179.1,15128.25,81386.5703125
1848.6983575820923,2,3145.5,15396.50390625,81386.5703125
1849.715359210968,2,3781.0,16047.1953125,81386.5703125
1850.7229495048523,2,2120.0,16629.0703125,81386.5703125
1851.730895280838,2,1412.1,16479.16796875,81386.5703125
1852.7386665344238,2,3914.4,16914.41015625,81386.5703125
1853.7469589710236,2,692.4,8150.35546875,83434.5859375
1854.7550430297852,2,1963.8,8499.609375,81386.5703125
1855.7648830413818,2,2434.5,9818.10546875,81386.5703125
1856.7773523330688,2,3973.1,13056.38671875,81386.5703125
1857.796362876892,2,4453.0,15128.62890625,81386.5703125
1858.8206169605255,2,4445.5,15473.0234375,81386.5703125
1859.832977771759,2,3930.1,16382.296875,81386.5703125
1860.8436961174011,2,3365.8,16569.15234375,81386.5703125
1861.8583588600159,2,3058.8,16816.27734375,81386.5703125
1862.8817038536072,2,3619.6,17939.0546875,81834.5703125
1863.8922474384308,2,3274.7,18909.45703125,81834.5703125
1864.8992671966553,2,1432.9,18906.51171875,81834.5703125
1865.906352519989,2,3309.4,19160.92578125,81834.5703125
1866.918948173523,2,2729.6,19385.6328125,81834.5703125
1867.9274129867554,2,632.9,9496.6875,83882.5859375
1868.9354755878448,2,2118.4,8611.1015625,81834.5703125
1869.9434177875519,2,3368.3,11852.3046875,81834.5703125
1870.9553492069244,2,4275.2,13267.984375,81834.5703125
1871.9733622074127,2,4495.6,16966.1171875,81834.5703125
1873.0110278129578,2,4252.5,16337.91015625,81834.5703125
1874.030374288559,2,3650.5,16571.140625,81834.5703125
1875.0503568649292,2,3445.9,16851.60546875,81834.5703125
1876.0647110939026,2,3723.3,17495.08203125,81834.5703125
1877.0763537883759,2,3954.8,18607.6171875,81834.5703125
1878.0947289466858,2,1890.7,19004.55078125,81834.5703125
1879.1033146381378,2,1837.7,19204.45703125,81834.5703125
1880.1153643131256,2,4307.0,19176.171875,81834.5703125
1881.122465133667,2,860.9,19531.9765625,81834.5703125
1882.1306965351105,2,1486.0,8343.5,81834.5703125
1883.1374683380127,2,2490.7,9205.11328125,81834.5703125
1884.1473574638367,2,3905.7,13148.22265625,81834.5703125
1885.1660706996918,2,4469.7,14834.453125,81834.5703125
1886.1933588981628,2,4446.0,15173.44921875,81834.5703125
1887.205645084381,2,4207.5,16394.5,81834.5703125
1888.2151846885681,2,3183.1,16632.87109375,81834.5703125
1889.241367340088,2,3509.7,16965.12109375,81834.5703125
1890.2664124965668,2,4186.4,18317.0078125,81834.5703125
1891.275375843048,2,2972.9,18970.13671875,81834.5703125
1892.2846224308014,2,1142.5,18901.3671875,81834.5703125
1893.2956376075745,2,3298.5,19152.03515625,81834.5703125
1894.3060126304626,2,2703.0,19359.78515625,81834.5703125
1895.3143682479858,2,626.7,9474.35546875,83882.5859375
1896.322805404663,2,2121.4,8610.265625,81834.5703125
1897.3301792144775,2,3352.2,11842.56640625,81834.5703125
1898.3473534584045,2,4330.4,13271.18359375,81834.5703125
1899.3663601875305,2,4525.6,17168.12890625,81834.5703125
1900.3983874320984,2,4132.6,16446.234375,81834.5703125
1901.4135682582855,2,3597.3,16674.8515625,81834.5703125
1902.4280309677124,2,3308.5,16847.78515625,81834.5703125
1903.4373507499695,2,3540.9,17435.3046875,81834.5703125
1904.4481439590454,2,4071.2,18685.3203125,81834.5703125
1905.4683556556702,2,1876.0,19056.59375,81834.5703125
1906.4803538322449,2,2102.9,19287.75,81834.5703125
1907.490395307541,2,4145.4,19442.609375,81834.5703125
1908.5016312599182,2,719.9,19104.390625,81834.5703125
1909.5084998607635,2,1613.6,8510.5,81834.5703125
1910.5176286697388,2,2284.6,9615.40234375,81834.5703125
1911.527354478836,2,4149.4,13223.0546875,81834.5703125
1912.5459234714508,2,4485.9,15144.0625,81834.5703125
1913.5706527233124,2,4474.7,15528.484375,81834.5703125
1914.5832405090332,2,4071.2,16493.9140625,81834.5703125
1915.5942208766937,2,3210.8,16663.125,81834.5703125
1916.6053595542908,2,2997.8,16940.38671875,81834.5703125
1917.6167652606964,2,4322.8,18101.77734375,81834.5703125
1918.6269752979279,2,2997.6,18965.68359375,81834.5703125
1919.634766817093,2,1342.1,18956.93359375,81834.5703125
1920.6450262069702,2,3722.5,19166.3671875,81834.5703125
1921.6558301448822,2,2313.0,19397.09375,81834.5703125
1922.6645736694336,2,516.4,7869.3203125,81834.5703125
1923.6733276844025,2,2265.8,8610.07421875,81834.5703125
1924.6833698749542,2,3503.8,12184.08203125,81834.5703125
1925.6956951618195,2,4283.7,13259.3125,81834.5703125
1926.714362859726,2,4555.9,17221.140625,81834.5703125
1927.7393510341644,2,4192.3,16327.265625,81834.5703125
1928.7583723068237,2,3638.3,16602.8984375,81834.5703125
1929.7853569984436,2,3066.6,16841.2109375,81834.5703125
1930.8096725940704,2,3574.3,17272.73828125,81834.5703125
1931.8213520050049,2,4088.3,18527.23828125,81834.5703125
1932.8403520584106,2,2123.3,18952.92578125,81834.5703125
1933.8477988243103,2,1887.0,19136.70703125,81834.5703125
1934.8580152988434,2,4243.9,19164.15234375,81834.5703125
1935.8683552742004,2,915.9,19524.57421875,81834.5703125
1936.877231836319,2,1439.4,8254.3125,81834.5703125
1937.8859179019928,2,2663.1,8761.38671875,81834.5703125
1938.8944368362427,2,3570.9,13027.54296875,81834.5703125
1939.9133627414703,2,4401.7,14423.6796875,81834.5703125
1940.9423558712006,2,4511.3,14492.62890625,81834.5703125
1941.9543540477753,2,4296.2,16546.9296875,81834.5703125
1942.9731121063232,2,3322.0,16739.00390625,81834.5703125
1943.9819657802582,2,2851.8,16945.3984375,81834.5703125
1944.990284204483,2,4025.3,17962.390625,81834.5703125
1946.0016038417816,2,3545.4,19048.09375,81834.5703125
1947.019814491272,2,1416.5,19088.30859375,81834.5703125
1948.030987739563,2,2321.2,19292.36328125,81834.5703125
1949.042278289795,2,3942.0,19454.5078125,81834.5703125
1950.0515427589417,2,655.9,7811.16015625,83882.5859375
1951.0592892169952,2,1924.6,8497.1171875,81834.5703125
1952.0684292316437,2,2242.6,9818.62890625,81834.5703125
1953.080352306366,2,4297.5,13186.40234375,81834.5703125
1954.098760843277,2,4457.3,15529.890625,81834.5703125
1955.1253287792206,2,4438.0,15704.05859375,81834.5703125
1956.1371810436249,2,3894.5,16536.046875,81834.5703125
1957.146359205246,2,3239.7,16685.76171875,81834.5703125
1958.1704981327057,2,2859.7,16874.03125,81834.5703125
1959.195275068283,2,4311.5,18410.68359375,81834.5703125
1960.2039775848389,2,2884.7,18986.2578125,81834.5703125
1961.2113544940948,2,1307.2,18904.60546875,81834.5703125
1962.21888422966,2,3815.2,19164.30078125,81834.5703125
1963.2336695194244,2,2283.1,19440.44921875,81834.5703125
1964.2412769794464,2,688.0,7894.27734375,81834.5703125
1965.2503485679626,2,2289.0,8652.390625,81834.5703125
1966.2756221294403,2,3651.6,12446.72265625,81834.5703125
1967.2873549461365,2,4253.8,13245.01171875,81834.5703125
1968.3063654899597,2,4524.7,16321.578125,81834.5703125
1969.32435297966,2,4201.5,16425.94921875,81834.5703125
1970.3433718681335,2,3611.2,16656.48828125,81834.5703125
1971.3663592338562,2,3104.6,16893.265625,81834.5703125
1972.387353181839,2,3456.9,17461.92578125,81834.5703125
1973.3973543643951,2,4018.0,18615.8203125,81834.5703125
1974.4159395694733,2,1954.8,19067.44921875,81834.5703125
1975.4253571033478,2,1505.6,19086.92578125,81834.5703125
1976.4364955425262,2,4153.2,19184.765625,81834.5703125
1977.4477035999298,2,1481.1,19548.05078125,81834.5703125
1978.4569928646088,2,1108.9,8153.32421875,81834.5703125
1979.4723508358002,2,2581.4,8685.234375,81834.5703125
1980.4903547763824,2,3498.7,13063.99609375,81834.5703125
1981.5093598365784,2,4453.6,14002.12109375,81834.5703125
1982.5323672294617,2,4441.7,13929.18359375,81834.5703125
1983.545354127884,2,4221.4,16485.37109375,81834.5703125
1984.5623729228973,2,3467.2,16660.38671875,81834.5703125
1985.5883610248566,2,3117.7,16919.203125,81834.5703125
1986.6102924346924,2,3659.6,17765.94140625,81834.5703125
1987.621349811554,2,3721.3,18808.41015625,81834.5703125
1988.6352758407593,2,1492.1,18993.21875,81834.5703125
1989.6423568725586,2,2841.8,19185.4921875,81834.5703125
1990.654045343399,2,3265.9,19385.03515625,81834.5703125
1991.6631062030792,2,686.5,8240.875,83882.5859375
1992.671130657196,2,2028.4,8625.44140625,81834.5703125
1993.679369688034,2,2542.9,10396.06640625,81834.5703125
1994.694295167923,2,4316.2,13255.59375,81834.5703125
1995.7133657932281,2,4544.7,16130.86328125,81834.5703125
1996.7383568286896,2,4252.3,16265.15234375,81834.5703125
1997.7576398849487,2,3783.3,16632.1328125,81834.5703125
1998.7743599414825,2,3607.4,16728.07421875,81834.5703125
1999.794151544571,2,3256.8,17175.96484375,81834.5703125
2000.806354045868,2,4034.6,18514.9140625,81834.5703125
2001.8249995708466,2,2382.0,18945.05078125,81834.5703125
2002.8334267139435,2,1526.9,18981.328125,81834.5703125
2003.8430931568146,2,4242.7,19097.1875,81834.5703125
2004.8543531894684,2,1428.6,19431.58203125,81834.5703125
2005.8632590770721,2,1060.3,8127.96875,81834.5703125
2006.8724706172943,2,2647.1,8698.9375,81834.5703125
2007.8973529338837,2,3497.5,13033.29296875,81834.5703125
2008.9159986972809,2,4396.3,14116.17578125,81834.5703125
2009.9404170513153,2,4462.5,13961.171875,81834.5703125
2010.9523520469666,2,4250.4,16471.64453125,81834.5703125
2011.9707491397858,2,3508.0,16602.64453125,81834.5703125
2012.9971981048584,2,3247.0,16822.58984375,81834.5703125
2014.0049042701721,2,4160.0,17934.5234375,81834.5703125
2015.0163505077362,2,3325.1,18837.94921875,81834.5703125
2016.02956199646,2,1408.0,18896.51171875,81834.5703125
2017.0416250228882,2,2942.3,19074.52734375,81834.5703125
2018.0530934333801,2,3101.4,19311.6875,81834.5703125
2019.060542345047,2,596.8,8948.42578125,83882.5859375
2020.0691862106323,2,2112.6,8597.3828125,81834.5703125
2021.0765218734741,2,2957.1,11363.234375,81834.5703125
2022.0893559455872,2,4277.6,13231.171875,81834.5703125
2023.1081261634827,2,4628.2,16753.703125,81834.5703125
2024.1329936981201,2,4270.4,16231.2578125,81834.5703125
2025.1523690223694,2,3718.2,16571.5390625,81834.5703125
2026.1788368225098,2,3441.3,16668.34375,81834.5703125
2027.189516544342,2,2992.8,17087.1015625,81834.5703125
2028.2000896930695,2,3985.3,18532.4453125,81834.5703125
2029.2091324329376,2,2669.1,18905.80859375,81834.5703125
2030.2183561325073,2,1373.7,18989.1484375,81834.5703125
2031.229351758957,2,4128.5,19189.921875,81834.5703125
2032.2398223876953,2,1527.1,19427.421875,81834.5703125
2033.2474875450134,2,841.5,8039.8125,81834.5703125
2034.2583649158478,2,3097.3,10660.6875,81834.5703125
2035.2703642845154,2,4232.7,12572.59765625,81834.5703125
2036.2957372665405,2,4278.0,14268.26171875,81834.5703125
2037.3104462623596,2,3887.9,14567.64453125,81834.5703125
2038.319005727768,2,3281.4,15055.609375,81834.5703125
2039.3299152851105,2,3756.0,16317.21484375,81834.5703125
2040.3443517684937,2,2025.0,16293.6484375,81834.5703125
2041.358864068985,2,3409.1,16533.09375,81834.5703125
2042.3672518730164,2,996.3,8283.01171875,81834.5703125
2043.3760342597961,2,3133.5,10866.11328125,81834.5703125
2044.3881752490997,2,4250.9,12704.5,81834.5703125
2045.4123544692993,2,4197.6,14187.859375,81834.5703125
2046.4323568344116,2,3753.2,14337.4921875,81834.5703125
2047.4443516731262,2,3892.3,15197.80859375,81834.5703125
2048.455276966095,2,3279.8,16041.51953125,81834.5703125
2049.4631230831146,2,2683.1,16085.109375,81834.5703125
2050.4738533496857,2,2599.0,16394.140625,81834.5703125
2051.4825139045715,2,1236.0,8307.30078125,81834.5703125
2052.4903519153595,2,3551.8,11170.77734375,81834.5703125
2053.5093598365784,2,4416.9,13786.765625,81834.5703125
2054.5343539714813,2,4263.9,14123.19140625,81834.5703125
2055.5565338134766,2,3073.1,14431.640625,81834.5703125
2056.565637111664,2,3833.6,15107.78125,81834.5703125
2057.5762343406677,2,3024.2,15950.82421875,81834.5703125
2058.586349248886,2,2785.5,15991.30078125,81834.5703125
2059.596845149994,2,2493.7,16336.10546875,81834.5703125
2060.6032359600067,2,1187.8,8245.16796875,81834.5703125
2061.611353635788,2,3625.4,11150.390625,81834.5703125
2062.631362438202,2,4404.7,13933.1015625,81834.5703125
2063.6493549346924,2,4193.0,14230.15234375,81834.5703125
2064.6593606472015,2,3366.7,14527.4140625,81834.5703125
2065.6857001781464,2,4260.4,15355.703125,81834.5703125
2066.696352958679,2,2617.0,16022.43359375,81834.5703125
2067.71053647995,2,3098.9,16077.640625,81834.5703125
2068.7217247486115,2,2045.9,16436.578125,81834.5703125
2069.729353427887,2,2033.3,8911.28125,81834.5703125
2070.747357606888,2,4072.3,10055.51953125,81834.5703125
2071.7601640224457,2,3357.0,10620.125,81834.5703125
2072.7707011699677,2,1783.2,8156.40625,81834.5703125
2073.779576778412,2,2848.3,10223.5390625,81834.5703125
2074.7913608551025,2,4242.7,12118.76953125,81834.5703125
2075.812352657318,2,4293.0,14162.37890625,81834.5703125
2076.8306806087494,2,4027.3,14403.37109375,81834.5703125
2077.851320028305,2,3477.8,14800.5859375,81834.5703125
2078.862350463867,2,3874.9,16227.6640625,81834.5703125
2079.8813569545746,2,1939.9,16124.171875,81834.5703125
2080.895352125168,2,3624.8,16410.51171875,81834.5703125
2081.9042150974274,2,822.8,8166.14453125,81834.5703125
2082.91335272789,2,3531.0,10002.421875,81834.5703125
2083.9313571453094,2,4324.0,12007.30859375,81834.5703125
2085.0002319812775,2,2951.2,12226.0,81834.5703125
2086.0133616924286,2,3819.5,13173.9609375,81834.5703125
2087.02335357666,2,3091.1,13129.51953125,81834.5703125
2088.0411756038666,2,1031.1,8180.34765625,81834.5703125
2089.050355911255,2,3254.1,10095.4140625,81834.5703125
2090.0693521499634,2,4397.3,11767.984375,81834.5703125
2091.0816419124603,2,3253.3,12028.8828125,81834.5703125
2092.0902552604675,2,3946.1,12960.8828125,81834.5703125
2093.100350856781,2,2835.5,12994.5234375,81834.5703125
2094.1115045547485,2,1436.5,5252.41796875,74666.4140625
2095.1198070049286,2,67.4,4992.64453125,74666.4140625
2096.1285920143127,2,102.2,4842.921875,74666.4140625
