elapsed_time,nproc,cpu,mem_real,mem_virtual
3.7670135498046875e-05,1,0.0,5.046875,7.5234375
1.0051357746124268,4,0.0,438.21875,4200.4140625
2.0136208534240723,4,100.2,617.5078125,4414.4140625
3.02115797996521,4,98.3,613.0390625,4446.4140625
4.028608083724976,4,100.3,608.796875,4446.4140625
5.036020517349243,4,99.2,611.23828125,4446.4140625
6.043837547302246,4,101.1,620.2421875,4494.4140625
7.052902460098267,4,99.1,610.765625,4494.4140625
8.061745166778564,4,99.3,595.02734375,4494.4140625
9.069034099578857,4,100.2,616.7265625,4494.4140625
10.076816320419312,4,100.0,671.7578125,4494.4140625
11.087185859680176,4,99.0,722.74609375,4550.4140625
12.097489356994629,4,99.9,780.75,4620.4140625
13.10841155052185,4,99.1,830.75,4700.4140625
14.11799693107605,4,100.9,884.7578125,4796.4140625
15.129114627838135,4,100.0,928.75390625,4796.4140625
16.138814210891724,4,99.1,969.5625,4796.4140625
17.148186206817627,2,0.0,70.6484375,3446.578125
18.158204555511475,2,100.9,522.25,4733.609375
19.168619632720947,2,98.9,510.25,4733.609375
20.179471254348755,2,100.0,512.25,4733.609375
21.18954062461853,2,100.1,514.25,4733.609375
22.19833469390869,2,100.0,392.21875,4733.609375
23.209002256393433,2,2932.0,1224.1328125,8788.5546875
24.22900414466858,2,4755.4,1743.8671875,9341.5546875
25.24858045578003,2,4762.4,2015.96484375,9622.5546875
26.27244544029236,2,4769.5,2148.671875,9790.5546875
27.296451330184937,2,4763.7,2274.421875,9969.5390625
28.31600308418274,2,4766.0,2263.0234375,10056.5390625
29.340396881103516,2,4761.7,2466.3828125,10329.5390625
30.36500334739685,2,4757.8,2484.015625,10418.5390625
31.389013528823853,2,4756.9,2499.140625,10513.5390625
32.411155223846436,2,4761.8,2463.46484375,10587.5390625
33.42400527000427,2,4757.6,2480.62890625,10706.5390625
34.44900441169739,2,4768.3,2534.8203125,10733.5390625
35.47300672531128,2,4758.1,2559.51953125,10771.5390625
36.49644064903259,2,4759.7,2617.26171875,10901.5390625
37.521005392074585,2,4763.0,2719.94921875,11065.5390625
38.54545974731445,2,4760.0,2760.0859375,11138.5390625
39.55799722671509,2,4759.6,2766.71484375,11178.5390625
40.575005531311035,2,4760.0,2832.58984375,11330.5390625
41.59901785850525,2,4762.7,2863.5859375,11416.5390625
42.62299823760986,2,4762.3,2920.35546875,11460.5390625
43.64800810813904,2,4745.0,2984.02734375,11574.5390625
44.67300605773926,2,4755.0,2964.20703125,11608.5390625
45.69700312614441,2,4764.7,2970.23828125,11632.5390625
46.72126030921936,2,4750.3,2975.8984375,11662.5390625
47.746005058288574,2,4755.6,3077.2578125,11755.5390625
48.7700035572052,2,4755.9,3069.91796875,11832.5390625
49.7940034866333,2,4756.1,3041.6484375,11934.5390625
50.8190016746521,2,4751.3,3083.87109375,12002.5390625
51.843005657196045,2,4763.6,3111.02734375,12052.5390625
52.867000579833984,2,4748.2,3157.38671875,12168.5390625
53.89100694656372,2,4762.7,3162.83984375,12240.5390625
54.91499948501587,2,4752.5,3190.078125,12294.5390625
55.9320068359375,2,4754.4,3082.68359375,12332.5390625
56.9554123878479,2,4759.8,3075.08984375,12416.5390625
57.97938895225525,2,4759.5,3066.0390625,12430.5390625
59.004497051239014,2,4757.8,2989.90625,12462.5390625
60.02900171279907,2,4761.0,3116.90234375,12534.5390625
61.05300307273865,2,4762.1,3163.05859375,12600.5390625
62.07800817489624,2,4736.5,3158.4453125,12642.5390625
63.10300540924072,2,4750.8,3083.9765625,12730.5390625
64.12733626365662,2,4757.0,3018.9453125,12730.5390625
65.15200591087341,2,4753.5,3006.04296875,12730.5390625
66.17600607872009,2,4754.9,3032.14453125,12730.5390625
67.20000267028809,2,4752.8,2996.36328125,12746.5390625
68.22400498390198,2,4760.9,2974.51171875,12766.5390625
69.24736452102661,2,4757.3,2956.47265625,12766.5390625
70.2720057964325,2,4755.0,3119.421875,12890.5390625
71.29600358009338,2,4761.8,3198.98828125,13008.5390625
72.32000780105591,2,4764.1,3196.96875,13096.5390625
73.34401035308838,2,4759.6,3235.171875,13116.5390625
74.36848187446594,2,4761.1,3255.41796875,13168.5390625
75.39300847053528,2,4753.7,3281.78125,13210.5390625
76.4170024394989,2,4759.6,3318.13671875,13270.5390625
77.44100666046143,2,4757.3,3301.390625,13286.5390625
78.4660120010376,2,4759.8,3338.03515625,13318.5390625
79.4900004863739,2,4757.7,3455.453125,13480.5390625
80.51447486877441,2,4745.5,3416.20703125,13544.5390625
81.53837990760803,2,4755.5,3472.26171875,13610.5390625
82.56299948692322,2,4760.2,3446.7578125,13650.5390625
83.58700752258301,2,4746.9,3595.6171875,13754.5390625
84.61099910736084,2,4740.0,3465.6484375,13868.5390625
85.63500595092773,2,4761.1,3511.984375,13898.5390625
86.65900754928589,2,4760.4,3523.44140625,13928.5390625
87.68301105499268,2,4765.8,3563.52734375,14000.5390625
88.70700311660767,2,4753.1,3601.640625,14068.5390625
89.73100185394287,2,4753.6,3549.25390625,14096.5390625
90.7440037727356,2,4752.6,3655.21484375,14140.5390625
91.76800012588501,2,4752.3,3650.36328125,14140.5390625
92.79234194755554,2,4748.7,3603.11328125,14140.5390625
93.81640458106995,2,4758.6,3688.73046875,14200.5390625
94.84101462364197,2,4748.6,3850.296875,14450.5390625
95.86300826072693,2,4742.3,3794.5234375,14454.5390625
96.88640308380127,2,4756.7,4003.3125,14722.5390625
97.91100263595581,2,4746.6,4015.640625,14862.5390625
98.9353837966919,2,4745.8,4266.05078125,14962.5390625
99.96000266075134,2,4735.2,4679.91796875,15502.5390625
100.97986841201782,2,4745.5,4618.70703125,15508.5390625
102.00400185585022,2,4737.9,4634.08984375,15536.5390625
103.02807569503784,2,4747.6,4720.8125,15552.5390625
104.05299997329712,2,4753.1,4743.17578125,15552.5390625
105.0774176120758,2,4749.8,4697.96484375,15552.5390625
106.10100626945496,2,4746.5,4810.44921875,15588.5390625
107.12538576126099,2,4740.7,4804.203125,15616.5390625
108.1499981880188,2,4743.8,4776.69921875,15616.5390625
109.17420411109924,2,4758.6,4751.34765625,15616.5390625
110.19799828529358,2,4750.9,4738.74609375,15658.5390625
111.22201704978943,2,4737.0,4808.9140625,15702.5390625
112.24600505828857,2,4766.2,4812.8984375,15730.5390625
113.2702705860138,2,4731.4,4857.2890625,15790.5390625
114.29380011558533,2,4751.2,4830.93359375,15790.5390625
115.31800484657288,2,4755.0,4826.0,15790.5390625
116.34300184249878,2,4750.0,4722.96484375,15790.5390625
117.36740446090698,2,4738.2,4726.33203125,15804.5390625
118.39200329780579,2,4739.2,4771.859375,15828.5390625
119.4130027294159,2,4755.2,4676.2421875,15828.5390625
120.43700170516968,2,4752.8,4640.91015625,15828.5390625
121.4610002040863,2,4761.5,4744.88671875,15828.5390625
122.48533034324646,2,4740.4,4737.54296875,15908.5390625
123.50900292396545,2,4753.0,4694.3125,16052.5390625
124.53300595283508,2,4746.3,4634.97265625,16052.5390625
125.5563747882843,2,4754.7,4631.39453125,16052.5390625
126.57699966430664,2,4748.5,4652.45703125,16052.5390625
127.60200476646423,2,4751.7,4663.34765625,16082.5390625
128.62627243995667,2,4752.3,4645.57421875,16082.5390625
129.6510112285614,2,4744.8,4632.79296875,16082.5390625
130.67499923706055,2,4752.3,4639.73046875,16082.5390625
131.69950413703918,2,4737.6,4615.171875,16082.5390625
132.72400093078613,2,4743.4,4541.59765625,16106.5390625
133.74839162826538,2,4735.7,4503.8671875,16106.5390625
134.77299642562866,2,4715.1,4408.546875,16106.5390625
135.79700589179993,2,4744.0,4453.0078125,16190.5390625
136.82134175300598,2,4749.7,4445.21484375,16190.5390625
137.84600472450256,2,4751.1,4550.48828125,16222.5390625
138.87128901481628,2,4748.9,4473.5078125,16222.5390625
139.89500188827515,2,4749.9,4501.3515625,16238.5390625
140.91900181770325,2,4754.2,4505.28515625,16238.5390625
141.94300198554993,2,4741.4,4471.359375,16238.5390625
142.96748614311218,2,4751.9,4411.77734375,16238.5390625
143.99145460128784,2,4754.0,4378.54296875,16238.5390625
145.01600313186646,2,4746.2,4298.74609375,16238.5390625
146.0400047302246,2,4758.1,4287.8671875,16238.5390625
147.06442022323608,2,4751.8,4239.04296875,16238.5390625
148.08900713920593,2,4737.7,4264.515625,16238.5390625
149.11337661743164,2,4760.6,4297.7421875,16238.5390625
150.13738894462585,2,4746.1,4233.453125,16238.5390625
151.15000224113464,2,4758.1,4338.84765625,16238.5390625
152.17437362670898,2,4754.6,4275.53125,16266.5390625
153.19900345802307,2,4751.6,4399.078125,16390.5390625
154.22300601005554,2,4743.8,4323.05859375,16390.5390625
155.24845457077026,2,4751.8,4226.05859375,16390.5390625
156.27142453193665,2,4747.9,4182.921875,16390.5390625
157.29300379753113,2,4759.5,4265.03515625,16422.5390625
158.31800174713135,2,4751.6,4329.796875,16514.5390625
159.34201073646545,2,4751.4,4343.98046875,16542.5390625
160.36647629737854,2,4753.1,4247.2421875,16542.5390625
161.39100909233093,2,4749.0,4375.5859375,16654.5390625
162.41400241851807,2,4748.9,4420.4453125,16802.5390625
163.4380030632019,2,4744.8,4339.140625,16802.5390625
164.461669921875,2,4745.8,4474.8671875,16834.5390625
165.47899675369263,2,4741.0,4492.21484375,16834.5390625
166.50599765777588,2,4731.7,4428.03515625,16834.5390625
167.53400540351868,2,4747.8,4637.1328125,16874.5390625
168.5590043067932,2,4748.7,4657.171875,16946.5390625
169.58415985107422,2,4750.7,4610.70703125,16946.5390625
170.60800457000732,2,4743.9,4631.65625,16978.5390625
171.63199949264526,2,4745.2,4508.0546875,16978.5390625
172.6560025215149,2,4748.0,4466.0625,16978.5390625
173.6802864074707,2,4744.5,4414.63671875,17022.5390625
174.70400166511536,2,4743.3,4537.96875,17022.5390625
175.7281858921051,2,4744.9,4520.890625,17022.5390625
176.74901795387268,2,4741.6,4534.7109375,17126.5390625
177.76899695396423,2,4747.9,4575.4921875,17126.5390625
178.79428458213806,2,4735.3,4585.41015625,17126.5390625
179.8180000782013,2,4735.9,4511.03515625,17126.5390625
180.84239077568054,2,4735.1,4594.3203125,17166.5390625
181.86699843406677,2,4740.8,4683.5625,17166.5390625
182.89138102531433,2,4744.9,4851.48046875,17166.5390625
183.9154233932495,2,4751.9,4855.39453125,17190.5390625
184.94000554084778,2,4738.3,4853.40234375,17190.5390625
185.95200538635254,2,4746.7,4809.2421875,17190.5390625
186.9773633480072,2,4745.6,4798.21484375,17190.5390625
188.00039386749268,2,4746.0,4742.38671875,17190.5390625
189.0250062942505,2,4736.7,4661.0,17190.5390625
190.03713297843933,2,4746.4,4783.40625,17222.5390625
191.06200408935547,2,4752.3,4644.359375,17222.5390625
192.0750060081482,2,4754.6,4693.7578125,17272.5390625
193.0993890762329,2,4746.7,4759.6953125,17308.5390625
194.12300372123718,2,4742.9,4700.35546875,17340.5390625
195.14731431007385,2,4737.8,4775.90625,17340.5390625
196.1720027923584,2,4746.3,4687.7421875,17340.5390625
197.19642210006714,2,4729.2,4689.55859375,17340.5390625
198.22100114822388,2,4754.5,4698.9375,17340.5390625
199.24768948554993,2,4748.0,4715.04296875,17340.5390625
200.27382588386536,2,4751.7,4731.54296875,17340.5390625
201.29700183868408,2,4750.8,4718.75390625,17360.5390625
202.32129907608032,2,4736.7,4626.41796875,17360.5390625
203.3456370830536,2,4749.4,4734.08984375,17414.5390625
204.37000393867493,2,4736.6,4794.89453125,17458.5390625
205.3943395614624,2,4743.6,4922.2578125,17486.5390625
206.4190011024475,2,4743.4,5127.484375,17676.5390625
207.44239807128906,2,4747.1,5333.234375,17860.5390625
208.46700239181519,2,4720.2,5395.87109375,17884.5390625
209.49100303649902,2,4737.2,5170.66015625,17884.5390625
210.5159990787506,2,4743.6,5092.4921875,17884.5390625
211.54000616073608,2,4722.7,5220.62109375,17884.5390625
212.56400227546692,2,4727.0,5187.5546875,17908.5390625
213.58100652694702,2,4728.2,5120.28125,17908.5390625
214.60499906539917,2,4738.5,5252.83203125,17936.5390625
215.62900018692017,2,4734.5,5397.2109375,18072.5390625
216.653475522995,2,4741.9,6153.5,18830.5390625
217.67399430274963,2,4748.7,6597.43359375,19086.5390625
218.6870014667511,2,4740.0,6935.0703125,19758.5390625
219.71100521087646,2,4720.7,7102.30078125,19772.5390625
220.73613476753235,2,4724.1,7450.6171875,20188.5390625
221.76100373268127,2,4736.1,7672.23828125,20636.5390625
222.78599882125854,2,4734.9,7655.0703125,20636.5390625
223.81100749969482,2,4726.5,7609.12109375,20636.5390625
224.83500289916992,2,4726.1,7664.328125,20664.5390625
225.86000204086304,2,4735.1,7604.234375,20684.5390625
226.88442158699036,2,4732.9,7498.46484375,20684.5390625
227.90500283241272,2,4743.6,7548.37109375,20736.5390625
228.92946529388428,2,4751.2,7539.234375,20736.5390625
229.95341968536377,2,4749.1,7547.1953125,20742.5390625
230.9700005054474,2,4747.7,8102.59375,20838.5390625
231.99400234222412,2,4743.9,8293.65234375,20950.5390625
233.01841402053833,2,4740.7,8272.453125,20950.5390625
234.04300236701965,2,4730.2,8228.77734375,20950.5390625
235.06717705726624,2,4746.7,8127.21484375,20950.5390625
236.09100341796875,2,4733.8,8185.42578125,21110.5390625
237.11500334739685,2,4742.5,8302.41015625,21318.5390625
238.13901281356812,2,4742.9,8513.2890625,21422.5390625
239.1633915901184,2,4752.7,8510.84375,21422.5390625
240.18799948692322,2,4749.3,8636.3359375,21426.5390625
241.2124321460724,2,4749.1,8577.05078125,21450.5390625
242.23385381698608,2,4740.7,8554.23046875,21450.5390625
243.25700426101685,2,4738.4,8583.66796875,21450.5390625
244.2820074558258,2,4752.2,8708.48046875,21534.5390625
245.30700612068176,2,4746.2,8780.32421875,21638.5390625
246.3304886817932,2,4752.9,8995.046875,21730.5390625
247.35500741004944,2,4747.1,9004.55859375,21806.5390625
248.37900233268738,2,4744.8,9196.31640625,21910.5390625
249.39900755882263,2,4753.4,9250.65234375,21966.5390625
250.42400336265564,2,4754.2,9167.5390625,22022.5390625
251.44742488861084,2,4727.2,9305.4375,22166.5390625
252.47200679779053,2,4700.8,9083.28515625,22166.5390625
253.49625372886658,2,4748.3,9165.65625,22166.5390625
254.5200057029724,2,4745.0,9089.3359375,22182.5390625
255.54400730133057,2,4743.6,9088.23828125,22246.5390625
256.56852102279663,2,4738.6,9215.1328125,22354.5390625
257.5930016040802,2,4754.5,9244.3828125,22390.5390625
258.61801075935364,2,4733.1,9101.8984375,22390.5390625
259.6350049972534,2,4739.8,9004.890625,22454.5390625
260.6595742702484,2,4755.2,8941.57421875,22454.5390625
261.68400478363037,2,4741.3,8998.36328125,22494.5390625
262.70800256729126,2,4732.1,8982.01953125,22494.5390625
263.7324204444885,2,4723.4,9195.08984375,22558.5390625
264.75700092315674,2,4742.7,9306.00390625,22662.5390625
265.78121280670166,2,4736.1,9529.34765625,22916.5390625
266.80600118637085,2,4745.2,9703.5546875,23124.5390625
267.83028411865234,2,4724.7,9864.50390625,23300.5390625
268.8550009727478,2,4730.8,9807.5078125,23420.5390625
269.8790006637573,2,4728.4,9642.12109375,23420.5390625
270.903927564621,2,4726.4,9805.7734375,23492.5390625
271.9270076751709,2,4757.3,9706.0859375,23540.5390625
272.95128560066223,2,4705.1,9792.60546875,23636.5390625
273.9759986400604,2,4744.9,9838.046875,23636.5390625
275.0003216266632,2,4734.6,9889.14453125,23636.5390625
276.0240035057068,2,4729.4,9936.2421875,23636.5390625
277.04956912994385,2,4723.2,9887.9609375,23636.5390625
278.0740029811859,2,4746.2,10146.734375,23756.5390625
279.0979976654053,2,4735.8,10249.796875,23756.5390625
280.12240743637085,2,4723.2,10140.74609375,23756.5390625
281.14648628234863,2,4739.6,10361.671875,24092.5390625
282.1709978580475,2,4741.2,10095.74609375,24092.5390625
283.19699907302856,2,4739.7,10081.7578125,24092.5390625
284.22200202941895,2,4740.3,9955.9765625,24092.5390625
285.2463221549988,2,4731.4,9900.71484375,24124.5390625
286.27072834968567,2,4753.7,10039.69140625,24124.5390625
287.29699969291687,2,4742.5,10020.5703125,24156.5390625
288.3214523792267,2,4739.9,10318.23046875,24184.5390625
289.34499859809875,2,4723.0,10336.84375,24308.5390625
290.36945962905884,2,4741.2,10264.57421875,24396.5390625
291.39400124549866,2,4739.9,10188.7265625,24396.5390625
292.4190001487732,2,4744.1,10093.7421875,24396.5390625
293.44343519210815,2,4749.3,10207.4296875,24396.5390625
294.468003988266,2,4730.5,10097.03515625,24396.5390625
295.4910092353821,2,4748.4,10257.65625,24472.5390625
296.5144588947296,2,4722.5,10444.421875,24600.5390625
297.5359637737274,2,4307.1,10249.95703125,24776.5390625
298.54802441596985,2,3602.6,10123.66796875,24808.5390625
299.5608606338501,2,3286.3,9936.7265625,24900.5390625
300.57231974601746,2,3123.5,10016.3046875,24992.5390625
301.58368015289307,2,2721.3,9997.66015625,24992.5390625
302.59496307373047,2,2547.2,9718.5703125,24992.5390625
303.60628628730774,2,2481.7,9552.0078125,24992.5390625
304.61769127845764,2,2447.7,9298.33984375,24992.5390625
305.62809133529663,2,2210.4,9185.546875,24992.5390625
306.63828325271606,2,2043.3,8791.30078125,24992.5390625
307.6464695930481,2,1813.3,8479.79296875,24992.5390625
308.65514612197876,2,1659.4,8206.51953125,24992.5390625
309.66453194618225,2,1472.9,8117.7890625,24992.5390625
310.67273902893066,2,1399.1,8014.0078125,24992.5390625
311.68055725097656,2,1263.6,7904.73828125,25216.5390625
312.68801045417786,2,1122.9,7701.00390625,25216.5390625
313.6952245235443,2,1001.3,7899.6875,25376.5390625
314.70388174057007,2,1002.5,7471.546875,25376.5390625
315.71238136291504,2,1000.5,7287.31640625,25376.5390625
316.71983909606934,2,944.4,7130.875,25376.5390625
317.7300531864166,2,864.1,7153.03515625,25376.5390625
318.7392029762268,2,602.1,7043.77734375,25376.5390625
319.7489414215088,2,565.0,6763.76171875,25632.5390625
320.75950169563293,2,464.2,6585.5390625,25632.5390625
321.7699179649353,2,322.9,6590.6640625,25632.5390625
322.7795433998108,2,308.7,6674.9453125,25632.5390625
323.7902104854584,2,303.7,6799.96875,25632.5390625
324.8011589050293,2,306.7,7085.49609375,25760.5390625
325.8120086193085,2,305.1,6908.9375,25920.5390625
326.8216280937195,2,309.7,6227.21875,25920.5390625
327.83235335350037,2,306.2,6101.97265625,25920.5390625
328.8414797782898,2,306.7,5889.83203125,25920.5390625
329.85222697257996,2,305.2,5808.09375,25920.5390625
330.86148834228516,2,305.1,5679.265625,25920.5390625
331.8711440563202,2,305.9,5517.3046875,25920.5390625
332.88126850128174,2,303.8,5585.50390625,25920.5390625
333.89168787002563,2,303.9,5273.8671875,25920.5390625
334.9019424915314,2,303.8,5223.52734375,25920.5390625
335.91252541542053,2,301.8,5536.58984375,25920.5390625
336.92318081855774,2,300.1,5516.34765625,25920.5390625
337.93302392959595,2,301.9,5413.78515625,25920.5390625
338.9433579444885,2,300.9,5600.640625,25920.5390625
339.9537470340729,2,301.8,5491.28515625,25920.5390625
340.96432638168335,2,303.1,5282.20703125,25920.5390625
341.97382855415344,2,303.2,5228.3515625,25920.5390625
342.98323678970337,2,302.8,5268.4375,25920.5390625
343.9939498901367,2,301.9,5237.19140625,25920.5390625
345.00406074523926,2,302.9,5326.05859375,25920.5390625
346.01434874534607,2,301.8,5169.71484375,25920.5390625
347.02482628822327,2,301.9,5303.97265625,25920.5390625
348.0350298881531,2,301.9,5109.12109375,25920.5390625
349.04544854164124,2,303.0,5062.12890625,25920.5390625
350.05550384521484,2,302.0,4996.33203125,25920.5390625
351.0654740333557,2,302.0,4940.1171875,25920.5390625
352.07539772987366,2,300.8,4888.96875,25920.5390625
353.0860335826874,2,301.9,4858.08984375,25920.5390625
354.0962882041931,2,300.3,4858.59765625,25920.5390625
355.1053936481476,2,301.0,4871.5703125,25920.5390625
356.11526322364807,2,299.2,5063.5,25920.5390625
357.12446641921997,2,300.0,4908.859375,25920.5390625
358.13453364372253,2,306.8,4825.46875,25920.5390625
359.1448986530304,2,201.8,4799.66796875,25920.5390625
360.1559090614319,2,203.1,4696.56640625,25920.5390625
361.1654317378998,2,129.7,4710.2578125,25920.5390625
362.1757507324219,2,111.9,4572.52734375,25920.5390625
363.1852810382843,2,106.9,4649.27734375,25920.5390625
364.1958177089691,2,113.8,4385.78125,25920.5390625
365.20610094070435,2,106.9,4241.57421875,25920.5390625
366.2166819572449,2,108.8,4174.78125,25920.5390625
367.2276544570923,2,108.0,3875.26953125,25920.5390625
368.23727202415466,2,103.9,3750.4140625,25920.5390625
369.24781608581543,2,105.0,3651.50390625,25920.5390625
370.2577910423279,2,103.0,3571.7421875,25920.5390625
371.26722240448,2,101.0,3528.3359375,25920.5390625
372.2769157886505,2,105.0,3151.56640625,25920.5390625
373.28680515289307,2,152.3,2703.07421875,25920.5390625
374.2982647418976,2,707.9,3116.1484375,26064.55078125
375.30672574043274,2,105.1,2942.3828125,26064.609375
376.3148601055145,2,106.1,2861.4296875,26160.63671875
377.3232054710388,2,108.1,2922.3515625,27136.63671875
378.33124232292175,2,1999.7,3713.015625,28120.63671875
379.3414309024811,2,1187.4,6258.1796875,33240.7109375
380.3503637313843,2,1284.1,4188.01953125,32216.68359375
381.3603849411011,2,2115.8,3604.94921875,40024.66796875
382.3689923286438,2,4069.1,6402.6015625,46188.66796875
383.3919949531555,2,3929.9,6538.2265625,46188.66796875
384.40951800346375,2,2583.1,6776.4609375,46188.66796875
385.4172646999359,2,2210.5,4175.44921875,48236.68359375
386.42699122428894,2,1489.8,3993.33203125,46188.66796875
387.4618020057678,2,3790.9,5797.390625,46188.66796875
388.47999143600464,2,4558.5,7461.9375,46188.66796875
389.49899649620056,2,3219.2,7662.84375,46188.66796875
390.5099895000458,2,3886.9,8298.5546875,46188.66796875
391.51992416381836,2,2233.4,8438.0859375,46188.66796875
392.52962136268616,2,2777.5,8528.71484375,46188.66796875
393.5369567871094,2,3185.1,3284.23828125,44140.63671875
394.5549867153168,2,4731.7,3225.25,44140.63671875
395.5729911327362,2,4751.2,3153.125,44140.63671875
396.5825226306915,2,4391.0,3212.23828125,44140.63671875
397.6009912490845,2,4721.2,3198.95703125,44140.63671875
398.6200029850006,2,2121.2,3216.61328125,44140.63671875
399.6279077529907,2,101.2,3119.54296875,44140.63671875
400.6355550289154,2,100.3,3112.19140625,44140.63671875
401.64235377311707,2,124.0,3392.83203125,44142.65625
402.6506676673889,2,100.2,3764.8359375,44142.65625
403.65859270095825,2,99.3,4078.34375,44142.65625
404.6659457683563,4,5.0,4406.8046875,44480.6796875
405.6737439632416,4,100.2,4644.7890625,44730.62890625
406.6816658973694,4,100.3,4864.9140625,44956.875
407.6888108253479,4,100.2,5094.0390625,45185.94140625
408.69646763801575,4,99.2,5445.8203125,45549.328125
409.70494866371155,4,100.3,5799.171875,45911.296875
410.71155524253845,4,99.3,6160.671875,46272.75
411.71846103668213,4,100.4,6522.921875,46634.703125
412.7249321937561,4,100.1,6884.796875,46996.54296875
413.7334814071655,4,100.1,7247.046875,47358.76953125
414.74254870414734,4,99.2,7609.296875,47721.25390625
415.75087213516235,4,100.0,7972.296875,48083.99609375
416.7604067325592,4,100.0,8335.671875,48447.76953125
417.77015948295593,4,100.0,8699.046875,48811.02734375
418.7800488471985,4,101.1,9058.18359375,49173.125
419.78855895996094,4,100.2,9419.66796875,49535.609375
420.79676961898804,4,100.1,9783.79296875,49899.76953125
421.80609703063965,4,99.1,10146.79296875,50262.640625
422.81479001045227,4,100.0,10508.66796875,50624.609375
423.82436966896057,4,100.0,10872.04296875,50987.99609375
424.834370136261,4,100.1,11236.54296875,51352.54296875
425.8436689376831,4,100.1,11599.16796875,51715.15625
426.85232734680176,4,99.1,11961.41796875,52077.3828125
427.8610978126526,4,100.1,12324.41796875,52440.25390625
428.8703122138977,4,100.1,12688.16796875,52804.02734375
429.87925696372986,4,100.0,13050.79296875,53166.640625
430.88916873931885,4,99.9,13412.66796875,53528.73828125
431.8998324871063,4,99.1,13774.91796875,53890.96484375
432.90937638282776,4,101.0,14138.29296875,54254.09375
433.91934967041016,4,99.0,14356.91796875,54472.9765625
434.9297456741333,4,100.0,14384.66796875,54500.69140625
435.93957591056824,4,100.0,14746.01171875,54923.6484375
436.95001339912415,4,99.9,14517.734375,54633.32421875
437.96089339256287,5,0.0,4449.82421875,44776.26171875
438.97079372406006,2,6.9,4041.9609375,44316.94140625
439.9814052581787,2,499.7,3916.5703125,45194.703125
440.9929964542389,2,3076.5,5081.71875,49290.765625
442.0169804096222,2,4786.1,5081.71875,49290.765625
443.03499150276184,2,4726.9,5137.71875,49290.765625
444.05283188819885,2,926.3,5791.8828125,51338.796875
445.0599536895752,2,99.2,6216.74609375,51338.796875
446.0676910877228,4,88.3,6558.125,51458.9609375
447.07546377182007,4,99.2,6914.3203125,51815.39453125
448.08360481262207,4,101.2,7264.9453125,52165.76171875
449.09129905700684,4,99.2,7611.4453125,52512.390625
450.09952116012573,4,101.2,7962.4296875,52863.41796875
451.10738468170166,4,99.2,8316.4296875,53217.39453125
452.11587381362915,4,100.2,8649.8046875,53550.74609375
453.12370777130127,4,99.2,8986.1796875,53888.73828125
454.1315104961395,4,101.2,9313.5546875,54215.90234375
455.13970494270325,4,100.1,9641.14453125,54543.484375
456.1482985019684,4,99.3,9982.76953125,54885.34375
457.1556234359741,4,99.3,10334.89453125,55237.2578125
458.1630311012268,4,100.0,10720.01953125,55622.30078125
459.17263627052307,4,100.0,11107.76953125,56010.1796875
460.18309473991394,4,100.1,11493.64453125,56395.8671875
461.1921617984772,4,100.0,11881.01953125,56783.359375
462.2022647857666,4,100.1,12265.76953125,57168.14453125
463.2110345363617,4,100.1,12650.6640625,57555.765625
464.22015500068665,4,99.1,13037.6640625,57942.61328125
465.22940135002136,4,100.1,13425.4140625,58330.234375
466.2380630970001,4,100.0,13810.5390625,58715.53515625
467.2479314804077,4,100.1,14198.2890625,59103.15625
468.2572891712189,4,100.0,14586.0390625,59490.90625
469.26715898513794,4,100.1,14972.2890625,59877.23828125
470.27620911598206,4,100.0,15355.7734375,60263.828125
471.28630352020264,4,100.1,15742.3984375,60650.67578125
472.2954134941101,4,100.1,16130.1484375,61038.16796875
473.3040883541107,4,99.0,16516.3984375,61424.5
474.31387662887573,4,100.0,16902.6484375,61810.703125
475.3235869407654,4,100.1,17289.6484375,62197.55078125
476.3325664997101,4,100.1,17677.0234375,62585.04296875
477.34144401550293,4,99.0,18063.6484375,62971.890625
478.3517441749573,4,100.1,18449.1484375,63357.0625
479.3605556488037,4,100.1,18835.0234375,63743.0078125
480.36952090263367,4,100.1,19222.0234375,64129.85546875
481.37834429740906,4,100.0,19495.0234375,64402.87890625
482.3885338306427,4,100.0,19552.0234375,64460.2421875
483.3988182544708,4,99.9,19552.0234375,64460.2421875
484.4096806049347,4,100.0,19552.0234375,64460.2421875
485.41985726356506,4,98.9,19575.56640625,64489.4609375
486.430846452713,4,99.9,19970.421875,65020.25390625
487.4414620399475,4,100.0,20170.52734375,65189.09765625
488.45168352127075,4,100.0,20180.52734375,65189.09765625
489.4620153903961,4,99.9,19589.59765625,64496.97265625
490.47275257110596,5,0.0,7037.67578125,52271.015625
491.4837689399719,5,98.9,7330.9453125,52590.3125
492.49456429481506,2,11.9,6499.2265625,51531.64453125
493.50516390800476,2,100.0,5489.46875,52043.67578125
494.514732837677,2,211.9,6562.06640625,51531.64453125
495.52484464645386,2,685.6,6851.74609375,51531.64453125
496.5341868400574,2,231.9,6987.6796875,51531.64453125
497.5432300567627,2,237.6,7089.01953125,51531.64453125
498.5532383918762,2,1985.8,9135.23828125,51531.64453125
499.56600856781006,2,2492.4,13149.7109375,51531.64453125
500.5846014022827,2,4635.1,13399.73046875,51531.64453125
501.6062922477722,2,4619.7,13398.00390625,51531.64453125
502.61800169944763,2,3939.3,14548.890625,51531.64453125
503.62747263908386,2,3960.1,14679.49609375,51531.64453125
504.6409912109375,2,3767.8,15393.97265625,51531.64453125
505.64959383010864,2,2073.1,15285.51953125,51531.64453125
506.6597275733948,2,3190.0,15206.9765625,51531.64453125
507.669992685318,2,1219.0,7925.21484375,51531.64453125
508.6861798763275,2,670.3,7969.06640625,51531.64453125
509.6931138038635,2,233.4,7933.70703125,51531.64453125
510.7001066207886,2,915.4,7669.375,51531.64453125
511.70835161209106,2,1334.2,7469.62109375,51531.64453125
512.7150392532349,2,2826.8,12826.38671875,51531.64453125
513.7392432689667,2,4513.8,13354.90234375,51531.64453125
514.7539985179901,2,4599.9,13924.23828125,51531.64453125
515.7719185352325,2,3832.9,14499.3203125,51531.64453125
516.7830014228821,2,3616.7,14776.6328125,51531.64453125
517.7930791378021,2,3054.0,15342.3671875,51531.64453125
518.8007593154907,2,1693.6,15240.87109375,51531.64453125
519.8075287342072,2,3849.3,15369.48828125,51531.64453125
520.8146829605103,2,732.6,8473.140625,51755.64453125
521.8241419792175,2,1233.5,8180.97265625,51755.64453125
522.8352921009064,2,1283.5,7990.265625,51755.64453125
523.8426811695099,2,1078.3,9900.30859375,51755.64453125
524.8509948253632,2,4208.5,12309.9609375,51755.64453125
525.8700022697449,2,4628.4,13864.8125,51755.64453125
526.8942432403564,2,4492.9,13874.9375,51755.64453125
527.9135341644287,2,4006.7,14680.25,51755.64453125
528.9534702301025,2,4372.7,13942.65234375,51755.64453125
529.9640033245087,2,2990.9,14336.75390625,51755.64453125
530.9861407279968,2,2704.8,14314.80078125,51755.64453125
531.9970622062683,2,2183.5,6990.86328125,51755.64453125
533.0044193267822,2,1167.3,8587.80859375,51755.64453125
534.0119469165802,2,1219.3,8045.15625,51755.64453125
535.0198574066162,2,1043.0,7952.15625,51755.64453125
536.0275881290436,2,2758.0,11502.7109375,51755.64453125
537.0380952358246,2,4544.2,12348.31640625,51755.64453125
538.04634308815,2,4574.9,13771.84765625,51755.64453125
539.0600531101227,2,3806.4,14189.32421875,51755.64453125
540.0720541477203,2,4689.0,14812.7890625,51755.64453125
541.1147391796112,2,3958.9,14612.27734375,51755.64453125
542.1213896274567,2,2335.7,14397.01171875,51755.64453125
543.1302282810211,2,3209.4,14450.23828125,51755.64453125
544.13809466362,2,1012.4,8695.09375,52011.64453125
545.1486165523529,2,1002.7,8154.49609375,52011.64453125
546.1548624038696,2,1246.0,7950.4453125,52011.64453125
547.1628663539886,2,1078.0,10070.98828125,52011.64453125
548.1711714267731,2,4304.6,12318.8203125,52011.64453125
549.1932818889618,2,4642.9,13398.05078125,52011.64453125
550.2170050144196,2,4446.6,13878.62890625,52011.64453125
551.2400345802307,2,4011.8,14763.12890625,52011.64453125
552.2814366817474,2,4408.1,13940.33984375,52011.64453125
553.2949979305267,2,2943.7,14340.51953125,52011.64453125
554.3182842731476,2,2675.3,14304.5,52011.64453125
555.3292076587677,2,2194.7,6899.79296875,52011.64453125
556.3364126682281,2,1160.8,8576.01171875,52011.64453125
557.3445019721985,2,1117.1,8081.97265625,52011.64453125
558.3514745235443,2,1197.5,7933.9609375,52011.64453125
559.3600351810455,2,2279.9,11566.39453125,52011.64453125
560.3769934177399,2,4545.5,12462.10546875,52011.64453125
561.3950023651123,2,4564.2,12963.99609375,52011.64453125
562.4076163768768,2,4110.0,14079.02734375,52011.64453125
563.4180393218994,2,4300.4,14852.83203125,52011.64453125
564.4537646770477,2,4410.2,14176.7578125,52011.64453125
565.4639973640442,2,2778.4,14455.1015625,52011.64453125
566.4853329658508,2,2763.2,14417.94921875,52011.64453125
567.4958252906799,2,1787.1,7348.71484375,52011.64453125
568.5034368038177,2,1227.3,8617.328125,52011.64453125
569.5105969905853,2,1168.8,8105.11328125,52011.64453125
570.517599105835,2,1205.9,7951.03515625,52011.64453125
571.5260455608368,2,2581.2,10924.82421875,52011.64453125
572.5509889125824,2,4450.0,11767.83984375,52011.64453125
573.5614750385284,2,4557.5,13222.48046875,52011.64453125
574.5723311901093,2,3817.4,13716.5859375,52011.64453125
575.5860357284546,2,4659.0,14417.69921875,52011.64453125
576.6251466274261,2,3891.7,14161.9453125,52011.64453125
577.6324701309204,2,2376.1,13926.30859375,52011.64453125
578.6405408382416,2,3283.8,13983.5390625,52011.64453125
579.6519963741302,2,1094.1,8888.421875,52011.64453125
580.6682789325714,2,987.0,8333.37109375,52011.64453125
581.6825332641602,2,1283.5,8130.96484375,52011.64453125
582.689798116684,2,1016.6,9738.640625,52011.64453125
583.6979920864105,2,4402.8,11633.41796875,52011.64453125
584.7160046100616,2,4590.2,13480.78515625,52011.64453125
585.7308509349823,2,4355.3,13610.546875,52011.64453125
586.7410309314728,2,4045.3,14389.21875,52011.64453125
587.7764036655426,2,4414.5,13623.70703125,52011.64453125
588.7890105247498,2,2888.1,13991.33203125,52011.64453125
589.809424161911,2,2857.9,13946.14453125,52011.64453125
590.8210847377777,2,1840.6,7415.3046875,52011.64453125
591.8287084102631,2,1343.8,8691.671875,52011.64453125
592.8357653617859,2,1076.4,8173.79296875,52011.64453125
593.8426911830902,2,1221.2,7999.0078125,52011.64453125
594.8498566150665,2,2416.6,11040.4453125,52011.64453125
595.8644361495972,2,4465.1,11817.47265625,52011.64453125
596.8810429573059,2,4623.6,13279.43359375,52011.64453125
597.894767999649,2,3842.7,13709.40234375,52011.64453125
598.9040427207947,2,4532.2,14476.71875,52011.64453125
599.9393355846405,2,4047.5,14150.1953125,52011.64453125
600.9468812942505,2,2301.0,13989.9609375,52011.64453125
601.9550762176514,2,3385.4,14037.4140625,52011.64453125
602.9629981517792,2,695.3,8653.05859375,52011.64453125
603.9791579246521,2,1263.0,8352.890625,52011.64453125
604.9853980541229,2,1594.8,8128.45703125,52011.64453125
606.0310370922089,2,1097.8,8554.33984375,52011.64453125
607.0460295677185,2,2993.3,12335.0078125,52011.64453125
608.0619943141937,2,4489.9,12890.7578125,52011.64453125
609.0814731121063,2,4619.5,14049.92578125,52011.64453125
610.0922136306763,2,3710.3,14508.11328125,52011.64453125
611.106032371521,2,4689.5,15082.16796875,52011.64453125
612.1429965496063,2,4012.0,14785.09375,52011.64453125
613.1498262882233,2,2311.5,14728.43359375,52011.64453125
614.1578233242035,2,3490.8,14675.0546875,52011.64453125
615.164712190628,2,977.4,8290.05859375,52011.64453125
616.1735157966614,2,1165.6,7983.7265625,52011.64453125
617.1815285682678,2,1273.7,7792.3984375,52011.64453125
618.1888012886047,2,2147.8,11563.1640625,52011.64453125
619.2039906978607,2,4449.2,13741.96484375,52011.64453125
620.2173318862915,2,4630.0,14472.80078125,52011.64453125
621.2418427467346,2,4516.4,14424.9140625,52011.64453125
622.2550237178802,2,3974.8,15495.4765625,52011.64453125
623.2910273075104,2,4678.0,15467.0390625,52011.64453125
624.326164484024,2,4770.0,15380.41796875,52011.64453125
625.3617298603058,2,3361.2,15101.3359375,52011.64453125
626.3687000274658,2,2555.7,15011.6015625,52011.64453125
627.3809967041016,2,3125.6,15259.0625,52011.64453125
628.3882141113281,2,1649.2,8244.00390625,52011.64453125
629.3970263004303,2,1967.0,10950.4609375,52011.64453125
630.4289894104004,2,4470.7,13081.51953125,52011.64453125
631.448014497757,2,4427.7,11899.64453125,52011.64453125
632.4720366001129,2,4098.5,13561.04296875,52011.64453125
633.5070242881775,2,4747.4,13517.71484375,52011.64453125
634.5471196174622,2,4644.6,12688.45703125,52011.64453125
635.5559933185577,2,2998.3,13165.80859375,52011.64453125
636.5753059387207,2,2483.3,13430.625,52011.64453125
637.583114862442,2,1652.1,7523.17578125,52011.64453125
638.5940446853638,2,2130.6,11351.5703125,52011.64453125
639.6287651062012,2,4533.9,12828.8046875,52011.64453125
640.6480355262756,2,4622.9,12311.5,52011.64453125
641.6720283031464,2,4158.3,13476.63671875,52011.64453125
642.7077977657318,2,4685.6,13469.71484375,52011.64453125
643.7490005493164,2,4575.9,12704.4140625,52011.64453125
644.759993314743,2,2961.1,13196.375,52011.64453125
645.7791979312897,2,2500.2,13452.5390625,52011.64453125
646.7862210273743,2,297.8,7222.48828125,52011.64453125
647.7935376167297,2,1477.2,8255.03125,52011.64453125
648.801558971405,2,789.1,7474.77734375,52011.64453125
649.8103704452515,2,2752.2,9353.21875,52011.64453125
650.8229925632477,2,4458.1,10950.9921875,52011.64453125
651.8418180942535,2,4590.1,12501.4140625,52011.64453125
652.8540420532227,2,4141.5,13201.24609375,52011.64453125
653.894150018692,2,4300.2,13175.15625,52011.64453125
654.9028038978577,2,3297.9,13726.64453125,52011.64453125
655.910591840744,2,2183.5,13602.91015625,52011.64453125
656.9171731472015,2,2984.8,13757.88671875,52011.64453125
657.9236307144165,2,235.3,7604.30078125,52011.64453125
658.9309663772583,2,1460.3,8938.54296875,52011.64453125
659.9390065670013,2,1056.9,7658.109375,52011.64453125
660.9490029811859,2,3464.6,10036.72265625,52011.64453125
661.9609985351562,2,4498.0,11428.375,52011.64453125
662.9805781841278,2,4487.4,13030.51171875,52011.64453125
663.9922482967377,2,4149.3,13096.22265625,52011.64453125
664.9999985694885,2,4145.1,13099.08984375,52011.64453125
666.0148689746857,2,3120.8,13508.89453125,52011.64453125
667.0339961051941,2,2812.3,13418.06640625,52011.64453125
668.0493524074554,2,1306.0,7932.15234375,52011.64453125
669.0568075180054,2,1502.6,8944.90234375,52011.64453125
670.0637691020966,2,821.5,8128.69140625,52011.64453125
671.0728845596313,2,1214.0,7848.65625,52011.64453125
672.0810079574585,2,3544.3,9875.375,52011.64453125
673.0940020084381,2,4438.3,11246.91015625,52011.64453125
674.1168527603149,2,4537.6,12693.2421875,52011.64453125
675.1250331401825,2,3976.6,13743.671875,52011.64453125
676.1599929332733,2,4053.9,13161.30859375,52011.64453125
677.1702888011932,2,2671.5,13519.015625,52011.64453125
678.1774804592133,2,2596.7,13523.3828125,52011.64453125
679.192031621933,2,2114.8,7360.92578125,52011.64453125
680.2000148296356,2,1516.7,9211.12109375,52043.64453125
681.2073690891266,2,657.6,8115.88671875,52043.64453125
682.2140951156616,2,1296.2,7867.1875,52043.64453125
683.2223598957062,2,2485.0,9403.5546875,52043.64453125
684.2325410842896,2,4181.9,11206.9453125,52043.64453125
685.2510018348694,2,4552.1,13209.50390625,52043.64453125
686.2709963321686,2,4561.0,14065.55078125,52043.64453125
687.2861468791962,2,4178.2,14839.9765625,52043.64453125
688.2960002422333,2,3626.6,15293.12109375,52043.64453125
689.3189947605133,2,3805.3,15797.66796875,52043.64453125
690.3369271755219,2,2269.5,16137.75390625,52043.64453125
691.3467845916748,2,2138.4,16137.9140625,52043.64453125
692.3570129871368,2,2993.9,16502.171875,52363.64453125
693.3659167289734,2,591.3,8345.71484375,52363.64453125
694.3737726211548,2,1625.5,8345.66796875,52363.64453125
695.3820462226868,2,826.3,8175.0234375,52363.64453125
696.388952255249,2,1232.7,7932.8046875,52363.64453125
697.3980031013489,2,3340.7,10190.140625,52363.64453125
698.4223251342773,2,4350.7,11328.6171875,52363.64453125
699.4410090446472,2,4655.2,14230.15234375,52363.64453125
700.4609932899475,2,4214.3,14348.88671875,52363.64453125
701.4791603088379,2,3918.4,15418.92578125,52363.64453125
702.4949922561646,2,3748.6,14894.53125,52363.64453125
703.5098972320557,2,2892.9,15871.24609375,52363.64453125
704.5283393859863,2,1896.0,15879.859375,52363.64453125
705.5391492843628,2,3787.6,16108.8515625,52363.64453125
706.5478267669678,2,632.9,7244.72265625,52363.64453125
707.5558507442474,2,1554.9,9321.703125,52363.64453125
708.5636432170868,2,646.4,8192.6171875,52363.64453125
709.570809841156,2,1171.7,7993.52734375,52363.64453125
710.5779087543488,2,2329.5,8738.546875,52363.64453125
711.586995601654,2,4205.1,10490.546875,52363.64453125
712.599730014801,2,4426.8,11626.34765625,52363.64453125
713.6130011081696,2,4518.4,13106.0234375,52363.64453125
714.6290040016174,2,3721.0,13386.68359375,52363.64453125
715.6452379226685,2,3405.3,13963.74609375,52363.64453125
716.6542270183563,2,2115.9,13914.27734375,52363.64453125
717.6629943847656,2,3293.5,14016.01171875,52363.64453125
718.673989534378,2,1331.5,9282.94921875,52363.64453125
719.6902053356171,2,985.5,8469.69140625,52363.64453125
720.7008979320526,2,1129.6,8202.51953125,52363.64453125
721.7248184680939,2,2600.3,9305.2734375,52363.64453125
722.732106924057,2,4429.2,10784.3125,52363.64453125
723.7390010356903,2,4644.3,13766.1015625,52363.64453125
724.7572464942932,2,4331.4,13201.62109375,52363.64453125
725.7660028934479,2,3563.9,13714.46484375,52363.64453125
726.7894835472107,2,4041.3,14167.16796875,52363.64453125
727.7988629341125,2,2177.5,14320.9453125,52363.64453125
728.8068368434906,2,2748.2,14322.72265625,52363.64453125
729.8174705505371,2,2085.6,7314.92578125,52363.64453125
730.8247349262238,2,1509.3,9420.7265625,52363.64453125
731.8325109481812,2,875.9,8183.3828125,52363.64453125
732.8406448364258,2,803.6,8070.109375,52363.64453125
733.848991394043,2,1813.1,7824.82421875,52363.64453125
734.9059906005859,2,3728.2,10077.5703125,52363.64453125
735.9239988327026,2,4605.6,12345.375,52363.64453125
736.9439971446991,2,4550.6,12811.1171875,52363.64453125
737.9629998207092,2,3709.1,13135.45703125,52363.64453125
738.982994556427,2,3971.1,13627.33984375,52363.64453125
739.9940016269684,2,1852.2,13752.94921875,52363.64453125
741.0085508823395,2,3453.5,13952.94921875,52363.64453125
742.0158863067627,2,506.0,8553.484375,52363.64453125
743.023809671402,2,1684.4,8241.0703125,52363.64453125
744.0313084125519,2,791.3,8047.30859375,52363.64453125
745.0385053157806,2,809.7,7869.54296875,52363.64453125
746.0550403594971,2,2643.0,8596.44140625,52363.64453125
747.0629918575287,2,4331.9,10508.0859375,52363.64453125
748.0848710536957,2,4616.7,11644.5078125,52363.64453125
749.0983309745789,2,4465.9,12965.72265625,52363.64453125
750.1090025901794,2,3420.5,13237.515625,52363.64453125
751.133199930191,2,3457.6,13908.84765625,52363.64453125
752.140394449234,2,1798.7,13937.83984375,52363.64453125
753.1500651836395,2,3127.5,14059.6171875,52363.64453125
754.156534910202,2,1301.3,8689.74609375,52363.64453125
755.1640148162842,2,946.5,8171.09375,52363.64453125
756.1719169616699,2,922.6,8037.6875,52363.64453125
757.1819906234741,2,1600.9,7851.90625,52363.64453125
758.2399952411652,2,3633.6,10157.12109375,52363.64453125
759.259003162384,2,4533.4,11976.2734375,52363.64453125
760.2790043354034,2,4526.8,12768.8671875,52363.64453125
761.2908720970154,2,4062.6,13155.8984375,52363.64453125
762.2990100383759,2,3673.7,13531.359375,52363.64453125
763.3089952468872,2,2464.9,14044.8046875,52363.64453125
764.3154299259186,2,2380.9,14123.68359375,52363.64453125
765.3261661529541,2,2496.1,7516.6171875,52875.65234375
766.3343040943146,2,1552.4,8788.8359375,52363.64453125
767.3405187129974,2,590.9,8314.28515625,52363.64453125
768.3490979671478,2,1208.3,8065.92578125,52363.64453125
769.3571443557739,2,2299.3,9113.8671875,52363.64453125
770.3649928569794,2,4361.2,10610.00390625,52363.64453125
771.3751266002655,2,4558.6,11752.80078125,52363.64453125
772.3867199420929,2,4286.3,13089.453125,52363.64453125
773.396653175354,2,3727.3,13228.0546875,52363.64453125
774.4037775993347,2,3361.2,13861.5703125,52363.64453125
775.4125604629517,2,2111.6,13653.6953125,52363.64453125
776.4208447933197,2,3317.0,13877.3203125,52363.64453125
777.4309961795807,2,1352.3,8889.25390625,52363.64453125
778.4381303787231,2,830.4,8458.26953125,52363.64453125
779.44899725914,2,1141.7,8218.69921875,52363.64453125
780.4770612716675,2,2304.3,8105.9453125,52363.64453125
781.5199933052063,2,3457.7,10806.6796875,52363.64453125
782.53795170784,2,4599.6,12915.671875,52363.64453125
783.5615592002869,2,4298.8,13276.1484375,52363.64453125
784.5720291137695,2,3706.7,13390.2890625,52363.64453125
785.5781738758087,2,3917.3,13899.16015625,52363.64453125
786.5910303592682,2,2085.3,13917.67578125,52363.64453125
787.6033115386963,2,3561.0,13906.2265625,52363.64453125
788.6134762763977,2,611.8,8557.6953125,52363.64453125
789.621951341629,2,1573.0,8485.75,52363.64453125
790.6295740604401,2,778.1,8277.734375,52363.64453125
791.6384069919586,2,1258.6,8034.10546875,52363.64453125
792.6470015048981,2,3284.4,10346.1640625,52363.64453125
793.6630012989044,2,4430.5,11497.87109375,52363.64453125
794.6829562187195,2,4599.4,12954.9921875,52363.64453125
795.7029988765717,2,4092.4,13564.26953125,52363.64453125
796.7161777019501,2,3710.9,13720.5390625,52363.64453125
797.7299957275391,2,3180.4,14202.70703125,52363.64453125
798.7471351623535,2,2129.7,14187.65234375,52363.64453125
799.7571761608124,2,3135.2,14299.42578125,52363.64453125
800.7659940719604,2,1401.5,9179.8984375,52363.64453125
801.7901263237,2,865.6,8471.84765625,52363.64453125
802.7973072528839,2,1081.6,8316.96875,52363.64453125
803.8059244155884,2,2285.3,8088.125,52363.64453125
804.8767395019531,2,3251.2,11283.609375,52363.64453125
805.8867664337158,2,4477.2,12420.3671875,52363.64453125
806.9095432758331,2,4428.1,12958.5,52363.64453125
807.9209945201874,2,4387.1,14927.0390625,52363.64453125
808.9400148391724,2,4007.4,15170.203125,52363.64453125
809.9500000476837,2,3822.6,15437.17578125,52363.64453125
810.9609942436218,2,2817.5,16269.97265625,52363.64453125
811.9803454875946,2,1851.4,16263.4609375,52363.64453125
812.9880628585815,2,3860.7,16492.37109375,52363.64453125
813.9962511062622,2,651.3,7313.078125,52363.64453125
815.0050196647644,2,1610.1,9261.34765625,52747.64453125
816.012366771698,2,713.5,8430.4375,52747.64453125
817.0209939479828,2,959.5,8274.05859375,52747.64453125
818.0459935665131,2,1895.2,8050.89453125,52747.64453125
819.0939943790436,2,3501.8,10649.7734375,52747.64453125
820.112001657486,2,4567.7,12739.484375,52747.64453125
821.132898569107,2,4491.5,13443.71875,52747.64453125
822.1561951637268,2,3936.3,13829.28125,52747.64453125
823.1753571033478,2,3953.2,14060.16015625,52747.64453125
824.1858093738556,2,2487.8,14271.19921875,52747.64453125
825.1945631504059,2,2885.5,14250.8046875,52747.64453125
826.2114777565002,2,1693.9,8103.73828125,52747.64453125
827.2196853160858,2,1637.6,9629.6953125,52747.64453125
828.2272570133209,2,680.4,8472.78515625,52747.64453125
829.2355065345764,2,1160.5,8213.5625,52747.64453125
830.242840051651,2,2056.9,9275.1484375,52747.64453125
831.2506327629089,2,4340.9,10858.07421875,52747.64453125
832.2573914527893,2,4531.5,12014.21875,52747.64453125
833.2709558010101,2,4451.0,13381.91015625,52747.64453125
834.278156042099,2,3641.1,13505.5703125,52747.64453125
835.2861309051514,2,3423.4,14101.6953125,52747.64453125
836.2935626506805,2,2231.4,13999.140625,52747.64453125
837.3012719154358,2,3411.8,14093.8515625,52747.64453125
838.3099939823151,2,968.2,9053.2890625,52747.64453125
839.3280465602875,2,1222.7,8617.1796875,52747.64453125
840.3426055908203,2,997.8,8458.38671875,52747.64453125
841.3499932289124,2,1620.8,8197.49609375,52747.64453125
842.4093027114868,2,3442.6,11137.75390625,52747.64453125
843.4219973087311,2,4318.6,11980.36328125,52747.64453125
844.4415717124939,2,4612.7,14503.06640625,52747.64453125
845.4586124420166,2,4285.9,15090.3828125,52747.64453125
846.4690425395966,2,4015.9,16089.23046875,52747.64453125
847.5040628910065,2,3748.1,15496.37109375,52747.64453125
848.5138878822327,2,2883.7,16533.6640625,52747.64453125
849.5221183300018,2,2210.7,16305.66796875,52747.64453125
850.5291366577148,2,3597.8,16482.3671875,52747.64453125
851.5401880741119,2,911.8,7757.2734375,53259.65234375
852.5478920936584,2,1658.2,9066.0078125,52747.64453125
853.5561757087708,2,471.0,8349.8125,52747.64453125
854.5624353885651,2,854.6,8159.3046875,52747.64453125
855.5687744617462,2,1951.3,7951.7421875,52747.64453125
856.6019928455353,2,3519.3,10564.96875,52747.64453125
857.6210000514984,2,4590.3,12939.1484375,52747.64453125
858.6409940719604,2,4357.5,13331.92578125,52747.64453125
859.6507849693298,2,3563.4,13659.5859375,52747.64453125
860.6745119094849,2,3461.8,14247.59765625,52747.64453125
861.6847608089447,2,2124.4,14089.84375,52747.64453125
862.6927480697632,2,3347.3,14136.12890625,52747.64453125
863.7029912471771,2,1298.1,9702.09765625,52747.64453125
864.7191936969757,2,905.0,8908.08984375,52747.64453125
865.7279233932495,2,1121.4,8732.85546875,52747.64453125
866.735497713089,2,2866.1,11204.63671875,52747.64453125
867.7535800933838,2,4500.6,12113.7578125,52747.64453125
868.7724022865295,2,4591.9,13520.9140625,52747.64453125
869.7910413742065,2,4017.5,15074.7109375,52747.64453125
870.8270270824432,2,4712.8,14863.40234375,52747.64453125
871.8649928569794,2,3527.3,14697.18359375,52747.64453125
872.8721933364868,2,2261.0,14387.2265625,52747.64453125
873.8814976215363,2,3048.7,14533.55078125,52747.64453125
874.8905239105225,2,1548.3,9359.9609375,52747.64453125
875.9000570774078,2,1055.0,8678.51171875,52747.64453125
876.9075310230255,2,1761.9,9844.24609375,52747.64453125
877.9160380363464,2,3046.4,13500.20703125,52747.64453125
878.9509925842285,2,4576.7,14227.8359375,52747.64453125
879.96919298172,2,4531.1,15895.98046875,52747.64453125
880.9818634986877,2,4366.7,14881.38671875,52747.64453125
881.9902820587158,2,4331.6,15802.3125,52747.64453125
883.0270400047302,2,4656.2,15771.91796875,52747.64453125
884.062418460846,2,4311.2,15004.65625,52747.64453125
885.0730047225952,2,2984.1,15453.7265625,52747.64453125
886.0939934253693,2,2969.1,15495.13671875,52747.64453125
887.1039078235626,2,1238.2,8355.60546875,52747.64453125
888.1125118732452,2,1737.1,9220.1015625,52747.64453125
889.119952917099,2,1138.0,8479.7734375,52747.64453125
890.1306881904602,2,2598.4,11462.5234375,52747.64453125
891.1489925384521,2,4554.3,12380.98828125,52747.64453125
892.1670157909393,2,4476.8,13474.73828125,52747.64453125
893.177962064743,2,4179.4,14631.01171875,52747.64453125
894.1890413761139,2,4456.9,15349.73046875,52747.64453125
895.2250733375549,2,4017.0,14802.74609375,52747.64453125
896.2343838214874,2,2719.1,15032.34765625,52747.64453125
897.2429933547974,2,2863.5,14891.3984375,52747.64453125
898.2534301280975,2,1325.5,8500.25,52747.64453125
899.2620050907135,2,1709.3,9272.37890625,52747.64453125
900.2693963050842,2,1145.3,8443.59765625,52747.64453125
901.2790517807007,2,3036.0,11446.53515625,52747.64453125
902.2909979820251,2,4483.1,12216.0390625,52747.64453125
903.3109929561615,2,4510.5,13960.66796875,52747.64453125
904.329008102417,2,4178.2,14821.93359375,52747.64453125
905.3643863201141,2,4318.5,13885.70703125,52747.64453125
906.371993303299,2,3153.4,14384.43359375,52747.64453125
907.3824291229248,2,2645.8,14286.109375,52747.64453125
908.3932030200958,2,2143.1,7711.77734375,52747.64453125
909.4004921913147,2,1716.0,9815.63671875,52747.64453125
910.4080016613007,2,899.8,8577.73828125,52747.64453125
911.4163725376129,2,2045.1,10648.9765625,52747.64453125
912.4301269054413,2,4481.5,12327.6328125,52747.64453125
913.4485757350922,2,4554.0,14163.22265625,52747.64453125
914.4629979133606,2,4217.1,14344.0546875,52747.64453125
915.4740369319916,2,4398.7,15140.83984375,52747.64453125
916.5097720623016,2,4153.8,14450.90234375,52747.64453125
917.5197105407715,2,2727.8,14719.6484375,52747.64453125
918.5313456058502,2,2949.5,14566.484375,52747.64453125
919.5417580604553,2,1200.1,9047.3984375,52747.64453125
920.5489900112152,2,1833.4,9672.42578125,52747.64453125
921.5565185546875,2,1178.6,8799.40625,52747.64453125
922.5650436878204,2,2282.4,12026.48828125,52747.64453125
923.5869896411896,2,4471.6,14359.875,52747.64453125
924.6049070358276,2,4677.1,14957.9609375,52747.64453125
925.6276021003723,2,4348.8,15068.7890625,52747.64453125
926.645349740982,2,4224.1,15992.16796875,52747.64453125
927.6808884143829,2,4660.5,15965.04296875,52747.64453125
928.7220180034637,2,4773.7,15884.859375,52747.64453125
929.7613310813904,2,3179.9,15663.875,52747.64453125
930.7687809467316,2,2509.7,15586.42578125,52747.64453125
931.7764687538147,2,2787.0,15863.04296875,52747.64453125
932.7832264900208,2,1763.6,9167.0390625,52747.64453125
933.7899968624115,2,781.8,8617.81640625,52747.64453125
934.7963497638702,2,1593.4,10626.90625,52747.64453125
935.804041147232,2,3655.3,13551.25,52747.64453125
936.8190009593964,2,4594.7,14301.62890625,52747.64453125
937.8383822441101,2,4522.0,13834.796875,52747.64453125
938.8545253276825,2,4291.1,15194.03515625,52747.64453125
939.8640258312225,2,4460.0,15953.3671875,52747.64453125
940.9000358581543,2,4668.4,15925.7421875,52747.64453125
941.9359896183014,2,4283.8,15222.35546875,52747.64453125
942.945999622345,2,3008.5,15618.06640625,52747.64453125
943.9677956104279,2,3110.9,15699.1875,52747.64453125
944.9779632091522,2,1858.1,8132.5390625,52747.64453125
945.9951219558716,2,2160.6,8016.37890625,52747.64453125
947.0019924640656,2,2216.9,8716.1875,52747.64453125
948.0193953514099,2,1500.2,8198.23046875,54602.8125
949.0277688503265,2,994.0,8349.84375,52554.796875
950.0369939804077,2,3222.2,10462.23046875,52554.796875
951.0542244911194,2,4328.6,12195.52734375,59722.796875
952.076250076294,2,4663.1,17285.0078125,59762.796875
953.0924937725067,2,4200.8,15317.38671875,59762.796875
954.1105651855469,2,3679.5,15587.92578125,59762.796875
955.1218910217285,2,3427.3,15747.48046875,59762.796875
956.1299934387207,2,3606.9,16671.25390625,59762.796875
957.1416051387787,2,1486.4,16957.68359375,59762.796875
958.1475484371185,2,2015.3,17083.1015625,59762.796875
959.1582672595978,2,3183.6,17322.3515625,59762.796875
960.1663908958435,2,599.7,7861.94140625,59762.796875
961.1735732555389,2,1057.0,9037.484375,59762.796875
962.1826581954956,2,2829.7,10884.06640625,59762.796875
963.1922798156738,2,4438.3,12946.8203125,59762.796875
964.2109999656677,2,4470.0,15168.04296875,59762.796875
965.2356503009796,2,4607.8,19835.80859375,67954.796875
966.2586710453033,2,4376.6,15518.0,68002.796875
967.2709946632385,2,4391.9,18789.1171875,68002.796875
968.2890586853027,2,4490.7,18928.05859375,68002.796875
969.297839641571,2,2997.9,19261.5859375,68002.796875
970.3054749965668,2,3804.8,19393.10546875,68002.796875
971.3139946460724,2,4057.7,20229.6015625,68002.796875
972.3329927921295,2,2175.5,20805.6875,68002.796875
973.3411931991577,2,1461.5,20881.640625,68002.796875
974.3489983081818,2,1535.0,20999.02734375,68002.796875
975.3638596534729,2,4571.3,21027.453125,68002.796875
976.3750100135803,2,1082.5,21473.5390625,68002.796875
977.3849928379059,2,893.5,8518.0,68002.796875
978.4060249328613,2,2534.3,9529.5859375,68002.796875
979.4149918556213,2,3704.5,12487.1328125,68002.796875
980.4340026378632,2,4492.8,14515.359375,68002.796875
981.4539937973022,2,4682.7,19173.11328125,68002.796875
982.4780848026276,2,4427.3,15520.52734375,68002.796875
983.4939925670624,2,4428.9,18350.125,68002.796875
984.5120370388031,2,4288.9,18547.09765625,68002.796875
985.5190117359161,2,3212.4,18894.2421875,68002.796875
986.5419898033142,2,3670.0,19135.703125,68002.796875
987.5519948005676,2,3900.5,20324.3515625,68002.796875
988.5594918727875,2,1235.2,20239.29296875,68002.796875
989.5663175582886,2,1493.8,20163.40234375,68002.796875
990.5739917755127,2,3780.0,20370.72265625,68002.796875
991.5849921703339,2,1910.6,20679.06640625,68002.796875
992.5958800315857,2,759.2,8203.65234375,68002.796875
993.6049911975861,2,2559.1,8755.80078125,68002.796875
994.6405916213989,2,3164.7,12121.53125,68002.796875
995.6520104408264,2,4343.7,13053.89453125,68002.796875
996.6843922138214,2,4658.3,17802.671875,68002.796875
997.7078218460083,2,4523.2,15109.15625,68002.796875
998.7179939746857,2,4334.2,18303.6328125,68002.796875
999.7383029460907,2,4523.2,18526.6484375,68002.796875
1000.7469971179962,2,3074.5,18860.9453125,68002.796875
1001.7669947147369,2,3721.2,18996.21875,68002.796875
1002.7736694812775,2,4312.1,19988.6875,68002.796875
1003.780592918396,2,1438.3,20267.703125,68002.796875
1004.7874219417572,2,1521.9,20240.10546875,68002.796875
1005.7955660820007,2,2840.8,20469.453125,68002.796875
1006.8065195083618,2,2841.1,20647.83203125,68002.796875
1007.8166403770447,2,614.9,7876.6953125,68002.796875
1008.8249254226685,2,1747.2,8829.5078125,68002.796875
1009.8370039463043,2,3229.8,11603.32421875,68002.796875
1010.8569967746735,2,4356.1,12741.359375,68002.796875
1011.8749527931213,2,4627.3,16991.703125,68002.796875
1012.899007320404,2,4656.4,20992.015625,68002.796875
1013.9199957847595,2,4451.5,17971.8828125,68002.796875
1014.933111667633,2,4354.7,18507.15625,68002.796875
1015.9520127773285,2,3634.6,18850.4140625,68002.796875
1016.9780051708221,2,3527.2,19258.40625,68002.796875
1018.0048136711121,2,4101.8,19979.890625,68002.796875
1019.0239546298981,2,1958.8,20383.46484375,68002.796875
1020.0329926013947,2,1607.2,20339.53125,68002.796875
1021.0418043136597,2,2329.8,20537.9609375,68002.796875
1022.0523810386658,2,3477.7,20762.9453125,68002.796875
1023.0611774921417,2,626.1,9451.2421875,70050.8125
1024.0689973831177,2,918.1,9344.0234375,68002.796875
1025.0765511989594,2,3140.6,9609.91796875,68002.796875
1026.106185913086,2,2705.0,13320.890625,68002.796875
1027.121348619461,2,4375.0,14608.51953125,68002.796875
1028.1329998970032,2,4607.7,17360.203125,68002.796875
1029.15900015831,2,4656.1,21967.96484375,68002.796875
1030.1859910488129,2,4390.0,16718.125,78242.796875
1031.204089164734,2,4382.8,20463.02734375,78242.796875
1032.2239933013916,2,4533.9,20547.5390625,78242.796875
1033.242018699646,2,3322.5,20851.44140625,78242.796875
1034.2689988613129,2,3555.6,21051.3125,78242.796875
1035.2929935455322,2,3266.3,21226.3359375,78242.796875
1036.3035371303558,2,4280.6,22196.48828125,78242.796875
1037.3114545345306,2,1408.0,22633.74609375,78242.796875
1038.3192579746246,2,1658.8,22473.56640625,78242.796875
1039.3260021209717,2,1860.8,22794.05078125,78242.796875
1040.344978570938,2,4508.6,22874.828125,78242.796875
1041.3539552688599,2,684.5,7784.2578125,80290.8125
1042.3618228435516,2,704.0,8964.06640625,78242.796875
1043.3699967861176,2,2214.2,9522.21875,78242.796875
1044.4264662265778,2,2765.6,12265.33203125,78242.796875
1045.4420018196106,2,4475.0,14368.2265625,78242.796875
1046.4600024223328,2,4461.7,16637.18359375,78242.796875
1047.4843151569366,2,4669.0,21205.33203125,78242.796875
1048.5085606575012,2,4655.1,20975.1640625,78242.796875
1049.524985551834,2,4418.2,19954.77734375,78242.796875
1050.5379955768585,2,4364.2,20652.98828125,78242.796875
1051.5570049285889,2,3617.3,20956.5078125,78242.796875
1052.568006515503,2,3407.6,21144.9140625,78242.796875
1053.592826128006,2,3324.4,21301.81640625,78242.796875
1054.5999927520752,2,4414.6,22203.56640625,78242.796875
1055.6130900382996,2,1829.7,22694.92578125,78242.796875
1056.6192739009857,2,1528.0,22711.421875,78242.796875
1057.6279940605164,2,1616.1,22635.19140625,78242.796875
1058.6419053077698,2,4587.4,22776.49609375,78242.796875
1059.6525359153748,2,1070.9,23182.6171875,78242.796875
1060.6597933769226,2,621.5,8716.9765625,78242.796875
1061.6671333312988,2,1660.5,9554.41796875,78242.796875
1062.7179944515228,2,2689.6,11869.02734375,78242.796875
1063.7289898395538,2,4455.8,14402.24609375,78242.796875
1064.748004436493,2,4480.6,15434.56640625,78242.796875
1065.764999628067,2,4661.1,20025.1953125,78242.796875
1066.7899923324585,2,4671.6,24855.60546875,78242.796875
1067.8059980869293,2,4453.2,19149.3984375,78242.796875
1068.831001996994,2,4469.9,20473.81640625,78242.796875
1069.850121498108,2,3909.5,20771.73828125,78242.796875
1070.8570687770844,2,2995.7,21031.22265625,78242.796875
1071.865439414978,2,3762.5,21081.2578125,78242.796875
1072.873993396759,2,4040.9,21980.0703125,78242.796875
1073.8925018310547,2,2342.2,22614.43359375,78242.796875
1074.905266046524,2,1425.7,22575.91796875,78242.796875
1075.9123129844666,2,1347.6,22476.46484375,78242.796875
1076.9209916591644,2,4091.5,22706.28515625,78242.796875
1077.9317936897278,2,1943.9,23006.59765625,78242.796875
1078.9399139881134,2,614.5,8244.27734375,78242.796875
1079.9472284317017,2,924.9,9218.25,78242.796875
1080.9549345970154,2,3501.6,10736.921875,78242.796875
1081.9630291461945,2,3723.0,14122.08984375,78242.796875
1082.9939906597137,2,4383.3,14593.97265625,78242.796875
1084.015001296997,2,4612.3,18945.16015625,78242.796875
1085.0429964065552,2,4662.6,23727.40625,78242.796875
1086.0629968643188,2,4304.0,17964.1015625,78242.796875
1087.0759949684143,2,4449.4,20522.08203125,78242.796875
1088.0950012207031,2,4507.8,20628.609375,78242.796875
1089.1150104999542,2,3199.5,20902.33203125,78242.796875
1090.1410043239594,2,3052.2,21205.0078125,78242.796875
1091.1604850292206,2,3920.2,21677.5859375,78242.796875
1092.1719932556152,2,3110.8,22630.515625,78242.796875
1093.1791269779205,2,1355.0,22538.1484375,78242.796875
1094.1894414424896,2,1543.9,22607.51171875,78242.796875
1095.1999938488007,2,3464.1,22830.15234375,78242.796875
1096.2181050777435,2,2690.2,23062.6328125,78242.796875
1097.225683927536,2,498.5,7958.7890625,78242.796875
1098.2328264713287,2,1006.2,9276.6796875,78242.796875
1099.2406878471375,2,3624.6,9814.63671875,78242.796875
1100.2499992847443,2,2888.0,13857.99609375,78242.796875
1101.2668180465698,2,4364.7,14652.60546875,78242.796875
1102.2850024700165,2,4607.9,18055.06640625,78242.796875
1103.3091785907745,2,4667.5,23419.8828125,78242.796875
1104.3343045711517,2,4445.0,17707.87890625,78242.796875
1105.3508331775665,2,4439.5,20438.94921875,78242.796875
1106.3689939975739,2,4493.5,20622.375,78242.796875
1107.3873300552368,2,3124.4,20837.4375,78242.796875
1108.3947315216064,2,3673.7,20975.72265625,78242.796875
1109.4069921970367,2,3591.1,21428.1484375,78242.796875
1110.4219975471497,2,3622.9,22689.2734375,78242.796875
1111.4329950809479,2,1307.2,22517.09375,78242.796875
1112.4403133392334,2,1567.5,22515.34375,78242.796875
1113.4479925632477,2,2570.5,22825.671875,78242.796875
1114.4660124778748,2,3615.7,23003.51171875,78242.796875
1115.474228143692,2,592.2,9150.64453125,80290.8125
1116.4858994483948,2,878.1,9325.84375,78242.796875
1117.4958641529083,2,2883.4,9586.31640625,78242.796875
1118.5381093025208,2,2373.6,13321.7265625,78242.796875
1119.56099319458,2,3824.9,15641.28125,78242.796875
1120.5789935588837,2,4363.7,16089.80859375,78242.796875
1121.5980010032654,2,4621.8,20048.41015625,78242.796875
1122.622172832489,2,4672.6,25305.3125,78242.796875
1123.6489951610565,2,4597.3,30017.2265625,78298.796875
1124.6818397045135,2,4059.4,19662.70703125,78298.796875
1125.6929988861084,2,4605.4,23788.8671875,78298.796875
1126.705003976822,2,4295.6,24772.25,78298.796875
1127.7249925136566,2,4431.1,25077.94921875,78298.796875
1128.7430062294006,2,3588.7,25447.76953125,78298.796875
1129.7700090408325,2,3672.0,25780.96875,78298.796875
1130.7940030097961,2,3972.8,25884.4609375,78298.796875
1131.8190050125122,2,3438.3,26361.66796875,78298.796875
1132.8294215202332,2,3690.5,27632.203125,78298.796875
1133.8378231525421,2,1643.8,28472.8359375,78298.796875
1134.847030878067,2,1565.3,28493.53125,78298.796875
1135.8544731140137,2,1498.1,28386.69140625,78298.796875
1136.8639929294586,2,3595.2,29026.69921875,78298.796875
1137.8823008537292,2,3593.7,29311.75390625,78298.796875
1138.8897829055786,2,537.0,29571.39453125,78298.796875
1139.8992002010345,2,666.4,8311.58984375,80346.8125
1140.9074311256409,2,987.5,8551.55078125,78298.796875
1141.9152901172638,2,3501.1,10925.765625,78298.796875
1142.9270000457764,2,4320.8,13114.81640625,78298.796875
1143.9465577602386,2,4581.2,13087.203125,78298.796875
1144.9589977264404,2,4334.9,15241.140625,78298.796875
1145.9780118465424,2,3480.7,15516.56640625,78298.796875
1147.0049929618835,2,3354.8,15922.80078125,78298.796875
1148.0152716636658,2,2679.6,16889.82421875,78298.796875
1149.0212445259094,2,1509.5,16816.26953125,78298.796875
1150.0289936065674,2,3526.9,17005.97265625,78298.796875
1151.0422985553741,2,1087.9,17393.66796875,78298.796875
1152.0496459007263,2,937.1,8796.6171875,78298.796875
1153.057997226715,2,2912.9,10745.17578125,78298.796875
1154.0710031986237,2,4306.1,12387.4296875,78298.796875
1155.0910029411316,2,4633.1,15991.7421875,78298.796875
1156.1069943904877,2,4259.6,15214.59765625,78298.796875
1157.1260068416595,2,3617.5,15453.390625,78298.796875
1158.1519935131073,2,3328.4,15697.03515625,78298.796875
1159.1638441085815,2,3301.1,16797.86328125,78298.796875
1160.1724195480347,2,1453.1,16701.97265625,78298.796875
1161.1829917430878,2,3015.8,16805.359375,78298.796875
1162.1999530792236,2,1627.6,17200.4921875,78298.796875
1163.2085139751434,2,648.2,8725.90625,78298.796875
1164.2159914970398,2,1447.9,9711.3046875,78298.796875
1165.2669641971588,2,2499.5,12284.328125,78298.796875
1166.27539229393,2,4477.0,14906.98046875,78298.796875
1167.2869946956635,2,4156.3,15957.21484375,78298.796875
1168.3052027225494,2,4528.6,18796.234375,78298.796875
1169.329999446869,2,4642.6,23729.52734375,78298.796875
1170.354279756546,2,4608.6,29772.91796875,78298.796875
1171.381008386612,2,4446.7,20660.9375,90586.796875
1172.3950266838074,2,4333.1,23111.22265625,90586.796875
1173.4097244739532,2,4288.1,24714.3828125,90586.796875
1174.428997516632,2,4402.0,25059.85546875,90586.796875
1175.4471035003662,2,3720.3,25357.74609375,90586.796875
1176.4542055130005,2,3500.7,25718.42578125,90586.796875
1177.478714466095,2,4177.8,25735.52734375,90586.796875
1178.4859924316406,2,3899.1,26298.65625,90586.796875
1179.504088640213,2,3869.7,27500.01171875,90586.796875
1180.512050151825,2,1638.3,28323.890625,90586.796875
1181.5199944972992,2,1547.5,28168.984375,90586.796875
1182.5286271572113,2,1363.8,28283.87109375,90586.796875
1183.536743402481,2,2910.5,28633.390625,90586.796875
1184.546992301941,2,3990.1,28858.61328125,90586.796875
1185.5669977664948,2,788.4,29293.5390625,90586.796875
1186.5802853107452,2,757.3,29417.21484375,90586.796875
1187.5878627300262,2,651.2,8729.33203125,90586.796875
1188.595990896225,2,2416.4,9442.98046875,90586.796875
1189.6388339996338,2,2801.3,13076.78515625,90586.796875
1190.654996395111,2,4359.1,14273.15234375,90586.796875
1191.6740016937256,2,4589.0,17473.9375,90586.796875
1192.6950001716614,2,4656.3,22597.40625,90586.796875
1193.730034828186,2,4465.8,17641.55078125,90586.796875
1194.7479927539825,2,4437.4,20194.390625,90586.796875
1195.7670032978058,2,4494.8,20383.5625,90586.796875
1196.787010192871,2,3472.9,20621.421875,90586.796875
1197.8039999008179,2,3512.3,20933.72265625,90586.796875
1198.8279948234558,2,4132.4,21629.4140625,90586.796875
1199.8399951457977,2,2057.2,22175.1875,90586.796875
1200.8472592830658,2,1457.2,22149.90234375,90586.796875
1201.855994462967,2,1622.5,22263.51171875,90586.796875
1202.8741693496704,2,4498.8,22315.86328125,90586.796875
1203.8855571746826,2,936.4,11206.65234375,90586.796875
1204.893455028534,2,524.3,9107.015625,90586.796875
1205.90061378479,2,823.5,9852.625,90586.796875
1206.9085807800293,2,4085.3,10649.16796875,90586.796875
1207.9160141944885,2,2820.5,14787.0234375,90586.796875
1208.9339938163757,2,4188.5,16403.8671875,90586.796875
1209.9480016231537,2,4470.1,16648.109375,90586.796875
1210.961324930191,2,4640.6,22146.19140625,90586.796875
1211.9852192401886,2,4662.4,27353.97265625,90586.796875
1213.0100164413452,2,4518.3,31392.5859375,90586.796875
1214.0280063152313,2,4195.3,21120.03515625,90586.796875
1215.0490126609802,2,4606.4,24903.7734375,90586.796875
1216.0675611495972,2,4302.6,25378.5625,90586.796875
1217.0869941711426,2,4305.3,25801.4375,90586.796875
1218.1050052642822,2,3118.6,26119.33203125,90586.796875
1219.130010843277,2,3678.9,26435.12890625,90586.796875
1220.155003786087,2,3931.4,26420.8828125,90586.796875
1221.1797964572906,2,4080.6,26919.15234375,90586.796875
1222.1902318000793,2,3813.4,28193.64453125,90586.796875
1223.1981301307678,2,1563.0,29125.4453125,90586.796875
1224.2084574699402,2,1403.8,28966.98046875,90586.796875
1225.216280221939,2,1680.8,28830.6953125,90586.796875
1226.2229928970337,2,2157.7,29445.5546875,90586.796875
1227.2729904651642,2,4213.0,29540.21875,90586.796875
1228.2908277511597,2,1662.4,29908.828125,90586.796875
1229.2982804775238,2,672.7,30186.2890625,90586.796875
1230.3061261177063,2,450.8,8051.77734375,90586.796875
1231.313324689865,2,987.5,9511.05078125,90586.796875
1232.3219919204712,2,3428.7,9747.55078125,90586.796875
1233.351000070572,2,2339.1,13501.578125,90586.796875
1234.3699913024902,2,4325.2,15720.94921875,90586.796875
1235.3880021572113,2,4377.7,16193.55859375,90586.796875
1236.4080021381378,2,4617.0,21112.21875,90586.796875
1237.4289968013763,2,4666.7,26245.5,90586.796875
1238.448994398117,2,4668.8,31280.54296875,90586.796875
1239.469001531601,2,4213.2,20481.6953125,90586.796875
1240.4938576221466,2,4266.0,24840.9609375,90586.796875
1241.5119941234589,2,4676.2,24820.47265625,90586.796875
1242.5310084819794,2,4304.6,25249.8046875,90586.796875
1243.5510144233704,2,3600.8,25494.91015625,90586.796875
1244.5762095451355,2,3652.8,25938.015625,90586.796875
1245.6007883548737,2,3455.0,25932.56640625,90586.796875
1246.6079959869385,2,4325.7,27082.21875,90586.796875
1247.626482963562,2,2949.1,28391.48828125,90586.796875
1248.6365365982056,2,1323.9,28348.765625,90586.796875
1249.6433899402618,2,1738.7,28291.9140625,90586.796875
1250.6499915122986,2,1291.5,28441.5625,90586.796875
1251.6649930477142,2,4263.6,28757.890625,90586.796875
1252.6752352714539,2,2408.8,29347.48046875,90586.796875
1253.6839950084686,2,666.3,29530.50390625,90586.796875
1254.6920335292816,2,521.0,7677.58984375,90586.796875
1255.7015430927277,2,935.8,9507.21484375,90586.796875
1256.7099928855896,2,2916.7,9744.24609375,90586.796875
1257.7600016593933,2,2350.6,13494.46484375,90586.796875
1258.773993730545,2,4342.8,15729.42578125,90586.796875
1259.7920026779175,2,4385.5,16201.65234375,90586.796875
1260.8120031356812,2,4612.4,20840.3203125,90586.796875
1261.8319323062897,2,4675.5,25468.3203125,90586.796875
1262.856997013092,2,4641.8,30395.2890625,90586.796875
1263.8770220279694,2,4162.1,20415.390625,90586.796875
1264.8890116214752,2,4595.9,24238.23046875,90586.796875
1265.9010014533997,2,4299.4,24700.29296875,90586.796875
1266.920205116272,2,4284.7,25153.84375,90586.796875
1267.9390165805817,2,3514.1,25405.234375,90586.796875
1268.9641778469086,2,3584.0,25849.53515625,90586.796875
1269.983818769455,2,3699.0,25760.42578125,90586.796875
1270.9943068027496,2,4273.9,26536.94140625,90586.796875
1272.0059921741486,2,3143.1,28505.265625,90586.796875
1273.0240452289581,2,1352.8,28382.40234375,90586.796875
1274.0344815254211,2,1668.3,28334.92578125,90586.796875
1275.0444428920746,2,1199.9,28222.4921875,90586.796875
1276.051992893219,2,3967.3,28701.80859375,90586.796875
1277.080617904663,2,2993.0,29271.23828125,90586.796875
1278.0889165401459,2,592.5,29509.12890625,90586.796875
1279.0964999198914,2,606.4,9051.94921875,92634.8125
1280.1040751934052,2,878.9,9332.38671875,90586.796875
1281.1139912605286,2,2891.9,9620.15234375,90586.796875
1282.1300101280212,2,2423.6,13372.140625,90586.796875
1283.1469900608063,2,4320.1,15601.12890625,90586.796875
1284.165001630783,2,4397.6,16068.453125,90586.796875
1285.185001373291,2,4616.3,20610.140625,90586.796875
1286.204997062683,2,4670.1,25225.140625,90586.796875
1287.2249891757965,2,4564.9,30549.0078125,90586.796875
1288.2456014156342,2,4186.6,20550.72265625,90586.796875
1289.2640419006348,2,4214.1,24895.671875,90586.796875
1290.275990486145,2,4674.8,24847.45703125,90586.796875
1291.2959985733032,2,4317.0,25288.5234375,90586.796875
1292.3150136470795,2,3616.0,25524.74609375,90586.796875
1293.3411803245544,2,3672.3,26026.5078125,90586.796875
1294.3667197227478,2,3506.6,26009.9140625,90586.796875
1295.373993396759,2,4268.9,27133.6015625,90586.796875
1296.3926265239716,2,3027.1,28419.62890625,90586.796875
1297.4006865024567,2,1327.5,28336.59375,90586.796875
1298.4063322544098,2,1718.0,28302.609375,90586.796875
1299.4149901866913,2,1218.1,28501.28515625,90586.796875
1300.432784318924,2,4170.1,28839.96875,90586.796875
1301.4438552856445,2,2624.8,29324.36328125,90586.796875
1302.451765537262,2,583.7,29510.046875,90586.796875
1303.4592261314392,2,601.2,9493.83984375,92634.8125
1304.467211484909,2,741.8,9765.12109375,90586.796875
1305.474995136261,2,1567.6,10164.68359375,90586.796875
1306.5241117477417,2,3534.1,11535.4375,90586.796875
1307.5330018997192,2,3330.9,15127.08203125,90586.796875
1308.5499975681305,2,4181.4,16821.015625,90586.796875
1309.568419456482,2,4481.6,17059.75,90586.796875
1310.5790026187897,2,4626.6,22379.34765625,90586.796875
1311.5989966392517,2,4657.8,27372.90234375,90586.796875
1312.6240403652191,2,4558.2,31568.66015625,90586.796875
1313.6352369785309,2,4141.5,21105.6796875,90586.796875
1314.649005651474,2,4604.8,25099.97265625,90586.796875
1315.6610043048859,2,4341.0,26091.69921875,90586.796875
1316.6809940338135,2,4362.9,26429.484375,90586.796875
1317.6992599964142,2,3367.3,26797.6796875,90586.796875
1318.706826210022,2,2964.3,26973.27734375,90586.796875
1319.7150073051453,2,4429.6,27167.85546875,90586.796875
1320.7419917583466,2,3331.7,27210.24609375,90586.796875
1321.7529964447021,2,4276.8,28654.24609375,90586.796875
1322.7710185050964,2,2779.9,29646.765625,90586.796875
1323.7794916629791,2,1013.8,29644.58984375,90586.796875
1324.788990497589,2,1372.4,29689.921875,90586.796875
1325.8065650463104,2,1511.5,29459.47265625,90586.796875
1326.8139979839325,2,1880.4,30107.265625,90586.796875
1327.8339943885803,2,4316.7,29932.328125,90586.796875
1328.8437662124634,2,2136.0,30516.80859375,90586.796875
1329.854041814804,2,727.5,30740.91796875,90586.796875
1330.8629567623138,2,465.4,7607.2890625,90586.796875
1331.870991230011,2,2150.0,8601.30859375,90586.796875
1332.9199945926666,2,3451.1,11286.05078125,90586.796875
1333.939002275467,2,4568.7,14949.50390625,90586.796875
1334.9632639884949,2,4539.0,14146.4296875,90586.796875
1335.977998495102,2,4285.5,15184.890625,90586.796875
1337.0004296302795,2,3006.4,15384.26171875,90586.796875
1338.0099966526031,2,3802.7,16267.33203125,90586.796875
1339.0186383724213,2,1487.3,16636.72265625,90586.796875
1340.0269985198975,2,2257.9,16817.1796875,90586.796875
1341.0374491214752,2,2633.6,17080.18359375,90586.796875
1342.0453958511353,2,675.8,8267.29296875,90586.796875
1343.0532112121582,2,2541.0,8987.046875,90586.796875
1344.060996055603,2,3571.4,11496.44140625,90586.796875
1345.0740013122559,2,4600.9,15166.078125,90586.796875
1346.0982568264008,2,4487.6,14563.5078125,90586.796875
1347.1108164787292,2,3951.6,15030.9609375,90586.796875
1348.12100481987,2,3364.7,15300.73828125,90586.796875
1349.1456570625305,2,3647.8,16465.98046875,90586.796875
1350.1625535488129,2,1463.8,16332.21484375,90586.796875
1351.1689972877502,2,2855.4,16520.32421875,90586.796875
1352.180006980896,2,1837.0,16897.47265625,90586.796875
1353.1873955726624,2,537.5,8564.20703125,90586.796875
1354.195858001709,2,855.4,9989.33203125,90586.796875
1355.2034893035889,2,3307.1,10101.90625,90586.796875
1356.2538905143738,2,2130.0,13296.83203125,90586.796875
1357.264922618866,2,4376.6,16297.49609375,90586.796875
1358.2729976177216,2,4284.6,16866.67578125,90586.796875
1359.2920017242432,2,4526.3,19846.234375,90586.796875
1360.316001176834,2,4647.9,24126.515625,90586.796875
1361.3406128883362,2,4655.1,29505.86328125,90586.796875
1362.3652148246765,2,4341.4,29907.0234375,90586.796875
1363.37899684906,2,4309.7,21646.5703125,90586.796875
1364.4069941043854,2,4250.8,26011.44921875,90586.796875
1365.4331529140472,2,4554.1,26105.32421875,90586.796875
1366.4433319568634,2,4363.2,26389.8046875,90586.796875
1367.4630126953125,2,2880.1,26658.53515625,90586.796875
1368.4892711639404,2,3644.5,26946.6015625,90586.796875
1369.5149991512299,2,3900.0,26910.44921875,90586.796875
1370.5399904251099,2,3991.9,27474.265625,90586.796875
1371.5619931221008,2,4070.8,28692.05859375,90586.796875
1372.5720028877258,2,1545.7,29431.9140625,90586.796875
1373.5838963985443,2,1236.7,29480.2421875,90586.796875
1374.592216014862,2,1771.4,29485.08203125,90586.796875
1375.5999917984009,2,1409.2,29495.62890625,90586.796875
1376.6289989948273,2,4106.5,29901.55859375,90586.796875
1377.647882938385,2,3063.1,30382.28515625,90586.796875
1378.6558804512024,2,578.1,30653.03125,90586.796875
1379.6643464565277,2,595.0,8234.96484375,92634.8125
1380.6726319789886,2,677.1,9225.4921875,90586.796875
1381.6800005435944,2,1674.8,9773.5546875,90586.796875
1382.7282440662384,2,2861.1,11990.5390625,90586.796875
1383.7362387180328,2,4138.5,15025.1953125,90586.796875
1384.747990846634,2,4132.1,16137.94921875,90586.796875
1385.7670023441315,2,4542.2,18983.19140625,90586.796875
1386.7914683818817,2,4668.7,23942.73828125,90586.796875
1387.814996957779,2,4674.5,29113.640625,90586.796875
1388.8397798538208,2,4526.0,19538.99609375,90586.796875
1389.8490042686462,2,4449.7,23241.703125,90586.796875
1390.876002073288,2,4302.6,24902.71484375,90586.796875
1391.8959941864014,2,4362.3,25272.6796875,90586.796875
1392.9149959087372,2,3464.6,25556.01953125,90586.796875
1393.933998823166,2,3209.2,25878.21484375,90586.796875
1394.958218574524,2,4479.9,25743.8125,90586.796875
1395.9659922122955,2,3673.8,26294.55859375,90586.796875
1396.9799902439117,2,4085.5,27541.6484375,90586.796875
1397.9967787265778,2,1700.2,28515.390625,90586.796875
1399.0048854351044,2,1368.5,28467.80078125,90586.796875
1400.012582063675,2,1661.5,28421.3203125,90586.796875
1401.020993232727,2,2389.5,28807.2421875,90586.796875
1402.0399942398071,2,4341.4,28741.59375,90586.796875
1403.0500214099884,2,935.9,29293.609375,90586.796875
1404.0585720539093,2,778.4,29618.390625,90586.796875
1405.067079782486,2,494.4,8436.5703125,90586.796875
1406.074337720871,2,853.3,9939.921875,90586.796875
1407.0822055339813,2,3188.6,10060.7890625,90586.796875
1408.1310014724731,2,2272.0,13262.30078125,90586.796875
1409.142994403839,2,4269.0,16472.265625,90586.796875
1410.1608953475952,2,4364.1,16918.984375,90586.796875
1411.1730012893677,2,4577.4,20058.25,90586.796875
1412.1940031051636,2,4685.6,24194.94140625,90586.796875
1413.218269586563,2,4492.5,30278.58203125,90586.796875
1414.2413182258606,2,4470.3,26232.4453125,90586.796875
1415.2550194263458,2,4328.3,24453.4765625,90586.796875
1416.2829940319061,2,4278.9,26169.94140625,90586.796875
1417.3009939193726,2,4494.6,26327.9296875,90586.796875
1418.319583415985,2,4396.0,26521.578125,90586.796875
1419.3297216892242,2,2724.9,26811.60546875,90586.796875
1420.3557171821594,2,3228.5,27028.2890625,90586.796875
1421.3650002479553,2,3885.7,27147.87890625,90586.796875
1422.3847680091858,2,4123.3,27740.484375,90586.796875
1423.399376153946,2,3389.7,28920.41796875,90586.796875
1424.4078373908997,2,1308.3,29552.39453125,90586.796875
1425.4160442352295,2,1264.6,29462.04296875,90586.796875
1426.4242017269135,2,1443.8,29383.65625,90586.796875
1427.434110879898,2,1055.5,29526.36328125,90586.796875
1428.4429931640625,2,2456.1,29966.7578125,90586.796875
1429.4609043598175,2,4291.2,30040.765625,90586.796875
1430.4776079654694,2,1588.6,30474.8984375,90586.796875
1431.4853508472443,2,695.9,30762.5390625,90586.796875
1432.4927270412445,2,405.9,7945.0859375,90586.796875
1433.5004069805145,2,966.2,9578.140625,90586.796875
1434.5089945793152,2,3022.4,9781.09765625,90586.796875
1435.5530326366425,2,2342.6,13534.40234375,90586.796875
1436.5769941806793,2,4339.6,15747.39453125,90586.796875
1437.596003293991,2,4380.2,16210.984375,90586.796875
1438.6160044670105,2,4599.3,21090.5234375,90586.796875
1439.641000509262,2,4657.9,25622.27734375,90586.796875
1440.665730714798,2,4677.0,30423.46875,90586.796875
1441.6900334358215,2,4270.8,20533.44140625,90586.796875
1442.707989692688,2,4604.1,24387.00390625,90586.796875
1443.7200028896332,2,4284.5,24852.94140625,90586.796875
1444.7396309375763,2,4282.1,25271.79296875,90586.796875
1445.7580111026764,2,3327.3,25516.8125,90586.796875
1446.7730066776276,2,3606.9,25828.57421875,90586.796875
1447.7970128059387,2,3868.0,25875.47265625,90586.796875
1448.8048436641693,2,4176.9,26600.0390625,90586.796875
1449.8148074150085,2,3140.1,28263.9375,90586.796875
1450.8235759735107,2,1435.3,28336.61328125,90586.796875
1451.8316781520844,2,1693.7,28291.68359375,90586.796875
1452.8400933742523,2,1187.4,28249.3515625,90586.796875
1453.8489985466003,2,3831.0,28795.0390625,90586.796875
1454.8679237365723,2,3213.7,29252.765625,90586.796875
1455.8753156661987,2,588.7,29452.96875,90586.796875
1456.8826863765717,2,596.6,8677.4375,92634.8125
1457.8899381160736,2,831.4,9312.88671875,90586.796875
1458.8979904651642,2,2213.4,9657.8046875,90586.796875
1459.9349901676178,2,2410.0,12466.73046875,90586.796875
1460.9463939666748,2,4344.2,15546.66796875,90586.796875
1461.9539947509766,2,4313.4,16080.140625,90586.796875
1462.973000049591,2,4590.8,19522.55859375,90586.796875
1463.9939978122711,2,4665.8,24208.6015625,90586.796875
1465.0138475894928,2,4691.5,29779.90625,90586.796875
1466.0374701023102,2,4322.3,19615.078125,90586.796875
1467.0489988327026,2,4607.4,23748.36328125,90586.796875
1468.0650026798248,2,4282.2,24745.8125,90586.796875
1469.0849950313568,2,4364.5,25112.265625,90586.796875
1470.1040172576904,2,3321.4,25402.00390625,90586.796875
1471.1288604736328,2,3666.1,25733.17578125,90586.796875
1472.1491913795471,2,3977.4,25780.828125,90586.796875
1473.1749453544617,2,4054.3,26300.4921875,90586.796875
1474.18599319458,2,3520.8,27912.72265625,90586.796875
1475.2042212486267,2,1560.9,28456.234375,90586.796875
1476.2125685214996,2,1573.8,28413.40625,90586.796875
1477.220189332962,2,1511.3,28160.453125,90586.796875
1478.2279977798462,2,3211.2,28710.81640625,90586.796875
1479.2479948997498,2,3821.9,29007.11328125,90586.796875
1480.2662196159363,2,668.5,29382.6171875,90586.796875
1481.274189710617,2,656.1,17446.87890625,90586.796875
1482.283126592636,2,633.3,8855.4453125,90586.796875
1483.2909908294678,2,1908.7,9541.55859375,90586.796875
1484.324993133545,2,2682.9,12060.62109375,90586.796875
1485.3369936943054,2,4475.6,14400.765625,90586.796875
1486.3550009727478,2,4483.5,16071.8828125,90586.796875
1487.3789966106415,2,4656.5,20708.91796875,90586.796875
1488.399008512497,2,4663.4,22590.26171875,90586.796875
1489.415999174118,2,4425.6,19776.24609375,90586.796875
1490.4380004405975,2,4452.9,20549.6015625,90586.796875
1491.4571707248688,2,3659.8,20933.77734375,90586.796875
1492.4640011787415,2,3117.9,21151.828125,90586.796875
1493.489452123642,2,3693.3,21241.58984375,90586.796875
1494.4977095127106,2,4127.9,22213.0625,90586.796875
1495.5078041553497,2,2157.4,22715.66796875,90586.796875
1496.514633178711,2,1517.5,22673.765625,90586.796875
1497.5228598117828,2,1218.9,22765.09765625,90586.796875
1498.5339069366455,2,4572.2,22807.0390625,90586.796875
1499.5448217391968,2,1500.7,23188.80078125,90586.796875
1500.5573649406433,2,556.6,8638.7578125,90586.796875
1501.564683675766,2,870.0,9578.98828125,90586.796875
1502.5727548599243,2,3982.6,10153.6796875,90586.796875
1503.5805220603943,2,2681.0,14372.625,90586.796875
1504.5989949703217,2,4200.8,15996.28125,90586.796875
1505.6180012226105,2,4495.8,17187.71484375,90586.796875
1506.6427066326141,2,4667.8,21835.71484375,90586.796875
1507.665994644165,2,4672.2,27192.30859375,90586.796875
1508.690237045288,2,4512.9,29610.00390625,90586.796875
1509.7090034484863,2,4257.1,21459.06640625,90586.796875
1510.7363150119781,2,4278.7,24812.796875,90586.796875
1511.7549941539764,2,4421.1,25027.13671875,90586.796875
1512.7730026245117,2,4500.7,25215.578125,90586.796875
1513.7930164337158,2,3390.9,25470.76171875,90586.796875
1514.810881614685,2,3643.3,25917.484375,90586.796875
1515.83700466156,2,3455.7,25936.296875,90586.796875
1516.860995054245,2,4183.5,27286.6953125,90586.796875
1517.8809943199158,2,2689.1,28273.25,90586.796875
1518.889600276947,2,1359.0,28288.5390625,90586.796875
1519.897991657257,2,1831.1,28175.328125,90586.796875
1520.9089932441711,2,1579.7,28420.625,90586.796875
1521.9200031757355,2,4521.4,28896.37109375,90586.796875
1522.9342713356018,2,1724.0,29262.74609375,90586.796875
1523.942801475525,2,689.9,29523.73046875,90586.796875
1524.951588153839,2,534.1,8123.390625,90586.796875
1525.9589455127716,2,955.7,9401.28125,90586.796875
1526.9669904708862,2,3762.8,9634.15625,90586.796875
1528.0051379203796,2,2431.1,14202.6796875,90586.796875
1529.0279958248138,2,4196.8,15870.9453125,90586.796875
1530.0457336902618,2,4469.8,16501.5625,90586.796875
1531.0690019130707,2,4659.7,21261.35546875,90586.796875
1532.0931642055511,2,4715.4,27687.03125,90586.796875
1533.1180131435394,2,4658.9,28580.859375,90586.796875
1534.1420855522156,2,4319.1,21995.13671875,90586.796875
1535.1689891815186,2,4255.4,24852.91015625,90586.796875
1536.1879942417145,2,4466.0,25094.44140625,90586.796875
1537.2110540866852,2,4464.8,25294.8515625,90586.796875
1538.2204625606537,2,3286.5,25504.83984375,90586.796875
1539.2390050888062,2,3668.6,25972.68359375,90586.796875
1540.2650043964386,2,3475.3,26006.30078125,90586.796875
1541.288676738739,2,4206.1,27339.58984375,90586.796875
1542.3066473007202,2,2739.2,28367.046875,90586.796875
1543.3130571842194,2,1344.6,28351.31640625,90586.796875
1544.321496963501,2,1814.2,28273.47265625,90586.796875
1545.3309955596924,2,1527.3,28492.57421875,90586.796875
1546.3499956130981,2,4239.0,28868.95703125,90586.796875
1547.369036436081,2,2092.9,29252.8515625,90586.796875
1548.3770275115967,2,634.1,29483.30078125,90586.796875
1549.3848645687103,2,436.6,7792.734375,90586.796875
1550.3926048278809,2,980.3,9678.26171875,90586.796875
1551.4019982814789,2,2527.6,9850.73046875,90586.796875
1552.445993900299,2,2363.7,12746.17578125,90586.796875
1553.4569466114044,2,4409.5,15834.76953125,90586.796875
1554.4647908210754,2,4311.2,16451.1640625,90586.796875
1555.4830050468445,2,4589.5,19738.6953125,90586.796875
1556.5079958438873,2,4661.2,24010.24609375,90586.796875
1557.5321147441864,2,4671.3,29637.58203125,90586.796875
1558.5582346916199,2,4338.8,23645.90625,90586.796875
1559.582282781601,2,4332.9,23701.19140625,90586.796875
1560.6069934368134,2,4261.9,25342.3359375,90586.796875
1561.6249935626984,2,4444.9,25570.625,90586.796875
1562.6440122127533,2,3876.9,25908.46875,90586.796875
1563.661737203598,2,3225.5,26162.65625,90586.796875
1564.67400765419,2,4015.4,26366.58203125,90586.796875
1565.6977751255035,2,3443.8,26342.33203125,90586.796875
1566.7159962654114,2,4245.4,27748.75390625,90586.796875
1567.7342863082886,2,2761.7,28760.64453125,90586.796875
1568.740104675293,2,1337.2,28761.55078125,90586.796875
1569.747379541397,2,1711.4,28689.4140625,90586.796875
1570.7542629241943,2,1014.0,28737.765625,90586.796875
1571.7649936676025,2,3891.2,29385.34765625,90586.796875
1572.7834527492523,2,3571.3,29646.98046875,90586.796875
1573.7910532951355,2,519.8,29935.25390625,90586.796875
1574.7991769313812,2,663.8,7688.8671875,92634.8125
1575.8070690631866,2,846.5,8804.9140625,90586.796875
1576.8147637844086,2,2678.8,9464.07421875,90586.796875
1577.8234295845032,2,3590.4,12226.79296875,90586.796875
1578.8340020179749,2,4559.3,15049.984375,90586.796875
1579.85800075531,2,4675.9,19896.71875,90586.796875
1580.875006198883,2,4442.0,16915.57421875,90586.796875
1581.8889272212982,2,4283.0,17598.6171875,90586.796875
1582.90709400177,2,3314.7,17840.19140625,90586.796875
1583.9330096244812,2,3063.1,18056.296875,90586.796875
1584.9529962539673,2,4084.2,18857.2734375,90586.796875
1585.9709959030151,2,1691.8,19177.03125,90586.796875
1586.9819943904877,2,1470.9,19078.609375,90586.796875
1587.9889950752258,2,3359.7,19338.68359375,90586.796875
1589.0036673545837,2,1920.1,19564.66796875,90586.796875
1590.0155816078186,2,663.0,8380.5859375,90586.796875
1591.0239934921265,2,1800.6,9383.7109375,90586.796875
1592.058027267456,2,2838.1,12548.23828125,90586.796875
1593.0775573253632,2,4405.0,14089.12890625,90586.796875
1594.0960066318512,2,4557.1,16509.81640625,90586.796875
1595.1156179904938,2,4669.2,21181.359375,90586.796875
1596.1399946212769,2,4252.2,16450.96484375,90586.796875
1597.1569964885712,2,4400.9,20023.2734375,90586.796875
1598.1759979724884,2,4520.9,20138.359375,90586.796875
1599.1943817138672,2,3354.5,20406.11328125,90586.796875
1600.212245464325,2,3839.9,20481.125,90586.796875
1601.221961736679,2,3631.9,21000.54296875,90586.796875
1602.2320301532745,2,3172.2,22057.46875,90586.796875
1603.239651441574,2,1300.7,21945.703125,90586.796875
1604.2483677864075,2,1506.6,21850.796875,90586.796875
1605.2566256523132,2,3603.2,22076.76953125,90586.796875
1606.267508506775,2,2290.1,22426.71484375,90586.796875
1607.2753365039825,2,576.6,8110.51953125,90586.796875
1608.2839930057526,2,1539.6,9338.32421875,90586.796875
1609.3360149860382,2,2872.9,11657.46484375,90586.796875
1610.354522228241,2,4452.7,13872.81640625,90586.796875
1611.3610000610352,2,4480.1,16175.546875,90586.796875
1612.385617017746,2,4659.8,21043.43359375,90586.796875
1613.409461259842,2,4463.6,16407.0390625,90586.796875
1614.4219918251038,2,4411.0,19710.63671875,90586.796875
1615.4409959316254,2,4488.9,19890.83203125,90586.796875
1616.460011959076,2,3466.9,20086.546875,90586.796875
1617.4860017299652,2,3519.8,20398.26953125,90586.796875
1618.5086581707,2,4184.5,21089.71875,90586.796875
1619.5266687870026,2,2290.2,21711.87109375,90586.796875
1620.5342817306519,2,1527.2,21656.69140625,90586.796875
1621.5409936904907,2,1580.6,21679.921875,90586.796875
1622.5519952774048,2,4508.5,21884.19140625,90586.796875
1623.5583097934723,2,775.4,7797.86328125,92634.8125
1624.5655019283295,2,852.1,8919.20703125,90586.796875
1625.5739982128143,2,2905.1,9320.02734375,90586.796875
1626.58185338974,2,2889.9,13425.3359375,90586.796875
1627.595192193985,2,4373.2,14064.87109375,90586.796875
1628.6140005588531,2,4614.1,18188.2578125,90586.796875
1629.6382739543915,2,4591.6,23607.2578125,90586.796875
1630.6577680110931,2,4432.1,18587.3671875,90586.796875
1631.7069993019104,2,4447.9,19707.9609375,90586.796875
1632.726099729538,2,3770.0,20053.7421875,90586.796875
1633.734011888504,2,3464.4,20320.3671875,90586.796875
1634.7585027217865,2,3658.5,20356.125,90586.796875
1635.7689895629883,2,4117.1,21429.65625,90586.796875
1636.7847657203674,2,1431.6,21563.67578125,90586.796875
1637.7911880016327,2,1534.9,21510.3359375,90586.796875
1638.801683664322,2,2804.7,21707.6640625,90586.796875
1639.8140399456024,2,2951.4,22007.390625,90586.796875
1640.8233959674835,2,581.5,7715.40625,90586.796875
1641.830994129181,2,1048.7,8971.0234375,90586.796875
1642.838083267212,2,2917.2,10954.3046875,90586.796875
1643.846994638443,2,3972.6,13980.0,90586.796875
1644.86479139328,2,4485.1,14392.03515625,90586.796875
1645.888279914856,2,4646.9,19442.2734375,90586.796875
1646.9125027656555,2,4669.0,23910.24609375,90586.796875
1647.9366858005524,2,4428.8,19459.265625,90586.796875
1648.9564564228058,2,4453.4,20018.265625,90586.796875
1649.9707293510437,2,3493.4,20443.42578125,90586.796875
1650.97900724411,2,3807.3,20608.7109375,90586.796875
1651.9909930229187,2,3614.3,20806.55078125,90586.796875
1653.00199508667,2,4037.6,22013.546875,90586.796875
1654.0154078006744,2,1361.2,22122.52734375,90586.796875
1655.021900653839,2,1530.6,21997.8515625,90586.796875
1656.0289928913116,2,2794.3,22176.21484375,90586.796875
1657.043544769287,2,3101.9,22401.05078125,90586.796875
1658.0510494709015,2,592.0,7791.26171875,90586.796875
1659.0599920749664,2,1850.6,8752.140625,90586.796875
1660.0920073986053,2,3400.2,11504.546875,90586.796875
1661.1039991378784,2,4291.0,13029.55859375,90586.796875
1662.123645067215,2,4661.8,18502.1015625,90586.796875
1663.148021697998,2,4371.6,15041.47265625,90586.796875
1664.1629467010498,2,4435.6,17164.890625,90586.796875
1665.1861681938171,2,3537.6,17577.59765625,90586.796875
1666.203637599945,2,3837.8,17692.125,90586.796875
1667.2109937667847,2,4019.8,18488.8359375,90586.796875
1668.2290329933167,2,1810.3,18917.06640625,90586.796875
1669.2364518642426,2,1503.1,18769.3359375,90586.796875
1670.2436299324036,2,3217.0,18955.76171875,90586.796875
1671.2541246414185,2,2070.2,19333.26171875,90586.796875
1672.2615084648132,2,799.0,8176.140625,90586.796875
1673.2699975967407,2,2645.6,8711.06640625,90586.796875
1674.3089950084686,2,3229.7,11953.00390625,90586.796875
1675.3290030956268,2,4486.0,14775.0546875,90586.796875
1676.3489990234375,2,4667.6,19418.75390625,90586.796875
1677.3688082695007,2,4422.4,16455.33984375,90586.796875
1678.382993221283,2,4330.2,17417.59375,90586.796875
1679.401159286499,2,3581.2,17717.1015625,90586.796875
1680.4280004501343,2,3709.6,17972.19921875,90586.796875
1681.4432446956635,2,4025.3,18921.2109375,90586.796875
1682.4505369663239,2,1430.0,19226.11328125,90586.796875
1683.4589483737946,2,1455.8,19128.14453125,90586.796875
1684.467128276825,2,3810.7,19339.84375,90586.796875
1685.4778592586517,2,1484.1,19619.4765625,90586.796875
1686.4863891601562,2,985.6,8498.1328125,90586.796875
1687.5029950141907,2,2278.5,9828.12109375,90586.796875
1688.5129945278168,2,4314.4,11482.9921875,90586.796875
1689.5319998264313,2,4625.8,16126.546875,90586.796875
1690.5560863018036,2,4306.1,14886.7578125,90586.796875
1691.574318408966,2,4000.5,15148.19921875,90586.796875
1692.582547903061,2,3325.6,15418.5390625,90586.796875
1693.595532655716,2,3697.5,16359.9765625,90586.796875
1694.6110043525696,2,1345.5,16464.76171875,90586.796875
1695.6189918518066,2,2168.9,16615.1875,90586.796875
1696.6328644752502,2,2818.4,16900.0234375,90586.796875
1697.6422100067139,2,746.9,7753.6953125,90586.796875
1698.6509976387024,2,2513.4,8513.15625,90586.796875
1699.7008163928986,2,3266.5,12427.859375,90586.796875
1700.712994337082,2,4374.4,13162.03515625,90586.796875
1701.7310552597046,2,4578.1,15312.45703125,90586.796875
1702.7429966926575,2,4299.1,16336.19140625,90586.796875
1703.7620134353638,2,3584.5,16615.5390625,90586.796875
1704.786423921585,2,3526.8,16941.05078125,90586.796875
1705.8099915981293,2,3503.9,17748.9921875,91034.796875
1706.8189928531647,2,3941.0,19054.87109375,91034.796875
1707.836874961853,2,1589.4,19124.14453125,91034.796875
1708.8459973335266,2,3828.2,19293.94921875,91034.796875
1709.864140510559,2,2163.5,19657.8515625,91034.796875
1710.8729310035706,2,1092.6,8265.59375,91034.796875
1711.884999513626,2,2769.4,8828.2421875,91034.796875
1712.918931722641,2,3602.7,13134.4375,91034.796875
1713.9390013217926,2,4478.1,14444.42578125,91034.796875
1714.9621319770813,2,4556.7,14663.40625,91034.796875
1715.974992275238,2,4318.8,16578.72265625,91034.796875
1716.993507385254,2,3414.2,16715.4375,91034.796875
1718.002673625946,2,3252.7,16984.26171875,91034.796875
1719.009996175766,2,4446.5,18336.546875,91034.796875
1720.0195627212524,2,3089.8,19097.78125,91034.796875
1721.0263674259186,2,1790.2,19194.15625,91034.796875
1722.0329461097717,2,4535.5,19292.0546875,91034.796875
1723.0388097763062,2,962.4,13116.08203125,91034.796875
1724.0466516017914,2,1840.5,8670.7578125,91034.796875
1725.0556983947754,2,2440.3,10092.2265625,91034.796875
1726.0661685466766,2,4362.3,13302.6953125,91034.796875
1727.0839984416962,2,4592.6,15988.609375,91034.796875
1728.1040253639221,2,4399.5,16227.5703125,91034.796875
1729.112276315689,2,3873.9,16616.578125,91034.796875
1730.1200015544891,2,3547.1,16771.83984375,91034.796875
1731.1320643424988,2,3262.0,17128.3203125,91034.796875
1732.142250776291,2,4489.3,18640.48046875,91034.796875
1733.1604521274567,2,2421.4,19091.8359375,91034.796875
1734.167223930359,2,2679.4,19395.21875,91034.796875
1735.185494184494,2,3521.0,19487.31640625,91034.796875
1736.193306684494,2,579.6,9632.44921875,93082.8125
1737.200851202011,2,2147.4,8714.8984375,91034.796875
1738.2089953422546,2,3503.6,12158.99609375,91034.796875
1739.2249014377594,2,4361.1,13343.03125,91034.796875
1740.243001461029,2,4615.9,17146.06640625,91034.796875
1741.267996788025,2,4291.9,16428.6484375,91034.796875
1742.2900071144104,2,3700.5,16648.84375,91034.796875
1743.3120017051697,2,3155.0,16933.4140625,91034.796875
1744.3364534378052,2,4091.0,17713.25390625,91034.796875
1745.3469936847687,2,4047.9,18936.4765625,91034.796875
1746.359236240387,2,1523.2,19022.5625,91034.796875
1747.3669955730438,2,3939.0,19186.76953125,91034.796875
1748.3779623508453,2,2094.5,19539.78515625,91034.796875
1749.3865451812744,2,1219.2,8240.52734375,91034.796875
1750.3959908485413,2,2860.0,8761.47265625,91034.796875
1751.44899559021,2,3571.5,13110.01953125,91034.796875
1752.4670062065125,2,4478.0,14600.6015625,91034.796875
1753.4920003414154,2,4560.0,14962.78515625,91034.796875
1754.5049998760223,2,4289.3,16564.46875,91034.796875
1755.5238738059998,2,3301.7,16796.64453125,91034.796875
1756.5320007801056,2,3211.9,16951.6875,91034.796875
1757.5430018901825,2,4410.6,18363.69140625,91034.796875
1758.5511479377747,2,3122.1,19153.1171875,91034.796875
1759.558997631073,2,1782.7,19203.73828125,91034.796875
1760.5662796497345,2,4533.7,19278.1640625,91034.796875
1761.5734572410583,2,947.7,13073.796875,91034.796875
1762.5821928977966,2,1900.2,8636.15234375,91034.796875
1763.5906999111176,2,2355.7,9996.171875,91034.796875
1764.6019945144653,2,4394.7,13275.19921875,91034.796875
1765.6210007667542,2,4546.3,15763.48828125,91034.796875
1766.6409182548523,2,4512.8,16127.984375,91034.796875
1767.6540026664734,2,3849.5,16731.48046875,91034.796875
1768.6689991950989,2,3453.3,16867.84375,91034.796875
1769.6888291835785,2,3182.9,17078.69140625,91034.796875
1770.699991941452,2,4504.7,18720.03125,91034.796875
1771.7180750370026,2,2617.6,19128.6953125,91034.796875
1772.7250010967255,2,2421.1,19297.234375,91034.796875
1773.737235546112,2,3903.7,19481.1015625,91034.796875
1774.745273590088,2,648.3,9251.57421875,93082.8125
1775.7524666786194,2,2145.4,8655.8125,91034.796875
1776.7619943618774,2,3287.8,11660.125,91034.796875
1777.7809932231903,2,4364.0,13324.9296875,91034.796875
1778.7990038394928,2,4632.7,17216.8828125,91034.796875
1779.824364900589,2,4285.8,16454.9296875,91034.796875
1780.8430168628693,2,3685.3,16706.4375,91034.796875
1781.8677597045898,2,3155.4,16863.14453125,91034.796875
1782.8758754730225,2,3833.4,17506.3359375,91034.796875
1783.8859939575195,2,4448.4,18729.51953125,91034.796875
1784.9041390419006,2,1692.4,19055.23828125,91034.796875
1785.910992383957,2,3243.0,19266.140625,91034.796875
1786.9252722263336,2,2853.1,19478.69921875,91034.796875
1787.9330785274506,2,845.9,7988.05078125,91034.796875
1788.941555738449,2,2475.0,8722.015625,91034.796875
1789.9917125701904,2,3668.0,12937.703125,91034.796875
1790.9981083869934,2,4406.9,13339.58984375,91034.796875
1792.0120012760162,2,4616.5,14798.81640625,91034.796875
1793.0285007953644,2,4296.6,16454.6640625,91034.796875
1794.047883272171,2,3537.0,16690.796875,91034.796875
1795.0739996433258,2,3187.5,16984.25,91034.796875
1796.093881368637,2,4014.7,17942.0390625,91034.796875
1797.1040933132172,2,3931.7,19240.49609375,91034.796875
1798.1138200759888,2,1423.8,19022.30078125,91034.796875
1799.1219935417175,2,4037.6,19310.47265625,91034.796875
1800.1326031684875,2,2012.1,19538.796875,91034.796875
1801.140495300293,2,1349.5,8253.53515625,91034.796875
1802.149996995926,2,2800.4,8744.88671875,91034.796875
1803.1989917755127,2,3585.3,13126.3359375,91034.796875
1804.2120022773743,2,4473.8,14466.97265625,91034.796875
1805.239233493805,2,4523.3,14978.73046875,91034.796875
1806.254001379013,2,4302.6,16502.7578125,91034.796875
1807.2730832099915,2,3216.5,16703.0,91034.796875
1808.283005952835,2,3190.4,16891.125,91034.796875
1809.2944202423096,2,4399.4,18183.5546875,91034.796875
1810.3054325580597,2,3268.5,19059.3984375,91034.796875
1811.3129920959473,2,1513.8,19069.41015625,91034.796875
1812.3259909152985,2,4545.8,19155.28515625,91034.796875
1813.3363316059113,2,1285.1,19592.5859375,91034.796875
1814.3430817127228,2,1723.4,8452.98046875,91034.796875
1815.3516018390656,2,2333.6,9658.16015625,91034.796875
1816.3609974384308,2,4321.1,13204.453125,91034.796875
1817.3792583942413,2,4558.8,15324.68359375,91034.796875
1818.4044556617737,2,4442.3,15733.94921875,91034.796875
1819.4163265228271,2,4015.9,16674.1015625,91034.796875
1820.4280016422272,2,3365.3,16819.0703125,91034.796875
1821.448000907898,2,3286.1,17111.1015625,91034.796875
1822.471943616867,2,4406.0,18701.97265625,91034.796875
1823.4831428527832,2,2815.7,19145.55859375,91034.796875
1824.4917573928833,2,2053.5,19410.82421875,91034.796875
1825.5022740364075,2,4440.8,19517.71484375,91034.796875
1826.5094335079193,2,659.6,8546.50390625,93082.8125
1827.5175290107727,2,2019.2,8715.984375,91034.796875
1828.5260190963745,2,2828.1,11232.83984375,91034.796875
1829.5399932861328,2,4367.6,13319.83203125,91034.796875
1830.5580027103424,2,4605.9,16260.390625,91034.796875
1831.5779931545258,2,4334.3,16211.24609375,91034.796875
1832.5965871810913,2,3748.2,16569.98828125,91034.796875
1833.6227805614471,2,3464.5,16653.69921875,91034.796875
1834.629994392395,2,3694.7,17352.9453125,91034.796875
1835.6409931182861,2,4445.1,18599.28125,91034.796875
1836.6589753627777,2,1788.6,18955.55859375,91034.796875
1837.6669914722443,2,3183.2,19172.73046875,91034.796875
1838.677128791809,2,2822.9,19340.15234375,91034.796875
1839.6855382919312,2,836.5,7946.07421875,91034.796875
1840.6949932575226,2,2522.1,8715.046875,91034.796875
1841.7432341575623,2,3603.3,13059.3828125,91034.796875
1842.7520055770874,2,4494.9,13578.3046875,91034.796875
1843.7718262672424,2,4600.8,13784.34375,91034.796875
1844.7838034629822,2,4326.9,16456.765625,91034.796875
1845.8074431419373,2,3587.1,16684.328125,91034.796875
1846.8329198360443,2,3181.1,16871.234375,91034.796875
1847.8434031009674,2,4176.6,18077.91015625,91034.796875
1848.8536126613617,2,3549.1,19118.04296875,91034.796875
1849.85963845253,2,1321.0,19076.5703125,91034.796875
1850.8659949302673,2,4452.9,19231.328125,91034.796875
1851.8800225257874,2,1485.4,19630.05859375,91034.796875
1852.889088153839,2,1565.5,8485.0546875,91034.796875
1853.8977715969086,2,2451.3,9519.69140625,91034.796875
1854.9059948921204,2,4167.2,13223.89453125,91034.796875
1855.9240093231201,2,4553.4,15185.66796875,91034.796875
1856.9498925209045,2,4532.7,15612.87890625,91034.796875
1857.961410999298,2,3940.0,16532.28125,91034.796875
1858.9710011482239,2,3453.6,16679.19921875,91034.796875
1859.9915025234222,2,3464.4,16934.83984375,91034.796875
1861.0059969425201,2,4509.2,18502.31640625,91034.796875
1862.0243129730225,2,2520.6,18973.2734375,91034.796875
1863.0307590961456,2,2416.4,19140.3125,91034.796875
1864.0414662361145,2,3832.2,19370.23046875,91034.796875
1865.0506250858307,2,658.5,9066.99609375,93082.8125
1866.0603251457214,2,2248.8,9046.08203125,91034.796875
1867.0709924697876,2,4319.2,11407.2421875,91034.796875
1868.090526342392,2,4495.8,13952.44921875,91034.796875
1869.1020126342773,2,3973.0,14568.4609375,91034.796875
1870.1136982440948,2,3624.6,14986.4765625,91034.796875
1871.1239149570465,2,3937.6,16343.12890625,91034.796875
1872.1325898170471,2,2089.7,16421.1796875,91034.796875
1873.142992258072,2,3301.9,16651.921875,91034.796875
1874.149257183075,2,1035.3,8450.828125,91034.796875
1875.157752275467,2,3248.5,11302.703125,91034.796875
1876.1664471626282,2,4439.7,13234.0234375,91034.796875
1877.1900808811188,2,4273.6,14287.046875,91034.796875
1878.2090013027191,2,3609.0,14529.890625,91034.796875
1879.2287020683289,2,4350.2,15372.33203125,91034.796875
1880.2386438846588,2,2672.3,16038.48828125,91034.796875
1881.2463717460632,2,3354.9,16154.55859375,91034.796875
1882.2589490413666,2,1719.9,8167.16796875,93082.8125
1883.2669916152954,2,2007.7,8365.93359375,91034.796875
1884.294909477234,2,3818.7,11416.765625,91034.796875
1885.3129000663757,2,4506.9,12953.47265625,91034.796875
1886.326012134552,2,4038.7,14486.0859375,91034.796875
1887.351338148117,2,3512.2,14632.703125,91034.796875
1888.3606431484222,2,4392.3,15956.7109375,91034.796875
1889.3689885139465,2,1551.7,16126.72265625,91034.796875
1890.3769516944885,2,3923.4,16384.3984375,91034.796875
1891.3846938610077,2,766.5,8096.23828125,91034.796875
1892.3939995765686,2,2977.6,10306.01953125,91034.796875
1893.409336566925,2,4284.3,12193.2890625,91034.796875
1894.428995847702,2,4332.0,14129.4453125,91034.796875
1895.4470691680908,2,4005.6,14486.1484375,91034.796875
1896.4679918289185,2,3672.3,15194.92578125,91034.796875
1897.4782085418701,2,3368.0,16185.39453125,91034.796875
1898.4881963729858,2,2634.7,16153.81640625,91034.796875
1899.4985365867615,2,2574.1,16495.5390625,91034.796875
1900.5070054531097,2,1700.4,8838.359375,91034.796875
1901.5179979801178,2,4210.5,10018.0625,91034.796875
1902.5293157100677,2,3299.4,10564.15625,91034.796875
1903.5399601459503,2,1885.4,8168.3671875,91034.796875
1904.551010131836,2,2905.1,10217.03515625,91034.796875
1905.5619957447052,2,4302.5,12183.19921875,91034.796875
1906.5805809497833,2,4353.4,14206.83203125,91034.796875
1907.5990014076233,2,4006.6,14518.8828125,91034.796875
1908.6165544986725,2,3806.3,15116.15625,91034.796875
1909.6288933753967,2,3411.2,16195.96875,91034.796875
1910.6379969120026,2,2454.6,16191.46875,91034.796875
1911.6489293575287,2,2828.9,16512.328125,91034.796875
1912.6689956188202,2,1351.8,8275.3828125,91034.796875
1913.6970019340515,2,4097.4,10826.17578125,91034.796875
1914.7170169353485,2,4115.9,11992.8046875,91034.796875
1915.7424759864807,2,3950.6,12692.4140625,91034.796875
1916.753990650177,2,2470.0,13132.4453125,91034.796875
1917.7639174461365,2,2990.8,13291.9375,91034.796875
1918.7722795009613,2,1580.9,8898.9921875,91034.796875
1919.7819998264313,2,4430.3,11392.5390625,91034.796875
1920.7979981899261,2,4013.6,11995.3125,91034.796875
1921.8089952468872,2,3952.8,12824.140625,91034.796875
1922.8268749713898,2,2599.0,13070.3984375,91034.796875
1923.8373403549194,2,2436.6,7277.359375,90522.765625
1924.844714164734,2,65.5,4867.203125,83866.640625
1925.8530848026276,2,102.3,4769.00390625,83866.640625
