elapsed_time,nproc,cpu,mem_real,mem_virtual
3.886222839355469e-05,1,0.0,4.90234375,7.65234375
1.0060315132141113,4,0.0,437.6875,4200.32421875
2.0145981311798096,4,99.2,612.19140625,4386.32421875
3.022287607192993,4,100.2,608.578125,4446.32421875
4.030371427536011,4,99.2,607.1015625,4446.32421875
5.038526773452759,4,100.2,611.9765625,4446.32421875
6.046691179275513,4,99.2,620.38671875,4494.32421875
7.05436372756958,4,99.2,613.8671875,4494.32421875
8.062416791915894,4,99.9,601.48828125,4494.32421875
9.073550939559937,4,99.9,613.75390625,4494.32421875
10.084835290908813,4,99.9,669.32421875,4494.32421875
11.095525979995728,4,99.9,715.3203125,4550.32421875
12.106350183486938,4,99.0,771.328125,4614.32421875
13.116518497467041,4,99.9,823.328125,4700.32421875
14.12775468826294,4,99.9,871.328125,4700.32421875
15.138451337814331,4,99.0,923.328125,4796.32421875
16.14893913269043,4,99.9,967.14453125,4796.32421875
17.159721851348877,2,0.0,167.3125,244.3125
18.171061277389526,2,0.0,315.3515625,3871.40234375
19.181269645690918,2,100.0,497.78515625,4729.43359375
20.191528797149658,2,99.9,499.78515625,4729.43359375
21.20241904258728,2,99.9,501.78515625,4729.43359375
22.213196754455566,2,100.0,503.78515625,4729.43359375
23.223021984100342,2,2495.2,1247.6953125,8823.87890625
24.248162031173706,2,4745.1,1740.64453125,9359.87890625
25.274027824401855,2,4761.0,2163.03515625,9805.37890625
26.300019025802612,2,4770.0,2366.171875,10048.37890625
27.326016902923584,2,4761.6,2411.96484375,10187.36328125
28.35202121734619,2,4761.6,2493.9453125,10346.36328125
29.378020763397217,2,4757.8,2625.0546875,10559.36328125
30.40701937675476,2,4757.7,2592.65625,10632.36328125
31.43271803855896,2,4760.1,2730.80859375,10835.36328125
32.458027839660645,2,4741.3,2861.6796875,11140.36328125
33.484026193618774,2,4749.9,3065.4765625,11386.36328125
34.50991868972778,2,4755.9,3023.8359375,11446.36328125
35.53603148460388,2,4750.8,3032.51171875,11491.36328125
36.56202006340027,2,4744.4,3027.98828125,11603.36328125
37.58885407447815,2,4741.4,3129.08203125,11859.36328125
38.61501932144165,2,4757.0,3115.76171875,11899.36328125
39.6330201625824,2,4750.2,3142.015625,11974.36328125
40.659016847610474,2,4754.4,3142.91015625,12023.36328125
41.67666244506836,2,4745.9,3154.20703125,12111.36328125
42.69901919364929,2,4756.0,3102.08203125,12111.36328125
43.72502040863037,2,4743.0,3120.25390625,12160.36328125
44.750614643096924,2,4745.6,3024.87109375,12182.36328125
45.77601909637451,2,4764.3,2980.109375,12182.36328125
46.80302095413208,2,4753.4,3038.75,12220.36328125
47.82901644706726,2,4752.7,3040.94140625,12308.36328125
48.854307651519775,2,4744.8,3168.9453125,12436.36328125
49.88001608848572,2,4752.0,3169.51953125,12506.36328125
50.91267442703247,2,4755.5,3155.62890625,12520.36328125
51.938244581222534,2,4748.8,3177.9921875,12580.36328125
52.96401858329773,2,4756.1,3171.890625,12668.36328125
53.99001717567444,2,4742.1,3178.20703125,12694.36328125
55.016019344329834,2,4744.5,3085.75390625,12710.36328125
56.02887558937073,2,4754.9,2999.8203125,12710.36328125
57.05502223968506,2,4751.8,3011.57421875,12822.36328125
58.08102297782898,2,4758.3,2949.20703125,12864.36328125
59.107022285461426,2,4752.7,3022.125,12878.36328125
60.133018016815186,2,4753.5,3210.203125,12938.36328125
61.159013509750366,2,4748.6,3160.3125,13006.36328125
62.18501353263855,2,4750.2,3108.69921875,13006.36328125
63.214017391204834,2,4757.2,3129.984375,13006.36328125
64.23963284492493,2,4742.6,3145.125,13058.36328125
65.26401352882385,2,4752.2,3120.1640625,13094.36328125
66.29003119468689,2,4751.6,3259.5703125,13274.36328125
67.3140196800232,2,4753.7,3257.921875,13314.36328125
68.3400182723999,2,4750.5,3344.17578125,13366.36328125
69.3656096458435,2,4753.2,3278.44140625,13386.36328125
70.39002180099487,2,4742.8,3331.79296875,13386.36328125
71.41602325439453,2,4482.1,3413.33203125,13498.36328125
72.44182324409485,2,4440.2,3383.12109375,13508.36328125
73.46801900863647,2,4624.1,3448.66015625,13562.36328125
74.49382209777832,2,4626.8,3438.73828125,13562.36328125
75.52002143859863,2,4601.1,3374.0625,13574.36328125
76.54302191734314,2,4623.0,3337.01171875,13634.36328125
77.56902170181274,2,4583.5,3272.41796875,13650.36328125
78.59503293037415,2,4667.1,3303.0546875,13674.36328125
79.62102031707764,2,4595.6,3272.484375,13674.36328125
80.64701890945435,2,4745.8,3283.39453125,13674.36328125
81.67301678657532,2,4748.0,3354.453125,13674.36328125
82.69902205467224,2,4651.7,3325.1484375,13674.36328125
83.72501921653748,2,4548.5,3349.1015625,13674.36328125
84.75101971626282,2,4543.4,3357.10546875,13696.36328125
85.77702069282532,2,4535.7,3288.1484375,13696.36328125
86.80301928520203,2,4553.6,3314.72265625,13708.36328125
87.82902336120605,2,4657.4,3331.7734375,13708.36328125
88.85477232933044,2,4553.1,3249.4453125,13732.36328125
89.88101935386658,2,4674.0,3329.44140625,13802.36328125
90.89437675476074,2,4731.6,3486.3046875,13950.36328125
91.92101955413818,2,4736.3,3533.06640625,13976.36328125
92.94701814651489,2,4716.2,3662.9375,13976.36328125
93.97281789779663,2,4718.0,3563.578125,13990.36328125
95.00002598762512,2,4711.8,3530.9765625,13990.36328125
96.02291369438171,2,4552.9,3671.453125,14142.36328125
97.04902291297913,2,4564.7,3818.8671875,14262.36328125
98.07502269744873,2,4605.6,3760.16796875,14262.36328125
99.10101652145386,2,4601.8,3821.80859375,14342.36328125
100.12602305412292,2,4629.1,3848.18359375,14342.36328125
101.15302324295044,2,4568.6,3901.66015625,14366.36328125
102.17839741706848,2,4555.8,4065.23046875,14394.36328125
103.20741248130798,2,4627.5,4087.01171875,14442.36328125
104.23201966285706,2,4572.6,4147.42578125,14498.36328125
105.2570161819458,2,4580.3,4175.3515625,14498.36328125
106.28302121162415,2,4660.9,4179.2890625,14514.36328125
107.30902290344238,2,4747.1,4262.67578125,14534.36328125
108.3350191116333,2,4730.4,4183.46875,14558.36328125
109.36101770401001,2,4748.3,4267.5,14714.36328125
110.3869137763977,2,4730.9,4473.37890625,14836.36328125
111.41303086280823,2,4722.6,4517.95703125,14900.36328125
112.43863987922668,2,4742.2,4564.70703125,14972.36328125
113.46501803398132,2,4744.2,4519.91015625,15044.36328125
114.49062538146973,2,4745.2,4521.93359375,15096.36328125
115.51701927185059,2,4740.5,4530.03125,15096.36328125
116.54277181625366,2,4739.6,4547.45703125,15096.36328125
117.5681779384613,2,4616.1,4518.8984375,15116.36328125
118.59401679039001,2,4593.7,4445.234375,15116.36328125
119.62001490592957,2,4505.5,4502.125,15152.36328125
120.6460235118866,2,4555.4,4412.84375,15152.36328125
121.6713535785675,2,4739.2,4402.3984375,15176.36328125
122.6980197429657,2,4649.5,4425.21484375,15224.36328125
123.72321200370789,2,4694.9,4465.7578125,15292.36328125
124.7490177154541,2,4570.9,4549.609375,15446.36328125
125.7760214805603,2,4510.5,4487.5625,15466.36328125
126.80201840400696,2,4564.9,4531.40234375,15482.36328125
127.82765460014343,2,4637.4,4505.140625,15482.36328125
128.854022026062,2,4696.1,4356.48828125,15482.36328125
129.87938857078552,2,4624.1,4290.9375,15482.36328125
130.90601873397827,2,4576.2,4237.3359375,15482.36328125
131.93202686309814,2,4609.6,4228.05078125,15482.36328125
132.95802092552185,2,4663.3,4270.484375,15550.36328125
133.9837203025818,2,4659.6,4460.52734375,15658.36328125
135.01001715660095,2,4602.5,4838.01171875,16136.36328125
136.03573656082153,2,4495.7,5035.5390625,16242.36328125
137.0610167980194,2,4634.7,4932.7421875,16256.36328125
138.08801746368408,2,4506.9,4852.70703125,16256.36328125
139.11401772499084,2,4325.5,4838.703125,16256.36328125
140.14001536369324,2,4316.9,4788.8203125,16256.36328125
141.16501426696777,2,4084.2,5143.4375,16502.36328125
142.19112539291382,2,4155.3,5281.91796875,16614.36328125
143.2140188217163,2,4138.4,5182.6953125,16630.36328125
144.24001955986023,2,4333.8,5142.54296875,16630.36328125
145.26544833183289,2,4326.1,5160.28125,16680.36328125
146.29224562644958,2,4348.7,5232.05078125,16680.36328125
147.31902384757996,2,4326.6,5181.48828125,16704.36328125
148.38501691818237,2,4312.1,5107.8125,16704.36328125
149.4141664505005,2,3811.4,5040.1328125,16704.36328125
150.44201517105103,2,3927.9,4928.1328125,16704.36328125
151.4676661491394,2,4186.1,4837.19140625,16704.36328125
152.49501943588257,2,4328.9,4783.4453125,16704.36328125
153.52220582962036,2,4447.5,4688.828125,16704.36328125
154.54801869392395,2,4515.9,4800.16796875,16728.36328125
155.5750172138214,2,4735.9,4823.5390625,16728.36328125
156.60101962089539,2,4732.3,4964.8828125,16752.36328125
157.61501836776733,2,4733.0,4952.70703125,16804.36328125
158.64101386070251,2,4738.8,5079.828125,16864.36328125
159.66801261901855,2,4739.3,5535.734375,17298.36328125
160.6940197944641,2,4736.4,5672.46875,17410.36328125
161.72001600265503,2,4753.5,5619.0625,17410.36328125
162.7460105419159,2,4743.7,5751.72265625,17410.36328125
163.7720181941986,2,4754.1,5756.70703125,17410.36328125
164.79801893234253,2,4749.2,5737.86328125,17410.36328125
165.82341694831848,2,4745.9,5956.2421875,17510.36328125
166.84901428222656,2,4755.5,6009.63671875,17590.36328125
167.87501764297485,2,4749.5,6078.9140625,17622.36328125
168.90102124214172,2,4744.5,5986.55859375,17682.36328125
169.92673444747925,2,4752.1,5929.703125,17682.36328125
170.95301842689514,2,4743.1,5935.359375,17682.36328125
171.97848200798035,2,4745.8,5823.984375,17682.36328125
173.00502038002014,2,4736.5,5840.08984375,17714.36328125
174.0307309627533,2,4740.8,5842.21875,17714.36328125
175.05629968643188,2,4740.5,5792.0703125,17714.36328125
176.08214330673218,2,4732.7,5829.90234375,17714.36328125
177.09502959251404,2,4566.9,5683.7265625,17714.36328125
178.12096238136292,2,4543.4,5617.42578125,17714.36328125
179.14801669120789,2,4282.2,5563.09375,17714.36328125
180.17001485824585,2,3603.9,5517.78125,17714.36328125
181.19701957702637,2,4014.7,5435.5234375,17714.36328125
182.22302508354187,2,4057.3,5373.86328125,17714.36328125
183.2390239238739,2,3948.1,5327.60546875,17714.36328125
184.2940218448639,2,4067.0,5523.171875,17866.36328125
185.32246851921082,2,3940.6,5460.69921875,17866.36328125
186.35002279281616,2,3980.1,5561.7109375,17866.36328125
187.37801861763,2,4246.5,5444.2265625,17866.36328125
188.403737783432,2,4343.8,5364.80078125,17866.36328125
189.4295654296875,2,4437.6,5454.50390625,17866.36328125
190.45601630210876,2,4560.9,5377.0390625,17866.36328125
191.48404026031494,2,4592.8,5398.94921875,17866.36328125
192.51501631736755,2,4697.3,5365.1171875,17866.36328125
193.54470419883728,2,4710.5,5507.26171875,17866.36328125
194.57102155685425,2,4747.8,5569.22265625,17866.36328125
195.59623336791992,2,4743.6,5597.953125,17866.36328125
196.62201952934265,2,4744.8,5607.35546875,17866.36328125
197.64801740646362,2,4747.6,5720.05859375,17978.36328125
198.6750168800354,2,4705.1,5774.86328125,18166.36328125
199.70101928710938,2,4702.4,5655.234375,18172.36328125
200.72618913650513,2,4630.7,5592.69921875,18172.36328125
201.7517318725586,2,4467.0,5754.84765625,18200.36328125
202.77802801132202,2,4218.8,5814.5625,18200.36328125
203.80402207374573,2,4315.9,5706.25390625,18200.36328125
204.8310170173645,2,4099.5,5686.91796875,18232.36328125
205.8570249080658,2,4194.7,5679.234375,18232.36328125
206.8825466632843,2,4196.4,5682.88671875,18232.36328125
207.90821623802185,2,4327.2,5637.7421875,18232.36328125
208.93701934814453,2,4307.7,5630.61328125,18232.36328125
209.95501470565796,2,4313.8,5598.74609375,18232.36328125
210.98702144622803,2,4333.8,5670.2578125,18232.36328125
212.01301860809326,2,4361.7,5739.1484375,18232.36328125
213.038902759552,2,4239.9,5836.1796875,18232.36328125
214.06502056121826,2,4032.6,5752.4140625,18232.36328125
215.09201908111572,2,4174.0,5887.26171875,18232.36328125
216.11801886558533,2,4280.4,5907.09765625,18352.36328125
217.1436984539032,2,4352.4,5909.44921875,18352.36328125
218.1695692539215,2,4538.8,5935.88671875,18352.36328125
219.19601440429688,2,4595.8,5910.9296875,18352.36328125
220.22101545333862,2,4716.3,5900.85546875,18352.36328125
221.24801874160767,2,4726.3,5882.3046875,18352.36328125
222.27504181861877,2,4637.1,5876.28515625,18352.36328125
223.3130190372467,2,4617.3,5809.96875,18352.36328125
224.3390154838562,2,4473.4,5759.2890625,18380.36328125
225.36654829978943,2,4457.8,5760.875,18400.36328125
226.3930172920227,2,4096.3,5762.1328125,18432.36328125
227.4270203113556,2,4073.6,5731.37890625,18460.36328125
228.45401620864868,2,4135.9,5766.15625,18460.36328125
229.48001885414124,2,4084.9,5729.8046875,18460.36328125
230.5080201625824,2,3964.0,5926.91796875,18544.36328125
231.53401851654053,2,4069.0,5809.1875,18544.36328125
232.55972909927368,2,4098.7,5910.09375,18696.36328125
233.58602142333984,2,4125.8,5925.4453125,18728.36328125
234.63501977920532,2,4104.9,5867.69140625,18728.36328125
235.66090202331543,2,4099.3,5939.54296875,18728.36328125
236.68691515922546,2,4136.2,6057.39453125,18896.36328125
237.75104689598083,2,3650.0,6088.06640625,19056.36328125
238.7916440963745,2,2837.8,6000.1953125,19056.36328125
239.82666015625,2,3747.4,5939.94140625,19056.36328125
240.85301971435547,2,3927.5,6085.19921875,19160.36328125
241.87602734565735,2,3696.1,6096.7578125,19160.36328125
242.95602250099182,2,3551.0,6054.70703125,19192.36328125
243.98202252388,2,3865.5,6114.39453125,19192.36328125
245.0510196685791,2,3300.4,6118.9140625,19192.36328125
246.07702231407166,2,3965.5,6094.875,19192.36328125
247.10302686691284,2,4083.1,6205.62109375,19192.36328125
248.13002395629883,2,2892.3,6324.28515625,19256.36328125
249.1720175743103,2,3718.5,6202.5703125,19256.36328125
250.1980218887329,2,4052.9,6330.9765625,19256.36328125
251.22401523590088,2,3873.4,6309.55859375,19256.36328125
252.2770266532898,2,3430.0,6320.68359375,19256.36328125
253.3070228099823,2,2695.4,6509.48046875,19260.36328125
254.35002660751343,2,2570.4,6423.0546875,19260.36328125
255.3890221118927,2,2833.8,6413.84375,19260.36328125
256.4210226535797,2,3138.6,6398.375,19260.36328125
257.44802021980286,2,3989.2,6407.5234375,19260.36328125
258.4660141468048,2,4114.3,6359.71484375,19260.36328125
259.4920127391815,2,3985.5,6497.5546875,19260.36328125
260.5400142669678,2,2962.9,6398.75,19260.36328125
261.5840194225311,2,2973.2,6336.12890625,19260.36328125
262.62602257728577,2,3013.6,6266.59765625,19260.36328125
263.6610291004181,2,3173.0,6585.375,19388.36328125
264.6872832775116,2,3755.9,6899.28515625,19636.36328125
265.71402287483215,2,4108.1,6845.85546875,19684.36328125
266.7410190105438,2,4147.4,6734.3046875,19684.36328125
267.7776560783386,2,4149.2,6721.88671875,19708.36328125
268.8030204772949,2,4072.0,6544.59765625,19708.36328125
269.8300199508667,2,3501.4,6540.33203125,19748.36328125
270.9110267162323,2,3167.2,6534.91015625,19748.36328125
271.93901658058167,2,3378.3,6434.21484375,19748.36328125
272.9644742012024,2,3633.3,6321.13671875,19748.36328125
273.99001288414,2,3986.1,6167.47265625,19748.36328125
275.01657581329346,2,4445.8,6071.95703125,19748.36328125
276.04202127456665,2,4643.8,6132.6328125,19748.36328125
277.0676803588867,2,4647.4,6223.0234375,19780.36328125
278.0930190086365,2,4624.3,6278.71875,19780.36328125
279.119012594223,2,4351.0,6242.203125,19836.36328125
280.1450204849243,2,3173.6,6348.5703125,19840.36328125
281.17102336883545,2,3162.7,6442.21875,19904.36328125
282.1970183849335,2,3263.6,6492.53125,19984.36328125
283.22301602363586,2,3260.0,6501.1328125,20040.36328125
284.24901604652405,2,3403.4,6474.015625,20104.36328125
285.27501940727234,2,3696.6,6690.1171875,20144.36328125
286.30101704597473,2,4110.0,7049.40625,20252.36328125
287.3270192146301,2,4317.0,7120.65625,20256.36328125
288.3530170917511,2,4306.3,6992.4375,20256.36328125
289.3790190219879,2,4221.6,7069.4296875,20256.36328125
290.40501713752747,2,4301.6,7350.65625,20344.36328125
291.43140602111816,2,4390.3,7322.5859375,20376.36328125
292.4580166339874,2,4252.9,7388.203125,20404.36328125
293.48501443862915,2,4273.8,7265.52734375,20404.36328125
294.5120198726654,2,3911.2,7173.45703125,20404.36328125
295.61901664733887,2,4073.5,7169.16015625,20464.36328125
296.643018245697,2,4301.5,7042.03515625,20464.36328125
297.6714217662811,2,4349.4,7181.46484375,20464.36328125
298.6993615627289,2,4615.4,7401.26171875,20536.36328125
299.7268009185791,2,4547.6,7423.42578125,20536.36328125
300.75194692611694,2,4578.0,7602.4453125,20536.36328125
301.7770164012909,2,4504.3,7948.765625,20814.36328125
302.8025748729706,2,4577.4,7757.63671875,20862.36328125
303.83001804351807,2,4481.8,7728.359375,20862.36328125
304.86901664733887,2,4256.6,7741.80859375,20886.36328125
305.8960220813751,2,4275.8,7802.296875,20938.36328125
306.92159724235535,2,4119.1,7770.52734375,21062.36328125
307.953013420105,2,4185.9,7768.2578125,21062.36328125
308.9826591014862,2,4392.7,7798.421875,21062.36328125
310.00208950042725,2,4323.1,8070.9765625,21274.36328125
311.01545763015747,2,4242.8,8817.59765625,21968.36328125
312.0287175178528,2,4231.4,9107.71484375,22904.36328125
313.04492592811584,2,4008.8,9448.67578125,23416.36328125
314.05793595314026,2,3796.2,9559.7578125,23444.36328125
315.07106375694275,2,3529.0,9537.85546875,23828.36328125
316.08411145210266,2,3461.4,9688.4609375,24304.36328125
317.09612679481506,2,3212.0,9424.9453125,24304.36328125
318.10793137550354,2,3128.5,9284.29296875,24304.36328125
319.12055921554565,2,2963.3,9189.59375,24304.36328125
320.13328766822815,2,2783.6,8903.5390625,24428.36328125
321.1452622413635,2,2666.6,9274.78125,24848.36328125
322.15779185295105,2,2458.2,8947.89453125,24848.36328125
323.169899225235,2,2294.3,8972.8046875,24940.36328125
324.18239545822144,2,2181.2,8896.015625,25064.36328125
325.19515204429626,2,2186.1,8894.8125,25156.36328125
326.20840644836426,2,2158.2,9088.07421875,25384.36328125
327.2193851470947,2,2027.0,8653.0703125,25432.36328125
328.23171973228455,2,1889.9,8567.1796875,25432.36328125
329.24285769462585,2,1891.6,8468.99609375,25432.36328125
330.25471472740173,2,1891.9,8441.44140625,25432.36328125
331.2663745880127,2,1890.9,8169.0703125,25432.36328125
332.2780191898346,2,1823.6,7974.5625,25432.36328125
333.2859055995941,2,1796.5,7837.7109375,25432.36328125
334.29512763023376,2,1706.7,7951.12890625,25432.36328125
335.30588388442993,2,1615.5,7690.25,25432.36328125
336.31732749938965,2,1593.0,7728.5,25432.36328125
337.3280258178711,2,1496.1,7498.359375,25432.36328125
338.3386149406433,2,1496.3,7478.0859375,25432.36328125
339.3470792770386,2,1444.4,7346.11328125,25432.36328125
340.3564579486847,2,1300.0,7214.45703125,25432.36328125
341.3641583919525,2,1298.0,7048.7265625,25432.36328125
342.3734247684479,2,1295.9,6933.53125,25432.36328125
343.38202953338623,2,1288.5,6767.87890625,25432.36328125
344.3916847705841,2,1111.7,6618.296875,25432.36328125
345.3991422653198,2,801.3,6503.37109375,25432.36328125
346.40742588043213,2,673.8,6365.97265625,25432.36328125
347.4166166782379,2,575.1,6252.7578125,25432.36328125
348.425208568573,2,344.0,6057.59765625,25432.36328125
349.4339120388031,2,205.4,5944.93359375,25432.36328125
350.44167280197144,2,206.4,5805.734375,25432.36328125
351.44931864738464,2,206.5,5644.76171875,25432.36328125
352.456574678421,2,206.4,5489.1015625,25432.36328125
353.4644465446472,2,205.0,5333.26171875,25432.36328125
354.4743776321411,2,204.8,5109.8203125,25432.36328125
355.48502683639526,2,117.7,4945.51171875,25432.36328125
356.4957504272461,2,102.9,4843.25,25432.36328125
357.50596261024475,2,104.8,4763.26953125,25432.36328125
358.5172166824341,2,103.8,4666.4296875,25432.36328125
359.5284125804901,2,104.9,4555.90625,25432.36328125
360.5389039516449,2,104.9,4420.5625,25432.36328125
361.5495111942291,2,102.9,4311.2578125,25432.36328125
362.5597405433655,2,103.9,4220.87109375,25432.36328125
363.5706126689911,2,102.8,4165.609375,25432.36328125
364.58224749565125,2,100.6,4134.7265625,25432.36328125
365.5964443683624,2,100.9,4113.53125,25432.36328125
366.607097864151,2,100.2,4105.3359375,25432.36328125
367.6151189804077,2,100.9,4096.1796875,25432.36328125
368.6264262199402,2,101.0,4083.96875,25432.36328125
369.63661885261536,2,100.2,4062.4375,25432.36328125
370.6441373825073,2,99.2,4055.91015625,25432.36328125
371.6520447731018,2,100.2,4048.73046875,25432.36328125
372.65989351272583,2,100.0,4046.81640625,25432.36328125
373.66948080062866,2,100.1,4197.8515625,25432.36328125
374.6783308982849,2,100.1,4208.484375,25432.36328125
375.6876802444458,2,100.0,4128.88671875,25656.36328125
376.69802618026733,2,102.6,4125.18359375,25656.36328125
377.71178817749023,2,102.5,4076.63671875,25656.36328125
378.7261528968811,2,103.9,4071.29296875,25656.36328125
379.736469745636,2,101.0,4246.04296875,25656.36328125
380.7466413974762,2,99.9,4454.47265625,25656.36328125
381.7581379413605,2,100.0,4581.84375,25656.36328125
382.7684795856476,2,99.9,4621.76953125,25656.36328125
383.7797565460205,2,101.8,4081.6171875,25656.36328125
384.79115748405457,2,103.0,4041.89453125,25656.36328125
385.8012282848358,2,101.9,4018.546875,25656.36328125
386.81189370155334,2,101.9,4004.99609375,25656.36328125
387.822322845459,2,103.0,3954.390625,25656.36328125
388.83230566978455,2,103.9,3901.23046875,25656.36328125
389.8427700996399,2,102.9,3861.13671875,25656.36328125
390.85321712493896,2,102.9,3792.50390625,25656.36328125
391.8638563156128,2,103.0,3674.90234375,25656.36328125
392.8738684654236,2,101.9,3615.5390625,25656.36328125
393.88465547561646,2,99.9,3919.41796875,25656.36328125
394.89580154418945,2,100.0,3896.0546875,25656.36328125
395.9057893753052,2,100.0,3926.91796875,25656.36328125
396.91611909866333,2,100.9,3773.9921875,25656.36328125
397.92744541168213,2,100.0,3882.96875,25656.36328125
398.93756556510925,2,101.9,3696.5859375,25656.36328125
399.9482111930847,2,102.9,3665.9375,25656.36328125
400.9591658115387,2,101.9,3635.921875,25656.36328125
401.9694414138794,2,102.0,3594.8515625,25656.36328125
402.979611158371,2,101.0,3598.26171875,25656.36328125
403.9899446964264,2,101.9,3539.58984375,25656.36328125
405.00041151046753,2,98.9,3739.5234375,25656.36328125
406.011310338974,2,104.9,3466.88671875,25656.36328125
407.0222065448761,2,101.0,3442.046875,25656.36328125
408.0322229862213,2,100.0,3427.66015625,25656.36328125
409.0422830581665,2,101.0,3411.89453125,25656.36328125
410.05206775665283,2,99.9,3414.62109375,25656.36328125
411.06275701522827,2,99.9,3398.50390625,25656.36328125
412.07367181777954,2,100.0,3432.78515625,25656.36328125
413.08390641212463,2,100.0,3581.22265625,25656.36328125
414.09388542175293,2,98.9,3736.5390625,25656.36328125
415.1049304008484,2,100.9,3560.5390625,25656.36328125
416.11558771133423,2,101.0,3552.2890625,25656.36328125
417.1258339881897,2,101.0,3529.5859375,25656.36328125
418.135977268219,2,101.0,3513.74609375,25656.36328125
419.1463770866394,2,99.8,3746.39453125,25656.36328125
420.1579575538635,2,102.8,3628.171875,25656.36328125
421.16932129859924,2,99.9,3744.5,25656.36328125
422.1805908679962,2,99.9,3769.453125,25656.36328125
423.1913197040558,2,100.0,3697.65625,25656.36328125
424.20147800445557,2,98.9,3788.6953125,25656.36328125
425.2125778198242,2,101.9,3642.45703125,25656.36328125
426.22386264801025,2,101.9,3622.9453125,25656.36328125
427.23464584350586,2,101.9,3574.07421875,25656.36328125
428.24574184417725,2,101.9,3543.16015625,25656.36328125
429.2561447620392,2,101.8,3515.27734375,25656.36328125
430.26759362220764,2,111.9,3152.9140625,25656.36328125
431.2776701450348,2,744.5,3318.84765625,25656.36328125
432.28780031204224,2,113.8,3405.4453125,25800.375
433.2986466884613,2,108.9,3258.78125,25896.45703125
434.30876421928406,2,109.8,3537.07421875,26488.45703125
435.3200087547302,2,948.5,3626.34375,27832.45703125
436.34543681144714,2,1431.7,4554.49609375,35512.54296875
437.3567781448364,2,1852.7,6401.23046875,32976.53125
438.3677189350128,2,765.3,3524.12890625,40528.48828125
439.37643480300903,2,3551.9,4540.82421875,40528.48828125
440.3885860443115,2,4601.7,6343.9375,40528.48828125
441.40864300727844,2,3335.5,6766.76953125,40528.48828125
442.41903376579285,2,2554.3,6858.02734375,40528.48828125
443.42944860458374,2,1003.3,4004.32421875,40528.48828125
444.4420063495636,2,3516.0,5770.734375,40528.48828125
445.46641993522644,2,4560.8,7515.4140625,46672.48828125
446.49082589149475,2,3626.9,7729.37890625,46672.48828125
447.5030081272125,2,3723.6,8388.09765625,46672.48828125
448.5274727344513,2,2390.9,8478.7734375,46672.48828125
449.53801250457764,2,3542.3,8562.40625,46672.48828125
450.55000829696655,2,1973.0,3438.73828125,44624.45703125
451.5757999420166,2,4782.5,3306.36328125,44624.45703125
452.60097575187683,2,4727.9,3232.76953125,44624.45703125
453.62100553512573,2,4395.0,3317.046875,44624.45703125
454.64000630378723,2,4719.8,3288.41015625,44624.45703125
455.65900683403015,2,2726.5,3422.7578125,44624.45703125
456.68052911758423,2,324.3,3192.8828125,44624.45703125
457.6887278556824,2,99.1,3163.84765625,44624.45703125
458.6976761817932,2,126.0,3374.4765625,44630.4765625
459.7058494091034,2,100.1,4016.4765625,44630.4765625
460.7146415710449,2,100.2,4130.09765625,44630.4765625
461.72236251831055,4,27.8,4388.296875,44903.91015625
462.7310745716095,4,101.1,4620.90625,45154.125
463.7403652667999,4,100.1,4875.8125,45411.58203125
464.7491207122803,4,99.2,5049.6640625,45604.41015625
465.7571806907654,4,98.9,5380.7890625,45935.5703125
466.76794958114624,4,99.9,5724.1171875,46290.96484375
467.77875328063965,4,99.9,6074.3671875,46641.07421875
468.7897307872772,4,100.0,6431.3671875,46998.38671875
469.800222158432,4,100.8,6793.6171875,47360.484375
470.81192660331726,4,100.0,7155.8671875,47722.453125
471.82203674316406,4,99.0,7516.2421875,48082.875
472.8324272632599,4,99.9,7877.3671875,48444.0703125
473.84361934661865,4,99.9,8233.2421875,48800.109375
474.8548016548157,4,99.8,8588.01171875,49156.27734375
475.86633372306824,4,99.9,8932.63671875,49500.84375
476.87687039375305,4,98.9,9267.51171875,49835.7421875
477.88792610168457,4,100.7,9597.88671875,50166.0
478.9004235267639,4,99.9,9935.38671875,50505.5390625
479.91165709495544,4,99.8,10289.38671875,50859.7734375
480.92368268966675,4,100.0,10649.38671875,51219.9375
481.9338719844818,4,99.8,10963.63671875,51534.33984375
482.94541573524475,4,99.8,11325.13671875,51896.05078125
483.9570508003235,4,99.9,11685.2734375,52258.01953125
484.96836590766907,4,100.0,12046.3984375,52619.0859375
485.9786567687988,4,98.9,12371.5234375,52943.9296875
486.98997378349304,4,99.9,12715.3984375,53287.98046875
488.0007016658783,4,100.5,13013.5234375,53586.140625
489.01531744003296,4,99.2,13310.8984375,53883.26953125
490.0236015319824,4,100.1,13580.5234375,54152.94140625
491.0323498249054,4,100.0,13905.6484375,54478.04296875
492.04196548461914,4,100.1,14177.1484375,54749.77734375
493.0512683391571,4,99.1,14362.3984375,54934.88671875
494.0607295036316,4,100.1,14416.0234375,54988.51171875
495.070200920105,4,99.1,14596.3359375,55270.06640625
496.0791742801666,4,100.2,14783.32421875,55411.46875
497.08726382255554,4,99.7,14516.8515625,55089.14453125
498.1006381511688,5,0.0,4328.70703125,45174.2109375
499.114230632782,5,99.8,4564.56640625,45395.95703125
500.1266529560089,2,19.8,3322.6640625,45316.79296875
501.1375160217285,2,433.4,4085.77734375,45682.5234375
502.15102076530457,2,2782.9,5113.23046875,49778.5859375
503.2009210586548,2,2849.7,5113.23046875,49778.5859375
504.3530185222626,2,2293.1,5145.3203125,49778.5859375
505.3805937767029,2,2266.1,5175.3125,49778.5859375
506.3974416255951,2,711.6,5605.46484375,51826.6171875
507.4106457233429,2,98.7,5783.46484375,51826.6171875
508.4237632751465,2,99.7,6025.41796875,51826.6171875
509.4370172023773,2,99.7,6213.41796875,51826.6171875
510.4496023654938,2,99.6,6391.41796875,51826.6171875
511.46351289749146,2,98.7,6475.4609375,51826.6171875
512.47634100914,4,10.9,6687.66015625,52044.75
513.4898581504822,4,99.8,6813.28515625,52174.4296875
514.5019326210022,4,98.9,7035.60546875,52396.671875
515.5130753517151,4,100.1,7302.23046875,52663.37890625
516.5218896865845,4,100.1,7600.73046875,52962.0546875
517.5305523872375,4,98.9,7917.96484375,53279.30859375
518.5419993400574,4,100.8,8181.58984375,53542.6640625
519.5539608001709,4,99.9,8441.83984375,53802.92578125
520.565446138382,4,99.9,8693.08984375,54054.29296875
521.5763697624207,4,98.9,8953.7109375,54315.45703125
522.5879600048065,4,101.0,9208.3359375,54570.046875
523.5974571704865,4,98.9,9456.4296875,54821.671875
524.6087191104889,4,99.0,9725.14453125,55090.34375
525.6185147762299,4,100.1,10042.76953125,55407.7109375
526.6270821094513,4,99.1,10343.51953125,55708.578125
527.6365296840668,4,100.1,10695.26953125,56060.4921875
528.645566701889,4,100.2,11032.01953125,56397.06640625
529.6540367603302,4,99.1,11374.76953125,56740.0859375
530.6635155677795,4,101.1,11749.76953125,57115.33203125
531.6724107265472,4,99.0,12124.2109375,57492.125
532.6822242736816,4,100.2,12448.5859375,57816.453125
533.6900181770325,4,99.1,12807.0859375,58174.8125
534.698867559433,4,100.2,13095.8359375,58463.69140625
535.7066249847412,4,98.8,13379.7109375,58747.671875
536.7187685966492,4,99.8,13663.9609375,59031.78125
537.7305507659912,4,100.8,13948.2109375,59316.1484375
538.7421338558197,4,98.9,14236.9609375,59605.02734375
539.7527358531952,4,100.1,14550.0859375,59918.01171875
540.761724948883,4,100.1,14904.4609375,60272.50390625
541.7707071304321,4,99.0,15234.8359375,60603.01953125
542.7805082798004,4,100.0,15540.8359375,60909.04296875
543.7901961803436,4,99.7,15830.3359375,61198.1796875
544.803395986557,4,99.6,16015.5859375,61383.93359375
545.8174302577972,4,99.6,16164.8359375,61533.3359375
546.8314380645752,4,99.6,16446.4609375,61814.8671875
547.8450398445129,4,99.7,16729.9609375,62097.81640625
548.8584105968475,4,98.4,16887.8359375,62255.984375
549.8744957447052,4,99.7,17037.8359375,62405.90234375
550.8877155780792,4,99.8,17278.5859375,62646.5703125
551.899717092514,4,99.0,17566.9609375,62935.19140625
552.9092638492584,4,99.8,17858.7109375,63226.77734375
553.9214506149292,4,99.8,18146.7109375,63514.75390625
554.9333717823029,4,99.7,18420.8359375,63788.9375
555.9463913440704,4,99.7,18696.0859375,64064.0234375
556.9598190784454,4,99.7,18977.3359375,64345.42578125
557.9731411933899,4,99.6,19261.9609375,64629.921875
558.9875421524048,4,99.7,19490.7109375,64858.73046875
560.000853061676,4,99.8,19579.9609375,64948.0625
561.0129039287567,4,99.8,19579.9609375,64948.0625
562.02450299263,4,98.9,19579.9609375,64948.0625
563.0353434085846,4,99.8,19579.9609375,64948.0625
564.0475451946259,4,99.6,19581.0859375,64977.28125
565.0611343383789,4,99.7,19778.515625,65359.1875
566.0746047496796,4,99.6,20033.88671875,65525.9921875
567.0881798267365,4,99.8,20198.3359375,65676.91796875
568.09978556633,4,99.9,20206.3359375,65676.91796875
569.1108276844025,4,99.1,20102.2421875,65472.39453125
570.1195969581604,4,100.1,6469.63671875,51833.83203125
571.1286611557007,5,0.0,7107.1640625,52764.25
572.1381342411041,5,101.1,7352.4609375,53078.1328125
573.1469342708588,5,99.2,6596.8671875,52127.6171875
574.1551373004913,2,87.2,5517.64453125,52531.49609375
575.1639158725739,2,100.2,6519.796875,52019.46484375
576.1722919940948,2,727.5,7027.8984375,52019.46484375
577.1799623966217,2,233.2,7060.81640625,52019.46484375
578.1875529289246,2,1451.1,9330.8828125,52019.46484375
579.1960072517395,2,3019.5,13388.0703125,52019.46484375
580.2180743217468,2,4662.1,13888.515625,52019.46484375
581.2420084476471,2,4569.0,14341.68359375,52019.46484375
582.2610423564911,2,3848.1,14650.2734375,52019.46484375
583.2731096744537,2,3943.0,14722.69140625,52019.46484375
584.2850103378296,2,2969.7,15344.40625,52019.46484375
585.309250831604,2,2308.9,15207.0546875,52019.46484375
586.3170201778412,2,3482.7,15324.01171875,52019.46484375
587.3253602981567,2,965.0,7934.76171875,52019.46484375
588.333603143692,2,289.8,7990.859375,52019.46484375
589.3412802219391,2,261.0,7726.5078125,52019.46484375
590.3526628017426,2,1077.8,7552.7734375,52019.46484375
591.3610064983368,2,1404.7,8627.21484375,52019.46484375
592.3700094223022,2,2801.7,12942.12890625,52019.46484375
593.3881943225861,2,4503.5,13551.01953125,52019.46484375
594.4121007919312,2,4528.4,13914.8125,52019.46484375
595.425320148468,2,3714.4,14606.72265625,52019.46484375
596.435008764267,2,2520.3,14735.65625,52019.46484375
597.460010766983,2,3653.2,15129.7265625,52019.46484375
598.4790120124817,2,2015.6,15303.87109375,52019.46484375
599.4985456466675,2,1524.4,15186.4140625,52019.46484375
600.5060195922852,2,3846.1,15163.3125,52019.46484375
601.5190608501434,2,911.5,7557.0,52243.46484375
602.5269396305084,2,1210.8,8511.65625,52243.46484375
603.5345842838287,2,1119.0,7924.66015625,52243.46484375
604.5456824302673,2,1105.7,7846.48828125,52243.46484375
605.5560541152954,2,2017.0,10647.84375,52243.46484375
606.5790152549744,2,4303.5,12343.8984375,52243.46484375
607.5995519161224,2,4284.5,12683.8515625,52243.46484375
608.612895488739,2,4069.7,13874.39453125,52243.46484375
609.6310431957245,2,3196.7,14692.2265625,52243.46484375
610.6712307929993,2,3689.8,13869.24609375,52243.46484375
611.6806592941284,2,3461.7,14400.8203125,52243.46484375
612.6897988319397,2,2563.2,14195.59375,52243.46484375
613.6996328830719,2,2168.5,14134.875,52243.46484375
614.7150900363922,2,2769.3,14167.328125,52243.46484375
615.7254767417908,2,1227.2,8317.890625,52243.46484375
616.7325091362,2,746.6,8081.0078125,52243.46484375
617.7451591491699,2,1237.2,7919.6171875,52243.46484375
618.7546637058258,2,1011.2,8615.02734375,52243.46484375
619.7629013061523,2,2932.5,12083.49609375,52243.46484375
620.7890365123749,2,4106.4,12534.2421875,52243.46484375
621.8017332553864,2,4181.9,13139.65625,52243.46484375
622.8166584968567,2,3624.7,13923.25,52243.46484375
623.826842546463,2,3553.4,14013.76171875,52243.46484375
624.8360097408295,2,3742.3,13948.7109375,52243.46484375
625.8480067253113,2,2756.2,14420.36328125,52243.46484375
626.8619394302368,2,2576.0,14230.8984375,52243.46484375
627.8706831932068,2,2532.8,14110.984375,52243.46484375
628.8835878372192,2,2401.5,14070.5546875,52243.46484375
629.8958139419556,2,483.7,6938.37890625,52243.46484375
630.9089257717133,2,1127.7,8608.68359375,52499.46484375
631.9180061817169,2,890.3,7996.296875,52499.46484375
632.9291408061981,2,866.3,7897.22265625,52499.46484375
633.9420094490051,2,720.5,7712.0859375,52499.46484375
634.9793272018433,2,1821.4,10668.3359375,52499.46484375
635.996018409729,2,3511.2,12360.10546875,52499.46484375
637.0210132598877,2,3926.6,13324.33984375,52499.46484375
638.0545666217804,2,3395.4,13860.1015625,52499.46484375
639.069169998169,2,2724.1,13980.109375,52499.46484375
640.0840349197388,2,2409.5,14638.2578125,52499.46484375
641.1300196647644,2,1977.6,13823.48828125,52499.46484375
642.1872670650482,2,1723.4,13691.3671875,52499.46484375
643.2340271472931,2,1550.3,13750.625,52499.46484375
644.2651333808899,2,1344.8,13823.3046875,52499.46484375
645.287013053894,2,1643.1,13760.6953125,52499.46484375
646.3067104816437,2,1489.3,13731.8359375,52499.46484375
647.3246459960938,2,2292.1,13787.5390625,52499.46484375
648.3392252922058,2,2234.9,13945.296875,52499.46484375
649.3475193977356,2,310.2,7874.87109375,52499.46484375
650.3566944599152,2,1143.4,8256.5078125,52499.46484375
651.3668746948242,2,477.8,7975.51171875,52499.46484375
652.3799800872803,2,702.1,7904.22265625,52499.46484375
653.4054019451141,2,630.7,7812.16015625,52499.46484375
654.4265298843384,2,286.2,7881.1796875,52499.46484375
655.4361553192139,2,591.1,7710.73046875,52499.46484375
656.4530215263367,2,710.3,10382.078125,52499.46484375
657.4808204174042,2,1313.2,10694.51171875,52499.46484375
658.5080332756042,2,1245.0,12204.65625,52499.46484375
659.5270426273346,2,1678.6,12382.1484375,52499.46484375
660.5770308971405,2,1775.0,12404.796875,52499.46484375
661.617030620575,2,2138.1,13217.48828125,52499.46484375
662.6565058231354,2,2063.0,13126.3671875,52499.46484375
663.6710119247437,2,2044.8,14124.4609375,52499.46484375
664.702011346817,2,2371.3,14220.6328125,52499.46484375
665.7170383930206,2,2551.9,14848.76953125,52499.46484375
666.7510142326355,2,2525.6,14160.53125,52499.46484375
667.7630109786987,2,2790.6,14149.92578125,52499.46484375
668.7745053768158,2,2002.6,14493.48828125,52499.46484375
669.786215543747,2,1912.8,14339.04296875,52499.46484375
670.8125767707825,2,948.5,14125.12109375,52499.46484375
671.8341476917267,2,1126.5,14135.73046875,52499.46484375
672.8629539012909,2,1174.7,14081.3671875,52499.46484375
673.8802766799927,2,1194.3,14045.37890625,52499.46484375
674.9150416851044,2,904.3,13951.80859375,52499.46484375
675.9447522163391,2,789.0,14002.21484375,52499.46484375
677.0118787288666,2,456.8,14148.0546875,52499.46484375
678.0253388881683,2,461.7,8182.1015625,52499.46484375
679.0454850196838,2,983.5,8364.44140625,52499.46484375
680.0570120811462,2,704.5,8049.52734375,52499.46484375
681.064893245697,2,957.6,7923.77734375,52499.46484375
682.0761914253235,2,908.4,7790.6953125,52499.46484375
683.0898475646973,2,1494.3,9922.390625,52499.46484375
684.103045463562,2,2416.2,11556.41796875,52499.46484375
685.1430299282074,2,2572.2,11887.66015625,52499.46484375
686.1640310287476,2,2655.3,13447.25390625,52499.46484375
687.1778047084808,2,2461.6,13133.609375,52499.46484375
688.1926355361938,2,2369.4,13515.23046875,52499.46484375
689.2059597969055,2,2076.5,14366.30859375,52499.46484375
690.2410259246826,2,2800.6,14129.47265625,52499.46484375
691.2767972946167,2,2266.3,13468.6484375,52499.46484375
692.2879512310028,2,2394.5,13685.21484375,52499.46484375
693.3000156879425,2,1616.0,13615.17578125,52499.46484375
694.321893453598,2,1857.0,13475.7734375,52499.46484375
695.3330855369568,2,2374.6,13519.75390625,52499.46484375
696.3463749885559,2,2623.0,13393.85546875,52499.46484375
697.358190536499,2,648.5,6952.2578125,52499.46484375
698.3699066638947,2,1117.8,8340.0390625,52499.46484375
699.3797779083252,2,398.8,8144.61328125,52499.46484375
700.3877198696136,2,807.0,8078.890625,52499.46484375
701.3989298343658,2,918.4,8018.71484375,52499.46484375
702.4093546867371,2,913.9,8944.734375,52499.46484375
703.422036409378,2,3049.9,11354.58203125,52499.46484375
704.4371416568756,2,3723.1,11914.27734375,52499.46484375
705.4601402282715,2,4033.7,12605.15234375,52499.46484375
706.4710159301758,2,3617.9,13630.06640625,52499.46484375
707.4840514659882,2,3733.1,14032.08203125,52499.46484375
708.5008795261383,2,3841.1,13611.26953125,52499.46484375
709.5117917060852,2,2573.5,14035.046875,52499.46484375
710.5240113735199,2,2070.8,13784.140625,52499.46484375
711.532238483429,2,1967.3,13670.88671875,52499.46484375
712.5450491905212,2,2981.2,13585.26171875,52499.46484375
713.5559041500092,2,1278.2,7334.69921875,53011.47265625
714.5660858154297,2,1304.9,8393.8125,52499.46484375
715.5765616893768,2,498.3,8187.1875,52499.46484375
716.5840272903442,2,1059.7,7999.5546875,52499.46484375
717.592823266983,2,835.7,7909.45703125,52499.46484375
718.601556301117,2,2019.4,10207.08203125,52531.46484375
719.6130142211914,2,3428.8,11611.0390625,52531.46484375
720.6380157470703,2,3708.2,12978.58984375,52531.46484375
721.6640088558197,2,3885.1,13590.0234375,52531.46484375
722.6824531555176,2,3126.4,14521.703125,52531.46484375
723.7240414619446,2,4307.7,14428.8984375,52531.46484375
724.765960931778,2,3746.3,13913.2265625,52531.46484375
725.7748529911041,2,2260.0,13978.48828125,52531.46484375
726.7823858261108,2,2762.2,13852.453125,52531.46484375
727.7931697368622,2,2400.6,7187.16796875,53043.47265625
728.8026781082153,2,1440.2,9279.3828125,52531.46484375
729.8105776309967,2,828.1,8235.96484375,52531.46484375
730.8177707195282,2,1180.0,8116.1640625,52531.46484375
731.8262176513672,2,1150.3,10396.2421875,52531.46484375
732.8400089740753,2,4407.0,12488.375,52531.46484375
733.8590152263641,2,4511.6,13249.73828125,52531.46484375
734.88600897789,2,4214.2,14280.4140625,52531.46484375
735.9044086933136,2,2642.8,14276.12890625,52531.46484375
736.9314155578613,2,1742.7,14794.67578125,52531.46484375
737.9521288871765,2,2315.2,14153.71484375,52531.46484375
738.9609434604645,2,3484.4,14631.9921875,52531.46484375
739.9716031551361,2,849.3,14480.1328125,52531.46484375
740.9878931045532,2,1635.2,14269.203125,52531.46484375
741.9946994781494,2,2715.5,14257.2578125,52531.46484375
743.0071816444397,2,1158.3,14178.7421875,52531.46484375
744.0328278541565,2,1179.0,14257.51953125,52531.46484375
745.0420069694519,2,981.2,7979.10546875,52531.46484375
746.0601994991302,2,914.1,8379.859375,52531.46484375
747.0721287727356,2,832.7,7704.1875,52531.46484375
748.086003780365,2,719.4,7596.921875,52531.46484375
749.0990209579468,2,454.1,10611.40234375,52531.46484375
750.1190164089203,2,1982.8,12998.25,52531.46484375
751.1790115833282,2,3286.6,13634.76953125,52531.46484375
752.2032282352448,2,4395.9,14932.23046875,52531.46484375
753.2284197807312,2,3419.5,14207.35546875,52531.46484375
754.2370095252991,2,1886.9,14382.88671875,52531.46484375
755.2697076797485,2,819.1,14571.24609375,52531.46484375
756.2890765666962,2,962.0,15342.265625,52531.46484375
757.3161497116089,2,1564.7,15232.15234375,52531.46484375
758.3464822769165,2,1785.3,15203.3359375,52531.46484375
759.373010635376,2,1819.6,14819.109375,52531.46484375
760.3950107097626,2,1220.5,14406.046875,52531.46484375
761.4150946140289,2,597.7,14336.8984375,52531.46484375
762.4373610019684,2,680.2,14326.16796875,52531.46484375
763.4640009403229,2,874.6,14549.75,52531.46484375
764.4765021800995,2,811.2,14713.24609375,52531.46484375
765.489010810852,2,1081.6,14717.06640625,52531.46484375
766.5407719612122,2,1264.4,14722.88671875,52531.46484375
767.5577726364136,2,1001.3,14731.015625,52531.46484375
768.5714466571808,2,898.6,14829.16015625,52531.46484375
769.600944519043,2,996.9,14820.00390625,52531.46484375
770.6130120754242,2,1104.7,14819.7734375,52531.46484375
771.625070810318,2,823.1,14876.6484375,52531.46484375
772.6371686458588,2,690.6,14996.23046875,52531.46484375
773.6477715969086,2,396.2,7041.0625,52531.46484375
774.6598212718964,2,1059.2,7492.21875,52531.46484375
775.6719419956207,2,445.7,7674.6953125,52531.46484375
776.68381524086,2,529.9,10768.14453125,52531.46484375
777.696019411087,2,1422.0,12365.7421875,52531.46484375
778.7240116596222,2,2117.1,12903.43359375,52531.46484375
779.7611081600189,2,3037.7,13988.6953125,52531.46484375
780.7891936302185,2,2048.2,12488.890625,52531.46484375
781.8060503005981,2,2419.9,13511.96875,52531.46484375
782.8482403755188,2,4502.8,12806.90625,52531.46484375
783.8600511550903,2,4659.4,13440.03515625,52531.46484375
784.9010279178619,2,3120.6,13154.921875,52531.46484375
785.9220054149628,2,3297.7,13245.29296875,52531.46484375
786.9329545497894,2,1887.2,7207.765625,52531.46484375
787.9401671886444,2,1046.5,10232.94140625,52531.46484375
788.9482371807098,2,4105.4,12817.69921875,52531.46484375
789.9579300880432,2,4693.6,13864.1796875,52531.46484375
790.9840521812439,2,4068.7,13477.29296875,52531.46484375
792.0200271606445,2,4768.8,13448.87109375,52531.46484375
793.0613832473755,2,4661.2,13433.0546875,52531.46484375
794.1023094654083,2,3393.6,13188.265625,52531.46484375
795.1090066432953,2,3029.7,13307.62890625,52531.46484375
796.1240150928497,2,1590.6,6865.0546875,52531.46484375
797.1328725814819,2,108.9,7461.91015625,52531.46484375
798.1430687904358,2,1575.5,7530.9375,52531.46484375
799.1518731117249,2,2263.7,7618.69140625,52531.46484375
800.1820077896118,2,3387.2,10609.91015625,52531.46484375
801.2010204792023,2,4606.3,12628.703125,52531.46484375
802.2260148525238,2,4482.4,13192.50390625,52531.46484375
803.2470471858978,2,4024.8,14098.42578125,52531.46484375
804.2900085449219,2,4159.1,13619.7734375,52531.46484375
805.3082528114319,2,2582.1,13744.7734375,52531.46484375
806.3165292739868,2,3152.4,13728.29296875,52531.46484375
807.3276987075806,2,1031.9,7466.95703125,52531.46484375
808.3363325595856,2,366.6,8331.1015625,52531.46484375
809.3457024097443,2,1482.5,7974.6015625,52531.46484375
810.3547828197479,2,2731.6,8337.11328125,52531.46484375
811.3625335693359,2,3771.2,10562.53515625,52531.46484375
812.381439447403,2,4496.5,11735.35546875,52531.46484375
813.3970611095428,2,4176.9,12979.9921875,52531.46484375
814.4380731582642,2,4422.0,13663.73828125,52531.46484375
815.4774391651154,2,3437.5,13440.94921875,52531.46484375
816.4861679077148,2,2481.5,13352.98828125,52531.46484375
817.4941129684448,2,2928.9,13484.00390625,52531.46484375
818.5030074119568,2,1358.4,8721.1015625,52531.46484375
819.5108051300049,2,915.8,8236.93359375,52531.46484375
820.5200078487396,2,1141.1,7973.5703125,52531.46484375
821.5474367141724,2,2246.3,8795.6953125,52531.46484375
822.557008266449,2,4220.3,10463.9375,52531.46484375
823.5699033737183,2,4474.7,11595.20703125,52531.46484375
824.5827376842499,2,4375.5,13019.58984375,52531.46484375
825.5913450717926,2,3704.7,13130.59375,52531.46484375
826.6037313938141,2,3395.2,13710.23046875,52531.46484375
827.6134171485901,2,2320.1,13601.44921875,52531.46484375
828.6205971240997,2,3442.5,13690.8203125,52531.46484375
829.6280052661896,2,1046.9,8715.5703125,52531.46484375
830.6457304954529,2,1203.1,8289.3359375,52531.46484375
831.6531455516815,2,1223.8,8094.36328125,52531.46484375
832.6620051860809,2,2284.7,7899.77734375,52531.46484375
833.7130107879639,2,2958.2,11114.58203125,52531.46484375
834.7340171337128,2,4457.8,12113.90234375,52531.46484375
835.7588205337524,2,4433.9,12800.95703125,52531.46484375
836.7696068286896,2,4395.8,14797.4921875,52531.46484375
837.7890477180481,2,4062.4,15042.32421875,52531.46484375
838.8071177005768,2,3623.9,15236.828125,52531.46484375
839.813159942627,2,2773.7,16148.6875,52851.46484375
840.823474407196,2,2338.0,16022.796875,52851.46484375
841.83300948143,2,3652.9,16177.15625,52851.46484375
842.8448767662048,2,1016.6,12335.890625,52851.46484375
843.8539452552795,2,1537.6,8782.78515625,52851.46484375
844.8626608848572,2,574.2,8249.09765625,52851.46484375
845.8709530830383,2,1228.7,8033.06640625,52851.46484375
846.8793439865112,2,2412.7,8609.85546875,52851.46484375
847.8880085945129,2,3895.7,11016.1953125,52851.46484375
848.9040184020996,2,4542.0,12870.1640625,52851.46484375
849.9290153980255,2,4569.1,13861.70703125,52851.46484375
850.9470481872559,2,4145.3,14695.22265625,52851.46484375
851.9620125293732,2,3611.0,14854.19140625,52851.46484375
852.9717526435852,2,3664.1,15963.95703125,52851.46484375
853.9789326190948,2,2175.2,15877.27734375,52851.46484375
854.986198425293,2,2825.5,15922.1640625,52851.46484375
855.997172832489,2,2164.8,16235.53515625,52851.46484375
857.0060069561005,2,1167.3,8814.83203125,52851.46484375
858.0216608047485,2,1025.9,8297.19140625,53363.49609375
859.0293614864349,2,1007.9,8073.90234375,52851.46484375
860.0363376140594,2,1910.9,7894.875,52851.46484375
861.1020073890686,2,3577.5,10406.578125,52851.46484375
862.1210160255432,2,4588.8,12557.93359375,52851.46484375
863.1460099220276,2,4482.2,13135.33203125,52851.46484375
864.1670150756836,2,3961.4,13322.82421875,52851.46484375
865.1772339344025,2,3862.9,13853.921875,52851.46484375
866.1844427585602,2,2285.0,13868.671875,52851.46484375
867.1940064430237,2,3335.6,13863.2109375,52851.46484375
868.2045447826385,2,973.6,8458.578125,52851.46484375
869.2130296230316,2,1663.5,8449.00390625,52851.46484375
870.221113204956,2,1042.5,8321.87890625,52851.46484375
871.2302119731903,2,2750.3,8104.0703125,52851.46484375
872.2862486839294,2,3479.9,10759.625,52851.46484375
873.3040156364441,2,4550.8,12969.84375,52851.46484375
874.3290104866028,2,4523.1,13202.55078125,52851.46484375
875.3490538597107,2,3879.7,14425.265625,52851.46484375
876.3910069465637,2,3814.0,13950.16015625,52851.46484375
877.4040129184723,2,2659.1,14329.83203125,52851.46484375
878.4120073318481,2,2001.6,14367.07421875,52851.46484375
879.4227080345154,2,3306.4,14443.93359375,52851.46484375
880.4315440654755,2,1347.9,8744.62109375,52851.46484375
881.4405436515808,2,1010.2,8245.140625,52851.46484375
882.4482233524323,2,995.1,8057.20703125,52851.46484375
883.4572243690491,2,713.4,7807.109375,52851.46484375
884.4649980068207,2,3710.6,9875.171875,52851.46484375
885.4784624576569,2,4515.2,11487.5234375,52851.46484375
886.5040349960327,2,4614.7,12281.67578125,52851.46484375
887.5190095901489,2,4247.1,12962.4296875,52851.46484375
888.5300045013428,2,3679.4,13340.02734375,52851.46484375
889.5406255722046,2,2465.2,13784.078125,52851.46484375
890.5510067939758,2,2591.7,13854.0546875,52851.46484375
891.562075138092,2,1984.2,7197.44140625,52851.46484375
892.5698943138123,2,1515.3,9233.546875,52851.46484375
893.5776402950287,2,891.1,8091.2734375,52851.46484375
894.5865259170532,2,779.4,7989.078125,52851.46484375
895.5950131416321,2,2394.2,7789.875,52851.46484375
896.6470079421997,2,3656.0,10152.3125,52851.46484375
897.6660144329071,2,4682.8,13096.88671875,52851.46484375
898.6905982494354,2,4483.5,12798.40234375,52851.46484375
899.7150111198425,2,3691.0,13098.734375,52851.46484375
900.7304892539978,2,3702.0,13864.4765625,52851.46484375
901.7390069961548,2,1947.3,13758.40234375,52851.46484375
902.7470369338989,2,3416.1,13940.62890625,52851.46484375
903.7548904418945,2,555.8,8460.1015625,52851.46484375
904.764416217804,2,1666.7,8183.46484375,52851.46484375
905.7741265296936,2,903.4,8060.98046875,52851.46484375
906.7813889980316,2,918.1,7859.09765625,52851.46484375
907.7910141944885,2,3524.9,9622.84375,52851.46484375
908.8100192546844,2,4445.3,11171.60546875,52851.46484375
909.8321180343628,2,4365.4,11714.83203125,52851.46484375
910.84361743927,2,4397.7,13050.65234375,52851.46484375
911.8549389839172,2,3285.5,13451.5625,52851.46484375
912.8765316009521,2,3276.8,14044.12109375,52851.46484375
913.8883922100067,2,1932.7,13960.0546875,52851.46484375
914.8963079452515,2,3445.7,14126.87890625,52851.46484375
915.9050042629242,2,763.5,8628.12109375,52851.46484375
916.9224579334259,2,1329.0,8306.40234375,52851.46484375
917.9310100078583,2,1113.5,8141.59375,52851.46484375
918.9420063495636,2,2088.5,7989.83984375,52851.46484375
920.0220081806183,2,3557.4,10501.5703125,52851.46484375
921.0410192012787,2,4589.0,12763.88671875,52851.46484375
922.0568714141846,2,4277.3,13108.78125,52851.46484375
923.067275762558,2,3805.5,13263.0,52851.46484375
924.0780050754547,2,3890.1,13873.95703125,52851.46484375
925.0898587703705,2,2240.5,13764.79296875,52851.46484375
926.1069416999817,2,3468.1,13798.265625,52851.46484375
927.118442773819,2,744.8,8536.4296875,52851.46484375
928.1266784667969,2,1683.4,8504.09765625,52851.46484375
929.1350057125092,2,1051.5,8327.80859375,52851.46484375
930.1600112915039,2,1811.4,8129.5234375,52851.46484375
931.2277393341064,2,3518.6,10745.30078125,52851.46484375
932.2470133304596,2,4550.4,12467.9296875,52851.46484375
933.2740178108215,2,4439.1,13190.08203125,52851.46484375
934.2940480709076,2,4023.3,13932.3046875,52851.46484375
935.3277673721313,2,3774.7,13846.46875,52851.46484375
936.3422045707703,2,2378.6,13958.80859375,52851.46484375
937.3508248329163,2,3032.0,13924.796875,52851.46484375
938.3624243736267,2,1463.9,8041.671875,52851.46484375
939.3704843521118,2,1611.9,9191.44140625,52851.46484375
940.3780336380005,2,741.0,8399.9453125,52851.46484375
941.3850085735321,2,1369.6,8099.5,52851.46484375
942.4025132656097,2,3131.3,10324.94140625,52851.46484375
943.4280145168304,2,4443.2,11523.35546875,52851.46484375
944.4550380706787,2,4566.9,12978.2421875,52851.46484375
945.4683463573456,2,4100.1,13615.65625,52851.46484375
946.4796059131622,2,3692.8,13741.3203125,52851.46484375
947.490415096283,2,3172.2,14261.15625,52851.46484375
948.5030071735382,2,2168.5,14143.9765625,52851.46484375
949.510591506958,2,3378.5,14253.13671875,52851.46484375
950.520007610321,2,1374.5,9415.89453125,52851.46484375
951.5379040241241,2,874.2,8567.95703125,52851.46484375
952.5490243434906,2,1107.6,8424.796875,52851.46484375
953.5820071697235,2,2053.6,8152.3203125,52851.46484375
954.6120083332062,2,3257.3,11354.38671875,52851.46484375
955.630334854126,2,4460.0,12329.34765625,52851.46484375
956.6561036109924,2,4575.6,12988.9921875,52851.46484375
957.6650092601776,2,4327.0,14973.54296875,52851.46484375
958.6790232658386,2,4028.6,15958.23046875,52851.46484375
959.7200782299042,2,3686.1,15391.47265625,52851.46484375
960.736006975174,2,2967.6,16336.640625,52851.46484375
961.7571868896484,2,2252.0,16208.17578125,52851.46484375
962.7664077281952,2,3716.4,16421.98828125,52851.46484375
963.777694940567,2,929.9,7581.90625,53363.47265625
964.7907559871674,2,1607.2,8920.7734375,52851.46484375
965.7998893260956,2,732.4,8439.6328125,52851.46484375
966.8087463378906,2,985.0,8272.1640625,52851.46484375
967.8170096874237,2,2000.6,8081.03125,52851.46484375
968.8760104179382,2,3481.8,10710.46484375,52851.46484375
969.8850138187408,2,4582.4,12789.625,52851.46484375
970.9100170135498,2,4313.0,13511.01171875,52851.46484375
971.9200518131256,2,3910.1,13757.6328125,52851.46484375
972.9374506473541,2,3903.8,13998.44921875,52851.46484375
973.9438400268555,2,2633.4,14272.55859375,52851.46484375
974.9522409439087,2,2732.8,14276.36328125,52851.46484375
975.963666677475,2,2161.3,7797.59765625,52851.46484375
976.9731833934784,2,1651.4,9626.37890625,52851.46484375
977.981292963028,2,675.9,8534.9375,53235.46484375
978.9888756275177,2,1168.7,8300.2421875,53235.46484375
979.9968032836914,2,2154.1,9606.078125,53235.46484375
981.0100054740906,2,4469.0,11018.94140625,53235.46484375
982.0206253528595,2,4561.4,12034.9765625,53235.46484375
983.0320138931274,2,4263.7,13357.140625,53235.46484375
984.0445673465729,2,3615.2,13525.734375,53235.46484375
985.0531170368195,2,3486.7,14063.78125,53235.46484375
986.0626819133759,2,2331.2,13951.38671875,53235.46484375
987.0720062255859,2,3481.5,14085.69140625,53235.46484375
988.0805053710938,2,877.5,8999.86328125,53235.46484375
989.0902419090271,2,1252.0,8577.12890625,53235.46484375
990.0998203754425,2,1103.4,8457.0859375,53235.46484375
991.1084198951721,2,1482.1,8208.6171875,53235.46484375
992.1420133113861,2,3423.8,11040.1484375,53235.46484375
993.1580104827881,2,4318.7,11965.25,53235.46484375
994.1730275154114,2,4660.2,15039.140625,53235.46484375
995.1980164051056,2,4360.7,14873.359375,53235.46484375
996.2220323085785,2,3902.4,15355.9609375,53235.46484375
997.2346861362457,2,3750.6,15392.3125,53235.46484375
998.245011806488,2,3170.2,16419.18359375,53235.46484375
999.2541561126709,2,2207.8,16418.55859375,53235.46484375
1000.2637667655945,2,3255.2,16377.9609375,53235.46484375
1001.274760723114,2,1605.2,16769.578125,53235.46484375
1002.2839584350586,2,1424.5,8912.7578125,53235.46484375
1003.2926523685455,2,695.2,8393.0703125,53235.46484375
1004.2995414733887,2,905.2,8249.73828125,53235.46484375
1005.3100066184998,2,1794.8,7979.87890625,53235.46484375
1006.3740756511688,2,3561.7,10588.66796875,53235.46484375
1007.3840165138245,2,4579.6,12740.90625,53235.46484375
1008.4100058078766,2,4386.9,13178.890625,53235.46484375
1009.4280133247375,2,3654.2,13476.75,53235.46484375
1010.4535481929779,2,3554.9,14104.1015625,53235.46484375
1011.460399389267,2,2222.0,13936.9921875,53235.46484375
1012.4680955410004,2,3633.4,14023.203125,53235.46484375
1013.4762582778931,2,960.7,9255.21875,53235.46484375
1014.4859440326691,2,1206.8,8864.98828125,53235.46484375
1015.4949128627777,2,1198.9,8665.27734375,53235.46484375
1016.504025220871,2,2179.5,10479.30859375,53235.46484375
1017.5140044689178,2,4557.9,11956.94921875,53235.46484375
1018.5246436595917,2,4495.4,13182.01171875,53235.46484375
1019.5394771099091,2,4154.1,14293.91015625,53235.46484375
1020.5480446815491,2,4540.7,15024.55078125,53235.46484375
1021.5910077095032,2,3962.5,14557.4765625,53235.46484375
1022.6054084300995,2,2501.8,14482.0625,53235.46484375
1023.6150059700012,2,3279.9,14326.1015625,53235.46484375
1024.6270072460175,2,978.2,9194.0703125,53235.46484375
1025.6445548534393,2,1574.2,8752.31640625,53235.46484375
1026.6609318256378,2,1110.6,8503.58984375,53235.46484375
1027.6710455417633,2,2509.6,11981.33984375,53235.46484375
1028.7070083618164,2,4490.5,14222.1015625,53235.46484375
1029.726014137268,2,4644.7,15264.01953125,53235.46484375
1030.752007484436,2,4451.8,14981.4765625,53235.46484375
1031.764238357544,2,4187.6,15897.90625,53235.46484375
1032.8060491085052,2,4650.7,15882.6328125,53235.46484375
1033.847422838211,2,4487.4,14974.73046875,53235.46484375
1034.8553323745728,2,3135.5,15569.54296875,53235.46484375
1035.8616523742676,2,2834.4,15426.0859375,53235.46484375
1036.8711252212524,2,2843.1,15698.95703125,53235.46484375
1037.8820066452026,2,1657.9,8997.33203125,53235.46484375
1038.896742105484,2,880.0,8595.9609375,53235.46484375
1039.9046096801758,2,1843.1,9344.41796875,53235.46484375
1040.9140117168427,2,3532.8,12400.28515625,53235.46484375
1041.9230172634125,2,4622.0,13418.546875,53235.46484375
1042.9476063251495,2,4515.6,14482.75,53235.46484375
1043.967051744461,2,4098.2,15396.71875,53235.46484375
1045.0077183246613,2,4290.2,14604.27734375,53235.46484375
1046.017310142517,2,3342.0,15046.31640625,53235.46484375
1047.0273005962372,2,2644.1,14913.0625,53235.46484375
1048.0351159572601,2,3210.5,14981.328125,53235.46484375
1049.0433311462402,2,1278.4,9349.46875,53235.46484375
1050.0515551567078,2,1330.5,8655.6953125,53235.46484375
1051.060272693634,2,1625.9,10001.33203125,53235.46484375
1052.070003271103,2,4168.0,12110.859375,53235.46484375
1053.0890233516693,2,4616.2,13687.90234375,53235.46484375
1054.1030504703522,2,4195.5,13861.60546875,53235.46484375
1055.1165676116943,2,4462.6,14453.3359375,53235.46484375
1056.1580095291138,2,4067.4,14105.3046875,53235.46484375
1057.1714992523193,2,2571.2,14183.390625,53235.46484375
1058.1807522773743,2,3290.5,14203.6015625,53235.46484375
1059.1900041103363,2,847.5,9068.87890625,53235.46484375
1060.2078883647919,2,1540.8,8701.95703125,53235.46484375
1061.2230031490326,2,1622.3,8513.06640625,53235.46484375
1062.2896888256073,2,3047.3,12233.4609375,53235.46484375
1063.3000168800354,2,4569.1,12770.5390625,53235.46484375
1064.324696302414,2,4517.6,14356.33203125,53235.46484375
1065.344055891037,2,4169.3,15226.4140625,53235.46484375
1066.3810164928436,2,4413.2,14386.5625,53235.46484375
1067.3963778018951,2,3329.1,14861.8125,53235.46484375
1068.404760837555,2,2602.3,14688.98046875,53235.46484375
1069.4160072803497,2,3124.3,14735.26171875,53235.46484375
1070.4310069084167,2,1441.9,9842.32421875,53235.46484375
1071.449006319046,2,1167.9,8989.40625,53235.46484375
1072.473680973053,2,1642.3,9687.1640625,53235.46484375
1073.4820532798767,2,2854.6,13636.00390625,53235.46484375
1074.522662639618,2,4581.1,14329.17578125,53235.46484375
1075.5420196056366,2,4628.8,16333.82421875,53235.46484375
1076.5632011890411,2,4503.1,15213.20703125,53235.46484375
1077.5880501270294,2,4230.2,16094.70703125,53235.46484375
1078.6290574073792,2,4685.0,16084.84375,53235.46484375
1079.6693394184113,2,4180.6,15238.1796875,53235.46484375
1080.6804814338684,2,3138.5,15684.58203125,53235.46484375
1081.699679851532,2,2871.8,15775.640625,53235.46484375
1082.7110331058502,2,1936.1,7684.3203125,53235.46484375
1083.7191019058228,2,1746.8,9844.21875,53235.46484375
1084.727799654007,2,909.5,8704.06640625,53235.46484375
1085.7360100746155,2,1507.6,11928.90234375,53235.46484375
1086.7497136592865,2,4483.4,14335.79296875,53235.46484375
1087.759015083313,2,4671.3,14692.7890625,53235.46484375
1088.7844145298004,2,4551.6,14718.453125,53235.46484375
1089.8036108016968,2,4022.0,16142.30859375,53235.46484375
1090.825033903122,2,4770.3,16056.46484375,53235.46484375
1091.8680529594421,2,4646.6,15947.921875,53235.46484375
1092.9100091457367,2,4026.9,15578.7734375,53235.46484375
1093.9175271987915,2,2688.0,15690.6875,53235.46484375
1094.9257156848907,2,3369.6,15881.9609375,53235.46484375
1095.935082912445,2,1627.3,8034.81640625,53235.46484375
1096.943412065506,2,2446.6,8232.1015625,53235.46484375
1097.9520070552826,2,2327.2,8859.72265625,53235.46484375
1098.9630343914032,2,1240.3,8862.484375,55090.6328125
1099.9730055332184,2,1399.1,8609.76171875,53042.6171875
1101.0231428146362,2,3342.4,10915.10546875,53042.6171875
1102.0345375537872,2,4267.3,12976.01953125,60210.6171875
1103.0600221157074,2,4619.2,15127.296875,60250.6171875
1104.0740089416504,2,4210.7,15331.00390625,60250.6171875
1105.094279050827,2,3486.8,15621.24609375,60250.6171875
1106.119967699051,2,3637.8,15882.55859375,60250.6171875
1107.1294221878052,2,3401.8,17055.7109375,60250.6171875
1108.1373658180237,2,1613.5,16905.89453125,60250.6171875
1109.1490120887756,2,2547.1,17203.26953125,60250.6171875
1110.1782114505768,2,2718.1,17411.9296875,60250.6171875
1111.1860716342926,2,528.9,8054.30859375,60250.6171875
1112.1939628124237,2,1388.2,9046.33203125,60250.6171875
1113.2440164089203,2,3101.5,11069.48828125,60250.6171875
1114.2583847045898,2,4391.3,13074.953125,60250.6171875
1115.2750146389008,2,4562.0,15883.28515625,68442.6171875
1116.305012702942,2,4650.2,20936.08203125,68442.6171875
1117.3310110569,2,4324.4,16112.3046875,68490.6171875
1118.3552718162537,2,4432.0,18830.9375,68490.6171875
1119.3740162849426,2,4468.3,19043.8984375,68490.6171875
1120.3880286216736,2,3184.6,19430.296875,68490.6171875
1121.4150214195251,2,3454.0,19609.94140625,68490.6171875
1122.4420080184937,2,4258.2,20493.15625,68490.6171875
1123.4569747447968,2,1656.9,20967.1328125,68490.6171875
1124.4733083248138,2,1684.7,20949.0859375,68490.6171875
1125.482451915741,2,1730.1,20962.30859375,68490.6171875
1126.5020062923431,2,4558.9,21022.34375,68490.6171875
1127.5168368816376,2,948.9,19877.33984375,68490.6171875
1128.5242385864258,2,867.8,8572.21875,68490.6171875
1129.530196428299,2,2441.5,9734.2265625,68490.6171875
1130.5429058074951,2,3820.5,12544.16796875,68490.6171875
1131.5630147457123,2,4511.1,14716.25390625,68490.6171875
1132.5875418186188,2,4638.9,19045.65625,68490.6171875
1133.614039182663,2,4482.4,15803.4609375,68490.6171875
1134.6286861896515,2,4430.4,18294.98828125,68490.6171875
1135.6473515033722,2,4169.3,18649.125,68490.6171875
1136.6610269546509,2,3513.7,18954.70703125,68490.6171875
1137.6868619918823,2,3579.9,19192.41015625,68490.6171875
1138.6981699466705,2,3672.5,20432.421875,68490.6171875
1139.7080054283142,2,1529.2,20258.484375,68490.6171875
1140.7157802581787,2,1745.0,20178.47265625,68490.6171875
1141.7222828865051,2,3474.0,20378.48046875,68490.6171875
1142.733726978302,2,2316.2,20691.32421875,68490.6171875
1143.742092370987,2,670.4,8097.69140625,68490.6171875
1144.7510051727295,2,2270.7,8810.046875,68490.6171875
1145.7889444828033,2,3183.1,12132.0703125,68490.6171875
1146.8150045871735,2,4349.2,12758.39453125,68490.6171875
1147.84201669693,2,4593.8,17509.26171875,68490.6171875
1148.8680205345154,2,4652.1,16837.39453125,68490.6171875
1149.8898468017578,2,4247.8,18390.10546875,68490.6171875
1150.9090094566345,2,4552.6,18571.33203125,68490.6171875
1151.923142194748,2,3135.9,18961.92578125,68490.6171875
1152.937019586563,2,3821.7,18938.765625,68490.6171875
1153.949551820755,2,4211.8,19908.28125,68490.6171875
1154.9570083618164,2,1774.3,20266.1875,68490.6171875
1155.9700109958649,2,1839.7,20184.83203125,68490.6171875
1156.9807603359222,2,2381.2,20380.31640625,68490.6171875
1157.992564201355,2,3543.9,20595.890625,68490.6171875
1159.0003356933594,2,590.5,9345.91015625,70538.6328125
1160.0080027580261,2,1059.3,8701.1015625,68490.6171875
1161.0160319805145,2,3196.7,11130.29296875,68490.6171875
1162.0320081710815,2,4395.8,12666.21875,68490.6171875
1163.0460176467896,2,4553.1,15797.01953125,68490.6171875
1164.0722270011902,2,4486.4,21362.30859375,68490.6171875
1165.097849369049,2,4459.7,17285.98046875,68490.6171875
1166.1122634410858,2,4476.4,18339.859375,68490.6171875
1167.1370334625244,2,3560.3,18752.88671875,68490.6171875
1168.1658985614777,2,3636.0,18939.21875,68490.6171875
1169.1740062236786,2,4172.4,19706.45703125,68490.6171875
1170.1960051059723,2,2451.4,20223.4296875,68490.6171875
1171.2060086727142,2,1706.2,20254.54296875,68490.6171875
1172.224006652832,2,1610.1,20344.44140625,68490.6171875
1173.2423918247223,2,4540.4,20302.03125,68490.6171875
1174.253574848175,2,972.5,20758.1640625,68490.6171875
1175.2642223834991,2,614.2,8728.41796875,68490.6171875
1176.272007226944,2,1684.2,9562.984375,68490.6171875
1177.3220074176788,2,2673.8,11925.58203125,68490.6171875
1178.3380086421967,2,4447.5,14405.63671875,68490.6171875
1179.3570265769958,2,4372.1,15819.05078125,68490.6171875
1180.3821456432343,2,4559.9,20074.55078125,68490.6171875
1181.4080610275269,2,4612.6,24482.359375,78730.6171875
1182.4330170154572,2,4368.8,19195.51953125,78730.6171875
1183.4560194015503,2,4415.0,20494.66015625,78730.6171875
1184.480694770813,2,3898.8,20813.953125,78730.6171875
1185.4883289337158,2,3027.9,21117.625,78730.6171875
1186.5010170936584,2,3372.7,21260.5390625,78730.6171875
1187.5259552001953,2,3958.8,21769.20703125,78730.6171875
1188.537341594696,2,2577.8,22619.02734375,78730.6171875
1189.545346736908,2,1612.1,22566.7890625,78730.6171875
1190.5515117645264,2,1750.5,22650.85546875,78730.6171875
1191.5603272914886,2,3058.0,22751.88671875,78730.6171875
1192.5722696781158,2,3284.1,23022.21484375,78730.6171875
1193.5814831256866,2,620.3,9293.94921875,80778.6328125
1194.5940062999725,2,900.9,9287.87890625,78730.6171875
1195.6020076274872,2,2978.3,9562.859375,78730.6171875
1196.632010936737,2,2761.7,13316.95703125,78730.6171875
1197.6520102024078,2,4366.0,14600.9921875,78730.6171875
1198.6710226535797,2,4591.5,17449.5,78730.6171875
1199.6962089538574,2,4660.2,22785.46875,78730.6171875
1200.7220058441162,2,4411.0,16884.4765625,78730.6171875
1201.7367358207703,2,4387.7,20541.21875,78730.6171875
1202.7595572471619,2,4514.2,20660.47265625,78730.6171875
1203.7780277729034,2,3402.1,20909.19140625,78730.6171875
1204.8060178756714,2,3500.2,21102.57421875,78730.6171875
1205.8330059051514,2,3452.7,21286.8046875,78730.6171875
1206.8453295230865,2,4016.2,22360.6640625,78730.6171875
1207.8530070781708,2,1628.8,22563.78125,78730.6171875
1208.8657784461975,2,1809.5,22436.078125,78730.6171875
1209.878007888794,2,1693.8,22637.9453125,78730.6171875
1210.888513803482,2,4585.3,22727.8125,78730.6171875
1211.900126695633,2,995.1,23142.0390625,78730.6171875
1212.9099934101105,2,617.0,8789.796875,78730.6171875
1213.9190063476562,2,1831.9,9567.265625,78730.6171875
1214.960122346878,2,2778.8,12085.234375,78730.6171875
1215.9720101356506,2,4443.5,14426.98046875,78730.6171875
1216.991017818451,2,4490.9,16258.125,78730.6171875
1218.0180146694183,2,4660.3,20483.12890625,78730.6171875
1219.0440170764923,2,4664.2,22574.453125,78730.6171875
1220.0600175857544,2,4441.4,19734.4765625,78730.6171875
1221.077795267105,2,4429.4,20520.6171875,78730.6171875
1222.0861332416534,2,3631.9,20908.82421875,78730.6171875
1223.0994763374329,2,3431.7,21109.57421875,78730.6171875
1224.124926328659,2,3454.8,21168.50390625,78730.6171875
1225.1330089569092,2,4243.1,22159.91015625,78730.6171875
1226.151287317276,2,2038.4,22640.1015625,78730.6171875
1227.1617939472198,2,1604.6,22644.26953125,78730.6171875
1228.1708014011383,2,1514.3,22620.6015625,78730.6171875
1229.1804974079132,2,3980.7,22724.671875,78730.6171875
1230.19922208786,2,2134.9,23112.71875,78730.6171875
1231.2090151309967,2,575.4,8234.79296875,78730.6171875
1232.2170050144196,2,1016.3,9308.36328125,78730.6171875
1233.225661277771,2,3416.2,10646.1171875,78730.6171875
1234.2339837551117,2,3582.2,14032.24609375,78730.6171875
1235.252007484436,2,4361.0,14660.89453125,78730.6171875
1236.2720158100128,2,4610.1,18982.1015625,78730.6171875
1237.297481060028,2,4660.6,23780.53125,78730.6171875
1238.3230204582214,2,4427.4,17799.2578125,78730.6171875
1239.3410198688507,2,4458.7,20441.2578125,78730.6171875
1240.3710162639618,2,4498.2,20618.24609375,78730.6171875
1241.4073603153229,2,3220.3,20880.60546875,78730.6171875
1242.4340171813965,2,3260.5,21149.92578125,78730.6171875
1243.4596362113953,2,4134.2,21707.3828125,78730.6171875
1244.4740073680878,2,2710.8,22555.0390625,78730.6171875
1245.4820246696472,2,1673.9,22512.1796875,78730.6171875
1246.490728855133,2,1757.2,22565.70703125,78730.6171875
1247.5000083446503,2,3372.0,22727.84765625,78730.6171875
1248.517008781433,2,2837.0,22990.44921875,78730.6171875
1249.5338530540466,2,503.1,7879.12109375,78730.6171875
1250.5415830612183,2,1079.3,9280.34375,78730.6171875
1251.5506365299225,2,3516.4,9640.35546875,78730.6171875
1252.5590143203735,2,2862.4,13840.35546875,78730.6171875
1253.6100986003876,2,4354.8,14646.16015625,78730.6171875
1254.631371974945,2,4599.5,18283.19140625,78730.6171875
1255.659014225006,2,4663.2,23614.73828125,78730.6171875
1256.6845972537994,2,4445.3,17471.40234375,78730.6171875
1257.7020053863525,2,4420.3,20500.2109375,78730.6171875
1258.7210080623627,2,4480.0,20689.08984375,78730.6171875
1259.7392282485962,2,3248.6,20916.16015625,78730.6171875
1260.747018814087,2,3788.4,20973.21875,78730.6171875
1261.7580254077911,2,3630.7,21479.40625,78730.6171875
1262.769462108612,2,3547.3,22625.0703125,78730.6171875
1263.77742934227,2,1549.0,22604.83984375,78730.6171875
1264.7864792346954,2,1832.5,22616.453125,78730.6171875
1265.7980256080627,2,2308.9,22679.82421875,78730.6171875
1266.8094637393951,2,4021.5,22947.328125,78730.6171875
1267.818386554718,2,646.9,8490.0390625,80778.6328125
1268.8277497291565,2,872.8,9167.17578125,78730.6171875
1269.8450095653534,2,2481.2,9583.44921875,78730.6171875
1270.897369146347,2,2429.4,13332.94921875,78730.6171875
1271.915009021759,2,3763.0,15654.17578125,78730.6171875
1272.9362363815308,2,4403.1,16123.2734375,78730.6171875
1273.958015203476,2,4616.7,20150.65625,78730.6171875
1274.9842751026154,2,4664.8,25271.3828125,78730.6171875
1276.012502193451,2,4595.4,30183.421875,78786.6171875
1277.0395827293396,2,4225.3,19894.2265625,78786.6171875
1278.06032204628,2,4591.5,23933.12890625,78786.6171875
1279.0740163326263,2,4312.1,24807.8828125,78786.6171875
1280.0995264053345,2,4383.8,25208.09375,78786.6171875
1281.1218929290771,2,3578.1,25462.9765625,78786.6171875
1282.1525359153748,2,3743.9,25812.21484375,78786.6171875
1283.1748838424683,2,3867.2,25804.671875,78786.6171875
1284.1857755184174,2,3555.9,26487.39453125,78786.6171875
1285.2005722522736,2,3530.3,27971.3828125,78786.6171875
1286.2114644050598,2,1586.2,28652.734375,78786.6171875
1287.2207868099213,2,1975.8,28493.8984375,78786.6171875
1288.2289130687714,2,1669.9,28534.1328125,78786.6171875
1289.239010810852,2,3222.4,28855.46875,78786.6171875
1290.251711845398,2,4182.1,29336.87890625,78786.6171875
1291.259598016739,2,574.7,29642.8515625,78786.6171875
1292.268797159195,2,608.1,8912.86328125,80834.6328125
1293.277007341385,2,1345.6,8734.0625,78786.6171875
1294.333827972412,2,3462.1,11340.44140625,78786.6171875
1295.3520216941833,2,4481.9,13668.46875,78786.6171875
1296.3800275325775,2,4540.2,13251.921875,78786.6171875
1297.3940167427063,2,4271.5,15314.08984375,78786.6171875
1298.419129371643,2,3259.8,15606.83203125,78786.6171875
1299.4276926517487,2,3972.2,16022.5859375,78786.6171875
1300.4370102882385,2,2345.2,16851.3203125,78786.6171875
1301.444932937622,2,1664.8,16780.4296875,78786.6171875
1302.452271938324,2,3718.6,16911.5859375,78786.6171875
1303.459876537323,2,1001.3,17330.0703125,78786.6171875
1304.470648765564,2,966.4,8752.1875,78786.6171875
1305.4784572124481,2,2933.9,10752.0703125,78786.6171875
1306.4960117340088,2,4313.3,12619.75,78786.6171875
1307.5204591751099,2,4677.1,15117.3984375,78786.6171875
1308.534301519394,2,4264.3,15240.71875,78786.6171875
1309.553419828415,2,3564.0,15517.6875,78786.6171875
1310.5670115947723,2,3245.9,15710.25,78786.6171875
1311.5781557559967,2,3227.3,16857.921875,78786.6171875
1312.5864434242249,2,1724.9,16706.3984375,78786.6171875
1313.597009420395,2,3038.4,16978.59375,78786.6171875
1314.6140100955963,2,1699.2,17204.0390625,78786.6171875
1315.6204669475555,2,641.0,8719.46875,78786.6171875
1316.6290080547333,2,1345.7,9747.16015625,78786.6171875
1317.6809756755829,2,2500.2,12406.86328125,78786.6171875
1318.6900148391724,2,4555.3,14941.859375,78786.6171875
1319.7017543315887,2,4158.7,15992.88671875,78786.6171875
1320.7253680229187,2,4533.3,18848.62109375,78786.6171875
1321.751537322998,2,4640.4,23573.01171875,78786.6171875
1322.778016090393,2,4555.4,29820.10546875,78786.6171875
1323.8040068149567,2,4266.7,19501.73828125,78786.6171875
1324.82138133049,2,4591.8,23232.34375,78786.6171875
1325.8370184898376,2,4295.7,24768.23046875,78786.6171875
1326.864758014679,2,4425.5,25095.58984375,78786.6171875
1327.8815777301788,2,3603.9,25400.40625,78786.6171875
1328.9072721004486,2,3723.2,25745.12890625,78786.6171875
1329.9340155124664,2,3980.0,25792.93359375,78786.6171875
1330.9547805786133,2,4174.4,26397.6953125,78786.6171875
1331.9658706188202,2,3436.1,27818.90234375,78786.6171875
1332.9760072231293,2,1670.2,28475.96875,78786.6171875
1333.9932692050934,2,1888.4,28277.38671875,78786.6171875
1335.0014503002167,2,1651.9,28227.2109375,78786.6171875
1336.0100061893463,2,2872.8,28793.9921875,78786.6171875
1337.0283432006836,2,4391.5,29120.20703125,78786.6171875
1338.036227941513,2,579.3,29458.85546875,78786.6171875
1339.0441987514496,2,676.1,8643.94921875,80834.6328125
1340.0528964996338,2,917.3,9118.16015625,78786.6171875
1341.0614244937897,2,2782.0,10296.00390625,78786.6171875
1342.0707874298096,2,3472.9,13854.22265625,78786.6171875
1343.082629442215,2,4374.6,14354.52734375,78786.6171875
1344.1020147800446,2,4604.0,19018.5625,78786.6171875
1345.1271827220917,2,4675.2,24417.6640625,78786.6171875
1346.151911497116,2,4418.7,18950.75,78786.6171875
1347.1770150661469,2,4476.8,20163.48046875,78786.6171875
1348.2021718025208,2,3719.5,20544.6640625,78786.6171875
1349.2140228748322,2,3749.5,20803.75390625,78786.6171875
1350.2417693138123,2,3623.0,20975.37109375,78786.6171875
1351.253006219864,2,4130.5,22231.30078125,78786.6171875
1352.2712967395782,2,1738.2,22280.41015625,78786.6171875
1353.2809264659882,2,1822.4,22255.21484375,78786.6171875
1354.2905280590057,2,2650.0,22469.5625,78786.6171875
1355.3193378448486,2,3435.2,22565.6171875,78786.6171875
1356.3284504413605,2,600.5,9656.734375,80834.6328125
1357.3376426696777,2,889.8,9820.6640625,78786.6171875
1358.3460054397583,2,2002.1,10079.5703125,78786.6171875
1359.3847348690033,2,2316.3,12917.45703125,78786.6171875
1360.3925828933716,2,4594.2,15471.921875,78786.6171875
1361.40469288826,2,4202.8,16487.15234375,78786.6171875
1362.412014245987,2,4478.5,18902.9296875,78786.6171875
1363.4390103816986,2,4665.5,23230.3046875,78786.6171875
1364.465012550354,2,4665.0,29403.2421875,78786.6171875
1365.491022348404,2,4577.5,23441.12890625,91074.6171875
1366.5124757289886,2,4351.9,23892.16015625,91074.6171875
1367.5300071239471,2,4259.9,25557.2890625,91074.6171875
1368.5500059127808,2,4412.1,25734.21484375,91074.6171875
1369.569019317627,2,4099.2,26087.8125,91074.6171875
1370.5943524837494,2,3361.0,26250.0,91074.6171875
1371.6030197143555,2,4051.8,26625.4375,91074.6171875
1372.628918647766,2,3423.2,26690.69140625,91074.6171875
1373.644008398056,2,4277.9,28065.953125,91074.6171875
1374.6623418331146,2,2782.0,29094.5234375,91074.6171875
1375.6690089702606,2,1651.4,28967.1953125,91074.6171875
1376.6818635463715,2,1802.9,29010.328125,91074.6171875
1377.6901588439941,2,1351.9,28990.1484375,91074.6171875
1378.7000093460083,2,3635.9,29606.20703125,91074.6171875
1379.727299451828,2,3943.2,29897.296875,91074.6171875
1380.7361752986908,2,571.8,30167.9609375,91074.6171875
1381.7453091144562,2,606.6,9215.59765625,93122.6328125
1382.7541811466217,2,899.3,9595.84375,91074.6171875
1383.7626984119415,2,2454.2,9820.5,91074.6171875
1384.8181581497192,2,2387.8,12884.96875,91074.6171875
1385.8390092849731,2,4316.8,15784.40625,91074.6171875
1386.8590080738068,2,4366.7,16260.39453125,91074.6171875
1387.8773972988129,2,4596.7,20417.6015625,91074.6171875
1388.9030148983002,2,4664.6,25221.921875,91074.6171875
1389.929013967514,2,4676.1,30938.18359375,91074.6171875
1390.9533457756042,2,4324.2,20565.74609375,91074.6171875
1391.9812395572662,2,4358.4,24750.93359375,91074.6171875
1392.9898390769958,2,4547.2,24835.296875,91074.6171875
1394.0150187015533,2,4285.2,25277.48046875,91074.6171875
1395.0390830039978,2,3584.0,25502.91796875,91074.6171875
1396.0670199394226,2,3739.5,25951.44921875,91074.6171875
1397.0935776233673,2,3588.4,25880.9375,91074.6171875
1398.1030082702637,2,4191.1,27052.23828125,91074.6171875
1399.122343301773,2,3138.6,28341.7578125,91074.6171875
1400.1283798217773,2,1576.6,28330.70703125,91074.6171875
1401.1388609409332,2,1892.3,28347.8359375,91074.6171875
1402.1454887390137,2,1338.8,28322.796875,91074.6171875
1403.1538252830505,2,3737.0,29023.09375,91074.6171875
1404.177312374115,2,3422.2,29359.03515625,91074.6171875
1405.1859107017517,2,575.0,29589.98046875,91074.6171875
1406.1945979595184,2,606.6,7896.94140625,91074.6171875
1407.2034730911255,2,976.9,9572.71875,91074.6171875
1408.212947845459,2,2987.0,9809.60546875,91074.6171875
1409.231027841568,2,2400.2,13554.45703125,91074.6171875
1410.2450094223022,2,4318.3,15774.875,91074.6171875
1411.2650172710419,2,4391.3,16249.9453125,91074.6171875
1412.2892010211945,2,4600.2,20701.72265625,91074.6171875
1413.3150136470795,2,4667.9,25906.54296875,91074.6171875
1414.341017484665,2,4374.1,30806.8984375,91074.6171875
1415.3656346797943,2,4352.7,20513.60546875,91074.6171875
1416.3940093517303,2,4244.6,24859.9609375,91074.6171875
1417.4135739803314,2,4461.6,25054.75390625,91074.6171875
1418.4233877658844,2,4499.9,25277.0859375,91074.6171875
1419.4480271339417,2,3594.6,25503.83203125,91074.6171875
1420.4760234355927,2,3676.7,25982.875,91074.6171875
1421.5020151138306,2,3497.8,26030.05078125,91074.6171875
1422.5240108966827,2,4217.4,27369.19140625,91074.6171875
1423.542358636856,2,2685.7,28385.8203125,91074.6171875
1424.5501873493195,2,1629.3,28397.0078125,91074.6171875
1425.5593161582947,2,1849.1,28375.81640625,91074.6171875
1426.5683801174164,2,1315.2,28300.44140625,91074.6171875
1427.5790095329285,2,4048.3,28762.3046875,91074.6171875
1428.5942714214325,2,2983.5,29375.3671875,91074.6171875
1429.603656053543,2,720.4,29647.3515625,91074.6171875
1430.6128222942352,2,493.1,8087.078125,91074.6171875
1431.620769739151,2,997.2,9396.0390625,91074.6171875
1432.6295268535614,2,3333.6,10309.19921875,91074.6171875
1433.6470122337341,2,2852.1,14306.76953125,91074.6171875
1434.6700091362,2,4225.4,15928.8984375,91074.6171875
1435.6890170574188,2,4488.9,17445.52734375,91074.6171875
1436.7180151939392,2,4668.6,22585.01171875,91074.6171875
1437.7450151443481,2,4668.5,28135.58203125,91074.6171875
1438.7780253887177,2,4649.2,25431.7265625,91074.6171875
1439.7940230369568,2,4336.7,23293.44140625,91074.6171875
1440.8190059661865,2,4266.6,24944.328125,91074.6171875
1441.8380088806152,2,4460.2,25168.49609375,91074.6171875
1442.8562841415405,2,4013.4,25449.5625,91074.6171875
1443.8639423847198,2,2994.5,25719.11328125,91074.6171875
1444.8740224838257,2,4198.1,25979.9375,91074.6171875
1445.9010078907013,2,3325.9,26003.33203125,91074.6171875
1446.912092924118,2,4228.8,27349.4453125,91074.6171875
1447.931316614151,2,2352.6,28357.89453125,91074.6171875
1448.938194513321,2,1650.0,28430.140625,91074.6171875
1449.9459998607635,2,2049.8,28310.26171875,91074.6171875
1450.9538931846619,2,1428.1,28489.11328125,91074.6171875
1451.9689044952393,2,4420.1,28784.4453125,91074.6171875
1452.9801938533783,2,2309.0,29366.1796875,91074.6171875
1453.9912612438202,2,735.7,29669.8984375,91074.6171875
1455.0009272098541,2,470.9,8456.27734375,91074.6171875
1456.0117814540863,2,865.5,10066.578125,91074.6171875
1457.021008491516,2,2897.5,10182.16796875,91074.6171875
1458.0630068778992,2,2223.6,13376.08203125,91074.6171875
1459.0838327407837,2,4534.9,16142.62109375,91074.6171875
1460.1000049114227,2,4194.5,16967.578125,91074.6171875
1461.1264760494232,2,4508.1,19789.55859375,91074.6171875
1462.152016878128,2,4707.4,24230.93359375,91074.6171875
1463.1780135631561,2,4703.3,29699.48046875,91074.6171875
1464.2050178050995,2,4305.3,25858.08984375,91074.6171875
1465.2302641868591,2,4340.7,24432.7265625,91074.6171875
1466.2580046653748,2,4286.7,26145.046875,91074.6171875
1467.2770068645477,2,4466.3,26280.01953125,91074.6171875
1468.2953028678894,2,4325.5,26516.00390625,91074.6171875
1469.305026769638,2,2895.9,26736.7734375,91074.6171875
1470.338015794754,2,3270.6,27047.09375,91074.6171875
1471.3626391887665,2,3809.1,27000.25,91074.6171875
1472.3795444965363,2,4322.3,27694.578125,91074.6171875
1473.399011850357,2,3416.6,29302.76171875,91074.6171875
1474.4173476696014,2,1578.4,29586.43359375,91074.6171875
1475.4263887405396,2,1502.5,29442.8046875,91074.6171875
1476.4341287612915,2,2045.8,29443.921875,91074.6171875
1477.4420101642609,2,1340.6,29677.8203125,91074.6171875
1478.4576523303986,2,4447.3,30047.1640625,91074.6171875
1479.4733455181122,2,2893.3,30652.15625,91074.6171875
1480.4856967926025,2,678.7,30835.61328125,91074.6171875
1481.4947755336761,2,616.9,8030.2578125,91074.6171875
1482.5030274391174,2,2530.4,8738.8125,91074.6171875
1483.5095131397247,2,3458.6,11422.59765625,91074.6171875
1484.5290133953094,2,4596.0,15367.60546875,91074.6171875
1485.553700685501,2,4506.7,14443.6640625,91074.6171875
1486.5664942264557,2,4047.9,15160.26953125,91074.6171875
1487.5745542049408,2,3406.5,15463.9921875,91074.6171875
1488.6004211902618,2,3663.2,16544.37109375,91074.6171875
1489.6089017391205,2,1586.0,16595.953125,91074.6171875
1490.617015361786,2,2703.4,16786.28515625,91074.6171875
1491.6324162483215,2,2170.9,17041.55859375,91074.6171875
1492.6405057907104,2,819.3,8417.26953125,91074.6171875
1493.648826122284,2,2294.4,9698.89453125,91074.6171875
1494.6572005748749,2,4065.4,11574.36328125,91074.6171875
1495.6801373958588,2,4621.9,16420.0078125,91074.6171875
1496.705492734909,2,4308.5,14917.8125,91074.6171875
1497.7250089645386,2,3849.0,15173.421875,91074.6171875
1498.7343842983246,2,3459.0,15401.59765625,91074.6171875
1499.7420077323914,2,3585.2,16482.109375,91074.6171875
1500.754010438919,2,1671.0,16378.33203125,91074.6171875
1501.7690079212189,2,3018.8,16663.57421875,91074.6171875
1502.784360408783,2,1660.5,16945.14453125,91074.6171875
1503.7911500930786,2,506.1,8677.546875,91074.6171875
1504.7988579273224,2,861.3,10064.03515625,91074.6171875
1505.8070042133331,2,3367.2,10174.5625,91074.6171875
1506.8297882080078,2,2213.0,13454.0078125,91074.6171875
1507.8460085391998,2,4301.3,16550.8125,91074.6171875
1508.8660082817078,2,4370.9,16984.69921875,91074.6171875
1509.8850169181824,2,4557.3,20225.88671875,91074.6171875
1510.9110169410706,2,4635.1,24723.21875,91074.6171875
1511.9370164871216,2,4688.8,30369.2734375,91074.6171875
1512.9640157222748,2,4111.5,23862.85546875,91074.6171875
1513.9845287799835,2,4324.1,24476.890625,91074.6171875
1515.017005443573,2,4290.6,26215.51953125,91074.6171875
1516.039219379425,2,4459.1,26441.4296875,91074.6171875
1517.0583112239838,2,4117.2,26661.19921875,91074.6171875
1518.068029165268,2,3169.8,26878.83984375,91074.6171875
1519.0960195064545,2,3638.2,27326.66015625,91074.6171875
1520.1249527931213,2,3479.7,27268.97265625,91074.6171875
1521.1320576667786,2,4378.3,28534.078125,91074.6171875
1522.1408534049988,2,3487.6,30017.91796875,91074.6171875
1523.1514110565186,2,1402.1,29891.234375,91074.6171875
1524.1605565547943,2,1418.8,29739.65234375,91074.6171875
1525.172761440277,2,2010.0,29534.34765625,91074.6171875
1526.1826813220978,2,1754.4,29634.67578125,91074.6171875
1527.1930141448975,2,4489.0,29987.96484375,91074.6171875
1528.2056670188904,2,2408.5,30546.6953125,91074.6171875
1529.21444439888,2,660.7,30820.765625,91074.6171875
1530.223976135254,2,551.7,8233.1640625,91074.6171875
1531.2318584918976,2,934.5,9647.125,91074.6171875
1532.2430062294006,2,3427.1,9843.51953125,91074.6171875
1533.2780060768127,2,2368.0,13587.45703125,91074.6171875
1534.2965152263641,2,4348.5,15810.21484375,91074.6171875
1535.3160150051117,2,4359.2,16277.03515625,91074.6171875
1536.3400173187256,2,4600.4,21280.47265625,91074.6171875
1537.3660128116608,2,4670.1,26732.73828125,91074.6171875
1538.391277551651,2,4435.0,29535.56640625,91074.6171875
1539.4020318984985,2,4339.4,20613.29296875,91074.6171875
1540.4290087223053,2,4214.9,24936.92578125,91074.6171875
1541.448008775711,2,4684.5,24907.92578125,91074.6171875
1542.4730186462402,2,4272.3,25340.1796875,91074.6171875
1543.498028755188,2,3473.9,25585.7578125,91074.6171875
1544.5260231494904,2,3707.5,26012.57421875,91074.6171875
1545.553017616272,2,3467.6,25989.5859375,91074.6171875
1546.577656507492,2,4272.0,27271.51171875,91074.6171875
1547.587010383606,2,2997.4,28349.0,91074.6171875
1548.6001453399658,2,1584.8,28331.73828125,91074.6171875
1549.609008550644,2,1954.4,28232.98046875,91074.6171875
1550.6240773200989,2,1286.4,28249.16796875,91074.6171875
1551.6350083351135,2,3996.3,28727.7421875,91074.6171875
1552.6652500629425,2,3003.6,29363.125,91074.6171875
1553.67355966568,2,722.2,29632.55078125,91074.6171875
1554.6829681396484,2,444.8,8063.5859375,91074.6171875
1555.6923882961273,2,898.8,10017.015625,91074.6171875
1556.701452255249,2,2203.8,10143.0546875,91074.6171875
1557.7172257900238,2,2478.5,12773.671875,91074.6171875
1558.7267854213715,2,4316.0,15717.5625,91074.6171875
1559.7426369190216,2,4232.0,16787.015625,91074.6171875
1560.7665348052979,2,4426.8,18620.44921875,91074.6171875
1561.791273355484,2,4660.1,23324.62109375,91074.6171875
1562.8163390159607,2,4662.7,28889.67578125,91074.6171875
1563.8453760147095,2,4334.3,30894.28125,91074.6171875
1564.8690166473389,2,4372.8,23466.66015625,91074.6171875
1565.9050052165985,2,4255.1,26171.7109375,91074.6171875
1566.92400765419,2,4490.6,26354.09375,91074.6171875
1567.943015575409,2,4480.5,26487.05859375,91074.6171875
1568.967205286026,2,2890.8,26794.09765625,91074.6171875
1569.9820210933685,2,3603.2,27054.96875,91074.6171875
1571.0080163478851,2,3882.3,27179.37109375,91074.6171875
1572.0340073108673,2,4104.9,27807.7578125,91074.6171875
1573.0458025932312,2,3507.4,29266.91015625,91074.6171875
1574.056513786316,2,1689.6,29801.68359375,91074.6171875
1575.0654881000519,2,1687.2,29473.99609375,91074.6171875
1576.071869134903,2,2073.7,29431.359375,91074.6171875
1577.0800161361694,2,1061.3,29441.3515625,91074.6171875
1578.0890100002289,2,4406.9,29910.7578125,91074.6171875
1579.1034364700317,2,3276.7,30501.8046875,91074.6171875
1580.112007856369,2,647.0,30746.83984375,91074.6171875
1581.1227235794067,2,501.2,7932.8984375,91074.6171875
1582.1302964687347,2,1004.3,9629.82421875,91074.6171875
1583.1390039920807,2,2580.3,9835.37109375,91074.6171875
1584.167026758194,2,2453.9,12791.078125,91074.6171875
1585.1840076446533,2,4328.6,15812.5234375,91074.6171875
1586.2030138969421,2,4398.6,16280.2109375,91074.6171875
1587.2230293750763,2,4589.9,20521.03515625,91074.6171875
1588.2500121593475,2,4670.9,26112.31640625,91074.6171875
1589.2760109901428,2,4676.6,31074.3984375,91074.6171875
1590.3009095191956,2,4287.9,20500.48046875,91074.6171875
1591.326851606369,2,4476.4,24480.203125,91074.6171875
1592.3380122184753,2,4448.8,24760.23828125,91074.6171875
1593.3621678352356,2,4258.5,25182.9453125,91074.6171875
1594.3862528800964,2,3303.7,25421.8203125,91074.6171875
1595.4105916023254,2,3553.5,25817.45703125,91074.6171875
1596.424017906189,2,3901.2,25751.88671875,91074.6171875
1597.4440443515778,2,4181.5,26652.58203125,91074.6171875
1598.453006029129,2,3243.8,28490.12890625,91074.6171875
1599.4713068008423,2,1583.0,28288.02734375,91074.6171875
1600.47900724411,2,1795.9,28463.31640625,91074.6171875
1601.4980511665344,2,1535.2,28187.55859375,91074.6171875
1602.506012916565,2,3388.0,28894.1796875,91074.6171875
1603.5305683612823,2,3836.8,29218.890625,91074.6171875
1604.53848361969,2,557.4,29495.75,91074.6171875
1605.5468130111694,2,607.7,9429.69921875,93122.6328125
1606.555592060089,2,908.9,9463.39453125,91074.6171875
1607.6010110378265,2,2762.7,9700.4453125,91074.6171875
1608.634418964386,2,2373.7,13454.4296875,91074.6171875
1609.6608049869537,2,4333.6,15682.01953125,91074.6171875
1610.6800062656403,2,4381.9,16148.1484375,91074.6171875
1611.70201420784,2,4624.0,20380.17578125,91074.6171875
1612.7293949127197,2,4699.1,25566.3203125,91074.6171875
1613.754025220871,2,4686.1,31274.28515625,91074.6171875
1614.7796654701233,2,4314.8,20534.24609375,91074.6171875
1615.804925918579,2,4235.9,24881.21484375,91074.6171875
1616.8180077075958,2,4669.7,24828.15625,91074.6171875
1617.8420119285583,2,4267.2,25242.31640625,91074.6171875
1618.8656418323517,2,3459.3,25480.0703125,91074.6171875
1619.8969359397888,2,3556.5,25879.69140625,91074.6171875
1620.9240005016327,2,3598.7,25816.71484375,91074.6171875
1621.9373683929443,2,4104.0,27024.80078125,91074.6171875
1622.9563558101654,2,3194.5,28380.71484375,91074.6171875
1623.9644737243652,2,1603.6,28233.26953125,91074.6171875
1624.9722247123718,2,1915.1,28198.56640625,91074.6171875
1625.9795320034027,2,1366.9,28215.03515625,91074.6171875
1626.9870071411133,2,3686.2,28929.43359375,91074.6171875
1627.998022556305,2,3528.1,29239.55078125,91074.6171875
1629.0064024925232,2,558.3,29487.234375,91074.6171875
1630.0148088932037,2,624.8,9556.85546875,93122.6328125
1631.0230836868286,2,941.2,9283.01953125,91074.6171875
1632.0314600467682,2,3293.2,9581.7109375,91074.6171875
1633.080265045166,2,2735.5,13561.18359375,91074.6171875
1634.0980064868927,2,4316.0,14665.0078125,91074.6171875
1635.1170194149017,2,4613.8,18307.42578125,91074.6171875
1636.1421585083008,2,4671.3,23614.09765625,91074.6171875
1637.1680159568787,2,4468.6,17600.640625,91074.6171875
1638.1830048561096,2,4368.7,20624.42578125,91074.6171875
1639.2020106315613,2,4464.7,20802.16796875,91074.6171875
1640.2261493206024,2,3253.4,21033.4609375,91074.6171875
1641.2370154857635,2,3658.0,21111.8046875,91074.6171875
1642.2499957084656,2,3395.0,21539.9453125,91074.6171875
1643.2649614810944,2,3754.0,22741.6484375,91074.6171875
1644.2761454582214,2,1536.2,22691.62890625,91074.6171875
1645.2843389511108,2,1888.8,22558.296875,91074.6171875
1646.2940051555634,2,2035.2,22759.15234375,91074.6171875
1647.3136415481567,2,4388.7,22985.4140625,91074.6171875
1648.320643901825,2,656.9,8075.16015625,93122.6328125
1649.3283820152283,2,634.0,9162.5390625,91074.6171875
1650.3370051383972,2,1479.9,9800.43359375,91074.6171875
1651.386830329895,2,2900.1,11991.47265625,91074.6171875
1652.3950109481812,2,4138.3,15033.875,91074.6171875
1653.4080090522766,2,4157.2,16146.58203125,91074.6171875
1654.4300179481506,2,4540.0,18717.17578125,91074.6171875
1655.4556708335876,2,4654.0,23524.4921875,91074.6171875
1656.4810152053833,2,4686.9,28713.56640625,91074.6171875
1657.5070083141327,2,4391.5,19554.08203125,91074.6171875
1658.5220119953156,2,4584.4,23177.4375,91074.6171875
1659.5430150032043,2,4277.4,24738.4921875,91074.6171875
1660.5690054893494,2,4393.1,25085.11328125,91074.6171875
1661.5875570774078,2,3385.1,25378.40234375,91074.6171875
1662.5950264930725,2,3332.7,25775.98046875,91074.6171875
1663.6212766170502,2,4067.3,25701.11328125,91074.6171875
1664.6310060024261,2,3993.5,26247.515625,91074.6171875
1665.6493165493011,2,3984.0,27483.1015625,91074.6171875
1666.656306028366,2,1592.0,28434.375,91074.6171875
1667.6644160747528,2,1751.3,28317.0546875,91074.6171875
1668.6727817058563,2,1976.9,28181.87109375,91074.6171875
1669.6790063381195,2,2179.7,28683.70703125,91074.6171875
1670.7270109653473,2,4652.7,28714.97265625,91074.6171875
1671.7410111427307,2,1029.6,29292.2578125,91074.6171875
1672.7604961395264,2,809.8,16188.09765625,91074.6171875
1673.7692832946777,2,594.4,8924.23828125,91074.6171875
1674.7780101299286,2,1599.5,9696.37890625,91074.6171875
1675.835438966751,2,2595.6,12269.93359375,91074.6171875
1676.8440136909485,2,4436.6,15163.4140625,91074.6171875
1677.8570094108582,2,4023.2,16071.1171875,91074.6171875
1678.8700137138367,2,4560.4,19336.33984375,91074.6171875
1679.8970189094543,2,4665.3,23436.61328125,91074.6171875
1680.9230151176453,2,4674.3,28724.0390625,91074.6171875
1681.949006319046,2,4335.0,19490.546875,91074.6171875
1682.969028711319,2,4598.2,23238.80078125,91074.6171875
1683.986014842987,2,4310.0,24695.171875,91074.6171875
1685.0100870132446,2,4440.2,25037.44921875,91074.6171875
1686.0300307273865,2,3358.3,25370.44921875,91074.6171875
1687.0554828643799,2,3750.1,25736.734375,91074.6171875
1688.0815346240997,2,4002.6,25776.859375,91074.6171875
1689.108285665512,2,4094.2,26340.7109375,91074.6171875
1690.1196637153625,2,3481.9,27926.6953125,91074.6171875
1691.1383969783783,2,1763.1,28393.265625,91074.6171875
1692.1470057964325,2,1882.7,28419.7734375,91074.6171875
1693.1649746894836,2,1660.0,28417.5546875,91074.6171875
1694.1760075092316,2,2774.0,28650.84765625,91074.6171875
1695.1874825954437,2,4461.3,29001.109375,91074.6171875
1696.1965017318726,2,781.3,29445.765625,91074.6171875
1697.2050540447235,2,656.1,8238.76953125,93122.6328125
1698.214007139206,2,647.0,9256.36328125,91074.6171875
1699.2219035625458,2,1377.4,9932.80859375,91074.6171875
1700.271638393402,2,3159.4,11814.42578125,91074.6171875
1701.2799398899078,2,3830.6,15002.75390625,91074.6171875
1702.293007850647,2,4229.5,16330.5,91074.6171875
1703.3112289905548,2,4466.1,18075.92578125,91074.6171875
1704.3380098342896,2,4654.6,22191.375,91074.6171875
1705.3633275032043,2,4672.8,27069.515625,91074.6171875
1706.388207435608,2,4643.1,25536.1875,91074.6171875
1707.4150342941284,2,4348.5,23700.0234375,91074.6171875
1708.447006225586,2,4264.0,25365.046875,91074.6171875
1709.4660069942474,2,4463.5,25569.82421875,91074.6171875
1710.484387397766,2,4202.8,25801.140625,91074.6171875
1711.4930267333984,2,3296.8,26056.05078125,91074.6171875
1712.5210189819336,2,3736.1,26473.08984375,91074.6171875
1713.547019481659,2,3494.6,26479.23828125,91074.6171875
1714.5728878974915,2,4192.6,27749.3671875,91074.6171875
1715.5811235904694,2,3064.3,28896.53125,91074.6171875
1716.5911529064178,2,1593.8,28760.59765625,91074.6171875
1717.6010067462921,2,1760.8,28993.90234375,91074.6171875
1718.6185047626495,2,1418.8,28944.62109375,91074.6171875
1719.6262788772583,2,3292.3,29326.08984375,91074.6171875
1720.6396899223328,2,4392.1,29622.09375,91074.6171875
1721.645949602127,2,652.0,30000.47265625,91074.6171875
1722.6536271572113,2,659.8,8425.12890625,93122.6328125
1723.6614995002747,2,916.7,8868.56640625,91074.6171875
1724.670646905899,2,2499.9,10295.9140625,91074.6171875
1725.6789770126343,2,4288.3,12287.69140625,91074.6171875
1726.6980142593384,2,4557.4,15744.64453125,91074.6171875
1727.7245030403137,2,4659.9,19326.9296875,91074.6171875
1728.7414515018463,2,4256.1,17422.12109375,91074.6171875
1729.7530102729797,2,4482.6,17632.65625,91074.6171875
1730.7750492095947,2,2873.3,18029.01953125,91074.6171875
1731.7830510139465,2,3703.0,18098.0859375,91074.6171875
1732.7937784194946,2,3966.0,19397.98828125,91074.6171875
1733.8080093860626,2,1435.3,19239.94921875,91074.6171875
1734.8210327625275,2,1664.3,19195.25390625,91074.6171875
1735.8300087451935,2,4033.3,19348.05078125,91074.6171875
1736.849235534668,2,1290.0,19795.890625,91074.6171875
1737.8561024665833,2,748.1,8847.73828125,91074.6171875
1738.865023136139,2,2326.7,9493.57421875,91074.6171875
1739.9132149219513,2,2857.7,13114.70703125,91074.6171875
1740.9640049934387,2,4358.2,14252.05859375,91074.6171875
1741.98232960701,2,4598.8,17167.94140625,91074.6171875
1743.0080132484436,2,4653.6,22395.30078125,91074.6171875
1744.0334911346436,2,4374.3,16931.2734375,91074.6171875
1745.048006772995,2,4417.4,20043.19921875,91074.6171875
1746.0670139789581,2,4542.9,20193.41015625,91074.6171875
1747.0907802581787,2,3216.8,20422.171875,91074.6171875
1748.120831489563,2,3535.1,20601.3046875,91074.6171875
1749.13600897789,2,4029.3,21308.36328125,91074.6171875
1750.1542658805847,2,2494.5,21817.14453125,91074.6171875
1751.1650085449219,2,1744.6,21882.1640625,91074.6171875
1752.1879713535309,2,1517.6,21860.234375,91074.6171875
1753.1970055103302,2,4171.5,21957.60546875,91074.6171875
1754.2083044052124,2,1745.5,22389.7421875,91074.6171875
1755.2170057296753,2,665.7,8340.5,91074.6171875
1756.2250034809113,2,1909.0,9347.41796875,91074.6171875
1757.2570314407349,2,2876.1,12496.75,91074.6171875
1758.275933265686,2,4361.0,14062.3359375,91074.6171875
1759.294921875,2,4596.8,17060.453125,91074.6171875
1760.3243477344513,2,4668.0,22197.30078125,91074.6171875
1761.3489620685577,2,4427.5,17289.71484375,91074.6171875
1762.3725769519806,2,4436.8,19785.23828125,91074.6171875
1763.3920147418976,2,4484.5,19978.50390625,91074.6171875
1764.4172668457031,2,3469.8,20188.95703125,91074.6171875
1765.4330160617828,2,3454.7,20547.234375,91074.6171875
1766.4580101966858,2,4127.5,21354.109375,91074.6171875
1767.4795455932617,2,2007.8,21849.234375,91074.6171875
1768.489010334015,2,1850.8,21756.796875,91074.6171875
1769.5110924243927,2,1885.4,21874.484375,91074.6171875
1770.5217270851135,2,4453.6,21980.5,91074.6171875
1771.530518770218,2,639.7,8122.7890625,93122.6328125
1772.5387392044067,2,861.4,9013.98828125,91074.6171875
1773.5476183891296,2,2814.6,9668.2890625,91074.6171875
1774.55601811409,2,3092.2,13504.35546875,91074.6171875
1775.5770075321198,2,4366.7,14099.63671875,91074.6171875
1776.5983474254608,2,4611.7,18691.04296875,91074.6171875
1777.6260194778442,2,4668.4,23844.859375,91074.6171875
1778.651041984558,2,4410.6,18665.84375,91074.6171875
1779.674016237259,2,4467.4,19796.234375,91074.6171875
1780.6982634067535,2,3575.7,20158.54296875,91074.6171875
1781.7050211429596,2,3895.6,20389.3515625,91074.6171875
1782.7266869544983,2,3578.5,20569.4921875,91074.6171875
1783.7381975650787,2,4010.0,21701.17578125,91074.6171875
1784.7540075778961,2,1627.8,21725.2265625,91074.6171875
1785.7623612880707,2,1760.4,21647.2265625,91074.6171875
1786.768789768219,2,2774.9,21894.12890625,91074.6171875
1787.7805190086365,2,3120.0,22083.17578125,91074.6171875
1788.7883882522583,2,632.4,7686.1796875,91074.6171875
1789.7972729206085,2,1021.4,9087.2890625,91074.6171875
1790.805757522583,2,2799.6,10875.59765625,91074.6171875
1791.816008090973,2,3838.6,14045.3125,91074.6171875
1792.8370206356049,2,4495.4,14601.26171875,91074.6171875
1793.8650102615356,2,4650.3,19188.375,91074.6171875
1794.8904941082,2,4657.3,23809.73046875,91074.6171875
1795.9150161743164,2,4348.0,19153.87890625,91074.6171875
1796.9293801784515,2,4458.1,19988.546875,91074.6171875
1797.9540128707886,2,3510.2,20407.75,91074.6171875
1798.9760236740112,2,3593.1,20630.99609375,91074.6171875
1800.003006219864,2,3629.9,20704.6953125,91074.6171875
1801.0170075893402,2,4103.9,21742.375,91074.6171875
1802.0318264961243,2,1732.6,21853.15625,91074.6171875
1803.0396025180817,2,1864.6,21834.53515625,91074.6171875
1804.0473613739014,2,2718.4,22042.890625,91074.6171875
1805.0609247684479,2,3317.1,22307.99609375,91074.6171875
1806.0694868564606,2,566.3,9576.80078125,93122.6328125
1807.078008890152,2,1632.5,8741.6875,91074.6171875
1808.1280176639557,2,3419.7,11515.05859375,91074.6171875
1809.1410105228424,2,4317.4,13181.734375,91074.6171875
1810.1653499603271,2,4662.8,18311.953125,91074.6171875
1811.1898748874664,2,4475.1,14991.609375,91074.6171875
1812.2110142707825,2,4448.2,17121.5078125,91074.6171875
1813.2320129871368,2,3433.9,17583.62109375,91074.6171875
1814.247619152069,2,3834.4,17747.5390625,91074.6171875
1815.256010055542,2,4070.6,18580.6953125,91074.6171875
1816.2764384746552,2,1907.4,19024.4453125,91074.6171875
1817.283955335617,2,1763.5,18922.65625,91074.6171875
1818.2970087528229,2,2947.2,19258.28515625,91074.6171875
1819.3164925575256,2,2407.0,19476.5,91074.6171875
1820.3250064849854,2,661.6,8197.4375,91074.6171875
1821.3332815170288,2,2251.9,8846.953125,91074.6171875
1822.3549563884735,2,3333.6,11839.05078125,91074.6171875
1823.3670156002045,2,4342.3,13712.03125,91074.6171875
1824.3950128555298,2,4659.4,18753.00390625,91074.6171875
1825.4362363815308,2,4469.0,16421.06640625,91074.6171875
1826.4550151824951,2,4352.1,17336.0078125,91074.6171875
1827.4750299453735,2,3645.3,17642.51953125,91074.6171875
1828.501012802124,2,3784.8,17844.98046875,91074.6171875
1829.515397310257,2,4086.6,18677.1953125,91074.6171875
1830.5343081951141,2,1736.3,19071.36328125,91074.6171875
1831.5432269573212,2,1732.4,18923.02734375,91074.6171875
1832.552011013031,2,3127.7,19140.03515625,91074.6171875
1833.5637488365173,2,2307.4,19467.796875,91074.6171875
1834.572024345398,2,728.0,8088.7421875,91074.6171875
1835.580400943756,2,2418.4,8929.96484375,91074.6171875
1836.5890073776245,2,3607.9,11428.17578125,91074.6171875
1837.6080195903778,2,4595.7,15576.44140625,91074.6171875
1838.6369714736938,2,4538.8,14565.63671875,91074.6171875
1839.6510152816772,2,4277.1,15297.828125,91074.6171875
1840.6623175144196,2,3106.9,15549.44140625,91074.6171875
1841.6693708896637,2,3884.4,16364.5078125,91074.6171875
1842.6802563667297,2,1612.7,16803.9375,91074.6171875
1843.6902396678925,2,1767.8,16762.5,91074.6171875
1844.7198667526245,2,3562.4,17051.578125,91074.6171875
1845.7285866737366,2,587.8,9252.203125,93122.6328125
1846.7373814582825,2,2080.9,8615.75,91074.6171875
1847.745733499527,2,3200.8,11567.46875,91074.6171875
1848.7567338943481,2,4044.2,13243.421875,91074.6171875
1849.7754731178284,2,4617.7,16424.62890625,91074.6171875
1850.8010070323944,2,4310.7,16206.78515625,91074.6171875
1851.8200190067291,2,3744.0,16605.59765625,91074.6171875
1852.845632314682,2,3676.3,16657.58984375,91074.6171875
1853.8536956310272,2,3301.4,17253.82421875,91074.6171875
1854.8642432689667,2,4069.9,18638.7109375,91074.6171875
1855.8833043575287,2,2459.0,19120.6796875,91522.6171875
1856.8920061588287,2,2399.9,19304.62890625,91522.6171875
1857.9027268886566,2,4031.0,19479.49609375,91522.6171875
1858.9117724895477,2,687.5,8915.1484375,93570.6328125
1859.9197568893433,2,2032.0,8733.5,91522.6171875
1860.9295318126678,2,3086.0,11605.02734375,91522.6171875
1861.9430050849915,2,4359.2,13366.88671875,91522.6171875
1862.9620146751404,2,4623.7,16822.55078125,91522.6171875
1863.988007068634,2,4297.5,16380.3046875,91522.6171875
1865.0074026584625,2,3688.3,16668.41796875,91522.6171875
1866.0329303741455,2,3219.9,16819.7109375,91522.6171875
1867.0406367778778,2,4031.4,17533.5078125,91522.6171875
1868.0516397953033,2,4377.9,18707.52734375,91522.6171875
1869.061198234558,2,1840.9,19022.96875,91522.6171875
1870.0701305866241,2,3170.7,19249.46875,91522.6171875
1871.0816671848297,2,2946.2,19462.02734375,91522.6171875
1872.0905921459198,2,657.8,7991.80859375,91522.6171875
1873.1010076999664,2,2397.1,8801.59375,91522.6171875
1874.1311659812927,2,3748.3,12887.8515625,91522.6171875
1875.1440162658691,2,4362.8,13370.6171875,91522.6171875
1876.1536943912506,2,4606.4,13831.90625,91522.6171875
1877.1670095920563,2,4327.1,16482.0859375,91522.6171875
1878.1864483356476,2,3598.4,16760.84765625,91522.6171875
1879.2150163650513,2,3486.9,17095.86328125,91522.6171875
1880.236733198166,2,4063.1,18078.46875,91522.6171875
1881.2478358745575,2,3653.9,19204.1953125,91522.6171875
1882.2559773921967,2,1622.0,19135.8984375,91522.6171875
1883.2634510993958,2,4124.8,19404.64453125,91522.6171875
1884.2744643688202,2,1938.8,19687.98828125,91522.6171875
1885.2838056087494,2,1284.1,8424.15234375,91522.6171875
1886.2940032482147,2,2793.7,8861.6328125,91522.6171875
1887.3170051574707,2,3573.5,13232.4609375,91522.6171875
1888.3270165920258,2,4496.7,14734.9765625,91522.6171875
1889.3529076576233,2,4567.2,15068.57421875,91522.6171875
1890.3679294586182,2,4318.1,16518.87890625,91522.6171875
1891.3917164802551,2,3165.7,16769.25390625,91522.6171875
1892.3986332416534,2,3243.6,17014.1640625,91522.6171875
1893.4058320522308,2,4488.5,18531.8828125,91522.6171875
1894.416773557663,2,3163.5,19110.61328125,91522.6171875
1895.4240057468414,2,1719.3,19096.97265625,91522.6171875
1896.4350078105927,2,4557.6,19214.6328125,91522.6171875
1897.4459686279297,2,1132.4,19614.375,91522.6171875
1898.4542756080627,2,1747.4,8552.6640625,91522.6171875
1899.4638278484344,2,2281.5,9870.03515625,91522.6171875
1900.475513458252,2,4401.6,13248.8359375,91522.6171875
1901.4950158596039,2,4547.8,15693.5546875,91522.6171875
1902.5211775302887,2,4495.7,16097.171875,91522.6171875
1903.5329802036285,2,3827.3,16714.68359375,91522.6171875
1904.5430150032043,2,3523.7,16792.8046875,91522.6171875
1905.5675535202026,2,3401.1,17184.67578125,91522.6171875
1906.5790076255798,2,4494.4,18670.12890625,91522.6171875
1907.597336769104,2,2483.5,19143.875,91522.6171875
1908.6083369255066,2,2549.2,19339.515625,91522.6171875
1909.6197123527527,2,3845.6,19538.97265625,91522.6171875
1910.6277241706848,2,643.4,9184.66796875,93570.6328125
1911.6364176273346,2,2127.2,8801.09375,91522.6171875
1912.6456575393677,2,3085.4,11630.5390625,91522.6171875
1913.659007549286,2,4353.8,13414.0078125,91522.6171875
1914.677413225174,2,4622.3,16898.484375,91522.6171875
1915.7030127048492,2,4285.4,16533.05859375,91522.6171875
1916.7224764823914,2,3742.8,16753.7734375,91522.6171875
1917.7312142848969,2,3312.4,16834.93359375,91522.6171875
1918.7410073280334,2,3832.6,17557.2578125,91522.6171875
1919.7523329257965,2,4377.6,18800.91796875,91522.6171875
1920.7714142799377,2,2011.5,19112.26171875,91522.6171875
1921.7838459014893,2,2864.4,19289.35546875,91522.6171875
1922.7953300476074,2,3446.0,19547.32421875,91522.6171875
1923.80411195755,2,592.0,9864.2734375,93570.6328125
1924.8125479221344,2,2201.9,8729.28125,91522.6171875
1925.8210113048553,2,3584.4,12393.73828125,91522.6171875
1926.8380081653595,2,4379.2,13381.05078125,91522.6171875
1927.857017993927,2,4612.0,17254.55859375,91522.6171875
1928.8740103244781,2,4230.5,16468.796875,91522.6171875
1929.8965797424316,2,3694.4,16757.63671875,91522.6171875
1930.923017024994,2,3127.0,16984.9140625,91522.6171875
1931.948971748352,2,4070.8,17738.66796875,91522.6171875
1932.9600551128387,2,4131.4,18945.984375,91522.6171875
1933.9680137634277,2,1897.5,19142.1484375,91522.6171875
1934.9751434326172,2,3462.8,19340.0078125,91522.6171875
1935.9863183498383,2,2792.7,19640.53515625,91522.6171875
1936.996429681778,2,872.1,8133.7421875,91522.6171875
1938.0060048103333,2,2539.7,8809.0234375,91522.6171875
1939.057008266449,2,3594.9,13189.45703125,91522.6171875
1940.076022863388,2,4484.1,13962.66796875,91522.6171875
1941.1009209156036,2,4520.6,13903.671875,91522.6171875
1942.1150097846985,2,4342.4,16543.20703125,91522.6171875
1943.1334774494171,2,3539.3,16725.453125,91522.6171875
1944.1428349018097,2,3380.8,16906.33203125,91522.6171875
1945.1521935462952,2,4170.1,18092.046875,91522.6171875
1946.163233757019,2,3699.1,19185.015625,91522.6171875
1947.1728882789612,2,1601.1,19057.87890625,91522.6171875
1948.1825985908508,2,4024.4,19342.51953125,91522.6171875
1949.1944618225098,2,2087.1,19573.76171875,91522.6171875
1950.202332019806,2,1257.6,8242.515625,91522.6171875
1951.2114152908325,2,2793.7,8775.29296875,91522.6171875
1952.273009300232,2,3599.2,13159.6640625,91522.6171875
1953.2870180606842,2,4484.3,14517.4921875,91522.6171875
1954.313229084015,2,4551.9,14955.04296875,91522.6171875
1955.3340175151825,2,4333.2,16611.34375,91522.6171875
1956.3580858707428,2,3267.6,16830.55078125,91522.6171875
1957.3661134243011,2,3272.1,17011.18359375,91522.6171875
1958.3738706111908,2,4477.1,18392.33203125,91522.6171875
1959.384842157364,2,3127.7,19229.37109375,91522.6171875
1960.393878698349,2,1579.2,19129.890625,91522.6171875
1961.4064009189606,2,4487.3,19294.5,91522.6171875
1962.4176926612854,2,1459.6,19666.890625,91522.6171875
1963.4274351596832,2,1597.0,8486.8984375,91522.6171875
1964.4368767738342,2,2433.8,9473.81640625,91522.6171875
1965.4460098743439,2,4084.9,13298.43359375,91522.6171875
1966.4650173187256,2,4543.7,15214.95703125,91522.6171875
1967.4920177459717,2,4550.6,15607.19921875,91522.6171875
1968.5115051269531,2,4123.2,16623.6328125,91522.6171875
1969.5200099945068,2,3313.7,16834.44921875,91522.6171875
1970.5444073677063,2,3246.6,17159.1796875,91522.6171875
1971.5620110034943,2,4521.2,18632.0703125,91522.6171875
1972.5766439437866,2,2904.1,19123.77734375,91522.6171875
1973.5852138996124,2,1873.5,19271.1875,91522.6171875
1974.5925323963165,2,4596.8,19289.40625,91522.6171875
1975.604340314865,2,940.2,8464.16796875,91522.6171875
1976.6125040054321,2,1902.0,8656.40625,91522.6171875
1977.6215691566467,2,2380.9,10096.16015625,91522.6171875
1978.633011341095,2,4322.2,13343.71484375,91522.6171875
1979.652016401291,2,4593.2,15987.7734375,91522.6171875
1980.6769161224365,2,4433.1,16204.171875,91522.6171875
1981.6840133666992,2,3856.5,16591.51953125,91522.6171875
1982.695015668869,2,3477.9,16762.48046875,91522.6171875
1983.7195663452148,2,3412.3,17076.4296875,91522.6171875
1984.7310106754303,2,4460.0,18566.4453125,91522.6171875
1985.7492911815643,2,2565.7,19008.48046875,91522.6171875
1986.7580060958862,2,2421.0,19215.54296875,91522.6171875
1987.7766516208649,2,4005.5,19424.62890625,91522.6171875
1988.7846426963806,2,648.4,8858.68359375,93570.6328125
1989.7931590080261,2,2040.7,8670.26953125,91522.6171875
1990.80127120018,2,3032.7,11552.16015625,91522.6171875
1991.8150079250336,2,4357.3,13324.1484375,91522.6171875
1992.8340151309967,2,4600.5,16595.86328125,91522.6171875
1993.8600106239319,2,4278.9,16467.2890625,91522.6171875
1994.8782460689545,2,3777.9,16664.5,91522.6171875
1995.8928093910217,2,3367.0,16874.171875,91522.6171875
1996.9030079841614,2,3950.0,17529.6875,91522.6171875
1997.915010213852,2,4410.5,18691.6328125,91522.6171875
1998.9252581596375,2,1860.7,18995.91796875,91522.6171875
1999.9334185123444,2,3110.9,19191.56640625,91522.6171875
2000.9448993206024,2,3021.6,19416.9609375,91522.6171875
2001.9531574249268,2,627.2,7951.80078125,91522.6171875
2002.9624433517456,2,2363.6,8784.1328125,91522.6171875
2003.9887766838074,2,3733.4,12677.078125,91522.6171875
2005.0020110607147,2,4391.7,13325.12109375,91522.6171875
2006.0240194797516,2,4602.4,14700.19140625,91522.6171875
2007.038009405136,2,4289.8,16454.3671875,91522.6171875
2008.0638530254364,2,3571.0,16691.33203125,91522.6171875
2009.0910153388977,2,3378.4,17033.69140625,91522.6171875
2010.116685628891,2,4098.9,17987.42578125,91522.6171875
2011.1276245117188,2,3644.4,19110.875,91522.6171875
2012.137661933899,2,1590.6,19003.82421875,91522.6171875
2013.1453936100006,2,4110.2,19291.16796875,91522.6171875
2014.1567170619965,2,1921.5,19569.78125,91522.6171875
2015.1680076122284,2,1247.0,8268.53125,91522.6171875
2016.1830053329468,2,3343.7,11216.87109375,91522.6171875
2017.210018157959,2,4467.0,13924.14453125,91522.6171875
2018.2344779968262,2,4262.9,14581.17578125,91522.6171875
2019.2520205974579,2,3570.1,14924.35546875,91522.6171875
2020.266009092331,2,4181.6,15954.66015625,91522.6171875
2021.2843379974365,2,2616.9,16389.11328125,91522.6171875
2022.294013261795,2,3586.3,16476.875,91522.6171875
2023.3095376491547,2,1473.8,8773.9296875,93570.6328125
2024.317676782608,2,2031.8,8770.3359375,91522.6171875
2025.3256838321686,2,3907.8,11621.953125,91522.6171875
2026.341679573059,2,4486.0,13083.08984375,91522.6171875
2027.356027841568,2,4008.6,14397.2265625,91522.6171875
2028.383008480072,2,3644.8,14716.22265625,91522.6171875
2029.3945338726044,2,4218.3,15897.73828125,91522.6171875
2030.4030044078827,2,1918.2,16064.96484375,91522.6171875
2031.413114786148,2,3838.7,16377.09375,91522.6171875
2032.4213099479675,2,729.3,8003.765625,91522.6171875
2033.4310238361359,2,2929.9,10072.875,91522.6171875
2034.4450206756592,2,4332.8,12183.0703125,91522.6171875
2035.4698648452759,2,4364.5,14116.1015625,91522.6171875
2036.4889688491821,2,3978.3,14494.83984375,91522.6171875
2037.5150082111359,2,3753.6,15201.74609375,91522.6171875
2038.52694106102,2,3381.0,16201.24609375,91522.6171875
2039.5390105247498,2,2550.6,16188.01953125,91522.6171875
2040.5540075302124,2,2834.0,16512.67578125,91522.6171875
2041.5654361248016,2,1220.5,8398.84765625,91522.6171875
2042.5740051269531,2,3441.0,11270.8359375,91522.6171875
2043.593020915985,2,4468.2,13942.76953125,91522.6171875
2044.6190102100372,2,4294.2,14282.3671875,91522.6171875
2045.6380202770233,2,3559.3,14672.515625,91522.6171875
2046.6530091762543,2,4198.7,15710.20703125,91522.6171875
2047.6714851856232,2,2581.7,16113.5234375,91522.6171875
2048.6800105571747,2,3452.2,16240.57421875,91522.6171875
2049.6956419944763,2,1652.8,8298.10546875,93570.6328125
2050.704671382904,2,2519.4,9030.08203125,91522.6171875
2051.7156567573547,2,3960.7,10190.1640625,91522.6171875
2052.726585626602,2,3549.6,10627.15625,91522.6171875
2053.737712621689,2,1520.9,8415.10546875,91522.6171875
2054.7488811016083,2,3284.6,11229.7421875,91522.6171875
2055.7562420368195,2,4361.2,13138.03515625,91522.6171875
2056.7820098400116,2,4293.6,14424.3828125,91522.6171875
2057.8002836704254,2,3534.5,14716.37109375,91522.6171875
2058.809299468994,2,4334.8,15489.0078125,91522.6171875
2059.820568561554,2,2900.7,16288.70703125,91522.6171875
2060.8296689987183,2,3099.6,16268.859375,91522.6171875
2061.840739250183,2,2163.3,16585.6875,91522.6171875
2062.853788137436,2,1584.6,8771.38671875,91522.6171875
2063.865716934204,2,4426.7,11380.03515625,91522.6171875
2064.8830103874207,2,3939.9,12039.08984375,91522.6171875
2065.8979568481445,2,3998.2,12915.390625,91522.6171875
2066.909880399704,2,2654.6,13201.94921875,91522.6171875
2067.921339035034,2,2594.6,8376.25,93570.6328125
2068.9290120601654,2,1924.6,9376.83984375,91522.6171875
2069.941358089447,2,4405.4,10861.17578125,91522.6171875
2070.95401263237,2,3944.2,12048.8203125,91522.6171875
2071.9670085906982,2,4021.2,12925.25,91522.6171875
2072.987011194229,2,2589.3,13215.421875,91522.6171875
2073.99817609787,2,2201.2,7227.84375,91010.5859375
2075.0065603256226,2,70.4,4880.96484375,84354.4609375
2076.0146741867065,2,102.1,4750.37890625,84354.4609375
