elapsed_time,nproc,cpu,mem_real,mem_virtual
3.4332275390625e-05,1,0.0,5.08203125,7.65234375
1.005133867263794,4,0.0,441.13671875,4206.8828125
2.0131638050079346,4,99.2,618.4453125,4420.8828125
3.0216798782348633,4,101.1,615.80078125,4452.8828125
4.030431747436523,4,99.2,616.2109375,4452.8828125
5.038468837738037,4,99.1,615.79296875,4452.8828125
6.047231197357178,4,100.2,624.2109375,4500.8828125
7.054706573486328,4,99.1,614.65625,4500.8828125
8.063442945480347,4,99.3,611.4140625,4500.8828125
9.070814371109009,4,100.0,617.87890625,4500.8828125
10.080854654312134,4,100.1,669.10546875,4500.8828125
11.09006142616272,4,100.0,717.09765625,4556.8828125
12.099591255187988,4,99.0,773.10546875,4620.8828125
13.109561681747437,4,99.9,823.10546875,4706.8828125
14.120304584503174,4,100.0,873.08203125,4706.8828125
15.130260467529297,4,99.9,923.08203125,4802.8828125
16.141029596328735,4,99.0,966.74609375,4802.8828125
17.151510000228882,2,0.0,133.55078125,147.05078125
18.1624116897583,2,0.0,304.79296875,3755.53125
19.171839475631714,2,100.0,542.46484375,4733.5625
20.1814923286438,2,100.0,510.46484375,4733.5625
21.191114902496338,2,100.0,512.46484375,4733.5625
22.200703144073486,2,100.0,512.58984375,4733.5625
23.21096420288086,2,1778.8,1198.33984375,8734.5078125
24.223002672195435,2,4752.9,1652.48046875,9217.0078125
25.243962049484253,2,4764.8,2001.3046875,9624.5078125
26.2640380859375,2,4773.5,2204.82421875,9863.5078125
27.28895664215088,2,4763.2,2276.7890625,10040.5078125
28.30196261405945,2,4761.8,2319.8203125,10117.4921875
29.326280117034912,2,4764.7,2377.45703125,10286.4921875
30.34996271133423,2,4756.9,2336.73046875,10354.4921875
31.374250888824463,2,4755.4,2360.53515625,10514.4921875
32.398197650909424,2,4763.5,2474.9765625,10645.4921875
33.42259979248047,2,4751.8,2539.8671875,10757.4921875
34.44795823097229,2,4768.8,2607.65625,10877.4921875
35.47224187850952,2,4760.8,2581.69921875,10916.4921875
36.49644327163696,2,4757.3,2521.6875,10928.4921875
37.516961097717285,2,4759.6,2578.3515625,10938.4921875
38.54227066040039,2,4729.9,2614.51171875,11017.4921875
39.56595802307129,2,4753.1,2604.0,11067.4921875
40.590384006500244,2,4758.5,2603.2578125,11152.4921875
41.61496138572693,2,4755.8,2697.54296875,11271.4921875
42.641406297683716,2,4760.9,2681.734375,11271.4921875
43.664905071258545,2,4759.5,2770.46484375,11415.4921875
44.6879518032074,2,4756.3,2784.80859375,11443.4921875
45.70895433425903,2,4764.8,2737.44140625,11459.4921875
46.73305583000183,2,4749.3,2777.6953125,11487.4921875
47.751959800720215,2,4755.0,2814.39453125,11607.4921875
48.778038024902344,2,4762.8,2789.19140625,11638.4921875
49.80223107337952,2,4750.5,2772.21484375,11724.4921875
50.82595491409302,2,4763.2,2818.75,11724.4921875
51.85125684738159,2,4756.3,2953.85546875,11862.4921875
52.8753924369812,2,4753.0,2987.1015625,12038.4921875
53.89196276664734,2,4754.4,2989.45703125,12064.4921875
54.91610097885132,2,4757.7,3011.3359375,12130.4921875
55.93795728683472,2,4747.2,3030.85546875,12166.4921875
56.9559600353241,2,4757.9,3002.42578125,12238.4921875
57.972957611083984,2,4755.6,2959.80078125,12260.4921875
58.99795842170715,2,4751.9,3058.2109375,12322.4921875
60.02295780181885,2,4759.3,3127.16015625,12346.4921875
61.048482179641724,2,4755.7,3130.9140625,12390.4921875
62.0729603767395,2,4757.2,3062.79296875,12390.4921875
63.08996605873108,2,4744.6,3015.3125,12424.4921875
64.11445832252502,2,4757.6,2986.40234375,12434.4921875
65.13896036148071,2,4757.7,3004.13671875,12478.4921875
66.16336488723755,2,4756.3,3079.5390625,12606.4921875
67.18895697593689,2,4765.0,3082.8359375,12686.4921875
68.21096062660217,2,4758.9,3018.21875,12726.4921875
69.23095870018005,2,4757.0,3064.60546875,12746.4921875
70.25635862350464,2,4754.1,3216.4453125,12820.4921875
71.2807252407074,2,4756.5,3171.0625,12834.4921875
72.30395817756653,2,4753.8,3239.75390625,12984.4921875
73.32796740531921,2,4748.0,3169.01171875,12984.4921875
74.35295987129211,2,4763.0,3438.1015625,13056.4921875
75.3749611377716,2,4755.5,3419.625,13132.4921875
76.39938926696777,2,4764.5,3345.97265625,13132.4921875
77.42296051979065,2,4743.9,3387.44921875,13168.4921875
78.44728446006775,2,4739.3,3629.40625,13386.4921875
79.47166132926941,2,4748.8,3754.76171875,13550.4921875
80.49591588973999,2,4752.4,3766.59765625,13570.4921875
81.51996374130249,2,4752.0,3621.05859375,13570.4921875
82.54295873641968,2,4755.8,3629.87890625,13610.4921875
83.56796169281006,2,4775.8,3693.3515625,13778.4921875
84.59217715263367,2,4724.9,3598.7578125,13778.4921875
85.61654591560364,2,4746.1,3508.328125,13778.4921875
86.64096140861511,2,4751.8,3550.9453125,13808.4921875
87.66521739959717,2,4739.5,3607.91015625,13906.4921875
88.68595671653748,2,4734.7,3461.0625,13906.4921875
89.71037554740906,2,4747.3,3542.38671875,13966.4921875
90.73495674133301,2,4759.3,3551.6875,13966.4921875
91.76028609275818,2,4748.7,3501.53125,13996.4921875
92.7845606803894,2,4747.0,3379.58203125,13996.4921875
93.8059651851654,2,4753.0,3368.5,13996.4921875
94.8300290107727,2,4758.5,3440.4453125,14032.4921875
95.85395884513855,2,4741.7,3516.5390625,14102.4921875
96.87496137619019,2,4744.2,3508.40234375,14102.4921875
97.89944553375244,2,4753.1,3619.39453125,14144.4921875
98.92823028564453,2,4758.5,3632.7109375,14144.4921875
99.95039892196655,2,4739.1,3681.25390625,14240.4921875
100.97095966339111,2,4748.2,3656.93359375,14240.4921875
101.99596047401428,2,4744.5,3682.90625,14296.4921875
103.01596522331238,2,4753.0,3777.41015625,14386.4921875
104.04038596153259,2,4752.4,3826.3984375,14406.4921875
105.06490802764893,2,4745.6,3835.15625,14430.4921875
106.08996629714966,2,4752.1,3813.07421875,14474.4921875
107.11468458175659,2,4746.0,3966.4453125,14538.4921875
108.13595747947693,2,4742.9,4266.78515625,14866.4921875
109.15696382522583,2,4740.4,4173.7265625,14866.4921875
110.1812310218811,2,4729.0,4255.7578125,14902.4921875
111.20496535301208,2,4735.1,4351.76953125,14926.4921875
112.22895884513855,2,4753.1,4312.37890625,14950.4921875
113.25442957878113,2,4743.2,4505.6015625,15130.4921875
114.27796244621277,2,4748.7,4562.8046875,15130.4921875
115.30295515060425,2,4739.0,4423.3984375,15146.4921875
116.32712626457214,2,4753.7,4388.6484375,15146.4921875
117.35096001625061,2,4741.6,4307.05859375,15146.4921875
118.3759560585022,2,4745.9,4252.12890625,15146.4921875
119.3969554901123,2,4753.1,4217.9375,15146.4921875
120.41796135902405,2,4755.8,4147.71484375,15146.4921875
121.44205331802368,2,4750.6,4134.38671875,15170.4921875
122.46637678146362,2,4743.2,4069.57421875,15170.4921875
123.49077844619751,2,4755.5,4087.25390625,15234.4921875
124.5149621963501,2,4746.3,4053.73828125,15294.4921875
125.53946423530579,2,4741.5,4225.9140625,15314.4921875
126.56396675109863,2,4756.7,4331.9453125,15540.4921875
127.58695769309998,2,4712.4,4189.6484375,15540.4921875
128.6039571762085,2,4751.0,4176.58203125,15540.4921875
129.6283323764801,2,4737.0,4226.53125,15568.4921875
130.65256261825562,2,4749.2,4217.05859375,15568.4921875
131.67695808410645,2,4754.4,4185.44921875,15582.4921875
132.70196318626404,2,4747.7,4520.76171875,15804.4921875
133.72640681266785,2,4739.3,4652.73828125,16020.4921875
134.75077319145203,2,4742.9,5255.109375,16748.4921875
135.7749593257904,2,4740.1,5793.28125,17004.4921875
136.79595708847046,2,4741.4,6129.17578125,17676.4921875
137.80895924568176,2,4753.3,6297.72265625,17676.4921875
138.82595944404602,2,4727.9,6681.0625,18076.4921875
139.8504490852356,2,4735.9,6717.3515625,18524.4921875
140.8749623298645,2,4745.8,6786.3125,18538.4921875
141.89996075630188,2,4729.3,6766.65234375,18562.4921875
142.9243643283844,2,4731.2,6723.33984375,18562.4921875
143.93695664405823,2,4743.7,6692.75,18590.4921875
144.9612853527069,2,4740.8,6627.32421875,18590.4921875
145.98579573631287,2,4745.1,6612.00390625,18590.4921875
147.01096153259277,2,4748.3,6531.3828125,18614.4921875
148.0352373123169,2,4737.3,6565.3359375,18642.4921875
149.0596468448639,2,4753.5,6597.74609375,18666.4921875
150.0839614868164,2,4749.5,6813.8203125,18782.4921875
151.1093316078186,2,4754.7,6856.46484375,18902.4921875
152.13338661193848,2,4753.7,6972.15625,18922.4921875
153.1574046611786,2,4737.0,6905.37890625,18950.4921875
154.1816475391388,2,4749.0,6836.61328125,18980.4921875
155.20695757865906,2,4761.2,6917.3359375,18980.4921875
156.2312593460083,2,4751.3,7044.875,19132.4921875
157.25561213493347,2,4730.2,7043.703125,19152.4921875
158.27996444702148,2,4749.3,7108.90234375,19152.4921875
159.30446076393127,2,4743.2,7206.04296875,19228.4921875
160.3288278579712,2,4751.8,7310.94921875,19328.4921875
161.3539581298828,2,4741.6,7338.67578125,19328.4921875
162.37802624702454,2,4750.7,7259.0078125,19388.4921875
163.40232348442078,2,4740.0,7219.2734375,19404.4921875
164.42695903778076,2,4746.1,7238.89453125,19488.4921875
165.4512059688568,2,4751.3,7429.046875,19524.4921875
166.4759738445282,2,4748.4,7497.3984375,19588.4921875
167.50036907196045,2,4750.2,7417.0078125,19616.4921875
168.5245156288147,2,4739.1,7372.23828125,19616.4921875
169.5487425327301,2,4741.0,7418.6875,19648.4921875
170.57396268844604,2,4754.7,7411.37109375,19648.4921875
171.59395813941956,2,4746.0,7419.53515625,19648.4921875
172.6219573020935,2,4742.1,7404.16796875,19672.4921875
173.64637541770935,2,4729.5,7322.08203125,19672.4921875
174.66970205307007,2,4752.2,7354.71875,19672.4921875
175.69283437728882,2,4738.9,7469.7578125,19744.4921875
176.71596479415894,2,4746.0,7388.78125,19744.4921875
177.74031138420105,2,4725.8,7391.94140625,19796.4921875
178.7607684135437,2,4747.9,7370.57421875,19880.4921875
179.7849612236023,2,4743.1,7671.8671875,20030.4921875
180.80995535850525,2,4739.9,7792.640625,20238.4921875
181.83425402641296,2,4696.8,7634.90234375,20238.4921875
182.8583722114563,2,4720.9,7612.8515625,20252.4921875
183.88251733779907,2,4739.7,7720.453125,20276.4921875
184.9069607257843,2,4754.8,7646.19921875,20304.4921875
185.9319577217102,2,4742.2,7677.55078125,20304.4921875
186.95612716674805,2,4751.2,7640.96484375,20304.4921875
187.98050141334534,2,4743.6,7581.78515625,20320.4921875
188.9929642677307,2,4754.8,7493.5625,20320.4921875
190.01723861694336,2,4742.3,7497.76953125,20320.4921875
191.0414309501648,2,4756.8,7449.0390625,20320.4921875
192.06596064567566,2,4742.9,7617.8515625,20348.4921875
193.09095883369446,2,4751.6,7538.53515625,20348.4921875
194.11523938179016,2,4742.9,7551.1484375,20376.4921875
195.13951635360718,2,4748.7,7505.15625,20376.4921875
196.16377782821655,2,4748.9,7699.5078125,20408.4921875
197.1889626979828,2,4762.5,7720.87109375,20436.4921875
198.21336579322815,2,4742.0,7759.625,20472.4921875
199.23695874214172,2,4768.8,7894.95703125,20564.4921875
200.26218223571777,2,4724.7,8270.84375,20954.4921875
201.28638362884521,2,4743.2,8398.1015625,21066.4921875
202.31077313423157,2,4744.4,8436.109375,21066.4921875
203.3339605331421,2,4742.1,8368.171875,21066.4921875
204.35816049575806,2,4745.9,8276.44140625,21066.4921875
205.38296818733215,2,4744.6,8325.34375,21194.4921875
206.40739464759827,2,4758.7,8331.78125,21194.4921875
207.43196368217468,2,4748.4,8437.45703125,21222.4921875
208.45635867118835,2,4755.5,8530.0078125,21222.4921875
209.48096013069153,2,4742.9,8629.2421875,21226.4921875
210.50534176826477,2,4740.8,8722.703125,21326.4921875
211.52895951271057,2,4745.4,9034.9765625,21676.4921875
212.55338287353516,2,4736.6,8984.12109375,21676.4921875
213.57795572280884,2,4756.8,8912.87890625,21748.4921875
214.60219502449036,2,4729.6,9009.953125,21748.4921875
215.6263771057129,2,4748.8,9315.89453125,21900.4921875
216.65027141571045,2,4742.0,9375.09765625,21900.4921875
217.67495727539062,2,4744.5,9260.01171875,21900.4921875
218.6959617137909,2,4744.5,9236.5078125,21900.4921875
219.71795964241028,2,4748.7,9456.83984375,22168.4921875
220.74296021461487,2,4722.7,9373.4921875,22168.4921875
221.76795864105225,2,4738.7,9230.6953125,22200.4921875
222.79236912727356,2,4736.8,9141.546875,22200.4921875
223.81668305397034,2,4743.9,9049.234375,22200.4921875
224.8359580039978,2,4748.7,9068.15625,22200.4921875
225.8609607219696,2,4738.6,9057.69921875,22248.4921875
226.88517880439758,2,4743.9,9126.8359375,22248.4921875
227.9089617729187,2,4741.7,9035.765625,22248.4921875
228.93335819244385,2,4744.5,9104.46875,22276.4921875
229.95795273780823,2,4741.1,9102.77734375,22276.4921875
230.97995734214783,2,4746.0,9111.7890625,22276.4921875
232.00429677963257,2,4726.1,9150.09765625,22276.4921875
233.02795600891113,2,4725.8,9143.47265625,22276.4921875
234.05195498466492,2,4738.8,9193.57421875,22300.4921875
235.074960231781,2,4742.7,9264.8125,22300.4921875
236.09595894813538,2,4737.0,9122.33984375,22300.4921875
237.1219620704651,2,4734.3,9289.90234375,22344.4921875
238.14196467399597,2,4748.4,9321.234375,22344.4921875
239.16619610786438,2,4748.9,9259.3359375,22376.4921875
240.19096422195435,2,4747.5,9227.42578125,22376.4921875
241.2109615802765,2,4750.4,9175.0859375,22632.4921875
242.23619890213013,2,4751.1,9231.8984375,22632.4921875
243.26016068458557,2,4743.9,9286.359375,22632.4921875
244.28439688682556,2,4754.1,9393.31640625,22632.4921875
245.306960105896,2,4751.9,9515.49609375,22692.4921875
246.33131885528564,2,4749.7,9451.24609375,22692.4921875
247.35558199882507,2,4741.9,9312.71484375,22692.4921875
248.38095951080322,2,4749.5,9248.5859375,22692.4921875
249.40525484085083,2,4750.4,9345.609375,22696.4921875
250.4293646812439,2,4743.0,9378.11328125,22764.4921875
251.4536166191101,2,4752.6,9305.87109375,22764.4921875
252.47896075248718,2,4745.7,9357.27734375,22940.4921875
253.50327491760254,2,4752.7,9340.1796875,22964.4921875
254.5279619693756,2,4737.0,9631.5390625,23240.4921875
255.54796433448792,2,4744.2,9502.34765625,23320.4921875
256.5679612159729,2,4748.4,9441.09765625,23320.4921875
257.5929608345032,2,4748.6,9379.28515625,23320.4921875
258.61396312713623,2,4740.3,9258.69921875,23320.4921875
259.6384582519531,2,4750.1,9253.87109375,23604.4921875
260.66242814064026,2,4735.3,9638.96484375,23852.4921875
261.6868314743042,2,4737.4,9560.37109375,23852.4921875
262.7099618911743,2,4722.4,9556.69140625,23852.4921875
263.73495721817017,2,4698.1,9380.52734375,23852.4921875
264.7589612007141,2,4711.7,9525.00390625,23852.4921875
265.78316926956177,2,4705.2,9356.18359375,23852.4921875
266.8073625564575,2,4709.7,9582.328125,23924.4921875
267.8319580554962,2,4742.2,10020.53515625,24100.4921875
268.85733008384705,2,4743.6,10454.0390625,24100.4921875
269.87796330451965,2,4737.6,10591.98046875,24260.4921875
270.8989562988281,2,4727.9,10355.5703125,24260.4921875
271.92320370674133,2,4728.3,10417.640625,24372.4921875
272.943963766098,2,4723.5,10333.59765625,24500.4921875
273.96805691719055,2,4738.6,10396.51171875,24536.4921875
274.99297046661377,2,4713.4,10379.6953125,24536.4921875
276.017151594162,2,4727.8,10382.90234375,24536.4921875
277.04177379608154,2,4736.5,10665.33203125,24640.4921875
278.06695675849915,2,4704.1,9848.76171875,24744.4921875
279.0911567211151,2,4732.0,9739.26953125,24744.4921875
280.1152718067169,2,4727.6,9859.3203125,24848.4921875
281.13969230651855,2,4722.4,9807.89453125,24912.4921875
282.16687536239624,2,4706.2,9788.84375,24912.4921875
283.1899619102478,2,4703.9,9863.55859375,24972.4921875
284.2109591960907,2,4710.0,9949.375,25148.4921875
285.23595666885376,2,4699.2,10049.19921875,25192.4921875
286.25351881980896,2,4717.0,10297.5625,25364.4921875
287.26696395874023,2,4711.3,10196.22265625,25364.4921875
288.2879686355591,2,4732.6,10336.328125,25444.4921875
289.3124485015869,2,4719.7,10149.91796875,25492.4921875
290.33657598495483,2,4717.0,10037.69921875,25532.4921875
291.3609607219696,2,4740.5,10117.58984375,25680.4921875
292.38596177101135,2,4719.5,9980.62890625,25680.4921875
293.41005063056946,2,4734.6,9828.58203125,25680.4921875
294.43424367904663,2,4731.7,9915.3046875,25680.4921875
295.4589612483978,2,4742.7,10112.36328125,25872.4921875
296.4841830730438,2,4712.5,9824.08203125,25872.4921875
297.50890016555786,2,4457.5,9808.71875,26064.4921875
298.5204584598541,2,3038.9,9451.5546875,26064.4921875
299.5316665172577,2,2705.4,9402.7265625,26064.4921875
300.5429708957672,2,2531.1,9557.1875,26104.4921875
301.55358695983887,2,2382.6,9595.46875,26104.4921875
302.5646471977234,2,2383.5,9620.51171875,26228.4921875
303.57532262802124,2,2285.1,9258.5390625,26228.4921875
304.5862283706665,2,2127.9,9059.29296875,26228.4921875
305.59657073020935,2,2018.1,8940.6171875,26228.4921875
306.60645747184753,2,1923.9,8726.234375,26228.4921875
307.6169099807739,2,1816.4,8605.2734375,26228.4921875
308.62551712989807,2,1691.5,8723.4140625,26348.4921875
309.6346731185913,2,1507.4,8220.4375,26348.4921875
310.644335269928,2,1396.7,8026.37890625,26348.4921875
311.6531186103821,2,1397.4,7904.72265625,26348.4921875
312.6614317893982,2,1388.8,7658.609375,26348.4921875
313.67095255851746,2,1159.9,7449.2578125,26348.4921875
314.6788146495819,2,837.5,7251.5234375,26348.4921875
315.6865975856781,2,796.8,7350.29296875,26348.4921875
316.69433999061584,2,702.8,7053.23828125,26348.4921875
317.70168828964233,2,704.5,6764.03125,26348.4921875
318.7094566822052,2,704.5,6581.171875,26348.4921875
319.71723890304565,2,702.6,6399.76171875,26348.4921875
320.7249047756195,2,704.5,6234.59375,26348.4921875
321.73273277282715,2,626.1,5920.45703125,26348.4921875
322.7404897212982,2,504.1,5818.34375,26348.4921875
323.7483549118042,2,397.8,5868.99609375,26348.4921875
324.7562530040741,2,305.7,5965.5703125,26348.4921875
325.7637221813202,2,304.8,5738.1953125,26348.4921875
326.77084708213806,2,306.6,5631.71875,26348.4921875
327.7787320613861,2,308.5,5408.265625,26348.4921875
328.78689074516296,2,212.4,5203.6953125,26348.4921875
329.79428029060364,2,207.4,5103.8359375,26348.4921875
330.8018865585327,2,206.2,5088.41796875,26348.4921875
331.8105425834656,2,203.4,5265.30078125,26348.4921875
332.8182210922241,2,206.4,4963.46875,26348.4921875
333.8259789943695,2,204.4,4902.0703125,26348.4921875
334.83356952667236,2,202.3,4791.3515625,26348.4921875
335.84173345565796,2,204.5,4570.6328125,26348.4921875
336.8492078781128,2,203.0,4502.28125,26348.4921875
337.8591766357422,2,203.9,4436.85546875,26348.4921875
338.8694107532501,2,202.1,4363.32421875,26348.4921875
339.87884187698364,2,202.8,4305.06640625,26348.4921875
340.88947105407715,2,201.2,4243.1640625,26348.4921875
341.8983461856842,2,181.2,3040.53125,26348.4921875
342.9080021381378,2,102.1,2965.51171875,26348.4921875
343.9167559146881,2,102.0,2883.125,26348.4921875
344.92700481414795,2,103.9,2764.74609375,26348.4921875
345.93787384033203,2,103.1,2621.69140625,26348.4921875
346.9463458061218,2,103.1,2469.6875,26348.4921875
347.9549252986908,2,104.0,2348.91015625,26348.4921875
348.96423149108887,2,155.6,2032.6796875,26348.4921875
349.9735028743744,2,682.4,2518.73828125,26492.49609375
350.9831712245941,2,103.0,2557.33984375,26588.58203125
351.99311447143555,2,107.0,3065.6015625,27204.58203125
353.00278544425964,2,1269.4,3522.34765625,28548.58203125
354.01115012168884,2,1137.7,4430.55859375,36228.66796875
355.0219123363495,2,1403.0,6500.21875,33668.65625
356.0325961112976,2,968.9,3609.2265625,40452.61328125
357.0439500808716,2,3371.2,4729.421875,40452.61328125
358.0542902946472,2,4598.5,6408.66796875,46596.61328125
359.07595133781433,2,3513.8,6726.89453125,46596.61328125
360.0912353992462,2,2685.6,6800.515625,46596.61328125
361.10137939453125,2,1251.3,4053.46875,46596.61328125
362.11068892478943,2,3697.4,5783.5390625,46596.61328125
363.13414239883423,2,4567.8,7474.09375,46596.61328125
364.15395617485046,2,3434.0,7639.9609375,46596.61328125
365.1673836708069,2,3762.1,8253.953125,46596.61328125
366.1819517612457,2,2334.1,8407.77734375,46624.61328125
367.1935007572174,2,3047.4,8497.76953125,46624.61328125
368.2089500427246,2,1859.1,3379.83984375,44576.58203125
369.2336413860321,2,4787.5,3243.5,44576.58203125
370.25755071640015,2,4724.4,3193.7890625,44576.58203125
371.27525186538696,2,4413.2,3284.86328125,44576.58203125
372.29394793510437,2,4704.9,3262.96875,44576.58203125
373.3119537830353,2,2712.5,3409.25,44576.58203125
374.34687209129333,2,220.0,3167.01171875,44576.58203125
375.3559846878052,2,100.2,3136.2578125,44576.58203125
376.3642420768738,2,122.1,3407.46875,44578.6015625
377.3720483779907,2,100.3,3772.3359375,44578.6015625
378.3789772987366,2,101.2,4131.6640625,44578.6015625
379.3871839046478,4,13.9,4423.34375,44890.45703125
380.3952989578247,4,100.2,4651.37890625,45138.47265625
381.4030635356903,4,100.2,4871.078125,45369.23046875
382.41085171699524,4,99.2,5076.43359375,45582.3125
383.4187467098236,4,101.3,5426.34375,45941.9609375
384.4256100654602,4,100.0,5784.8125,46304.4453125
385.4360191822052,4,100.0,6140.796875,46666.4140625
386.4459011554718,4,100.1,6497.72265625,47028.109375
387.4548170566559,4,100.0,6861.09765625,47391.49609375
388.46490383148193,4,100.0,7216.50390625,47753.98046875
389.4746558666229,4,100.1,7578.00390625,48115.43359375
390.48346519470215,4,99.1,7939.12890625,48476.7578125
391.4926269054413,4,100.2,8301.75390625,48838.33984375
392.501038312912,4,100.1,8664.00390625,49200.6953125
393.50996232032776,4,100.1,9025.50390625,49562.40625
394.51855278015137,4,99.1,9388.12890625,49924.890625
395.52720642089844,4,100.2,9749.25390625,50288.01953125
396.53562808036804,4,100.1,10111.87890625,50650.6328125
397.5448296070099,4,100.1,10473.75390625,51012.47265625
398.5536458492279,4,100.1,10835.55078125,51374.69921875
399.56225872039795,4,100.0,11198.92578125,51738.21484375
400.571818113327,4,100.0,11561.55078125,52100.69921875
401.5819535255432,4,99.1,11923.42578125,52462.41015625
402.59088683128357,4,101.0,12284.55078125,52823.734375
403.60076689720154,4,99.2,12647.55078125,53186.60546875
404.60929560661316,4,100.0,13009.42578125,53548.57421875
405.6191167831421,4,100.1,13370.92578125,53909.8984375
406.6282696723938,4,100.0,13732.05078125,54271.22265625
407.63822841644287,4,99.0,14095.05078125,54634.09375
408.6479754447937,4,101.1,14348.17578125,54887.39453125
409.6573050022125,4,99.0,14397.30078125,54936.63671875
410.66720962524414,4,100.0,14723.953125,55319.109375
411.67709159851074,4,99.9,14660.91796875,55199.81640625
412.68759274482727,5,0.0,4396.32421875,45168.0859375
413.6979775428772,3,1.0,4051.62109375,44585.80078125
414.7071523666382,2,486.3,3813.578125,45602.6484375
415.7169511318207,2,2766.4,5094.8671875,49698.7109375
416.742938041687,2,4786.9,5094.8671875,49698.7109375
417.7670691013336,2,4731.0,5152.83203125,49698.7109375
418.7839906215668,2,1123.7,5796.5859375,51746.7421875
419.79310846328735,2,99.3,6220.51171875,51746.7421875
420.8006401062012,4,90.2,6566.05859375,51854.2734375
421.80931520462036,4,100.2,6926.4140625,52214.703125
422.8170506954193,4,100.2,7274.7890625,52562.87890625
423.8251919746399,4,100.2,7620.5390625,52908.86328125
424.83355617523193,4,99.2,7973.0234375,53261.30859375
425.8417749404907,4,99.2,8322.5234375,53610.64453125
426.84976148605347,4,100.2,8657.0234375,53945.28515625
427.8577082157135,4,100.2,8984.3984375,54280.18359375
428.86589670181274,4,100.0,9313.6484375,54609.41015625
429.87574219703674,4,100.0,9637.86328125,54933.3828125
430.88591504096985,4,99.9,9980.61328125,55276.14453125
431.8967275619507,4,100.0,10321.12890625,55623.546875
432.9063370227814,4,100.1,10707.75390625,56010.39453125
433.91551423072815,4,99.0,11093.62890625,56396.33984375
434.9252121448517,4,101.0,11482.12890625,56784.734375
435.93523693084717,4,99.2,11869.12890625,57171.7109375
436.94380927085876,4,100.0,12257.62890625,57560.234375
437.95378828048706,4,100.1,12643.50390625,57946.05078125
438.96282935142517,4,100.1,13031.62890625,58334.05859375
439.97166657447815,4,99.1,13418.62890625,58721.1640625
440.98090410232544,4,100.1,13802.6953125,59108.9140625
441.9895935058594,4,100.1,14188.1953125,59494.34375
442.99885058403015,4,100.1,14575.9453125,59882.3515625
444.0083210468292,4,99.0,14963.6953125,60269.84375
445.01840257644653,4,102.0,15350.2734375,60658.625
446.02807331085205,4,99.0,15736.1484375,61044.69921875
447.03776955604553,4,100.1,16124.6484375,61432.96484375
448.04665637016296,4,101.1,16511.6484375,61819.94140625
449.055312871933,4,99.0,16899.7734375,62208.20703125
450.06516098976135,4,100.0,17286.0234375,62594.41015625
451.0751404762268,4,100.1,17673.7734375,62982.2890625
452.08453702926636,4,99.2,18060.3984375,63368.75
453.09302282333374,4,101.0,18447.7734375,63756.11328125
454.10276317596436,4,99.2,18832.1484375,64140.76953125
455.1111044883728,4,100.1,19219.8984375,64528.390625
456.12043738365173,4,99.1,19499.6484375,64808.1171875
457.12913727760315,4,100.0,19559.2734375,64868.1875
458.13867473602295,4,100.0,19559.2734375,64868.1875
459.14897871017456,4,100.0,19559.2734375,64868.1875
460.15917205810547,4,100.0,19582.8515625,64897.40625
461.16868782043457,4,100.0,19979.62890625,65429.74609375
462.1783721446991,4,99.9,20178.234375,65597.04296875
463.1888756752014,4,100.0,20192.234375,65597.04296875
464.19934582710266,4,98.9,6449.01171875,51753.95703125
465.2103626728058,5,0.0,6992.6015625,52638.19140625
466.2210304737091,5,99.9,7332.01171875,52998.2578125
467.23188734054565,2,1.0,6444.3671875,51939.58984375
468.2418873310089,2,100.0,5498.94140625,52451.62109375
469.2515730857849,2,297.7,6655.12109375,51939.58984375
470.26292395591736,2,642.9,6861.84765625,51939.58984375
471.27221751213074,2,202.6,7013.6953125,51939.58984375
472.2791528701782,2,246.3,7151.59375,51939.58984375
473.28599286079407,2,1881.0,8817.671875,51939.58984375
474.2939875125885,2,1789.8,11963.90625,51939.58984375
475.31294679641724,2,4588.7,13360.7734375,51939.58984375
476.33095502853394,2,4558.9,15445.67578125,51939.58984375
477.35095715522766,2,4279.3,14550.02734375,51939.58984375
478.36843276023865,2,3858.3,14703.12890625,51939.58984375
479.38195037841797,2,3810.5,15166.84765625,51939.58984375
480.40016746520996,2,2476.3,15359.87890625,51939.58984375
481.40594840049744,2,2269.6,15247.5,51939.58984375
482.4165954589844,2,2717.8,11572.54296875,51939.58984375
483.42374634742737,2,774.0,7970.18359375,51939.58984375
484.4314157962799,2,227.5,7946.484375,51939.58984375
485.4382734298706,2,939.2,7694.390625,51939.58984375
486.45733404159546,2,801.3,7380.76171875,51939.58984375
487.469988822937,2,2376.1,11639.32421875,51939.58984375
488.4893627166748,2,4596.7,13057.30859375,51939.58984375
489.50789999961853,2,4563.1,13152.12890625,51939.58984375
490.51929688453674,2,4279.3,14520.44921875,51939.58984375
491.53134632110596,2,3309.3,14692.90625,51939.58984375
492.5493178367615,2,3700.2,15360.89453125,51939.58984375
493.5589129924774,2,1976.2,15343.26953125,51939.58984375
494.56594800949097,2,3082.5,15273.5234375,51939.58984375
495.57606196403503,2,1717.5,7487.43359375,52163.58984375
496.58373737335205,2,1204.8,8595.71875,52163.58984375
497.59094882011414,2,1631.3,8031.3828125,52163.58984375
498.6143276691437,2,1059.9,8463.2890625,52163.58984375
499.6229479312897,2,3036.7,12277.84765625,52163.58984375
500.6298427581787,2,4622.4,12834.390625,52163.58984375
501.64894914627075,2,4523.5,13840.3203125,52163.58984375
502.6667218208313,2,3970.6,14675.65234375,52163.58984375
503.70169854164124,2,4627.6,13831.625,52163.58984375
504.7124469280243,2,3443.6,14369.84765625,52163.58984375
505.71908736228943,2,2577.4,14260.08203125,52163.58984375
506.72695231437683,2,3172.0,14302.0625,52163.58984375
507.7349488735199,2,1240.5,8566.75390625,52163.58984375
508.74814081192017,2,880.5,8135.99609375,52163.58984375
509.7543201446533,2,1351.9,7888.35546875,52163.58984375
510.7989947795868,2,1755.4,10713.1484375,52163.58984375
511.85194873809814,2,4501.4,12381.65234375,52163.58984375
512.8701279163361,2,4593.7,12927.87109375,52163.58984375
513.8849635124207,2,4186.1,14086.40625,52163.58984375
514.8959958553314,2,4323.3,14794.703125,52163.58984375
515.9319643974304,2,4433.0,14075.04296875,52163.58984375
516.9419596195221,2,2793.8,14412.03125,52163.58984375
517.9619464874268,2,2825.4,14307.03125,52163.58984375
518.97247838974,2,1659.3,7543.65625,52163.58984375
519.9799456596375,2,1203.9,8592.546875,52419.58984375
520.9869503974915,2,1576.7,8000.97265625,52419.58984375
522.043826341629,2,1083.7,8437.37109375,52419.58984375
523.0510513782501,2,3007.9,12278.44921875,52419.58984375
524.0689542293549,2,4590.0,12885.29296875,52419.58984375
525.0884447097778,2,4514.5,13911.10546875,52419.58984375
526.1063213348389,2,3935.6,14695.12109375,52419.58984375
527.1492929458618,2,4627.8,13884.58984375,52419.58984375
528.1590578556061,2,3466.5,14401.76171875,52419.58984375
529.1657075881958,2,2676.8,14235.84375,52419.58984375
530.1770784854889,2,3204.1,14324.59765625,52419.58984375
531.185286283493,2,988.4,8577.5390625,52419.58984375
532.1920025348663,2,983.9,8188.17578125,52419.58984375
533.2002551555634,2,1364.3,8044.640625,52419.58984375
534.2073924541473,2,1100.9,9906.46875,52419.58984375
535.214950799942,2,4142.6,12454.875,52419.58984375
536.2339577674866,2,4595.9,13740.2578125,52451.58984375
537.2539534568787,2,4504.0,14268.34765625,52451.58984375
538.2722232341766,2,3778.2,15148.51171875,52451.58984375
539.3079528808594,2,4546.4,14320.31640625,52451.58984375
540.3194110393524,2,3357.6,14787.12890625,52451.58984375
541.3281373977661,2,2616.8,14635.93359375,52451.58984375
542.3354158401489,2,3394.9,14689.109375,52451.58984375
543.3436598777771,2,1030.5,8931.53515625,52451.58984375
544.3539505004883,2,1060.9,8388.1953125,52451.58984375
545.3653078079224,2,1412.8,8098.44921875,52451.58984375
546.3738479614258,2,1101.0,9568.2109375,52451.58984375
547.3859484195709,2,4264.6,11642.0390625,52451.58984375
548.3999598026276,2,4590.4,13769.9453125,52451.58984375
549.4121387004852,2,4484.9,13583.91796875,52451.58984375
550.4319958686829,2,3957.4,14464.71875,52451.58984375
551.4725685119629,2,4424.7,13651.65625,52451.58984375
552.4849507808685,2,3006.6,14011.66796875,52451.58984375
553.5039467811584,2,2705.7,13973.85546875,52451.58984375
554.5141246318817,2,2517.4,7579.62890625,52963.59765625
555.5221364498138,2,1239.3,8701.7109375,52451.58984375
556.5309507846832,2,1038.3,8216.81640625,52451.58984375
557.5381739139557,2,1258.9,8004.1640625,52451.58984375
558.5462102890015,2,2481.7,11075.0625,52451.58984375
559.5685031414032,2,4474.2,11859.86328125,52451.58984375
560.5788414478302,2,4634.3,13251.078125,52451.58984375
561.5902366638184,2,3761.1,13660.21484375,52451.58984375
562.5969903469086,2,4643.6,14335.671875,52451.58984375
563.6329491138458,2,4100.6,14031.828125,52451.58984375
564.6459517478943,2,2515.1,13849.515625,52451.58984375
565.6536662578583,2,3458.0,13860.04296875,52451.58984375
566.6719470024109,2,683.9,8470.0625,52451.58984375
567.6814584732056,2,1351.3,8330.0859375,52451.58984375
568.69016456604,2,1599.4,8115.51171875,52451.58984375
569.6979513168335,2,1014.9,8793.28125,52451.58984375
570.7109503746033,2,3621.5,11639.484375,52451.58984375
571.7199566364288,2,4610.4,12902.6875,52451.58984375
572.739949464798,2,4434.3,13627.41796875,52451.58984375
573.757985830307,2,3910.3,14561.06640625,52451.58984375
574.7929480075836,2,4456.8,13654.734375,52451.58984375
575.8034093379974,2,3106.8,14087.0390625,52451.58984375
576.8094358444214,2,2587.6,13904.17578125,52451.58984375
577.8161995410919,2,3107.5,14022.6484375,52451.58984375
578.822779417038,2,1423.9,8711.8203125,52451.58984375
579.8284358978271,2,735.6,8353.04296875,52451.58984375
580.8343875408173,2,1304.6,8188.02734375,52451.58984375
581.8423912525177,2,1091.2,10162.2734375,52451.58984375
582.8509492874146,2,4230.1,12532.53515625,52451.58984375
583.8706471920013,2,4607.5,13327.6875,52451.58984375
584.8956673145294,2,4489.4,14274.41796875,52451.58984375
585.9122838973999,2,3904.3,15143.5625,52451.58984375
586.9474062919617,2,4413.7,14337.27734375,52451.58984375
587.9663662910461,2,3437.3,14770.48046875,52451.58984375
588.975447177887,2,2586.1,14520.50390625,52451.58984375
589.984427690506,2,3240.4,14667.4375,52451.58984375
590.9984846115112,2,1427.3,8342.7578125,52451.58984375
592.0065312385559,2,909.5,7909.66796875,52451.58984375
593.0129532814026,2,1616.4,8732.08203125,52451.58984375
594.0346999168396,2,2680.2,13112.60546875,52451.58984375
595.0559477806091,2,4571.3,13697.7578125,52451.58984375
596.0740916728973,2,4603.9,15293.4765625,52451.58984375
597.0939466953278,2,4406.5,14367.81640625,52451.58984375
598.1171495914459,2,4008.7,15468.2109375,52451.58984375
599.156617641449,2,4672.2,15413.28515625,52451.58984375
600.1976790428162,2,4464.0,14556.01171875,52451.58984375
601.2059636116028,2,3085.1,15026.32421875,52451.58984375
602.2269492149353,2,2665.7,14993.1796875,52451.58984375
603.2439551353455,2,2938.8,15246.03515625,52451.58984375
604.2515428066254,2,1579.7,7836.0625,52451.58984375
605.2599947452545,2,2534.5,12494.7109375,52451.58984375
606.2985858917236,2,4546.5,13034.23828125,52451.58984375
607.3169507980347,2,4519.0,12601.05859375,52451.58984375
608.335000038147,2,4239.3,13574.40234375,52451.58984375
609.3709938526154,2,4643.5,13510.3359375,52451.58984375
610.4068858623505,2,4560.1,12750.78125,52451.58984375
611.4215013980865,2,2968.5,13168.0078125,52451.58984375
612.4303362369537,2,2506.7,13476.21484375,52451.58984375
613.4389669895172,2,1645.2,7514.07421875,52451.58984375
614.446991443634,2,2247.8,11643.8203125,52451.58984375
615.4839470386505,2,4547.4,12841.5,52451.58984375
616.5028855800629,2,4630.5,12323.0859375,52451.58984375
617.5189952850342,2,4140.8,13486.1015625,52451.58984375
618.5539917945862,2,4667.5,13460.14453125,52451.58984375
619.5932343006134,2,4581.5,12707.2421875,52451.58984375
620.602974653244,2,2980.9,13149.70703125,52451.58984375
621.6226580142975,2,2779.1,13411.05859375,52451.58984375
622.6311602592468,2,389.1,7143.234375,52451.58984375
623.6389496326447,2,1383.4,7835.10546875,52451.58984375
624.6542558670044,2,896.3,7483.34765625,52451.58984375
625.661946773529,2,2584.6,9273.68359375,52451.58984375
626.6724362373352,2,4407.6,10774.8671875,52451.58984375
627.6829488277435,2,4571.5,12333.1484375,52451.58984375
628.6959888935089,2,4113.4,13251.3359375,52451.58984375
629.7319803237915,2,4400.1,13952.08203125,52451.58984375
630.7541689872742,2,3382.0,13875.34375,52451.58984375
631.7608165740967,2,2381.8,13644.8359375,52451.58984375
632.7679486274719,2,3137.3,13794.09765625,52451.58984375
633.7764863967896,2,341.3,7640.1015625,52451.58984375
634.784451007843,2,1484.1,8391.38671875,52451.58984375
635.7939462661743,2,897.7,7798.3671875,52451.58984375
636.8020095825195,2,3057.6,9536.2578125,52451.58984375
637.8173739910126,2,4426.9,11092.5703125,52451.58984375
638.8455057144165,2,4502.3,12972.12890625,52451.58984375
639.8543012142181,2,4316.0,13046.87890625,52451.58984375
640.8899528980255,2,3948.5,13084.10546875,52451.58984375
641.9059557914734,2,3176.7,13468.0390625,52451.58984375
642.9245834350586,2,2658.0,13420.01953125,52451.58984375
643.9357278347015,2,2243.6,7423.34375,52963.61328125
644.9440486431122,2,1511.1,9337.6875,52451.58984375
645.9525630474091,2,669.7,8202.234375,52451.58984375
646.9609537124634,2,1346.1,7796.08203125,52451.58984375
647.9859864711761,2,3192.9,9836.8359375,52451.58984375
648.9980845451355,2,4446.7,11153.01953125,52451.58984375
650.0099608898163,2,4639.0,12679.73828125,52451.58984375
651.0240008831024,2,3896.1,13801.21484375,52451.58984375
652.0648107528687,2,4047.9,13219.90625,52451.58984375
653.0745618343353,2,2791.7,13611.45703125,52451.58984375
654.0825374126434,2,2523.7,13651.15625,52451.58984375
655.0937533378601,2,2453.8,7853.953125,52963.59765625
656.101553440094,2,1524.3,9320.6171875,52451.58984375
657.1091923713684,2,647.0,8193.62890625,52451.58984375
658.118590593338,2,1302.1,7900.609375,52451.58984375
659.1268892288208,2,2582.4,9509.91796875,52451.58984375
660.1379535198212,2,4133.1,11296.359375,52451.58984375
661.1462812423706,2,4554.1,13411.99609375,52451.58984375
662.1700839996338,2,4589.7,14248.37890625,52451.58984375
663.1823961734772,2,4157.9,14973.1796875,52451.58984375
664.1919634342194,2,3685.9,15284.1953125,52451.58984375
665.2153694629669,2,3813.5,15841.9375,52451.58984375
666.2310125827789,2,2410.6,16168.5625,52771.58984375
667.2384972572327,2,2380.3,16333.98046875,52771.58984375
668.2498254776001,2,2950.1,16427.5625,52771.58984375
669.2570662498474,2,657.3,8365.58984375,52771.58984375
670.2658247947693,2,1606.3,8318.64453125,52771.58984375
671.2736570835114,2,1015.7,8141.703125,52771.58984375
672.2819488048553,2,1583.8,7865.734375,52771.58984375
673.3249578475952,2,3543.0,10602.546875,52771.58984375
674.3372974395752,2,4321.0,11541.4375,52771.58984375
675.3519673347473,2,4727.2,12453.9453125,52771.58984375
676.3679525852203,2,4274.1,14420.53125,52771.58984375
677.386969089508,2,3677.6,14810.30078125,52771.58984375
678.3938360214233,2,4059.4,15141.03515625,52771.58984375
679.4030730724335,2,2537.3,15948.01953125,52771.58984375
680.4119555950165,2,1970.6,15634.02734375,52771.58984375
681.4245111942291,2,3726.2,16079.3203125,52771.58984375
682.4327187538147,2,636.6,7451.9140625,52771.58984375
683.4411673545837,2,1562.2,9247.05859375,52771.58984375
684.4493269920349,2,635.6,8141.9375,52771.58984375
685.4577548503876,2,1342.7,7868.7109375,52771.58984375
686.4654150009155,2,2576.7,9249.5859375,52771.58984375
687.4769575595856,2,4476.2,10891.74609375,52771.58984375
688.4968326091766,2,4615.5,11987.23046875,52771.58984375
689.5068507194519,2,4258.5,13147.37109375,52771.58984375
690.5167729854584,2,3709.5,13235.41015625,52771.58984375
691.5289533138275,2,3288.5,13797.5703125,52771.58984375
692.5409512519836,2,2270.5,13818.4921875,52771.58984375
693.5520496368408,2,3114.0,13949.28125,52771.58984375
694.55983710289,2,1503.7,8834.3515625,52771.58984375
695.5666649341583,2,718.3,8350.17578125,52771.58984375
696.5746147632599,2,1255.2,8079.28125,52771.58984375
697.5829622745514,2,3368.6,9877.48828125,52771.58984375
698.5949547290802,2,4421.7,11273.35546875,52771.58984375
699.6175503730774,2,4613.0,11719.70703125,52771.58984375
700.6299495697021,2,4528.1,13296.8125,52771.58984375
701.6479635238647,2,3429.3,13769.19140625,52771.58984375
702.6559402942657,2,3782.6,14495.90625,52771.58984375
703.6636669635773,2,2201.2,14332.390625,52771.58984375
704.671478509903,2,3262.3,14377.88671875,52771.58984375
705.6815295219421,2,1329.3,7871.39453125,52771.58984375
706.6886899471283,2,1642.6,8391.32421875,52771.58984375
707.6962628364563,2,777.7,8206.46484375,52771.58984375
708.7044141292572,2,784.1,8097.51953125,52771.58984375
709.7118368148804,2,2812.6,7889.30078125,52771.58984375
710.7187669277191,2,3709.7,10199.69140625,52771.58984375
711.740962266922,2,4533.8,13372.59765625,52771.58984375
712.7634296417236,2,4466.5,12906.1171875,52771.58984375
713.770519733429,2,3643.9,13094.63671875,52771.58984375
714.7896437644958,2,3617.3,13832.31640625,52771.58984375
715.796993970871,2,1921.0,13839.66796875,52771.58984375
716.8052377700806,2,3404.3,13996.89453125,52771.58984375
717.8152277469635,2,784.2,8543.96875,52771.58984375
718.8238844871521,2,1441.8,8189.73828125,52771.58984375
719.8329825401306,2,828.4,7986.64453125,52771.58984375
720.8446311950684,2,963.4,7852.80859375,52771.58984375
721.852490901947,2,3141.2,9138.44140625,52771.58984375
722.8689579963684,2,4525.7,11044.56640625,52771.58984375
723.8885500431061,2,4582.6,11708.01953125,52771.58984375
724.8999857902527,2,4395.0,12985.484375,52771.58984375
725.9132528305054,2,3498.2,13233.17578125,52771.58984375
726.9229156970978,2,2870.2,13863.09375,52771.58984375
727.9319462776184,2,2240.7,13954.921875,52771.58984375
728.9425251483917,2,2741.8,14037.97265625,52771.58984375
729.95294880867,2,1501.4,8592.5546875,52771.58984375
730.9623577594757,2,860.5,8124.81640625,52771.58984375
731.9687061309814,2,710.0,8040.375,52771.58984375
732.9759504795074,2,2466.0,7847.9921875,52771.58984375
734.0493793487549,2,3624.4,10271.7890625,52771.58984375
735.0689678192139,2,4581.9,12748.03515625,52771.58984375
736.0889492034912,2,4521.7,12916.59765625,52771.58984375
737.1090676784515,2,3536.2,13394.93359375,52771.58984375
738.1329469680786,2,4108.4,13896.6640625,52771.58984375
739.15078997612,2,1990.8,13997.3515625,52771.58984375
740.1569542884827,2,2992.8,14113.44140625,52771.58984375
741.171329498291,2,1645.4,7517.4453125,52771.58984375
742.1795370578766,2,1584.3,9365.65625,52771.58984375
743.1875050067902,2,655.3,8221.04296875,52771.58984375
744.1947419643402,2,1275.0,7966.73046875,52771.58984375
745.2077295780182,2,3177.6,9667.16015625,52771.58984375
746.2209606170654,2,4437.5,11265.44140625,52771.58984375
747.2407755851746,2,4571.2,12637.30078125,52771.58984375
748.2530994415283,2,4093.8,13137.23828125,52771.58984375
749.2619521617889,2,3790.6,13295.8515625,52771.58984375
750.2719624042511,2,3010.0,13842.30078125,52771.58984375
751.2789356708527,2,2277.8,13865.91015625,52771.58984375
752.2897627353668,2,2879.6,10748.6953125,52771.58984375
753.2970764636993,2,1581.0,9026.5234375,52771.58984375
754.3040537834167,2,642.7,8461.00390625,52771.58984375
755.3122856616974,2,1141.7,8175.99609375,52771.58984375
756.3203995227814,2,2246.3,9420.99609375,52771.58984375
757.3289489746094,2,4422.9,10895.51171875,52771.58984375
758.3460824489594,2,4440.5,11876.47265625,52771.58984375
759.3569617271423,2,4364.2,13251.68359375,52771.58984375
760.3676025867462,2,3688.9,13437.265625,52771.58984375
761.377194404602,2,3435.1,13962.07421875,52771.58984375
762.3862109184265,2,2391.3,13823.91015625,52771.58984375
763.3944413661957,2,3388.7,14001.38671875,52771.58984375
764.4029505252838,2,1138.9,8834.04296875,52771.58984375
765.4199512004852,2,1023.8,8387.07421875,52771.58984375
766.4275305271149,2,1037.4,8238.57421875,52771.58984375
767.4347839355469,2,1995.6,8047.03515625,52771.58984375
768.492949962616,2,3487.5,10810.9140625,52771.58984375
769.5109574794769,2,4548.4,12512.41015625,52771.58984375
770.5335085391998,2,4472.2,13352.02734375,52771.58984375
771.5409815311432,2,3987.0,14305.07421875,52771.58984375
772.5800759792328,2,3814.4,13961.1953125,52771.58984375
773.5982270240784,2,2523.8,14183.48828125,52771.58984375
774.60808634758,2,2792.1,14184.85546875,52771.58984375
775.6225340366364,2,2107.4,7680.33984375,52771.58984375
776.6297490596771,2,1586.7,9666.8515625,53155.58984375
777.636866569519,2,641.8,8538.828125,53155.58984375
778.6449882984161,2,1410.7,8240.3203125,53155.58984375
779.6530203819275,2,2199.0,9678.14453125,53155.58984375
780.660952091217,2,4432.8,11456.296875,53155.58984375
781.6789572238922,2,4569.7,13634.265625,53155.58984375
782.6989557743073,2,4589.4,14350.0078125,53155.58984375
783.7189638614655,2,4184.6,15145.46484375,53155.58984375
784.7299606800079,2,3594.9,15460.65625,53155.58984375
785.7419481277466,2,4111.3,16039.49609375,53155.58984375
786.7583000659943,2,2349.7,16337.140625,53155.58984375
787.7688183784485,2,2181.1,16309.37109375,53155.58984375
788.7788407802582,2,3298.6,16662.296875,53155.58984375
789.7866995334625,2,581.4,8269.69140625,53155.58984375
790.7946026325226,2,1637.9,9227.0625,53155.58984375
791.8014698028564,2,713.1,8452.2734375,53155.58984375
792.8099508285522,2,1435.8,8168.26171875,53155.58984375
793.827312707901,2,2108.2,9305.57421875,53155.58984375
794.8369448184967,2,4432.5,10855.41015625,53155.58984375
795.8475241661072,2,4450.5,11966.6328125,53155.58984375
796.8599548339844,2,4525.1,13479.1484375,53155.58984375
797.8779582977295,2,3567.1,13692.4296875,53155.58984375
798.896356344223,2,3695.9,14288.50390625,53155.58984375
799.903666973114,2,2343.2,14246.515625,53155.58984375
800.9147293567657,2,3616.8,14237.2578125,53155.58984375
801.9228806495667,2,664.0,8904.7734375,53155.58984375
802.93017411232,2,1541.5,9228.71875,53155.58984375
803.9370489120483,2,791.4,8360.95703125,53155.58984375
804.9505326747894,2,1308.2,8151.90234375,53155.58984375
805.9578559398651,2,3407.0,10657.2265625,53155.58984375
806.9705514907837,2,4432.4,11710.171875,53155.58984375
807.9940638542175,2,4404.4,13315.59375,53155.58984375
809.0122556686401,2,3948.7,14299.9765625,53155.58984375
810.0463254451752,2,4060.8,13704.44921875,53155.58984375
811.0568211078644,2,2686.9,14043.0390625,53155.58984375
812.0649499893188,2,2451.9,14058.984375,53155.58984375
813.0745899677277,2,2659.5,7941.9453125,53667.59765625
814.0825197696686,2,1646.0,9305.92578125,53155.58984375
815.09041929245,2,606.8,8565.33984375,53155.58984375
816.0975131988525,2,1322.2,8329.265625,53155.58984375
817.104768037796,2,2364.5,9093.89453125,53155.58984375
818.1125009059906,2,3983.8,11497.26953125,53155.58984375
819.1309554576874,2,4556.5,13274.21875,53155.58984375
820.150961637497,2,4318.1,13675.08984375,53155.58984375
821.1626329421997,2,4368.7,15054.375,53155.58984375
822.1736912727356,2,3490.2,15424.60546875,53155.58984375
823.1940715312958,2,4031.2,15998.5234375,53155.58984375
824.2029497623444,2,2443.6,16366.72265625,53155.58984375
825.2209503650665,2,2013.8,16308.27734375,53155.58984375
826.2307770252228,2,3447.1,16595.09375,53155.58984375
827.2381775379181,2,581.0,8122.01953125,53155.58984375
828.2467560768127,2,1688.6,9055.65234375,53155.58984375
829.2552766799927,2,645.1,8278.53515625,53155.58984375
830.2628028392792,2,1231.9,8131.4296875,53155.58984375
831.2710139751434,2,1980.3,9279.3046875,53155.58984375
832.2789497375488,2,4451.5,10694.3515625,53155.58984375
833.2906444072723,2,4601.0,12245.59375,53155.58984375
834.3003690242767,2,4203.6,13446.76171875,53155.58984375
835.3174290657043,2,3717.3,13615.8515625,53155.58984375
836.3271980285645,2,3058.0,14122.95703125,53155.58984375
837.3352618217468,2,2199.4,14057.6328125,53155.58984375
838.3456423282623,2,3034.9,14159.16796875,53155.58984375
839.3535394668579,2,1752.7,9493.82421875,53155.58984375
840.361056804657,2,418.9,8775.33203125,53155.58984375
841.3689482212067,2,1706.3,8571.625,53155.58984375
842.3789482116699,2,3199.2,11930.8984375,53155.58984375
843.3979561328888,2,4575.8,13007.515625,53155.58984375
844.4211750030518,2,4520.2,14220.75,53155.58984375
845.4385640621185,2,4185.4,15000.0703125,53155.58984375
846.4737555980682,2,4300.9,14265.12109375,53155.58984375
847.4819598197937,2,3202.7,14675.0625,53155.58984375
848.5006284713745,2,2468.4,14557.60546875,53155.58984375
849.5072765350342,2,2977.0,14598.69140625,53155.58984375
850.514012336731,2,1769.9,9777.2578125,53155.58984375
851.5213868618011,2,904.7,8721.37890625,53155.58984375
852.529477596283,2,1554.9,10957.453125,53155.58984375
853.5378658771515,2,3876.3,13698.44921875,53155.58984375
854.5499582290649,2,4606.8,14234.15625,53155.58984375
855.5645952224731,2,4359.8,13828.29296875,53155.58984375
856.5760159492493,2,4157.7,15104.16796875,53155.58984375
857.5859768390656,2,4555.7,15847.1328125,53155.58984375
858.6216311454773,2,4633.7,15761.56640625,53155.58984375
859.6618130207062,2,4155.6,15234.55078125,53155.58984375
860.6719586849213,2,3000.2,15439.61328125,53155.58984375
861.6906385421753,2,3034.2,15443.20703125,53155.58984375
862.7008736133575,2,1067.0,8447.53515625,53155.58984375
863.7091548442841,2,1797.3,9211.515625,53155.58984375
864.7162878513336,2,1216.7,8404.359375,53155.58984375
865.7230036258698,2,2685.6,11443.71875,53155.58984375
866.7429456710815,2,4568.0,12373.30859375,53155.58984375
867.7569589614868,2,4531.9,13459.609375,53155.58984375
868.7689743041992,2,4190.5,14625.98046875,53155.58984375
869.7792239189148,2,4471.5,15339.59375,53155.58984375
870.8199498653412,2,4081.8,14852.9765625,53155.58984375
871.8350911140442,2,2735.2,15061.36328125,53155.58984375
872.8473582267761,2,2874.2,14944.18359375,53155.58984375
873.8576192855835,2,1602.8,8177.375,53155.58984375
874.8656568527222,2,1704.8,9686.61328125,53155.58984375
875.8727555274963,2,1133.8,8450.4296875,53155.58984375
876.880916595459,2,2892.0,11260.14453125,53155.58984375
877.891678571701,2,4512.6,12433.5546875,53155.58984375
878.916136264801,2,4534.5,13841.60546875,53155.58984375
879.9339876174927,2,4180.0,14710.2734375,53155.58984375
880.9689602851868,2,4305.9,13906.14453125,53155.58984375
881.9862377643585,2,3111.8,14352.0703125,53155.58984375
882.995947599411,2,2611.0,14265.71875,53155.58984375
884.0052876472473,2,2669.2,13276.5234375,53155.58984375
885.0118992328644,2,1756.0,9458.13671875,53155.58984375
886.019816160202,2,855.5,8648.84375,53155.58984375
887.0263755321503,2,1735.3,10636.48828125,53155.58984375
888.0369498729706,2,4495.4,12357.75390625,53155.58984375
889.0570318698883,2,4546.2,14282.26953125,53155.58984375
890.0829637050629,2,4319.5,14437.640625,53155.58984375
891.0931742191315,2,4310.8,15213.40625,53155.58984375
892.1272692680359,2,4163.8,14424.1484375,53155.58984375
893.1451659202576,2,2998.5,14714.62109375,53155.58984375
894.153154373169,2,2691.5,14635.59765625,53155.58984375
895.163257598877,2,1889.4,8187.0390625,53155.58984375
896.1715228557587,2,1747.4,9974.984375,53155.58984375
897.1791298389435,2,1008.8,8789.10546875,53155.58984375
898.1864395141602,2,1701.7,12066.7265625,53155.58984375
899.1979525089264,2,4472.4,14362.68359375,53155.58984375
900.2159557342529,2,4651.8,14529.484375,53155.58984375
901.2341051101685,2,4661.5,14654.5546875,53155.58984375
902.2459833621979,2,4030.5,15954.54296875,53155.58984375
903.2829792499542,2,4777.0,15895.61328125,53155.58984375
904.3176999092102,2,4658.4,15862.6015625,53155.58984375
905.3576409816742,2,3876.9,15640.38671875,53155.58984375
906.366290807724,2,2680.7,15638.7578125,53155.58984375
907.3748865127563,2,3396.5,15729.6640625,53155.58984375
908.3829486370087,2,908.3,9033.09375,53155.58984375
909.4005091190338,2,1598.7,8691.7265625,53155.58984375
910.4069092273712,2,1705.1,9179.3125,53155.58984375
911.4279932975769,2,2738.9,13576.15234375,53155.58984375
912.4629466533661,2,4572.3,14323.7421875,53155.58984375
913.4809575080872,2,4654.4,16010.0078125,53155.58984375
914.5050203800201,2,4502.3,15200.19921875,53155.58984375
915.5249934196472,2,4205.4,15998.43359375,53155.58984375
916.5702695846558,2,4643.5,15976.05078125,53155.58984375
917.6151211261749,2,4318.0,15200.26171875,53155.58984375
918.6259520053864,2,3134.1,15694.3046875,53155.58984375
919.6455705165863,2,2841.4,15732.375,53155.58984375
920.6564545631409,2,2230.5,7492.49609375,53155.58984375
921.6653966903687,2,2170.6,7656.0390625,53155.58984375
922.6712403297424,2,2967.4,8755.1484375,53155.58984375
923.679429769516,2,2053.2,7109.13671875,52962.7421875
924.6865921020508,2,834.0,8382.53125,52962.7421875
925.7099468708038,2,2268.0,9766.8984375,52962.7421875
926.7199513912201,2,4081.5,11461.1640625,52962.7421875
927.7349588871002,2,4631.7,15902.8515625,60170.7421875
928.7549543380737,2,4527.2,14822.234375,60170.7421875
929.7669563293457,2,4287.0,15425.0234375,60170.7421875
930.7768013477325,2,3189.0,15754.89453125,60170.7421875
931.7969498634338,2,3318.3,16515.35546875,60170.7421875
932.8147242069244,2,2254.3,16928.65234375,60170.7421875
933.8235092163086,2,1570.6,16918.6015625,60170.7421875
934.8337473869324,2,3835.8,17029.15625,60170.7421875
935.8441462516785,2,1052.7,16658.64453125,60170.7421875
936.8509771823883,2,737.0,8851.56640625,60170.7421875
937.8609457015991,2,2776.5,8981.35546875,60170.7421875
938.8918223381042,2,3097.0,12399.00390625,60170.7421875
939.9069535732269,2,4358.5,13168.05078125,60170.7421875
940.9319560527802,2,4600.7,18008.1015625,68362.7421875
941.9682569503784,2,4589.0,21319.578125,68410.7421875
942.9809591770172,2,4381.3,18131.79296875,68410.7421875
944.0007848739624,2,4447.7,18873.56640625,68410.7421875
945.0199570655823,2,3408.1,19295.96484375,68410.7421875
946.0306816101074,2,3831.2,19451.66015625,68410.7421875
947.0389473438263,2,3729.4,19928.42578125,68410.7421875
948.0522482395172,2,3370.5,20974.13671875,68410.7421875
949.058759689331,2,1509.2,20947.17578125,68410.7421875
950.0660367012024,2,1801.9,20934.25390625,68410.7421875
951.072683095932,2,3016.1,21186.38671875,68410.7421875
952.0913577079773,2,2997.3,21382.97265625,68410.7421875
953.1001136302948,2,606.0,9184.33203125,70458.7578125
954.1082329750061,2,1041.8,8703.77734375,68410.7421875
955.1152210235596,2,3145.5,10752.04296875,68410.7421875
956.1289513111115,2,4385.2,12661.64453125,68410.7421875
957.1469559669495,2,4568.6,15736.6328125,68410.7421875
958.1739583015442,2,4613.0,21147.66796875,68410.7421875
959.198075056076,2,4416.1,17238.3203125,68410.7421875
960.2154512405396,2,4456.9,18400.390625,68410.7421875
961.2349603176117,2,3564.8,18766.23828125,68410.7421875
962.2494924068451,2,3890.8,18872.94921875,68410.7421875
963.256594657898,2,3889.2,19406.1484375,68410.7421875
964.2666771411896,2,2711.3,20287.7265625,68410.7421875
965.2760972976685,2,1526.8,20343.578125,68410.7421875
966.2854125499725,2,1609.0,20243.8828125,68410.7421875
967.2939472198486,2,4182.5,20372.875,68410.7421875
968.3102252483368,2,1534.9,20698.05859375,68410.7421875
969.3192353248596,2,852.9,8415.76953125,68410.7421875
970.3269476890564,2,2786.4,8771.05078125,68410.7421875
971.3693442344666,2,3108.3,12356.890625,68410.7421875
972.3769552707672,2,4373.7,13595.0078125,68410.7421875
973.3999557495117,2,4658.3,18890.54296875,68410.7421875
974.4241526126862,2,4483.4,15143.3671875,68410.7421875
975.4389488697052,2,4407.4,18360.0546875,68410.7421875
976.4569470882416,2,4510.6,18582.69140625,68410.7421875
977.4748287200928,2,3073.9,18879.5625,68410.7421875
978.4869632720947,2,3597.0,18994.37890625,68410.7421875
979.5026905536652,2,4182.9,19877.62109375,68410.7421875
980.510272026062,2,1611.9,20300.84375,68410.7421875
981.5209519863129,2,1850.9,20113.75390625,68410.7421875
982.5288376808167,2,2347.6,20321.10546875,68410.7421875
983.5393676757812,2,3538.8,20579.02734375,68410.7421875
984.5472002029419,2,588.7,9315.31640625,70458.7578125
985.5544097423553,2,1058.9,8786.2265625,68410.7421875
986.5650143623352,2,3184.5,10733.71484375,68410.7421875
987.5779511928558,2,4416.1,12647.69140625,68410.7421875
988.5959725379944,2,4567.4,16052.52734375,68410.7421875
989.6159508228302,2,4667.0,21472.984375,68410.7421875
990.6379554271698,2,4388.5,17223.8828125,68410.7421875
991.657595872879,2,4493.0,18313.03125,68410.7421875
992.6769638061523,2,3507.0,18727.3828125,68410.7421875
993.7027204036713,2,3571.5,18953.89453125,68410.7421875
994.7109467983246,2,4195.0,19711.38671875,68410.7421875
995.7296731472015,2,2429.9,20360.43359375,68410.7421875
996.7362687587738,2,1667.6,20353.75390625,68410.7421875
997.7436394691467,2,1474.2,20204.89453125,68410.7421875
998.7499008178711,2,4492.3,20452.56640625,68410.7421875
999.7601790428162,2,1231.0,20788.44921875,68410.7421875
1000.7674367427826,2,653.3,8708.4765625,68410.7421875
1001.7749488353729,2,1646.3,9579.23828125,68410.7421875
1002.824741601944,2,2771.7,11941.12109375,68410.7421875
1003.8359520435333,2,4430.1,14422.62890625,68410.7421875
1004.8538448810577,2,4458.2,15653.76953125,68410.7421875
1005.8776988983154,2,4677.8,20119.24609375,68410.7421875
1006.9016695022583,2,4691.9,24428.16796875,78650.7421875
1007.9209582805634,2,4434.7,19074.32421875,78650.7421875
1008.935956954956,2,4461.3,20387.44140625,78650.7421875
1009.9564871788025,2,3898.0,20651.3125,78650.7421875
1010.9647290706635,2,3004.5,20901.80078125,78650.7421875
1011.9729568958282,2,3504.0,21113.8046875,78650.7421875
1012.997950553894,2,4002.5,21867.71484375,78650.7421875
1014.0157690048218,2,2502.5,22469.69921875,78650.7421875
1015.0230746269226,2,1729.4,22421.85546875,78650.7421875
1016.0286240577698,2,1601.3,22483.75,78650.7421875
1017.03724360466,2,3398.0,22627.51953125,78650.7421875
1018.0479507446289,2,2836.8,22933.0703125,78650.7421875
1019.0613038539886,2,515.0,7830.21484375,78650.7421875
1020.0689568519592,2,1004.6,9268.1484375,78650.7421875
1021.0769507884979,2,3608.6,9559.33984375,78650.7421875
1022.1059546470642,2,2736.4,13502.1953125,78650.7421875
1023.1168549060822,2,4372.3,14645.171875,78650.7421875
1024.1389589309692,2,4610.5,18248.00390625,78650.7421875
1025.1673715114594,2,4666.0,23273.6484375,78650.7421875
1026.1893260478973,2,4479.7,17767.65234375,78650.7421875
1027.216947555542,2,4433.0,20532.91796875,78650.7421875
1028.2359552383423,2,4492.7,20693.328125,78650.7421875
1029.254982471466,2,3167.1,20918.40625,78650.7421875
1030.2689726352692,2,3732.9,21026.22265625,78650.7421875
1031.2769598960876,2,3502.4,21484.41796875,78650.7421875
1032.2877130508423,2,3630.7,22569.25390625,78650.7421875
1033.2994894981384,2,1527.9,22593.859375,78650.7421875
1034.307950258255,2,1879.6,22439.6796875,78650.7421875
1035.3179540634155,2,2471.6,22743.73046875,78650.7421875
1036.3364279270172,2,3827.2,22946.640625,78650.7421875
1037.3451318740845,2,667.6,8756.28515625,80698.7578125
1038.3532481193542,2,968.2,9225.6640625,78650.7421875
1039.3609492778778,2,2556.7,9587.984375,78650.7421875
1040.4119896888733,2,2715.1,12909.25390625,78650.7421875
1041.4286615848541,2,4434.4,14573.171875,78650.7421875
1042.447955608368,2,4552.8,17212.5078125,78650.7421875
1043.4679548740387,2,4678.4,21497.3671875,78650.7421875
1044.5022966861725,2,4433.6,16732.32421875,78650.7421875
1045.511710882187,2,4410.8,20400.0625,78650.7421875
1046.5209503173828,2,4509.0,20594.09765625,78650.7421875
1047.5389654636383,2,3295.7,20855.76171875,78650.7421875
1048.5639588832855,2,3497.0,21063.84765625,78650.7421875
1049.5839614868164,2,3095.3,21139.546875,78650.7421875
1050.6009500026703,2,4434.9,22101.83984375,78650.7421875
1051.616152048111,2,1745.6,22550.05859375,78650.7421875
1052.6243343353271,2,1883.3,22467.81640625,78650.7421875
1053.6309480667114,2,1553.4,22626.8359375,78650.7421875
1054.6499543190002,2,4572.6,22737.32421875,78650.7421875
1055.670878648758,2,1239.2,23090.1640625,78650.7421875
1056.6785752773285,2,636.4,8590.6640625,78650.7421875
1057.6859488487244,2,1476.8,9522.44140625,78650.7421875
1058.734501838684,2,2788.6,11858.07421875,78650.7421875
1059.7479496002197,2,4439.3,14379.140625,78650.7421875
1060.7657561302185,2,4473.8,15562.74609375,78650.7421875
1061.789556980133,2,4659.8,19319.234375,78650.7421875
1062.8139579296112,2,4658.8,24611.94140625,78650.7421875
1063.8339583873749,2,4427.7,19113.91796875,78650.7421875
1064.852958202362,2,4462.5,20463.49609375,78650.7421875
1065.872477054596,2,3899.9,20770.71875,78650.7421875
1066.8810036182404,2,3006.3,20955.953125,78650.7421875
1067.8886497020721,2,3831.5,21129.953125,78650.7421875
1068.8959503173828,2,4185.0,21993.9921875,78650.7421875
1069.9141399860382,2,2331.5,22641.8046875,78650.7421875
1070.922725200653,2,1765.0,22496.94140625,78650.7421875
1071.9307613372803,2,1525.7,22493.484375,78650.7421875
1072.9389505386353,2,3855.6,22650.55078125,78650.7421875
1073.9528048038483,2,2341.1,23032.11328125,78650.7421875
1074.9606266021729,2,571.0,8079.72265625,78650.7421875
1075.9677500724792,2,953.7,9251.26171875,78650.7421875
1076.9754676818848,2,3578.6,10217.1015625,78650.7421875
1077.9848010540009,2,3238.7,13838.6484375,78650.7421875
1078.9958236217499,2,4381.7,14620.1796875,78650.7421875
1080.0139575004578,2,4609.8,18496.16015625,78650.7421875
1081.0429525375366,2,4670.6,23570.01953125,78650.7421875
1082.068951845169,2,4416.5,17737.15625,78650.7421875
1083.0882182121277,2,4449.6,20497.29296875,78650.7421875
1084.106481552124,2,4473.0,20703.66796875,78650.7421875
1085.125965833664,2,3147.2,20919.69140625,78650.7421875
1086.150722503662,2,3253.7,21147.38671875,78650.7421875
1087.163869857788,2,3995.0,21569.98046875,78650.7421875
1088.1735968589783,2,3175.3,22652.05078125,78650.7421875
1089.1812794208527,2,1533.3,22582.90234375,78650.7421875
1090.188870191574,2,1857.4,22489.28515625,78650.7421875
1091.197949886322,2,2531.9,22656.21875,78650.7421875
1092.2076921463013,2,3778.7,22936.046875,78650.7421875
1093.2147891521454,2,635.5,8817.19140625,80698.7578125
1094.223422050476,2,889.2,9279.47265625,78650.7421875
1095.2319467067719,2,2593.7,9551.61328125,78650.7421875
1096.2849743366241,2,2437.1,13307.09765625,78650.7421875
1097.3030259609222,2,3829.0,15626.45703125,78650.7421875
1098.320949792862,2,4378.5,16102.33203125,78650.7421875
1099.3388397693634,2,4606.8,19701.28515625,78650.7421875
1100.362646818161,2,4662.5,24554.88671875,78650.7421875
1101.3865773677826,2,4656.0,30166.828125,78706.7421875
1102.4100725650787,2,4128.5,19925.23046875,90994.7421875
1103.429958820343,2,4598.0,23896.50390625,90994.7421875
1104.4419589042664,2,4303.1,24838.015625,90994.7421875
1105.4619584083557,2,4393.7,25230.40625,90994.7421875
1106.4809775352478,2,3500.8,25502.62109375,90994.7421875
1107.50665974617,2,3631.6,25825.734375,90994.7421875
1108.5309612751007,2,4009.3,25883.0703125,90994.7421875
1109.5579507350922,2,3483.1,26455.7421875,90994.7421875
1110.5729513168335,2,3594.7,28156.0546875,90994.7421875
1111.5907289981842,2,1670.3,28462.921875,90994.7421875
1112.598790884018,2,1607.4,28573.73046875,90994.7421875
1113.6073625087738,2,1929.8,28434.1875,90994.7421875
1114.615952014923,2,2535.0,28825.37109375,90994.7421875
1115.6259517669678,2,4505.6,29041.0859375,90994.7421875
1116.6446795463562,2,966.9,29567.87890625,90994.7421875
1117.6518495082855,2,654.0,8131.19140625,93042.7578125
1118.6594297885895,2,968.8,8575.171875,90994.7421875
1119.6669781208038,2,3411.2,10900.765625,90994.7421875
1120.6819579601288,2,4347.1,13032.828125,90994.7421875
1121.7013654708862,2,4527.7,13010.9453125,90994.7421875
1122.7139608860016,2,4357.7,15236.54296875,90994.7421875
1123.7339708805084,2,3512.4,15496.859375,90994.7421875
1124.7589473724365,2,3543.0,15892.125,90994.7421875
1125.7686977386475,2,2712.9,16916.9609375,90994.7421875
1126.7741718292236,2,1731.1,16953.34375,90994.7421875
1127.782984495163,2,3315.1,17003.3125,90994.7421875
1128.7932107448578,2,1438.7,17337.421875,90994.7421875
1129.8001585006714,2,1053.2,8689.72265625,90994.7421875
1130.8189494609833,2,2387.2,10153.21484375,90994.7421875
1131.8294410705566,2,4322.5,11654.34375,90994.7421875
1132.8399548530579,2,4642.2,16612.1953125,90994.7421875
1133.8599500656128,2,4254.8,15225.765625,90994.7421875
1134.8780274391174,2,3710.7,15387.484375,90994.7421875
1135.8855817317963,2,3415.8,15602.3203125,90994.7421875
1136.8986656665802,2,3613.9,16860.09765625,90994.7421875
1137.9099490642548,2,1633.8,16605.26953125,90994.7421875
1138.919951915741,2,2618.4,16809.6484375,90994.7421875
1139.9302277565002,2,2302.6,17114.80078125,90994.7421875
1140.937583208084,2,553.1,8297.33203125,90994.7421875
1141.9448194503784,2,964.3,9405.30859375,90994.7421875
1142.9527220726013,2,3265.3,10952.6875,90994.7421875
1143.9608192443848,2,3481.0,14313.69921875,90994.7421875
1144.9729497432709,2,4176.0,15821.8984375,90994.7421875
1145.990961074829,2,4467.9,17874.96875,90994.7421875
1147.0159530639648,2,4630.2,22716.66796875,90994.7421875
1148.0409543514252,2,4662.2,28013.76171875,90994.7421875
1149.067962884903,2,4531.6,23162.81640625,90994.7421875
1150.0927107334137,2,4365.1,23106.77734375,90994.7421875
1151.1189503669739,2,4256.6,24703.09765625,90994.7421875
1152.1369490623474,2,4512.0,24894.8203125,90994.7421875
1153.1548295021057,2,3757.4,25249.38671875,90994.7421875
1154.1629588603973,2,3317.2,25694.7734375,90994.7421875
1155.1829679012299,2,4538.7,25504.12109375,90994.7421875
1156.193956375122,2,3657.3,26051.33203125,90994.7421875
1157.2047896385193,2,4142.2,27378.10546875,90994.7421875
1158.2161438465118,2,1685.8,28362.2109375,90994.7421875
1159.22381234169,2,1741.9,28254.02734375,90994.7421875
1160.2312812805176,2,2005.8,28135.2578125,90994.7421875
1161.2419579029083,2,2331.4,28748.53515625,90994.7421875
1162.2563576698303,2,4566.5,28736.7109375,90994.7421875
1163.265266418457,2,1089.3,29350.38671875,90994.7421875
1164.2743563652039,2,696.2,7772.67578125,93042.7578125
1165.282556295395,2,889.3,8923.17578125,90994.7421875
1166.2919490337372,2,2883.1,9452.6171875,90994.7421875
1167.339956521988,2,2912.4,13615.30078125,90994.7421875
1168.383948802948,2,4385.0,14306.5546875,90994.7421875
1169.4019575119019,2,4590.2,18374.36328125,90994.7421875
1170.4271275997162,2,4687.6,23958.609375,90994.7421875
1171.4513475894928,2,4305.7,19045.65234375,90994.7421875
1172.4766340255737,2,4433.7,20312.03125,90994.7421875
1173.4958050251007,2,4133.0,20599.0390625,90994.7421875
1174.50448012352,2,3253.5,20866.06640625,90994.7421875
1175.512520313263,2,3879.0,20965.234375,90994.7421875
1176.5349502563477,2,4218.1,21842.98046875,90994.7421875
1177.5529057979584,2,1889.3,22181.03515625,90994.7421875
1178.5610132217407,2,1901.6,22138.2109375,90994.7421875
1179.569955587387,2,2102.2,22323.75390625,90994.7421875
1180.582097530365,2,4248.7,22437.08984375,90994.7421875
1181.5904939174652,2,659.1,8425.7265625,93042.7578125
1182.5978257656097,2,665.4,9399.73046875,90994.7421875
1183.6049489974976,2,1355.1,10014.76953125,90994.7421875
1184.6545860767365,2,3349.8,11644.203125,90994.7421875
1185.662948846817,2,3642.6,14881.8515625,90994.7421875
1186.6819484233856,2,4232.1,16402.09375,90994.7421875
1187.6999566555023,2,4467.4,18035.5703125,90994.7421875
1188.7249567508698,2,4661.7,22676.75,90994.7421875
1189.7449510097504,2,4673.9,28293.28125,90994.7421875
1190.764961719513,2,4436.2,26920.06640625,90994.7421875
1191.7869880199432,2,4330.1,23985.015625,90994.7421875
1192.8209483623505,2,4183.3,25679.49609375,90994.7421875
1193.8387961387634,2,4453.2,25899.2265625,90994.7421875
1194.8567371368408,2,4469.0,26114.52734375,90994.7421875
1195.8739669322968,2,3253.0,26367.88671875,90994.7421875
1196.8989596366882,2,3681.4,26749.75,90994.7421875
1197.9219644069672,2,3439.5,26735.6953125,90994.7421875
1198.944663286209,2,4377.7,27863.8125,90994.7421875
1199.9634354114532,2,3139.9,29183.95703125,90994.7421875
1200.9719834327698,2,1538.8,29077.6953125,90994.7421875
1201.9792129993439,2,1591.9,29177.98828125,90994.7421875
1202.9874229431152,2,1757.6,29012.140625,90994.7421875
1203.9959490299225,2,3000.7,29503.05078125,90994.7421875
1205.0059502124786,2,4514.2,29602.83984375,90994.7421875
1206.024787902832,2,775.1,30104.375,90994.7421875
1207.0324594974518,2,646.3,8237.39453125,93042.7578125
1208.0411791801453,2,726.7,9276.80078125,90994.7421875
1209.0489521026611,2,1895.8,9787.6796875,90994.7421875
1210.0959467887878,2,2462.6,12553.5859375,90994.7421875
1211.106823682785,2,4574.6,15290.5703125,90994.7421875
1212.1149489879608,2,4169.8,16221.26171875,90994.7421875
1213.1329548358917,2,4582.1,19497.4453125,90994.7421875
1214.1571972370148,2,4668.3,24722.30859375,90994.7421875
1215.181033372879,2,4678.9,30855.91796875,90994.7421875
1216.2009646892548,2,4436.3,19993.31640625,90994.7421875
1217.2169609069824,2,4595.4,24046.0234375,90994.7421875
1218.2289571762085,2,4300.4,24918.5703125,90994.7421875
1219.248951435089,2,4306.9,25312.875,90994.7421875
1220.266966342926,2,3607.4,25540.55859375,90994.7421875
1221.2939643859863,2,3709.0,25850.31640625,90994.7421875
1222.3189613819122,2,3979.2,25956.84765625,90994.7421875
1223.3439099788666,2,4103.3,26522.453125,90994.7421875
1224.3543531894684,2,3287.5,28115.91796875,90994.7421875
1225.3655240535736,2,1715.1,28323.85546875,90994.7421875
1226.3729887008667,2,1683.2,28438.984375,90994.7421875
1227.380512714386,2,1671.5,28451.11328125,90994.7421875
1228.3889486789703,2,3180.0,28790.82421875,90994.7421875
1229.399079322815,2,4210.0,29266.27734375,90994.7421875
1230.4065492153168,2,568.8,29573.05078125,90994.7421875
1231.4138715267181,2,613.1,9138.54296875,93042.7578125
1232.4254350662231,2,912.1,9555.46484375,90994.7421875
1233.4327483177185,2,2341.1,9779.9453125,90994.7421875
1234.474083662033,2,2373.5,12735.71875,90994.7421875
1235.4859488010406,2,4289.2,15771.52734375,90994.7421875
1236.5029518604279,2,4397.2,16242.13671875,90994.7421875
1237.5209548473358,2,4612.3,20505.015625,90994.7421875
1238.5419511795044,2,4663.5,24255.7578125,90994.7421875
1239.5664048194885,2,4672.9,29218.94921875,90994.7421875
1240.5900461673737,2,4275.1,20016.31640625,90994.7421875
1241.6079597473145,2,4603.5,23943.46875,90994.7421875
1242.6199564933777,2,4285.5,24835.05078125,90994.7421875
1243.639955997467,2,4302.9,25237.2265625,90994.7421875
1244.658968448639,2,3615.0,25519.66015625,90994.7421875
1245.6859641075134,2,3707.9,25872.70703125,90994.7421875
1246.7106275558472,2,3950.5,25927.4765625,90994.7421875
1247.7359490394592,2,4115.7,26560.75,90994.7421875
1248.7489461898804,2,3349.1,28181.3515625,90994.7421875
1249.755912065506,2,1624.6,28416.91796875,90994.7421875
1250.7641365528107,2,1683.4,28510.93359375,90994.7421875
1251.7715923786163,2,1681.1,28492.578125,90994.7421875
1252.779957294464,2,3316.3,28775.76953125,90994.7421875
1253.7943222522736,2,4087.8,29280.578125,90994.7421875
1254.8019881248474,2,560.9,29545.19921875,90994.7421875
1255.809168100357,2,587.3,9204.85546875,93042.7578125
1256.8170495033264,2,916.9,9346.921875,90994.7421875
1257.8249473571777,2,2961.6,9639.40234375,90994.7421875
1258.8579514026642,2,2468.5,13386.14453125,90994.7421875
1259.8762695789337,2,4366.3,15624.140625,90994.7421875
1260.8949580192566,2,4386.5,16105.2109375,90994.7421875
1261.9149582386017,2,4606.6,21369.08203125,90994.7421875
1262.934953212738,2,4668.7,26280.3203125,90994.7421875
1263.9592213630676,2,4674.9,30243.046875,90994.7421875
1264.9839963912964,2,4409.6,20557.16015625,90994.7421875
1266.0009515285492,2,4238.0,24909.72265625,90994.7421875
1267.0192408561707,2,4462.7,25141.625,90994.7421875
1268.0295827388763,2,4586.1,25317.0078125,90994.7421875
1269.0489659309387,2,3606.1,25555.03515625,90994.7421875
1270.0649659633636,2,3689.0,25988.78515625,90994.7421875
1271.0906462669373,2,3456.6,25998.1875,90994.7421875
1272.1149508953094,2,4166.8,27364.20703125,90994.7421875
1273.1328809261322,2,2805.1,28348.64453125,90994.7421875
1274.138427734375,2,1640.0,28410.73828125,90994.7421875
1275.1479513645172,2,2069.2,28253.11328125,90994.7421875
1276.154659986496,2,1363.1,28504.63671875,90994.7421875
1277.1686108112335,2,4446.5,28793.25,90994.7421875
1278.180922985077,2,2411.5,29363.60546875,90994.7421875
1279.189269065857,2,649.2,29637.81640625,90994.7421875
1280.1965715885162,2,551.1,8415.20703125,90994.7421875
1281.2037107944489,2,871.5,10083.265625,90994.7421875
1282.211950302124,2,2799.8,10191.37109375,90994.7421875
1283.2554576396942,2,2240.1,13219.36328125,90994.7421875
1284.2659533023834,2,4605.0,15773.0703125,90994.7421875
1285.278949022293,2,4227.3,16843.90234375,90994.7421875
1286.2979605197906,2,4460.2,19029.3828125,90994.7421875
1287.3239607810974,2,4669.0,23653.29296875,90994.7421875
1288.3486669063568,2,4658.7,29167.1953125,90994.7421875
1289.3739705085754,2,4653.5,28451.2421875,90994.7421875
1290.3879709243774,2,4400.1,24476.9765625,90994.7421875
1291.4219019412994,2,4276.0,26225.2578125,90994.7421875
1292.4409511089325,2,4490.9,26419.1796875,90994.7421875
1293.4589593410492,2,4470.1,26558.89453125,90994.7421875
1294.4782462120056,2,2718.7,26857.19140625,90994.7421875
1295.486960887909,2,3534.8,27104.19140625,90994.7421875
1296.5116939544678,2,3873.6,27153.41015625,90994.7421875
1297.536950826645,2,4085.0,27691.21875,90994.7421875
1298.5506687164307,2,3550.4,29085.265625,90994.7421875
1299.5585930347443,2,1708.0,29730.98046875,90994.7421875
1300.5667202472687,2,1670.1,29489.78515625,90994.7421875
1301.5756587982178,2,2075.4,29444.79296875,90994.7421875
1302.582727432251,2,1177.0,29690.65625,90994.7421875
1303.598575592041,2,4461.4,29954.8203125,90994.7421875
1304.609292268753,2,3122.2,30540.50390625,90994.7421875
1305.6167435646057,2,725.1,30804.1171875,90994.7421875
1306.62348818779,2,548.9,7923.45703125,90994.7421875
1307.631949186325,2,2552.9,8641.38671875,90994.7421875
1308.689949274063,2,3399.6,11389.71875,90994.7421875
1309.7079560756683,2,4578.2,15738.38671875,90994.7421875
1310.7325613498688,2,4481.6,14566.33203125,90994.7421875
1311.7445061206818,2,4056.8,15303.1484375,90994.7421875
1312.7550301551819,2,3355.5,15583.3359375,90994.7421875
1313.7795209884644,2,3667.0,16726.31640625,90994.7421875
1314.789176940918,2,1636.1,16713.62890625,90994.7421875
1315.805948972702,2,2644.0,16764.50390625,90994.7421875
1316.8170132637024,2,2267.3,17071.1953125,90994.7421875
1317.825112581253,2,777.9,8389.421875,90994.7421875
1318.833074092865,2,2399.5,9442.41796875,90994.7421875
1319.841950416565,2,3925.6,11534.2734375,90994.7421875
1320.8599572181702,2,4635.8,16099.9453125,90994.7421875
1321.879954814911,2,4325.9,14858.69921875,90994.7421875
1322.8987259864807,2,3933.6,15178.27734375,90994.7421875
1323.909955739975,2,3441.2,15389.46484375,90994.7421875
1324.9201085567474,2,3588.6,16591.7890625,90994.7421875
1325.9285151958466,2,1674.1,16449.93359375,90994.7421875
1326.9404728412628,2,2909.4,16588.0859375,90994.7421875
1327.950757741928,2,1849.1,16945.91796875,90994.7421875
1328.9580936431885,2,515.5,8640.87890625,90994.7421875
1329.9649658203125,2,830.2,10046.54296875,90994.7421875
1330.9719486236572,2,3256.5,10125.6953125,90994.7421875
1332.0133697986603,2,2291.3,13431.8359375,90994.7421875
1333.0232636928558,2,4331.0,16425.42578125,90994.7421875
1334.0319511890411,2,4392.5,16901.01171875,90994.7421875
1335.0509581565857,2,4527.3,19813.56640625,90994.7421875
1336.075406551361,2,4643.7,24108.41015625,90994.7421875
1337.0999519824982,2,4648.5,28709.25390625,90994.7421875
1338.1199579238892,2,4567.9,25112.43359375,90994.7421875
1339.143967628479,2,4341.9,24238.66015625,90994.7421875
1340.1689462661743,2,4272.9,25977.984375,90994.7421875
1341.1899445056915,2,4456.8,26153.30078125,90994.7421875
1342.2158856391907,2,4114.8,26438.91796875,90994.7421875
1343.2239730358124,2,3111.7,26719.4296875,90994.7421875
1344.2489652633667,2,3695.7,27044.78515625,90994.7421875
1345.2736811637878,2,3523.0,26997.07421875,90994.7421875
1346.2793986797333,2,4453.5,27847.09375,90994.7421875
1347.2901048660278,2,3282.4,29419.33203125,90994.7421875
1348.3009555339813,2,1478.5,29818.82421875,90994.7421875
1349.3175373077393,2,1550.5,29724.953125,90994.7421875
1350.3255870342255,2,2081.5,29461.12890625,90994.7421875
1351.3320066928864,2,1941.0,29797.75390625,90994.7421875
1352.3419499397278,2,4609.1,30174.24609375,90994.7421875
1353.3598775863647,2,1989.3,30543.12890625,90994.7421875
1354.3686447143555,2,778.0,30885.09375,90994.7421875
1355.3763647079468,2,532.2,8517.70703125,90994.7421875
1356.3834779262543,2,877.4,9643.109375,90994.7421875
1357.3919713497162,2,3928.9,9846.734375,90994.7421875
1358.4299557209015,2,2406.8,14335.8203125,90994.7421875
1359.4546234607697,2,4228.9,16078.28515625,90994.7421875
1360.4629623889923,2,4442.7,16516.68359375,90994.7421875
1361.4825100898743,2,4641.9,21375.54296875,90994.7421875
1362.5079565048218,2,4675.7,27355.4765625,90994.7421875
1363.5279598236084,2,4481.7,29874.47265625,90994.7421875
1364.5471835136414,2,4436.3,21633.55078125,90994.7421875
1365.5639493465424,2,4279.7,24953.0,90994.7421875
1366.5829501152039,2,4469.5,25155.09765625,90994.7421875
1367.612132549286,2,4494.6,25353.62109375,90994.7421875
1368.622953414917,2,3353.5,25559.73828125,90994.7421875
1369.6306858062744,2,3829.8,25999.57421875,90994.7421875
1370.6559598445892,2,3328.2,26015.953125,90994.7421875
1371.68195104599,2,4200.4,27357.49609375,90994.7421875
1372.6998484134674,2,2722.8,28393.6953125,90994.7421875
1373.7078778743744,2,1675.3,28351.19140625,90994.7421875
1374.7159855365753,2,2012.8,28277.140625,90994.7421875
1375.723949432373,2,1407.9,28481.70703125,90994.7421875
1376.7419514656067,2,4466.4,28788.08984375,90994.7421875
1377.7524302005768,2,2407.2,29352.42578125,90994.7421875
1378.759694814682,2,668.1,29608.9453125,90994.7421875
1379.7670304775238,2,544.3,8383.23046875,90994.7421875
1380.7738959789276,2,870.4,10011.6796875,90994.7421875
1381.7815630435944,2,2888.7,10138.41796875,90994.7421875
1382.8218166828156,2,2306.2,13340.78125,90994.7421875
1383.840158700943,2,4502.8,16203.2890625,90994.7421875
1384.8489487171173,2,4222.9,16915.25390625,90994.7421875
1385.8669595718384,2,4536.0,19671.93359375,90994.7421875
1386.8919517993927,2,4656.1,23937.4375,90994.7421875
1387.911959886551,2,4668.7,29834.20703125,90994.7421875
1388.933955192566,2,4270.2,27280.078125,90994.7421875
1389.9499909877777,2,4354.3,24549.1484375,90994.7421875
1390.9809465408325,2,4247.2,26243.03125,90994.7421875
1391.9989466667175,2,4455.6,26457.015625,90994.7421875
1393.0169570446014,2,4486.2,26612.421875,90994.7421875
1394.0359041690826,2,2780.3,26868.8515625,90994.7421875
1395.0609607696533,2,3585.2,27235.3359375,90994.7421875
1396.0801894664764,2,3821.7,27078.34375,90994.7421875
1397.0884804725647,2,4232.7,27768.3359375,90994.7421875
1398.0999522209167,2,3553.5,29383.359375,90994.7421875
1399.1178524494171,2,1726.6,29681.96484375,90994.7421875
1400.126060962677,2,1647.9,29558.8203125,90994.7421875
1401.1333813667297,2,1944.7,29566.84765625,90994.7421875
1402.140954732895,2,1805.9,29586.22265625,90994.7421875
1403.1599504947662,2,4484.1,29944.62109375,90994.7421875
1404.1783530712128,2,2393.6,30543.50390625,90994.7421875
1405.1858456134796,2,649.5,30795.60546875,90994.7421875
1406.1942920684814,2,576.9,8363.6796875,90994.7421875
1407.2014384269714,2,906.2,9630.59375,90994.7421875
1408.2089471817017,2,3640.0,9830.9140625,90994.7421875
1409.268976688385,2,2390.1,13579.9296875,90994.7421875
1410.281949043274,2,4355.2,15815.9921875,90994.7421875
1411.2957866191864,2,4352.5,16310.73828125,90994.7421875
1412.3089561462402,2,4643.3,21253.4921875,90994.7421875
1413.3289594650269,2,4671.1,26832.0078125,90994.7421875
1414.3485476970673,2,4670.1,29101.41015625,90994.7421875
1415.3739669322968,2,4328.2,22597.8203125,90994.7421875
1416.401947259903,2,4248.4,24894.6171875,90994.7421875
1417.4199540615082,2,4277.8,25117.84765625,90994.7421875
1418.4389588832855,2,4518.8,25263.1640625,90994.7421875
1419.4545958042145,2,3356.6,25465.2578125,90994.7421875
1420.4619727134705,2,3735.4,25913.046875,90994.7421875
1421.4869587421417,2,3453.7,25939.33203125,90994.7421875
1422.5119516849518,2,4168.7,27262.39453125,90994.7421875
1423.5298767089844,2,2726.8,28301.9140625,90994.7421875
1424.5371782779694,2,1683.7,28318.65625,90994.7421875
1425.5451102256775,2,2062.6,28223.69921875,90994.7421875
1426.5559480190277,2,1463.5,28369.2421875,90994.7421875
1427.5749554634094,2,4459.0,28726.04296875,90994.7421875
1428.5850715637207,2,2292.9,29322.1015625,90994.7421875
1429.5968635082245,2,742.9,29639.66015625,90994.7421875
1430.6059527397156,2,517.9,8390.09375,90994.7421875
1431.613891839981,2,909.7,9475.78515625,90994.7421875
1432.6209683418274,2,3755.0,10085.59375,90994.7421875
1433.629868030548,2,2699.4,14314.49609375,90994.7421875
1434.640950202942,2,4227.7,15938.734375,90994.7421875
1435.6599638462067,2,4466.5,16978.390625,90994.7421875
1436.6799528598785,2,4661.5,21679.875,90994.7421875
1437.7049894332886,2,4681.3,26891.62890625,90994.7421875
1438.7292256355286,2,4673.8,27568.39453125,90994.7421875
1439.7569806575775,2,4320.1,23187.765625,90994.7421875
1440.7739462852478,2,4301.9,24846.53125,90994.7421875
1441.7929508686066,2,4468.6,25075.13671875,90994.7421875
1442.8139708042145,2,4109.6,25409.515625,90994.7421875
1443.8382024765015,2,3165.7,25702.39453125,90994.7421875
1444.8463373184204,2,4504.7,25927.6953125,90994.7421875
1445.8715739250183,2,3387.7,26091.765625,90994.7421875
1446.8819501399994,2,4243.5,27439.109375,90994.7421875
1447.8998653888702,2,2200.0,28345.14453125,90994.7421875
1448.9075682163239,2,1713.2,28271.2265625,90994.7421875
1449.913803100586,2,2085.2,28221.61328125,90994.7421875
1450.9209518432617,2,1557.5,28376.85546875,90994.7421875
1451.9299504756927,2,4483.0,28926.22265625,90994.7421875
1452.9479999542236,2,1907.0,29299.3203125,90994.7421875
1453.9552018642426,2,765.0,29633.68359375,90994.7421875
1454.9630799293518,2,610.5,8487.03515625,90994.7421875
1455.9705102443695,2,1252.0,9584.55078125,90994.7421875
1457.0190658569336,2,2904.7,11808.26953125,90994.7421875
1458.0279529094696,2,4379.2,14446.08203125,90994.7421875
1459.045963525772,2,4493.5,15249.234375,90994.7421875
1460.0710339546204,2,4655.1,20159.2421875,90994.7421875
1461.0952939987183,2,4676.2,25397.84765625,90994.7421875
1462.1214053630829,2,4458.6,19237.62109375,90994.7421875
1463.1434495449066,2,4448.6,20578.4140625,90994.7421875
1464.1625814437866,2,3947.1,20900.66015625,90994.7421875
1465.1701004505157,2,2999.0,21134.31640625,90994.7421875
1466.1783466339111,2,3779.9,21202.91015625,90994.7421875
1467.185949087143,2,4014.9,22110.28125,90994.7421875
1468.2039563655853,2,2428.8,22675.2421875,90994.7421875
1469.2112953662872,2,1637.4,22720.1015625,90994.7421875
1470.2215015888214,2,1691.8,22678.47265625,90994.7421875
1471.2319495677948,2,3768.3,22812.14453125,90994.7421875
1472.2422499656677,2,2459.9,23162.625,90994.7421875
1473.251950263977,2,511.3,8129.5234375,90994.7421875
1474.2590758800507,2,935.0,9597.87109375,90994.7421875
1475.2665872573853,2,3223.0,9800.28515625,90994.7421875
1476.2808270454407,2,2415.6,13545.625,90994.7421875
1477.2983350753784,2,4353.3,15752.796875,90994.7421875
1478.3169584274292,2,4409.9,16230.40625,90994.7421875
1479.3369579315186,2,4610.2,20139.67578125,90994.7421875
1480.3610832691193,2,4669.9,25696.328125,90994.7421875
1481.3850712776184,2,4474.4,30662.17578125,90994.7421875
1482.4049727916718,2,4253.0,20478.4375,90994.7421875
1483.429746389389,2,4290.1,24753.64453125,90994.7421875
1484.438952445984,2,4639.4,24763.50390625,90994.7421875
1485.458950996399,2,4229.7,25247.26171875,90994.7421875
1486.4779744148254,2,3512.0,25460.3046875,90994.7421875
1487.503958940506,2,3651.0,25876.75,90994.7421875
1488.5289537906647,2,3722.3,25843.78515625,90994.7421875
1489.5348131656647,2,4171.5,27019.76171875,90994.7421875
1490.5530869960785,2,3177.7,28240.66796875,90994.7421875
1491.5659492015839,2,1573.4,28205.9609375,90994.7421875
1492.573089838028,2,1887.8,28246.109375,90994.7421875
1493.5810849666595,2,1340.4,28255.29296875,90994.7421875
1494.5897181034088,2,3888.5,28665.87890625,90994.7421875
1495.6003079414368,2,3317.3,29257.53125,90994.7421875
1496.6082243919373,2,614.1,29473.796875,90994.7421875
1497.6196134090424,2,551.3,7789.03125,90994.7421875
1498.627856016159,2,978.5,9447.421875,90994.7421875
1499.6349489688873,2,3006.1,9684.453125,90994.7421875
1500.6635038852692,2,2431.5,13434.234375,90994.7421875
1501.6789479255676,2,4346.0,15664.19921875,90994.7421875
1502.69695687294,2,4384.2,16132.12109375,90994.7421875
1503.7169573307037,2,4608.4,20995.03125,90994.7421875
1504.7423257827759,2,4669.5,26025.4765625,90994.7421875
1505.765952348709,2,4671.3,30790.5625,90994.7421875
1506.7859737873077,2,4352.6,20404.140625,90994.7421875
1507.8177592754364,2,4224.5,24728.18359375,90994.7421875
1508.8338515758514,2,4615.8,24800.18359375,90994.7421875
1509.8449578285217,2,4368.1,25132.2265625,90994.7421875
1510.8649652004242,2,3561.5,25385.609375,90994.7421875
1511.889964580536,2,3677.3,25831.3984375,90994.7421875
1512.9149584770203,2,3459.3,25826.703125,90994.7421875
1513.930831193924,2,4157.1,27222.4375,90994.7421875
1514.9419095516205,2,2990.3,28262.01953125,90994.7421875
1515.9495763778687,2,1641.5,28238.21875,90994.7421875
1516.9572269916534,2,1941.9,28269.87890625,90994.7421875
1517.968169927597,2,1308.9,28206.05859375,90994.7421875
1518.9781000614166,2,4339.7,28720.5078125,90994.7421875
1519.9892363548279,2,2765.4,29257.50390625,90994.7421875
1520.9972577095032,2,653.0,29548.69921875,90994.7421875
1522.004949092865,2,501.5,8092.74609375,90994.7421875
1523.012036561966,2,912.7,9713.0625,90994.7421875
1524.0209493637085,2,3033.4,9891.4140625,90994.7421875
1525.0659804344177,2,2411.0,13019.52734375,90994.7421875
1526.0875833034515,2,4328.2,16046.96875,90994.7421875
1527.1059520244598,2,4377.4,16522.8046875,90994.7421875
1528.1249561309814,2,4629.3,20335.390625,90994.7421875
1529.14595413208,2,4689.9,25060.40625,90994.7421875
1530.1704332828522,2,4651.6,30343.46875,90994.7421875
1531.1949620246887,2,4382.9,20463.15234375,90994.7421875
1532.2089767456055,2,4614.3,24385.4921875,90994.7421875
1533.2218046188354,2,4269.0,25404.48828125,90994.7421875
1534.2409501075745,2,4347.0,25737.703125,90994.7421875
1535.2589502334595,2,3342.3,26166.59375,90994.7421875
1536.2749590873718,2,3385.7,26404.4375,90994.7421875
1537.2959561347961,2,4271.6,26289.5390625,90994.7421875
1538.303239107132,2,3637.6,26649.94140625,90994.7421875
1539.3139505386353,2,4211.2,28033.46484375,90994.7421875
1540.327563047409,2,1904.3,28968.6328125,90994.7421875
1541.337951183319,2,1696.5,28810.4765625,90994.7421875
1542.3452591896057,2,1982.5,28764.15625,90994.7421875
1543.3551189899445,2,1155.7,28754.37890625,90994.7421875
1544.3619484901428,2,4164.9,29340.5625,90994.7421875
1545.3803391456604,2,3280.4,29820.8203125,90994.7421875
1546.387950181961,2,655.7,30048.765625,90994.7421875
1547.4004318714142,2,528.9,7823.1953125,90994.7421875
1548.4089500904083,2,1335.8,8876.4296875,90994.7421875
1549.4591681957245,2,3400.6,10994.7265625,90994.7421875
1550.4729506969452,2,4344.0,12392.28515625,90994.7421875
1551.4919545650482,2,4634.3,16416.72265625,90994.7421875
1552.516047000885,2,4494.7,14615.85546875,90994.7421875
1553.5279502868652,2,4411.2,17397.23046875,90994.7421875
1554.547956943512,2,4120.1,17748.1328125,90994.7421875
1555.5729658603668,2,3053.2,18011.703125,90994.7421875
1556.5914545059204,2,3775.1,18312.0078125,90994.7421875
1557.602331161499,2,3032.1,19286.046875,90994.7421875
1558.6117413043976,2,1529.4,19235.41015625,90994.7421875
1559.6239476203918,2,1814.6,19234.57421875,90994.7421875
1560.6344316005707,2,4328.4,19460.078125,90994.7421875
1561.6427574157715,2,647.7,8322.921875,93042.7578125
1562.6509265899658,2,865.0,9083.7421875,90994.7421875
1563.659117937088,2,2990.4,9510.08984375,90994.7421875
1564.666911125183,2,2977.6,13553.6796875,90994.7421875
1565.68195271492,2,4378.9,14235.9375,90994.7421875
1566.7059543132782,2,4606.4,18312.140625,90994.7421875
1567.740291595459,2,4655.7,23425.6484375,90994.7421875
1568.763155221939,2,4447.1,18903.953125,90994.7421875
1569.7769567966461,2,4456.1,20077.109375,90994.7421875
1570.7960708141327,2,4106.4,20433.95703125,90994.7421875
1571.8159551620483,2,3333.0,20659.6875,90994.7421875
1572.8352398872375,2,3834.3,20691.17578125,90994.7421875
1573.8449511528015,2,4248.8,21612.84375,90994.7421875
1574.8600206375122,2,1752.1,22033.23828125,90994.7421875
1575.8679254055023,2,1785.0,21954.62109375,90994.7421875
1576.8769507408142,2,1770.7,21999.43359375,90994.7421875
1577.8869516849518,2,4536.8,22132.25,90994.7421875
1578.9055643081665,2,803.4,7621.0546875,90994.7421875
1579.9135665893555,2,864.5,8849.19140625,90994.7421875
1580.9269487857819,2,2775.5,9334.46875,90994.7421875
1581.9839544296265,2,2875.3,13453.4140625,90994.7421875
1582.998950958252,2,4362.0,14091.04296875,90994.7421875
1584.0169579982758,2,4603.4,18190.90234375,90994.7421875
1585.041954755783,2,4662.0,23425.62109375,90994.7421875
1586.0619554519653,2,4447.6,18665.87890625,90994.7421875
1587.0879576206207,2,4454.0,19770.82421875,90994.7421875
1588.1073529720306,2,3858.4,20101.70703125,90994.7421875
1589.1159579753876,2,3625.5,20360.265625,90994.7421875
1590.1424210071564,2,3759.8,20488.21875,90994.7421875
1591.1543085575104,2,4051.2,21713.1953125,90994.7421875
1592.1719498634338,2,1626.1,21616.65625,90994.7421875
1593.1785926818848,2,1803.2,21534.46875,90994.7421875
1594.1859562397003,2,2718.7,21769.234375,90994.7421875
1595.1961863040924,2,3210.4,21990.10546875,90994.7421875
1596.2040100097656,2,597.1,7679.15625,90994.7421875
1597.2121057510376,2,1032.0,8954.21484375,90994.7421875
1598.219022512436,2,2747.9,11200.4609375,90994.7421875
1599.2269480228424,2,4235.4,13858.48828125,90994.7421875
1600.244956254959,2,4477.9,15251.33203125,90994.7421875
1601.2648067474365,2,4660.4,19785.91796875,90994.7421875
1602.288958311081,2,4649.2,20019.578125,90994.7421875
1603.3059611320496,2,4411.1,19438.5859375,90994.7421875
1604.3198006153107,2,4323.6,19903.265625,90994.7421875
1605.3259699344635,2,3495.0,20160.21875,90994.7421875
1606.3529658317566,2,4157.1,20378.8828125,90994.7421875
1607.3796427249908,2,3721.8,20764.609375,90994.7421875
1608.3898742198944,2,3098.2,21705.11328125,90994.7421875
1609.3977663516998,2,1595.4,21607.8203125,90994.7421875
1610.4031467437744,2,1752.0,21543.1640625,90994.7421875
1611.4105966091156,2,3794.6,21765.3515625,90994.7421875
1612.424230337143,2,1999.7,22115.69921875,90994.7421875
1613.4323525428772,2,677.0,8278.01171875,90994.7421875
1614.439951658249,2,1589.6,9382.19921875,90994.7421875
1615.4895074367523,2,2897.7,11782.35546875,90994.7421875
1616.5210950374603,2,4461.0,14037.9296875,90994.7421875
1617.531956911087,2,4487.9,16484.671875,90994.7421875
1618.551952123642,2,4665.6,21518.0703125,90994.7421875
1619.5762360095978,2,4495.7,16603.99609375,90994.7421875
1620.5949485301971,2,4385.8,20061.2890625,90994.7421875
1621.6129484176636,2,4508.0,20168.91796875,90994.7421875
1622.6229665279388,2,3442.4,20393.51953125,90994.7421875
1623.648764371872,2,3893.6,20502.12890625,90994.7421875
1624.6565692424774,2,3956.4,21097.359375,90994.7421875
1625.6672339439392,2,2818.3,21928.171875,90994.7421875
1626.6751463413239,2,1623.7,21875.79296875,90994.7421875
1627.6827986240387,2,1748.1,21789.8359375,90994.7421875
1628.6909501552582,2,3706.2,21966.046875,90994.7421875
1629.7012510299683,2,2227.3,22351.80859375,90994.7421875
1630.7090229988098,2,749.5,8070.26171875,90994.7421875
1631.7169468402863,2,2540.4,8692.16015625,90994.7421875
1632.7729513645172,2,3275.6,11874.0078125,90994.7421875
1633.7919571399689,2,4475.4,14199.546875,90994.7421875
1634.8159551620483,2,4686.5,19788.703125,90994.7421875
1635.8370282649994,2,4469.8,16715.83984375,90994.7421875
1636.8509566783905,2,4308.9,17385.375,90994.7421875
1637.8695242404938,2,3589.4,17618.07421875,90994.7421875
1638.8789615631104,2,3522.4,17893.2421875,90994.7421875
1639.8929469585419,2,3961.1,19092.16796875,90994.7421875
1640.9088034629822,2,1439.1,19007.046875,90994.7421875
1641.9213545322418,2,1642.5,18968.90234375,90994.7421875
1642.9289536476135,2,3715.2,19087.3671875,90994.7421875
1643.938989162445,2,1600.2,19497.390625,90994.7421875
1644.9474549293518,2,872.7,8531.1796875,90994.7421875
1645.9549708366394,2,2610.6,9081.640625,90994.7421875
1646.9629528522491,2,3458.4,12026.30078125,90994.7421875
1647.9811189174652,2,4491.7,14825.75,90994.7421875
1649.0050568580627,2,4657.8,19840.1171875,90994.7421875
1650.024952173233,2,4403.9,16561.32421875,90994.7421875
1651.0379514694214,2,4346.3,17429.3671875,90994.7421875
1652.0569865703583,2,3601.1,17696.390625,90994.7421875
1653.0829639434814,2,3585.2,17900.36328125,90994.7421875
1654.0948679447174,2,3949.1,18951.62890625,90994.7421875
1655.1030523777008,2,1699.8,19091.16015625,90994.7421875
1656.1102511882782,2,1657.5,18998.37890625,90994.7421875
1657.1183815002441,2,3401.5,19336.5625,90994.7421875
1658.1371629238129,2,1957.1,19601.2578125,90994.7421875
1659.148351430893,2,854.5,8335.875,90994.7421875
1660.1559138298035,2,2340.9,9473.62109375,90994.7421875
1661.1639494895935,2,4001.8,11513.1328125,90994.7421875
1662.1731045246124,2,4631.1,15702.3125,90994.7421875
1663.1982102394104,2,4490.4,14734.25,90994.7421875
1664.2112457752228,2,4119.2,15233.6640625,90994.7421875
1665.2188606262207,2,3060.7,15455.0546875,90994.7421875
1666.227948665619,2,3947.3,16328.09375,90994.7421875
1667.2409501075745,2,1591.8,16612.12109375,90994.7421875
1668.2489535808563,2,1740.8,16656.328125,90994.7421875
1669.2669672966003,2,3570.7,17004.765625,90994.7421875
1670.2742450237274,2,607.4,9215.9296875,93042.7578125
1671.2818052768707,2,2074.0,8557.359375,90994.7421875
1672.2897577285767,2,3134.7,11560.48046875,90994.7421875
1673.2989494800568,2,4036.3,13236.6171875,90994.7421875
1674.316955089569,2,4637.4,16387.8671875,90994.7421875
1675.341171503067,2,4414.5,16276.71875,90994.7421875
1676.3599679470062,2,3750.6,16650.29296875,90994.7421875
1677.3846552371979,2,3578.1,16696.625,90994.7421875
1678.3931999206543,2,3318.2,17271.29296875,91442.7421875
1679.4019510746002,2,4059.5,18694.984375,91442.7421875
1680.420137166977,2,2609.5,19099.28515625,91442.7421875
1681.4278433322906,2,2495.5,19279.91015625,91442.7421875
1682.437816143036,2,3954.2,19502.90234375,91442.7421875
1683.4467225074768,2,648.6,9041.1875,93490.7578125
1684.4550292491913,2,2055.5,8729.4921875,91442.7421875
1685.4626698493958,2,3096.3,11628.16015625,91442.7421875
1686.4739491939545,2,4362.6,13355.82421875,91442.7421875
1687.4919610023499,2,4608.2,16776.125,91442.7421875
1688.5171978473663,2,4278.4,16426.21484375,91442.7421875
1689.5359666347504,2,3695.0,16601.05078125,91442.7421875
1690.5607290267944,2,3228.5,16855.8828125,91442.7421875
1691.5739479064941,2,4004.6,17546.3203125,91442.7421875
1692.584145307541,2,4302.8,18703.00390625,91442.7421875
1693.5929503440857,2,1880.8,18998.6796875,91442.7421875
1694.6004190444946,2,3381.1,19253.53125,91442.7421875
1695.6119575500488,2,2807.6,19464.09375,91442.7421875
1696.6217651367188,2,822.1,8039.63671875,91442.7421875
1697.6309502124786,2,2498.0,8779.6796875,91442.7421875
1698.6813294887543,2,3600.3,13141.7734375,91442.7421875
1699.7030336856842,2,4490.2,13966.05078125,91442.7421875
1700.7267158031464,2,4559.8,14084.90234375,91442.7421875
1701.7399508953094,2,4324.9,16645.5078125,91442.7421875
1702.750961780548,2,3482.5,16764.06640625,91442.7421875
1703.7751097679138,2,3376.6,16990.2109375,91442.7421875
1704.7819521427155,2,4320.1,18197.52734375,91442.7421875
1705.7929496765137,2,3540.0,19195.375,91442.7421875
1706.8000843524933,2,1531.7,19142.8203125,91442.7421875
1707.8079493045807,2,4343.0,19328.37890625,91442.7421875
1708.8218216896057,2,1688.8,19639.15625,91442.7421875
1709.829468011856,2,1482.9,8421.91796875,91442.7421875
1710.837736606598,2,2601.7,9142.8515625,91442.7421875
1711.8459494113922,2,3826.0,13294.515625,91442.7421875
1712.8637130260468,2,4555.6,14972.9609375,91442.7421875
1713.8882591724396,2,4504.5,15418.8359375,91442.7421875
1714.9009592533112,2,4249.4,16591.796875,91442.7421875
1715.9119579792023,2,3306.9,16788.71484375,91442.7421875
1716.9319522380829,2,3300.1,17074.47265625,91442.7421875
1717.9516203403473,2,4477.9,18604.03125,91442.7421875
1718.958164215088,2,2922.5,19129.66015625,91442.7421875
1719.9675500392914,2,2117.5,19267.55078125,91442.7421875
1720.9789500236511,2,4495.3,19448.62109375,91442.7421875
1721.9881813526154,2,683.3,8360.46875,93490.7578125
1722.9961552619934,2,2027.5,8750.86328125,91442.7421875
1724.004733324051,2,2589.6,10900.04296875,91442.7421875
1725.022670507431,2,4353.3,13371.1640625,91442.7421875
1726.0339574813843,2,4606.3,16289.0,91442.7421875
1727.0586338043213,2,4366.9,16373.96875,91442.7421875
1728.0821104049683,2,3771.3,16674.5078125,91442.7421875
1729.1063120365143,2,3539.3,16762.2734375,91442.7421875
1730.1217904090881,2,3681.1,17405.11328125,91442.7421875
1731.132313489914,2,4457.1,18785.07421875,91442.7421875
1732.1421585083008,2,2077.2,19127.71484375,91442.7421875
1733.1509499549866,2,3004.6,19365.4375,91442.7421875
1734.1636340618134,2,3194.9,19497.23046875,91442.7421875
1735.1716759204865,2,614.3,8023.69921875,91442.7421875
1736.1793360710144,2,2233.4,8784.296875,91442.7421875
1737.1869549751282,2,3678.5,12447.2265625,91442.7421875
1738.2069506645203,2,4379.3,13408.15234375,91442.7421875
1739.2260315418243,2,4569.2,17359.0234375,91442.7421875
1740.238439321518,2,4312.8,16542.0078125,91442.7421875
1741.257973432541,2,3722.1,16747.48828125,91442.7421875
1742.2839539051056,2,3199.0,17027.00390625,91442.7421875
1743.3089504241943,2,4102.6,17863.95703125,91442.7421875
1744.3189492225647,2,4121.7,19078.88671875,91442.7421875
1745.3272109031677,2,1814.6,19182.93359375,91442.7421875
1746.3349525928497,2,3577.4,19315.984375,91442.7421875
1747.3452486991882,2,2662.2,19646.35546875,91442.7421875
1748.3525245189667,2,936.1,8169.97265625,91442.7421875
1749.3619549274445,2,2530.8,8857.98046875,91442.7421875
1750.4119486808777,2,3613.0,13201.98046875,91442.7421875
1751.4299583435059,2,4491.2,14021.109375,91442.7421875
1752.4499654769897,2,4547.0,14118.08203125,91442.7421875
1753.461951494217,2,4309.6,16631.27734375,91442.7421875
1754.46897149086,2,3553.9,16829.671875,91442.7421875
1755.493327140808,2,3279.9,17028.71484375,91442.7421875
1756.499357700348,2,4202.3,18229.07421875,91442.7421875
1757.5119607448578,2,3577.5,19228.0234375,91442.7421875
1758.5240437984467,2,1566.0,19154.4375,91442.7421875
1759.5309002399445,2,4122.8,19410.99609375,91442.7421875
1760.5471069812775,2,1954.3,19685.078125,91442.7421875
1761.5554468631744,2,1404.0,8403.72265625,91442.7421875
1762.564951658249,2,2749.4,8812.30078125,91442.7421875
1763.5859489440918,2,3609.2,13195.05078125,91442.7421875
1764.5989561080933,2,4489.3,14666.38671875,91442.7421875
1765.6260888576508,2,4559.9,15086.9453125,91442.7421875
1766.638263463974,2,4332.4,16611.67578125,91442.7421875
1767.6572868824005,2,3334.8,16845.45703125,91442.7421875
1768.6642224788666,2,3290.4,17036.73828125,91442.7421875
1769.6738812923431,2,4498.8,18414.4765625,91442.7421875
1770.6819500923157,2,3177.0,19144.578125,91442.7421875
1771.6969475746155,2,1683.4,19254.8671875,91442.7421875
1772.7099483013153,2,4536.5,19291.03125,91442.7421875
1773.7229495048523,2,1318.9,19757.546875,91442.7421875
1774.7317426204681,2,1703.2,8594.4609375,91442.7421875
1775.7404441833496,2,2311.5,9767.46484375,91442.7421875
1776.7489511966705,2,4278.6,13320.53515625,91442.7421875
1777.7679557800293,2,4562.5,15342.33203125,91442.7421875
1778.7922599315643,2,4560.0,15719.69140625,91442.7421875
1779.8037776947021,2,4080.4,16717.625,91442.7421875
1780.8119585514069,2,3424.5,16936.09765625,91442.7421875
1781.8319582939148,2,3278.8,17169.95703125,91442.7421875
1782.8565101623535,2,4434.9,18810.890625,91442.7421875
1783.8689663410187,2,2909.7,19271.1171875,91442.7421875
1784.87695145607,2,2059.4,19521.95703125,91442.7421875
1785.886953830719,2,4557.8,19443.1015625,91442.7421875
1786.901146888733,2,808.0,8236.47265625,93490.7578125
1787.9085066318512,2,2043.6,8729.734375,91442.7421875
1788.9149672985077,2,2451.8,10383.640625,91442.7421875
1789.9289498329163,2,4382.1,13360.3359375,91442.7421875
1790.9468886852264,2,4593.1,15877.40234375,91442.7421875
1791.9711515903473,2,4389.8,16419.45703125,91442.7421875
1792.982684135437,2,3872.2,16715.41796875,91442.7421875
1793.989517211914,2,3573.6,16804.625,91442.7421875
1794.9979548454285,2,3236.7,17159.109375,91442.7421875
1796.0079531669617,2,4466.8,18678.3515625,91442.7421875
1797.0280973911285,2,2654.6,19167.78515625,91442.7421875
1798.0372154712677,2,2316.4,19290.0078125,91442.7421875
1799.0475554466248,2,4284.4,19463.89453125,91442.7421875
1800.0559911727905,2,665.3,8738.359375,93490.7578125
1801.0644743442535,2,2062.3,8694.55859375,91442.7421875
1802.0719504356384,2,2898.5,11331.12890625,91442.7421875
1803.0839483737946,2,4354.6,13354.4375,91442.7421875
1804.1050510406494,2,4630.9,16824.13671875,91442.7421875
1805.128437280655,2,4346.4,16354.33203125,91442.7421875
1806.1379606723785,2,3747.2,16736.1875,91442.7421875
1807.163749217987,2,3467.9,16845.89453125,91442.7421875
1808.171334028244,2,3709.1,17479.078125,91442.7421875
1809.1819505691528,2,4453.5,18733.1875,91442.7421875
1810.201110124588,2,2004.6,19077.0546875,91442.7421875
1811.211684703827,2,3005.1,19314.47265625,91442.7421875
1812.221509218216,2,3188.5,19513.75390625,91442.7421875
1813.2287454605103,2,575.3,7985.859375,91442.7421875
1814.2369484901428,2,2319.0,8805.38671875,91442.7421875
1815.2834413051605,2,3749.9,12629.703125,91442.7421875
1816.2946376800537,2,4409.6,13351.59765625,91442.7421875
1817.3143546581268,2,4604.1,15065.328125,91442.7421875
1818.327957391739,2,4286.1,16437.40234375,91442.7421875
1819.3479776382446,2,3590.3,16718.5859375,91442.7421875
1820.3739640712738,2,3306.2,17026.109375,91442.7421875
1821.3865337371826,2,4121.0,17963.0234375,91442.7421875
1822.3969264030457,2,3871.9,19111.16796875,91442.7421875
1823.4057595729828,2,1626.9,19104.3828125,91442.7421875
1824.4169521331787,2,4049.2,19345.515625,91442.7421875
1825.4270913600922,2,1993.1,19568.84375,91442.7421875
1826.4354169368744,2,1236.6,8301.84765625,91442.7421875
1827.4439492225647,2,2789.6,8808.3125,91442.7421875
1828.485948085785,2,3597.0,13180.0234375,91442.7421875
1829.4979565143585,2,4442.7,14539.69140625,91442.7421875
1830.5227363109589,2,4542.5,14916.12890625,91442.7421875
1831.53595328331,2,4322.5,16499.5703125,91442.7421875
1832.5548939704895,2,3246.0,16733.14453125,91442.7421875
1833.5679590702057,2,3332.0,17003.23828125,91442.7421875
1834.5819487571716,2,4448.3,18481.4453125,91442.7421875
1835.5999114513397,2,3077.8,19108.5625,91442.7421875
1836.6109433174133,2,1915.8,19102.88671875,91442.7421875
1837.6258358955383,2,4555.8,19164.68359375,91442.7421875
1838.6357021331787,2,965.4,18292.25390625,91442.7421875
1839.6424705982208,2,1702.1,8415.4453125,91442.7421875
1840.6632466316223,2,3794.0,11452.0625,91442.7421875
1841.6819434165955,2,4485.1,12657.21875,91442.7421875
1842.6946687698364,2,4094.2,14543.46875,91442.7421875
1843.7025043964386,2,3717.9,14790.98046875,91442.7421875
1844.712967157364,2,4330.3,16061.6796875,91442.7421875
1845.731297492981,2,1931.9,16202.66015625,91442.7421875
1846.7391121387482,2,4174.7,16440.9765625,91442.7421875
1847.748435497284,2,681.5,9908.09375,93490.7578125
1848.7579672336578,2,2617.9,9930.72265625,91442.7421875
1849.7709546089172,2,4317.5,11829.13671875,91442.7421875
1850.7897515296936,2,4366.8,14215.1796875,91442.7421875
1851.8019576072693,2,4039.6,14507.0625,91442.7421875
1852.81294631958,2,3805.6,15071.09375,91442.7421875
1853.8230414390564,2,3709.6,16193.17578125,91442.7421875
1854.8349533081055,2,2331.2,16222.8203125,91442.7421875
1855.8452622890472,2,3128.7,16547.77734375,91442.7421875
1856.8538262844086,2,1174.2,8433.99609375,91442.7421875
1857.8622238636017,2,3272.0,11320.546875,91442.7421875
1858.8809523582458,2,4455.4,13445.03125,91442.7421875
1859.9003908634186,2,4252.7,14468.03125,91442.7421875
1860.9119565486908,2,3655.9,14725.2890625,91442.7421875
1861.9365525245667,2,4211.6,15785.4453125,91442.7421875
1862.945149898529,2,2765.3,16250.84375,91442.7421875
1863.9529497623444,2,3345.8,16368.22265625,91442.7421875
1864.9683380126953,2,1847.9,8149.34765625,91442.7421875
1865.9779510498047,2,1835.2,8481.79296875,91442.7421875
1867.0039494037628,2,3802.5,11520.98046875,91442.7421875
1868.0244226455688,2,4520.2,12876.0625,91442.7421875
1869.037972688675,2,3983.4,14424.22265625,91442.7421875
1870.0543458461761,2,3625.4,14691.34375,91442.7421875
1871.062950849533,2,4412.8,15943.41796875,91442.7421875
1872.080932855606,2,1714.5,16146.703125,91442.7421875
1873.0905785560608,2,4085.4,16347.12890625,91442.7421875
1874.0979561805725,2,666.9,8070.04296875,91442.7421875
1875.1087234020233,2,3911.9,9783.05078125,91442.7421875
1876.1199502944946,2,3975.6,10534.90234375,91442.7421875
1877.133065700531,2,2803.6,10683.4765625,91442.7421875
1878.1429500579834,2,1607.4,8612.44140625,91442.7421875
1879.1879489421844,2,3802.5,11598.41796875,91442.7421875
1880.2059688568115,2,4473.5,12561.83203125,91442.7421875
1881.218665599823,2,4084.9,14466.64453125,91442.7421875
1882.2269582748413,2,3700.9,14666.26953125,91442.7421875
1883.2372980117798,2,4255.5,15966.41015625,91442.7421875
1884.247151374817,2,1959.1,16175.89453125,91442.7421875
1885.2556614875793,2,4180.2,16300.671875,91442.7421875
1886.2645471096039,2,694.7,9790.96484375,93490.7578125
1887.27295255661,2,3119.7,10017.04296875,91442.7421875
1888.2811634540558,2,4394.8,11800.1328125,91442.7421875
1889.3009576797485,2,3604.3,12152.46875,91442.7421875
1890.3155901432037,2,3866.3,13049.375,91442.7421875
1891.3278548717499,2,3208.5,13097.81640625,91442.7421875
1892.33833527565,2,958.2,8250.19140625,91442.7421875
1893.3469507694244,2,3437.5,10187.87109375,91442.7421875
1894.3649520874023,2,4416.2,11973.79296875,91442.7421875
1895.3839519023895,2,3562.8,12197.6953125,91442.7421875
1896.3940539360046,2,3691.6,13114.00390625,91442.7421875
1897.4008872509003,2,3396.5,13173.04296875,91442.7421875
1898.4068834781647,2,563.2,5375.47265625,84274.5859375
1899.4153745174408,2,88.3,5017.70703125,84274.5859375
1900.4234488010406,2,102.1,4895.5703125,84274.5859375
