elapsed_time,nproc,cpu,mem_real,mem_virtual
3.9577484130859375e-05,1,0.0,3.7734375,7.5234375
1.0069818496704102,4,0.0,438.63671875,4199.54296875
2.016037702560425,4,99.2,616.62109375,4413.54296875
3.0243239402770996,4,100.3,612.65234375,4445.54296875
4.031352996826172,4,100.1,616.0859375,4445.54296875
5.040332555770874,4,99.2,616.43359375,4445.54296875
6.048441648483276,4,99.0,625.5390625,4493.54296875
7.05850887298584,4,99.8,616.36328125,4493.54296875
8.070172548294067,4,99.9,589.72265625,4493.54296875
9.081533908843994,4,99.8,604.265625,4493.54296875
10.093818426132202,4,99.9,654.30078125,4493.54296875
11.105178594589233,4,98.9,710.56640625,4555.54296875
12.11610746383667,4,100.8,762.56640625,4619.54296875
13.128015279769897,4,99.1,814.5703125,4705.54296875
14.137390851974487,4,99.9,860.5703125,4705.54296875
15.148583889007568,4,99.0,912.57421875,4801.54296875
16.159118175506592,4,99.8,958.57421875,4801.54296875
17.17117404937744,2,0.0,44.60546875,60.4921875
18.182111978530884,2,0.0,258.484375,3718.6328125
19.19406533241272,2,98.9,665.8828125,5212.6640625
20.205540657043457,2,100.8,884.03125,5852.6640625
21.21717119216919,2,99.0,1142.02734375,7132.6640625
22.227545976638794,2,99.9,1414.02734375,7132.6640625
23.238327980041504,2,99.9,1654.0234375,9692.6640625
24.24900197982788,2,99.8,1950.0234375,9692.6640625
25.26056933403015,2,99.9,1874.75,9180.6328125
26.271580696105957,2,99.9,1874.609375,9180.6328125
27.28291130065918,2,99.9,1874.609375,9180.6328125
28.293721675872803,2,99.9,1879.94140625,9180.6171875
29.30484390258789,2,100.0,1875.00390625,9180.6171875
30.31469416618347,2,99.9,1875.00390625,9180.6171875
31.325709342956543,2,99.8,1952.015625,9700.6484375
32.33797883987427,2,99.8,1993.76953125,9700.6484375
33.34969401359558,2,277.4,2310.05859375,13175.09375
34.36297059059143,2,4606.7,3193.73046875,14148.09375
35.3918821811676,2,4662.3,3483.27734375,14468.09375
36.41887545585632,2,4672.2,3638.2109375,14658.09375
37.44896078109741,2,4730.9,3843.078125,14922.59375
38.47587990760803,2,4623.8,3876.1328125,14996.59375
39.5018789768219,2,4631.1,3999.3984375,15183.59375
40.52888250350952,2,4638.7,4033.78125,15382.59375
41.55571484565735,2,4702.0,4087.921875,15508.59375
42.583882093429565,2,4626.1,4237.39453125,15756.59375
43.608880281448364,2,4616.1,4244.7734375,15866.59375
44.640002727508545,2,4666.3,4271.8984375,15996.59375
45.66588282585144,2,4705.5,4259.7890625,16025.59375
46.69287919998169,2,4699.4,4215.86328125,16073.59375
47.71987962722778,2,4592.6,4236.10546875,16103.59375
48.74998140335083,2,4668.2,4344.16015625,16241.59375
49.777878284454346,2,4630.4,4368.9140625,16279.59375
50.804879903793335,2,4682.9,4314.30078125,16279.59375
51.83187985420227,2,4636.3,4359.8046875,16354.59375
52.86087942123413,2,4618.6,4445.2578125,16535.59375
53.88788294792175,2,4653.9,4445.3359375,16613.59375
54.91887879371643,2,4703.2,4553.29296875,16692.59375
55.94570732116699,2,4664.7,4596.19921875,16773.59375
56.97386598587036,2,4605.0,4622.19921875,16800.59375
58.005879640579224,2,4675.4,4637.54296875,16832.59375
59.044877767562866,2,4700.9,4709.38671875,16906.59375
60.071868658065796,2,4689.7,4756.125,17130.59375
61.09888005256653,2,4641.2,4692.83984375,17157.59375
62.12287902832031,2,4633.5,4774.5703125,17267.59375
63.14988470077515,2,4648.3,4831.671875,17387.59375
64.18004393577576,2,4673.2,4915.29296875,17499.59375
65.20788049697876,2,4647.0,4886.69921875,17587.59375
66.23388767242432,2,4606.0,4841.08984375,17639.59375
67.26396918296814,2,4662.6,4785.26171875,17691.59375
68.29088711738586,2,4685.4,4746.3984375,17795.59375
69.31887936592102,2,4690.5,4845.359375,17945.59375
70.34488224983215,2,4609.8,4800.734375,17945.59375
71.37588167190552,2,4674.1,4824.9375,17961.59375
72.43113708496094,2,4663.7,5035.828125,18115.59375
73.45887804031372,2,4705.9,5077.5234375,18187.59375
74.4858775138855,2,4634.1,4978.984375,18187.59375
75.51288199424744,2,4620.3,4905.54296875,18187.59375
76.5429995059967,2,4644.3,4885.76171875,18207.59375
77.56488108634949,2,4685.2,4897.99609375,18207.59375
78.5949776172638,2,4685.4,4879.1484375,18279.59375
79.62088012695312,2,4607.2,4909.98828125,18303.59375
80.64787459373474,2,4668.7,4946.69140625,18347.59375
81.67587852478027,2,4639.8,4907.2265625,18449.59375
82.70387864112854,2,4716.8,4898.875,18463.59375
83.730877161026,2,4616.2,4906.94921875,18477.59375
84.75687980651855,2,4624.9,4913.41796875,18549.59375
85.78488063812256,2,4656.0,5022.046875,18637.59375
86.81187105178833,2,4737.2,5049.51171875,18693.59375
87.83988046646118,2,4684.7,5029.96875,18705.59375
88.865882396698,2,4610.3,4918.484375,18705.59375
89.8963348865509,2,4659.4,5034.67578125,18825.59375
90.92488408088684,2,4636.2,4918.88671875,18839.59375
91.9508810043335,2,4715.3,4969.421875,18839.59375
92.97687935829163,2,4613.2,5107.30078125,18989.59375
94.00287890434265,2,4598.4,5252.34375,19019.59375
95.02988934516907,2,4659.6,5297.953125,19137.59375
96.05687594413757,2,4704.9,5307.5859375,19161.59375
97.08587980270386,2,4634.9,5374.10546875,19249.59375
98.11077976226807,2,4621.5,5336.6015625,19383.59375
99.13787817955017,2,4647.7,5433.625,19483.59375
100.16588425636292,2,4689.1,5466.8359375,19533.59375
101.19288110733032,2,4686.2,5381.12109375,19533.59375
102.21888327598572,2,4587.1,5372.40625,19533.59375
103.24581098556519,2,4658.5,5427.98828125,19685.59375
104.27640223503113,2,4644.5,5476.203125,19793.59375
105.30387783050537,2,4693.5,5542.25,19793.59375
106.33087801933289,2,4615.0,5522.5078125,19793.59375
107.35587906837463,2,4626.6,5443.53515625,19897.59375
108.3828809261322,2,4649.0,5428.359375,19897.59375
109.41087770462036,2,4694.8,5390.76953125,19897.59375
110.43788313865662,2,4637.0,5501.25,19987.59375
111.46489381790161,2,4592.1,5749.1015625,20283.59375
112.49512481689453,2,4658.9,5733.92578125,20283.59375
113.52278447151184,2,4644.0,5705.98046875,20297.59375
114.5508816242218,2,4688.7,5830.015625,20377.59375
115.57707905769348,2,4601.4,5726.46875,20377.59375
116.60188221931458,2,4652.8,5642.54296875,20377.59375
117.62988114356995,2,4630.6,5644.0,20407.59375
118.65788388252258,2,4684.4,5699.76953125,20407.59375
119.68488240242004,2,4633.6,5760.50390625,20459.59375
120.71188259124756,2,4630.5,5754.05859375,20459.59375
121.72787690162659,2,4646.0,5854.8984375,20501.59375
122.75587749481201,2,4707.6,5757.59765625,20501.59375
123.78566026687622,2,4678.2,5733.53125,20501.59375
124.81288146972656,2,4578.7,5664.1953125,20537.59375
125.84088277816772,2,4664.7,5761.52734375,20537.59375
126.86787962913513,2,4635.5,5781.265625,20569.59375
127.89587545394897,2,4713.4,5816.41796875,20653.59375
128.92287969589233,2,4632.7,5730.72265625,20653.59375
129.94887971878052,2,4625.1,5769.09765625,20725.59375
130.97787356376648,2,4653.1,5763.53515625,20725.59375
132.00388932228088,2,4668.4,5783.92578125,20725.59375
133.03088092803955,2,4663.2,5839.44140625,20801.59375
134.05687952041626,2,4598.5,5765.10546875,20801.59375
135.0848822593689,2,4632.2,5878.9375,20801.59375
136.11187839508057,2,4658.6,5778.46875,20833.59375
137.13888716697693,2,4701.9,5701.640625,20833.59375
138.1668803691864,2,4599.0,5641.90234375,20833.59375
139.19388103485107,2,4645.6,5619.04296875,20833.59375
140.22088384628296,2,4639.3,5655.6171875,20833.59375
141.2509729862213,2,4714.4,5609.79296875,20869.59375
142.2778778076172,2,4627.3,5532.546875,20869.59375
143.3048801422119,2,4614.2,5649.9296875,20965.59375
144.3318727016449,2,4633.1,5688.796875,21037.59375
145.36195468902588,2,4722.1,5843.96875,21233.59375
146.3888852596283,2,4680.3,5826.0859375,21233.59375
147.4148828983307,2,4597.9,5877.25,21233.59375
148.43288040161133,2,4661.2,5904.39453125,21233.59375
149.45987915992737,2,4644.9,5904.63671875,21307.59375
150.48787903785706,2,4684.3,5928.53515625,21375.59375
151.5179603099823,2,4608.7,5982.15625,21375.59375
152.54646944999695,2,4658.5,5991.80859375,21407.59375
153.5738763809204,2,4657.8,6094.046875,21423.59375
154.6008791923523,2,4673.4,6112.0703125,21427.59375
155.6278738975525,2,4623.6,6217.12890625,21467.59375
156.65287971496582,2,4615.2,6133.5546875,21641.59375
157.68303799629211,2,4644.6,6297.6875,21825.59375
158.7138752937317,2,4694.7,6313.09375,21825.59375
159.74088287353516,2,4638.2,6239.71484375,21849.59375
160.7658770084381,2,4604.6,6198.2109375,21965.59375
161.79288148880005,2,4666.0,6277.33984375,21965.59375
162.8230013847351,2,4685.4,6458.875,22129.59375
163.85301399230957,2,4692.8,7045.55859375,22843.59375
164.87988376617432,2,4583.1,7494.1953125,23115.59375
165.9068820476532,2,4615.8,7836.89453125,23491.59375
166.9338779449463,2,4637.3,7997.1640625,23519.59375
167.96088004112244,2,4678.4,8115.59765625,23947.59375
168.99096632003784,2,4646.6,8300.1953125,23947.59375
170.0168740749359,2,4565.1,8298.3046875,24395.59375
171.04382348060608,2,4660.6,8327.734375,24395.59375
172.0718743801117,2,4675.8,8251.140625,24395.59375
173.09887599945068,2,4681.7,8361.71875,24547.59375
174.1248791217804,2,4605.6,8488.69140625,24635.59375
175.15088176727295,2,4638.5,8579.6171875,24767.59375
176.17487907409668,2,4638.2,9454.828125,25453.59375
177.20188975334167,2,4700.2,9485.58984375,25529.59375
178.22887802124023,2,4629.8,9476.87890625,25529.59375
179.25587511062622,2,4608.5,9477.98828125,25549.59375
180.28545951843262,2,4639.8,9539.87109375,25661.59375
181.31388187408447,2,4703.8,9522.50390625,25733.59375
182.34087824821472,2,4676.2,9695.0078125,25733.59375
183.36587715148926,2,4596.2,9800.265625,25733.59375
184.39388227462769,2,4666.5,9903.42578125,25733.59375
185.420880317688,2,4671.8,9876.28125,25733.59375
186.4488763809204,2,4704.1,9703.71484375,25733.59375
187.47687888145447,2,4611.1,9638.54296875,25757.59375
188.50287747383118,2,4628.5,9680.41796875,25757.59375
189.529709815979,2,4660.0,9558.875,25757.59375
190.5578818321228,2,4711.3,9681.6171875,25789.59375
191.58588099479675,2,4615.6,9671.8046875,25813.59375
192.61188173294067,2,4606.7,9747.1484375,25869.59375
193.63888502120972,2,4661.6,9613.78515625,25869.59375
194.66688013076782,2,4659.4,9576.9375,25869.59375
195.69488096237183,2,4679.7,9530.94140625,25869.59375
196.7218837738037,2,4582.8,9649.26171875,25869.59375
197.74983954429626,2,4666.8,9739.9453125,25909.59375
198.78098154067993,2,4638.5,9702.00390625,25957.59375
199.80999994277954,2,4723.3,9959.00390625,25957.59375
200.84024620056152,2,4660.5,10024.609375,26057.59375
201.86688256263733,2,4610.1,10143.24609375,26165.59375
202.89703011512756,2,4647.1,10123.0,26165.59375
203.9238805770874,2,4666.6,10099.5,26165.59375
204.95687699317932,2,4683.2,9983.7109375,26165.59375
205.9838137626648,2,4589.4,10065.51171875,26165.59375
207.01515197753906,2,4659.8,10060.7421875,26165.59375
208.04387855529785,2,4645.0,10027.30078125,26165.59375
209.0707721710205,2,4698.8,10057.5078125,26197.59375
210.0978808403015,2,4623.8,10154.12890625,26289.59375
211.12387681007385,2,4637.6,10131.00390625,26289.59375
212.151873588562,2,4643.7,10302.99609375,26321.59375
213.1788845062256,2,4722.9,10241.296875,26321.59375
214.20587944984436,2,4666.0,10162.8046875,26321.59375
215.23187637329102,2,4595.4,10108.77734375,26321.59375
216.26194071769714,2,4663.0,9976.328125,26321.59375
217.29195857048035,2,4672.2,10060.33203125,26367.59375
218.3188760280609,2,4696.3,10006.6953125,26367.59375
219.34587931632996,2,4616.7,9896.07421875,26399.59375
220.37409710884094,2,4636.0,9898.5625,26399.59375
221.40288257598877,2,4637.3,9956.73046875,26447.59375
222.4298872947693,2,4716.5,10014.65234375,26567.59375
223.45787835121155,2,4636.1,10133.98828125,26571.59375
224.4838831424713,2,4623.7,10074.96484375,26571.59375
225.51188015937805,2,4647.1,10094.0859375,26571.59375
226.53887796401978,2,4692.6,9963.6328125,26571.59375
227.5705008506775,2,4670.6,9997.5,26571.59375
228.5908818244934,2,4597.5,9971.87890625,26571.59375
229.61788296699524,2,4666.7,9962.90625,26571.59375
230.64487957954407,2,4669.0,9827.0703125,26571.59375
231.67388343811035,2,4677.7,9714.03125,26599.59375
232.70525097846985,2,4615.5,9707.7109375,26599.59375
233.73356819152832,2,4641.7,9743.7578125,26627.59375
234.75788402557373,2,4634.1,9661.078125,26627.59375
235.78688025474548,2,4707.9,9722.49609375,26627.59375
236.81387639045715,2,4641.8,9699.41796875,26627.59375
237.8398814201355,2,4616.5,10041.05859375,26913.59375
238.87047243118286,2,4645.4,10046.7578125,26913.59375
239.89887952804565,2,4677.8,10252.0546875,27323.59375
240.9257493019104,2,4683.0,10415.0546875,27435.59375
241.9588770866394,2,4575.1,10475.98046875,27435.59375
242.99495458602905,2,4661.7,10492.65234375,27439.59375
244.0242338180542,2,4638.5,10449.6484375,27439.59375
245.0518834590912,2,4672.3,10366.5234375,27439.59375
246.0768609046936,2,4632.3,10268.23046875,27567.59375
247.10269451141357,2,4607.4,10244.53515625,27567.59375
248.13082456588745,2,4642.8,10156.390625,27571.59375
249.1588795185089,2,4705.9,10314.10546875,27659.59375
250.18587708473206,2,4654.2,10245.2578125,27659.59375
251.2168824672699,2,4615.4,10313.21484375,27743.59375
252.24753260612488,2,4665.3,10582.45703125,27743.59375
253.27987670898438,2,4683.2,10643.16796875,27747.59375
254.30687832832336,2,4689.7,10614.375,27747.59375
255.33387899398804,2,4610.8,10670.515625,27747.59375
256.3608798980713,2,4648.2,10608.25390625,27747.59375
257.3878827095032,2,4658.8,10602.87109375,27747.59375
258.41488003730774,2,4705.0,10591.13671875,27747.59375
259.44387435913086,2,4643.7,10794.5625,27803.59375
260.46988582611084,2,4600.3,10836.0625,27923.59375
261.5002808570862,2,4608.1,10848.90625,27923.59375
262.54288053512573,2,4686.3,10950.6015625,27923.59375
263.5732538700104,2,4690.7,10993.09375,28051.59375
264.6018810272217,2,4589.0,11077.99609375,28251.59375
265.6288821697235,2,4647.7,11305.109375,28327.59375
266.6590850353241,2,4648.7,11130.64453125,28359.59375
267.69726061820984,2,4715.6,11333.95703125,28411.59375
268.7258801460266,2,4621.5,11373.16015625,28471.59375
269.751882314682,2,4606.6,11442.9453125,28471.59375
270.77887892723083,2,4639.9,11632.5625,28471.59375
271.80688190460205,2,4682.5,11489.14453125,28495.59375
272.8338761329651,2,4662.0,11522.94921875,28495.59375
273.860878944397,2,4593.5,11345.31640625,28495.59375
274.88987851142883,2,4632.2,11300.53515625,28495.59375
275.9168860912323,2,4635.5,11313.7109375,28547.59375
276.934876203537,2,4704.3,11313.015625,28547.59375
277.96186232566833,2,4632.5,11236.9140625,28547.59375
278.98987555503845,2,4613.9,11118.27734375,28547.59375
280.0211844444275,2,4656.8,11087.40625,28547.59375
281.04888224601746,2,4692.8,11038.32421875,28547.59375
282.07987999916077,2,4669.2,11245.171875,28547.59375
283.1048836708069,2,4577.9,11448.14453125,28551.59375
284.1358833312988,2,4669.9,11627.6796875,28707.59375
285.16597151756287,2,4654.3,11617.05859375,28763.59375
286.19287610054016,2,4682.3,11668.83984375,28763.59375
287.2188787460327,2,4635.1,11709.06640625,28823.59375
288.2459452152252,2,4614.4,11881.76953125,28967.59375
289.2737777233124,2,4636.1,11719.3828125,28967.59375
290.30388164520264,2,4698.7,12024.37109375,29067.59375
291.33287525177,2,4646.1,11669.4375,29291.59375
292.3579490184784,2,4595.8,11591.71875,29347.59375
293.3882694244385,2,4659.9,11637.421875,29347.59375
294.4208812713623,2,4629.4,11668.08203125,29347.59375
295.4510326385498,2,4681.1,11578.44140625,29375.59375
296.4788899421692,2,4585.7,11558.72265625,29555.59375
297.5098865032196,2,4607.6,11478.66015625,29555.59375
298.5400016307831,2,4627.8,11808.109375,29791.59375
299.5668776035309,2,4667.2,11879.40625,29791.59375
300.5938820838928,2,4632.5,12052.26953125,29791.59375
301.6208744049072,2,4616.8,12153.1640625,29835.59375
302.64780282974243,2,4630.5,12555.40625,29835.59375
303.6648836135864,2,4706.2,12704.3359375,29835.59375
304.69087839126587,2,4638.3,12964.00390625,30107.59375
305.71688413619995,2,4505.6,12706.296875,30163.59375
306.74720287323,2,4533.0,13134.8984375,30307.59375
307.7758758068085,2,4680.0,12957.2890625,30307.59375
308.8058762550354,2,4672.5,12744.46875,30307.59375
309.83287620544434,2,4558.5,12751.55078125,30383.59375
310.85971117019653,2,4638.6,12720.1484375,30527.59375
311.8878791332245,2,4622.8,12527.0078125,30527.59375
312.9058873653412,2,4663.2,11960.15625,30527.59375
313.9328782558441,2,4573.9,12056.26171875,30527.59375
314.953875541687,2,4590.9,11883.7109375,30559.59375
315.98497200012207,2,4618.0,11708.76171875,30559.59375
317.01186537742615,2,4643.3,11656.609375,30559.59375
318.06488490104675,2,4612.7,11824.63671875,30603.59375
319.0918185710907,2,4562.1,11765.98828125,30707.59375
320.11987257003784,2,4632.5,11314.7734375,30707.59375
321.1478750705719,2,4665.2,11256.8359375,30707.59375
322.1748824119568,2,4442.6,11342.4453125,30795.59375
323.2003695964813,2,3353.1,11101.38671875,30851.59375
324.2121798992157,2,2976.8,10898.38671875,30851.59375
325.2260489463806,2,2873.4,10923.20703125,30851.59375
326.2398293018341,2,2631.5,10773.30078125,30851.59375
327.25179386138916,2,2578.6,10892.375,30999.59375
328.26551508903503,2,2531.4,10626.546875,30999.59375
329.2791712284088,2,2369.1,10396.68359375,30999.59375
330.2925956249237,2,2189.5,10470.46484375,30999.59375
331.3051378726959,2,2161.8,10749.05078125,31327.59375
332.31866788864136,2,1931.1,10936.01171875,31519.59375
333.3305666446686,2,1866.5,10781.31640625,31695.59375
334.33984184265137,2,1794.6,10853.54296875,31695.59375
335.350093126297,2,1792.8,10809.12890625,31695.59375
336.35911321640015,2,1773.3,10612.98046875,31695.59375
337.36797976493835,2,1559.5,10403.58984375,31695.59375
338.3772542476654,2,1363.4,9713.51171875,31695.59375
339.3864862918854,2,1165.7,9834.9296875,31695.59375
340.395299911499,2,997.5,9583.84765625,31695.59375
341.4038224220276,2,802.5,9409.98046875,31695.59375
342.4131579399109,2,802.9,9360.46875,31695.59375
343.4208040237427,2,805.0,9085.453125,31695.59375
344.4306893348694,2,751.1,8951.24609375,31695.59375
345.43981432914734,2,702.5,8903.48828125,31695.59375
346.44907093048096,2,602.3,8604.69140625,31695.59375
347.460253238678,2,540.7,7919.0625,31695.59375
348.47188115119934,2,461.8,7930.1484375,31695.59375
349.4830343723297,2,402.6,7679.48046875,31695.59375
350.49397230148315,2,404.5,7645.00390625,31695.59375
351.5052044391632,2,373.6,7520.94140625,31695.59375
352.5170841217041,2,307.9,7004.6484375,31695.59375
353.5270881652832,2,202.7,7017.89453125,31695.59375
354.53843355178833,2,201.9,7343.48828125,31695.59375
355.54890537261963,2,203.5,7432.0234375,31695.59375
356.5610647201538,2,202.9,6977.23046875,31695.59375
357.5714592933655,2,201.7,6904.078125,31695.59375
358.58308601379395,2,204.6,6792.71484375,31695.59375
359.59488558769226,2,204.7,6838.9140625,31695.59375
360.605952501297,2,201.9,7077.796875,31695.59375
361.6161515712738,2,201.6,6766.66015625,31695.59375
362.6280870437622,2,203.8,6697.203125,31695.59375
363.6386468410492,2,203.8,6654.828125,31695.59375
364.6495656967163,2,202.1,6703.609375,31695.59375
365.6589617729187,2,201.6,6961.6171875,31695.59375
366.6707682609558,2,200.6,7250.44140625,31695.59375
367.68256306648254,2,200.7,7247.75390625,31695.59375
368.69382095336914,2,199.0,7129.41015625,31695.59375
369.7036397457123,2,204.6,6905.76171875,31695.59375
370.7153289318085,2,203.7,6835.52734375,31695.59375
371.7267117500305,2,201.8,6925.52734375,31695.59375
372.7376358509064,2,204.0,6668.29296875,31695.59375
373.7473213672638,2,199.9,6640.76171875,31695.59375
374.7579629421234,2,200.7,6720.33984375,31695.59375
375.7692952156067,2,201.6,6832.453125,31695.59375
376.7810037136078,2,201.8,6937.06640625,31695.59375
377.7917377948761,2,199.6,7058.49609375,31695.59375
378.80351734161377,2,200.6,7208.55859375,32219.59375
379.8153727054596,2,200.7,7232.48046875,32219.59375
380.8266007900238,2,199.9,7295.66796875,32219.59375
381.8373577594757,2,199.5,7439.89453125,32219.59375
382.8499677181244,2,200.7,7293.7109375,32219.59375
383.8616361618042,2,199.7,7436.36328125,32219.59375
384.8730537891388,2,210.2,7135.15625,32219.59375
385.88153624534607,2,200.9,7252.640625,32219.59375
386.89218401908875,2,203.8,7124.64453125,32219.59375
387.9027736186981,2,176.0,7104.45703125,32219.59375
388.9141285419464,2,105.9,6781.5859375,32219.59375
389.9244945049286,2,102.9,6669.2578125,32219.59375
390.9355568885803,2,105.8,6548.625,32219.59375
391.94649267196655,2,104.8,6422.1328125,32219.59375
392.95803594589233,2,105.9,6218.94921875,32219.59375
393.9682250022888,2,103.9,6028.328125,32219.59375
394.9788715839386,2,109.7,5365.85546875,32219.59375
395.99035024642944,2,118.6,3515.3359375,32275.59375
397.0019257068634,2,675.4,3895.5625,32419.6015625
398.01164531707764,2,108.8,3674.203125,32515.671875
399.0228226184845,2,111.6,3854.71875,32915.68359375
400.0358679294586,2,704.7,3826.80078125,33107.68359375
401.0509488582611,2,1682.2,4396.91796875,38739.765625
402.0618712902069,2,1258.1,6758.47265625,38227.7578125
403.0735535621643,2,890.2,4866.8828125,37203.73046875
404.0856223106384,2,2170.3,4388.07421875,44371.71484375
405.09839391708374,2,4353.9,5791.4140625,44371.71484375
406.1089928150177,2,3603.8,6469.625,44371.71484375
407.11872029304504,2,2496.2,6702.22265625,44371.71484375
408.12945079803467,2,2239.6,3618.12109375,44371.71484375
409.1416246891022,2,908.3,3668.34375,44371.71484375
410.1568760871887,2,3570.2,5427.92578125,44371.71484375
411.16886830329895,2,4429.6,7457.2734375,44399.71484375
412.17929792404175,2,3269.0,7654.34765625,44399.71484375
413.1914918422699,2,3383.8,8202.08984375,44399.71484375
414.207261800766,2,2544.5,8562.19921875,44399.71484375
415.2168867588043,2,3541.9,8642.83203125,44399.71484375
416.2279260158539,2,670.7,3489.6953125,42351.68359375
417.2438659667969,2,4722.5,3303.0390625,42351.68359375
418.27086782455444,2,4641.9,3243.24609375,42351.68359375
419.29587268829346,2,4236.0,3297.8671875,42351.68359375
420.3168704509735,2,4629.9,3276.296875,42351.68359375
421.34156703948975,2,3320.3,4888.33203125,46447.73046875
422.35103726387024,2,802.2,3197.875,42351.68359375
423.35834193229675,2,98.2,3179.82421875,42351.68359375
424.36664605140686,2,95.2,3161.16796875,42425.703125
425.37468099594116,2,128.8,3634.20703125,42425.703125
426.38375544548035,2,99.1,4036.00390625,42425.703125
427.39240169525146,4,64.4,4349.08984375,42618.4140625
428.4015247821808,4,99.1,4566.3984375,42835.7578125
429.4110572338104,4,102.1,4785.46875,43069.078125
430.4204292297363,4,99.1,4992.96484375,43282.8203125
431.4297239780426,4,100.0,5227.890625,43521.94140625
432.4392204284668,4,101.1,5546.7421875,43856.7109375
433.44857263565063,4,100.1,5897.6953125,44207.72265625
434.45774841308594,4,99.8,6236.63671875,44560.78125
435.4698152542114,4,99.9,6558.828125,44890.0078125
436.4809949398041,4,99.8,6890.5703125,45227.35546875
437.4933226108551,4,99.8,7228.90234375,45570.6328125
438.50557923316956,4,99.9,7570.9375,45919.58203125
439.51627016067505,4,99.0,7904.71484375,46253.44921875
440.5267653465271,4,100.8,8243.4609375,46592.21484375
441.53844141960144,4,99.9,8595.26171875,46944.0
442.54951333999634,4,98.8,8947.1953125,47296.171875
443.5612761974335,4,99.9,9279.7265625,47628.62109375
444.571825504303,4,99.9,9614.89453125,47963.90625
445.58274698257446,4,99.9,9966.3046875,48315.3046875
446.59381580352783,4,99.9,10319.91015625,48668.89453125
447.6048378944397,4,100.0,10650.56640625,48999.5390625
448.61479091644287,4,99.7,10987.27734375,49337.14453125
449.6274857521057,4,99.8,11338.71484375,49688.54296875
450.63913655281067,4,99.9,11691.16796875,50040.97265625
451.65013551712036,4,100.0,12027.515625,50377.41796875
452.66055488586426,4,99.7,12366.5,50716.3125
453.6732177734375,4,99.9,12717.6796875,51067.58203125
454.68470525741577,4,98.9,13070.66796875,51420.52734375
455.69571924209595,4,101.0,13407.51171875,51757.359375
456.70576786994934,4,98.9,13744.8671875,52094.70703125
457.7165949344635,4,100.9,14095.4140625,52445.33203125
458.72737646102905,4,99.9,14364.3203125,52714.23046875
459.73839473724365,4,98.9,14426.203125,52776.10546875
460.74943685531616,4,99.8,14680.7421875,53108.41015625
461.7617166042328,4,99.8,14737.63671875,53087.30859375
462.7739131450653,5,0.0,4287.41015625,42942.48046875
463.78748631477356,5,98.8,4578.87109375,43190.7734375
464.7992973327637,2,43.5,3312.95703125,43112.01953125
465.81051301956177,2,468.9,3966.171875,43449.75
466.8238697052002,2,3122.2,5135.41015625,47545.8125
467.850861787796,2,4749.1,5135.41015625,47545.8125
468.8718640804291,2,4551.7,5197.359375,47545.8125
469.89088106155396,2,456.3,5877.7890625,49593.84375
470.89891386032104,2,99.1,6251.79296875,49593.84375
471.90816378593445,4,98.0,6520.08984375,49626.03125
472.9179627895355,4,100.3,6908.18359375,50014.2109375
473.9254219532013,4,100.0,7246.875,50352.84765625
474.9350335597992,4,99.1,7571.640625,50677.69140625
475.9438090324402,4,100.1,7895.50390625,51001.6484375
476.9526083469391,4,100.1,8240.5078125,51346.6015625
477.96173334121704,4,100.0,8563.77734375,51669.8984375
478.97164034843445,4,99.1,8870.4296875,51978.2421875
479.98094367980957,4,99.8,9190.80078125,52298.703125
480.99315881729126,4,99.8,9511.53125,52619.421875
482.00529074668884,4,99.8,9815.13671875,52923.02734375
483.0173707008362,4,100.9,10144.98046875,53252.76953125
484.0286180973053,4,98.8,10503.1484375,53611.0
485.0408797264099,4,100.0,10873.640625,53981.4765625
486.05051708221436,4,99.9,11232.30859375,54340.48046875
487.06171464920044,4,99.9,11589.890625,54698.06640625
488.0726742744446,4,99.8,11961.66015625,55069.83203125
489.08441376686096,4,99.8,12333.984375,55444.3046875
490.09675002098083,4,99.8,12676.69140625,55787.06640625
491.1085133552551,4,99.7,13051.17578125,56161.5390625
492.1214213371277,4,99.8,13421.53125,56531.88671875
493.1332688331604,4,100.0,13793.01171875,56903.39453125
494.1432898044586,4,99.9,14144.5390625,57254.921875
495.1538972854614,4,99.8,14507.625,57618.05078125
496.16619086265564,4,98.9,14875.92578125,57988.9140625
497.17774987220764,4,100.8,15249.74609375,58362.7421875
498.1891965866089,4,100.1,15594.484375,58707.4375
499.19865226745605,4,98.9,15963.93359375,59076.8828125
500.2102041244507,4,100.8,16335.4140625,59448.390625
501.2223379611969,4,98.9,16711.58984375,59824.5390625
502.23330640792847,4,100.9,17055.609375,60168.58984375
503.2446925640106,4,98.8,17427.53515625,60540.484375
504.25641798973083,4,99.9,17797.8125,60910.83203125
505.2676181793213,4,99.9,18173.4296875,61286.3359375
506.27892446517944,4,99.9,18515.95703125,61628.96875
507.2899339199066,4,100.8,18886.80078125,61999.703125
508.3018763065338,4,98.8,19256.8125,62369.79296875
509.31396675109863,4,99.9,19523.8671875,62636.88671875
510.3249456882477,4,99.9,19581.35546875,62694.37890625
511.3363530635834,4,99.8,19581.35546875,62694.37890625
512.3482310771942,4,99.8,19581.42578125,62694.37890625
513.3602023124695,4,99.8,19600.9453125,62723.59765625
514.3718135356903,4,99.8,19977.26171875,63250.0234375
515.3838262557983,4,98.9,20198.84375,63423.234375
516.3952081203461,4,100.8,20206.84375,63423.234375
517.4068682193756,4,98.9,19676.80078125,62789.50390625
518.4181084632874,5,0.0,6908.08984375,50429.28515625
519.4302322864532,5,98.9,7364.25390625,50844.94921875
520.4415163993835,5,100.8,7393.01171875,50844.94921875
521.4530329704285,2,66.2,5547.46484375,50298.72265625
522.4648680686951,2,98.9,5544.90234375,50298.72265625
523.4758877754211,2,99.8,5548.02734375,50298.72265625
524.4877927303314,2,209.5,6644.1015625,49786.69140625
525.4996063709259,2,705.2,6910.3125,49786.69140625
526.513453245163,2,196.9,7065.62890625,49786.69140625
527.5243363380432,2,214.8,7093.765625,49786.69140625
528.5345809459686,2,1120.7,7427.38671875,49786.69140625
529.5758771896362,2,2048.3,11654.515625,49786.69140625
530.5958669185638,2,4370.9,13403.4609375,49786.69140625
531.6175353527069,2,4524.2,14927.95703125,49786.69140625
532.6388757228851,2,4327.9,14537.15625,49786.69140625
533.664909362793,2,3799.7,15368.875,49786.69140625
534.7067182064056,2,3238.8,15022.73828125,49786.69140625
535.7168681621552,2,2545.1,15465.85546875,49786.69140625
536.7278740406036,2,2146.1,15486.06640625,49786.69140625
537.7398271560669,2,2491.9,7599.46484375,50298.69921875
538.7493789196014,2,741.8,8067.99609375,49786.69140625
539.7576770782471,2,218.1,8039.4375,49786.69140625
540.7663128376007,2,643.6,7880.5703125,49786.69140625
541.7746639251709,2,1097.2,7571.4609375,49786.69140625
542.7836096286774,2,916.0,10727.421875,49786.69140625
543.7928655147552,2,4458.4,13065.10546875,49786.69140625
544.8154413700104,2,4554.8,13915.15625,55962.69140625
545.8438720703125,2,4308.9,14456.0390625,55962.69140625
546.8648719787598,2,2960.3,14731.2421875,55962.69140625
547.8840041160583,2,3816.9,15186.64453125,55962.69140625
548.8966248035431,2,1995.0,15350.50390625,55962.69140625
549.903876543045,2,2165.7,15374.93359375,55962.69140625
550.9264061450958,2,2720.0,15464.51171875,55962.69140625
551.9362564086914,2,1102.8,8604.1484375,56186.69140625
552.94451212883,2,1010.4,8095.2421875,56186.69140625
553.9600069522858,2,1205.2,7953.15625,56186.69140625
554.9729299545288,2,2193.4,11540.1640625,56186.69140625
556.0088682174683,2,4525.9,12426.21875,56186.69140625
557.0298323631287,2,4255.6,13407.203125,56186.69140625
558.0428738594055,2,3818.7,14196.5859375,56186.69140625
559.0599119663239,2,4041.2,14939.5859375,56186.69140625
560.1108682155609,2,4167.7,14428.4453125,56186.69140625
561.1248707771301,2,2225.6,14474.78515625,56186.69140625
562.1321222782135,2,3226.0,14472.46484375,56186.69140625
563.1420390605927,2,676.1,8560.796875,56186.69140625
564.1522290706635,2,1279.2,8249.59375,56186.69140625
565.1645593643188,2,1257.6,8080.66796875,56186.69140625
566.1719880104065,2,1030.2,9796.04296875,56186.69140625
567.1808705329895,2,3922.6,12438.5,56186.69140625
568.2018928527832,2,4605.3,13809.8828125,56186.69140625
569.22886967659,2,4324.4,14086.12109375,56186.69140625
570.2488996982574,2,3529.4,14935.51171875,56186.69140625
571.2985990047455,2,4002.5,14039.69921875,56186.69140625
572.3090484142303,2,2899.8,14580.44140625,56186.69140625
573.3158633708954,2,2419.3,14413.65625,56186.69140625
574.3263254165649,2,2653.1,14429.9296875,56186.69140625
575.3342642784119,2,1174.0,8588.75390625,56186.69140625
576.3433923721313,2,986.4,8120.57421875,56186.69140625
577.3511412143707,2,1244.8,7924.34375,56186.69140625
578.3599078655243,2,2021.7,11546.640625,56186.69140625
579.3898682594299,2,4494.0,12415.10546875,56186.69140625
580.4106211662292,2,4442.3,13136.6171875,56186.69140625
581.42542552948,2,3726.8,14057.08984375,56186.69140625
582.4349117279053,2,4129.5,14871.4609375,56186.69140625
583.4852774143219,2,3811.8,14306.59375,56186.69140625
584.4918653964996,2,2435.9,14406.51953125,56186.69140625
585.4995973110199,2,3045.2,14395.59765625,56186.69140625
586.5112130641937,2,841.1,8321.60546875,56186.69140625
587.5216236114502,2,1276.8,8309.98828125,56186.69140625
588.5304231643677,2,1542.9,8072.31640625,56186.69140625
589.5376071929932,2,1065.4,8666.90625,56186.69140625
590.5468692779541,2,3110.2,12397.6953125,56186.69140625
591.5628707408905,2,4504.6,12925.20703125,56186.69140625
592.5768671035767,2,4301.1,14033.94140625,56186.69140625
593.5846161842346,2,3426.7,14330.48828125,56186.69140625
594.5939044952393,2,4378.7,15011.90625,56186.69140625
595.6428062915802,2,3841.4,14584.328125,56186.69140625
596.652352809906,2,2184.8,14604.65234375,56186.69140625
597.6608710289001,2,3322.4,14602.34375,56186.69140625
598.6698718070984,2,668.1,8540.36328125,56442.69140625
599.6825709342957,2,1265.2,8361.9140625,56442.69140625
600.6906960010529,2,1492.2,8061.58984375,56442.69140625
601.7261788845062,2,1134.6,8677.08984375,56442.69140625
602.7368688583374,2,3457.4,11602.7734375,56442.69140625
603.7568762302399,2,4497.1,12653.4453125,56442.69140625
604.7810485363007,2,4331.1,13574.12109375,56442.69140625
605.7948951721191,2,3629.8,14527.45703125,56442.69140625
606.8437445163727,2,4319.3,13656.6640625,56442.69140625
607.8558068275452,2,2873.3,14110.1015625,56442.69140625
608.8633027076721,2,2460.4,14102.0,56442.69140625
609.8750462532043,2,2751.1,14209.99609375,56442.69140625
610.8844621181488,2,1244.2,8851.1953125,56442.69140625
611.8930170536041,2,926.2,8398.44140625,56442.69140625
612.9015574455261,2,1285.1,8138.01171875,56442.69140625
613.9108953475952,2,2078.8,11150.984375,56442.69140625
614.9358670711517,2,4425.8,11777.046875,56442.69140625
615.9525511264801,2,4380.1,12993.16015625,56442.69140625
616.9648728370667,2,3697.5,13653.38671875,56442.69140625
617.9888763427734,2,4153.1,14439.70703125,56442.69140625
619.0385212898254,2,4056.3,13968.29296875,56442.69140625
620.0483038425446,2,2195.3,13951.32421875,56442.69140625
621.0563204288483,2,3315.4,13961.8515625,56442.69140625
622.0651729106903,2,678.1,8555.9140625,56442.69140625
623.0755200386047,2,1312.1,8343.015625,56442.69140625
624.0844969749451,2,1512.6,8132.3203125,56442.69140625
625.0926270484924,2,997.8,8668.33984375,56442.69140625
626.1018705368042,2,3461.6,11683.9765625,56442.69140625
627.123880147934,2,4479.6,12817.21875,56442.69140625
628.1482312679291,2,4241.1,13681.12890625,56442.69140625
629.1669113636017,2,3526.4,14557.375,56442.69140625
630.2138726711273,2,4419.8,13730.94140625,56442.69140625
631.2353091239929,2,2892.7,14168.04296875,56442.69140625
632.245787858963,2,2444.9,14058.5390625,56442.69140625
633.257360458374,2,2700.8,14107.01171875,56442.69140625
634.2662146091461,2,1437.6,9338.34375,56442.69140625
635.2747523784637,2,698.4,8338.59765625,56442.69140625
636.2842392921448,2,1137.1,8216.22265625,56442.69140625
637.2929198741913,2,1343.9,10684.83984375,56442.69140625
638.3068656921387,2,4454.8,12567.2265625,56442.69140625
639.3268737792969,2,4445.9,13818.51171875,56442.69140625
640.3538708686829,2,4311.7,14358.50390625,56442.69140625
641.3780119419098,2,3806.7,15155.55859375,56442.69140625
642.4228713512421,2,4032.6,14380.5703125,56442.69140625
643.4398419857025,2,2817.5,14868.33984375,56442.69140625
644.4538760185242,2,2441.5,14746.21875,56442.69140625
645.4659903049469,2,2802.2,14756.375,56442.69140625
646.473687171936,2,1497.7,8943.68359375,56442.69140625
647.482283115387,2,804.0,7933.609375,56442.69140625
648.4918801784515,2,1429.5,9831.84765625,56442.69140625
649.5019059181213,2,3347.0,13142.74609375,56442.69140625
650.5298755168915,2,4485.4,13747.04296875,56442.69140625
651.5508887767792,2,4410.6,14319.390625,56442.69140625
652.5618245601654,2,4207.8,14470.86328125,56442.69140625
653.5739018917084,2,4082.2,15478.0625,56442.69140625
654.6239023208618,2,4422.3,15442.8359375,56442.69140625
655.6682538986206,2,4038.4,14590.04296875,56442.69140625
656.6828806400299,2,2837.4,15029.80859375,56442.69140625
657.7081305980682,2,2878.6,15103.74609375,56442.69140625
658.7201070785522,2,1888.8,7299.421875,56442.69140625
659.7268853187561,2,1767.3,8387.48046875,56442.69140625
660.7389571666718,2,2929.4,12583.3125,56442.69140625
661.761878490448,2,4529.9,13085.48828125,56442.69140625
662.7888734340668,2,4296.7,12729.75,56442.69140625
663.8119015693665,2,4095.6,13612.72265625,56442.69140625
664.8609085083008,2,4413.2,13526.26953125,56442.69140625
665.9098703861237,2,4030.6,13006.703125,56442.69140625
666.9292149543762,2,2348.9,13210.24609375,56442.69140625
667.9377768039703,2,2168.0,6826.6796875,56442.69140625
668.946094751358,2,1595.8,7144.125,56442.69140625
669.9589023590088,2,2944.1,12356.78515625,56442.69140625
671.0028746128082,2,4523.4,12886.77734375,56442.69140625
672.0288290977478,2,4134.9,12625.97265625,56442.69140625
673.048903465271,2,4086.7,13542.15625,56442.69140625
674.099901676178,2,4284.9,13523.41796875,56442.69140625
675.1447536945343,2,4273.1,12957.484375,56442.69140625
676.1662282943726,2,2372.2,13212.76953125,56442.69140625
677.1749348640442,2,2173.2,7082.2578125,56954.69921875
678.1839787960052,2,100.1,7388.55078125,56442.69140625
679.1927638053894,2,1464.9,8539.49609375,56442.69140625
680.2023878097534,2,1015.5,7460.546875,56442.69140625
681.2118701934814,2,3129.9,9971.484375,56442.69140625
682.2348790168762,2,4416.4,11253.703125,56442.69140625
683.260496377945,2,4405.8,13271.58984375,56442.69140625
684.270914554596,2,3908.6,13338.86328125,56442.69140625
685.3133089542389,2,3754.0,13400.48046875,56442.69140625
686.3239822387695,2,3036.0,13976.09765625,56442.69140625
687.3314294815063,2,2371.8,13989.9609375,56442.69140625
688.3428201675415,2,2443.9,7797.015625,56954.69921875
689.3512868881226,2,104.0,7830.625,56442.69140625
690.3607895374298,2,1463.8,8761.14453125,56442.69140625
691.3698682785034,2,1516.0,7816.625,56442.69140625
692.3908693790436,2,3304.2,10554.9453125,56442.69140625
693.3998806476593,2,4483.2,11793.98828125,56442.69140625
694.4258704185486,2,4362.2,13055.68359375,56442.69140625
695.4464538097382,2,3941.1,13897.6640625,56442.69140625
696.469685792923,2,3820.1,13158.15625,56442.69140625
697.4801850318909,2,2860.5,13524.00390625,56442.69140625
698.4893882274628,2,2901.5,13445.39453125,56442.69140625
699.5020327568054,2,941.0,8222.72265625,56442.69140625
700.5114042758942,2,1560.7,8374.078125,56442.69140625
701.5199520587921,2,931.4,8141.984375,56442.69140625
702.5278685092926,2,1814.1,7933.015625,56442.69140625
703.5989327430725,2,3441.1,10370.31640625,56442.69140625
704.6108779907227,2,4408.8,11943.4140625,56442.69140625
705.6368765830994,2,4347.0,12794.6484375,56442.69140625
706.6629166603088,2,3872.0,13754.0625,56442.69140625
707.7128694057465,2,3476.1,13440.5625,56442.69140625
708.7320358753204,2,2103.3,13593.890625,56442.69140625
709.7418656349182,2,3163.5,13498.859375,56442.69140625
710.7542066574097,2,988.6,8171.6875,56442.69140625
711.7636337280273,2,1602.4,8299.85546875,56442.69140625
712.7714877128601,2,867.7,8116.9375,56442.69140625
713.7788140773773,2,1557.2,7878.046875,56442.69140625
714.8165946006775,2,3153.7,10577.59765625,56442.69140625
715.8275833129883,2,4112.5,11291.796875,56442.69140625
716.8358743190765,2,4589.8,14202.37109375,56442.69140625
717.8628680706024,2,4147.0,14630.6796875,56442.69140625
718.887059211731,2,3970.9,14960.6015625,56442.69140625
719.9008748531342,2,3286.2,15090.2890625,56442.69140625
720.9139382839203,2,3317.9,15896.8984375,56442.69140625
721.9221634864807,2,2057.3,16108.1484375,56442.69140625
722.9328656196594,2,2579.4,16194.47265625,56442.69140625
723.944669008255,2,2137.1,16507.9765625,56762.69140625
724.9548678398132,2,937.3,8666.8828125,56762.69140625
725.974264383316,2,1297.5,8291.2890625,57274.72265625
726.9838676452637,2,1172.8,8125.30078125,56762.69140625
728.0098674297333,2,1858.3,7935.265625,56762.69140625
729.0708720684052,2,3323.9,10881.51171875,56762.69140625
730.091813325882,2,4438.5,12158.5390625,56762.69140625
731.1162309646606,2,4230.3,12683.953125,56762.69140625
732.1298673152924,2,4278.2,14508.69921875,56762.69140625
733.1519458293915,2,3279.1,14961.76171875,56762.69140625
734.1786532402039,2,3996.2,15629.609375,56762.69140625
735.1861164569855,2,2093.2,15907.109375,56762.69140625
736.1938700675964,2,2255.6,16035.19921875,56762.69140625
737.2054812908173,2,2679.9,16255.8515625,56762.69140625
738.2132122516632,2,588.3,8602.359375,56762.69140625
739.2247383594513,2,1486.8,8271.46484375,56762.69140625
740.234237909317,2,1006.5,8117.671875,56762.69140625
741.2436184883118,2,1608.1,7917.1953125,56762.69140625
742.2768707275391,2,3408.0,10356.30078125,56762.69140625
743.2988777160645,2,4437.8,12136.140625,56762.69140625
744.3258671760559,2,4397.1,13075.5546875,56762.69140625
745.349907875061,2,3840.2,14082.80859375,56762.69140625
746.3963980674744,2,3348.8,13750.1015625,56762.69140625
747.407194852829,2,2375.8,13911.609375,56762.69140625
748.4198701381683,2,2863.8,13871.140625,56762.69140625
749.4321558475494,2,1331.6,8194.45703125,56762.69140625
750.4412353038788,2,1579.6,8470.5078125,56762.69140625
751.4491415023804,2,983.1,8320.51953125,56762.69140625
752.4588673114777,2,2590.2,8092.7109375,56762.69140625
753.5206959247589,2,3384.8,10727.21484375,56762.69140625
754.5308787822723,2,4430.3,12750.91015625,56762.69140625
755.5578792095184,2,4310.3,13162.59765625,56762.69140625
756.575877904892,2,3969.4,13628.5,56762.69140625
757.5859339237213,2,3133.8,13866.00390625,56762.69140625
758.5966415405273,2,3056.7,14416.828125,56762.69140625
759.6088688373566,2,1578.3,14452.60546875,56762.69140625
760.622225522995,2,3374.1,14533.203125,56762.69140625
761.6308653354645,2,1162.6,9125.359375,56762.69140625
762.650399684906,2,1134.6,8339.859375,56762.69140625
763.6598727703094,2,973.7,8118.93359375,56762.69140625
764.6863377094269,2,689.8,7933.2734375,56762.69140625
765.6948935985565,2,3391.8,9708.3125,56762.69140625
766.7125062942505,2,4443.3,11434.84375,56762.69140625
767.7378795146942,2,4543.6,12197.28515625,56762.69140625
768.7537488937378,2,4177.5,13023.796875,56762.69140625
769.7635371685028,2,2726.5,13220.546875,56762.69140625
770.7758684158325,2,2709.2,13855.0,56762.69140625
771.7841944694519,2,2229.6,13896.9140625,56762.69140625
772.7980360984802,2,2197.1,7536.80859375,57274.69921875
773.8073370456696,2,1510.3,9273.9375,56762.69140625
774.8163478374481,2,873.1,8125.03125,56762.69140625
775.8255543708801,2,773.5,8001.45703125,56762.69140625
776.8338634967804,2,1882.3,7822.12109375,56762.69140625
777.882869720459,2,3614.3,10107.6328125,56762.69140625
778.8918809890747,2,4586.1,12437.703125,56762.69140625
779.9188711643219,2,4388.1,12864.6171875,56762.69140625
780.9383342266083,2,3442.0,13070.70703125,56762.69140625
781.9468674659729,2,3663.0,13641.28515625,56762.69140625
782.9568688869476,2,1684.9,13879.30078125,56762.69140625
783.9658691883087,2,3224.9,13939.75,56762.69140625
784.9779939651489,2,660.6,8244.1640625,56762.69140625
785.9874534606934,2,1752.0,8264.53125,56762.69140625
786.9948835372925,2,734.1,8165.921875,56762.69140625
788.0043432712555,2,865.7,7987.26953125,56762.69140625
789.0336754322052,2,2589.2,8900.68359375,56762.69140625
790.0428726673126,2,4321.3,10553.9453125,56762.69140625
791.0678775310516,2,4474.5,12968.6796875,56762.69140625
792.0768764019012,2,4277.9,13052.15234375,56762.69140625
793.0908749103546,2,3156.7,13339.8046875,56762.69140625
794.1054592132568,2,3617.8,14120.84765625,56762.69140625
795.1125018596649,2,1589.9,14058.75390625,56762.69140625
796.1204237937927,2,3450.0,14162.8046875,56762.69140625
797.1297245025635,2,431.9,8350.828125,56762.69140625
798.1391952037811,2,1652.6,8337.50390625,56762.69140625
799.1485924720764,2,1056.4,8210.1328125,56762.69140625
800.15687084198,2,1986.6,8054.03515625,56762.69140625
801.2268676757812,2,3486.6,10527.97265625,56762.69140625
802.2398755550385,2,4532.8,12540.38671875,56762.69140625
803.265872001648,2,4317.4,13053.0390625,56762.69140625
804.2869112491608,2,3651.6,13990.86328125,56762.69140625
805.3390238285065,2,3396.8,13688.390625,56762.69140625
806.3512547016144,2,2128.1,13819.6953125,56762.69140625
807.3591711521149,2,3304.7,13781.13671875,56762.69140625
808.3703038692474,2,696.4,8645.89453125,56762.69140625
809.3798179626465,2,1657.6,8487.63671875,56762.69140625
810.3883366584778,2,869.2,8306.203125,56762.69140625
811.3984909057617,2,1551.3,8131.75390625,56762.69140625
812.4338686466217,2,3516.2,10713.390625,56762.69140625
813.45587682724,2,4474.9,12159.53515625,56762.69140625
814.48273229599,2,4368.5,13128.29296875,56762.69140625
815.5039098262787,2,3654.1,13441.85546875,56762.69140625
816.5328679084778,2,3467.9,13580.4453125,56762.69140625
817.5446174144745,2,2439.7,13978.94921875,56762.69140625
818.5518729686737,2,2654.9,13953.13671875,56762.69140625
819.5634474754333,2,1735.8,7821.625,56762.69140625
820.5720360279083,2,1560.6,9168.8203125,56762.69140625
821.5805473327637,2,633.4,8444.19921875,56762.69140625
822.5910413265228,2,1280.0,8115.6015625,56762.69140625
823.5996165275574,2,2577.6,9750.2578125,56762.69140625
824.6138708591461,2,4354.7,11076.3984375,56762.69140625
825.6302411556244,2,4457.1,12138.01171875,56762.69140625
826.6448812484741,2,4161.6,13484.55859375,56762.69140625
827.6557369232178,2,3307.1,13642.90625,56762.69140625
828.6668879985809,2,3239.0,14326.6875,56762.69140625
829.6773498058319,2,1999.9,14145.37109375,56762.69140625
830.6864409446716,2,3300.7,14242.6484375,56762.69140625
831.6978693008423,2,1091.7,9060.05078125,56762.69140625
832.720374584198,2,1163.8,8622.296875,57274.72265625
833.7289974689484,2,946.5,8453.51953125,56762.69140625
834.7388689517975,2,1782.4,8176.8203125,56762.69140625
835.8079242706299,2,3172.3,11357.15234375,56762.69140625
836.8198766708374,2,4397.2,12129.171875,56762.69140625
837.8458797931671,2,4585.9,14410.828125,56762.69140625
838.8657360076904,2,4192.5,14792.99609375,56762.69140625
839.8929150104523,2,3744.7,15701.39453125,56762.69140625
840.9298367500305,2,3609.4,15314.36328125,56762.69140625
841.9419095516205,2,2923.9,16319.0078125,56762.69140625
842.9499568939209,2,1889.4,16190.2578125,56762.69140625
843.9588694572449,2,3530.0,16284.9375,56762.69140625
844.970272064209,2,942.2,7587.34375,57274.69921875
845.9788661003113,2,1531.4,8926.05078125,57146.69140625
846.9866454601288,2,761.9,8497.03125,57146.69140625
847.9946763515472,2,977.8,8284.875,57146.69140625
849.0038678646088,2,1945.5,8120.734375,57146.69140625
850.0318765640259,2,3353.0,10684.62890625,57146.69140625
851.0528783798218,2,4482.4,12637.25390625,57146.69140625
852.0831093788147,2,4442.7,13479.28515625,57146.69140625
853.1037976741791,2,3775.3,13828.27734375,57146.69140625
854.1251399517059,2,3528.3,13974.921875,57146.69140625
855.1356363296509,2,2384.2,14316.37109375,57146.69140625
856.1446554660797,2,2881.9,14324.94140625,57146.69140625
857.1572217941284,2,1543.5,8217.90234375,57146.69140625
858.1664731502533,2,1621.5,9269.89453125,57146.69140625
859.1749086380005,2,688.6,8538.75,57146.69140625
860.1848711967468,2,1299.9,8208.3671875,57146.69140625
861.1941401958466,2,2387.5,9792.98828125,57146.69140625
862.2098808288574,2,4300.7,11149.94921875,57146.69140625
863.2319664955139,2,4454.2,12255.76171875,57146.69140625
864.2459077835083,2,4117.6,13518.3125,57146.69140625
865.2590939998627,2,3244.4,13582.75390625,57146.69140625
866.2728862762451,2,3182.9,14139.3046875,57146.69140625
867.2805516719818,2,1868.9,13949.0,57146.69140625
868.2893664836884,2,3319.8,14080.95703125,57146.69140625
869.2988717556,2,1215.2,9363.01171875,57146.69140625
870.3185231685638,2,1041.3,8614.7578125,57146.69140625
871.3298714160919,2,1233.0,8370.1953125,57146.69140625
872.3630504608154,2,2005.8,8237.53125,57146.69140625
873.38986992836,2,3124.9,11387.5,57146.69140625
874.4108009338379,2,4383.5,12474.9140625,57146.69140625
875.4368736743927,2,4157.0,13576.05078125,57146.69140625
876.4528741836548,2,4217.9,15059.19921875,57146.69140625
877.4719350337982,2,3695.5,16017.53125,57146.69140625
878.5230507850647,2,3318.7,15578.5703125,57146.69140625
879.5378746986389,2,2833.5,16449.3359375,57146.69140625
880.5599157810211,2,1679.2,16343.9296875,57146.69140625
881.5723016262054,2,3735.1,16648.59375,57146.69140625
882.5794007778168,2,644.1,7422.62109375,57146.69140625
883.5884835720062,2,1664.8,9410.41796875,57146.69140625
884.5969707965851,2,634.7,8353.84375,57146.69140625
885.6038317680359,2,792.3,8200.45703125,57146.69140625
886.6128795146942,2,2268.4,8149.76953125,57146.69140625
887.6248679161072,2,3512.8,10590.0390625,57146.69140625
888.6458013057709,2,4391.6,12810.71484375,57146.69140625
889.6728761196136,2,4330.5,13288.00390625,57146.69140625
890.6916122436523,2,3275.4,13555.390625,57146.69140625
891.7042055130005,2,3260.5,14133.3984375,57146.69140625
892.7142024040222,2,1795.2,14061.46484375,57146.69140625
893.7238750457764,2,3278.6,14211.98828125,57146.69140625
894.7409510612488,2,1487.4,9377.3203125,57146.69140625
895.750559091568,2,698.8,8859.140625,57146.69140625
896.7566251754761,2,1069.8,8558.71875,57146.69140625
897.7648696899414,2,3077.0,11402.65625,57146.69140625
898.7788789272308,2,4469.1,12508.17578125,57146.69140625
899.8052923679352,2,4348.8,14088.39453125,57146.69140625
900.8158960342407,2,3855.0,15102.0234375,57146.69140625
901.8659036159515,2,4443.3,14327.0234375,57146.69140625
902.8766882419586,2,3112.5,14788.46484375,57146.69140625
903.8892960548401,2,2086.7,14661.46484375,57146.69140625
904.897222995758,2,2935.6,14675.8984375,57146.69140625
905.9058656692505,2,1716.7,9267.15234375,57146.69140625
906.9202332496643,2,991.8,8700.96875,57146.69140625
907.9294543266296,2,1505.1,10252.78125,57146.69140625
908.9378914833069,2,3183.4,13532.94140625,57146.69140625
909.9528770446777,2,4504.0,14226.6640625,57146.69140625
910.9788844585419,2,4520.7,15640.12109375,57146.69140625
911.9951848983765,2,4178.5,14934.4375,57146.69140625
913.0059051513672,2,4039.0,15805.48828125,57146.69140625
914.0528995990753,2,4457.0,15764.96875,57146.69140625
915.1025834083557,2,4002.3,15040.828125,57146.69140625
916.1138927936554,2,2936.2,15472.1796875,57146.69140625
917.1357755661011,2,2883.0,15475.390625,57146.69140625
918.1486678123474,2,998.4,8582.81640625,57146.69140625
919.1581611633301,2,1814.0,9295.55078125,57146.69140625
920.1670365333557,2,1146.1,8486.31640625,57146.69140625
921.1749024391174,2,2724.8,11459.078125,57146.69140625
922.209867477417,2,4476.4,12383.68359375,57146.69140625
923.2216181755066,2,4471.3,13612.87890625,57146.69140625
924.2350285053253,2,3947.9,14728.1015625,57146.69140625
925.2458987236023,2,4180.9,15438.43359375,57146.69140625
926.2955243587494,2,3735.6,14847.4609375,57146.69140625
927.3076632022858,2,2584.2,15128.90234375,57146.69140625
928.3148038387299,2,2701.6,14976.93359375,57146.69140625
929.3284723758698,2,1366.4,8382.08203125,57146.69140625
930.3375399112701,2,1693.7,9327.12890625,57146.69140625
931.346529006958,2,1159.9,8538.0546875,57146.69140625
932.3554122447968,2,3109.9,11605.640625,57146.69140625
933.3738746643066,2,4402.8,12382.3125,57146.69140625
934.4008693695068,2,4406.8,13917.96875,57146.69140625
935.4139082431793,2,4028.7,14726.2734375,57146.69140625
936.4580101966858,2,3753.1,13948.53125,57146.69140625
937.4657888412476,2,2908.3,14328.984375,57146.69140625
938.4936258792877,2,2607.0,14300.25,57146.69140625
939.5055510997772,2,2081.4,7703.26953125,57146.69140625
940.5148074626923,2,1721.2,9816.68359375,57146.69140625
941.5240440368652,2,944.8,8654.5859375,57146.69140625
942.5338952541351,2,2152.7,10708.1875,57146.69140625
943.561870098114,2,4415.0,12352.67578125,57146.69140625
944.5821995735168,2,4403.5,13413.140625,57146.69140625
945.5953547954559,2,4042.9,14611.53515625,57146.69140625
946.607905626297,2,4302.6,15311.0859375,57146.69140625
947.6578705310822,2,3792.0,14644.7109375,57146.69140625
948.66961145401,2,2630.7,14963.11328125,57146.69140625
949.6778666973114,2,2801.7,14852.73046875,57146.69140625
950.6896715164185,2,1229.0,9177.0,57146.69140625
951.7000081539154,2,1834.0,9114.46875,57146.69140625
952.7073936462402,2,1139.5,8845.546875,57146.69140625
953.7179172039032,2,2197.3,12067.0546875,57146.69140625
954.7458667755127,2,4466.1,14415.1015625,57146.69140625
955.7678921222687,2,4551.9,15020.765625,57146.69140625
956.793637752533,2,4146.4,15075.08984375,57146.69140625
957.8193242549896,2,3990.0,15976.6484375,57146.69140625
958.865930557251,2,4240.6,15953.0390625,57146.69140625
959.9175133705139,2,4718.7,15883.58984375,57146.69140625
960.9684629440308,2,3063.1,15696.91015625,57146.69140625
961.976568698883,2,2428.0,15599.6484375,57146.69140625
962.9871797561646,2,2776.7,15852.671875,57146.69140625
963.99986743927,2,1636.9,9302.140625,57146.69140625
965.0212531089783,2,883.8,8726.921875,57146.69140625
966.0293056964874,2,1556.4,10609.609375,57146.69140625
967.0389170646667,2,3576.0,13605.64453125,57146.69140625
968.0638766288757,2,4536.0,14341.44921875,57146.69140625
969.0848734378815,2,4455.6,13908.77734375,57146.69140625
970.0987801551819,2,4225.5,15269.90625,57146.69140625
971.1099247932434,2,4257.6,16035.265625,57146.69140625
972.1609063148499,2,4548.6,16020.78125,57146.69140625
973.2066450119019,2,3742.8,15295.16796875,57146.69140625
974.2188732624054,2,2924.3,15708.72265625,57146.69140625
975.2424461841583,2,2829.8,15734.66796875,57146.69140625
976.2546052932739,2,1860.9,8063.20703125,57146.69140625
977.2673251628876,2,1984.9,7895.97265625,57146.69140625
978.2794694900513,2,2369.2,8717.25,57146.69140625
979.289300441742,2,1724.8,7675.32421875,59001.859375
980.2986147403717,2,916.1,8482.76953125,56953.84375
981.307867527008,2,2579.0,9911.02734375,56953.84375
982.3198711872101,2,4192.8,11463.7421875,56953.84375
983.3406784534454,2,4554.4,17090.73046875,64161.84375
984.4261922836304,2,4181.3,15314.515625,64161.84375
985.4467747211456,2,3937.2,15600.3671875,64161.84375
986.4562621116638,2,2928.0,15919.4609375,64161.84375
987.4658703804016,2,3488.1,16642.8046875,64161.84375
988.4908199310303,2,1516.4,17014.6796875,64161.84375
989.5008678436279,2,1669.2,17055.33984375,64161.84375
990.5110721588135,2,3430.6,17356.03515625,64161.84375
991.5193016529083,2,580.0,9374.1015625,66209.859375
992.5278706550598,2,1038.8,8985.5546875,64161.84375
993.535888671875,2,2922.1,10146.37890625,64161.84375
994.5448682308197,2,3775.3,12967.36328125,64161.84375
995.5968751907349,2,4473.6,14918.37890625,64161.84375
996.6358759403229,2,4471.8,19272.4765625,72401.84375
997.660872220993,2,4252.4,20813.203125,72401.84375
998.6858885288239,2,4186.0,17729.60546875,72401.84375
999.7088725566864,2,4448.3,18827.81640625,72401.84375
1000.7340934276581,2,3380.0,19222.33984375,72401.84375
1001.74316239357,2,3211.4,19450.19921875,72401.84375
1002.7523064613342,2,2851.8,19714.4296875,72401.84375
1003.7641279697418,2,3480.0,20718.98046875,72401.84375
1004.7772986888885,2,965.2,20925.0078125,72401.84375
1005.7863073348999,2,989.1,20851.41796875,72401.84375
1006.795262336731,2,961.5,20831.8515625,72401.84375
1007.804874420166,2,2906.9,21125.98046875,72401.84375
1008.8179798126221,2,2904.3,21292.37890625,72401.84375
1009.8273968696594,2,602.9,7912.703125,74449.859375
1010.8374519348145,2,925.6,8688.05859375,72401.84375
1011.8466305732727,2,2500.8,10294.07421875,72401.84375
1012.8558692932129,2,4108.2,12517.7421875,72401.84375
1013.8768792152405,2,4380.6,14911.9453125,72401.84375
1014.9038732051849,2,4610.9,20091.4609375,72401.84375
1015.9308676719666,2,4199.9,15383.6328125,72401.84375
1016.9458682537079,2,4105.2,18439.4296875,72401.84375
1017.9688687324524,2,4457.7,18681.4296875,72401.84375
1018.9898815155029,2,2880.7,18993.60546875,72401.84375
1020.0203087329865,2,3143.1,19120.50390625,72401.84375
1021.0318696498871,2,3962.0,20089.6640625,72401.84375
1022.0405569076538,2,1000.5,20402.171875,72401.84375
1023.0490124225616,2,1212.4,20271.4375,72401.84375
1024.0569531917572,2,1381.2,20373.1171875,72401.84375
1025.065490245819,2,4198.2,20476.69921875,72401.84375
1026.072336435318,2,869.7,20734.89453125,72401.84375
1027.0795211791992,2,728.8,8406.8984375,72401.84375
1028.088868379593,2,2650.7,8790.32421875,72401.84375
1029.1440000534058,2,2968.9,12374.63671875,72401.84375
1030.1528689861298,2,4349.3,13594.59765625,72401.84375
1031.18004322052,2,4617.1,18351.2421875,72401.84375
1032.2059440612793,2,4167.2,18736.12890625,72401.84375
1033.2278757095337,2,4262.2,18157.67578125,72401.84375
1034.241871356964,2,4267.1,18573.08984375,72401.84375
1035.2654299736023,2,3412.0,18824.09375,72401.84375
1036.2740967273712,2,3201.0,19100.19140625,72401.84375
1037.283189535141,2,3559.4,19864.72265625,72401.84375
1038.291745185852,2,1631.7,20276.47265625,72401.84375
1039.3024067878723,2,1019.8,20253.703125,72401.84375
1040.312382698059,2,1136.5,20081.88671875,72401.84375
1041.3207869529724,2,3821.9,20276.83203125,72401.84375
1042.3323521614075,2,1688.2,20637.95703125,72401.84375
1043.3416414260864,2,544.7,7923.015625,72401.84375
1044.3528654575348,2,1923.1,8783.62890625,72401.84375
1045.3912982940674,2,3101.7,11628.5390625,72401.84375
1046.4068684577942,2,4282.0,12741.5625,72401.84375
1047.4278874397278,2,4581.9,17207.84765625,72401.84375
1048.45587515831,2,4354.4,21378.78515625,72401.84375
1049.4791412353516,2,4021.2,17214.4453125,72401.84375
1050.5018877983093,2,4369.2,18364.7734375,72401.84375
1051.527459859848,2,3482.4,18824.1171875,72401.84375
1052.5412092208862,2,3302.2,18914.75390625,72401.84375
1053.5485730171204,2,3394.3,19489.43359375,72401.84375
1054.560863018036,2,2751.4,20431.53515625,72401.84375
1055.568650484085,2,1223.5,20362.11328125,72401.84375
1056.5771152973175,2,1274.6,20515.83203125,72401.84375
1057.5884788036346,2,4440.1,20435.68359375,72401.84375
1058.6010761260986,2,1016.9,20209.6640625,72401.84375
1059.6098625659943,2,587.2,8856.0625,72401.84375
1060.6188704967499,2,1835.3,9600.8828125,72401.84375
1061.677869796753,2,2723.4,12039.234375,72401.84375
1062.6918680667877,2,4363.7,14436.95703125,72401.84375
1063.7128810882568,2,4442.2,16056.55078125,72401.84375
1064.744080066681,2,4558.6,19977.15234375,72401.84375
1065.7658784389496,2,4425.9,24379.28125,72401.84375
1066.7928788661957,2,4158.5,18983.26171875,72401.84375
1067.817878961563,2,4394.9,20360.0703125,72401.84375
1068.8438746929169,2,4387.9,20495.7734375,72401.84375
1069.8558824062347,2,2917.5,20721.90625,72401.84375
1070.8738763332367,2,2889.3,21055.796875,72401.84375
1071.9003374576569,2,3835.5,21646.80859375,72401.84375
1072.9077849388123,2,2363.5,22505.5703125,72401.84375
1073.9173483848572,2,1077.6,22432.1640625,72401.84375
1074.9260478019714,2,1225.2,22419.9375,72401.84375
1075.9348721504211,2,2866.0,22669.109375,72401.84375
1076.9476132392883,2,3147.5,22902.8828125,72401.84375
1077.9558849334717,2,564.4,7892.93359375,74449.859375
1078.9639685153961,2,720.6,8985.7890625,72401.84375
1079.9718692302704,2,2297.0,9522.28125,72401.84375
1081.0168058872223,2,2745.5,12835.48046875,72401.84375
1082.0468668937683,2,4299.6,14368.6328125,72401.84375
1083.0678782463074,2,4381.0,16689.4921875,72401.84375
1084.0948739051819,2,4608.3,20969.4765625,72401.84375
1085.1218786239624,2,4370.7,24368.46484375,72401.84375
1086.145706653595,2,4192.3,19137.96484375,72401.84375
1087.1638760566711,2,4369.6,20495.6328125,72401.84375
1088.1890902519226,2,3956.9,20790.9453125,72401.84375
1089.1988763809204,2,2911.6,21126.69921875,72401.84375
1090.2244017124176,2,2987.5,21170.796875,72401.84375
1091.233870267868,2,3812.1,22014.09375,72401.84375
1092.2566390037537,2,2078.7,22639.125,72401.84375
1093.2653179168701,2,1176.3,22634.78515625,72401.84375
1094.274403810501,2,1166.3,22547.33203125,72401.84375
1095.2828648090363,2,3093.3,22767.87890625,72401.84375
1096.3023974895477,2,2801.4,22946.62890625,72401.84375
1097.3107352256775,2,597.2,8868.43359375,74449.859375
1098.3188951015472,2,896.6,9230.00390625,72401.84375
1099.3278696537018,2,2736.1,9525.42578125,72401.84375
1100.3823490142822,2,2739.3,12999.921875,72401.84375
1101.396868944168,2,4371.5,14517.53125,72401.84375
1102.4172933101654,2,4410.5,17154.99609375,72401.84375
1103.443788766861,2,4568.0,21801.69921875,72401.84375
1104.4868700504303,2,4344.8,21589.47265625,72401.84375
1105.5098757743835,2,4371.2,19900.87109375,72401.84375
1106.5248725414276,2,4261.5,20605.27734375,72401.84375
1107.551191329956,2,3524.6,20822.23828125,72401.84375
1108.5579931735992,2,3298.1,21051.1875,72401.84375
1109.5688772201538,2,2972.3,21298.55859375,72401.84375
1110.5998675823212,2,4168.2,22217.15234375,72401.84375
1111.611953496933,2,1295.9,22661.40234375,72401.84375
1112.6204092502594,2,1240.7,22590.45703125,72401.84375
1113.6287095546722,2,1194.2,22695.1640625,72401.84375
1114.6398680210114,2,4063.6,22774.6796875,72401.84375
1115.654230594635,2,1654.2,23001.0,72401.84375
1116.662369966507,2,514.7,7996.6875,72401.84375
1117.6707417964935,2,1021.7,9214.5859375,72401.84375
1118.6788976192474,2,3525.0,9927.26171875,72401.84375
1119.6888797283173,2,3011.6,13783.0859375,72401.84375
1120.702870607376,2,4288.5,14575.36328125,72401.84375
1121.7238903045654,2,4554.2,18044.3359375,72401.84375
1122.7508795261383,2,4453.7,21976.4609375,72401.84375
1123.7778658866882,2,4277.8,16900.69140625,72401.84375
1124.795871257782,2,4306.4,20555.72265625,72401.84375
1125.8187708854675,2,4478.3,20721.75,72401.84375
1126.8398776054382,2,3236.5,20996.640625,72401.84375
1127.8710124492645,2,3276.6,21116.17578125,72401.84375
1128.8805878162384,2,2931.2,21556.98046875,72401.84375
1129.891222000122,2,3869.4,22638.92578125,72401.84375
1130.9021320343018,2,908.8,22797.5625,72401.84375
1131.9111354351044,2,1363.0,22648.30078125,72401.84375
1132.9188694953918,2,1837.5,22922.03515625,72401.84375
1133.9302966594696,2,4270.5,22910.2265625,72401.84375
1134.9416234493256,2,707.9,23150.60546875,72401.84375
1135.9501719474792,2,560.3,8555.29296875,72401.84375
1136.958599805832,2,1346.2,9556.25,72401.84375
1137.9899456501007,2,2892.9,11630.81640625,72401.84375
1138.9978682994843,2,4104.4,14378.44140625,72401.84375
1140.0188789367676,2,4355.1,14931.2734375,72401.84375
1141.0478763580322,2,4634.0,19850.7109375,72401.84375
1142.0868773460388,2,4556.4,24479.65625,72401.84375
1143.110878944397,2,4073.8,18374.6875,72401.84375
1144.127873659134,2,4369.9,20465.2890625,72401.84375
1145.1528799533844,2,4415.0,20674.61328125,72401.84375
1146.1788837909698,2,3087.6,20871.66796875,72401.84375
1147.1923592090607,2,2653.4,21194.35546875,72401.84375
1148.203587770462,2,3574.5,21636.05078125,72401.84375
1149.216642856598,2,2820.1,22654.81640625,72401.84375
1150.2253241539001,2,1013.2,22605.8359375,72401.84375
1151.2349109649658,2,1296.3,22486.33984375,72401.84375
1152.2438695430756,2,2593.2,22691.5,72401.84375
1153.2552318572998,2,3406.0,22909.31640625,72401.84375
1154.2647318840027,2,638.6,7891.65625,74449.859375
1155.2796785831451,2,701.7,8970.09765625,72401.84375
1156.2884685993195,2,1969.4,9551.75,72401.84375
1157.307869195938,2,2448.8,12349.4765625,72401.84375
1158.3208792209625,2,3927.4,14869.24609375,72401.84375
1159.3368680477142,2,3996.5,15992.73828125,72401.84375
1160.357877254486,2,4453.4,18768.859375,72401.84375
1161.384872674942,2,4535.8,22972.11328125,82641.84375
1162.4128770828247,2,4489.2,28472.19921875,82697.84375
1163.43887591362,2,3989.0,27470.89453125,82697.84375
1164.4638879299164,2,4201.8,23147.5546875,82697.84375
1165.5028727054596,2,4205.5,24784.7578125,82697.84375
1166.5248682498932,2,4399.5,24991.25390625,82697.84375
1167.5442430973053,2,4225.6,25243.2890625,82697.84375
1168.5559067726135,2,2926.3,25479.8203125,82697.84375
1169.564879655838,2,3984.5,25881.97265625,82697.84375
1170.5876150131226,2,2848.8,25988.875,82697.84375
1171.5988748073578,2,3565.7,27318.2109375,82697.84375
1172.619913816452,2,2381.6,28373.21875,82697.84375
1173.6287786960602,2,689.5,28447.18359375,82697.84375
1174.6381845474243,2,975.1,28361.37890625,82697.84375
1175.6468694210052,2,1204.0,28255.265625,82697.84375
1176.656865119934,2,803.3,28518.26171875,82697.84375
1177.6762866973877,2,3827.6,28794.015625,82697.84375
1178.6891224384308,2,2950.2,29315.234375,82697.84375
1179.6990792751312,2,511.2,29586.37109375,82697.84375
1180.7064399719238,2,677.6,7824.1171875,84745.859375
1181.714401960373,2,974.4,8549.28515625,82697.84375
1182.7232568264008,2,2998.9,10640.6640625,82697.84375
1183.7378766536713,2,4254.8,12741.046875,82697.84375
1184.7638759613037,2,4617.8,14414.2109375,82697.84375
1185.7878787517548,2,4105.5,15174.66796875,82697.84375
1186.8086166381836,2,3319.7,15451.7890625,82697.84375
1187.8168678283691,2,3056.4,15727.20703125,82697.84375
1188.8287997245789,2,2994.0,16854.81640625,82697.84375
1189.837329864502,2,1321.6,16733.69921875,82697.84375
1190.8459062576294,2,3518.6,16885.921875,82697.84375
1191.8586468696594,2,999.8,17304.48046875,82697.84375
1192.8667600154877,2,932.5,8720.04296875,82697.84375
1193.8768920898438,2,2875.8,10697.71484375,82697.84375
1194.8918716907501,2,4209.0,12458.98828125,82697.84375
1195.9188859462738,2,4490.3,16456.4453125,82697.84375
1196.9327776432037,2,4211.8,15240.53515625,82697.84375
1197.9538795948029,2,3498.4,15435.35546875,82697.84375
1198.9803657531738,2,2847.9,15697.39453125,82697.84375
1199.992282629013,2,3198.4,16807.34765625,82697.84375
1201.0007348060608,2,1299.3,16640.5078125,82697.84375
1202.0098674297333,2,3406.3,16844.8671875,82697.84375
1203.01992893219,2,1147.2,17201.10546875,82697.84375
1204.0274498462677,2,667.5,8957.640625,82697.84375
1205.0356957912445,2,1858.4,9717.8671875,82697.84375
1206.0938720703125,2,2319.9,12461.6484375,82697.84375
1207.1065669059753,2,4232.2,15608.19140625,82697.84375
1208.115871667862,2,4313.6,16028.6640625,82697.84375
1209.1328790187836,2,4540.2,19326.4453125,82697.84375
1210.1604177951813,2,4556.0,24101.8125,82697.84375
1211.1858744621277,2,4510.2,29969.0546875,82697.84375
1212.212506055832,2,4406.9,19471.4140625,82697.84375
1213.221871137619,2,4291.2,23155.5625,82697.84375
1214.2538781166077,2,4242.9,24745.73046875,82697.84375
1215.2758729457855,2,4232.3,25108.921875,82697.84375
1216.3140933513641,2,3395.1,25430.15234375,82697.84375
1217.3218758106232,2,3533.3,25807.27734375,82697.84375
1218.3520984649658,2,3503.2,25794.93359375,82697.84375
1219.3608677387238,2,3698.8,26343.203125,82697.84375
1220.374211549759,2,3356.0,27569.6328125,82697.84375
1221.3835589885712,2,1222.6,28253.75390625,82697.84375
1222.3904502391815,2,887.5,28244.87109375,82697.84375
1223.3989779949188,2,1172.0,28140.9140625,82697.84375
1224.407469034195,2,771.1,28359.59765625,82697.84375
1225.4168665409088,2,2513.7,28616.875,82697.84375
1226.4261462688446,2,4123.0,28627.3359375,82697.84375
1227.4340691566467,2,806.0,29235.80078125,82697.84375
1228.4427254199982,2,797.7,29568.12890625,82697.84375
1229.4506120681763,2,493.5,8215.0234375,82697.84375
1230.4598717689514,2,1528.8,9467.6875,82697.84375
1231.5228910446167,2,2822.6,11862.5703125,82697.84375
1232.5488681793213,2,4394.7,14131.8828125,82697.84375
1233.5587952136993,2,4350.7,16497.08203125,82697.84375
1234.5838577747345,2,4546.6,21291.15234375,82697.84375
1235.6148209571838,2,4410.2,16602.875,82697.84375
1236.6258718967438,2,4317.6,20185.63671875,82697.84375
1237.6488745212555,2,4409.0,20361.31640625,82697.84375
1238.6688838005066,2,3169.6,20625.50390625,82697.84375
1239.700438261032,2,3349.7,20741.33203125,82697.84375
1240.712866783142,2,3603.2,21279.8515625,82697.84375
1241.7245733737946,2,2935.5,22304.58984375,82697.84375
1242.7338681221008,2,1314.9,22321.109375,82697.84375
1243.758864402771,2,1322.4,22357.69140625,82697.84375
1244.7698318958282,2,4520.0,22322.859375,82697.84375
1245.7855927944183,2,1055.4,22686.546875,82697.84375
1246.7945430278778,2,554.4,8945.33203125,82697.84375
1247.8028728961945,2,920.0,9898.43359375,82697.84375
1248.812865972519,2,4003.3,10230.78515625,82697.84375
1249.83389878273,2,2338.5,13957.35546875,82697.84375
1250.8478608131409,2,4225.5,16162.10546875,82697.84375
1251.8715858459473,2,4305.7,16632.46875,82697.84375
1252.8976776599884,2,4547.5,21295.9921875,82697.84375
1253.9258811473846,2,4494.7,25824.81640625,82697.84375
1254.9728784561157,2,4511.5,30918.55078125,82697.84375
1255.9938032627106,2,3975.6,20160.3125,82697.84375
1257.006873846054,2,4543.0,23912.54296875,82697.84375
1258.0248789787292,2,4220.7,25494.29296875,82697.84375
1259.0477101802826,2,4230.0,25804.2734375,82697.84375
1260.0771548748016,2,3344.6,26129.234375,82697.84375
1261.0998723506927,2,2844.0,26476.0234375,82697.84375
1262.129379749298,2,3796.1,26406.2421875,82697.84375
1263.137329339981,2,3376.6,26824.9296875,82697.84375
1264.1558685302734,2,4033.7,28072.87109375,82697.84375
1265.1765351295471,2,1691.2,28933.8359375,82697.84375
1266.1851222515106,2,629.8,29118.15234375,82697.84375
1267.1934428215027,2,1000.6,28937.6171875,82697.84375
1268.2017705440521,2,1204.5,28814.44921875,82697.84375
1269.2096889019012,2,611.7,28813.7734375,82697.84375
1270.216881275177,2,3459.1,29504.80859375,82697.84375
1271.242832660675,2,3716.6,29662.203125,82697.84375
1272.2560338974,2,764.2,30041.56640625,82697.84375
1273.2635781764984,2,656.3,28989.25390625,82697.84375
1274.2722842693329,2,472.0,8718.6015625,82697.84375
1275.2807552814484,2,960.9,9527.45703125,82697.84375
1276.2902467250824,2,3589.9,10981.61328125,82697.84375
1277.2994151115417,2,3281.0,14448.078125,82697.84375
1278.3108694553375,2,4060.4,15996.05078125,82697.84375
1279.330724477768,2,4369.5,17921.0234375,82697.84375
1280.3659553527832,2,4641.8,22674.44921875,82697.84375
1281.3948767185211,2,4582.4,27906.140625,82697.84375
1282.4194707870483,2,4271.3,29347.52734375,82697.84375
1283.450902223587,2,4201.9,22169.4453125,82697.84375
1284.4898669719696,2,4230.8,24937.83984375,82697.84375
1285.5108716487885,2,4432.8,25168.81640625,82697.84375
1286.5316185951233,2,4358.7,25373.53125,82697.84375
1287.5427196025848,2,2959.8,25627.47265625,82697.84375
1288.5508818626404,2,3239.6,26074.7421875,82697.84375
1289.5818688869476,2,3054.8,26102.90234375,82697.84375
1290.5938704013824,2,4186.2,27424.796875,82697.84375
1291.61345744133,2,2321.6,28417.421875,82697.84375
1292.6212465763092,2,902.2,28353.55078125,82697.84375
1293.6288828849792,2,1025.0,28505.93359375,82697.84375
1294.6398787498474,2,1175.4,28501.9921875,82697.84375
1295.658874988556,2,2773.3,28759.8359375,82697.84375
1296.6704449653625,2,3873.3,28983.8359375,82697.84375
1297.6843075752258,2,735.8,29342.79296875,82697.84375
1298.6925616264343,2,799.3,29677.65234375,82697.84375
1299.7034726142883,2,488.8,8444.828125,82697.84375
1300.712004184723,2,988.7,9514.6015625,82697.84375
1301.722396850586,2,3635.0,10139.2109375,82697.84375
1302.731873512268,2,2657.5,14374.21484375,82697.84375
1303.7468678951263,2,4166.2,15991.1875,82697.84375
1304.7688915729523,2,4375.4,17123.10546875,82697.84375
1305.7998819351196,2,4493.7,22446.5625,82697.84375
1306.8813469409943,2,4576.7,28000.80859375,82697.84375
1307.9101419448853,2,4426.6,30398.53515625,82697.84375
1308.9257907867432,2,4280.1,20530.43359375,82697.84375
1309.9594807624817,2,4105.6,24870.734375,82697.84375
1310.977994441986,2,4413.4,25022.59375,82697.84375
1311.9888730049133,2,4352.2,25279.55859375,82697.84375
1313.0148918628693,2,3508.3,25522.98828125,82697.84375
1314.0278763771057,2,3273.1,25966.48828125,82697.84375
1315.0538754463196,2,2522.4,25986.16015625,82697.84375
1316.0748710632324,2,4141.3,27355.29296875,82697.84375
1317.0958647727966,2,2732.3,28646.51953125,82697.84375
1318.1207075119019,2,703.0,28514.9765625,82697.84375
1319.130600452423,2,1293.1,28260.59765625,82697.84375
1320.138235092163,2,1102.5,28230.91015625,82697.84375
1321.1478712558746,2,1925.8,28855.921875,82697.84375
1322.1618721485138,2,4014.8,28838.484375,82697.84375
1323.173580646515,2,1551.5,29325.59765625,82697.84375
1324.1828956604004,2,661.8,29613.7578125,82697.84375
1325.1922690868378,2,412.5,7956.62109375,82697.84375
1326.2008292675018,2,1051.1,9341.02734375,82697.84375
1327.2102551460266,2,3483.5,9677.52734375,82697.84375
1328.2179055213928,2,2470.3,14135.2265625,82697.84375
1329.2568683624268,2,4177.7,15874.83984375,82697.84375
1330.276876449585,2,4348.1,16540.76171875,82697.84375
1331.3028740882874,2,4568.2,21718.546875,82697.84375
1332.3298695087433,2,4578.1,26595.05859375,82697.84375
1333.3568704128265,2,4511.4,30883.109375,82697.84375
1334.3828856945038,2,4026.4,20623.7578125,82697.84375
1335.4075574874878,2,4305.7,24678.5,82697.84375
1336.4178760051727,2,4400.5,24953.2265625,82697.84375
1337.4438741207123,2,4297.8,25354.7890625,82697.84375
1338.4682083129883,2,3155.0,25615.125,82697.84375
1339.49449300766,2,2903.9,25963.53515625,82697.84375
1340.5038151741028,2,3275.6,25947.10546875,82697.84375
1341.5191342830658,2,4095.3,26896.19140625,82697.84375
1342.5308647155762,2,3089.5,28177.75,82697.84375
1343.5381100177765,2,984.3,28447.42578125,82697.84375
1344.5468940734863,2,973.0,28492.859375,82697.84375
1345.5561814308167,2,1331.8,28372.3125,82697.84375
1346.565311908722,2,1441.4,28672.44140625,82697.84375
1347.574867963791,2,4230.9,28928.08984375,82697.84375
1348.5918295383453,2,1886.9,29337.6640625,82697.84375
1349.6008169651031,2,633.6,29606.8515625,82697.84375
1350.6094646453857,2,412.1,9604.1953125,84745.859375
1351.6188111305237,2,768.1,9716.796875,82697.84375
1352.6278667449951,2,1670.8,10140.32421875,82697.84375
1353.6840035915375,2,3361.0,11610.92578125,82697.84375
1354.6978821754456,2,3274.4,15106.87890625,82697.84375
1355.7158689498901,2,4101.0,16806.14453125,82697.84375
1356.7378776073456,2,4386.9,17042.80078125,82697.84375
1357.7508742809296,2,4591.0,21608.28125,82697.84375
1358.7768921852112,2,4534.0,25939.92578125,82697.84375
1359.7998390197754,2,4415.2,31217.79296875,82697.84375
1360.826737165451,2,3990.8,20566.26953125,82697.84375
1361.84388589859,2,4530.4,24315.66796875,82697.84375
1362.8608944416046,2,4209.7,25992.453125,82697.84375
1363.8818776607513,2,4345.0,26191.66796875,82697.84375
1364.9102354049683,2,3658.8,26544.25390625,82697.84375
1365.9191265106201,2,2943.8,26817.3125,82697.84375
1366.928874015808,2,3669.1,27123.80859375,82697.84375
1367.9548766613007,2,2445.7,27126.2421875,82697.84375
1368.973869085312,2,3955.8,28331.88671875,82697.84375
1369.994867324829,2,2907.5,29311.67578125,82697.84375
1371.015320777893,2,889.2,29529.6328125,82697.84375
1372.022850036621,2,976.4,29496.5234375,82697.84375
1373.0306253433228,2,860.2,29650.03125,82697.84375
1374.0410070419312,2,1088.5,29638.06640625,82697.84375
1375.048776626587,2,1685.5,29947.8203125,82697.84375
1376.0618658065796,2,4236.3,29902.109375,82697.84375
1377.0751550197601,2,2297.4,30512.96875,82697.84375
1378.084107875824,2,586.0,30713.28515625,82697.84375
1379.0943953990936,2,600.7,8422.78125,84745.859375
1380.1038656234741,2,1230.7,8624.50390625,82697.84375
1381.1648705005646,2,3529.5,11176.359375,82697.84375
1382.1858739852905,2,4401.3,13517.1484375,82697.84375
1383.2102768421173,2,4356.4,13089.0859375,82697.84375
1384.2258822917938,2,4234.0,15144.03125,82697.84375
1385.251195192337,2,3274.2,15458.171875,82697.84375
1386.2608680725098,2,3479.8,16219.63671875,82697.84375
1387.280134677887,2,1876.3,16672.1015625,82697.84375
1388.2888686656952,2,1658.6,16786.41015625,82697.84375
1389.2990226745605,2,3018.9,17120.13671875,82697.84375
1390.3071575164795,2,604.2,8113.6640625,82697.84375
1391.316871881485,2,2316.9,8896.37109375,82697.84375
1392.341866493225,2,3409.7,11524.0078125,82697.84375
1393.362877368927,2,4545.8,14827.20703125,82697.84375
1394.3945848941803,2,4344.3,14022.203125,82697.84375
1395.4068791866302,2,4180.7,15025.046875,82697.84375
1396.4323518276215,2,2746.3,15309.83203125,82697.84375
1397.4475622177124,2,3635.0,16257.5,82697.84375
1398.4564278125763,2,1335.6,16419.62890625,82697.84375
1399.4648683071136,2,2436.8,16568.109375,82697.84375
1400.4775841236115,2,2181.3,16883.39453125,82697.84375
1401.4878265857697,2,510.7,8423.53515625,82697.84375
1402.4962072372437,2,904.8,10060.046875,82697.84375
1403.5058686733246,2,2821.1,10152.23828125,82697.84375
1404.5508687496185,2,2215.6,13167.66015625,82697.84375
1405.5719237327576,2,4530.2,16003.890625,82697.84375
1406.6098749637604,2,4004.7,16890.13671875,82697.84375
1407.6327857971191,2,4419.1,19454.609375,82697.84375
1408.6548788547516,2,4524.6,23828.25390625,82697.84375
1409.681885957718,2,4526.2,28781.51953125,82697.84375
1410.7099177837372,2,4359.7,31863.9453125,82697.84375
1411.7328898906708,2,4073.2,21648.23828125,82697.84375
1412.7646570205688,2,4392.3,25621.1484375,82697.84375
1413.776878118515,2,4313.4,25954.46875,82697.84375
1414.804866552353,2,4222.4,26299.54296875,82697.84375
1415.8344779014587,2,2790.0,26553.515625,82697.84375
1416.8428919315338,2,3476.5,26917.2890625,82697.84375
1417.8738930225372,2,3559.1,26942.37890625,82697.84375
1418.8868656158447,2,3671.6,27476.1796875,82697.84375
1419.9028675556183,2,3613.9,28630.77734375,82697.84375
1420.9129476547241,2,1610.4,29498.234375,82697.84375
1421.9213070869446,2,841.3,29404.66796875,82697.84375
1422.9308693408966,2,1029.3,29616.10546875,82697.84375
1423.9513397216797,2,1220.2,29414.828125,82697.84375
1424.9608726501465,2,1526.9,29639.984375,82697.84375
1425.9752931594849,2,3978.2,29888.0,82697.84375
1426.9865729808807,2,2773.5,30420.2734375,82697.84375
1427.9968843460083,2,574.5,30677.69921875,82697.84375
1429.012225151062,2,593.3,7626.31640625,84745.859375
1430.0218410491943,2,598.0,9022.5625,82697.84375
1431.0308768749237,2,1210.8,9792.57421875,82697.84375
1432.0873284339905,2,3350.1,11318.08984375,82697.84375
1433.095656633377,2,3550.2,14482.4609375,82697.84375
1434.1108691692352,2,4137.3,16029.42578125,82697.84375
1435.1328797340393,2,4344.0,18072.48828125,82697.84375
1436.1608769893646,2,4579.6,23065.7265625,82697.84375
1437.1878745555878,2,4612.1,28716.89453125,82697.84375
1438.2138142585754,2,4279.9,27499.94921875,82697.84375
1439.265874862671,2,4188.7,23253.859375,82697.84375
1440.301866531372,2,4178.6,24884.7109375,82697.84375
1441.3238687515259,2,4376.4,25105.5,82697.84375
1442.3444285392761,2,4323.3,25323.859375,82697.84375
1443.3558838367462,2,2832.3,25558.03515625,82697.84375
1444.3778755664825,2,3076.3,25933.99609375,82697.84375
1445.4048924446106,2,2989.9,25956.23828125,82697.84375
1446.4188675880432,2,4107.1,27268.27734375,82697.84375
1447.448482990265,2,2503.7,28379.61328125,82697.84375
1448.4568753242493,2,867.2,28312.35546875,82697.84375
1449.4658823013306,2,1111.9,28387.50390625,82697.84375
1450.474914073944,2,1102.3,28321.078125,82697.84375
1451.4858736991882,2,1981.4,28687.55078125,82697.84375
1452.4978675842285,2,4180.7,28726.36328125,82697.84375
1453.510883808136,2,1325.0,29316.8203125,82697.84375
1454.5198383331299,2,658.1,29598.33984375,82697.84375
1455.5272126197815,2,390.4,8019.765625,82697.84375
1456.536408662796,2,907.8,9963.90625,82697.84375
1457.5458703041077,2,2374.9,10094.24609375,82697.84375
1458.5969760417938,2,2274.1,12885.43359375,82697.84375
1459.6068844795227,2,4367.7,15657.36328125,82697.84375
1460.6248805522919,2,4218.3,16739.3671875,82697.84375
1461.6497280597687,2,4363.4,18644.70703125,82697.84375
1462.6768758296967,2,4503.6,22899.48828125,82697.84375
1463.7039074897766,2,4550.1,27959.1875,82697.84375
1464.7298765182495,2,4352.7,31640.51171875,82697.84375
1465.7558856010437,2,4129.2,21775.37890625,82697.84375
1466.7826697826385,2,4355.4,25883.82421875,82697.84375
1467.7928731441498,2,4357.0,26155.29296875,82697.84375
1468.8178701400757,2,4185.2,26535.15625,82697.84375
1469.838653087616,2,2885.6,26897.0625,82697.84375
1470.853874206543,2,3343.2,27129.60546875,82697.84375
1471.8807373046875,2,3219.4,27113.65234375,82697.84375
1472.9101004600525,2,3690.5,27508.171875,82697.84375
1473.9318177700043,2,3553.4,28675.53125,82697.84375
1474.9432699680328,2,1862.6,29599.8203125,82697.84375
1475.9519040584564,2,703.8,29619.1953125,82697.84375
1476.96213555336,2,1080.6,29435.46484375,82697.84375
1477.9690079689026,2,1264.9,29443.421875,82697.84375
1478.9788672924042,2,1131.2,29631.6953125,82697.84375
1479.9958715438843,2,3796.7,29967.63671875,82697.84375
1481.0109708309174,2,3461.6,30353.390625,82697.84375
1482.0195996761322,2,511.1,30626.03515625,82697.84375
1483.0272300243378,2,648.7,29020.38671875,82697.84375
1484.036868572235,2,454.2,8714.71875,82697.84375
1485.0452551841736,2,909.7,9561.1875,82697.84375
1486.0544123649597,2,3894.1,10151.03125,82697.84375
1487.0638740062714,2,2567.2,14379.8515625,82697.84375
1488.0778679847717,2,4184.7,15999.8046875,82697.84375
1489.0989146232605,2,4415.2,17179.8671875,82697.84375
1490.1302471160889,2,4524.9,21561.5390625,82697.84375
1491.15287733078,2,4576.8,27024.95703125,82697.84375
1492.1798839569092,2,4448.9,29865.78515625,82697.84375
1493.2078802585602,2,4097.3,20490.0078125,82697.84375
1494.2288708686829,2,4131.3,24825.859375,82697.84375
1495.2488799095154,2,4557.1,24753.16015625,82697.84375
1496.2748737335205,2,4192.2,25167.7109375,82697.84375
1497.2998943328857,2,3371.0,25408.71875,82697.84375
1498.3328790664673,2,3053.2,25841.38671875,82697.84375
1499.3723394870758,2,2832.7,25856.41015625,82697.84375
1500.3828690052032,2,4197.0,26983.82421875,82697.84375
1501.4098374843597,2,2913.7,28292.15625,82697.84375
1502.418654680252,2,849.6,28308.55859375,82697.84375
1503.4264209270477,2,1098.8,28371.1875,82697.84375
1504.435563325882,2,1117.7,28404.3671875,82697.84375
1505.4457705020905,2,2762.2,28737.01953125,82697.84375
1506.4655730724335,2,3900.5,28830.734375,82697.84375
1507.4720795154572,2,800.9,29289.80859375,82697.84375
1508.482897758484,2,839.2,29642.89453125,82697.84375
1509.4913847446442,2,475.9,8358.984375,82697.84375
1510.4999361038208,2,1016.1,9453.54296875,82697.84375
1511.5077760219574,2,3674.6,10125.41015625,82697.84375
1512.5199012756348,2,2740.9,14308.46484375,82697.84375
1513.5428681373596,2,4058.6,15925.94921875,82697.84375
1514.5638778209686,2,4389.2,17143.25390625,82697.84375
1515.5918736457825,2,4595.8,22078.37890625,82697.84375
1516.6178712844849,2,4615.1,27415.30859375,82697.84375
1517.6458745002747,2,4326.4,30889.96875,82697.84375
1518.6578755378723,2,4013.9,20416.40234375,82697.84375
1519.684469461441,2,4266.7,24566.40625,82697.84375
1520.6948792934418,2,4454.1,24768.859375,82697.84375
1521.720869064331,2,4201.3,25201.2734375,82697.84375
1522.7408919334412,2,3138.1,25476.3125,82697.84375
1523.7718782424927,2,3149.3,25940.13671875,82697.84375
1524.8229684829712,2,3233.0,25954.01953125,82697.84375
1525.8328680992126,2,4005.6,27115.4765625,82697.84375
1526.8523309230804,2,2834.6,28094.765625,82697.84375
1527.8615927696228,2,851.5,28415.375,82697.84375
1528.8703701496124,2,895.2,28229.171875,82697.84375
1529.877964258194,2,1249.2,28202.35546875,82697.84375
1530.8876667022705,2,769.1,28178.31640625,82697.84375
1531.8947942256927,2,3688.4,28666.921875,82697.84375
1532.9056513309479,2,3326.4,29158.6953125,82697.84375
1533.9135715961456,2,521.0,29417.75390625,82697.84375
1534.9230773448944,2,649.5,17470.921875,82697.84375
1535.9315719604492,2,624.7,8843.50390625,82697.84375
1536.9408688545227,2,1878.2,9554.09375,82697.84375
1537.9818789958954,2,2660.9,12070.77734375,82697.84375
1538.9948680400848,2,4347.7,14412.91796875,82697.84375
1540.015876531601,2,4441.9,16347.92578125,82697.84375
1541.0468740463257,2,4591.2,20595.0625,82697.84375
1542.0734593868256,2,4519.5,22984.98828125,82697.84375
1543.099886894226,2,4331.7,19787.3203125,82697.84375
1544.1138768196106,2,4378.5,20578.546875,82697.84375
1545.1235792636871,2,3511.6,20922.1171875,82697.84375
1546.1308724880219,2,3191.0,21141.453125,82697.84375
1547.1610116958618,2,2826.0,21275.2578125,82697.84375
1548.1718666553497,2,4065.8,22165.125,82697.84375
1549.192403793335,2,1819.3,22739.1953125,82697.84375
1550.2014858722687,2,1331.9,22647.93359375,82697.84375
1551.2098696231842,2,1460.6,22679.6171875,82697.84375
1552.2258672714233,2,4538.3,22764.328125,82697.84375
1553.237758398056,2,1011.7,23198.12109375,82697.84375
1554.2457790374756,2,577.3,8723.33203125,82697.84375
1555.2539238929749,2,938.4,9583.703125,82697.84375
1556.2642934322357,2,3859.8,10318.4453125,82697.84375
1557.2738740444183,2,2694.0,14392.1640625,82697.84375
1558.2998716831207,2,4116.3,15999.64453125,82697.84375
1559.3208770751953,2,4386.0,17360.9921875,82697.84375
1560.3478698730469,2,4629.0,22026.83203125,82697.84375
1561.3748762607574,2,4507.6,26922.46484375,82697.84375
1562.399382352829,2,4369.8,30733.5703125,82697.84375
1563.4268748760223,2,4032.3,20407.71875,82697.84375
1564.4518685340881,2,4204.6,24753.2578125,82697.84375
1565.4728767871857,2,4584.0,24739.56640625,82697.84375
1566.4938735961914,2,4161.1,25190.43359375,82697.84375
1567.5198838710785,2,3292.6,25424.31640625,82697.84375
1568.5518753528595,2,3539.8,25831.11328125,82697.84375
1569.5788717269897,2,2894.9,25882.16796875,82697.84375
1570.604868888855,2,4044.2,27254.5390625,82697.84375
1571.6254937648773,2,2742.1,28235.41015625,82697.84375
1572.6385464668274,2,1039.3,28239.703125,82697.84375
1573.650895357132,2,1308.0,28276.93359375,82697.84375
1574.6607902050018,2,904.1,28186.97265625,82697.84375
1575.6706192493439,2,3704.3,28628.56640625,82697.84375
1576.679262638092,2,3351.5,29145.9921875,82697.84375
1577.6885135173798,2,512.8,29409.234375,82697.84375
1578.6985828876495,2,643.7,17548.04296875,82697.84375
1579.7083332538605,2,602.9,8886.15234375,82697.84375
1580.7178666591644,2,1473.7,9652.76171875,82697.84375
1581.7644393444061,2,2840.6,11764.89453125,82697.84375
1582.772882938385,2,3953.9,14811.1875,82697.84375
1583.7868673801422,2,4127.0,16012.796875,82697.84375
1584.8088750839233,2,4479.4,18821.07421875,82697.84375
1585.8358767032623,2,4543.5,23717.890625,82697.84375
1586.8628733158112,2,4618.4,28711.5078125,82697.84375
1587.8898725509644,2,4264.0,24530.91796875,82697.84375
1588.911896944046,2,4278.0,23104.88671875,82697.84375
1589.94358420372,2,4089.3,24786.63671875,82697.84375
1590.965866804123,2,4415.6,24984.25390625,82697.84375
1591.9866797924042,2,3838.4,25309.3203125,82697.84375
1592.9977042675018,2,2793.2,25659.6015625,82697.84375
1594.005797624588,2,3959.9,25829.69921875,82697.84375
1595.0142095088959,2,2512.6,25920.2578125,82697.84375
1596.0268688201904,2,4188.5,27214.85546875,82697.84375
1597.0475175380707,2,2197.8,28266.94921875,82697.84375
1598.055181503296,2,977.5,28182.97265625,82697.84375
1599.0635638237,2,1188.6,28158.1484375,82697.84375
1600.0750408172607,2,873.2,28203.73046875,82697.84375
1601.082790851593,2,2806.4,28630.078125,82697.84375
1602.093870639801,2,3916.6,28877.8203125,82697.84375
1603.118502855301,2,728.6,29251.52734375,82697.84375
1604.1440393924713,2,769.7,29623.05078125,82697.84375
1605.1515817642212,2,422.5,8486.25390625,82697.84375
1606.1598694324493,2,909.3,9704.9765625,82697.84375
1607.1688680648804,2,3571.4,9886.66796875,82697.84375
1608.2129113674164,2,2299.8,13809.25,82697.84375
1609.23086977005,2,4200.5,16039.33984375,82697.84375
1610.2505867481232,2,4208.8,16512.2109375,82697.84375
1611.2698771953583,2,4517.0,20968.875,82697.84375
1612.3339846134186,2,4643.4,26171.38671875,82697.84375
1613.3618750572205,2,4498.1,30641.46875,82697.84375
1614.3854835033417,2,3969.3,20017.88671875,82697.84375
1615.3987984657288,2,4429.9,23817.38671875,82697.84375
1616.4168758392334,2,4218.5,25396.390625,82697.84375
1617.4428780078888,2,4363.4,25619.48046875,82697.84375
1618.4578564167023,2,3304.0,26004.12890625,82697.84375
1619.4650909900665,2,2886.1,26240.7890625,82697.84375
1620.4743740558624,2,4112.9,26220.15625,82697.84375
1621.4817054271698,2,3161.5,26614.69921875,82697.84375
1622.4921503067017,2,4018.5,27912.12109375,82697.84375
1623.500565290451,2,1956.7,28836.24609375,82697.84375
1624.508887052536,2,675.0,28900.15625,82697.84375
1625.517736673355,2,816.0,28810.6796875,82697.84375
1626.5275104045868,2,1239.3,28711.55859375,82697.84375
1627.5361993312836,2,685.6,28735.56640625,82697.84375
1628.5458693504333,2,3136.2,29241.25,82697.84375
1629.5645959377289,2,3821.1,29312.32421875,82697.84375
1630.572627544403,2,805.4,29789.75390625,82697.84375
1631.581975221634,2,846.3,30143.703125,82697.84375
1632.589929819107,2,563.8,8227.5390625,82697.84375
1633.5978653430939,2,2035.9,8862.6015625,82697.84375
1634.65487074852,2,3313.1,11710.8125,82697.84375
1635.67587018013,2,4262.1,13319.03125,82697.84375
1636.7006995677948,2,4545.3,17906.57421875,82697.84375
1637.7258732318878,2,4350.1,15129.31640625,82697.84375
1638.7528755664825,2,4359.8,17313.35546875,82697.84375
1639.7788791656494,2,3510.6,17739.57421875,82697.84375
1640.7988758087158,2,3206.8,18007.6875,82697.84375
1641.8291051387787,2,3248.2,18500.27734375,82697.84375
1642.839873790741,2,2346.5,19168.640625,82697.84375
1643.8499374389648,2,1347.1,19095.984375,82697.84375
1644.8578708171844,2,2483.1,19262.265625,82697.84375
1645.8718729019165,2,2744.2,19495.6953125,82697.84375
1646.88170170784,2,589.0,7970.78125,82697.84375
1647.8900611400604,2,1102.0,9008.453125,82697.84375
1648.8974959850311,2,2719.8,11562.796875,82697.84375
1649.9078693389893,2,4337.9,13975.28125,82697.84375
1650.9288761615753,2,4383.0,15369.9453125,82697.84375
1651.9568762779236,2,4609.7,20284.08984375,82697.84375
1652.9838774204254,2,4536.6,21381.7734375,82697.84375
1654.0002102851868,2,4272.8,19555.0546875,82697.84375
1655.0158767700195,2,4266.2,20209.84375,82697.84375
1656.0405509471893,2,3346.6,20465.55078125,82697.84375
1657.0498762130737,2,3425.9,20690.09765625,82697.84375
1658.0748617649078,2,3004.2,20826.49609375,82697.84375
1659.0878672599792,2,3936.2,21968.62890625,82697.84375
1660.097514629364,2,1178.7,21981.61328125,82697.84375
1661.10587143898,2,1299.7,21888.671875,82697.84375
1662.118876695633,2,3273.5,22156.23046875,82697.84375
1663.1325590610504,2,2554.1,22407.64453125,82697.84375
1664.1417450904846,2,590.9,7984.8828125,82697.84375
1665.151870250702,2,1337.5,9353.73828125,82697.84375
1666.2153158187866,2,2815.2,11644.734375,82697.84375
1667.2278702259064,2,4420.7,13884.51171875,82697.84375
1668.2508742809296,2,4440.1,15999.2578125,82697.84375
1669.2758824825287,2,4511.7,20655.953125,82697.84375
1670.301215171814,2,4404.9,16274.234375,82697.84375
1671.3118708133698,2,4196.3,19796.4609375,82697.84375
1672.332869052887,2,4482.2,19894.71875,82697.84375
1673.354153394699,2,3336.6,20175.08203125,82697.84375
1674.3727946281433,2,3242.3,20316.421875,82697.84375
1675.381867647171,2,3476.8,20899.07421875,82697.84375
1676.3992557525635,2,2732.8,21771.984375,82697.84375
1677.4098360538483,2,1277.0,21765.10546875,82697.84375
1678.417869091034,2,1559.3,21732.98046875,82697.84375
1679.4308729171753,2,4426.5,21901.7109375,82697.84375
1680.4524173736572,2,763.5,7891.78125,84745.859375
1681.4608159065247,2,892.2,8974.5390625,82697.84375
1682.473869085312,2,2877.9,9337.0078125,82697.84375
1683.5028765201569,2,2808.9,13451.88671875,82697.84375
1684.523755788803,2,4341.4,14093.34375,82697.84375
1685.5458767414093,2,4487.6,18043.9609375,82697.84375
1686.5708799362183,2,4576.7,23336.328125,82697.84375
1687.5978944301605,2,4268.6,18601.72265625,82697.84375
1688.6168422698975,2,4446.3,19762.29296875,82697.84375
1689.6430506706238,2,3730.8,20009.23828125,82697.84375
1690.661881685257,2,3078.0,20260.50390625,82697.84375
1691.6928780078888,2,2986.6,20370.51953125,82697.84375
1692.7139730453491,2,4193.8,21297.796875,82697.84375
1693.723470211029,2,1341.0,21583.5859375,82697.84375
1694.7304992675781,2,1292.8,21513.94140625,82697.84375
1695.742874622345,2,2937.3,21815.69140625,82697.84375
1696.7627336978912,2,2805.8,22034.56640625,82697.84375
1697.773476600647,2,465.4,7818.5859375,82697.84375
1698.7832624912262,2,1123.8,9009.890625,82697.84375
1699.792375087738,2,2853.6,11074.16796875,82697.84375
1700.800817489624,2,3996.1,13992.2265625,82697.84375
1701.8228754997253,2,4337.7,14764.94140625,82697.84375
1702.849877357483,2,4560.8,19428.18359375,82697.84375
1703.8788833618164,2,4547.1,22004.0859375,82697.84375
1704.904878616333,2,4353.0,19517.81640625,82697.84375
1705.9278752803802,2,4229.2,20184.92578125,82697.84375
1706.9501388072968,2,3330.3,20468.15625,82697.84375
1707.9658806324005,2,3525.5,20705.765625,82697.84375
1708.9928667545319,2,3362.8,20970.21484375,82697.84375
1710.0043573379517,2,3654.9,22142.609375,82697.84375
1711.0126824378967,2,1086.7,21961.796875,82697.84375
1712.0208685398102,2,1302.2,21816.60546875,82697.84375
1713.02987408638,2,3570.1,22028.84375,82697.84375
1714.0448710918427,2,2220.3,22365.14453125,82697.84375
1715.0533447265625,2,661.4,8033.8984375,82697.84375
1716.0618653297424,2,2444.9,8727.2734375,82697.84375
1717.100869178772,2,3144.9,11916.046875,82697.84375
1718.120578289032,2,4355.8,14351.8515625,82697.84375
1719.1495440006256,2,4579.6,19385.0859375,82697.84375
1720.1784584522247,2,4369.5,16386.140625,82697.84375
1721.1928679943085,2,4310.6,17261.47265625,82697.84375
1722.2128911018372,2,3161.5,17537.37890625,82697.84375
1723.2434978485107,2,3013.8,17732.125,82697.84375
1724.2522213459015,2,4000.6,18692.828125,82697.84375
1725.261635541916,2,1250.0,19108.59375,82697.84375
1726.2703635692596,2,1203.9,18961.54296875,82697.84375
1727.2788701057434,2,3936.4,19096.3515625,82697.84375
1728.2981584072113,2,1235.5,19510.4609375,82697.84375
1729.3048071861267,2,887.9,8640.86328125,82697.84375
1730.3129332065582,2,2420.3,9593.62890625,82697.84375
1731.3238673210144,2,3690.4,12156.99609375,82697.84375
1732.3448786735535,2,4495.2,14917.3359375,82697.84375
1733.3708772659302,2,4341.5,20083.6640625,82697.84375
1734.3949465751648,2,4330.0,16760.87109375,82697.84375
1735.4128713607788,2,4210.2,17410.5234375,82697.84375
1736.429888010025,2,3437.1,17740.359375,82697.84375
1737.4618799686432,2,2880.6,17886.4453125,82697.84375
1738.4742829799652,2,3853.3,18792.98046875,82697.84375
1739.4838697910309,2,1321.7,19009.5546875,82697.84375
1740.4948682785034,2,1215.3,19009.75,82697.84375
1741.504868030548,2,4111.4,19210.1640625,82697.84375
1742.515652179718,2,1133.6,19558.39453125,82697.84375
1743.5282578468323,2,1008.1,8518.98046875,82697.84375
1744.5377838611603,2,2436.8,9879.18359375,82697.84375
1745.5507900714874,2,4196.2,11436.61328125,82697.84375
1746.5738785266876,2,4528.3,16495.4609375,82697.84375
1747.6008677482605,2,4237.3,15121.13671875,82697.84375
1748.6218781471252,2,3828.0,15321.78125,82697.84375
1749.6283340454102,2,2882.6,15527.12890625,82697.84375
1750.6368243694305,2,3482.2,16658.93359375,82697.84375
1751.6501533985138,2,1299.9,16654.94921875,82697.84375
1752.6588673591614,2,2493.2,16788.171875,82697.84375
1753.6698188781738,2,2245.1,17037.0390625,82697.84375
1754.6789438724518,2,996.5,7988.5625,82697.84375
1755.686866760254,2,2738.5,8632.30859375,82697.84375
1756.7149860858917,2,3048.7,12803.6875,82697.84375
1757.7228722572327,2,4287.8,13256.91015625,82697.84375
1758.7348837852478,2,4482.8,13632.61328125,82697.84375
1759.7472622394562,2,4268.3,16335.0859375,82697.84375
1760.761079788208,2,3471.4,16570.67578125,83145.84375
1761.7688319683075,2,2996.0,16810.1484375,83145.84375
1762.778870344162,2,3294.3,17815.4453125,83145.84375
1763.792867898941,2,3863.2,18945.578125,83145.84375
1764.8065536022186,2,1361.3,19011.30859375,83145.84375
1765.8178720474243,2,3936.7,19344.92578125,83145.84375
1766.8355922698975,2,1967.1,19571.68359375,83145.84375
1767.8445360660553,2,1248.2,8311.8125,83145.84375
1768.8548667430878,2,2784.6,8796.16015625,83145.84375
1769.914865732193,2,3496.0,13155.42578125,83145.84375
1770.926879644394,2,4463.9,14581.22265625,83145.84375
1771.9572632312775,2,4444.1,15110.75,83145.84375
1772.9718770980835,2,4210.7,16578.73828125,83145.84375
1773.9978721141815,2,3112.8,16858.1796875,83145.84375
1775.023298740387,2,2872.3,17136.5234375,83145.84375
1776.0388703346252,2,4415.8,18563.0859375,83145.84375
1777.050871372223,2,2679.9,19152.7109375,83145.84375
1778.0608711242676,2,2096.6,19318.71875,83145.84375
1779.0729129314423,2,4150.6,19528.3359375,83145.84375
1780.0817713737488,2,639.7,8724.1953125,85193.859375
1781.091670513153,2,2009.8,8765.66015625,83145.84375
1782.100811958313,2,2818.8,11304.6796875,83145.84375
1783.12287068367,2,4325.4,13372.54296875,83145.84375
1784.1478757858276,2,4515.7,16659.94140625,83145.84375
1785.1755709648132,2,4163.1,16360.578125,83145.84375
1786.1858830451965,2,3673.8,16725.7109375,83145.84375
1787.2038798332214,2,3215.0,16931.3828125,83145.84375
1788.2298724651337,2,3527.0,17558.8125,83145.84375
1789.2408828735352,2,4163.0,18687.91015625,83145.84375
1790.2528829574585,2,1474.7,19018.484375,83145.84375
1791.2625305652618,2,3502.2,19199.93359375,83145.84375
1792.2749495506287,2,2505.7,19512.1171875,83145.84375
1793.2832798957825,2,838.9,8070.70703125,83145.84375
1794.2938814163208,2,2529.3,8793.30859375,83145.84375
1795.3399980068207,2,3458.7,13115.5625,83145.84375
1796.3558769226074,2,4349.4,13655.58203125,83145.84375
1797.3818728923798,2,4454.7,13919.59765625,83145.84375
1798.3958775997162,2,4268.1,16586.7265625,83145.84375
1799.4210095405579,2,3474.0,16781.8515625,83145.84375
1800.4457314014435,2,2725.8,17025.14453125,83145.84375
1801.458866596222,2,3965.7,18160.58203125,83145.84375
1802.470787525177,2,3398.7,19149.7421875,83145.84375
1803.4808778762817,2,1518.4,19111.76953125,83145.84375
1804.4998710155487,2,4336.3,19220.1484375,83145.84375
1805.5121262073517,2,1197.9,19585.703125,83145.84375
1806.521366596222,2,1714.0,8520.140625,83145.84375
1807.5313489437103,2,2320.9,9677.1484375,83145.84375
1808.5398700237274,2,4056.5,13245.06640625,83145.84375
1809.5628747940063,2,4470.6,15415.16796875,83145.84375
1810.6031756401062,2,4472.1,15771.765625,83145.84375
1811.6156418323517,2,3848.0,16664.015625,83145.84375
1812.6316139698029,2,3308.8,16796.1796875,83145.84375
1813.6413073539734,2,2764.1,17110.55859375,83145.84375
1814.6578674316406,2,4305.0,18608.26953125,83145.84375
1815.6796975135803,2,2438.2,19071.640625,83145.84375
1816.6878731250763,2,2505.8,19340.26171875,83145.84375
1817.70680809021,2,3619.7,19465.65234375,83145.84375
1818.7152898311615,2,589.1,9420.01953125,85193.859375
1819.7235639095306,2,2183.5,8725.1640625,83145.84375
1820.7320461273193,2,3113.0,11681.46484375,83145.84375
1821.7468755245209,2,4270.6,13346.82421875,83145.84375
1822.7678759098053,2,4585.6,16708.94921875,83145.84375
1823.7939734458923,2,4181.0,16442.73046875,83145.84375
1824.8048865795135,2,3545.8,16688.28515625,83145.84375
1825.8317594528198,2,3034.7,16884.33203125,83145.84375
1826.8407304286957,2,3689.7,17657.9375,83145.84375
1827.8523256778717,2,4105.3,18784.8359375,83145.84375
1828.8608939647675,2,1500.0,19140.484375,83145.84375
1829.8718655109406,2,3520.7,19232.1640625,83145.84375
1830.8833975791931,2,2537.4,19576.9140625,83145.84375
1831.894192457199,2,1012.8,8094.8984375,83145.84375
1832.9048655033112,2,2610.7,8754.45703125,83145.84375
1833.9618680477142,2,3569.0,13134.27734375,83145.84375
1834.9838905334473,2,4434.8,14192.16015625,83145.84375
1836.010727405548,2,4421.8,14195.03515625,83145.84375
1837.0258708000183,2,4114.5,16702.7265625,83145.84375
1838.0660045146942,2,3417.7,16908.5703125,83145.84375
1839.0968899726868,2,2887.2,17187.01953125,83145.84375
1840.105833530426,2,4287.0,18498.34765625,83145.84375
1841.116998910904,2,3059.9,19424.1875,83145.84375
1842.1298747062683,2,1569.2,19427.59375,83145.84375
1843.1458690166473,2,4518.3,19478.29296875,83145.84375
1844.1595692634583,2,1040.8,19842.875,83145.84375
1845.1692912578583,2,1775.6,8689.97265625,83145.84375
1846.1798672676086,2,2312.1,9955.81640625,83145.84375
1847.192866563797,2,4352.4,13325.87109375,83145.84375
1848.2138788700104,2,4399.8,15461.59375,83145.84375
1849.2408785820007,2,4412.5,16025.2578125,83145.84375
1850.2538840770721,2,3807.3,16756.19140625,83145.84375
1851.263872385025,2,3357.0,16794.984375,83145.84375
1852.2750878334045,2,2632.9,17041.671875,83145.84375
1853.290869474411,2,4371.1,18699.390625,83145.84375
1854.3115274906158,2,2514.8,19145.73046875,83145.84375
1855.3208701610565,2,2387.9,19346.9296875,83145.84375
1856.3346064090729,2,3812.8,19475.42578125,83145.84375
1857.3429148197174,2,625.0,9070.22265625,85193.859375
1858.3524417877197,2,2128.1,8697.09375,83145.84375
1859.361872434616,2,2986.0,11520.15625,83145.84375
1860.3744096755981,2,4184.8,13348.2890625,83145.84375
1861.3868763446808,2,4493.9,16465.8359375,83145.84375
1862.4134149551392,2,4249.6,16370.59765625,83145.84375
1863.4268827438354,2,3682.5,16631.1328125,83145.84375
1864.4417023658752,2,2970.4,16857.8046875,83145.84375
1865.4575011730194,2,3652.5,17511.0546875,83145.84375
1866.470870733261,2,4337.7,18739.69921875,83145.84375
1867.4808781147003,2,1439.5,19037.8671875,83145.84375
1868.488872051239,2,3276.2,19210.265625,83145.84375
1869.5038702487946,2,2735.5,19452.5078125,83145.84375
1870.5210733413696,2,910.5,8026.78515625,83145.84375
1871.5318698883057,2,2455.7,8722.0078125,83145.84375
1872.576908826828,2,3464.4,13098.0625,83145.84375
1873.5919020175934,2,4372.9,13674.9296875,83145.84375
1874.620584487915,2,4493.6,13875.9140625,83145.84375
1875.6358723640442,2,4205.8,16531.76953125,83145.84375
1876.6558907032013,2,3468.4,16688.1171875,83145.84375
1877.6868104934692,2,2807.6,16947.84375,83145.84375
1878.6960661411285,2,4197.2,18146.28125,83145.84375
1879.7088289260864,2,3342.6,19142.71484375,83145.84375
1880.7175447940826,2,1283.3,19051.62890625,83145.84375
1881.7278690338135,2,4426.7,19221.1796875,83145.84375
1882.740698814392,2,1449.3,19627.4453125,83145.84375
1883.7535738945007,2,1574.0,8415.171875,83145.84375
1884.7630746364594,2,2482.2,9423.59375,83145.84375
1885.773869752884,2,4051.3,13201.734375,83145.84375
1886.7948789596558,2,4499.7,15112.92578125,83145.84375
1887.8175823688507,2,4305.8,15539.95703125,83145.84375
1888.8320734500885,2,4046.8,16578.5234375,83145.84375
1889.8408720493317,2,3161.3,16775.73046875,83145.84375
1890.8640620708466,2,2955.0,17036.27734375,83145.84375
1891.8768339157104,2,4243.0,18619.00390625,83145.84375
1892.9029552936554,2,2542.9,19096.40625,83145.84375
1893.9108681678772,2,2427.7,19291.64453125,83145.84375
1894.9255282878876,2,3717.7,19471.22265625,83145.84375
1895.9338862895966,2,648.0,8956.9765625,85193.859375
1896.9429693222046,2,2063.9,8703.77734375,83145.84375
1897.9518795013428,2,3094.0,11661.28515625,83145.84375
1898.9658825397491,2,4233.4,13345.3515625,83145.84375
1899.9988775253296,2,4503.6,16827.34765625,83145.84375
1901.0228698253632,2,4164.6,16394.8671875,83145.84375
1902.043888092041,2,3663.8,16650.55859375,83145.84375
1903.069974899292,2,2930.0,16907.65625,83145.84375
1904.0797567367554,2,3496.1,17545.79296875,83145.84375
1905.0940268039703,2,4182.4,18698.87109375,83145.84375
1906.1042952537537,2,1525.1,18989.9296875,83145.84375
1907.113867521286,2,3478.6,19120.8671875,83145.84375
1908.1262617111206,2,2464.3,19481.3046875,83145.84375
1909.134738445282,2,973.1,8099.3046875,83145.84375
1910.145868062973,2,2633.7,8759.703125,83145.84375
1911.1878688335419,2,3436.9,13094.734375,83145.84375
1912.2088754177094,2,4391.6,14161.01171875,83145.84375
1913.2494983673096,2,4522.5,14237.1796875,83145.84375
1914.2672901153564,2,4224.5,16561.32421875,83145.84375
1915.2876152992249,2,3131.4,16758.93359375,83145.84375
1916.302874803543,2,2970.7,17049.171875,83145.84375
1917.3218729496002,2,4232.9,18534.28125,83145.84375
1918.3430016040802,2,2965.6,19071.84375,83145.84375
1919.3505177497864,2,1795.7,19339.7890625,83145.84375
1920.3624143600464,2,4401.5,19347.9765625,83145.84375
1921.3696112632751,2,772.2,8039.71484375,85193.859375
1922.378868341446,2,1906.0,8373.35546875,83145.84375
1923.4118702411652,2,3636.8,11425.83984375,83145.84375
1924.4328832626343,2,4401.5,12861.44921875,83145.84375
1925.4471027851105,2,3881.4,14454.2265625,83145.84375
1926.4605944156647,2,2868.2,14677.515625,83145.84375
1927.4680395126343,2,4154.2,15952.421875,83145.84375
1928.4801161289215,2,1639.3,16186.34765625,83145.84375
1929.4890339374542,2,4083.8,16517.9296875,83145.84375
1930.4975986480713,2,624.6,10064.24609375,85193.859375
1931.5061748027802,2,2715.7,10019.9375,83145.84375
1932.5198695659637,2,4251.4,11861.05078125,83145.84375
1933.5458698272705,2,4329.9,14193.8203125,83145.84375
1934.5688786506653,2,3614.9,14498.71484375,83145.84375
1935.587866783142,2,3242.7,15083.890625,83145.84375
1936.601631641388,2,3559.6,16262.19921875,83145.84375
1937.612871170044,2,2346.1,16221.71875,83145.84375
1938.6297533512115,2,2722.9,16548.9453125,83145.84375
1939.636559009552,2,1224.2,8379.375,83145.84375
1940.6458668708801,2,3231.7,11272.91015625,83145.84375
1941.6668753623962,2,4422.9,13742.9453125,83145.84375
1942.6928660869598,2,4110.9,14382.21875,83145.84375
1943.7108776569366,2,3130.7,14631.51953125,83145.84375
1944.7368681430817,2,3865.4,15502.98828125,83145.84375
1945.7451059818268,2,2535.1,16198.04296875,83145.84375
1946.753872871399,2,3323.4,16315.4140625,83145.84375
1947.7677183151245,2,1611.9,8359.9296875,85193.859375
1948.7758660316467,2,2039.8,8406.7109375,83145.84375
1949.788869857788,2,3767.7,11446.8984375,83145.84375
1950.8037595748901,2,4352.1,13093.72265625,83145.84375
1951.817748785019,2,3764.1,14427.921875,83145.84375
1952.8257403373718,2,3154.7,14651.1875,83145.84375
1953.8362154960632,2,4303.6,15925.7578125,83145.84375
1954.8458659648895,2,1517.1,16154.44921875,83145.84375
1955.8574454784393,2,3795.7,16426.3671875,83145.84375
1956.86607670784,2,825.9,8062.3203125,83145.84375
1957.8760182857513,2,3899.9,9923.67578125,83145.84375
1958.8844230175018,2,3632.7,10533.55078125,83145.84375
1959.893179178238,2,2534.0,8284.98828125,85193.859375
1960.9028720855713,2,2015.2,8535.171875,83145.84375
1961.92587184906,2,3682.1,11575.96484375,83145.84375
1962.9458725452423,2,4379.1,13006.9609375,83145.84375
1963.960319519043,2,3791.3,14491.8203125,83145.84375
1964.9761452674866,2,3310.7,14715.70703125,83145.84375
1965.988779783249,2,4093.3,15966.8359375,83145.84375
1966.995641708374,2,1794.9,16398.78125,83145.84375
1968.008868932724,2,3673.3,16543.21875,83145.84375
1969.0250568389893,2,847.7,8236.44921875,83145.84375
1970.0358672142029,2,3554.2,10039.41796875,83145.84375
1971.0554049015045,2,4270.5,11997.46484375,83145.84375
1972.073347568512,2,3141.6,12383.515625,83145.84375
1973.0859534740448,2,3134.8,13153.48828125,83145.84375
1974.0939173698425,2,3219.3,13231.7734375,83145.84375
1975.1021554470062,2,995.0,8476.140625,83145.84375
1976.1118712425232,2,3944.9,10501.84375,83145.84375
1977.1370389461517,2,4076.5,12021.9453125,83145.84375
1978.1458718776703,2,3291.6,12531.91796875,83145.84375
1979.1564457416534,2,2634.9,13041.13671875,83145.84375
1980.168872833252,2,3165.8,13248.59375,83145.84375
1981.1772637367249,2,304.5,5047.25390625,75977.6875
1982.185459136963,2,100.2,4899.69921875,75977.6875
1983.1937386989594,2,103.0,4780.92578125,75977.6875
