elapsed_time,nproc,cpu,mem_real,mem_virtual
4.0531158447265625e-05,2,0.0,17.7109375,3195.1953125
1.0074992179870605,4,5.9,429.1796875,4185.84765625
2.01625657081604,4,100.4,607.78125,4387.84765625
3.022496223449707,4,99.1,622.0078125,4453.84765625
4.03142786026001,4,100.2,618.5,4453.84765625
5.039344549179077,4,99.2,616.05078125,4453.84765625
6.047611474990845,4,99.2,624.5859375,4501.84765625
7.0560760498046875,4,100.1,619.28515625,4501.84765625
8.064709901809692,4,99.2,599.36328125,4501.84765625
9.073201417922974,4,99.2,605.078125,4501.84765625
10.081700801849365,4,101.1,654.72265625,4501.84765625
11.09046745300293,4,98.9,702.82421875,4557.84765625
12.101120233535767,4,99.9,752.82421875,4621.84765625
13.11241340637207,4,98.9,808.8046875,4707.84765625
14.123526811599731,4,99.9,856.82421875,4707.84765625
15.134807109832764,4,99.0,906.8203125,4803.84765625
16.144338130950928,4,100.8,950.8203125,4803.84765625
17.15589189529419,3,2.0,153.42578125,3602.4453125
18.167871713638306,2,0.0,263.22265625,3722.65625
19.179780960083008,2,99.0,584.30078125,4736.6875
20.19025492668152,2,99.9,884.2890625,5856.6875
21.20159387588501,2,99.8,1062.34375,7136.6875
22.213238954544067,2,100.1,1346.2265625,7136.6875
23.22217893600464,2,99.9,1572.22265625,9704.6875
24.232972621917725,2,100.0,1867.5703125,9704.6875
25.243280172348022,2,98.9,1910.22265625,9192.65625
26.254592418670654,2,100.0,1910.22265625,9192.65625
27.26506733894348,2,100.8,1904.51953125,9192.65625
28.27673029899597,2,99.8,1904.5234375,9192.640625
29.288429737091064,2,99.9,1897.46484375,9192.640625
30.29971981048584,2,99.9,1897.46484375,9192.640625
31.310442686080933,2,99.8,1894.390625,9192.640625
32.32214021682739,2,99.9,1998.0859375,9704.671875
33.33272457122803,2,99.8,2021.9921875,9752.671875
34.34464764595032,2,3361.6,2899.0,13825.6171875
35.37665009498596,2,4661.8,3317.92578125,14290.6171875
36.40259909629822,2,4701.2,3517.5234375,14524.6171875
37.43064856529236,2,4707.7,3688.7421875,14721.6171875
38.457648515701294,2,4663.1,3760.19140625,14901.6171875
39.48465824127197,2,4683.9,3856.42578125,15059.6171875
40.51164937019348,2,4684.9,3908.328125,15172.6171875
41.53865122795105,2,4707.9,4068.6484375,15399.6171875
42.56565070152283,2,4648.4,4115.37890625,15600.6171875
43.59264874458313,2,4685.5,4177.92578125,15771.6171875
44.619646310806274,2,4675.6,4180.82421875,15870.6171875
45.646648645401,2,4719.0,4296.22265625,15945.6171875
46.673654556274414,2,4663.0,4224.94140625,15965.6171875
47.70064377784729,2,4658.1,4197.9609375,16061.6171875
48.72764801979065,2,4656.6,4315.80078125,16245.6171875
49.7546489238739,2,4710.4,4342.6328125,16291.6171875
50.78164839744568,2,4658.0,4329.5234375,16347.6171875
51.80964708328247,2,4677.5,4393.21484375,16441.6171875
52.83664917945862,2,4654.7,4578.625,16616.6171875
53.86465382575989,2,4704.3,4634.97265625,16726.6171875
54.89364576339722,2,4644.1,4629.109375,16792.6171875
55.92164945602417,2,4661.8,4616.61328125,16818.6171875
56.948649168014526,2,4649.9,4567.80859375,16863.6171875
57.975647926330566,2,4718.9,4566.08984375,16870.6171875
59.00164771080017,2,4650.4,4570.16015625,16870.6171875
60.028642654418945,2,4678.2,4575.10546875,16944.6171875
61.05564212799072,2,4664.4,4565.9609375,17004.6171875
62.08252191543579,2,4705.4,4523.9375,17075.6171875
63.10664629936218,2,4682.1,4536.63671875,17075.6171875
64.13156628608704,2,4654.5,4470.5,17106.6171875
65.15965390205383,2,4665.6,4632.0546875,17350.6171875
66.18647885322571,2,4734.3,4493.10546875,17350.6171875
67.21464610099792,2,4679.8,4672.03515625,17546.6171875
68.23965120315552,2,4636.5,4569.98828125,17604.6171875
69.26664900779724,2,4659.0,4548.25,17614.6171875
70.29364490509033,2,4684.6,4551.05859375,17718.6171875
71.3226466178894,2,4699.8,4529.26171875,17734.6171875
72.347496509552,2,4651.2,4537.23046875,17800.6171875
73.37364935874939,2,4667.6,4498.66796875,17851.6171875
74.40064907073975,2,4672.1,4541.07421875,17871.6171875
75.42764902114868,2,4706.0,4621.88671875,17965.6171875
76.45565009117126,2,4650.6,4637.23828125,17965.6171875
77.4826500415802,2,4675.6,4686.7109375,18017.6171875
78.50965690612793,2,4655.6,4800.08203125,18097.6171875
79.53664660453796,2,4701.3,4907.13671875,18217.6171875
80.56364798545837,2,4623.5,5048.37890625,18327.6171875
81.59265065193176,2,4670.1,5123.78515625,18531.6171875
82.63065028190613,2,4673.5,5246.2890625,18629.6171875
83.65664553642273,2,4740.0,5201.1328125,18629.6171875
84.68464779853821,2,4685.6,5304.5625,18699.6171875
85.7126522064209,2,4636.9,5470.5859375,18897.6171875
86.73964428901672,2,4656.7,5393.24609375,18969.6171875
87.76664781570435,2,4728.1,5401.02734375,18969.6171875
88.7936475276947,2,4690.2,5436.515625,19115.6171875
89.81864714622498,2,4648.0,5450.9453125,19115.6171875
90.84564566612244,2,4659.5,5525.62890625,19209.6171875
91.87264800071716,2,4708.9,5480.59765625,19353.6171875
92.8996422290802,2,4700.1,5475.05078125,19409.6171875
93.92765092849731,2,4637.0,5325.109375,19429.6171875
94.9546537399292,2,4661.8,5278.7890625,19465.6171875
95.98164987564087,2,4712.3,5336.640625,19537.6171875
97.00864815711975,2,4688.6,5313.0390625,19579.6171875
98.0336503982544,2,4631.2,5327.9921875,19679.6171875
99.06064653396606,2,4668.8,5334.46484375,19679.6171875
100.09164690971375,2,4656.6,5399.828125,19721.6171875
101.11764645576477,2,4697.4,5451.921875,19721.6171875
102.14265561103821,2,4632.2,5368.20703125,19721.6171875
103.16965007781982,2,4656.2,5512.1328125,19941.6171875
104.19665122032166,2,4665.9,5543.76171875,20031.6171875
105.2236499786377,2,4714.2,5635.12109375,20199.6171875
106.23865151405334,2,4636.3,5590.95703125,20223.6171875
107.26565194129944,2,4661.7,5426.6015625,20223.6171875
108.29264688491821,2,4648.6,5325.703125,20253.6171875
109.31964468955994,2,4715.6,5261.796875,20253.6171875
110.34664726257324,2,4664.8,5255.4765625,20253.6171875
111.37473726272583,2,4646.4,5190.55859375,20253.6171875
112.40064740180969,2,4648.0,5216.6484375,20303.6171875
113.4286482334137,2,4710.5,5367.2109375,20303.6171875
114.45565104484558,2,4686.1,5305.85546875,20303.6171875
115.48025584220886,2,4619.8,5518.640625,20303.6171875
116.5080189704895,2,4645.1,5359.3984375,20303.6171875
117.51964998245239,2,4719.8,5446.8359375,20317.6171875
118.54664301872253,2,4672.3,5447.78515625,20317.6171875
119.57152938842773,2,4634.4,5428.11328125,20317.6171875
120.59964418411255,2,4671.9,5371.25,20317.6171875
121.6266508102417,2,4704.0,5444.625,20349.6171875
122.65265083312988,2,4712.8,5690.3828125,20401.6171875
123.6796543598175,2,4631.4,5738.6875,20473.6171875
124.70664262771606,2,4657.0,5711.390625,20497.6171875
125.73364448547363,2,4674.5,5658.390625,20497.6171875
126.76064419746399,2,4696.7,5739.515625,20549.6171875
127.79098606109619,2,4640.6,5688.48046875,20581.6171875
128.81765055656433,2,4667.8,5631.7578125,20581.6171875
129.84465050697327,2,4665.4,5744.453125,20581.6171875
130.87149333953857,2,4715.2,5693.57421875,20581.6171875
131.89965415000916,2,4644.5,5834.28515625,20641.6171875
132.92664742469788,2,4678.3,5717.3359375,20661.6171875
133.9536476135254,2,4668.3,5685.95703125,20675.6171875
134.9806501865387,2,4695.7,5598.07421875,20675.6171875
136.0068142414093,2,4620.6,5652.14453125,20675.6171875
137.0367772579193,2,4669.6,5534.9609375,20707.6171875
138.063645362854,2,4641.5,5446.6328125,20707.6171875
139.090651512146,2,4716.5,5421.10546875,20707.6171875
140.11553382873535,2,4694.2,5434.37109375,20707.6171875
141.14146757125854,2,4638.0,5429.3125,20707.6171875
142.16965126991272,2,4666.5,5341.64453125,20707.6171875
143.19664335250854,2,4685.5,5418.25390625,20795.6171875
144.22364258766174,2,4677.8,5407.09765625,20847.6171875
145.2396433353424,2,4648.9,5379.359375,20847.6171875
146.26665115356445,2,4670.9,5358.3046875,20847.6171875
147.29364728927612,2,4699.7,5359.21484375,20847.6171875
148.320650100708,2,4704.1,5281.82421875,20847.6171875
149.34659934043884,2,4633.9,5287.0390625,20847.6171875
150.374653339386,2,4660.3,5223.078125,20847.6171875
151.4016478061676,2,4678.2,5234.7109375,20921.6171875
152.4286551475525,2,4706.3,5301.16796875,20921.6171875
153.4556484222412,2,4651.9,5254.12890625,20921.6171875
154.48265099525452,2,4671.4,5302.1796875,21023.6171875
155.5106463432312,2,4655.5,5450.05859375,21023.6171875
156.53764986991882,2,4721.9,5447.94921875,21023.6171875
157.5646514892578,2,4641.0,5495.6328125,21071.6171875
158.59164905548096,2,4678.7,5470.9921875,21175.6171875
159.6186487674713,2,4660.3,5489.703125,21239.6171875
160.63365077972412,2,4716.6,5559.4375,21239.6171875
161.66164302825928,2,4661.8,5485.9140625,21243.6171875
162.68624925613403,2,4654.7,5636.12890625,21343.6171875
163.7136492729187,2,4659.4,5772.79296875,21517.6171875
164.74064922332764,2,4717.3,5855.7578125,21701.6171875
165.76764941215515,2,4665.5,5970.671875,21813.6171875
166.79264950752258,2,4638.8,5719.9453125,21813.6171875
167.8247594833374,2,4676.0,5969.42578125,21965.6171875
168.8506498336792,2,4689.2,5916.78515625,22021.6171875
169.8772337436676,2,4676.1,6166.23828125,22037.6171875
170.90364384651184,2,4650.3,6884.6015625,22599.6171875
171.93064618110657,2,4641.9,7231.8515625,23111.6171875
172.95764327049255,2,4654.9,7543.0234375,23431.6171875
173.9846441745758,2,4676.7,7659.30859375,23471.6171875
175.00964856147766,2,4648.6,7798.35546875,23855.6171875
176.03964066505432,2,4658.9,8334.8359375,23855.6171875
177.07265067100525,2,4667.9,8259.16796875,23855.6171875
178.0996491909027,2,4705.8,8187.7578125,23855.6171875
179.12421894073486,2,4641.1,8249.0625,23959.6171875
180.15164422988892,2,4661.0,8139.50390625,23959.6171875
181.17964506149292,2,4615.4,8213.84765625,23983.6171875
182.20664858818054,2,4692.1,8202.44921875,23983.6171875
183.23153138160706,2,4647.9,8200.3671875,23983.6171875
184.2596423625946,2,4661.0,8242.01953125,23983.6171875
185.28664445877075,2,4659.3,8310.80078125,23983.6171875
186.313645362854,2,4704.5,8266.92578125,23983.6171875
187.34064888954163,2,4634.0,8263.421875,23983.6171875
188.36764860153198,2,4659.6,8152.37890625,23983.6171875
189.39464592933655,2,4655.1,8130.6875,24015.6171875
190.42164659500122,2,4715.3,8129.09375,24015.6171875
191.44864797592163,2,4675.0,8148.4921875,24015.6171875
192.4746434688568,2,4663.4,8299.5078125,24015.6171875
193.50165224075317,2,4664.2,8309.953125,24015.6171875
194.52864336967468,2,4698.2,8120.25,24015.6171875
195.55564999580383,2,4667.8,8073.08984375,24015.6171875
196.57364988327026,2,4638.4,8176.703125,24015.6171875
197.60064792633057,2,4634.7,8181.1484375,24015.6171875
198.62765264511108,2,4717.8,8224.9609375,24015.6171875
199.65464973449707,2,4674.6,8285.12890625,24111.6171875
200.6796510219574,2,4639.2,8291.0078125,24111.6171875
201.7066569328308,2,4649.8,8209.27734375,24111.6171875
202.73364663124084,2,4725.0,8170.2890625,24111.6171875
203.76064801216125,2,4692.5,8128.91796875,24111.6171875
204.79373836517334,2,4649.8,8182.53125,24111.6171875
205.8206548690796,2,4660.0,8137.8359375,24111.6171875
206.84764766693115,2,4685.8,8104.0625,24111.6171875
207.87464570999146,2,4678.8,8146.12109375,24111.6171875
208.90223693847656,2,4650.0,8118.3828125,24111.6171875
209.93064713478088,2,4674.8,8099.421875,24111.6171875
210.95765161514282,2,4686.3,8048.390625,24111.6171875
211.98464345932007,2,4692.6,8227.9140625,24143.6171875
213.01064610481262,2,4640.4,8275.34765625,24291.6171875
214.0446469783783,2,4680.1,8329.6796875,24305.6171875
215.0709011554718,2,4680.2,8304.7109375,24333.6171875
216.09864377975464,2,4695.8,8269.66796875,24333.6171875
217.1236445903778,2,4622.7,8411.703125,24369.6171875
218.1506471633911,2,4668.7,8299.4140625,24369.6171875
219.1786494255066,2,4692.6,8319.33203125,24369.6171875
220.20565485954285,2,4685.2,8422.86328125,24369.6171875
221.23048305511475,2,4635.6,8738.046875,24537.6171875
222.2586486339569,2,4673.2,8737.66796875,24569.6171875
223.28564500808716,2,4674.5,8738.2109375,24597.6171875
224.3126459121704,2,4700.9,8902.79296875,24765.6171875
225.33712792396545,2,4643.2,8750.11328125,24821.6171875
226.3646264076233,2,4674.4,8747.40234375,24821.6171875
227.3926453590393,2,4662.6,8708.48046875,24821.6171875
228.4196481704712,2,4723.4,8764.55859375,24821.6171875
229.44864559173584,2,4647.9,8867.81640625,24821.6171875
230.47464895248413,2,4659.7,8851.79296875,24825.6171875
231.50164771080017,2,4663.9,8861.4140625,24825.6171875
232.52864742279053,2,4723.9,8982.77734375,24825.6171875
233.55564665794373,2,4663.8,9014.85546875,24825.6171875
234.58021187782288,2,4624.3,8891.06640625,24825.6171875
235.60864567756653,2,4641.7,8864.69921875,24825.6171875
236.635644197464,2,4692.3,8979.34375,24885.6171875
237.66264939308167,2,4672.8,9157.25390625,24993.6171875
238.6873300075531,2,4630.5,9160.8828125,24993.6171875
239.71564602851868,2,4642.4,9109.0078125,25021.6171875
240.7426474094391,2,4724.7,9329.70703125,25021.6171875
241.7696669101715,2,4674.0,9402.46484375,25205.6171875
242.7856457233429,2,4633.5,9295.6875,25261.6171875
243.81264662742615,2,4663.7,9177.00390625,25261.6171875
244.83964848518372,2,4715.0,9189.33203125,25289.6171875
245.86666464805603,2,4706.9,9150.02734375,25469.6171875
246.89464855194092,2,4625.8,9122.78125,25473.6171875
247.9217836856842,2,4676.3,9235.40234375,25497.6171875
248.94864964485168,2,4691.5,9240.765625,25497.6171875
249.97564554214478,2,4692.6,9209.671875,25529.6171875
251.0046489238739,2,4645.5,9203.140625,25529.6171875
252.0316457748413,2,4614.6,9056.61328125,25529.6171875
253.06764769554138,2,4667.1,9276.30859375,25549.6171875
254.09465074539185,2,4690.1,9240.1875,25573.6171875
255.1196494102478,2,4662.9,9137.31640625,25573.6171875
256.1466500759125,2,4674.9,9335.35546875,25573.6171875
257.1736595630646,2,4657.5,9432.2578125,25665.6171875
258.20064902305603,2,4717.0,9610.73828125,25721.6171875
259.2276442050934,2,4642.2,9498.3203125,25721.6171875
260.25665307044983,2,4662.1,9529.16015625,25781.6171875
261.28364849090576,2,4650.5,9916.91015625,25925.6171875
262.31064915657043,2,4714.8,10176.3984375,26429.6171875
263.3376429080963,2,4659.7,10293.6875,26429.6171875
264.362251996994,2,4625.5,10229.83984375,26521.6171875
265.39064741134644,2,4648.1,10457.99609375,26585.6171875
266.4176461696625,2,4706.4,10595.30078125,26585.6171875
267.4446482658386,2,4685.4,10325.8984375,26585.6171875
268.46915102005005,2,4629.4,10557.703125,26753.6171875
269.4976499080658,2,4636.5,10478.5546875,26753.6171875
270.52464509010315,2,4703.3,10371.44921875,26753.6171875
271.5516483783722,2,4684.8,10252.234375,26753.6171875
272.57638359069824,2,4638.1,10248.40234375,26757.6171875
273.60352087020874,2,4656.2,10420.578125,26797.6171875
274.63064908981323,2,4701.2,10411.11328125,26797.6171875
275.6576566696167,2,4687.9,10292.2734375,26797.6171875
276.6826493740082,2,4648.7,10298.08203125,26797.6171875
277.70965027809143,2,4654.4,10320.54296875,26797.6171875
278.73665022850037,2,4659.0,10219.28515625,26797.6171875
279.76737117767334,2,4704.4,10207.984375,26797.6171875
280.7946467399597,2,4657.8,10351.29296875,26797.6171875
281.82164764404297,2,4639.7,10486.734375,26825.6171875
282.84865164756775,2,4656.0,10560.48046875,26825.6171875
283.8756465911865,2,4702.5,10512.06640625,26825.6171875
284.9026472568512,2,4653.2,10744.23828125,26877.6171875
285.9272141456604,2,4647.8,10620.3046875,26973.6171875
286.95564579963684,2,4665.5,10654.53125,27469.6171875
287.9826455116272,2,4703.6,11091.25,27971.6171875
289.00730323791504,2,4699.5,11055.37109375,28007.6171875
290.0329475402832,2,4616.4,11179.46484375,28007.6171875
291.0616466999054,2,4637.6,11176.10546875,28011.6171875
292.0886504650116,2,4692.1,11030.39453125,28011.6171875
293.114648103714,2,4671.6,11243.83984375,28043.6171875
294.13964581489563,2,4648.7,11458.52734375,28139.6171875
295.1666486263275,2,4655.6,11537.66015625,28529.6171875
296.193644285202,2,4652.4,11744.203125,28641.6171875
297.21957540512085,2,4596.0,11955.875,28641.6171875
298.24464535713196,2,4620.2,11966.6484375,28745.6171875
299.2716495990753,2,4645.7,12100.4921875,28925.6171875
300.29964542388916,2,4638.2,11907.50390625,29053.6171875
301.32664942741394,2,4684.0,12238.2734375,29053.6171875
302.35265159606934,2,4659.6,12098.4296875,29053.6171875
303.37826442718506,2,4629.4,12477.234375,29299.6171875
304.40665221214294,2,4629.1,12417.84375,29335.6171875
305.4336495399475,2,4673.6,12592.41015625,29519.6171875
306.46064853668213,2,4650.1,12364.328125,29567.6171875
307.48564743995667,2,4601.1,12458.4296875,29567.6171875
308.51364398002625,2,4633.3,12376.5,29623.6171875
309.54064106941223,2,4679.0,12165.86328125,29623.6171875
310.5676529407501,2,4661.6,12253.3828125,29623.6171875
311.5922439098358,2,4631.2,12193.0859375,29623.6171875
312.6196472644806,2,4653.0,12315.0234375,29623.6171875
313.6466405391693,2,4720.5,12573.09765625,29655.6171875
314.673641204834,2,4674.2,12491.640625,29699.6171875
315.68664598464966,2,4641.8,13015.671875,30023.6171875
316.71365761756897,2,4640.5,12932.49609375,30023.6171875
317.7406418323517,2,4672.3,13044.25,30023.6171875
318.76764488220215,2,4693.8,13038.1484375,30143.6171875
319.79364228248596,2,4632.6,12957.32421875,30223.6171875
320.82164764404297,2,4651.9,12855.59765625,30263.6171875
321.8496444225311,2,4635.8,12975.6953125,30311.6171875
322.87663984298706,2,4714.1,12452.35546875,30311.6171875
323.90364623069763,2,4619.0,12191.6171875,30311.6171875
324.9286458492279,2,4479.8,12034.40234375,30311.6171875
325.94807958602905,2,3755.5,12066.7890625,30459.6171875
326.96124935150146,2,2991.7,11892.1796875,30459.6171875
327.97438740730286,2,2804.1,11709.859375,30503.6171875
328.98768162727356,2,2405.3,11538.35546875,30607.6171875
329.99861121177673,2,2174.7,11251.4765625,30607.6171875
331.0098099708557,2,2082.3,10989.67578125,30607.6171875
332.0202205181122,2,1994.9,10623.8828125,30607.6171875
333.033305644989,2,1809.4,10595.19140625,30607.6171875
334.0452010631561,2,1649.0,10289.83203125,30607.6171875
335.05485129356384,2,1591.0,9864.6328125,30695.6171875
336.0624279975891,2,1495.7,9650.54296875,30695.6171875
337.0713391304016,2,1428.1,9557.33984375,30695.6171875
338.08038902282715,2,1239.5,9681.05078125,30695.6171875
339.08966398239136,2,1034.6,9829.19140625,30695.6171875
340.0977885723114,2,999.5,10004.78125,30695.6171875
341.10629439353943,2,1001.0,9872.984375,30695.6171875
342.11528968811035,2,863.4,9276.734375,30695.6171875
343.1263921260834,2,801.0,9372.74609375,30695.6171875
344.135205745697,2,708.8,9417.6015625,30695.6171875
345.14388704299927,2,703.4,9686.80078125,30935.6171875
346.15189933776855,2,701.9,8884.76171875,30935.6171875
347.1605398654938,2,679.2,8913.6484375,30935.6171875
348.1691529750824,2,603.2,8985.046875,30935.6171875
349.1771011352539,2,560.5,8981.41796875,30935.6171875
350.18690943717957,2,503.6,8775.06640625,31223.6171875
351.19570541381836,2,504.2,8594.421875,31223.6171875
352.2052757740021,2,503.8,8512.171875,31223.6171875
353.2136540412903,2,504.2,8297.45703125,31223.6171875
354.2251343727112,2,436.6,8203.578125,31223.6171875
355.23529982566833,2,404.5,8088.43359375,31223.6171875
356.24637055397034,2,406.1,8105.421875,31223.6171875
357.25586438179016,2,401.6,8581.546875,31575.6171875
358.2667543888092,2,403.2,8657.703125,31575.6171875
359.27853989601135,2,401.3,8674.0859375,31575.6171875
360.2902364730835,2,406.2,8112.46484375,31575.6171875
361.29968643188477,2,401.5,8027.1796875,31575.6171875
362.3107798099518,2,403.5,7893.66015625,31575.6171875
363.3219048976898,2,403.8,7755.67578125,31575.6171875
364.33243584632874,2,402.5,7799.55859375,31575.6171875
365.3437135219574,2,403.3,7635.0859375,31575.6171875
366.35797238349915,2,401.4,8276.50390625,31575.6171875
367.3692672252655,2,403.7,7807.703125,31575.6171875
368.37995529174805,2,400.2,8261.40234375,31575.6171875
369.38950753211975,2,400.8,8303.27734375,31575.6171875
370.4000244140625,2,399.9,8672.2890625,31575.6171875
371.4103832244873,2,403.6,8541.7578125,31575.6171875
372.4212567806244,2,407.0,7897.47265625,31575.6171875
373.4310710430145,2,401.9,8013.68359375,31575.6171875
374.44125843048096,2,401.7,7886.0,31575.6171875
375.4520266056061,2,401.9,7609.80859375,31575.6171875
376.46229434013367,2,401.9,7550.546875,31575.6171875
377.472599029541,2,401.6,7570.265625,31575.6171875
378.483549118042,2,401.3,7694.5,31575.6171875
379.4953100681305,2,402.2,7757.89453125,31575.6171875
380.50716257095337,2,401.8,7837.6796875,31575.6171875
381.5176513195038,2,400.6,7970.3984375,31575.6171875
382.52855229377747,2,400.8,8114.65234375,32099.6171875
383.53895139694214,2,399.8,8529.30078125,32099.6171875
384.54946184158325,2,402.3,8315.609375,32099.6171875
385.5611689090729,2,396.7,8376.75390625,32099.6171875
386.57205986976624,2,300.9,8265.37890625,32099.6171875
387.58231115341187,2,303.0,8222.33203125,32099.6171875
388.59225821495056,2,223.4,7972.2734375,32099.6171875
389.6040663719177,2,204.8,7998.75,32099.6171875
390.61457920074463,2,205.6,7848.25390625,32099.6171875
391.62599992752075,2,203.0,7987.73046875,32099.6171875
392.63590908050537,2,209.6,7787.23828125,32099.6171875
393.64723944664,2,207.8,7380.5,32099.6171875
394.6579554080963,2,204.8,7331.18359375,32099.6171875
395.6688952445984,2,205.1,7044.16015625,32099.6171875
396.67833518981934,2,203.9,6899.2265625,32099.6171875
397.68885111808777,2,202.7,6660.78515625,32099.6171875
398.70026326179504,2,145.4,5963.97265625,32099.6171875
399.7116003036499,2,105.9,5791.3515625,32099.6171875
400.72187066078186,2,104.9,5579.234375,32099.6171875
401.7324323654175,2,104.9,5310.31640625,32099.6171875
402.7427599430084,2,104.8,5049.8671875,32099.6171875
403.7543659210205,2,104.0,4767.91015625,32099.6171875
404.76390314102173,2,105.9,4554.68359375,32099.6171875
405.7745099067688,2,103.8,4388.6953125,32099.6171875
406.78591299057007,2,100.9,4304.01171875,32099.6171875
407.79664874076843,2,99.9,4298.60546875,32099.6171875
408.8072261810303,2,100.0,4298.60546875,32099.6171875
409.8174479007721,2,99.9,4298.60546875,32099.6171875
410.8287341594696,2,99.9,4297.546875,32099.6171875
411.83925890922546,2,100.9,4215.3671875,32099.6171875
412.85046339035034,2,553.3,2677.453125,32155.6171875
413.8625819683075,2,243.1,2916.359375,32299.625
414.8743920326233,2,103.9,2873.88671875,32299.6953125
415.88477540016174,2,110.7,2939.4296875,32507.7109375
416.89613819122314,2,343.4,3360.71875,32987.7109375
417.90659379959106,2,1981.7,4121.0390625,38619.79296875
418.9183785915375,2,730.1,6467.5546875,38107.78515625
419.9342122077942,2,1459.3,4205.20703125,37083.7578125
420.94699478149414,2,1393.6,3955.83203125,44251.7421875
421.9696340560913,2,3903.3,5797.19140625,44251.7421875
422.9966628551483,2,4147.8,6442.8828125,44251.7421875
424.00585675239563,2,2754.4,6766.5,44251.7421875
425.01840376853943,2,2296.7,6862.359375,44251.7421875
426.0286395549774,2,1663.8,4006.3515625,44251.7421875
427.0776357650757,2,3744.4,5745.57421875,44279.7421875
428.1020357608795,2,4445.4,7546.2734375,44279.7421875
429.1280233860016,2,2955.4,7721.7578125,44279.7421875
430.1522104740143,2,3524.6,8331.70703125,44279.7421875
431.16085720062256,2,1956.3,8426.67578125,44279.7421875
432.169340133667,2,3439.5,8537.734375,44279.7421875
433.18365144729614,2,1356.5,3289.96875,42231.7109375
434.19862961769104,2,4704.6,3193.15234375,42231.7109375
435.2246325016022,2,4670.9,3168.02734375,42231.7109375
436.24363470077515,2,4125.2,3234.4609375,42231.7109375
437.26363587379456,2,4657.8,3238.72265625,42231.7109375
438.2880470752716,2,2808.0,3313.01171875,44279.7421875
439.297682762146,2,638.4,3175.76953125,42231.7109375
440.3063349723816,2,101.4,3159.3515625,42231.7109375
441.31246995925903,2,93.2,3187.72265625,42301.73046875
442.32065629959106,2,128.9,3724.87890625,42301.73046875
443.3291265964508,2,99.2,4129.17578125,42301.73046875
444.3371410369873,4,43.6,4414.6875,42534.015625
445.3460531234741,4,99.2,4645.91796875,42767.47265625
446.3543555736542,4,102.1,4866.5703125,42990.8671875
447.3631887435913,4,99.8,5067.48046875,43201.90234375
448.37507605552673,4,100.0,5340.75390625,43477.6328125
449.3853464126587,4,100.8,5644.671875,43806.47265625
450.3971574306488,4,98.8,5986.9921875,44156.7109375
451.4089641571045,4,99.9,6331.40234375,44507.0625
452.4200654029846,4,100.9,6652.2109375,44831.1328125
453.4311878681183,4,99.9,6988.58203125,45177.24609375
454.4421224594116,4,99.9,7338.7578125,45527.484375
455.45356249809265,4,99.9,7689.1328125,45877.8515625
456.46426033973694,4,99.9,8009.5390625,46198.18359375
457.47509837150574,4,99.8,8356.79296875,46545.45703125
458.48716831207275,4,99.9,8706.80859375,46895.4375
459.49849009513855,4,100.1,9048.83203125,47237.68359375
460.5073094367981,4,98.9,9376.2421875,47565.10546875
461.5188286304474,4,100.8,9723.1953125,47911.9921875
462.53023958206177,4,99.8,10074.50390625,48263.390625
463.54178261756897,4,98.9,10403.62109375,48594.80859375
464.55238103866577,4,100.9,10735.484375,48926.61328125
465.5631773471832,4,98.9,11081.73046875,49272.85546875
466.57409143447876,4,99.9,11432.625,49623.73828125
467.5855131149292,4,99.9,11754.21875,49945.359375
468.59643602371216,4,99.9,12103.08203125,50294.30859375
469.6077392101288,4,99.9,12451.30859375,50642.484375
470.6188404560089,4,100.0,12801.60546875,50992.72265625
471.6292510032654,4,99.8,13122.6015625,51313.828125
472.6415009498596,4,99.8,13473.01953125,51664.1953125
473.6532928943634,4,99.9,13822.09375,52013.2734375
474.66423749923706,4,99.8,14174.24609375,52365.4453125
475.67607283592224,4,99.9,14404.97265625,52596.1875
476.6867973804474,4,99.8,14460.921875,52652.1328125
477.69840145111084,4,99.8,14769.76953125,53026.75390625
478.71006870269775,4,98.9,14724.27734375,52915.328125
479.7209544181824,5,0.0,4207.28515625,42794.44140625
480.7331612110138,5,98.8,4609.078125,43066.80078125
481.74518060684204,2,29.6,3343.61328125,42988.046875
482.75696873664856,2,490.7,4103.56640625,43325.77734375
483.7726356983185,2,3273.7,5172.609375,47421.83984375
484.79962635040283,2,4708.6,5172.609375,47421.83984375
485.81963300704956,2,4602.7,5232.55859375,47421.83984375
486.83949160575867,2,305.4,5915.34765625,49469.87109375
487.8480043411255,2,100.1,6301.1640625,49469.87109375
488.8566782474518,2,99.2,6531.12109375,49469.87109375
489.86503434181213,4,5.9,6943.2890625,49887.796875
490.874703168869,4,100.1,7244.05859375,50188.52734375
491.8837900161743,4,99.2,7582.4765625,50526.90625
492.89205741882324,4,100.2,7922.56640625,50866.9765625
493.900244474411,4,100.2,8243.25390625,51187.6953125
494.90872621536255,4,99.1,8572.25,51516.6640625
495.91730403900146,4,100.1,8900.65625,51845.1171875
496.926513671875,4,100.1,9194.6015625,52145.33984375
497.9360041618347,4,99.2,9509.1953125,52460.0
498.94405484199524,4,100.1,9834.35546875,52785.1328125
499.95271158218384,4,100.1,10165.2578125,53116.03515625
500.9621238708496,4,99.8,10489.91015625,53440.75
501.9741735458374,4,99.9,10861.41015625,53812.12890625
502.98567271232605,4,99.8,11235.046875,54185.828125
503.99747014045715,4,100.0,11605.6953125,54556.43359375
505.0079836845398,4,99.9,11950.40625,54901.12890625
506.0191180706024,4,99.0,12321.84765625,55272.63671875
507.02953720092773,4,100.9,12692.76953125,55645.3046875
508.04059410095215,4,99.1,13059.1796875,56011.78515625
509.0501756668091,4,99.9,13405.9765625,56358.54296875
510.0613160133362,4,100.9,13776.99609375,56729.53515625
511.0726387500763,4,98.9,14150.34765625,57102.84765625
512.083703994751,4,100.0,14508.4375,57460.94921875
513.0940048694611,4,99.9,14862.28515625,57817.6328125
514.1046576499939,4,99.9,15234.453125,58189.78515625
515.1160600185394,4,99.9,15608.37109375,58563.7421875
516.1274425983429,4,100.0,15968.54296875,58923.90625
517.1376664638519,4,99.8,16323.23046875,59278.52734375
518.1493599414825,4,98.9,16698.03515625,59653.38671875
519.160989522934,4,100.8,17072.3359375,60027.73046875
520.1728191375732,4,99.0,17418.40625,60373.71484375
521.1833167076111,4,100.8,17790.3046875,60745.609375
522.1953048706055,4,99.0,18163.28125,61118.6640625
523.205840587616,4,100.8,18537.7890625,61493.13671875
524.2174179553986,4,99.9,18882.62109375,61837.9609375
525.2279198169708,4,99.9,19254.546875,62209.85546875
526.2387742996216,4,99.9,19545.69921875,62501.0546875
527.2497475147247,4,99.8,19615.01171875,62570.40625
528.2619860172272,4,98.9,19615.01171875,62570.40625
529.2733583450317,4,99.8,19615.0859375,62570.40625
530.285355091095,4,99.8,19628.84765625,62599.625
531.2970595359802,4,99.9,20009.1875,63126.05078125
532.3080670833588,4,99.8,20233.01171875,63299.26171875
533.3197829723358,4,98.8,20241.01171875,63299.26171875
534.3314788341522,4,99.9,19710.4609375,62665.53125
535.3427078723907,5,0.0,6855.515625,50248.83984375
536.3544595241547,5,99.9,7463.93359375,50850.34375
537.365847826004,5,99.8,7417.08984375,50720.9765625
538.3774569034576,2,53.3,5575.9609375,50174.75
539.3902010917664,2,100.1,5573.546875,50174.75
540.3995473384857,2,99.9,5576.671875,50174.75
541.4101614952087,2,801.1,6931.578125,49662.71875
542.4212920665741,2,170.3,7097.93359375,49662.71875
543.4310412406921,2,209.0,7104.29296875,49662.71875
544.4406490325928,2,759.5,7155.80078125,49662.71875
545.4555833339691,2,1519.7,10757.41796875,49662.71875
546.4676353931427,2,4039.0,13445.09765625,49662.71875
547.4926359653473,2,4579.7,13893.30859375,49662.71875
548.5181386470795,2,4463.9,14419.55859375,49662.71875
549.5326790809631,2,3640.4,15427.83203125,49662.71875
550.5776352882385,2,3781.1,14802.23828125,49662.71875
551.5896399021149,2,2816.4,15418.19140625,49662.71875
552.6106011867523,2,1905.1,15354.88671875,49662.71875
553.6178467273712,2,3306.9,15499.15234375,49662.71875
554.6299996376038,2,931.3,8095.3359375,49662.71875
555.6392283439636,2,186.5,8099.5,49662.71875
556.6475307941437,2,261.9,7833.671875,50174.75
557.6555082798004,2,1051.8,7677.11328125,49662.71875
558.6632578372955,2,1394.8,9357.20703125,49694.71875
559.6727750301361,2,3255.3,13102.24609375,49694.71875
560.6836411952972,2,4535.4,13998.07421875,49694.71875
561.7106373310089,2,4542.1,14371.9140625,55838.71875
562.7226684093475,2,3554.4,14737.87890625,55838.71875
563.7589294910431,2,3134.6,14956.546875,55838.71875
564.7711002826691,2,2779.3,15460.26171875,55838.71875
565.7802865505219,2,1441.8,15368.58203125,55838.71875
566.7881073951721,2,3712.7,15504.98828125,55838.71875
567.7969934940338,2,981.3,8725.375,56062.71875
568.8048243522644,2,1030.3,8276.328125,56062.71875
569.8191010951996,2,1253.7,8088.54296875,56062.71875
570.8289437294006,2,1044.2,9583.234375,56062.71875
571.8386406898499,2,3751.9,12408.77734375,56062.71875
572.8626458644867,2,4617.8,13016.9375,56062.71875
573.8879988193512,2,4424.2,14063.64453125,56062.71875
574.8986768722534,2,3733.1,14924.3203125,56062.71875
575.94482421875,2,4017.0,14105.78125,56062.71875
576.9529585838318,2,2872.6,14558.53125,56062.71875
577.9636347293854,2,2436.9,14444.41015625,56062.71875
578.9748578071594,2,2656.1,14498.96875,56062.71875
579.9842212200165,2,1157.9,8588.00390625,56062.71875
580.9928712844849,2,993.9,8142.85546875,56062.71875
582.0000874996185,2,1239.2,7928.921875,56062.71875
583.0080428123474,2,1682.8,10757.6875,56062.71875
584.0276403427124,2,4456.8,12416.2890625,56062.71875
585.0496423244476,2,4540.4,12974.140625,56062.71875
586.0648624897003,2,3967.3,14081.640625,56062.71875
587.0756802558899,2,3891.0,14811.76953125,56062.71875
588.1204397678375,2,4125.7,14135.06640625,56062.71875
589.1317451000214,2,2535.7,14509.74609375,56062.71875
590.1404037475586,2,2985.0,14329.3828125,56062.71875
591.1511008739471,2,938.9,8193.41796875,56062.71875
592.1605567932129,2,1289.6,8294.73046875,56318.71875
593.1718308925629,2,1553.7,8082.2890625,56318.71875
594.1816937923431,2,1017.6,8486.1171875,56318.71875
595.1941289901733,2,2906.0,12334.00390625,56318.71875
596.2145037651062,2,4549.0,12970.86328125,56318.71875
597.2416496276855,2,4350.8,14034.828125,56318.71875
598.2621185779572,2,3567.6,14896.56640625,56318.71875
599.3086745738983,2,4500.5,14280.37890625,56318.71875
600.3410947322845,2,3114.4,14543.56640625,56318.71875
601.3475737571716,2,2208.4,14334.2421875,56318.71875
602.3555183410645,2,2973.8,14468.30859375,56318.71875
603.364599943161,2,1278.5,8531.296875,56318.71875
604.3737237453461,2,744.6,8256.73828125,56318.71875
605.3821759223938,2,1124.6,8106.296875,56318.71875
606.3904898166656,2,1068.1,10298.09375,56318.71875
607.3996367454529,2,4385.4,12517.75,56318.71875
608.420645236969,2,4540.1,13995.34375,56318.71875
609.4476366043091,2,4383.7,14269.625,56318.71875
610.4686808586121,2,3522.2,15152.47265625,56318.71875
611.5166509151459,2,4235.1,14307.48828125,56318.71875
612.5408959388733,2,3113.7,14745.53515625,56318.71875
613.5506365299225,2,2209.0,14676.7421875,56318.71875
614.5615582466125,2,3067.1,14711.2578125,56318.71875
615.5679438114166,2,1342.9,8968.703125,56318.71875
616.5776357650757,2,795.4,8372.2421875,56318.71875
617.5928363800049,2,1186.8,8133.234375,56318.71875
618.6016411781311,2,1115.3,9892.9921875,56318.71875
619.6136355400085,2,4405.1,11673.40234375,56318.71875
620.6337592601776,2,4482.0,13609.73828125,56318.71875
621.651221036911,2,4231.7,13599.19921875,56318.71875
622.6626751422882,2,3981.5,13893.06640625,56318.71875
623.6836326122284,2,4239.6,13646.875,56318.71875
624.6946494579315,2,2732.9,13998.796875,56318.71875
625.7128357887268,2,2962.4,13977.2421875,56318.71875
626.7241914272308,2,1265.6,8161.81640625,56318.71875
627.7322607040405,2,1304.1,8798.0078125,56318.71875
628.7391486167908,2,1239.8,8249.47265625,56318.71875
629.7472603321075,2,1071.2,8005.08984375,56318.71875
630.7575104236603,2,3045.9,11639.6484375,56318.71875
631.7786445617676,2,4402.2,12179.64453125,56318.71875
632.8046338558197,2,4381.9,13736.54296875,56318.71875
633.8256866931915,2,3673.1,14592.9921875,56318.71875
634.8706755638123,2,4656.6,13882.37890625,56318.71875
635.8872027397156,2,3037.9,14232.1953125,56318.71875
636.898636341095,2,2280.8,14035.10546875,56318.71875
637.9078342914581,2,3056.2,14109.87890625,56318.71875
638.9206359386444,2,1451.2,8769.5390625,56318.71875
639.9295065402985,2,682.2,8418.02734375,56318.71875
640.9373445510864,2,1224.1,8293.6796875,56318.71875
641.9466450214386,2,1186.3,10070.6328125,56318.71875
642.9606387615204,2,4352.0,11764.171875,56318.71875
643.9809458255768,2,4456.3,13653.21875,56318.71875
644.9970996379852,2,4161.1,13736.89453125,56318.71875
646.0066666603088,2,3997.2,13900.5390625,56318.71875
647.0195381641388,2,4204.6,13819.3671875,56318.71875
648.0316503047943,2,2747.4,14184.80859375,56318.71875
649.0566346645355,2,2867.4,14064.0546875,56318.71875
650.0691833496094,2,1486.2,7922.8203125,56318.71875
651.0756380558014,2,1428.5,9065.95703125,56318.71875
652.0836882591248,2,957.1,8337.8984375,56318.71875
653.0930120944977,2,1299.1,8173.3828125,56318.71875
654.101686000824,2,1697.7,11032.5,56318.71875
655.1336374282837,2,4405.7,12613.35546875,56318.71875
656.1546456813812,2,4445.0,14314.625,56318.71875
657.1686387062073,2,4137.4,14428.30078125,56318.71875
658.1766467094421,2,3915.1,14503.390625,56318.71875
659.1897311210632,2,3995.6,14510.140625,56318.71875
660.2015788555145,2,2844.5,14855.984375,56318.71875
661.2146363258362,2,2632.8,14816.79296875,56318.71875
662.2262978553772,2,2182.9,7724.18359375,56830.7265625
663.2349293231964,2,1465.0,8702.12890625,56318.71875
664.2430868148804,2,998.6,7932.16015625,56318.71875
665.2519671916962,2,1285.8,10533.77734375,56318.71875
666.2616817951202,2,3713.2,13184.6640625,56318.71875
667.2876472473145,2,4489.9,13785.1953125,56318.71875
668.3126437664032,2,4339.4,13293.1328125,56318.71875
669.3257992267609,2,4027.5,14521.8515625,56318.71875
670.3336763381958,2,4226.3,15469.57421875,56318.71875
671.384687423706,2,4418.4,15426.5625,56318.71875
672.4335467815399,2,4079.2,14696.28125,56318.71875
673.4486563205719,2,2826.9,15083.921875,56318.71875
674.4727780818939,2,2893.4,15128.984375,56318.71875
675.4850966930389,2,1722.8,7562.234375,56318.71875
676.4950404167175,2,1677.9,9501.7890625,56318.71875
677.5046901702881,2,3350.9,12584.81640625,56318.71875
678.5236442089081,2,4471.5,13371.64453125,56318.71875
679.5496594905853,2,4371.1,12786.9375,56318.71875
680.5636737346649,2,4210.2,13663.7890625,56318.71875
681.6126816272736,2,4545.6,13591.58984375,56318.71875
682.6616363525391,2,3790.5,13333.046875,56318.71875
683.6689612865448,2,2422.8,13442.9453125,56318.71875
684.6807372570038,2,2104.7,7280.5078125,56318.71875
685.6908464431763,2,1591.9,9015.54296875,56318.71875
686.6986765861511,2,3128.9,12365.84375,56318.71875
687.7374293804169,2,4437.7,13020.06640625,56318.71875
688.7506399154663,2,4056.3,12615.98828125,56318.71875
689.7716782093048,2,4267.6,13500.67578125,56318.71875
690.8166582584381,2,4493.5,13483.26171875,56318.71875
691.8608276844025,2,3933.6,13080.9609375,56318.71875
692.8701660633087,2,2248.7,13167.40234375,56318.71875
693.8781073093414,2,2086.0,6853.73046875,56318.71875
694.887110710144,2,99.1,7435.18359375,56318.71875
695.8961853981018,2,1458.4,8224.30859375,56318.71875
696.9048581123352,2,1029.7,7528.578125,56318.71875
697.9128539562225,2,3296.6,10045.9140625,56318.71875
698.9266443252563,2,4282.0,11333.65234375,56318.71875
699.9526340961456,2,4369.6,13231.8984375,56318.71875
700.9726796150208,2,4010.9,13370.7265625,56318.71875
701.9898843765259,2,3794.0,13460.93359375,56318.71875
702.9984056949615,2,2950.2,14006.3671875,56318.71875
704.0086343288422,2,2397.2,13929.37890625,56318.71875
705.0221910476685,2,2432.0,7858.41015625,56830.7265625
706.0306384563446,2,102.3,7869.609375,56318.71875
707.0373687744141,2,1454.9,9101.125,56318.71875
708.0476386547089,2,1177.8,7839.81640625,56318.71875
709.068647146225,2,3461.4,10351.375,56318.71875
710.0826449394226,2,4404.8,11655.33203125,56318.71875
711.1083738803864,2,4346.6,13094.125,56318.71875
712.1199333667755,2,3951.0,13159.0078125,56318.71875
713.1285450458527,2,3970.0,13195.64453125,56318.71875
714.1386590003967,2,2959.4,13598.5625,56318.71875
715.1616370677948,2,2728.4,13496.2734375,56318.71875
716.1729669570923,2,1191.9,8150.25,56318.71875
717.1812582015991,2,1515.3,9099.53515625,56318.71875
718.1896371841431,2,747.5,8272.03125,56318.71875
719.1996369361877,2,1271.9,7879.73046875,56318.71875
720.2194023132324,2,3144.1,9769.53515625,56318.71875
721.2356433868408,2,4349.8,11178.19140625,56318.71875
722.2732162475586,2,4467.0,12485.46875,56318.71875
723.287534236908,2,3904.5,13157.45703125,56318.71875
724.2946388721466,2,3620.5,13281.35546875,56318.71875
725.3046495914459,2,2805.4,13778.51171875,56318.71875
726.3166356086731,2,2249.9,13697.484375,56318.71875
727.3295600414276,2,2388.6,7349.890625,56318.71875
728.3383145332336,2,1503.0,9340.36328125,56318.71875
729.3450503349304,2,588.8,8262.60546875,56638.71875
730.3538300991058,2,1316.4,7960.5078125,56638.71875
731.361914396286,2,2243.1,9265.5234375,56638.71875
732.3706414699554,2,3955.9,11322.40234375,56638.71875
733.3976480960846,2,4463.3,12948.89453125,56638.71875
734.4306426048279,2,4372.6,13316.87109375,56638.71875
735.4486377239227,2,4292.5,14867.90625,56638.71875
736.4656407833099,2,3267.8,15210.71484375,56638.71875
737.495756149292,2,3437.2,15638.4453125,56638.71875
738.5161240100861,2,2539.5,16211.59765625,56638.71875
739.5236337184906,2,1953.2,16177.75390625,56638.71875
740.5366621017456,2,3110.0,16465.1484375,56638.71875
741.5455083847046,2,577.7,8197.0078125,56638.71875
742.5545871257782,2,1568.1,8373.1640625,56638.71875
743.5628769397736,2,779.3,8220.6796875,56638.71875
744.5716390609741,2,1280.9,7911.796875,56638.71875
745.602935552597,2,2913.2,9640.55859375,56638.71875
746.6166360378265,2,4370.8,11090.61328125,56638.71875
747.6336534023285,2,4517.9,13817.3125,56638.71875
748.6486392021179,2,4241.2,14392.80078125,56638.71875
749.6690671443939,2,3918.2,14864.45703125,56638.71875
750.6779034137726,2,3086.7,15094.12890625,56638.71875
751.6886723041534,2,3221.9,16080.91015625,56638.71875
752.6984498500824,2,1903.1,15947.91015625,56638.71875
753.707635641098,2,3551.7,16052.51171875,56638.71875
754.7149152755737,2,925.3,12110.875,56638.71875
755.7231681346893,2,1545.5,8938.34765625,56638.71875
756.7306101322174,2,645.2,8300.75,56638.71875
757.7395050525665,2,984.4,8160.31640625,56638.71875
758.7496333122253,2,2393.6,7992.80078125,56638.71875
759.7895431518555,2,3401.8,10532.90234375,56638.71875
760.8116405010223,2,4593.6,12980.6015625,56638.71875
761.8367693424225,2,4361.7,13092.25390625,56638.71875
762.8468701839447,2,3424.9,13363.97265625,56638.71875
763.8546347618103,2,3586.6,13932.44921875,56638.71875
764.8669629096985,2,1929.7,13810.984375,56638.71875
765.875214099884,2,3361.0,13921.7265625,56638.71875
766.8866353034973,2,777.7,8763.57421875,56638.71875
767.9057261943817,2,1484.3,8384.1796875,56638.71875
768.9149270057678,2,1063.2,8265.9296875,56638.71875
769.9230816364288,2,2755.1,8512.4453125,56638.71875
770.9316413402557,2,3734.4,10792.53515625,56638.71875
771.9626417160034,2,4512.1,13353.01953125,56638.71875
772.9936444759369,2,4262.3,13238.59375,56638.71875
774.014669418335,2,3591.1,13763.15625,56638.71875
775.0418834686279,2,3376.8,14105.12109375,56638.71875
776.0530440807343,2,2401.4,14484.640625,56638.71875
777.0606453418732,2,2295.3,14538.16015625,56638.71875
778.0715999603271,2,2535.3,11561.40625,56638.71875
779.0799617767334,2,1513.4,9464.90625,56638.71875
780.0884001255035,2,859.9,8367.65234375,56638.71875
781.1162960529327,2,761.1,8211.390625,56638.71875
782.1253437995911,2,1115.2,7969.89453125,56638.71875
783.1616086959839,2,3688.8,10180.3046875,56638.71875
784.1836426258087,2,4498.5,11871.67578125,56638.71875
785.2092235088348,2,4481.9,12761.78125,56638.71875
786.2217924594879,2,3983.5,13014.01171875,56638.71875
787.2326366901398,2,3590.7,13549.87890625,56638.71875
788.2530934810638,2,1869.8,13850.1015625,56638.71875
789.2665030956268,2,3010.5,13902.90625,56638.71875
790.2780454158783,2,1023.0,7966.53515625,56638.71875
791.2876703739166,2,1650.4,8288.66015625,56638.71875
792.3091642856598,2,860.6,8106.859375,56638.71875
793.3336119651794,2,596.0,8075.78125,56638.71875
794.3426373004913,2,2751.0,7828.7578125,56638.71875
795.3925821781158,2,3472.3,10194.69140625,56638.71875
796.4086508750916,2,4542.7,13206.92578125,56638.71875
797.4226598739624,2,4172.8,12916.47265625,56638.71875
798.447695016861,2,3574.7,13279.53515625,56638.71875
799.4562821388245,2,3517.5,14007.49609375,56638.71875
800.4623897075653,2,1440.9,13917.5859375,56638.71875
801.4701809883118,2,3259.2,14139.62890625,56638.71875
802.4796380996704,2,928.4,8714.1015625,56638.71875
803.5047786235809,2,1276.2,8279.51171875,56638.71875
804.5123615264893,2,835.8,8158.8359375,56638.71875
805.5186457633972,2,916.9,7982.734375,57150.75
806.5276398658752,2,3361.7,9383.75390625,56638.71875
807.5476467609406,2,4324.7,11208.69140625,56638.71875
808.5733964443207,2,4475.8,11616.234375,56638.71875
809.5886356830597,2,4479.2,13122.01953125,56638.71875
810.606648683548,2,2816.0,13597.06640625,56638.71875
811.6321949958801,2,3214.1,14161.96484375,56638.71875
812.6393117904663,2,1451.4,14108.9921875,56638.71875
813.6471321582794,2,3394.2,14309.09375,56638.71875
814.6546382904053,2,969.3,8853.47265625,56638.71875
815.6742198467255,2,1185.5,8401.640625,56638.71875
816.6825261116028,2,1163.7,8191.05078125,56638.71875
817.7146346569061,2,1880.5,8098.515625,56638.71875
818.7566363811493,2,3443.9,10525.87890625,56638.71875
819.775643825531,2,4491.7,12604.65234375,56638.71875
820.8016376495361,2,4360.8,13109.32421875,56638.71875
821.8226802349091,2,3661.8,13926.46875,56638.71875
822.8686394691467,2,3541.0,13726.0859375,56638.71875
823.8834307193756,2,2002.8,13850.50390625,56638.71875
824.8946397304535,2,3476.1,13871.875,56638.71875
825.9029059410095,2,527.9,8645.33984375,56638.71875
826.9125757217407,2,1592.4,8536.37109375,56638.71875
827.9209535121918,2,892.1,8322.140625,56638.71875
828.9298129081726,2,1262.8,8151.71484375,56638.71875
829.9556477069855,2,3492.8,10442.1875,56638.71875
830.9726433753967,2,4368.6,11711.484375,56638.71875
831.9986655712128,2,4523.4,13102.6796875,56638.71875
833.0106439590454,2,3702.2,13466.71875,56638.71875
834.0191326141357,2,3514.1,13615.703125,56638.71875
835.0302464962006,2,2890.9,14116.1171875,56638.71875
836.0386393070221,2,2265.7,14106.265625,56638.71875
837.0489118099213,2,2382.0,8086.9609375,57150.7265625
838.0572202205658,2,1579.2,9587.48828125,56638.71875
839.0665802955627,2,641.1,8498.640625,56638.71875
840.0766353607178,2,1141.1,8219.7421875,56638.71875
841.0853385925293,2,2152.0,8917.9921875,56638.71875
842.0946371555328,2,3909.0,10935.69921875,56638.71875
843.1096420288086,2,4559.8,13412.24609375,56638.71875
844.1316347122192,2,4301.8,13495.69921875,56638.71875
845.1443021297455,2,3368.0,13629.30078125,56638.71875
846.1521441936493,2,3634.5,14154.68359375,56638.71875
847.1619734764099,2,1971.0,14296.125,56638.71875
848.1756355762482,2,3367.9,14157.35546875,56638.71875
849.1898493766785,2,740.4,8667.77734375,56638.71875
850.1986212730408,2,1675.4,8690.73828125,56638.71875
851.2086110115051,2,756.9,8502.64453125,56638.71875
852.2166495323181,2,1165.8,8263.47265625,56638.71875
853.2262728214264,2,2655.0,9889.18359375,56638.71875
854.2396359443665,2,4342.0,11599.203125,56638.71875
855.2606434822083,2,4512.7,14029.06640625,56638.71875
856.2856621742249,2,4216.6,14480.0859375,56638.71875
857.301675081253,2,4064.6,15322.16796875,56638.71875
858.3176436424255,2,3546.9,15561.5234375,56638.71875
859.3442778587341,2,3734.2,16210.37109375,56638.71875
860.3506422042847,2,1973.3,16393.7890625,56638.71875
861.3656389713287,2,2251.5,16519.26171875,56638.71875
862.3768727779388,2,2582.8,16824.12109375,56638.71875
863.3852326869965,2,534.2,8713.640625,57022.71875
864.3962934017181,2,1627.7,8646.7265625,57022.71875
865.4049396514893,2,670.9,8471.26953125,57022.71875
866.4214704036713,2,1298.7,8249.87890625,57022.71875
867.4301602840424,2,2198.6,9418.23828125,57022.71875
868.4416372776031,2,4418.5,10980.421875,57022.71875
869.463864326477,2,4514.8,12223.30859375,57022.71875
870.4766435623169,2,4295.8,13727.4921875,57022.71875
871.4924547672272,2,3264.5,13954.85546875,57022.71875
872.5055160522461,2,3613.8,14548.609375,57022.71875
873.5122621059418,2,1908.0,14404.42578125,57022.71875
874.519508600235,2,3474.8,14447.5078125,57022.71875
875.5310528278351,2,614.9,9135.66015625,57022.71875
876.5392346382141,2,1612.0,8728.10546875,57022.71875
877.5472476482391,2,635.6,8504.53515625,57022.71875
878.5556347370148,2,1314.3,8191.83203125,57022.71875
879.5836913585663,2,3065.2,10352.2421875,57022.71875
880.62264585495,2,4342.2,11473.2734375,57022.71875
881.6496541500092,2,4471.5,12969.2421875,57022.71875
882.6696400642395,2,3981.8,13629.56640625,57022.71875
883.6846392154694,2,3356.8,13706.50390625,57022.71875
884.6969139575958,2,2973.6,14214.94140625,57022.71875
885.7188851833344,2,2000.1,14190.2890625,57022.71875
886.729843378067,2,2910.6,13928.359375,57022.71875
887.7376356124878,2,1561.3,9187.3984375,57022.71875
888.7449746131897,2,665.8,8703.8984375,57022.71875
889.754150390625,2,1144.4,8487.125,57022.71875
890.7626359462738,2,2315.2,8296.2890625,57022.71875
891.8236374855042,2,3195.3,11481.0078125,57022.71875
892.8456399440765,2,4392.9,12742.4140625,57022.71875
893.8713638782501,2,4328.2,13234.078125,57022.71875
894.8836395740509,2,4348.3,15127.28515625,57022.71875
895.9024686813354,2,3588.2,15308.26953125,57022.71875
896.9109392166138,2,3600.2,15590.875,57022.71875
897.9213001728058,2,2648.9,16442.04296875,57022.71875
898.930038690567,2,1501.3,16382.6953125,57022.71875
899.9438450336456,2,3587.9,16697.3671875,57022.71875
900.9523830413818,2,624.6,7877.80078125,57022.71875
901.9610624313354,2,1662.2,9084.39453125,57022.71875
902.9699409008026,2,630.7,8370.30078125,57022.71875
903.9786353111267,2,1145.7,8190.6953125,57022.71875
905.0184862613678,2,1977.4,8441.77734375,57022.71875
906.0276434421539,2,3756.5,10653.125,57022.71875
907.0403666496277,2,4405.2,12976.359375,57022.71875
908.0526411533356,2,4296.1,13405.37890625,57022.71875
909.0745630264282,2,3253.8,13674.94140625,57022.71875
910.0876362323761,2,3293.9,14196.09375,57022.71875
911.0996408462524,2,1743.5,14063.39453125,57022.71875
912.1086382865906,2,3337.6,14205.50390625,57022.71875
913.1185200214386,2,1482.7,9423.41015625,57022.71875
914.1266486644745,2,635.0,8949.97265625,57022.71875
915.1346547603607,2,1105.1,8796.79296875,57022.71875
916.1436789035797,2,2372.5,11291.921875,57022.71875
917.1696357727051,2,4461.6,12165.203125,57022.71875
918.1901729106903,2,4428.5,13382.796875,57022.71875
919.2012975215912,2,3923.0,14526.5234375,57022.71875
920.2116844654083,2,4376.9,15132.171875,57022.71875
921.2607221603394,2,3640.5,14650.875,57022.71875
922.2709157466888,2,2160.1,14690.60546875,57022.71875
923.2824823856354,2,3128.2,14719.74609375,57022.71875
924.2908656597137,2,1273.6,9601.96875,57022.71875
925.2974901199341,2,1228.6,8846.6015625,57022.71875
926.3076372146606,2,1109.7,8625.52734375,57022.71875
927.3216106891632,2,2665.2,13007.96875,57022.71875
928.367635011673,2,4448.0,14365.8671875,57022.71875
929.3886461257935,2,4525.7,15457.0390625,57022.71875
930.4129271507263,2,4268.3,15081.84765625,57022.71875
931.4387879371643,2,3912.2,15920.0390625,57022.71875
932.4868795871735,2,4508.5,15832.1171875,57022.71875
933.53564620018,2,4334.3,15036.8046875,57022.71875
934.5536553859711,2,2847.9,15547.12890625,57022.71875
935.564444065094,2,2672.6,15622.4296875,57022.71875
936.5762021541595,2,2351.0,7787.50390625,57534.7265625
937.5845646858215,2,1734.8,9358.27734375,57022.71875
938.5933141708374,2,780.2,8576.02734375,57022.71875
939.6059172153473,2,1754.6,10105.39453125,57022.71875
940.6156375408173,2,4029.1,12463.5625,57022.71875
941.6366455554962,2,4533.5,13838.03125,57022.71875
942.6634931564331,2,4353.1,14622.05078125,57022.71875
943.6756882667542,2,4106.5,15448.04296875,57022.71875
944.7143929004669,2,3864.9,14650.1875,57022.71875
945.7227892875671,2,2957.1,15098.578125,57022.71875
946.7539281845093,2,2280.3,14983.99609375,57022.71875
947.7651920318604,2,2684.4,12742.8203125,57022.71875
948.7731375694275,2,1705.6,9735.52734375,57022.71875
949.7815434932709,2,874.0,8595.51171875,57022.71875
950.792680978775,2,2355.1,11308.1875,57022.71875
951.8326337337494,2,4470.6,12149.9453125,57022.71875
952.8456630706787,2,4370.1,13561.453125,57022.71875
953.8606805801392,2,3804.1,14694.51171875,57022.71875
954.9091238975525,2,4604.3,13799.64453125,57022.71875
955.9269697666168,2,3109.1,14360.58203125,57022.71875
956.9333000183105,2,2110.8,14190.4375,57022.71875
957.9420342445374,2,2802.5,14374.3984375,57022.71875
958.9496352672577,2,1768.5,9205.1015625,57022.71875
959.9612197875977,2,848.3,8670.33203125,57022.71875
960.9690873622894,2,1624.5,10007.91796875,57022.71875
961.9786355495453,2,4009.9,12407.7578125,57022.71875
962.9996433258057,2,4553.9,13921.4609375,57022.71875
964.0256476402283,2,4228.9,14477.1328125,57022.71875
965.0506722927094,2,3922.2,14463.515625,57022.71875
966.060640335083,2,3866.0,14430.01953125,57022.71875
967.0726387500763,2,3086.9,14873.37890625,57022.71875
968.0956380367279,2,2435.8,14762.1640625,57022.71875
969.1071922779083,2,1929.8,8163.01171875,57022.71875
970.1164617538452,2,1737.5,10089.1171875,57022.71875
971.1247911453247,2,945.7,8863.5546875,57022.71875
972.1336455345154,2,1473.5,11973.8671875,57022.71875
973.147634267807,2,4370.1,14415.91015625,57022.71875
974.1686472892761,2,4624.7,14783.578125,57022.71875
975.1946728229523,2,4481.5,14786.33984375,57022.71875
976.2141501903534,2,3758.8,15334.5703125,57022.71875
977.2216627597809,2,4684.3,16076.6484375,57022.71875
978.2711472511292,2,4492.7,16019.5234375,57022.71875
979.3157744407654,2,3724.0,15577.4140625,57022.71875
980.3260657787323,2,2361.7,15775.2890625,57022.71875
981.3332099914551,2,2965.7,15913.8125,57022.71875
982.3426382541656,2,1209.1,9249.8046875,57022.71875
983.3574895858765,2,1187.9,8812.8515625,57534.75
984.3666353225708,2,1589.7,9289.09375,57022.71875
985.4026727676392,2,2661.8,13646.0390625,57022.71875
986.4446375370026,2,4419.4,14385.984375,57022.71875
987.4666433334351,2,4568.2,16065.2421875,57022.71875
988.4976348876953,2,4379.0,15248.6640625,57022.71875
989.5216691493988,2,4117.7,16087.73828125,57022.71875
990.571685552597,2,4410.9,16069.9140625,57022.71875
991.6202278137207,2,4078.2,15255.4765625,57022.71875
992.634640455246,2,3018.0,15727.15234375,57022.71875
993.6566364765167,2,2835.2,15817.8515625,57022.71875
994.6706357002258,2,1931.6,7853.984375,57022.71875
995.6854569911957,2,1971.6,7796.75,57022.71875
996.6989350318909,2,2650.5,8730.64453125,57022.71875
997.7076485157013,2,1835.1,7308.39453125,56829.87109375
998.7162671089172,2,885.2,8444.8671875,56829.87109375
999.7256352901459,2,2307.3,9807.234375,56869.87109375
1000.7366373538971,2,4016.7,11481.4921875,56869.87109375
1001.758645772934,2,4581.8,15889.04296875,64037.87109375
1002.8093903064728,2,4382.3,14898.32421875,64037.87109375
1003.8225991725922,2,4055.8,15427.80859375,64037.87109375
1004.8318562507629,2,3000.8,15747.46484375,64037.87109375
1005.8486387729645,2,3349.3,16520.203125,64037.87109375
1006.8686561584473,2,1721.8,16882.6484375,64037.87109375
1007.8783752918243,2,1142.6,17028.62890625,64037.87109375
1008.8875622749329,2,3929.5,17299.50390625,64037.87109375
1009.8961646556854,2,637.2,8563.9453125,66085.88671875
1010.90527510643,2,896.2,9047.6875,64037.87109375
1011.9140255451202,2,3054.5,9333.703125,64037.87109375
1012.9236714839935,2,3281.2,12745.078125,64037.87109375
1013.9526405334473,2,4236.7,13687.46875,64037.87109375
1014.9769113063812,2,4562.1,18423.7734375,72229.87109375
1016.0037059783936,2,4479.0,21925.5703125,72277.87109375
1017.0326478481293,2,4218.6,17659.53125,72277.87109375
1018.0456447601318,2,4375.9,18961.4921875,72277.87109375
1019.0705432891846,2,3573.3,19332.078125,72277.87109375
1020.0798516273499,2,3528.4,19442.03515625,72277.87109375
1021.0896365642548,2,3319.3,19949.1875,72277.87109375
1022.1047170162201,2,3207.7,21081.01171875,72277.87109375
1023.1288859844208,2,828.1,20961.2109375,72277.87109375
1024.1383726596832,2,996.1,21041.7265625,72277.87109375
1025.1594407558441,2,835.6,20978.95703125,72277.87109375
1026.1669869422913,2,3099.5,21100.875,72277.87109375
1027.1763184070587,2,2724.7,21370.62109375,72277.87109375
1028.1843328475952,2,648.9,8628.671875,74325.88671875
1029.1922903060913,2,1005.9,8726.2265625,72277.87109375
1030.2020559310913,2,2524.4,10556.53125,72277.87109375
1031.2136368751526,2,4385.6,12530.2890625,72277.87109375
1032.2346465587616,2,4392.9,15060.265625,72277.87109375
1033.2596428394318,2,4548.9,20293.3203125,72277.87109375
1034.286202430725,2,4217.0,15658.19140625,72277.87109375
1035.3006343841553,2,4420.3,18466.75,72277.87109375
1036.3210909366608,2,4309.7,18718.41796875,72277.87109375
1037.3295962810516,2,2853.0,19007.2421875,72277.87109375
1038.3408544063568,2,3092.7,19161.66796875,72277.87109375
1039.3520488739014,2,3601.2,20187.4296875,72277.87109375
1040.3644444942474,2,1084.6,20277.2421875,72277.87109375
1041.371194601059,2,1103.2,20257.2421875,72277.87109375
1042.3806331157684,2,1515.5,20372.109375,72277.87109375
1043.3936336040497,2,4147.1,20411.671875,72277.87109375
1044.4146447181702,2,721.4,20764.71875,72277.87109375
1045.4222197532654,2,726.9,8431.5078125,72277.87109375
1046.4306313991547,2,2800.1,8798.58203125,72277.87109375
1047.447434425354,2,3000.1,12434.37890625,72277.87109375
1048.4556367397308,2,4313.1,13678.9765625,72277.87109375
1049.48064661026,2,4581.8,18332.2734375,72277.87109375
1050.5066468715668,2,4419.1,19160.55078125,72277.87109375
1051.5227608680725,2,4155.2,18363.01953125,72277.87109375
1052.533462524414,2,4419.4,18542.62890625,72277.87109375
1053.5548961162567,2,3137.1,18834.71484375,72277.87109375
1054.5636439323425,2,3201.6,19219.953125,72277.87109375
1055.5775673389435,2,3638.2,19940.6328125,72277.87109375
1056.59823012352,2,1561.9,20462.0625,72277.87109375
1057.6058027744293,2,897.9,20399.12890625,72277.87109375
1058.6170620918274,2,1050.0,20492.96484375,72277.87109375
1059.6275970935822,2,2529.7,20598.60546875,72277.87109375
1060.639662027359,2,3024.8,20792.17578125,72277.87109375
1061.6475162506104,2,591.9,8734.875,74325.88671875
1062.656063079834,2,999.1,8843.23828125,72277.87109375
1063.6656346321106,2,2553.2,10644.82421875,72277.87109375
1064.6776337623596,2,4378.1,12582.0078125,72277.87109375
1065.6986441612244,2,4450.6,15219.81640625,72277.87109375
1066.7246444225311,2,4567.3,20258.28125,72277.87109375
1067.7506206035614,2,4225.3,15856.86328125,72277.87109375
1068.7676372528076,2,4344.8,18366.05859375,72277.87109375
1069.7899389266968,2,4226.3,18625.82421875,72277.87109375
1070.797551393509,2,3100.2,18975.578125,72277.87109375
1071.8106350898743,2,3088.6,19141.390625,72277.87109375
1072.8216261863708,2,3494.0,20044.3515625,72277.87109375
1073.8292722702026,2,951.5,20247.68359375,72277.87109375
1074.8396382331848,2,1181.8,20219.75,72277.87109375
1075.8574516773224,2,1580.0,20294.421875,72277.87109375
1076.8686933517456,2,4028.7,20406.75,72277.87109375
1077.8760452270508,2,745.8,20711.9453125,72277.87109375
1078.8870558738708,2,511.8,8529.58984375,72277.87109375
1079.895634174347,2,1329.4,9575.59375,72277.87109375
1080.9162034988403,2,3025.0,11580.796875,72277.87109375
1081.9256386756897,2,4057.3,14442.453125,72277.87109375
1082.9503366947174,2,4408.7,15050.01953125,72277.87109375
1083.9776470661163,2,4581.2,19933.4921875,72277.87109375
1085.0036444664001,2,4493.2,24716.7265625,72277.87109375
1086.0284178256989,2,4002.4,16980.05859375,72277.87109375
1087.0416374206543,2,4295.9,20611.77734375,72277.87109375
1088.0626373291016,2,4452.8,20785.2890625,72277.87109375
1089.085119485855,2,3000.5,21025.7265625,72277.87109375
1090.1141338348389,2,3486.1,21182.30078125,72277.87109375
1091.1409862041473,2,2436.1,21331.4609375,72277.87109375
1092.1536376476288,2,4035.6,22290.96484375,72277.87109375
1093.1738941669464,2,985.2,22638.30078125,72277.87109375
1094.1828026771545,2,945.2,22560.9296875,72277.87109375
1095.1899363994598,2,1229.8,22534.48046875,72277.87109375
1096.197634935379,2,2442.8,22786.0,72277.87109375
1097.2115252017975,2,3547.4,22928.04296875,72277.87109375
1098.2202854156494,2,645.2,20939.86328125,72277.87109375
1099.2292969226837,2,505.9,8604.1796875,72277.87109375
1100.237646818161,2,1575.1,9530.90625,72277.87109375
1101.2924234867096,2,2689.4,11869.2890625,72277.87109375
1102.3046386241913,2,4383.3,14401.30078125,72277.87109375
1103.3256464004517,2,4439.4,15677.1640625,72277.87109375
1104.3526492118835,2,4565.7,19986.71484375,72277.87109375
1105.3736455440521,2,4448.9,24157.62890625,72277.87109375
1106.4021158218384,2,4005.1,17206.39453125,72277.87109375
1107.4216372966766,2,4353.4,20579.37890625,72277.87109375
1108.4461245536804,2,4254.7,20733.046875,72277.87109375
1109.4656476974487,2,3004.1,20960.953125,72277.87109375
1110.4812498092651,2,3327.8,21178.86328125,72277.87109375
1111.4902942180634,2,2827.1,21414.578125,72277.87109375
1112.501783132553,2,3638.1,22339.375,72277.87109375
1113.5090327262878,2,1064.7,22554.91796875,72277.87109375
1114.5177910327911,2,1061.0,22605.29296875,72277.87109375
1115.5281507968903,2,977.1,22559.05859375,72277.87109375
1116.5376360416412,2,3099.2,22814.7109375,72277.87109375
1117.552146911621,2,2861.4,22965.35546875,72277.87109375
1118.5613090991974,2,593.0,7644.953125,74325.88671875
1119.5697212219238,2,676.2,8905.64453125,72277.87109375
1120.5806448459625,2,1965.1,9535.9296875,72277.87109375
1121.6096391677856,2,2720.8,12055.2578125,72277.87109375
1122.6226363182068,2,4424.3,14399.73828125,72277.87109375
1123.6436433792114,2,4428.6,16381.89453125,72277.87109375
1124.6696424484253,2,4517.1,20234.91796875,72277.87109375
1125.697640657425,2,4463.7,24654.30078125,72277.87109375
1126.712643146515,2,4122.0,17734.015625,72277.87109375
1127.740645647049,2,4353.6,20454.21875,72277.87109375
1128.7616403102875,2,4237.4,20645.3203125,72277.87109375
1129.7826507091522,2,2785.7,20842.80078125,72277.87109375
1130.81352186203,2,2944.0,21068.41796875,72277.87109375
1131.8236336708069,2,3568.7,21550.19140625,72277.87109375
1132.8366322517395,2,3083.5,22569.37109375,72277.87109375
1133.8446791172028,2,757.8,22603.53515625,72277.87109375
1134.854147195816,2,1141.5,22505.46484375,72277.87109375
1135.8642621040344,2,821.0,22523.30078125,72277.87109375
1136.8715646266937,2,3348.7,22765.5546875,72277.87109375
1137.88316822052,2,2575.3,22929.60546875,72277.87109375
1138.8914306163788,2,588.7,8267.19140625,74325.88671875
1139.9004335403442,2,722.8,9099.96875,72277.87109375
1140.9126372337341,2,2427.7,9559.9140625,72277.87109375
1141.9926471710205,2,2679.8,12876.23828125,72277.87109375
1143.0121717453003,2,4349.9,14542.79296875,72277.87109375
1144.0246469974518,2,4480.3,16728.484375,72277.87109375
1145.0516414642334,2,4555.9,21110.29296875,72277.87109375
1146.077653169632,2,4390.5,23658.34375,72277.87109375
1147.091656446457,2,4171.3,19105.78125,72277.87109375
1148.1156511306763,2,4347.5,20499.10546875,72277.87109375
1149.1416432857513,2,4334.7,20708.16796875,72277.87109375
1150.166568517685,2,2899.3,20936.73828125,72277.87109375
1151.1986479759216,2,2548.1,21161.1328125,72277.87109375
1152.2234292030334,2,3597.8,21673.234375,72277.87109375
1153.239259004593,2,2857.9,22656.82421875,72277.87109375
1154.2489221096039,2,816.3,22593.3125,72277.87109375
1155.2576367855072,2,1158.0,22598.0,72277.87109375
1156.2752404212952,2,858.6,22457.203125,72277.87109375
1157.2836406230927,2,3913.3,22665.16796875,72277.87109375
1158.2950143814087,2,2074.1,23022.1484375,72277.87109375
1159.3040068149567,2,424.5,9103.0234375,74325.88671875
1160.3121230602264,2,887.5,9239.57421875,72277.87109375
1161.3236343860626,2,2907.1,9541.15625,72277.87109375
1162.3456490039825,2,2706.3,13254.53515625,72277.87109375
1163.3666372299194,2,4245.7,14540.78125,72277.87109375
1164.3816435337067,2,4456.0,17289.00390625,72277.87109375
1165.4076476097107,2,4536.1,20863.23828125,72277.87109375
1166.4336404800415,2,4334.3,23364.08984375,72277.87109375
1167.450659751892,2,4179.3,19074.06640625,72277.87109375
1168.4826455116272,2,4267.0,20409.85546875,72277.87109375
1169.5079183578491,2,3850.6,20678.0859375,72277.87109375
1170.5168755054474,2,2859.9,20903.70703125,72277.87109375
1171.5256712436676,2,2824.6,21153.6640625,72277.87109375
1172.5546369552612,2,3483.1,21616.1484375,72277.87109375
1173.565636396408,2,2594.1,22567.00390625,72277.87109375
1174.5756368637085,2,752.9,22442.7734375,72277.87109375
1175.58340382576,2,1067.5,22443.8046875,72277.87109375
1176.5904037952423,2,825.1,22446.09375,72277.87109375
1177.5996346473694,2,3199.5,22652.625,72277.87109375
1178.6113176345825,2,2722.2,22920.6015625,72277.87109375
1179.6195042133331,2,603.1,7919.71484375,74325.88671875
1180.6275684833527,2,696.2,9016.39453125,72277.87109375
1181.6396369934082,2,2113.8,9561.28125,72277.87109375
1182.6840195655823,2,2339.7,12448.0,72277.87109375
1183.696638584137,2,3979.8,14955.03125,72277.87109375
1184.7116401195526,2,4122.6,16032.42578125,72277.87109375
1185.7246420383453,2,4428.7,18996.31640625,72277.87109375
1186.7506444454193,2,4422.8,22725.87109375,82517.87109375
1187.7766461372375,2,4479.4,27642.5,82573.87109375
1188.8036375045776,2,4282.1,29433.21875,82573.87109375
1189.8266575336456,2,3793.2,20490.75,82573.87109375
1190.8426587581635,2,4449.3,23971.6015625,82573.87109375
1191.8646335601807,2,3925.4,24750.73828125,82573.87109375
1192.885633468628,2,4209.2,25051.0,82573.87109375
1193.9101054668427,2,2986.2,25382.0703125,82573.87109375
1194.9186453819275,2,3018.5,25637.40234375,82573.87109375
1195.9490096569061,2,3297.7,25659.62890625,82573.87109375
1196.9631917476654,2,3176.9,26121.6328125,82573.87109375
1197.9766380786896,2,3353.5,27294.55078125,82573.87109375
1198.9838547706604,2,2029.0,28362.34375,82573.87109375
1199.9931900501251,2,822.3,28360.69140625,82573.87109375
1201.0016388893127,2,1140.3,28448.15625,82573.87109375
1202.0151422023773,2,1057.2,28304.79296875,82573.87109375
1203.023499250412,2,1145.3,28442.49609375,82573.87109375
1204.031638622284,2,3908.0,28776.484375,82573.87109375
1205.0416615009308,2,2432.1,29367.82421875,82573.87109375
1206.0493285655975,2,584.6,29590.59375,82573.87109375
1207.058583498001,2,590.6,18939.265625,82573.87109375
1208.0686354637146,2,838.1,8481.046875,82573.87109375
1209.0936353206635,2,2327.4,9988.67578125,82573.87109375
1210.1055586338043,2,4199.0,11525.33984375,82573.87109375
1211.121642589569,2,4605.7,16899.78515625,82573.87109375
1212.1476407051086,2,4182.6,15305.890625,82573.87109375
1213.1575319766998,2,3677.2,15560.6953125,82573.87109375
1214.169924736023,2,3009.9,15757.63671875,82573.87109375
1215.182811498642,2,3521.4,16982.61328125,82573.87109375
1216.193647146225,2,1253.2,16824.37109375,82573.87109375
1217.2005681991577,2,2779.2,17007.5,82573.87109375
1218.2121441364288,2,1766.0,17337.37890625,82573.87109375
1219.2216339111328,2,891.2,8618.72265625,82573.87109375
1220.2306365966797,2,2094.7,10037.0234375,82573.87109375
1221.2406363487244,2,4165.4,11617.859375,82573.87109375
1222.261645078659,2,4584.2,16254.8203125,82573.87109375
1223.2876398563385,2,4198.5,15212.41015625,82573.87109375
1224.3082163333893,2,3835.5,15393.84375,82573.87109375
1225.3157572746277,2,3031.5,15602.09375,82573.87109375
1226.3264932632446,2,3583.9,16758.48828125,82573.87109375
1227.3343343734741,2,1145.8,16704.9375,82573.87109375
1228.341638326645,2,2468.4,16871.234375,82573.87109375
1229.3596515655518,2,2092.1,17122.01171875,82573.87109375
1230.3679916858673,2,630.8,8447.21484375,82573.87109375
1231.3763325214386,2,1005.0,9416.12890625,82573.87109375
1232.3842370510101,2,3144.6,11186.58203125,82573.87109375
1233.39364528656,2,3506.9,14781.2265625,82573.87109375
1234.418774843216,2,4192.5,15858.28125,82573.87109375
1235.434643983841,2,4354.9,18018.51171875,82573.87109375
1236.4616498947144,2,4461.5,22982.71875,82573.87109375
1237.48664188385,2,4479.6,27637.73828125,82573.87109375
1238.5136408805847,2,4458.0,30985.4375,82573.87109375
1239.5369939804077,2,3789.5,19732.5,82573.87109375
1240.5486404895782,2,4516.1,23426.40234375,82573.87109375
1241.5696332454681,2,3892.1,24902.36328125,82573.87109375
1242.589937210083,2,4192.3,25181.67578125,82573.87109375
1243.6027059555054,2,3450.6,25459.8359375,82573.87109375
1244.611158132553,2,2638.6,25716.828125,82573.87109375
1245.6206443309784,2,3892.0,25936.94921875,82573.87109375
1246.6355488300323,2,2704.7,26056.0,82573.87109375
1247.6476364135742,2,3613.4,27284.2578125,82573.87109375
1248.6702094078064,2,2292.1,28270.74609375,82573.87109375
1249.6791596412659,2,691.5,28395.515625,82573.87109375
1250.687063217163,2,984.4,28282.703125,82573.87109375
1251.695788860321,2,1247.0,28131.90625,82573.87109375
1252.7029259204865,2,1031.8,28360.96875,82573.87109375
1253.7160093784332,2,3828.2,28673.8359375,82573.87109375
1254.7272741794586,2,2700.4,29147.3203125,82573.87109375
1255.736263513565,2,575.4,29391.578125,82573.87109375
1256.7443282604218,2,588.1,20376.0859375,82573.87109375
1257.752639055252,2,567.3,8569.7890625,82573.87109375
1258.761637210846,2,2116.9,9448.3828125,82573.87109375
1259.8126459121704,2,2778.0,12648.8984375,82573.87109375
1260.8456349372864,2,4320.7,14273.2734375,82573.87109375
1261.8666462898254,2,4545.4,17289.93359375,82573.87109375
1262.8913094997406,2,4450.6,21359.1484375,82573.87109375
1263.9186403751373,2,4277.7,21033.4453125,82573.87109375
1264.9344742298126,2,4391.2,19701.69140625,82573.87109375
1265.9506449699402,2,4243.8,20238.9609375,82573.87109375
1266.9706625938416,2,3407.6,20551.82421875,82573.87109375
1268.002644777298,2,3654.7,20714.56640625,82573.87109375
1269.0296359062195,2,3089.4,21009.96875,82573.87109375
1270.0426347255707,2,3182.3,22009.59765625,82573.87109375
1271.0509133338928,2,833.9,22065.89453125,82573.87109375
1272.0594186782837,2,1105.2,21979.1328125,82573.87109375
1273.0682289600372,2,822.2,21898.5625,82573.87109375
1274.075635433197,2,3634.0,22206.171875,82573.87109375
1275.090330839157,2,2094.7,22428.59765625,82573.87109375
1276.0989260673523,2,422.1,9651.69140625,84621.88671875
1277.1080689430237,2,894.9,9724.203125,82573.87109375
1278.11763381958,2,2002.9,9996.49609375,82573.87109375
1279.1636505126953,2,2401.3,12625.76171875,82573.87109375
1280.1721901893616,2,4363.4,15416.20703125,82573.87109375
1281.18563580513,2,4143.5,16416.31640625,82573.87109375
1282.201646566391,2,4356.4,19069.04296875,82573.87109375
1283.2336509227753,2,4388.1,22512.39453125,82573.87109375
1284.2600927352905,2,4397.5,26082.80859375,82573.87109375
1285.2872939109802,2,4515.5,31166.36328125,82573.87109375
1286.313857793808,2,4021.1,23111.9140625,82573.87109375
1287.3536520004272,2,4197.2,23766.73046875,82573.87109375
1288.3856363296509,2,3835.1,25423.71875,82573.87109375
1289.4066338539124,2,4181.1,25641.33984375,82573.87109375
1290.4266488552094,2,4272.2,25819.41015625,82573.87109375
1291.4396560192108,2,2611.1,26083.82421875,82573.87109375
1292.4716494083405,2,3072.6,26427.0625,82573.87109375
1293.5018644332886,2,2683.0,26358.4140625,82573.87109375
1294.5146355628967,2,3855.6,27050.60546875,82573.87109375
1295.526061296463,2,3059.4,28142.671875,82573.87109375
1296.5349969863892,2,1179.9,28877.86328125,82573.87109375
1297.5444691181183,2,730.0,28913.94921875,82573.87109375
1298.5526523590088,2,871.1,28791.58984375,82573.87109375
1299.5629889965057,2,1163.6,28847.55078125,82573.87109375
1300.57546210289,2,548.5,28828.65625,82573.87109375
1301.5836367607117,2,2259.6,29333.53515625,82573.87109375
1302.6038973331451,2,4089.4,29285.6484375,82573.87109375
1303.6148536205292,2,1492.0,29910.875,82573.87109375
1304.6241538524628,2,632.8,30196.88671875,82573.87109375
1305.6323924064636,2,428.6,7877.8125,84621.88671875
1306.6402509212494,2,654.6,9105.578125,82573.87109375
1307.6486353874207,2,1586.8,9753.23828125,82573.87109375
1308.7062666416168,2,2629.6,12220.515625,82573.87109375
1309.7166442871094,2,4339.6,15215.59375,82573.87109375
1310.7336506843567,2,4054.4,16161.71875,82573.87109375
1311.7584910392761,2,4506.3,19208.08984375,82573.87109375
1312.78378033638,2,4345.3,22455.93359375,82573.87109375
1313.8096408843994,2,4466.2,27370.0546875,82573.87109375
1314.8385326862335,2,4476.6,29146.40234375,82573.87109375
1315.8600630760193,2,3953.8,20503.8125,82573.87109375
1316.878660440445,2,4470.6,24316.24609375,82573.87109375
1317.9016406536102,2,3853.4,24802.79296875,82573.87109375
1318.923640012741,2,4130.4,25131.296875,82573.87109375
1319.93994140625,2,3036.3,25416.68359375,82573.87109375
1320.9546539783478,2,2933.0,25699.66796875,82573.87109375
1321.981535434723,2,3178.8,25666.2109375,82573.87109375
1322.9920670986176,2,3672.3,26261.23046875,82573.87109375
1324.0160405635834,2,3373.6,27457.01953125,82573.87109375
1325.0262763500214,2,1567.1,28350.80859375,82573.87109375
1326.0356378555298,2,860.9,28220.515625,82573.87109375
1327.0433139801025,2,1049.0,28226.72265625,82573.87109375
1328.0516557693481,2,1006.8,28232.70703125,82573.87109375
1329.0606355667114,2,1028.7,28476.73046875,82573.87109375
1330.0720660686493,2,3810.3,28725.5,82573.87109375
1331.082543849945,2,2699.2,29299.24609375,82573.87109375
1332.0919868946075,2,578.2,29545.171875,82573.87109375
1333.1001965999603,2,588.9,21568.88671875,82573.87109375
1334.1087923049927,2,368.1,8496.96875,82573.87109375
1335.1167480945587,2,1057.1,9515.57421875,82573.87109375
1336.1261732578278,2,3665.3,10136.30078125,82573.87109375
1337.1346399784088,2,2731.0,14346.640625,82573.87109375
1338.1596384048462,2,4134.7,15968.12109375,82573.87109375
1339.1786587238312,2,4335.8,17307.5234375,82573.87109375
1340.209946155548,2,4440.0,21599.9765625,82573.87109375
1341.2369277477264,2,4481.3,25671.9296875,82573.87109375
1342.2626445293427,2,4551.9,30856.8671875,82573.87109375
1343.2836418151855,2,4034.3,22771.1328125,82573.87109375
1344.3096492290497,2,4165.4,23109.2578125,82573.87109375
1345.3266353607178,2,3872.1,24756.14453125,82573.87109375
1346.3476362228394,2,4272.3,24969.87890625,82573.87109375
1347.3666396141052,2,3947.2,25248.078125,82573.87109375
1348.3738884925842,2,2882.6,25459.03125,82573.87109375
1349.3823142051697,2,3050.8,25776.875,82573.87109375
1350.397085428238,2,2541.0,25775.9453125,82573.87109375
1351.4039933681488,2,3708.3,27005.578125,82573.87109375
1352.4136500358582,2,2823.3,27903.7265625,82573.87109375
1353.4229254722595,2,1121.8,28239.078125,82573.87109375
1354.4366719722748,2,790.8,28233.359375,82573.87109375
1355.4446370601654,2,1073.7,28451.1953125,82573.87109375
1356.465236902237,2,760.9,28384.19921875,82573.87109375
1357.4746351242065,2,1388.4,28412.890625,82573.87109375
1358.487639427185,2,3834.7,28687.328125,82573.87109375
1359.5000538825989,2,2259.2,29322.98828125,82573.87109375
1360.509202003479,2,626.7,29510.48828125,82573.87109375
1361.522421836853,2,523.0,16058.34375,82573.87109375
1362.5317640304565,2,559.5,8793.12890625,82573.87109375
1363.5406341552734,2,1732.1,9642.3359375,82573.87109375
1364.5957565307617,2,2367.7,12408.27734375,82573.87109375
1365.6064014434814,2,4379.7,15243.30859375,82573.87109375
1366.6156387329102,2,4089.5,16104.73828125,82573.87109375
1367.689641714096,2,4577.4,19551.6484375,82573.87109375
1368.7156374454498,2,4477.9,24058.375,82573.87109375
1369.7436480522156,2,4398.1,27645.9765625,82573.87109375
1370.7709114551544,2,4308.7,27698.734375,82573.87109375
1371.7826595306396,2,3997.1,20597.77734375,82573.87109375
1372.8085350990295,2,4512.6,24451.55859375,82573.87109375
1373.8216540813446,2,3900.5,24915.3125,82573.87109375
1374.86594247818,2,4012.4,25330.82421875,82573.87109375
1375.8875567913055,2,3164.9,25605.34375,82573.87109375
1376.9218683242798,2,3217.9,25848.546875,82573.87109375
1377.9516432285309,2,3378.6,25951.75,82573.87109375
1378.9824352264404,2,3563.7,26525.20703125,82573.87109375
1379.9995441436768,2,3132.0,27582.84375,82573.87109375
1381.0086612701416,2,1143.4,28400.515625,82573.87109375
1382.01611328125,2,797.1,28361.5625,82573.87109375
1383.0248186588287,2,1049.8,28284.75390625,82573.87109375
1384.0334684848785,2,1046.6,28270.0859375,82573.87109375
1385.0426342487335,2,1008.1,28442.26171875,82573.87109375
1386.0536334514618,2,3764.0,28748.40234375,82573.87109375
1387.064889907837,2,2739.4,29269.88671875,82573.87109375
1388.0736865997314,2,568.9,29507.88671875,82573.87109375
1389.082700252533,2,599.0,22369.6328125,82573.87109375
1390.0909643173218,2,282.4,8468.453125,82573.87109375
1391.1002967357635,2,850.8,10020.8046875,82573.87109375
1392.1106359958649,2,2882.0,10132.2109375,82573.87109375
1393.153196811676,2,2214.7,13153.83984375,82573.87109375
1394.1744501590729,2,4520.5,16052.5234375,82573.87109375
1395.1846408843994,2,4038.5,16921.07421875,82573.87109375
1396.2056412696838,2,4424.0,19421.078125,82573.87109375
1397.2331528663635,2,4358.3,22949.765625,82573.87109375
1398.2596428394318,2,4413.6,27114.55859375,82573.87109375
1399.285804271698,2,4472.7,30661.8515625,82573.87109375
1400.307673215866,2,3956.9,24634.29296875,82573.87109375
1401.3648335933685,2,4189.6,24434.796875,82573.87109375
1402.3956360816956,2,3810.3,26103.3671875,82573.87109375
1403.41663646698,2,4186.5,26259.4375,82573.87109375
1404.4376435279846,2,4304.6,26388.3828125,82573.87109375
1405.4619438648224,2,2534.0,26645.625,82573.87109375
1406.494248867035,2,3318.3,26941.9296875,82573.87109375
1407.525800704956,2,2982.2,26971.125,82573.87109375
1408.5377249717712,2,3642.6,27508.81640625,82573.87109375
1409.549633026123,2,3537.4,28601.84375,82573.87109375
1410.5697498321533,2,1622.9,29495.54296875,82573.87109375
1411.5796113014221,2,852.9,29434.94140625,82573.87109375
1412.5868029594421,2,870.5,29624.765625,82573.87109375
1413.5953652858734,2,1353.8,29406.84375,82573.87109375
1414.6021573543549,2,655.1,29412.140625,82573.87109375
1415.6109428405762,2,3699.6,30122.64453125,82573.87109375
1416.6229016780853,2,3759.9,30178.0859375,82573.87109375
1417.6305241584778,2,665.1,30562.19921875,82573.87109375
1418.640997171402,2,690.5,30862.59375,82573.87109375
1419.653290271759,2,180.4,7653.078125,82573.87109375
1420.6618943214417,2,2132.7,8598.8203125,82573.87109375
1421.7016353607178,2,3341.3,11279.453125,82573.87109375
1422.7496469020844,2,4479.1,14554.68359375,82573.87109375
1423.7896687984467,2,4422.3,14072.53515625,82573.87109375
1424.8046464920044,2,4289.5,15157.19921875,82573.87109375
1425.829262971878,2,2863.9,15401.18359375,82573.87109375
1426.8416385650635,2,3470.3,16244.05859375,82573.87109375
1427.86164188385,2,1473.2,16620.66796875,82573.87109375
1428.8737709522247,2,2136.7,16864.9453125,82573.87109375
1429.8851726055145,2,2565.5,17105.43359375,82573.87109375
1430.8929953575134,2,638.5,8241.59765625,82573.87109375
1431.9018051624298,2,2563.0,8867.2578125,82573.87109375
1432.9096367359161,2,3346.4,11525.46484375,82573.87109375
1433.9286279678345,2,4496.6,15278.046875,82573.87109375
1434.9555399417877,2,4437.2,14379.1875,82573.87109375
1435.9684772491455,2,4109.7,15046.49609375,82573.87109375
1436.9786489009857,2,2940.0,15364.58203125,82573.87109375
1438.0049393177032,2,3449.4,16249.5390625,82573.87109375
1439.0136380195618,2,1350.9,16365.796875,82573.87109375
1440.02463889122,2,2648.1,16590.35546875,82573.87109375
1441.0373749732971,2,1842.9,16897.89453125,82573.87109375
1442.049221277237,2,517.9,8519.69921875,82573.87109375
1443.057258605957,2,941.4,10076.203125,82573.87109375
1444.0666317939758,2,2907.0,10166.08203125,82573.87109375
1445.1116425991058,2,2166.8,13172.80859375,82573.87109375
1446.1249706745148,2,4456.7,16115.3046875,82573.87109375
1447.1336374282837,2,4096.2,16893.4375,82573.87109375
1448.1564083099365,2,4378.8,19145.4296875,82573.87109375
1449.1846678256989,2,4350.5,23013.87109375,82573.87109375
1450.2101147174835,2,4412.0,26632.14453125,82573.87109375
1451.238643169403,2,4500.6,31538.62890625,82573.87109375
1452.263601064682,2,3981.1,25052.265625,82573.87109375
1453.2756633758545,2,4197.6,24322.9375,82573.87109375
1454.3026394844055,2,3832.2,26051.5390625,82573.87109375
1455.3236362934113,2,4254.3,26274.515625,82573.87109375
1456.343647480011,2,4258.3,26436.91796875,82573.87109375
1457.373405456543,2,2545.1,26714.58984375,82573.87109375
1458.4046111106873,2,3102.3,27043.046875,82573.87109375
1459.43164229393,2,3264.8,27088.484375,82573.87109375
1460.444636106491,2,3378.2,27498.73046875,82573.87109375
1461.466635465622,2,3458.7,28713.55859375,82573.87109375
1462.4867672920227,2,1856.7,29589.37109375,82573.87109375
1463.495350599289,2,705.7,29440.85546875,82573.87109375
1464.502910375595,2,765.8,29424.21875,82573.87109375
1465.5137000083923,2,1137.4,29384.23046875,82573.87109375
1466.5248050689697,2,746.0,29496.52734375,82573.87109375
1467.534635066986,2,1088.8,29520.6640625,82573.87109375
1468.5446362495422,2,3839.1,29962.33203125,82573.87109375
1469.5559613704681,2,3358.4,30355.90625,82573.87109375
1470.5652840137482,2,506.9,30623.46484375,82573.87109375
1471.5733561515808,2,652.8,28322.34765625,82573.87109375
1472.581353187561,2,166.7,8073.81640625,82573.87109375
1473.5894207954407,2,946.8,9575.45703125,82573.87109375
1474.59863448143,2,3085.6,9779.9375,82573.87109375
1475.638657093048,2,2383.9,13531.5390625,82573.87109375
1476.6656365394592,2,4288.3,15763.56640625,82573.87109375
1477.6866431236267,2,4306.8,16233.12890625,82573.87109375
1478.7076470851898,2,4429.6,20752.55859375,82573.87109375
1479.732646226883,2,4387.6,23700.75,82573.87109375
1480.7596399784088,2,4521.6,28392.546875,82573.87109375
1481.785636663437,2,4154.9,26478.609375,82573.87109375
1482.8117468357086,2,3908.2,20645.71875,82573.87109375
1483.8276340961456,2,3739.5,24792.2734375,82573.87109375
1484.8475878238678,2,4627.7,24742.24609375,82573.87109375
1485.8733928203583,2,3911.3,25178.19140625,82573.87109375
1486.895114183426,2,3024.3,25397.19921875,82573.87109375
1487.9046466350555,2,3115.7,25716.00390625,82573.87109375
1488.9215664863586,2,3184.4,25666.07421875,82573.87109375
1489.9326331615448,2,3791.6,26443.38671875,82573.87109375
1490.9439373016357,2,2733.6,27554.78125,82573.87109375
1491.9531092643738,2,1240.9,28230.45703125,82573.87109375
1492.9637396335602,2,860.2,28248.90625,82573.87109375
1493.9716079235077,2,884.0,28398.796875,82573.87109375
1494.9805896282196,2,1128.4,28359.73046875,82573.87109375
1495.9936408996582,2,1543.2,28907.55078125,82573.87109375
1497.0116212368011,2,4165.8,28911.5546875,82573.87109375
1498.0318894386292,2,1737.9,29290.5859375,82573.87109375
1499.0409784317017,2,635.4,29569.53125,82573.87109375
1500.0497424602509,2,422.0,7746.98046875,84621.88671875
1501.05699801445,2,530.8,9016.30078125,82573.87109375
1502.064994096756,2,867.5,9939.36328125,82573.87109375
1503.0726339817047,2,4107.8,10068.43359375,82573.87109375
1504.1396391391754,2,2073.9,14165.4375,82573.87109375
1505.1526401042938,2,4199.2,16473.90625,82573.87109375
1506.1646449565887,2,4293.0,16945.7421875,82573.87109375
1507.19264626503,2,4457.9,20882.140625,82573.87109375
1508.2166423797607,2,4397.8,24782.640625,82573.87109375
1509.244657278061,2,4443.7,29467.5625,82573.87109375
1510.2711064815521,2,4321.2,31225.515625,82573.87109375
1511.28564786911,2,3948.8,20849.6796875,82573.87109375
1512.2976520061493,2,4411.1,24652.90234375,82573.87109375
1513.3136382102966,2,3785.6,26105.59765625,82573.87109375
1514.3276362419128,2,4017.6,26263.96484375,82573.87109375
1515.347706079483,2,3852.4,26497.9453125,82573.87109375
1516.3606531620026,2,3017.2,26707.703125,82573.87109375
1517.3866469860077,2,2915.7,27022.8046875,82573.87109375
1518.4135184288025,2,2779.0,26923.48046875,82573.87109375
1519.421633720398,2,4243.6,27674.23046875,82573.87109375
1520.4357211589813,2,2766.6,28743.77734375,82573.87109375
1521.4444069862366,2,1208.9,29492.47265625,82573.87109375
1522.4535748958588,2,951.9,29398.171875,82573.87109375
1523.4599845409393,2,1018.5,29440.87109375,82573.87109375
1524.467340707779,2,1080.5,29389.0546875,82573.87109375
1525.4756331443787,2,1047.5,29600.671875,82573.87109375
1526.4966442584991,2,3808.7,29961.62109375,82573.87109375
1527.5143284797668,2,3474.1,30341.125,82573.87109375
1528.5211153030396,2,511.3,30625.40625,82573.87109375
1529.5302574634552,2,665.3,28216.3671875,82573.87109375
1530.538803577423,2,158.8,8026.1484375,82573.87109375
1531.5461716651917,2,967.3,9557.1484375,82573.87109375
1532.5566408634186,2,3057.2,9761.515625,82573.87109375
1533.6016449928284,2,2366.2,13512.09765625,82573.87109375
1534.6196370124817,2,4225.4,15740.19140625,82573.87109375
1535.6406450271606,2,4280.8,16211.95703125,82573.87109375
1536.665644645691,2,4442.6,20423.51953125,82573.87109375
1537.6961419582367,2,4462.3,24479.98828125,82573.87109375
1538.7239191532135,2,4495.5,29382.51171875,82573.87109375
1539.7516372203827,2,4086.4,25682.1015625,82573.87109375
1540.7736449241638,2,4190.2,22379.04296875,82573.87109375
1541.805636882782,2,3834.3,24775.296875,82573.87109375
1542.8263900279999,2,4337.2,24867.62109375,82573.87109375
1543.8366405963898,2,4124.5,25141.3203125,82573.87109375
1544.8609693050385,2,3139.1,25374.4921875,82573.87109375
1545.8944220542908,2,2983.2,25709.5234375,82573.87109375
1546.9194202423096,2,3054.5,25697.94921875,82573.87109375
1547.9295196533203,2,3881.4,26596.1328125,82573.87109375
1548.9386367797852,2,2644.3,27874.5703125,82573.87109375
1549.9587006568909,2,1142.4,28186.23046875,82573.87109375
1550.965561389923,2,916.5,28151.83984375,82573.87109375
1551.979027748108,2,1122.4,28142.484375,82573.87109375
1552.9865169525146,2,820.9,28157.1875,82573.87109375
1553.9952602386475,2,1384.9,28619.3046875,82573.87109375
1555.0036489963531,2,4235.8,28810.58984375,82573.87109375
1556.0184454917908,2,1873.4,29268.23828125,82573.87109375
1557.02671957016,2,629.3,29515.125,82573.87109375
1558.0342361927032,2,414.6,10341.2890625,82573.87109375
1559.0423250198364,2,602.1,8894.37109375,82573.87109375
1560.0506327152252,2,1480.7,9657.2578125,82573.87109375
1561.1055264472961,2,2827.6,11824.265625,82573.87109375
1562.1150288581848,2,4026.4,14817.046875,82573.87109375
1563.1286389827728,2,4118.9,16022.6484375,82573.87109375
1564.149645805359,2,4475.8,19049.890625,82573.87109375
1565.174646139145,2,4355.3,22496.984375,82573.87109375
1566.2016410827637,2,4395.5,26987.85546875,82573.87109375
1567.2286441326141,2,4408.9,29901.85546875,82573.87109375
1568.2565076351166,2,3822.7,19887.875,82573.87109375
1569.2716529369354,2,4429.3,23815.26171875,82573.87109375
1570.2896344661713,2,3813.5,24816.55859375,82573.87109375
1571.3116383552551,2,4125.9,25171.359375,82573.87109375
1572.3319563865662,2,3390.1,25462.3828125,82573.87109375
1573.339646577835,2,2532.7,25722.359375,82573.87109375
1574.3651609420776,2,3759.9,25695.2734375,82573.87109375
1575.3753745555878,2,2808.7,26014.15625,82573.87109375
1576.3876419067383,2,3586.9,27303.1875,82573.87109375
1577.4067616462708,2,2262.8,28284.53515625,82573.87109375
1578.415112733841,2,675.9,28379.19921875,82573.87109375
1579.4240696430206,2,981.3,28347.91015625,82573.87109375
1580.4339425563812,2,1333.8,28169.26171875,82573.87109375
1581.4426362514496,2,1319.4,28351.91015625,82573.87109375
1582.455637216568,2,3929.5,28687.046875,82573.87109375
1583.4666647911072,2,2250.1,29233.60546875,82573.87109375
1584.474457502365,2,582.3,29435.03515625,82573.87109375
1585.482471704483,2,594.2,17315.66796875,82573.87109375
1586.4905529022217,2,500.9,8577.32421875,82573.87109375
1587.499641418457,2,1426.5,9532.859375,82573.87109375
1588.5557510852814,2,2715.4,11871.16015625,82573.87109375
1589.5676364898682,2,4352.0,14391.1328125,82573.87109375
1590.58864569664,2,4426.6,15519.42578125,82573.87109375
1591.6096246242523,2,4520.9,20029.1015625,82573.87109375
1592.636640548706,2,4451.4,24562.30078125,82573.87109375
1593.6616773605347,2,4175.7,17753.36328125,82573.87109375
1594.688634634018,2,4317.0,20507.26171875,82573.87109375
1595.7075176239014,2,4214.9,20707.92578125,82573.87109375
1596.729651927948,2,3040.9,20883.49609375,82573.87109375
1597.7529122829437,2,3313.2,21005.359375,82573.87109375
1598.7606346607208,2,2811.9,21324.39453125,82573.87109375
1599.7707517147064,2,3483.8,22298.10546875,82573.87109375
1600.7795310020447,2,1089.7,22486.1328125,82573.87109375
1601.7872276306152,2,910.7,22532.40234375,82573.87109375
1602.7962999343872,2,1056.9,22469.37890625,82573.87109375
1603.803636789322,2,2390.8,22767.76171875,82573.87109375
1604.8204050064087,2,3582.5,22898.63671875,82573.87109375
1605.8284690380096,2,642.4,20744.15625,82573.87109375
1606.8371307849884,2,427.5,8600.0625,82573.87109375
1607.8452861309052,2,911.8,9540.7421875,82573.87109375
1608.8532814979553,2,3915.2,10040.34375,82573.87109375
1609.8636393547058,2,2582.2,14360.390625,82573.87109375
1610.8946363925934,2,4066.7,15980.375,82573.87109375
1611.9156427383423,2,4391.5,16889.05078125,82573.87109375
1612.9426455497742,2,4502.7,21402.96875,82573.87109375
1613.9696452617645,2,4436.7,25743.20703125,82573.87109375
1614.990639925003,2,4430.6,29689.8515625,82573.87109375
1616.0176875591278,2,3951.0,24217.66796875,82573.87109375
1617.0385344028473,2,4251.4,23090.66015625,82573.87109375
1618.0526378154755,2,3809.0,24736.47265625,82573.87109375
1619.0788311958313,2,4214.7,24935.7421875,82573.87109375
1620.0991349220276,2,4322.9,25103.54296875,82573.87109375
1621.1248688697815,2,3099.5,25350.15625,82573.87109375
1622.1569602489471,2,2962.0,25682.3203125,82573.87109375
1623.1831953525543,2,2728.9,25765.05078125,82573.87109375
1624.196635723114,2,3888.5,26940.4140625,82573.87109375
1625.217633008957,2,2772.7,27929.140625,82573.87109375
1626.225325345993,2,942.8,28257.66796875,82573.87109375
1627.2339580059052,2,801.4,28268.23046875,82573.87109375
1628.2459888458252,2,1130.4,28199.3828125,82573.87109375
1629.2552886009216,2,779.5,28223.82421875,82573.87109375
1630.2656350135803,2,1713.7,28848.37890625,82573.87109375
1631.2866344451904,2,4200.9,28839.42578125,82573.87109375
1632.3045699596405,2,1549.1,29221.75390625,82573.87109375
1633.3134608268738,2,629.9,29501.5390625,82573.87109375
1634.3215675354004,2,453.0,7692.8671875,84621.88671875
1635.330245733261,2,639.9,8966.65234375,82573.87109375
1636.3386418819427,2,1631.9,9638.91796875,82573.87109375
1637.3816723823547,2,2624.0,12039.55078125,82573.87109375
1638.3906376361847,2,4194.7,14935.44921875,82573.87109375
1639.4056403636932,2,4048.5,15983.48046875,82573.87109375
1640.4266529083252,2,4473.9,19066.3515625,82573.87109375
1641.4526522159576,2,4355.4,22324.671875,82573.87109375
1642.4786393642426,2,4400.5,26686.79296875,82573.87109375
1643.5040895938873,2,4398.2,29707.828125,82573.87109375
1644.533198595047,2,3890.5,19978.4921875,82573.87109375
1645.5465109348297,2,4482.2,23796.46875,82573.87109375
1646.5606353282928,2,3836.3,24673.734375,82573.87109375
1647.5816397666931,2,4183.1,25035.4375,82573.87109375
1648.602157831192,2,3142.3,25308.515625,82573.87109375
1649.6136438846588,2,2915.4,25647.91015625,82573.87109375
1650.6403090953827,2,3514.2,25659.4765625,82573.87109375
1651.6505386829376,2,3396.8,26130.9921875,82573.87109375
1652.66463637352,2,3458.8,27352.3984375,82573.87109375
1653.6834783554077,2,1756.1,28316.0546875,82573.87109375
1654.6928987503052,2,821.2,28266.43359375,82573.87109375
1655.7011737823486,2,1122.2,28217.57421875,82573.87109375
1656.7098903656006,2,1018.8,28236.203125,82573.87109375
1657.7198588848114,2,1397.5,28340.4921875,82573.87109375
1658.7316377162933,2,3963.6,28597.66796875,82573.87109375
1659.74281167984,2,2112.3,29224.375,82573.87109375
1660.751587152481,2,584.1,29394.95703125,82573.87109375
1661.760026216507,2,601.7,16316.4453125,82573.87109375
1662.7687919139862,2,447.4,8670.7578125,82573.87109375
1663.7770218849182,2,908.0,9677.94140625,82573.87109375
1664.7866394519806,2,3981.8,9856.48828125,82573.87109375
1665.8066561222076,2,2314.9,13780.15625,82573.87109375
1666.8236351013184,2,4270.8,16010.125,82573.87109375
1667.8396549224854,2,4269.8,16470.4296875,82573.87109375
1668.865418434143,2,4387.0,20939.75,82573.87109375
1669.8916392326355,2,4438.0,24851.328125,82573.87109375
1670.9179968833923,2,4513.5,29442.46875,82573.87109375
1671.941651582718,2,4151.7,27564.44140625,82573.87109375
1672.9646692276,2,4103.5,20999.55078125,82573.87109375
1673.9982237815857,2,4028.6,25146.546875,82573.87109375
1675.0086534023285,2,4394.7,25265.06640625,82573.87109375
1676.0319080352783,2,3888.8,25669.88671875,82573.87109375
1677.0556380748749,2,2779.2,25943.3046875,82573.87109375
1678.0696427822113,2,3089.6,26217.8671875,82573.87109375
1679.0999734401703,2,3365.6,26222.56640625,82573.87109375
1680.1146349906921,2,3447.5,26684.48828125,82573.87109375
1681.1350796222687,2,3521.8,27892.7890625,82573.87109375
1682.1443741321564,2,1966.1,28815.19921875,82573.87109375
1683.149950504303,2,686.9,28906.73828125,82573.87109375
1684.1587743759155,2,827.1,28780.54296875,82573.87109375
1685.1670656204224,2,1284.2,28657.60546875,82573.87109375
1686.175637960434,2,625.6,28863.55078125,82573.87109375
1687.1876423358917,2,2106.7,29200.5390625,82573.87109375
1688.205632686615,2,4109.7,29396.546875,82573.87109375
1689.2285554409027,2,1604.4,29767.5546875,82573.87109375
1690.236884355545,2,641.8,30039.33984375,82573.87109375
1691.2449579238892,2,439.2,7644.89453125,84621.88671875
1692.2535107135773,2,852.8,8825.81640625,82573.87109375
1693.2619926929474,2,2668.4,9326.68359375,82573.87109375
1694.2726395130157,2,3506.4,12131.65625,82573.87109375
1695.2866463661194,2,4420.0,14849.875,82573.87109375
1696.3126420974731,2,4622.4,19831.953125,82573.87109375
1697.3386461734772,2,4226.4,16578.609375,82573.87109375
1698.357635974884,2,4266.2,17495.90234375,82573.87109375
1699.3780632019043,2,3140.9,17811.671875,82573.87109375
1700.3928537368774,2,3132.2,18040.828125,82573.87109375
1701.4076426029205,2,3872.4,18879.046875,82573.87109375
1702.4280502796173,2,1122.6,19291.71484375,82573.87109375
1703.4390501976013,2,1307.1,19113.28125,82573.87109375
1704.4486379623413,2,2870.9,19355.375,82573.87109375
1705.4617915153503,2,2379.0,19504.890625,82573.87109375
1706.46977353096,2,454.0,7893.734375,82573.87109375
1707.4806368350983,2,1120.0,9034.6640625,82573.87109375
1708.4895882606506,2,2716.8,11354.2109375,82573.87109375
1709.4986381530762,2,4173.1,13989.44140625,82573.87109375
1710.5196466445923,2,4415.0,14937.78515625,82573.87109375
1711.5466437339783,2,4591.5,19122.625,82573.87109375
1712.6296479701996,2,4398.3,23763.125,82573.87109375
1713.655650138855,2,4100.2,18359.5546875,82573.87109375
1714.6866462230682,2,4411.7,19886.71875,82573.87109375
1715.7115325927734,2,4053.4,20149.22265625,82573.87109375
1716.7197318077087,2,2958.4,20388.29296875,82573.87109375
1717.7293643951416,2,3143.5,20592.98828125,82573.87109375
1718.739634513855,2,3642.8,21263.796875,82573.87109375
1719.7600827217102,2,1697.6,21912.1875,82573.87109375
1720.768479347229,2,920.1,21828.4921875,82573.87109375
1721.7781460285187,2,1151.1,21757.73046875,82573.87109375
1722.7866373062134,2,1810.8,21993.56640625,82573.87109375
1723.7986392974854,2,3922.3,22119.8984375,82573.87109375
1724.8121845722198,2,756.9,22233.265625,82573.87109375
1725.8187804222107,2,548.6,8467.64453125,82573.87109375
1726.8276431560516,2,2105.6,9318.3828125,82573.87109375
1727.8676400184631,2,2826.9,12473.078125,82573.87109375
1728.8976354599,2,4277.5,14036.359375,82573.87109375
1729.9186401367188,2,4565.8,17057.26171875,82573.87109375
1730.9446427822113,2,4523.7,21725.9296875,82573.87109375
1731.9656436443329,2,4268.2,18926.80859375,82573.87109375
1732.9844098091125,2,4141.4,19845.109375,82573.87109375
1733.9956364631653,2,4461.8,20014.96484375,82573.87109375
1735.019819021225,2,3395.9,20233.84765625,82573.87109375
1736.04549741745,2,3291.6,20322.91015625,82573.87109375
1737.053633928299,2,3445.9,20831.34765625,82573.87109375
1738.0682394504547,2,2721.0,21867.98828125,82573.87109375
1739.0764820575714,2,901.5,21666.81640625,82573.87109375
1740.0838539600372,2,1186.8,21627.99609375,82573.87109375
1741.0926356315613,2,1787.7,21837.83984375,82573.87109375
1742.108157634735,2,3894.2,21925.21875,82573.87109375
1743.1158137321472,2,686.6,22182.484375,82573.87109375
1744.1236338615417,2,566.9,8427.59375,82573.87109375
1745.1336331367493,2,2110.6,9296.5703125,82573.87109375
1746.1880512237549,2,2795.1,12432.99609375,82573.87109375
1747.2085638046265,2,4270.0,14010.7421875,82573.87109375
1748.2416434288025,2,4515.3,16849.8515625,82573.87109375
1749.2675907611847,2,4553.7,21717.31640625,82573.87109375
1750.2946381568909,2,4207.7,19016.21484375,82573.87109375
1751.3087124824524,2,4188.4,19734.9765625,82573.87109375
1752.3216359615326,2,4404.0,19889.23046875,82573.87109375
1753.3436493873596,2,3405.8,20146.15625,82573.87109375
1754.35879611969,2,3312.4,20216.91015625,82573.87109375
1755.3677606582642,2,3214.3,20745.63671875,82573.87109375
1756.3783421516418,2,2946.2,21793.77734375,82573.87109375
1757.3862700462341,2,806.0,21725.41015625,82573.87109375
1758.3959736824036,2,1213.6,21558.98046875,82573.87109375
1759.4046368598938,2,1751.5,21859.59765625,82573.87109375
1760.4186387062073,2,3966.9,21891.04296875,82573.87109375
1761.4282310009003,2,666.3,22166.36328125,82573.87109375
1762.4382190704346,2,529.6,8391.09375,82573.87109375
1763.4466361999512,2,1854.8,9356.9453125,82573.87109375
1764.4846715927124,2,2758.3,12540.40234375,82573.87109375
1765.5136363506317,2,4316.3,14099.47265625,82573.87109375
1766.5346426963806,2,4474.0,16611.25390625,82573.87109375
1767.5606396198273,2,4552.0,20905.41796875,82573.87109375
1768.587635755539,2,4367.3,21728.03515625,82573.87109375
1769.6058974266052,2,4180.5,19464.0234375,82573.87109375
1770.6206555366516,2,4362.6,20023.85546875,82573.87109375
1771.6505732536316,2,3433.6,20355.6328125,82573.87109375
1772.658644914627,2,3585.3,20590.22265625,82573.87109375
1773.6843132972717,2,2910.2,20724.51171875,82573.87109375
1774.6961469650269,2,3704.3,21588.20703125,82573.87109375
1775.7051060199738,2,1004.7,21932.61328125,82573.87109375
1776.71426320076,2,1052.0,21871.64453125,82573.87109375
1777.7257986068726,2,932.3,21840.44921875,82573.87109375
1778.7338740825653,2,3347.5,22025.79296875,82573.87109375
1779.7455332279205,2,2330.0,22204.5703125,82573.87109375
1780.7548303604126,2,598.2,8583.5859375,84621.88671875
1781.76287484169,2,1110.5,8569.296875,82573.87109375
1782.7715015411377,2,3088.1,10747.0,82573.87109375
1783.7878222465515,2,4281.6,12091.46875,82573.87109375
1784.8046445846558,2,4533.5,16372.03125,82573.87109375
1785.8316400051117,2,4360.2,14244.96484375,82573.87109375
1786.852633714676,2,4386.1,16997.01171875,82573.87109375
1787.8729326725006,2,4081.1,17351.25390625,82573.87109375
1788.8849976062775,2,2849.7,17618.6796875,82573.87109375
1789.9066367149353,2,3471.4,17963.234375,82573.87109375
1790.9180958271027,2,2592.6,18871.54296875,82573.87109375
1791.9265434741974,2,1307.9,18796.625,82573.87109375
1792.9346361160278,2,2169.1,18927.43359375,82573.87109375
1793.9451842308044,2,3155.8,19198.47265625,82573.87109375
1794.9539370536804,2,587.2,8863.38671875,84621.88671875
1795.9638841152191,2,1063.3,8606.3046875,82573.87109375
1796.9731087684631,2,3049.4,10804.49609375,82573.87109375
1797.9886360168457,2,4254.0,12203.80859375,82573.87109375
1799.0096416473389,2,4571.2,16468.171875,82573.87109375
1800.0339345932007,2,4467.5,14275.234375,82573.87109375
1801.0456371307373,2,4199.5,17167.0859375,82573.87109375
1802.0666422843933,2,4427.9,17384.8359375,82573.87109375
1803.0856473445892,2,2852.3,17757.2890625,82573.87109375
1804.1105515956879,2,3417.2,18079.0703125,82573.87109375
1805.1220891475677,2,2904.1,19102.68359375,82573.87109375
1806.1291711330414,2,1051.3,19018.94921875,82573.87109375
1807.1386361122131,2,1408.1,19161.59375,82573.87109375
1808.1534214019775,2,3932.6,19199.0546875,82573.87109375
1809.1624507904053,2,892.9,19525.953125,82573.87109375
1810.1711468696594,2,897.7,8457.75,82573.87109375
1811.1786348819733,2,2376.3,9871.609375,82573.87109375
1812.1936345100403,2,4204.0,11415.5859375,82573.87109375
1813.2146456241608,2,4613.7,16599.17578125,82573.87109375
1814.2416379451752,2,4172.9,15181.2734375,82573.87109375
1815.260722875595,2,3692.3,15419.10546875,82573.87109375
1816.2680895328522,2,2987.5,15564.875,82573.87109375
1817.2790529727936,2,3623.1,16743.640625,82573.87109375
1818.286716222763,2,1165.4,16756.01171875,82573.87109375
1819.2976248264313,2,2607.2,16851.015625,82573.87109375
1820.3086903095245,2,2047.1,17158.4453125,82573.87109375
1821.31778550148,2,1177.6,8161.0,82573.87109375
1822.3276391029358,2,2710.9,8659.83984375,82573.87109375
1823.3676364421844,2,2984.1,13010.3828125,82573.87109375
1824.3886470794678,2,4455.3,13910.109375,82573.87109375
1825.4138677120209,2,4433.8,13915.03515625,82573.87109375
1826.4315974712372,2,4117.5,16435.4921875,82573.87109375
1827.4406397342682,2,3388.0,16582.66015625,83021.87109375
1828.4719982147217,2,3040.1,16881.3828125,83021.87109375
1829.4823768138885,2,3636.2,18066.6640625,83021.87109375
1830.4950218200684,2,3445.0,19057.3671875,83021.87109375
1831.504242658615,2,1242.7,19011.625,83021.87109375
1832.515635251999,2,4016.5,19207.0625,83021.87109375
1833.5274946689606,2,1750.0,19525.6875,83021.87109375
1834.53488945961,2,866.4,8083.76171875,83021.87109375
1835.5456368923187,2,2628.4,8755.2734375,83021.87109375
1836.5935842990875,2,3493.7,13088.0,83021.87109375
1837.6168625354767,2,4350.4,14157.6796875,83021.87109375
1838.654765367508,2,4493.8,14384.01953125,83021.87109375
1839.6726365089417,2,4258.6,16527.26953125,83021.87109375
1840.7041227817535,2,3319.4,16780.96875,83021.87109375
1841.7120926380157,2,2787.8,17043.2421875,83021.87109375
1842.7211303710938,2,4256.3,18303.609375,83021.87109375
1843.735496520996,2,3032.6,19139.65625,83021.87109375
1844.7476360797882,2,1547.0,19203.75,83021.87109375
1845.761637687683,2,4252.0,19266.29296875,83021.87109375
1846.7756357192993,2,1137.4,19608.73046875,83021.87109375
1847.7853360176086,2,1425.5,8383.35546875,83021.87109375
1848.7941453456879,2,2566.5,9143.1015625,83021.87109375
1849.8036360740662,2,3804.3,13234.38671875,83021.87109375
1850.824643611908,2,4499.0,15131.8359375,83021.87109375
1851.8516399860382,2,4406.9,15626.0859375,83021.87109375
1852.8646576404572,2,4010.2,16628.21484375,83021.87109375
1853.8746404647827,2,3204.3,16818.1640625,83021.87109375
1854.8966348171234,2,3231.3,17253.0234375,83021.87109375
1855.9086360931396,2,4303.6,18730.265625,83021.87109375
1856.9293937683105,2,2266.1,19107.3671875,83021.87109375
1857.9376378059387,2,2136.7,19326.2109375,83021.87109375
1858.951979637146,2,4009.6,19467.24609375,83021.87109375
1859.9599814414978,2,620.1,10630.50390625,83021.87109375
1860.967887878418,2,1857.9,8619.29296875,83021.87109375
1861.978189945221,2,2394.1,10054.96875,83021.87109375
1862.9906377792358,2,4282.5,13308.99609375,83021.87109375
1864.0166478157043,2,4522.1,15955.8125,83021.87109375
1865.062356710434,2,4307.2,16282.80078125,83021.87109375
1866.074646949768,2,3632.8,16585.65625,83021.87109375
1867.0876483917236,2,3449.7,16711.34765625,83021.87109375
1868.100153207779,2,3156.6,17301.421875,83021.87109375
1869.1126384735107,2,4367.0,18630.57421875,83021.87109375
1870.1329808235168,2,1819.6,19023.296875,83021.87109375
1871.1406404972076,2,2522.1,19258.92578125,83021.87109375
1872.1556358337402,2,3514.3,19400.609375,83021.87109375
1873.168205022812,2,592.6,8811.62109375,85069.88671875
1874.1771762371063,2,2057.7,8673.98828125,83021.87109375
1875.1866097450256,2,2858.4,11280.6171875,83021.87109375
1876.2026386260986,2,4300.4,13289.578125,83021.87109375
1877.2236490249634,2,4564.6,16813.08984375,83021.87109375
1878.2502722740173,2,4044.8,16434.53515625,83021.87109375
1879.260279417038,2,3681.6,16657.88671875,83021.87109375
1880.2746362686157,2,3089.4,16904.48828125,83021.87109375
1881.300038576126,2,3885.9,17743.23828125,83021.87109375
1882.3128962516785,2,3926.8,18943.54296875,83021.87109375
1883.324602842331,2,1498.5,19080.8828125,83021.87109375
1884.3326354026794,2,3273.3,19224.67578125,83021.87109375
1885.3429205417633,2,2571.3,19443.0859375,83021.87109375
1886.3500707149506,2,596.0,9383.6484375,85069.88671875
1887.3584265708923,2,2164.9,8721.82421875,83021.87109375
1888.3666532039642,2,3196.5,11683.05859375,83021.87109375
1889.3796441555023,2,4273.0,13332.41796875,83021.87109375
1890.4446420669556,2,4535.8,17278.61328125,83021.87109375
1891.4823071956635,2,4202.3,16506.94921875,83021.87109375
1892.494658946991,2,3663.8,16754.4453125,83021.87109375
1893.5106420516968,2,2914.4,17012.44140625,83021.87109375
1894.528636455536,2,3690.5,17835.2890625,83021.87109375
1895.5406353473663,2,3998.7,18982.765625,83021.87109375
1896.553111076355,2,1380.9,19110.1953125,83021.87109375
1897.5606372356415,2,3414.9,19271.50390625,83021.87109375
1898.5722799301147,2,2526.4,19493.53125,83021.87109375
1899.583179473877,2,641.8,7954.34375,83021.87109375
1900.5928211212158,2,2195.7,8750.8046875,83021.87109375
1901.6066575050354,2,3606.0,12369.046875,83021.87109375
1902.620638847351,2,4313.9,13315.66796875,83021.87109375
1903.6414427757263,2,4515.1,16822.8203125,83021.87109375
1904.6556377410889,2,4193.2,16463.8203125,83021.87109375
1905.6756522655487,2,3518.2,16769.5859375,83021.87109375
1906.705941438675,2,3052.2,17059.01953125,83021.87109375
1907.7142419815063,2,3933.7,17999.09375,83021.87109375
1908.7266104221344,2,3665.4,19096.09765625,83021.87109375
1909.7332606315613,2,1280.8,19128.9921875,83021.87109375
1910.7426924705505,2,3463.7,19274.625,83021.87109375
1911.7556076049805,2,2536.3,19508.2890625,83021.87109375
1912.7660233974457,2,501.1,7920.38671875,83021.87109375
1913.7758882045746,2,2238.5,8677.90234375,83021.87109375
1914.7866399288177,2,3606.7,12362.0546875,83021.87109375
1915.8046336174011,2,4307.3,13344.05859375,83021.87109375
1916.8243551254272,2,4400.4,17119.578125,83021.87109375
1917.849636554718,2,4149.8,16398.40625,83021.87109375
1918.8706593513489,2,3590.3,16703.41796875,83021.87109375
1919.899652481079,2,3129.2,17009.34765625,83021.87109375
1920.924635887146,2,3615.5,17874.49609375,83021.87109375
1921.936018705368,2,3783.0,19107.7734375,83021.87109375
1922.9440352916718,2,1287.5,19062.60546875,83021.87109375
1923.9536399841309,2,3546.5,19268.58203125,83021.87109375
1924.9666395187378,2,2421.5,19525.171875,83021.87109375
1925.9765610694885,2,659.7,7929.7421875,83021.87109375
1926.9866354465485,2,2360.0,8719.328125,83021.87109375
1928.0213584899902,2,3589.9,12583.08984375,83021.87109375
1929.033640384674,2,4252.7,13302.0859375,83021.87109375
1930.056653022766,2,4528.2,15296.1015625,83021.87109375
1931.0716392993927,2,4277.8,16438.4453125,83021.87109375
1932.0916571617126,2,3487.2,16686.62109375,83021.87109375
1933.1236486434937,2,2971.4,16976.51171875,83021.87109375
1934.14963555336,2,3675.1,17926.5859375,83021.87109375
1935.161120414734,2,3737.5,19029.2890625,83021.87109375
1936.1689302921295,2,1235.7,19077.04296875,83021.87109375
1937.1781237125397,2,3402.4,19229.1484375,83021.87109375
1938.1898415088654,2,2524.6,19446.140625,83021.87109375
1939.2006304264069,2,622.7,7890.64453125,83021.87109375
1940.2090384960175,2,2198.6,8690.14453125,83021.87109375
1941.225806236267,2,3658.3,12390.28515625,83021.87109375
1942.241638660431,2,4325.2,13294.21875,83021.87109375
1943.2635719776154,2,4485.6,16578.93359375,83021.87109375
1944.2774834632874,2,4227.1,16463.05859375,83021.87109375
1945.298653125763,2,3518.4,16767.29296875,83021.87109375
1946.3256433010101,2,3138.0,17085.47265625,83021.87109375
1947.3516352176666,2,3671.9,18074.46484375,83021.87109375
1948.3640348911285,2,3638.3,19117.87109375,83021.87109375
1949.3715851306915,2,1203.0,19226.4375,83021.87109375
1950.3790230751038,2,2737.2,19425.859375,83021.87109375
1951.3986377716064,2,3251.2,19605.28515625,83021.87109375
1952.4105665683746,2,572.0,8937.2265625,85069.88671875
1953.4193007946014,2,2031.8,8716.15625,83021.87109375
1954.4269659519196,2,2888.3,11359.47265625,83021.87109375
1955.4406380653381,2,4258.0,13330.13671875,83021.87109375
1956.46164560318,2,4548.2,16919.890625,83021.87109375
1957.4886357784271,2,4234.4,16440.54296875,83021.87109375
1958.509923696518,2,3605.0,16644.828125,83021.87109375
1959.5175807476044,2,3079.0,16891.78125,83021.87109375
1960.5304300785065,2,3460.2,17526.1640625,83021.87109375
1961.542639017105,2,4344.9,18680.109375,83021.87109375
1962.552794456482,2,1508.2,18999.296875,83021.87109375
1963.5615863800049,2,2832.4,19213.296875,83021.87109375
1964.5730652809143,2,3116.0,19397.37109375,83021.87109375
1965.5823533535004,2,628.6,9101.015625,85069.88671875
1966.5908498764038,2,2089.7,8665.23046875,83021.87109375
1967.5997142791748,2,3020.9,11511.94140625,83021.87109375
1968.6136384010315,2,4323.6,13276.76171875,83021.87109375
1969.6346423625946,2,4555.0,17060.02734375,83021.87109375
1970.6589620113373,2,4148.4,16443.078125,83021.87109375
1971.6806602478027,2,3635.0,16726.3984375,83021.87109375
1972.7076478004456,2,3121.8,16950.4921875,83021.87109375
1973.7336373329163,2,3648.7,17756.8828125,83021.87109375
1974.745635509491,2,3947.4,19031.49609375,83021.87109375
1975.7658121585846,2,1384.8,19118.39453125,83021.87109375
1976.7744550704956,2,3294.1,19276.86328125,83021.87109375
1977.7845194339752,2,2565.1,19487.96484375,83021.87109375
1978.7946043014526,2,592.7,7889.12890625,83021.87109375
1979.8035237789154,2,2179.5,8806.33203125,83021.87109375
1980.8158841133118,2,3574.5,12382.68359375,83021.87109375
1981.8296403884888,2,4283.4,13306.2734375,83021.87109375
1982.854100227356,2,4507.4,16469.72265625,83021.87109375
1983.870638847351,2,4208.6,16364.30859375,83021.87109375
1984.8926527500153,2,3468.9,16617.03515625,83021.87109375
1985.9242007732391,2,2906.0,16795.1640625,83021.87109375
1986.9355008602142,2,3817.2,17944.34375,83021.87109375
1987.9475021362305,2,3575.8,19004.9453125,83021.87109375
1988.9550113677979,2,1150.1,18918.109375,83021.87109375
1989.9636406898499,2,3734.1,19149.1015625,83021.87109375
1990.9749574661255,2,2163.2,19420.4453125,83021.87109375
1991.983952999115,2,610.1,7887.7578125,83021.87109375
1992.9936411380768,2,2979.7,10405.984375,83021.87109375
1994.0106480121613,2,4265.2,12454.98046875,83021.87109375
1995.0366415977478,2,4268.0,14415.51953125,83021.87109375
1996.0515875816345,2,3594.2,14588.41015625,83021.87109375
1997.0586338043213,2,3490.0,15393.4296875,83021.87109375
1998.0714526176453,2,3156.7,16391.6953125,83021.87109375
1999.080510854721,2,2777.5,16391.3125,83021.87109375
2000.0908675193787,2,2246.1,16742.26171875,83021.87109375
2001.0999386310577,2,1214.7,8574.9921875,83021.87109375
2002.1116480827332,2,3765.1,11523.21875,83021.87109375
2003.1326487064362,2,4457.2,13338.390625,83021.87109375
2004.1460371017456,2,4043.0,14450.34765625,83021.87109375
2005.1556503772736,2,3103.6,14737.73828125,83021.87109375
2006.1826367378235,2,4003.3,15946.41796875,83021.87109375
2007.202986240387,2,1970.7,16211.45703125,83021.87109375
2008.2116408348083,2,3994.4,16314.88671875,83021.87109375
2009.235437631607,2,799.7,9605.6640625,85069.88671875
2010.2457113265991,2,2385.7,9501.4609375,83021.87109375
2011.2615830898285,2,4197.7,11555.86328125,83021.87109375
2012.2712371349335,2,4339.9,14048.22265625,83021.87109375
2013.2783455848694,2,3788.0,14529.81640625,83021.87109375
2014.2896344661713,2,3633.7,15116.78125,83021.87109375
2015.3007051944733,2,3484.6,16318.61328125,83021.87109375
2016.3086400032043,2,2266.4,16384.8203125,83021.87109375
2017.324060678482,2,2810.9,16520.23046875,83021.87109375
2018.3338663578033,2,1247.3,8468.97265625,83021.87109375
2019.3426411151886,2,3304.5,11294.1015625,83021.87109375
2020.3636436462402,2,4375.4,13777.82421875,83021.87109375
2021.3906326293945,2,4183.4,14343.78125,83021.87109375
2022.4109029769897,2,3138.8,14589.703125,83021.87109375
2023.4224615097046,2,3799.2,15670.26953125,83021.87109375
2024.432473897934,2,2556.3,16104.08984375,83021.87109375
2025.4406287670135,2,3540.7,16172.1015625,83021.87109375
2026.4574975967407,2,1360.9,8529.99609375,85069.88671875
2027.4686391353607,2,2613.7,9145.33984375,83021.87109375
2028.493605852127,2,3876.2,10222.00390625,83021.87109375
2029.5062811374664,2,3510.3,10565.9140625,83021.87109375
2030.5186347961426,2,1248.4,8451.046875,83021.87109375
2031.527637720108,2,3322.2,11353.4609375,83021.87109375
2032.5486478805542,2,4461.3,13816.60546875,83021.87109375
2033.5756373405457,2,4185.5,14273.45703125,83021.87109375
2034.5956480503082,2,3043.6,14578.359375,83021.87109375
2035.6226379871368,2,3762.5,15641.31640625,83021.87109375
2036.642914056778,2,2385.6,16057.86328125,83021.87109375
2037.6556346416473,2,3507.8,16181.76171875,83021.87109375
2038.6745331287384,2,1408.8,8474.5078125,85069.88671875
2039.6846373081207,2,2229.2,9569.88671875,83021.87109375
2040.6988933086395,2,4302.0,11276.75390625,83021.87109375
2041.712648153305,2,3408.0,12183.5546875,83021.87109375
2042.734522819519,2,3925.1,13036.55859375,83021.87109375
2043.7436347007751,2,2733.8,13180.47265625,83021.87109375
2044.755553483963,2,1501.6,9746.92578125,85069.88671875
2045.7646374702454,2,2848.7,10167.01953125,83021.87109375
2046.7856328487396,2,4320.2,11923.69921875,83021.87109375
2047.8087539672852,2,3382.9,12159.671875,83021.87109375
2048.822639942169,2,3719.4,13135.62890625,83021.87109375
2049.8313748836517,2,3103.1,13165.55078125,83021.87109375
2050.843195438385,2,760.2,5308.76171875,75853.71484375
2051.8532745838165,2,76.2,5048.734375,75853.71484375
2052.8634679317474,2,101.1,4884.5703125,75853.71484375
