elapsed_time,nproc,cpu,mem_real,mem_virtual
3.933906555175781e-05,2,0.0,11.4765625,2008.0234375
1.0063858032226562,4,6.9,401.9765625,4162.734375
2.0153982639312744,4,100.1,604.515625,4390.734375
3.024096727371216,4,100.2,613.85546875,4450.734375
4.032384872436523,4,100.1,616.39453125,4450.734375
5.041911363601685,4,99.1,616.72265625,4450.734375
6.050657033920288,4,99.9,623.4296875,4498.734375
7.0612733364105225,4,98.9,614.34375,4498.734375
8.0719313621521,4,99.8,589.4921875,4498.734375
9.083879947662354,4,99.9,599.40625,4498.734375
10.094961643218994,4,99.9,653.60546875,4498.734375
11.105888605117798,4,99.0,701.33984375,4554.734375
12.115540981292725,4,99.9,751.33984375,4618.734375
13.126476526260376,4,99.9,807.3203125,4704.734375
14.137839078903198,4,98.8,855.34375,4704.734375
15.149924993515015,4,100.0,907.34765625,4800.734375
16.160011768341064,4,99.9,949.34765625,4800.734375
17.17105507850647,3,4.0,152.859375,3601.83203125
18.18300151824951,2,0.0,122.16015625,3535.1875
19.19482445716858,2,101.0,532.39453125,4729.21875
20.204423189163208,2,98.9,822.37890625,5849.21875
21.21559238433838,2,100.5,1052.375,7129.21875
22.230327606201172,2,99.9,1298.37109375,7129.21875
23.240964651107788,2,98.9,2170.37109375,9697.21875
24.25198268890381,2,99.9,1818.3671875,9697.21875
25.26303243637085,2,99.9,1875.421875,9185.1875
26.273884296417236,2,100.0,1880.2421875,9185.1875
27.284378051757812,2,99.8,1880.2421875,9185.1875
28.29593062400818,2,99.9,1992.94921875,9697.203125
29.306995391845703,2,100.0,2015.234375,9745.203125
30.31730341911316,2,3851.6,2884.96875,13834.6484375
31.344388723373413,2,4632.3,3301.078125,14270.6484375
32.37138509750366,2,4686.1,3540.25,14523.1484375
33.39946103096008,2,4684.0,3734.54296875,14779.1484375
34.421640157699585,2,4717.8,3779.04296875,14883.1484375
35.444387912750244,2,4659.7,3872.79296875,15022.1484375
36.47138524055481,2,4668.8,3990.12890625,15253.1484375
37.49838209152222,2,4658.8,4073.78125,15438.1484375
38.52738332748413,2,4705.5,4200.16015625,15571.1484375
39.54417681694031,2,4678.2,4174.390625,15658.1484375
40.56853485107422,2,4645.1,4213.97265625,15735.1484375
41.5953848361969,2,4659.3,4168.87890625,15774.1484375
42.62238144874573,2,4718.2,4089.11328125,15802.1484375
43.64939045906067,2,4672.9,4187.8359375,15881.1484375
44.67395830154419,2,4639.7,4294.3671875,16019.1484375
45.700382471084595,2,4654.8,4403.64453125,16118.1484375
46.72738003730774,2,4730.6,4404.02734375,16185.1484375
47.75441861152649,2,4661.0,4332.23828125,16197.1484375
48.77923560142517,2,4638.2,4385.2265625,16262.1484375
49.80738353729248,2,4645.6,4345.9140625,16284.1484375
50.834386348724365,2,4688.3,4380.33984375,16374.1484375
51.86138343811035,2,4691.7,4366.015625,16388.1484375
52.89339089393616,2,4650.7,4356.72265625,16420.1484375
53.91938281059265,2,4668.0,4511.3125,16575.1484375
54.94638419151306,2,4661.4,4525.67578125,16625.1484375
55.97338318824768,2,4693.5,4519.2734375,16679.1484375
57.005417346954346,2,4652.1,4554.8203125,16766.1484375
58.03337574005127,2,4671.9,4703.66015625,16806.1484375
59.07238459587097,2,4691.6,4661.00390625,16852.1484375
60.099385023117065,2,4714.1,4653.3046875,16940.1484375
61.123788356781006,2,4692.7,4665.87109375,16992.1484375
62.14637780189514,2,4632.5,4671.0078125,17014.1484375
63.17337727546692,2,4618.0,4546.16796875,17116.1484375
64.20037746429443,2,4727.3,4463.80859375,17126.1484375
65.22738218307495,2,4687.7,4380.58203125,17126.1484375
66.25176334381104,2,4621.6,4372.8515625,17192.1484375
67.27938556671143,2,4653.2,4444.30078125,17332.1484375
68.30638456344604,2,4724.3,4453.71875,17406.1484375
69.3333911895752,2,4669.5,4434.03125,17406.1484375
70.35794281959534,2,4646.4,4442.54296875,17428.1484375
71.38737893104553,2,4672.8,4565.54296875,17564.1484375
72.42638373374939,2,4655.6,4654.171875,17608.1484375
73.45337867736816,2,4670.4,4628.96484375,17608.1484375
74.4777295589447,2,4627.4,4676.50390625,17704.1484375
75.50538802146912,2,4654.0,4700.73828125,17758.1484375
76.53131413459778,2,4700.3,4684.02734375,17768.1484375
77.55937814712524,2,4703.1,4746.28515625,17780.1484375
78.58885931968689,2,4642.6,4715.04296875,17790.1484375
79.62038016319275,2,4665.2,4769.1171875,17854.1484375
80.65245723724365,2,4687.1,4847.02734375,17888.1484375
81.6793782711029,2,4697.8,4994.328125,17952.1484375
82.70638680458069,2,4638.7,5193.28125,18174.1484375
83.7383816242218,2,4664.2,5172.984375,18248.1484375
84.76490330696106,2,4664.5,5344.796875,18438.1484375
85.79338264465332,2,4710.8,5391.7890625,18624.1484375
86.82037997245789,2,4682.0,5425.984375,18742.1484375
87.84489417076111,2,4630.4,5388.3125,18836.1484375
88.87338399887085,2,4640.8,5462.90625,18912.1484375
89.90037941932678,2,4690.2,5495.01953125,18964.1484375
90.92738389968872,2,4693.2,5466.71875,18988.1484375
91.95238280296326,2,4617.9,5562.0625,19016.1484375
92.97938418388367,2,4649.3,5577.32421875,19044.1484375
94.0053219795227,2,4727.8,5550.2265625,19152.1484375
95.03339171409607,2,4656.3,5487.59765625,19176.1484375
96.05814123153687,2,4637.3,5499.01953125,19176.1484375
97.08522701263428,2,4651.1,5419.42578125,19176.1484375
98.11238312721252,2,4689.2,5401.421875,19176.1484375
99.14137959480286,2,4694.3,5443.16796875,19304.1484375
100.16738152503967,2,4644.1,5412.55859375,19356.1484375
101.1963758468628,2,4671.3,5418.87890625,19356.1484375
102.21969819068909,2,4663.4,5552.8359375,19446.1484375
103.24738025665283,2,4707.6,5383.9296875,19446.1484375
104.27180242538452,2,4654.6,5322.1640625,19462.1484375
105.29938268661499,2,4655.3,5240.5234375,19462.1484375
106.32638573646545,2,4663.0,5277.6171875,19518.1484375
107.35338020324707,2,4707.2,5659.515625,19916.1484375
108.38037991523743,2,4667.0,5608.9375,19936.1484375
109.40497159957886,2,4644.7,5690.53125,19966.1484375
110.43438005447388,2,4653.1,5719.09765625,20016.1484375
111.46038722991943,2,4670.9,5943.734375,20080.1484375
112.48738360404968,2,4663.6,5975.49609375,20220.1484375
113.51205563545227,2,4616.0,5952.296875,20220.1484375
114.53938055038452,2,4639.5,5920.5234375,20220.1484375
115.56638503074646,2,4712.7,5893.359375,20248.1484375
116.59338307380676,2,4652.0,5973.80078125,20300.1484375
117.61792182922363,2,4626.3,6069.23046875,20340.1484375
118.64638113975525,2,4646.7,5981.02734375,20364.1484375
119.67038416862488,2,4716.4,5933.6015625,20364.1484375
120.6973831653595,2,4654.9,5966.05859375,20388.1484375
121.72190809249878,2,4642.2,5962.171875,20402.1484375
122.75138640403748,2,4667.5,5978.0390625,20406.1484375
123.79138612747192,2,4694.8,6020.0703125,20446.1484375
124.81838393211365,2,4693.7,6046.16796875,20446.1484375
125.84538221359253,2,4650.7,5950.47265625,20446.1484375
126.87338328361511,2,4654.7,5899.21875,20446.1484375
127.9003849029541,2,4683.2,5903.3359375,20466.1484375
128.92738485336304,2,4713.4,6062.15625,20578.1484375
129.9543812274933,2,4662.6,6013.01171875,20598.1484375
130.98473191261292,2,4669.2,6038.078125,20598.1484375
132.0112431049347,2,4658.8,6202.4609375,20674.1484375
133.03832077980042,2,4716.1,6184.38671875,20674.1484375
134.0663857460022,2,4637.1,6122.57421875,20674.1484375
135.09338235855103,2,4664.0,6071.90234375,20726.1484375
136.12238144874573,2,4650.1,6102.0625,20726.1484375
137.15338683128357,2,4691.1,6198.13671875,20726.1484375
138.1838653087616,2,4665.4,6412.578125,20750.1484375
139.2053837776184,2,4649.7,6253.3203125,20750.1484375
140.23237895965576,2,4677.9,6305.42578125,20794.1484375
141.26138138771057,2,4704.4,6315.28125,20838.1484375
142.2917275428772,2,4642.2,6242.578125,20866.1484375
143.3153805732727,2,4642.1,6349.17578125,20948.1484375
144.34238457679749,2,4651.0,6359.203125,21016.1484375
145.36938166618347,2,4697.1,6347.3828125,21040.1484375
146.3963806629181,2,4674.0,6327.421875,21040.1484375
147.4207901954651,2,4655.6,6276.05078125,21040.1484375
148.4483802318573,2,4651.8,6385.41796875,21044.1484375
149.48138213157654,2,4680.0,6434.90234375,21044.1484375
150.50837922096252,2,4695.6,6763.671875,21460.1484375
151.53300786018372,2,4640.6,6966.65625,21600.1484375
152.56039094924927,2,4640.1,6981.859375,21680.1484375
153.58938574790955,2,4685.8,7004.63671875,21784.1484375
154.6029920578003,2,4668.7,7063.03515625,21972.1484375
155.63024806976318,2,4646.5,6960.63671875,21972.1484375
156.65837693214417,2,4664.2,6852.11328125,22002.1484375
157.68538546562195,2,4666.7,6778.46484375,22002.1484375
158.71138286590576,2,4684.9,6683.28125,22002.1484375
159.73879075050354,2,4635.7,6543.58984375,22002.1484375
160.76766276359558,2,4657.5,6493.44140625,22002.1484375
161.79738020896912,2,4637.5,6431.37890625,22002.1484375
162.82337260246277,2,4683.1,6270.1328125,22002.1484375
163.8547420501709,2,4673.0,6136.7734375,22002.1484375
164.877845287323,2,4615.5,6033.4765625,22002.1484375
165.90438413619995,2,4662.7,6027.98046875,22002.1484375
166.9313862323761,2,4715.8,6124.6640625,22030.1484375
167.95837950706482,2,4677.0,6330.5703125,22186.1484375
168.9853858947754,2,4656.8,6279.19140625,22186.1484375
170.01238536834717,2,4652.1,6332.14453125,22290.1484375
171.04148125648499,2,4651.2,6242.171875,22290.1484375
172.06737875938416,2,4695.4,6186.7421875,22290.1484375
173.0920729637146,2,4640.9,6277.76171875,22290.1484375
174.1193826198578,2,4655.9,6212.3671875,22290.1484375
175.1463806629181,2,4644.3,6303.08984375,22290.1484375
176.20538115501404,2,4676.9,6455.55078125,22322.1484375
177.23002338409424,2,4643.8,6560.56640625,22322.1484375
178.25837993621826,2,4673.6,6641.3203125,22354.1484375
179.28680682182312,2,4663.6,6606.05078125,22354.1484375
180.31337904930115,2,4702.7,6642.33984375,22354.1484375
181.3403835296631,2,4676.9,6648.07421875,22354.1484375
182.36538529396057,2,4617.4,6656.93359375,22354.1484375
183.39238452911377,2,4650.1,6699.98046875,22354.1484375
184.4183795452118,2,4711.8,6706.6015625,22354.1484375
185.44538068771362,2,4686.1,6816.625,22382.1484375
186.46990418434143,2,4631.6,6746.7109375,22382.1484375
187.4973795413971,2,4653.8,6791.203125,22434.1484375
188.52438068389893,2,4702.8,6734.6875,22522.1484375
189.55338382720947,2,4668.5,6866.51953125,22594.1484375
190.57338118553162,2,4624.1,7016.85546875,22718.1484375
191.60138177871704,2,4651.0,6928.7421875,22718.1484375
192.62837982177734,2,4675.3,6941.34765625,22774.1484375
193.65737986564636,2,4682.2,7201.4140625,22778.1484375
194.6833779811859,2,4647.5,7249.12890625,22994.1484375
195.71237993240356,2,4664.7,7701.15625,23384.1484375
196.7433784008026,2,4647.7,7792.85546875,23552.1484375
197.77037858963013,2,4703.0,7858.796875,23552.1484375
198.79738402366638,2,4622.5,7706.25390625,23552.1484375
199.82537746429443,2,4664.6,7611.1875,23552.1484375
200.8523736000061,2,4641.2,7604.3359375,23752.1484375
201.88153433799744,2,4683.7,7592.49609375,23752.1484375
202.9073770046234,2,4655.1,7478.3359375,23752.1484375
203.93238401412964,2,4651.0,7534.90234375,23752.1484375
204.9593861103058,2,4662.8,7478.40234375,23780.1484375
205.9853856563568,2,4724.8,7509.9609375,23780.1484375
207.0123791694641,2,4676.7,7588.828125,23812.1484375
208.0372130870819,2,4649.8,7488.25,23812.1484375
209.06438064575195,2,4653.9,7431.578125,23812.1484375
210.09138226509094,2,4682.2,7594.47265625,23836.1484375
211.11838507652283,2,4688.3,7547.5390625,23836.1484375
212.14338278770447,2,4655.2,7664.31640625,23948.1484375
213.17138004302979,2,4644.6,7861.19140625,24114.1484375
214.19838428497314,2,4651.7,7723.375,24150.1484375
215.22538232803345,2,4702.8,7774.08984375,24150.1484375
216.25463676452637,2,4640.7,7713.38671875,24214.1484375
217.2823805809021,2,4646.6,7684.44140625,24214.1484375
218.3093822002411,2,4647.5,7674.64453125,24214.1484375
219.3363847732544,2,4667.6,7543.99609375,24214.1484375
220.36338567733765,2,4660.3,7442.34375,24214.1484375
221.3883819580078,2,4625.6,7423.40625,24214.1484375
222.41854739189148,2,4653.0,7349.5859375,24266.1484375
223.44437885284424,2,4697.4,7263.421875,24266.1484375
224.47138381004333,2,4667.8,7182.76953125,24266.1484375
225.49638390541077,2,4622.9,7224.9453125,24298.1484375
226.52438116073608,2,4659.7,7303.15625,24298.1484375
227.55138230323792,2,4713.8,7284.62109375,24298.1484375
228.5783829689026,2,4651.8,7185.4765625,24358.1484375
229.60295128822327,2,4625.8,7128.78515625,24390.1484375
230.63138151168823,2,4571.6,7178.26953125,24390.1484375
231.66037964820862,2,4676.2,7033.09765625,24390.1484375
232.68690943717957,2,4643.7,6959.125,24390.1484375
233.70937848091125,2,4634.1,6782.6171875,24390.1484375
234.73847651481628,2,4637.4,6681.8125,24390.1484375
235.76538681983948,2,4669.2,6632.3203125,24390.1484375
236.79238033294678,2,4701.3,6623.75390625,24390.1484375
237.82038378715515,2,4640.2,6580.85546875,24390.1484375
238.84639048576355,2,4669.4,6658.9296875,24390.1484375
239.87338018417358,2,4669.3,6694.7265625,24390.1484375
240.90038633346558,2,4713.6,6722.4765625,24390.1484375
241.9273796081543,2,4654.7,6945.74609375,24454.1484375
242.95438146591187,2,4670.3,7021.47265625,24454.1484375
243.9813768863678,2,4653.8,7221.2265625,24454.1484375
245.01111507415771,2,4703.7,7170.16796875,24454.1484375
246.03638768196106,2,4668.6,7182.26953125,24454.1484375
247.04938435554504,2,4629.0,7115.421875,24454.1484375
248.0763783454895,2,4646.7,7208.93359375,24454.1484375
249.1033821105957,2,4729.2,7163.1953125,24454.1484375
250.1303837299347,2,4663.1,7136.7109375,24454.1484375
251.1553807258606,2,4633.1,7237.50390625,24474.1484375
252.1823878288269,2,4648.8,7242.49609375,24554.1484375
253.20937943458557,2,4679.7,7282.484375,24554.1484375
254.2363862991333,2,4693.8,7351.5703125,24554.1484375
255.26108050346375,2,4634.1,7394.8046875,24554.1484375
256.28937888145447,2,4664.1,7542.27734375,24554.1484375
257.31638050079346,2,4673.8,7710.85546875,24582.1484375
258.3433828353882,2,4702.0,7629.796875,24606.1484375
259.3677942752838,2,4674.7,7631.828125,24726.1484375
260.38438606262207,2,4630.9,7606.86328125,24726.1484375
261.40638494491577,2,4621.4,7667.7890625,24730.1484375
262.4333801269531,2,4691.4,7785.3125,24770.1484375
263.46038150787354,2,4676.3,7882.58984375,24944.1484375
264.4848756790161,2,4611.2,8140.8515625,25128.1484375
265.5133755207062,2,4639.3,8071.46875,25128.1484375
266.539377450943,2,4726.9,8072.58203125,25128.1484375
267.5663871765137,2,4673.8,7949.5859375,25296.1484375
268.5903842449188,2,4636.7,7865.5078125,25456.1484375
269.61738300323486,2,4654.3,8055.8828125,25456.1484375
270.6443841457367,2,4675.4,8261.70703125,25628.1484375
271.67138028144836,2,4669.3,8896.69921875,26406.1484375
272.70238733291626,2,4675.4,9235.3203125,26662.1484375
273.72939109802246,2,4644.9,9488.60546875,26982.1484375
274.75638222694397,2,4644.0,9625.921875,27366.1484375
275.78239607810974,2,4675.0,9893.7578125,27366.1484375
276.8113968372345,2,4639.2,10364.734375,27938.1484375
277.83938360214233,2,4653.5,10195.55859375,27994.1484375
278.8663809299469,2,4646.1,10230.8828125,28026.1484375
279.89338302612305,2,4683.0,10271.63671875,28174.1484375
280.9203796386719,2,4646.7,10284.11328125,28174.1484375
281.94637966156006,2,4645.1,10280.62109375,28174.1484375
282.97438168525696,2,4646.5,10322.6328125,28174.1484375
284.0014147758484,2,4670.2,10704.4296875,28202.1484375
285.02591919898987,2,4707.7,10652.92578125,28202.1484375
286.0472249984741,2,4737.6,10610.625,28202.1484375
287.0728647708893,2,4733.4,10720.625,28382.1484375
288.0853810310364,2,4743.5,10909.47265625,28382.1484375
289.11038088798523,2,4702.5,10750.50390625,28386.1484375
290.13521790504456,2,4644.8,10692.1796875,28386.1484375
291.15338373184204,2,4651.8,11014.40234375,28386.1484375
292.18038296699524,2,4656.5,11174.40625,28546.1484375
293.21021699905396,2,4682.8,11147.171875,28546.1484375
294.23238372802734,2,4651.8,11216.2421875,28738.1484375
295.25838112831116,2,4655.3,11014.22265625,28738.1484375
296.2843806743622,2,4659.5,10770.828125,28738.1484375
297.31138467788696,2,4698.6,10722.26171875,28738.1484375
298.3359627723694,2,4682.2,10787.38671875,28738.1484375
299.3615746498108,2,4632.6,10808.0234375,28738.1484375
300.38938426971436,2,4632.6,10795.89453125,28742.1484375
301.417382478714,2,4708.7,10774.24609375,28930.1484375
302.44537806510925,2,4665.6,11381.31640625,29280.1484375
303.46985912323,2,4627.1,11471.66015625,29372.1484375
304.4973750114441,2,4639.7,11423.1875,29432.1484375
305.52037954330444,2,4704.4,11489.26953125,29436.1484375
306.54838371276855,2,4671.8,11607.9140625,29604.1484375
307.57338404655457,2,4643.1,11694.4140625,29728.1484375
308.6003849506378,2,4651.5,11634.9296875,29784.1484375
309.62738060951233,2,4560.8,11671.69140625,29784.1484375
310.6543855667114,2,4237.9,11720.55859375,29784.1484375
311.6671450138092,2,3655.1,11775.4609375,29908.1484375
312.67719197273254,2,3367.1,11681.36328125,29964.1484375
313.6902525424957,2,3202.9,11725.2265625,29964.1484375
314.70371651649475,2,2945.2,11559.94921875,29964.1484375
315.7160007953644,2,2824.5,11175.08203125,29964.1484375
316.7285256385803,2,2629.6,10952.1484375,29992.1484375
317.74119758605957,2,2201.7,10663.53515625,29992.1484375
318.7522270679474,2,1913.5,10583.73828125,29992.1484375
319.7639648914337,2,1716.3,10237.31640625,29992.1484375
320.77482891082764,2,1687.6,10190.21875,30136.1484375
321.7851369380951,2,1596.7,10093.40234375,30136.1484375
322.7953803539276,2,1576.6,9926.6015625,30312.1484375
323.80257415771484,2,1380.4,9680.265625,30312.1484375
324.81171894073486,2,1298.1,9390.625,30312.1484375
325.8216254711151,2,1298.5,9474.91015625,30312.1484375
326.82974314689636,2,1295.9,9270.1484375,30312.1484375
327.8383355140686,2,1286.5,9132.8046875,30312.1484375
328.846488237381,2,1199.0,8899.9296875,30312.1484375
329.8548469543457,2,1197.7,8780.09375,30312.1484375
330.8634424209595,2,1174.9,8689.08203125,30312.1484375
331.8711471557617,2,921.7,8569.1015625,30312.1484375
332.88232922554016,2,810.1,8684.90234375,30312.1484375
333.8932659626007,2,746.3,8808.0625,30312.1484375
334.9036259651184,2,585.6,8442.9765625,30312.1484375
335.91459441185,2,501.5,8359.9765625,30312.1484375
336.9255328178406,2,503.6,8247.73046875,30312.1484375
337.9362232685089,2,503.6,8099.09375,30312.1484375
338.9469270706177,2,503.5,7942.94140625,30312.1484375
339.95787525177,2,428.7,7775.6953125,30312.1484375
340.96800088882446,2,401.4,7678.6015625,30312.1484375
341.9795665740967,2,303.7,7929.1953125,30312.1484375
342.9904432296753,2,302.7,7624.484375,30312.1484375
344.00151562690735,2,304.2,7651.67578125,30312.1484375
345.01080226898193,2,303.8,7535.140625,30312.1484375
346.0213303565979,2,305.8,7510.84765625,30312.1484375
347.03188967704773,2,306.8,7656.91015625,30600.1484375
348.0422260761261,2,303.1,7294.4765625,30600.1484375
349.05186200141907,2,302.9,7202.7421875,30600.1484375
350.0621819496155,2,305.7,7230.9765625,30600.1484375
351.07311725616455,2,302.8,7231.22265625,30600.1484375
352.0836806297302,2,302.2,7097.09765625,30600.1484375
353.0928840637207,2,301.8,6994.96484375,30600.1484375
354.103404045105,2,306.5,7131.453125,30600.1484375
355.1147983074188,2,306.6,7038.80859375,30600.1484375
356.12581491470337,2,299.9,7183.87109375,30600.1484375
357.13606429100037,2,299.9,7438.08203125,30600.1484375
358.1462781429291,2,300.7,7614.671875,30600.1484375
359.1571190357208,2,300.6,7652.8515625,30624.1484375
360.1683030128479,2,307.7,6740.25390625,30624.1484375
361.1789457798004,2,209.6,6901.21875,30624.1484375
362.19045543670654,2,204.0,6795.78515625,30624.1484375
363.2004828453064,2,202.6,6893.24609375,30624.1484375
364.212185382843,2,205.6,6665.40234375,30624.1484375
365.22376704216003,2,206.9,6523.8046875,30624.1484375
366.2339096069336,2,206.6,6347.46484375,30624.1484375
367.24533581733704,2,206.1,6108.05078125,30624.1484375
368.25991201400757,2,204.8,5973.34375,30624.1484375
369.2703471183777,2,203.7,5922.65234375,30624.1484375
370.2817494869232,2,199.8,6206.1953125,30624.1484375
371.29280185699463,2,200.8,6430.48046875,30624.1484375
372.29892468452454,2,201.7,6540.6953125,30624.1484375
373.31023836135864,2,200.0,6182.71875,30624.1484375
374.32047629356384,2,199.9,6400.3046875,30624.1484375
375.33106422424316,2,200.3,6539.09765625,30624.1484375
376.3396563529968,2,202.7,6113.7578125,30624.1484375
377.35107493400574,2,199.9,6258.36328125,30624.1484375
378.36137771606445,2,200.9,6386.78125,30624.1484375
379.371999502182,2,204.9,5983.0703125,30624.1484375
380.3820130825043,2,201.7,5961.6640625,30624.1484375
381.3934063911438,2,209.8,5782.68359375,30624.1484375
382.40398621559143,2,102.9,5734.453125,30624.1484375
383.4150674343109,2,102.9,5690.65234375,30624.1484375
384.4262361526489,2,104.8,5652.98828125,30624.1484375
385.4377861022949,2,108.8,5522.140625,30624.1484375
386.4488174915314,2,106.9,5661.19140625,30624.1484375
387.459477186203,2,106.9,5778.01953125,30624.1484375
388.46992540359497,2,104.9,5828.84765625,30624.1484375
389.4808111190796,2,102.8,5368.58203125,30624.1484375
390.4919822216034,2,105.0,5307.46484375,30624.1484375
391.50141859054565,2,103.5,5261.70703125,30624.1484375
392.51552081108093,2,104.9,5143.47265625,30624.1484375
393.5255742073059,2,102.9,5066.89453125,30624.1484375
394.5360085964203,2,104.0,4984.28125,30624.1484375
395.54538440704346,2,102.8,4966.51953125,30624.1484375
396.5566589832306,2,102.9,4973.94921875,30624.1484375
397.56752014160156,2,99.0,5285.9921875,30624.1484375
398.57771706581116,2,101.1,5454.82421875,30624.1484375
399.5868880748749,2,99.9,5099.80859375,30624.1484375
400.5974886417389,2,99.8,5097.875,30624.1484375
401.6090655326843,2,102.9,5084.890625,30624.1484375
402.61941719055176,2,102.0,5044.3359375,30624.1484375
403.6288414001465,2,101.9,4985.73828125,30624.1484375
404.6393404006958,2,100.8,4962.54296875,30624.1484375
405.65097641944885,2,99.9,5028.20703125,30624.1484375
406.66220450401306,2,100.0,5171.62109375,30624.1484375
407.6722366809845,2,101.9,5290.92578125,30624.1484375
408.6833984851837,2,100.8,5430.0234375,30624.1484375
409.6952311992645,2,100.0,5581.734375,30624.1484375
410.70525193214417,2,99.0,5707.734375,31148.1484375
411.71584725379944,2,100.9,5713.2734375,31148.1484375
412.7264521121979,2,99.8,5935.390625,31148.1484375
413.7383267879486,2,101.0,5809.58203125,31148.1484375
414.74842858314514,2,101.8,5894.9921875,31148.1484375
415.76001048088074,2,103.9,5760.32421875,31148.1484375
416.77053141593933,2,102.9,5624.78125,31148.1484375
417.7807877063751,2,101.8,5706.5078125,31148.1484375
418.7927668094635,2,107.8,5413.02734375,31148.1484375
419.8041253089905,2,104.9,5300.140625,31148.1484375
420.81452107429504,2,102.9,5189.7578125,31148.1484375
421.82495188713074,2,102.8,5102.1875,31148.1484375
422.8361828327179,2,102.9,4992.68359375,31148.1484375
423.84652066230774,2,103.0,4735.6953125,31148.1484375
424.8573794364929,2,597.4,2888.9765625,31204.1484375
425.86940479278564,2,241.2,3010.55078125,31348.15625
426.8810579776764,2,106.8,2832.47265625,31444.2265625
427.8920466899872,2,106.8,2916.51953125,31684.23828125
428.90337324142456,2,645.5,3132.44921875,32036.23828125
429.9273626804352,2,1706.7,3773.8359375,37668.3203125
430.9380729198456,2,1382.7,6365.3125,37156.3125
431.9490792751312,2,834.8,5313.16015625,36132.28515625
432.960143327713,2,2980.3,4516.703125,43300.26953125
433.9753727912903,2,4494.5,6318.8125,43300.26953125
434.9955003261566,2,3296.5,6505.5703125,43300.26953125
436.0104203224182,2,2340.7,6830.515625,43300.26953125
437.02172327041626,2,1765.1,4837.53125,45348.28515625
438.0329167842865,2,2066.5,4601.70703125,43300.26953125
439.04436898231506,2,4215.8,6398.5234375,43300.26953125
440.0705020427704,2,4106.5,7634.62890625,43300.26953125
441.08446311950684,2,3053.0,7770.13671875,43300.26953125
442.09557819366455,2,3675.3,8562.71484375,43328.26953125
443.1063723564148,2,2861.0,8550.2109375,43328.26953125
444.12337946891785,2,1805.0,8594.54296875,43328.26953125
445.1342272758484,2,3720.7,3362.796875,41280.23828125
446.16236901283264,2,4692.1,3298.46484375,41280.23828125
447.1864538192749,2,4239.7,3378.19140625,41280.23828125
448.2066481113434,2,4658.0,3332.75390625,41280.23828125
449.2173705101013,2,4701.2,3282.55078125,41280.23828125
450.23775720596313,2,1005.9,3238.83203125,41280.23828125
451.2447578907013,2,94.2,3194.85546875,41280.23828125
452.2532138824463,2,95.3,3171.2890625,41280.23828125
453.2603840827942,2,124.0,3456.20703125,41354.2578125
454.2683901786804,2,99.2,3840.0078125,41354.2578125
455.2765715122223,2,100.1,4181.8828125,41354.2578125
456.2851519584656,4,13.9,4475.5625,41652.80859375
457.29502606391907,4,100.1,4682.42578125,41880.84375
458.30441451072693,4,99.2,4909.93359375,42130.4375
459.31291031837463,4,102.0,5066.94921875,42316.046875
460.323228597641,4,99.8,5353.94140625,42615.23828125
461.33506536483765,4,100.9,5690.25390625,42962.3828125
462.34638595581055,4,98.8,6041.59765625,43313.78125
463.3581304550171,4,100.0,6381.51171875,43654.98046875
464.36780166625977,4,99.9,6706.48828125,43979.953125
465.3787086009979,4,99.9,7053.65234375,44327.09765625
466.3894855976105,4,99.9,7404.4453125,44677.8515625
467.4005012512207,4,99.9,7737.2578125,45010.6875
468.4111821651459,4,99.9,8072.2109375,45345.71484375
469.42252469062805,4,99.9,8420.50390625,45694.1484375
470.4333107471466,4,99.8,8771.05078125,46044.64453125
471.4448969364166,4,98.9,9090.26171875,46364.9765625
472.4557318687439,4,100.9,9439.09375,46713.796875
473.46666526794434,4,99.8,9789.81640625,47064.55078125
474.47818899154663,4,98.9,10142.23828125,47416.98046875
475.48886132240295,4,99.9,10463.1640625,47737.95703125
476.49982213974,4,99.9,10811.9921875,48086.77734375
477.5105004310608,4,99.9,11162.3046875,48437.015625
478.5214409828186,4,100.0,11511.5,48786.22265625
479.5318305492401,4,100.8,11835.35546875,49110.03515625
480.54396963119507,4,98.9,12184.5078125,49459.2421875
481.55498456954956,4,99.8,12535.11328125,49809.8671875
482.5664768218994,4,100.1,12878.2109375,50153.015625
483.5755887031555,4,99.9,13206.0703125,50480.82421875
484.58608984947205,4,99.0,13553.32421875,50828.09765625
485.59670424461365,4,100.0,13901.47265625,51176.2734375
486.6069886684418,4,101.1,14243.96484375,51518.6484375
487.6155581474304,4,99.0,14413.1328125,51687.90234375
488.62605237960815,4,99.8,14429.95703125,51704.66015625
489.63784074783325,4,99.8,14794.73046875,52127.6328125
490.64985394477844,4,99.0,14530.82421875,51805.3046875
491.6597890853882,5,0.0,4534.45703125,41996.859375
492.6706848144531,2,12.9,4158.671875,41528.54296875
493.6821303367615,2,497.5,3697.65625,42378.3046875
494.6933708190918,2,2757.3,5145.7578125,46474.3671875
495.71836829185486,2,4675.2,5145.7578125,46474.3671875
496.745370388031,2,4655.4,5203.70703125,46474.3671875
497.7651345729828,2,1222.1,5810.015625,48522.3984375
498.7739577293396,2,100.2,6197.921875,48522.3984375
499.7821137905121,2,100.1,6494.125,48522.3984375
500.7910747528076,4,24.8,6836.453125,48869.41015625
501.7995135784149,4,99.1,7159.61328125,49192.5859375
502.808669090271,4,100.1,7485.49609375,49518.4609375
503.8172776699066,4,100.2,7839.65234375,49872.59765625
504.8255965709686,4,99.1,8168.640625,50201.55078125
505.83416867256165,4,99.9,8478.8203125,50511.828125
506.84540152549744,4,99.9,8799.50390625,50832.41796875
507.85645484924316,4,99.8,9128.5078125,51161.515625
508.8681936264038,4,99.9,9447.6171875,51480.6875
509.8788015842438,4,99.8,9744.2109375,51777.203125
510.8908221721649,4,99.8,10073.94921875,52106.9453125
511.90254521369934,4,99.9,10423.9921875,52457.0546875
512.9136846065521,4,100.0,10778.62890625,52811.67578125
513.9241394996643,4,99.9,11134.8515625,53168.1015625
514.9352622032166,4,98.9,11505.984375,53539.22265625
515.9462740421295,4,100.9,11881.71875,53914.984375
516.9573812484741,4,98.9,12219.515625,54252.71875
517.968209028244,4,100.8,12589.5546875,54627.0625
518.9798641204834,4,100.9,12961.34375,54998.828125
519.99058842659,4,99.0,13331.91796875,55369.43359375
521.0007891654968,4,99.9,13674.11328125,55711.6796875
522.0115599632263,4,99.9,14048.125,56085.63671875
523.0224032402039,4,99.9,14422.45703125,56459.98046875
524.0339183807373,4,100.0,14791.203125,56831.359375
525.0440716743469,4,99.9,15135.94140625,57176.18359375
526.0554649829865,4,99.8,15510.41015625,57550.65625
527.0674922466278,4,98.9,15884.4765625,57924.61328125
528.0783884525299,4,100.1,16244.30859375,58284.51953125
529.0870845317841,4,99.9,16597.76171875,58637.98046875
530.0978949069977,4,100.8,16971.24609375,59011.421875
531.1097240447998,4,98.8,17345.34765625,59385.5078125
532.1214609146118,4,99.9,17695.69921875,59735.875
533.1322314739227,4,99.8,18058.69140625,60098.875
534.1443207263947,4,100.8,18433.8828125,60474.12109375
535.1559672355652,4,98.9,18807.36328125,60847.5625
536.1667580604553,4,99.9,19166.6875,61206.82421875
537.1773838996887,4,99.9,19484.1015625,61524.3203125
538.18883061409,4,99.8,19582.6875,61622.93359375
539.2010233402252,4,99.8,19582.6875,61622.93359375
540.2129864692688,4,99.9,19582.7578125,61622.93359375
541.2242224216461,4,99.8,19582.7578125,61622.93359375
542.2360978126526,4,98.8,19909.78515625,62126.3359375
543.2478332519531,4,100.9,20201.59765625,62351.7890625
544.2590572834015,4,99.5,20207.59765625,62351.7890625
545.2741038799286,4,100.1,19742.1328125,61782.05859375
546.2831835746765,5,0.0,6765.3828125,49273.49609375
547.2932419776917,5,99.2,7324.0625,49564.8671875
548.3013820648193,5,99.2,7383.46484375,49773.50390625
549.309143781662,2,43.6,5544.15234375,49227.27734375
550.319402217865,2,99.0,5541.47265625,49227.27734375
551.3296482563019,2,100.0,6260.1953125,48715.24609375
552.339448928833,2,832.3,6899.67578125,48715.24609375
553.3475306034088,2,213.4,7055.15625,48715.24609375
554.355147600174,2,240.1,7204.90625,48715.24609375
555.3634285926819,2,1952.7,9859.64453125,48715.24609375
556.3840842247009,2,1710.6,12006.8671875,48715.24609375
557.4013669490814,2,4471.4,13400.72265625,48715.24609375
558.422375202179,2,4525.3,15288.0546875,48715.24609375
559.4426448345184,2,4303.8,14553.55078125,48715.24609375
560.4490413665771,2,3662.8,14722.35546875,48715.24609375
561.4572193622589,2,3528.0,15049.0234375,48715.24609375
562.4688324928284,2,2541.0,15450.23046875,48715.24609375
563.4763715267181,2,2272.0,15409.80078125,48715.24609375
564.488269329071,2,2465.6,7314.5234375,49227.25390625
565.4947786331177,2,749.4,8002.22265625,48715.24609375
566.5035443305969,2,212.4,7989.44921875,48715.24609375
567.5112888813019,2,625.7,7817.875,48715.24609375
568.5203742980957,2,1085.0,7557.32421875,48715.24609375
569.5464844703674,2,922.8,10397.0859375,48715.24609375
570.5552113056183,2,4220.2,13032.17578125,48715.24609375
571.5773832798004,2,4519.1,15026.64453125,54891.24609375
572.6049897670746,2,4377.6,14525.58984375,54891.24609375
573.6263778209686,2,3226.4,14826.796875,54891.24609375
574.6523725986481,2,4065.1,15270.48046875,54891.24609375
575.672456741333,2,2147.0,15471.06640625,54891.24609375
576.6803698539734,2,1972.3,15506.40234375,54891.24609375
577.694962978363,2,3006.6,15559.34375,54891.24609375
578.7026183605194,2,1218.8,8864.05859375,55115.24609375
579.7110209465027,2,892.1,8165.71875,55115.24609375
580.7258231639862,2,1354.8,7937.75390625,55115.24609375
581.7354166507721,2,1784.2,10742.18359375,55115.24609375
582.7653307914734,2,4432.0,12411.5234375,55115.24609375
583.7852306365967,2,4454.9,13031.65234375,55115.24609375
584.8012788295746,2,4038.8,14121.89453125,55115.24609375
585.8143951892853,2,4226.3,14875.1328125,55115.24609375
586.8517880439758,2,4104.6,14261.60546875,55115.24609375
587.8644263744354,2,2568.3,14430.76171875,55115.24609375
588.8763678073883,2,3109.1,14399.20703125,55115.24609375
589.8878378868103,2,876.4,8307.9375,55115.24609375
590.8976573944092,2,1273.4,8274.58203125,55115.24609375
591.9059205055237,2,1489.6,8018.5234375,55115.24609375
592.9156019687653,2,1035.3,9160.17578125,55115.24609375
593.9253704547882,2,3437.0,12403.21484375,55115.24609375
594.9463820457458,2,4557.4,13338.4609375,55115.24609375
595.9723834991455,2,4341.5,13927.859375,55115.24609375
596.9994049072266,2,3912.9,14863.94921875,55115.24609375
598.0526859760284,2,4191.2,14010.54296875,55115.24609375
599.0606973171234,2,3118.4,14413.53125,55115.24609375
600.0693712234497,2,2226.0,14462.54296875,55115.24609375
601.0810012817383,2,2918.2,14463.76171875,55115.24609375
602.0887415409088,2,1177.9,8618.875,55115.24609375
603.0980703830719,2,939.5,8155.51953125,55115.24609375
604.1061072349548,2,1289.5,7974.50390625,55115.24609375
605.1154518127441,2,2047.1,11575.06640625,55115.24609375
606.1533727645874,2,4405.5,12444.47265625,55115.24609375
607.1738350391388,2,4482.8,13085.453125,55115.24609375
608.1895930767059,2,3961.9,13998.015625,55115.24609375
609.199413061142,2,4147.8,14806.109375,55115.24609375
610.2378919124603,2,4057.7,14254.58984375,55115.24609375
611.2509524822235,2,2617.2,14466.875,55115.24609375
612.2588481903076,2,2963.3,14367.76171875,55115.24609375
613.2706689834595,2,1001.7,8176.1875,55115.24609375
614.278737783432,2,1236.4,8390.91796875,55371.24609375
615.2873721122742,2,1389.0,8085.265625,55371.24609375
616.3183755874634,2,1209.5,8747.390625,55371.24609375
617.3405432701111,2,2819.7,12283.99609375,55371.24609375
618.3563704490662,2,4408.8,12766.4765625,55371.24609375
619.3763823509216,2,4514.4,13927.0546875,55371.24609375
620.3913803100586,2,3699.6,14251.05859375,55371.24609375
621.4064033031464,2,4315.3,15037.25390625,55371.24609375
622.4507596492767,2,3823.7,14613.7109375,55371.24609375
623.4603786468506,2,2426.5,14692.9453125,55371.24609375
624.4679641723633,2,3180.9,14588.1875,55371.24609375
625.479100227356,2,1040.1,7961.890625,55371.24609375
626.4884366989136,2,1276.5,8445.390625,55371.24609375
627.4959306716919,2,1336.0,8147.03515625,55371.24609375
628.505378484726,2,1060.7,7927.7734375,55371.24609375
629.5212197303772,2,3115.7,11457.65234375,55371.24609375
630.536376953125,2,4381.1,12006.56640625,55371.24609375
631.5623722076416,2,4385.6,13714.609375,55371.24609375
632.5824000835419,2,3729.5,14580.328125,55371.24609375
633.6194071769714,2,4338.5,14503.171875,55371.24609375
634.6643707752228,2,3225.5,14201.1328125,55371.24609375
635.6728565692902,2,2351.7,14034.35546875,55371.24609375
636.6837251186371,2,3172.5,14108.375,55371.24609375
637.6923127174377,2,1157.0,8881.96875,55371.24609375
638.7043695449829,2,916.4,8396.8359375,55371.24609375
639.7172465324402,2,1131.2,8249.56640625,55371.24609375
640.7250490188599,2,1535.8,10154.0703125,55371.24609375
641.7363727092743,2,4355.8,11735.29296875,55371.24609375
642.7592356204987,2,4448.4,12658.38671875,55371.24609375
643.7738835811615,2,4056.1,13845.9375,55371.24609375
644.7853829860687,2,4025.4,14479.984375,55371.24609375
645.8233723640442,2,4218.7,13799.49609375,55371.24609375
646.8363754749298,2,2738.0,14092.21875,55371.24609375
647.8593690395355,2,2920.9,14030.859375,55371.24609375
648.8708996772766,2,1376.6,7917.6484375,55371.24609375
649.8789534568787,2,1354.7,8768.015625,55371.24609375
650.8881125450134,2,1233.7,8275.875,55883.27734375
651.8964321613312,2,1056.1,7986.34765625,55371.24609375
652.9077067375183,2,2978.7,11591.76953125,55371.24609375
653.9163815975189,2,4398.5,12116.078125,55371.24609375
654.9423727989197,2,4430.3,13661.015625,55371.24609375
655.9644167423248,2,3648.8,14453.8203125,55371.24609375
657.0024118423462,2,4510.4,14396.84765625,55371.24609375
658.0462417602539,2,3206.7,14117.96875,55371.24609375
659.052707195282,2,2331.4,14011.26953125,55371.24609375
660.060784816742,2,3154.4,14047.8046875,55371.24609375
661.0723721981049,2,1232.3,9027.37890625,55371.24609375
662.0914895534515,2,827.6,8371.78125,55371.24609375
663.0992171764374,2,1471.4,8171.2890625,55371.24609375
664.1070199012756,2,1062.0,9299.30859375,55371.24609375
665.1173713207245,2,3379.8,12591.015625,55371.24609375
666.1383788585663,2,4524.8,13332.22265625,55371.24609375
667.1643717288971,2,4408.8,14400.73046875,55371.24609375
668.185409784317,2,3647.6,15347.92578125,55371.24609375
669.2275056838989,2,4565.1,15221.234375,55371.24609375
670.2702956199646,2,3366.0,14968.59375,55371.24609375
671.2784724235535,2,2337.2,14725.78125,55371.24609375
672.2861487865448,2,3285.4,14803.67578125,55371.24609375
673.2936582565308,2,1109.5,8559.3046875,55371.24609375
674.303064584732,2,1061.7,8024.23828125,55371.24609375
675.3104014396667,2,1216.4,7797.53125,55371.24609375
676.3264260292053,2,2650.2,12570.12890625,55371.24609375
677.3653781414032,2,4338.7,13801.28515625,55371.24609375
678.3863804340363,2,4525.7,14976.46484375,55371.24609375
679.4123756885529,2,4354.5,14472.6953125,55371.24609375
680.4368543624878,2,3746.2,15451.125,55371.24609375
681.4774084091187,2,4373.4,15426.40625,55371.24609375
682.522402048111,2,4623.4,15057.48828125,55371.24609375
683.5384962558746,2,2972.7,15067.70703125,55371.24609375
684.5468606948853,2,2511.1,15033.69140625,55371.24609375
685.5596158504486,2,3017.7,15250.26171875,55371.24609375
686.566282749176,2,1634.2,8214.81640625,55371.24609375
687.5784196853638,2,1629.5,11007.53125,55371.24609375
688.6043698787689,2,4411.7,13086.75,55371.24609375
689.625128030777,2,4219.5,11821.2578125,55371.24609375
690.6374034881592,2,3931.5,13590.2421875,55371.24609375
691.6814095973969,2,4586.7,13520.2421875,55371.24609375
692.7298808097839,2,4693.2,13454.45703125,55371.24609375
693.7703719139099,2,2738.3,13186.28515625,55371.24609375
694.78737449646,2,2959.8,13424.0234375,55371.24609375
695.7952466011047,2,1736.0,7647.98046875,55371.24609375
696.8054144382477,2,1193.5,10688.578125,55371.24609375
697.8433694839478,2,4307.5,12803.43359375,55371.24609375
698.8636951446533,2,4622.7,12861.38671875,55371.24609375
699.8794074058533,2,4024.8,13483.71484375,55371.24609375
700.9234080314636,2,4554.3,13473.4296875,55371.24609375
701.9544064998627,2,4660.2,13462.0234375,55371.24609375
702.999388217926,2,2831.5,13180.0546875,55371.24609375
704.0255994796753,2,2974.8,13439.84765625,55371.24609375
705.0339360237122,2,410.4,7161.953125,55371.24609375
706.0428938865662,2,827.2,8064.15234375,55371.24609375
707.0510232448578,2,980.7,7619.3359375,55371.24609375
708.0616092681885,2,2727.1,8015.78515625,55371.24609375
709.0703709125519,2,3453.2,10700.3515625,55371.24609375
710.0893878936768,2,4467.1,13001.5390625,55371.24609375
711.1051681041718,2,4212.8,13310.2265625,55371.24609375
712.1194076538086,2,4047.2,13767.234375,55371.24609375
713.1503698825836,2,3735.1,13683.9140625,55371.24609375
714.1691176891327,2,2389.3,13866.28515625,55371.24609375
715.179437160492,2,3212.6,13848.91796875,55371.24609375
716.1891803741455,2,591.0,7580.62109375,55371.24609375
717.2013673782349,2,689.5,8493.9921875,55371.24609375
718.220077753067,2,1086.0,8084.578125,55371.24609375
719.2282032966614,2,2782.4,8167.63671875,55371.24609375
720.2352485656738,2,3508.8,10654.07421875,55371.24609375
721.2593891620636,2,4454.6,11908.2109375,55371.24609375
722.275799036026,2,4075.8,13100.53125,55371.24609375
723.2894065380096,2,4319.6,13909.66796875,55371.24609375
724.3338556289673,2,3570.7,13440.8203125,55371.24609375
725.3404755592346,2,2149.5,13427.40234375,55371.24609375
726.3491218090057,2,2985.9,13473.2734375,55371.24609375
727.357372045517,2,1110.8,8702.78515625,55371.24609375
728.3735256195068,2,1031.3,8283.578125,55371.24609375
729.3809559345245,2,1192.6,8023.38671875,55371.24609375
730.3883726596832,2,2364.2,7848.62890625,55371.24609375
731.4163708686829,2,3514.9,10391.0,55371.24609375
732.4373786449432,2,4479.8,12948.5,55371.24609375
733.4633779525757,2,4294.3,12908.8671875,55371.24609375
734.4880311489105,2,3477.3,13127.58984375,55371.24609375
735.4963700771332,2,3740.9,13593.31640625,55371.24609375
736.5065631866455,2,2044.4,13553.42578125,55371.24609375
737.5153748989105,2,3457.8,13485.30078125,55371.24609375
738.5273752212524,2,701.5,8512.046875,55371.24609375
739.5388097763062,2,1512.8,8295.96484375,55371.24609375
740.5462169647217,2,1019.3,8037.1015625,55371.24609375
741.5603728294373,2,2022.2,7898.55859375,55371.24609375
742.6303837299347,2,2982.0,10777.1640625,55371.24609375
743.6423716545105,2,4238.7,11704.3671875,55371.24609375
744.6673810482025,2,4477.1,14765.15234375,55371.24609375
745.6933815479279,2,4325.5,14678.59375,55371.24609375
746.718409538269,2,3842.5,15800.5234375,55371.24609375
747.7623784542084,2,3191.4,15159.6328125,55371.24609375
748.773068189621,2,3275.9,16235.453125,55371.24609375
749.7822017669678,2,2071.5,16179.76171875,55371.24609375
750.7913289070129,2,3039.8,16218.5703125,55371.24609375
751.799557685852,2,1739.0,16545.375,55691.24609375
752.8073709011078,2,1278.3,9024.2890625,55691.24609375
753.8262689113617,2,992.1,8285.62109375,55691.24609375
754.8352515697479,2,1054.7,8115.2890625,55691.24609375
755.8443722724915,2,2470.2,7866.88671875,55691.24609375
756.8863699436188,2,3350.9,10875.50390625,55691.24609375
757.9073781967163,2,4385.8,12339.9921875,55691.24609375
758.928130865097,2,4114.2,12834.91796875,55691.24609375
759.940212726593,2,4269.5,14520.34375,55691.24609375
760.9522459506989,2,3450.7,14922.046875,55691.24609375
761.9793741703033,2,3863.9,15507.06640625,55691.24609375
762.9903745651245,2,2165.5,15848.5546875,55691.24609375
764.0012066364288,2,2065.0,15820.48046875,55691.24609375
765.0123448371887,2,2924.4,16154.4140625,55691.24609375
766.0213794708252,2,573.5,8269.34375,55691.24609375
767.0292634963989,2,1639.5,8367.66015625,55691.24609375
768.0369019508362,2,867.5,8172.27734375,55691.24609375
769.0443751811981,2,1219.4,7870.859375,55691.24609375
770.0523815155029,2,3534.2,10179.25,55691.24609375
771.0683968067169,2,4390.4,11515.578125,55691.24609375
772.0928273200989,2,4410.5,12924.35546875,55691.24609375
773.107433795929,2,3863.6,13304.66796875,55691.24609375
774.1179871559143,2,3188.7,13498.4921875,55691.24609375
775.1293902397156,2,3111.2,13946.8828125,55691.24609375
776.1526753902435,2,2192.8,14010.421875,55691.24609375
777.1646296977997,2,2756.6,14092.421875,55691.24609375
778.171370267868,2,1512.2,9159.2421875,55691.24609375
779.1839377880096,2,777.6,8388.10546875,55691.24609375
780.1963739395142,2,1418.6,8158.296875,55691.24609375
781.2333853244781,2,3478.8,10519.27734375,55691.24609375
782.2513799667358,2,4343.7,11660.98828125,55691.24609375
783.2766065597534,2,4498.5,11931.0859375,55691.24609375
784.2891449928284,2,4394.1,13282.4453125,55691.24609375
785.2957899570465,2,2962.6,13775.1171875,55691.24609375
786.3083748817444,2,3665.7,14431.6953125,55691.24609375
787.3181927204132,2,1914.4,14289.93359375,55691.24609375
788.3258984088898,2,3173.1,14320.12890625,55691.24609375
789.3362817764282,2,1189.2,7793.625,55691.24609375
790.34446144104,2,1612.5,8352.4921875,55691.24609375
791.353378534317,2,945.6,8200.90234375,55691.24609375
792.3654608726501,2,597.9,8060.91015625,55691.24609375
793.3723742961884,2,2747.4,7828.1640625,55691.24609375
794.4013748168945,2,3567.6,10186.1875,55691.24609375
795.4123809337616,2,4644.6,13189.41015625,55691.24609375
796.4393877983093,2,4228.5,12856.74609375,55691.24609375
797.4643757343292,2,3392.8,13178.09765625,55691.24609375
798.4893720149994,2,3669.5,13782.40234375,55691.24609375
799.4961109161377,2,1681.2,13817.7421875,55691.24609375
800.504376411438,2,3378.4,13961.55859375,55691.24609375
801.5137288570404,2,538.9,8493.57421875,55691.24609375
802.5213963985443,2,1693.2,8229.8984375,55691.24609375
803.5300855636597,2,794.7,8060.671875,55691.24609375
804.5392470359802,2,808.8,7903.44921875,55691.24609375
805.5468969345093,2,2566.7,8860.6484375,55691.24609375
806.5553824901581,2,4371.0,10638.54296875,55691.24609375
807.5761706829071,2,4571.7,12273.04296875,55691.24609375
808.5923752784729,2,4292.1,13020.578125,55691.24609375
809.61270570755,2,3308.3,13264.24609375,55691.24609375
810.625360250473,2,3348.1,13867.84765625,55691.24609375
811.6346347332001,2,1584.5,13847.53125,55691.24609375
812.6435859203339,2,3268.4,14053.08984375,55691.24609375
813.6523711681366,2,1190.0,9005.65625,55691.24609375
814.6713871955872,2,1067.1,8250.91015625,55691.24609375
815.6796681880951,2,900.6,8102.62890625,55691.24609375
816.6893725395203,2,1290.4,7916.29296875,55691.24609375
817.7583720684052,2,3592.7,10240.75,55691.24609375
818.7768838405609,2,4419.8,11683.9765625,55691.24609375
819.8086726665497,2,4419.2,12392.69921875,55691.24609375
820.8243782520294,2,4152.2,13088.16015625,55691.24609375
821.8350999355316,2,2940.0,13443.84375,55691.24609375
822.8442618846893,2,2949.4,14048.48828125,55691.24609375
823.8524422645569,2,1804.1,14074.60546875,55691.24609375
824.8637251853943,2,3114.5,14255.34375,55691.24609375
825.8759803771973,2,1020.8,8922.796875,55691.24609375
826.8848803043365,2,1243.4,8285.02734375,55691.24609375
827.9063024520874,2,1121.2,8105.44921875,55691.24609375
828.9377908706665,2,2260.0,8788.359375,55691.24609375
829.9463744163513,2,3965.7,10538.3828125,55691.24609375
830.969384431839,2,4383.6,11797.59375,55691.24609375
831.9833736419678,2,4361.3,13137.55078125,55691.24609375
832.9953346252441,2,3420.2,13375.1328125,55691.24609375
834.0054574012756,2,3475.1,13966.93359375,55691.24609375
835.014657497406,2,2098.6,13800.609375,55691.24609375
836.023374080658,2,3379.1,13938.47265625,55691.24609375
837.0312950611115,2,755.5,8921.76171875,55691.24609375
838.0412893295288,2,1426.1,8485.984375,55691.24609375
839.0509614944458,2,985.6,8327.17578125,55691.24609375
840.0595684051514,2,2100.5,8147.38671875,55691.24609375
841.0823736190796,2,3415.9,10774.34765625,55691.24609375
842.1063787937164,2,4452.8,12482.58203125,55691.24609375
843.1316282749176,2,4346.4,13220.09765625,55691.24609375
844.1534109115601,2,3820.8,14170.32421875,55691.24609375
845.1957387924194,2,3412.2,13845.9375,55691.24609375
846.2159245014191,2,2394.6,14024.91015625,55691.24609375
847.2234742641449,2,3057.1,13908.84375,55691.24609375
848.2350821495056,2,1157.3,8150.65625,55691.24609375
849.2441685199738,2,1617.4,9197.11328125,55691.24609375
850.2519769668579,2,711.9,8384.1875,55691.24609375
851.2593684196472,2,1304.3,8088.77734375,55691.24609375
852.2793748378754,2,2935.4,10016.625,55691.24609375
853.3183796405792,2,4367.3,11388.46875,55691.24609375
854.3444440364838,2,4551.0,12595.16796875,55691.24609375
855.3579304218292,2,4096.4,13599.37109375,55691.24609375
856.3672239780426,2,3177.4,13725.6171875,55691.24609375
857.3750953674316,2,3355.3,14273.625,55691.24609375
858.3846070766449,2,2080.3,14194.1328125,55691.24609375
859.3971104621887,2,3317.9,14268.49609375,55691.24609375
860.4053764343262,2,1038.8,9048.79296875,55691.24609375
861.4153461456299,2,1218.3,8587.66796875,55691.24609375
862.4223740100861,2,975.3,8421.02734375,55691.24609375
863.4333732128143,2,1698.9,8215.58203125,55691.24609375
864.4742865562439,2,3313.1,11241.69140625,55691.24609375
865.4823822975159,2,4334.3,12026.140625,55691.24609375
866.5083842277527,2,4564.3,14425.17578125,55691.24609375
867.5233767032623,2,4238.4,14730.8203125,55691.24609375
868.5475413799286,2,3771.0,15930.3046875,55691.24609375
869.5915141105652,2,3526.6,15274.25390625,55691.24609375
870.6022956371307,2,3261.2,16292.828125,55691.24609375
871.6100978851318,2,2102.4,16180.20703125,55691.24609375
872.618097782135,2,3344.5,16313.1171875,55691.24609375
873.6297318935394,2,1366.6,16709.9609375,55691.24609375
874.6364984512329,2,1321.0,9093.296875,55691.24609375
875.6479232311249,2,845.6,8507.05078125,56075.24609375
876.657378911972,2,943.9,8331.25,56075.24609375
877.6683723926544,2,1622.4,8124.23828125,56075.24609375
878.7043702602386,2,3447.2,10642.42578125,56075.24609375
879.7253794670105,2,4444.9,12332.93359375,56075.24609375
880.7513711452484,2,4399.6,13518.8515625,56075.24609375
881.771326303482,2,3803.8,13757.80859375,56075.24609375
882.7784538269043,2,3455.4,13828.9453125,56075.24609375
883.7899491786957,2,3063.5,14344.5390625,56075.24609375
884.7981848716736,2,2189.1,14382.68359375,56075.24609375
885.8092474937439,2,2694.5,11232.94921875,56075.24609375
886.8178427219391,2,1628.8,9289.99609375,56075.24609375
887.8258941173553,2,679.1,8525.71875,56075.24609375
888.8363695144653,2,1057.6,8348.60546875,56075.24609375
889.8799474239349,2,2026.5,8787.33984375,56075.24609375
890.8893716335297,2,3816.1,10943.421875,56075.24609375
891.901389837265,2,4589.4,13235.85546875,56075.24609375
892.9163730144501,2,4344.6,13430.33984375,56075.24609375
893.9259338378906,2,3348.5,13574.73046875,56075.24609375
894.9363720417023,2,3652.3,14005.8984375,56075.24609375
895.954124212265,2,2112.8,14067.15234375,56075.24609375
896.9646501541138,2,3137.9,14050.53125,56075.24609375
897.9746391773224,2,1176.0,8211.46484375,56075.24609375
898.9837996959686,2,1633.6,9345.328125,56075.24609375
899.9923708438873,2,926.7,8590.33984375,56075.24609375
901.0073738098145,2,1165.0,8308.53515625,56075.24609375
902.0304336547852,2,2821.6,10239.7265625,56075.24609375
903.0463707447052,2,4366.8,11701.30078125,56075.24609375
904.0573780536652,2,4566.5,14113.2734375,56075.24609375
905.0818972587585,2,4260.3,14791.6015625,56075.24609375
906.0904099941254,2,4082.1,15311.29296875,56075.24609375
907.1043825149536,2,3595.3,15520.63671875,56075.24609375
908.1316916942596,2,3606.8,16068.84375,56075.24609375
909.1408846378326,2,2144.0,16316.6875,56075.24609375
910.1501915454865,2,2442.6,16408.07421875,56075.24609375
911.1624088287354,2,2438.1,16730.8671875,56075.24609375
912.1723713874817,2,709.1,8766.15234375,56075.24609375
913.1912047863007,2,1505.7,8409.05859375,56075.24609375
914.2013897895813,2,603.5,8277.7890625,56075.24609375
915.2110633850098,2,1250.0,8056.94921875,56075.24609375
916.2313797473907,2,3048.2,10180.85546875,56075.24609375
917.2453796863556,2,4348.9,11526.45703125,56075.24609375
918.2706639766693,2,4338.6,13244.02734375,56075.24609375
919.2789244651794,2,3763.1,13582.546875,56075.24609375
920.2878093719482,2,3493.0,13750.61328125,56075.24609375
921.2983751296997,2,2596.1,14138.80078125,56075.24609375
922.3075540065765,2,2590.9,14147.30859375,56075.24609375
923.3192856311798,2,1998.7,7978.60546875,56075.24609375
924.3273875713348,2,1651.4,10018.55078125,56075.24609375
925.3355474472046,2,594.8,8846.34375,56075.24609375
926.344202041626,2,1883.3,9580.4296875,56075.24609375
927.3543708324432,2,3672.7,12043.82421875,56075.24609375
928.3753807544708,2,4567.4,13878.3671875,56075.24609375
929.4023711681366,2,4351.9,14224.7578125,56075.24609375
930.4225289821625,2,4121.7,14250.65625,56075.24609375
931.4353775978088,2,3839.7,14140.71875,56075.24609375
932.4503750801086,2,2941.4,14572.7890625,56075.24609375
933.4753813743591,2,2504.1,14515.375,56075.24609375
934.4905917644501,2,2242.9,7798.05859375,56075.24609375
935.4980089664459,2,1706.9,9852.6640625,56075.24609375
936.5045533180237,2,889.1,8667.71875,56075.24609375
937.5134301185608,2,1524.1,11343.984375,56075.24609375
938.5225212574005,2,4046.0,14094.875,56075.24609375
939.545378446579,2,4478.2,14289.57421875,56075.24609375
940.561265707016,2,4408.8,13902.109375,56075.24609375
941.5753350257874,2,4066.5,15153.296875,56075.24609375
942.5864000320435,2,4442.5,15843.12109375,56075.24609375
943.6254079341888,2,4546.2,15778.65625,56075.24609375
944.6703717708588,2,3688.6,15084.83984375,56075.24609375
945.6813328266144,2,2804.6,15454.1015625,56075.24609375
946.6910269260406,2,3113.4,15534.91015625,56075.24609375
947.7008526325226,2,751.2,8590.26953125,56075.24609375
948.7084698677063,2,1801.4,8619.47265625,56075.24609375
949.725976228714,2,1144.3,8463.6875,56075.24609375
950.7344284057617,2,2922.1,11549.328125,56075.24609375
951.7566905021667,2,4420.2,12678.0234375,56075.24609375
952.8020730018616,2,4438.8,13837.41015625,56075.24609375
953.8195509910583,2,3848.2,15426.97265625,56075.24609375
954.8374180793762,2,4561.9,15401.046875,56075.24609375
955.8872430324554,2,3515.0,14950.53515625,56075.24609375
956.8933761119843,2,2545.2,15060.23046875,56075.24609375
957.9004702568054,2,2970.9,14924.515625,56075.24609375
958.9123878479004,2,1083.8,8632.58984375,56075.24609375
959.9207739830017,2,1790.2,8697.60546875,56075.24609375
960.9333786964417,2,1570.6,8533.26953125,56075.24609375
961.9873723983765,2,3080.4,12075.31640625,56075.24609375
963.0063791275024,2,4501.1,12793.87109375,56075.24609375
964.0323715209961,2,4348.0,13829.140625,56075.24609375
965.0534138679504,2,3894.0,14674.7265625,56075.24609375
966.0963666439056,2,3930.1,13775.87109375,56075.24609375
967.1066842079163,2,3054.2,14273.41796875,56075.24609375
968.1143755912781,2,2686.4,14206.015625,56075.24609375
969.1266040802002,2,1744.4,8058.78515625,56075.24609375
970.1342391967773,2,1745.1,9390.94921875,56075.24609375
971.1422393321991,2,1071.3,8628.2890625,56075.24609375
972.1514067649841,2,2415.1,11466.1953125,56075.24609375
973.1809086799622,2,4527.0,12381.60546875,56075.24609375
974.1916787624359,2,4417.6,13437.2578125,56075.24609375
975.202374458313,2,3949.4,14523.03515625,56075.24609375
976.2134075164795,2,4310.6,15271.484375,56075.24609375
977.2598230838776,2,3794.2,14611.6015625,56075.24609375
978.2663435935974,2,2621.1,14900.0625,56075.24609375
979.276406288147,2,2875.0,14726.953125,56075.24609375
980.2885255813599,2,1146.4,9166.98046875,56075.24609375
981.3012325763702,2,1803.8,9086.80859375,56075.24609375
982.3083937168121,2,1156.9,8817.69921875,56075.24609375
983.3162834644318,2,2050.0,12070.12890625,56075.24609375
984.3403718471527,2,4399.2,14385.1015625,56075.24609375
985.3613789081573,2,4586.7,14944.80859375,56075.24609375
986.3856916427612,2,4313.5,15149.859375,56075.24609375
987.4074001312256,2,3847.6,16045.671875,56075.24609375
988.451738357544,2,4596.4,15311.78125,56075.24609375
989.4604029655457,2,4676.7,15996.1015625,56075.24609375
990.5009732246399,2,3469.0,15690.75390625,56075.24609375
991.5097825527191,2,2373.6,15655.39453125,56075.24609375
992.5188136100769,2,2880.0,15860.84765625,56075.24609375
993.5266995429993,2,1206.6,9408.421875,56075.24609375
994.5346903800964,2,1225.9,8754.89453125,56075.24609375
995.5418853759766,2,1688.9,9554.85546875,56075.24609375
996.5584182739258,2,2636.6,13640.375,56075.24609375
997.5873744487762,2,4465.3,14406.359375,56075.24609375
998.6073806285858,2,4549.2,16158.53125,56075.24609375
999.6343822479248,2,4366.2,15262.2578125,56075.24609375
1000.6592211723328,2,4000.3,16158.53515625,56075.24609375
1001.7094075679779,2,4524.8,16080.52734375,56075.24609375
1002.75923371315,2,4185.4,15288.45703125,56075.24609375
1003.769376039505,2,3017.5,15810.16796875,56075.24609375
1004.7933712005615,2,2655.0,15796.4375,56075.24609375
1005.8056845664978,2,2185.1,7952.1640625,56587.25390625
1006.8134467601776,2,1953.8,7521.734375,56075.24609375
1007.825257062912,2,2948.9,8777.65625,56075.24609375
1008.8347659111023,2,1994.8,9049.73046875,56075.24609375
1009.8443760871887,2,703.6,8214.90625,55882.3984375
1010.8520052433014,2,2357.5,9297.66015625,55882.3984375
1011.8603715896606,2,3589.2,11409.9921875,55882.3984375
1012.8723917007446,2,4521.5,14945.60546875,63090.3984375
1013.8963885307312,2,4345.3,14342.578125,63090.3984375
1014.9173760414124,2,4189.2,15389.46484375,63090.3984375
1015.9383804798126,2,2987.0,15687.46484375,63090.3984375
1016.9656817913055,2,3254.2,15999.86328125,63090.3984375
1017.9803709983826,2,2670.9,16999.6796875,63090.3984375
1018.9883720874786,2,1493.2,16931.59765625,63090.3984375
1019.9983756542206,2,3211.6,17141.40234375,63090.3984375
1021.0097343921661,2,1530.7,17423.0390625,63090.3984375
1022.0170397758484,2,671.6,8434.19921875,63090.3984375
1023.0253701210022,2,2207.1,9002.84765625,63090.3984375
1024.081713438034,2,3085.3,11876.234375,63090.3984375
1025.0983724594116,2,4216.0,13150.359375,63090.3984375
1026.1193771362305,2,4480.2,16734.046875,63090.3984375
1027.1453802585602,2,4583.4,21255.1015625,71330.3984375
1028.174382686615,2,4288.7,17506.11328125,71330.3984375
1029.1992614269257,2,4319.3,18823.80078125,71330.3984375
1030.2243356704712,2,3945.4,19165.765625,71330.3984375
1031.2363910675049,2,3395.4,19490.6953125,71330.3984375
1032.2633814811707,2,3025.0,19621.4921875,71330.3984375
1033.2833709716797,2,4114.6,20512.44921875,71330.3984375
1034.299824476242,2,1525.6,20882.98046875,71330.3984375
1035.311799287796,2,1594.7,20887.4375,71330.3984375
1036.3200724124908,2,2222.7,21052.18359375,71330.3984375
1037.3313150405884,2,3804.4,21353.67578125,71330.3984375
1038.3397843837738,2,650.9,8719.71484375,73378.4140625
1039.3476219177246,2,1052.3,8749.796875,71330.3984375
1040.3550291061401,2,2496.8,10557.72265625,71330.3984375
1041.3643682003021,2,4366.3,12561.33984375,71330.3984375
1042.3883819580078,2,4441.5,15428.1953125,71330.3984375
1043.4263772964478,2,4599.8,20378.38671875,71330.3984375
1044.448387145996,2,4309.0,16992.4140625,71330.3984375
1045.4803774356842,2,4359.2,18471.88671875,71330.3984375
1046.5050704479218,2,3753.4,18806.48828125,71330.3984375
1047.5123789310455,2,3251.6,19097.16015625,71330.3984375
1048.5373713970184,2,3043.4,19257.4453125,71330.3984375
1049.5503714084625,2,3917.3,20405.6796875,71330.3984375
1050.5618114471436,2,1251.9,20427.12109375,71330.3984375
1051.5698165893555,2,1482.3,20405.875,71330.3984375
1052.5813722610474,2,3320.8,20474.2109375,71330.3984375
1053.6004703044891,2,2331.7,20780.75390625,71330.3984375
1054.6077420711517,2,630.7,8146.30859375,71330.3984375
1055.616370677948,2,2117.7,8847.01171875,71330.3984375
1056.6733930110931,2,3136.3,11701.71484375,71330.3984375
1057.6903760433197,2,4325.3,12819.3671875,71330.3984375
1058.7113790512085,2,4593.1,17662.52734375,71330.3984375
1059.7371516227722,2,4496.9,19103.61328125,71330.3984375
1060.7516527175903,2,4265.0,18271.95703125,71330.3984375
1061.7613725662231,2,4327.2,18606.2578125,71330.3984375
1062.7823932170868,2,3433.1,18760.8984375,71330.3984375
1063.793378829956,2,3160.4,19062.2734375,71330.3984375
1064.8183708190918,2,3666.5,19810.6171875,71330.3984375
1065.8385355472565,2,2344.7,20354.94140625,71330.3984375
1066.8453931808472,2,1467.2,20359.08984375,71330.3984375
1067.854061126709,2,1699.4,20450.70703125,71330.3984375
1068.8657126426697,2,4379.1,20572.375,71330.3984375
1069.8740739822388,2,627.0,8112.26953125,73378.4140625
1070.8819587230682,2,921.0,8794.1953125,71330.3984375
1071.8896782398224,2,2580.3,10190.83984375,71330.3984375
1072.8983709812164,2,4048.2,12579.3515625,71330.3984375
1073.9193794727325,2,4457.7,14919.08984375,71330.3984375
1074.9463784694672,2,4600.3,19915.54296875,71330.3984375
1075.9708976745605,2,4309.5,15843.12109375,71330.3984375
1076.9933738708496,2,4358.7,18290.6875,71330.3984375
1078.0183777809143,2,3969.0,18625.91796875,71330.3984375
1079.0333805084229,2,3134.3,18959.32421875,71330.3984375
1080.054369211197,2,3307.6,19135.5078125,71330.3984375
1081.0693714618683,2,3871.2,20344.6953125,71330.3984375
1082.07870054245,2,1169.1,20318.2578125,71330.3984375
1083.0869920253754,2,1519.5,20235.18359375,71330.3984375
1084.093373298645,2,3354.0,20418.1484375,71330.3984375
1085.1061692237854,2,2311.3,20742.34765625,71330.3984375
1086.1123676300049,2,524.7,8204.5078125,71330.3984375
1087.1206781864166,2,1007.1,9330.77734375,71330.3984375
1088.129524230957,2,3600.0,10177.47265625,71330.3984375
1089.138389825821,2,3165.1,13874.63671875,71330.3984375
1090.1533722877502,2,4333.4,14673.11328125,71330.3984375
1091.1743824481964,2,4550.5,18505.7421875,71330.3984375
1092.1993823051453,2,4541.6,23253.08984375,71330.3984375
1093.226414680481,2,4345.9,17730.10546875,71330.3984375
1094.2463734149933,2,4408.9,20476.79296875,71330.3984375
1095.2673778533936,2,4413.0,20660.19140625,71330.3984375
1096.2875392436981,2,3016.8,20917.609375,71330.3984375
1097.3033800125122,2,3515.9,21123.09375,71330.3984375
1098.313369512558,2,3105.5,21360.6640625,71330.3984375
1099.3251011371613,2,3899.9,22654.2421875,71330.3984375
1100.3449659347534,2,1395.9,22553.83203125,71330.3984375
1101.3529214859009,2,1607.6,22489.98828125,71330.3984375
1102.3651983737946,2,2690.2,22727.56640625,71330.3984375
1103.3768808841705,2,3478.7,23001.7421875,71330.3984375
1104.3849203586578,2,586.1,9078.67578125,73378.4140625
1105.393295764923,2,952.6,9334.48046875,71330.3984375
1106.4063687324524,2,2615.0,9627.48046875,71330.3984375
1107.45938038826,2,2660.4,12927.07421875,71330.3984375
1108.4763705730438,2,4307.0,14585.5703125,71330.3984375
1109.497377872467,2,4515.9,16995.8828125,71330.3984375
1110.5233824253082,2,4648.7,22151.04296875,71330.3984375
1111.5479664802551,2,4540.4,17660.57421875,71330.3984375
1112.5653829574585,2,4324.4,20281.4375,71330.3984375
1113.5793716907501,2,4349.9,20659.72265625,71330.3984375
1114.60156083107,2,3214.6,20952.703125,71330.3984375
1115.6085262298584,2,3430.7,21161.65234375,71330.3984375
1116.6233835220337,2,2792.8,21261.26953125,71330.3984375
1117.6463739871979,2,3919.4,22091.78515625,71330.3984375
1118.666877746582,2,2171.8,22718.85546875,71330.3984375
1119.6763715744019,2,1560.2,22640.3515625,71330.3984375
1120.6883301734924,2,1223.4,22585.46484375,71330.3984375
1121.6983695030212,2,4388.1,22870.21484375,71330.3984375
1122.710854291916,2,1602.5,23208.109375,71330.3984375
1123.7178964614868,2,583.4,8453.8515625,71330.3984375
1124.7258768081665,2,997.1,9640.84375,71330.3984375
1125.7378633022308,2,3465.6,10989.41015625,71330.3984375
1126.7463805675507,2,3693.2,14219.03125,71330.3984375
1127.7593426704407,2,4302.1,14694.96875,71330.3984375
1128.7869970798492,2,4581.4,19096.48828125,71330.3984375
1129.8149273395538,2,4607.4,24333.09375,71330.3984375
1130.8353917598724,2,4321.2,19075.125,71330.3984375
1131.8673799037933,2,4377.5,20466.86328125,71330.3984375
1132.8920555114746,2,4453.7,20651.453125,71330.3984375
1133.9123854637146,2,3049.3,20897.65234375,71330.3984375
1134.9385964870453,2,2781.0,21151.33984375,71330.3984375
1135.9459002017975,2,3280.5,21428.3046875,71330.3984375
1136.9570622444153,2,3692.4,22645.90625,71330.3984375
1137.965495109558,2,1237.9,22643.515625,71330.3984375
1138.976182937622,2,1618.5,22532.0,71330.3984375
1139.9903008937836,2,2700.8,22715.0234375,71330.3984375
1141.0015604496002,2,3456.3,22976.3359375,71330.3984375
1142.0099983215332,2,602.0,9004.3125,73378.4140625
1143.0182375907898,2,885.0,9326.65234375,71330.3984375
1144.02637052536,2,2885.1,9610.6015625,71330.3984375
1145.0773737430573,2,2651.5,12927.9609375,71330.3984375
1146.0943746566772,2,4355.4,14589.58984375,71330.3984375
1147.1153831481934,2,4479.1,17344.390625,71330.3984375
1148.1413853168488,2,4609.7,21903.3984375,71330.3984375
1149.1663892269135,2,4368.8,16796.53515625,71330.3984375
1150.1755669116974,2,4298.8,20507.0,71330.3984375
1151.1853737831116,2,4429.1,20670.6171875,71330.3984375
1152.2054989337921,2,3265.2,20939.109375,71330.3984375
1153.2175130844116,2,3347.9,21098.28125,71330.3984375
1154.2256820201874,2,2976.9,21216.1328125,71330.3984375
1155.2363772392273,2,4013.3,22159.89453125,71330.3984375
1156.2569677829742,2,2055.3,22651.62109375,71330.3984375
1157.263491153717,2,1483.8,22548.7890625,71330.3984375
1158.2744517326355,2,1168.0,22494.21484375,71330.3984375
1159.2823708057404,2,4384.1,22737.73828125,71330.3984375
1160.2996039390564,2,1612.7,23115.90625,71330.3984375
1161.307636499405,2,567.4,8379.23828125,71330.3984375
1162.3158266544342,2,995.7,9303.2890625,71330.3984375
1163.3262822628021,2,3535.2,10877.6484375,71330.3984375
1164.3353769779205,2,3612.5,14192.8203125,71330.3984375
1165.3493826389313,2,4298.3,14665.91796875,71330.3984375
1166.3743834495544,2,4540.2,19049.64453125,71330.3984375
1167.4023761749268,2,4645.9,24361.2734375,71330.3984375
1168.4284155368805,2,4300.0,18695.45703125,71330.3984375
1169.4553852081299,2,4327.2,20597.92578125,71330.3984375
1170.4813804626465,2,4408.1,20786.84765625,71330.3984375
1171.5073866844177,2,3105.5,21000.09765625,71330.3984375
1172.5384323596954,2,2856.7,21233.765625,71330.3984375
1173.5452256202698,2,3317.1,21560.48046875,71330.3984375
1174.5685708522797,2,3638.4,22790.7421875,71330.3984375
1175.5765690803528,2,1321.5,22733.06640625,71330.3984375
1176.584440946579,2,1617.9,22561.2578125,71330.3984375
1177.595956325531,2,2897.7,22769.21484375,71330.3984375
1178.6083962917328,2,3186.6,23006.3046875,71330.3984375
1179.6168129444122,2,579.5,7628.0078125,71330.3984375
1180.6246378421783,2,980.4,9317.86328125,71330.3984375
1181.6343698501587,2,3144.7,9606.57421875,71330.3984375
1182.664391040802,2,2272.5,13370.3828125,71330.3984375
1183.686372756958,2,3827.3,15653.69140625,71330.3984375
1184.7187464237213,2,4299.2,16133.41015625,71330.3984375
1185.7403390407562,2,4535.9,20242.4375,71330.3984375
1186.7673773765564,2,4621.6,25499.5390625,81570.3984375
1187.7963876724243,2,4561.6,30435.078125,81626.3984375
1188.820149898529,2,4138.4,20178.83984375,81626.3984375
1189.8433783054352,2,4300.3,23316.73046875,81626.3984375
1190.8776710033417,2,4249.1,24941.5234375,81626.3984375
1191.8993713855743,2,4347.2,25306.9765625,81626.3984375
1192.9179906845093,2,3591.0,25613.71875,81626.3984375
1193.9263758659363,2,3167.9,25977.94921875,81626.3984375
1194.9524478912354,2,4132.6,26067.66796875,81626.3984375
1195.9633700847626,2,2989.8,26149.09765625,81626.3984375
1196.9738228321075,2,3167.8,27284.03125,81626.3984375
1197.9825847148895,2,2600.3,28340.8828125,81626.3984375
1198.9917078018188,2,1103.9,28604.19140625,81626.3984375
1199.9999310970306,2,1295.0,28596.17578125,81626.3984375
1201.0108902454376,2,1553.3,28459.1953125,81626.3984375
1202.0195882320404,2,1556.5,28875.44140625,81626.3984375
1203.0329139232635,2,4206.8,28830.91015625,81626.3984375
1204.0399899482727,2,1891.8,29423.5859375,81626.3984375
1205.0479686260223,2,623.6,29696.71875,81626.3984375
1206.0565512180328,2,428.3,9544.7578125,83674.4140625
1207.066370010376,2,1765.6,8724.8984375,81626.3984375
1208.108371257782,2,3386.9,11458.2265625,81626.3984375
1209.1383814811707,2,4500.7,14354.8671875,81626.3984375
1210.1644008159637,2,4502.0,13767.2109375,81626.3984375
1211.1757373809814,2,4182.5,15462.5234375,81626.3984375
1212.1843740940094,2,3080.8,15753.3046875,81626.3984375
1213.2111361026764,2,3543.9,16271.05078125,81626.3984375
1214.2205126285553,2,2281.6,16948.1875,81626.3984375
1215.2304129600525,2,1361.4,16864.59375,81626.3984375
1216.2388021945953,2,3806.8,17243.90234375,81626.3984375
1217.2480998039246,2,683.8,8664.16015625,83674.4140625
1218.2571172714233,2,1079.1,8810.30859375,81626.3984375
1219.2644815444946,2,3273.1,11042.4765625,81626.3984375
1220.2783806324005,2,4264.2,13129.078125,81626.3984375
1221.303477525711,2,4495.0,13081.01953125,81626.3984375
1222.313372373581,2,4180.4,15267.40625,81626.3984375
1223.3323903083801,2,3360.6,15495.0703125,81626.3984375
1224.3603718280792,2,3259.3,15753.9375,81626.3984375
1225.3717482089996,2,2914.8,16854.42578125,81626.3984375
1226.38050198555,2,1440.8,16723.8046875,81626.3984375
1227.3883187770844,2,3057.9,16896.57421875,81626.3984375
1228.400972366333,2,1469.3,17245.25390625,81626.3984375
1229.4100625514984,2,672.2,8803.80859375,81626.3984375
1230.4173710346222,2,1405.1,9736.0,81626.3984375
1231.4741504192352,2,2647.7,12193.89453125,81626.3984375
1232.4830253124237,2,4298.8,15124.18359375,81626.3984375
1233.5243752002716,2,4089.0,16081.7734375,81626.3984375
1234.5433790683746,2,4471.4,19314.19921875,81626.3984375
1235.5753796100616,2,4544.7,23776.16796875,81626.3984375
1236.601378917694,2,4622.4,29384.04296875,81626.3984375
1237.6283783912659,2,4279.2,25482.4140625,81626.3984375
1238.643384695053,2,4126.6,23166.9765625,81626.3984375
1239.675371170044,2,4186.0,24772.5390625,81626.3984375
1240.6963713169098,2,4450.2,24958.76953125,81626.3984375
1241.7165050506592,2,3978.1,25304.65234375,81626.3984375
1242.7306244373322,2,2966.6,25596.22265625,81626.3984375
1243.7392847537994,2,4143.4,25832.390625,81626.3984375
1244.7673795223236,2,2735.4,25909.21484375,81626.3984375
1245.7907710075378,2,3759.2,27220.1640625,81626.3984375
1246.7992582321167,2,2648.7,28326.84375,81626.3984375
1247.8108665943146,2,1007.0,28247.5390625,81626.3984375
1248.8196547031403,2,1167.0,28289.7265625,81626.3984375
1249.8290679454803,2,1603.9,28170.4609375,81626.3984375
1250.8393716812134,2,1350.7,28421.50390625,81626.3984375
1251.8519337177277,2,3886.4,28684.98046875,81626.3984375
1252.8616299629211,2,2297.1,29261.3359375,81626.3984375
1253.8701746463776,2,577.8,29458.3046875,81626.3984375
1254.882639169693,2,595.0,8205.8515625,83674.4140625
1255.8909976482391,2,947.4,9132.23046875,81626.3984375
1256.8993699550629,2,3018.7,9519.234375,81626.3984375
1257.924375295639,2,2775.9,13685.8203125,81626.3984375
1258.9483730793,2,4281.4,14363.19140625,81626.3984375
1259.9773814678192,2,4562.9,18070.74609375,81626.3984375
1261.0025012493134,2,4572.9,23766.89453125,81626.3984375
1262.0273826122284,2,4365.8,18817.4765625,81626.3984375
1263.0593814849854,2,4363.6,20281.26953125,81626.3984375
1264.0841403007507,2,4115.3,20549.64453125,81626.3984375
1265.0911917686462,2,3178.5,20798.47265625,81626.3984375
1266.0993854999542,2,3337.5,21034.84375,81626.3984375
1267.1253781318665,2,3800.3,21722.38671875,81626.3984375
1268.1459188461304,2,2257.9,22359.91015625,81626.3984375
1269.155599117279,2,1533.2,22293.9609375,81626.3984375
1270.1632454395294,2,1714.2,22394.26171875,81626.3984375
1271.1720497608185,2,4512.8,22507.43359375,81626.3984375
1272.1798379421234,2,762.5,13982.55859375,81626.3984375
1273.1881766319275,2,527.8,9197.11328125,81626.3984375
1274.1960937976837,2,898.9,9993.70703125,81626.3984375
1275.205180644989,2,4130.8,10541.3046875,81626.3984375
1276.2143783569336,2,2553.5,14802.9921875,81626.3984375
1277.239937543869,2,4098.7,16487.40625,81626.3984375
1278.2593793869019,2,4440.9,16712.60546875,81626.3984375
1279.2753808498383,2,4569.2,22105.26171875,81626.3984375
1280.3012347221375,2,4562.9,26330.40234375,81626.3984375
1281.3316898345947,2,4542.0,31610.05078125,81626.3984375
1282.3568511009216,2,4127.4,20152.5625,81626.3984375
1283.3683817386627,2,4416.5,23940.2109375,81626.3984375
1284.4013788700104,2,4225.1,25591.16015625,81626.3984375
1285.422376871109,2,4395.7,25727.3984375,81626.3984375
1286.4469475746155,2,3469.6,26122.28125,81626.3984375
1287.4541363716125,2,3071.7,26450.30859375,81626.3984375
1288.4643814563751,2,4000.4,26637.74609375,81626.3984375
1289.4893946647644,2,2765.8,26613.58203125,81626.3984375
1290.499873161316,2,3836.8,27756.828125,81626.3984375
1291.5105140209198,2,2932.1,28566.98828125,81626.3984375
1292.518875837326,2,1248.4,28984.05078125,81626.3984375
1293.526617527008,2,1102.2,28912.0390625,81626.3984375
1294.5364711284637,2,1554.9,28881.1875,81626.3984375
1295.5442035198212,2,900.5,28929.1875,81626.3984375
1296.5533759593964,2,3062.6,29487.015625,81626.3984375
1297.5700688362122,2,3908.8,29575.67578125,81626.3984375
1298.5786719322205,2,805.2,29965.30859375,81626.3984375
1299.5883400440216,2,835.5,30323.421875,81626.3984375
1300.5962085723877,2,356.1,8272.82421875,81626.3984375
1301.6044597625732,2,1008.0,9576.97265625,81626.3984375
1302.6133704185486,2,3698.6,9810.03515625,81626.3984375
1303.6692469120026,2,2374.8,14334.23046875,81626.3984375
1304.6973764896393,2,4118.2,16052.703125,81626.3984375
1305.7215809822083,2,4440.6,16892.41015625,81626.3984375
1306.7483797073364,2,4584.4,21386.546875,81626.3984375
1307.7725021839142,2,4573.5,26133.80859375,81626.3984375
1308.8023760318756,2,4514.0,29609.78125,81626.3984375
1309.8246297836304,2,4052.0,20577.44921875,81626.3984375
1310.84140086174,2,4482.8,24118.0546875,81626.3984375
1311.8583810329437,2,4220.8,24878.94140625,81626.3984375
1312.883368730545,2,4238.5,25285.90234375,81626.3984375
1313.904388666153,2,3411.6,25516.15234375,81626.3984375
1314.9353866577148,2,3561.3,25858.54296875,81626.3984375
1315.9621250629425,2,3427.3,25893.15234375,81626.3984375
1316.9703726768494,2,3525.8,26316.5,81626.3984375
1317.984372138977,2,3414.1,27495.328125,81626.3984375
1319.0045273303986,2,1488.7,28386.61328125,81626.3984375
1320.013373374939,2,1012.5,28262.890625,81626.3984375
1321.021799325943,2,1240.1,28390.5078125,81626.3984375
1322.0305213928223,2,1285.0,28408.421875,81626.3984375
1323.0393805503845,2,1490.2,28493.02734375,81626.3984375
1324.053961277008,2,3856.1,28763.0625,81626.3984375
1325.0642504692078,2,2187.0,29366.546875,81626.3984375
1326.0732748508453,2,584.5,29559.578125,81626.3984375
1327.080944776535,2,582.1,8367.77734375,84122.4140625
1328.0893981456757,2,732.8,9315.48828125,82074.3984375
1329.0983715057373,2,2053.7,9777.8515625,82074.3984375
1330.146368265152,2,2358.1,12541.01171875,82074.3984375
1331.1603744029999,2,4393.9,15243.11328125,82074.3984375
1332.1733741760254,2,4048.7,16201.64453125,82074.3984375
1333.1943833827972,2,4553.1,19266.9453125,82074.3984375
1334.2213802337646,2,4611.2,24107.72265625,82074.3984375
1335.2423813343048,2,4533.7,28827.7578125,82074.3984375
1336.2694034576416,2,4025.6,27702.8359375,82074.3984375
1337.3090109825134,2,4204.0,23225.25390625,82074.3984375
1338.3393738269806,2,4193.3,24881.046875,82074.3984375
1339.3593809604645,2,4398.0,25108.46875,82074.3984375
1340.3789274692535,2,4134.3,25373.4609375,82074.3984375
1341.3860189914703,2,3239.3,25797.84765625,82074.3984375
1342.3963856697083,2,4045.3,26020.6171875,82074.3984375
1343.423378944397,2,3001.8,26056.9453125,82074.3984375
1344.4458343982697,2,3785.4,27168.6875,82074.3984375
1345.453936100006,2,2623.0,28189.265625,82074.3984375
1346.4615139961243,2,907.8,28561.23828125,82074.3984375
1347.4694159030914,2,1147.5,28322.04296875,82074.3984375
1348.4802932739258,2,1530.5,28336.09765625,82074.3984375
1349.4884760379791,2,850.5,28299.08984375,82074.3984375
1350.497374534607,2,3460.4,28997.5625,82074.3984375
1351.5180752277374,2,3524.6,29249.03125,82074.3984375
1352.527889251709,2,539.5,29525.47265625,82074.3984375
1353.5361235141754,2,663.5,27669.1015625,82074.3984375
1354.5444765090942,2,461.2,8653.23828125,82074.3984375
1355.5533773899078,2,1429.2,9677.9375,82074.3984375
1356.609849691391,2,2797.0,11944.7578125,82074.3984375
1357.6183807849884,2,4063.3,14927.62109375,82074.3984375
1358.632250070572,2,4075.0,16047.55859375,82074.3984375
1359.6543786525726,2,4503.9,19182.6015625,82074.3984375
1360.6808223724365,2,4602.9,23687.84375,82074.3984375
1361.703379392624,2,4574.5,29250.57421875,82074.3984375
1362.7303755283356,2,4275.6,27990.6015625,82074.3984375
1363.7534182071686,2,4374.1,23038.33984375,82074.3984375
1364.79137134552,2,4188.4,24927.796875,82074.3984375
1365.8103723526,2,4379.7,25151.0546875,82074.3984375
1366.83074259758,2,4292.8,25399.65625,82074.3984375
1367.8399877548218,2,3211.6,25636.1484375,82074.3984375
1368.8493843078613,2,3538.9,26057.1875,82074.3984375
1369.8753135204315,2,3076.7,25996.734375,82074.3984375
1370.8843975067139,2,3835.0,27140.203125,82074.3984375
1371.8929042816162,2,2848.9,28114.375,82074.3984375
1372.9046630859375,2,1164.0,28483.68359375,82074.3984375
1373.912270307541,2,1150.3,28373.58203125,82074.3984375
1374.9216010570526,2,1705.0,28333.90234375,82074.3984375
1375.931372642517,2,1313.1,28514.13671875,82074.3984375
1376.9523725509644,2,3701.8,28761.703125,82074.3984375
1377.9621963500977,2,2719.3,29320.015625,82074.3984375
1378.9692604541779,2,591.7,29573.40625,82074.3984375
1379.9782915115356,2,595.4,7860.0625,84122.4140625
1380.9860320091248,2,532.2,9160.31640625,82074.3984375
1381.9951102733612,2,877.2,10084.3984375,82074.3984375
1383.0073685646057,2,4156.0,10197.265625,82074.3984375
1384.027414560318,2,2074.3,14305.34375,82074.3984375
1385.045372724533,2,4211.4,16604.16015625,82074.3984375
1386.0663797855377,2,4289.5,17062.41015625,82074.3984375
1387.0909340381622,2,4568.6,20819.1484375,82074.3984375
1388.1159863471985,2,4598.0,25274.93359375,82074.3984375
1389.1373798847198,2,4430.8,29781.7421875,82074.3984375
1390.1643755435944,2,4212.5,29949.00390625,82074.3984375
1391.1863861083984,2,4233.6,21820.83984375,82074.3984375
1392.2083759307861,2,4209.2,26090.48046875,82074.3984375
1393.2283818721771,2,4448.0,26134.81640625,82074.3984375
1394.239381313324,2,4314.2,26425.12890625,82074.3984375
1395.2639436721802,2,2877.6,26706.48828125,82074.3984375
1396.2963829040527,2,3093.9,26956.2890625,82074.3984375
1397.3246066570282,2,3712.1,26818.1640625,82074.3984375
1398.3323712348938,2,2960.9,27108.734375,82074.3984375
1399.3503699302673,2,3681.7,28481.6953125,82074.3984375
1400.3703696727753,2,2602.4,29609.046875,82074.3984375
1401.3890857696533,2,894.7,29574.6796875,82074.3984375
1402.3981926441193,2,1047.6,29534.203125,82074.3984375
1403.4061589241028,2,1370.1,29431.8828125,82074.3984375
1404.4134480953217,2,987.0,29600.0703125,82074.3984375
1405.4233684539795,2,1636.2,29649.515625,82074.3984375
1406.4352452754974,2,3931.1,29961.53515625,82074.3984375
1407.4457449913025,2,2792.9,30479.171875,82074.3984375
1408.4538533687592,2,581.0,30747.58984375,82074.3984375
1409.4607260227203,2,593.7,21299.1171875,82074.3984375
1410.469570159912,2,845.7,8518.37109375,82074.3984375
1411.4783744812012,2,2838.2,10306.01953125,82074.3984375
1412.4953782558441,2,4223.2,12238.16796875,82074.3984375
1413.5213885307312,2,4573.1,15846.51171875,82074.3984375
1414.5413715839386,2,4213.6,15089.3125,82074.3984375
1415.5603988170624,2,3473.9,15334.25,82074.3984375
1416.5867931842804,2,3011.6,15600.78515625,82074.3984375
1417.6030666828156,2,3134.9,16769.67578125,82074.3984375
1418.6118700504303,2,1417.0,16668.1953125,82074.3984375
1419.6223728656769,2,3171.3,16839.4140625,82074.3984375
1420.6360683441162,2,1259.9,17139.61328125,82074.3984375
1421.6447138786316,2,938.2,8722.0,82074.3984375
1422.6584033966064,2,2719.3,10469.81640625,82074.3984375
1423.6783816814423,2,4259.8,12080.03125,82074.3984375
1424.7053799629211,2,4599.4,16748.55859375,82074.3984375
1425.7193791866302,2,4256.3,15022.22265625,82074.3984375
1426.7440385818481,2,3527.8,15214.34375,82074.3984375
1427.7538800239563,2,3005.4,15425.5546875,82074.3984375
1428.7663452625275,2,3284.5,16561.23046875,82074.3984375
1429.7736642360687,2,1418.0,16449.91796875,82074.3984375
1430.7813694477081,2,3135.8,16644.41015625,82074.3984375
1431.7933568954468,2,1313.0,16980.05078125,82074.3984375
1432.8000423908234,2,567.5,8918.109375,82074.3984375
1433.80793094635,2,869.5,10070.82421875,82074.3984375
1434.8163752555847,2,3570.2,10179.63671875,82074.3984375
1435.8504147529602,2,2212.2,13483.71875,82074.3984375
1436.8703725337982,2,4214.3,16582.0703125,82074.3984375
1437.8913712501526,2,4273.2,17009.1640625,82074.3984375
1438.9123854637146,2,4516.9,20159.359375,82074.3984375
1439.9583830833435,2,4558.9,23929.6171875,82074.3984375
1440.9871063232422,2,4571.4,29182.34375,82074.3984375
1442.0073719024658,2,4167.2,29325.63671875,82074.3984375
1443.0294060707092,2,4178.5,21710.4375,82074.3984375
1444.0573740005493,2,4113.7,26100.5390625,82074.3984375
1445.0783739089966,2,4622.5,26042.95703125,82074.3984375
1446.0993812084198,2,4190.5,26437.63671875,82074.3984375
1447.1241195201874,2,2914.9,26736.0234375,82074.3984375
1448.1553835868835,2,3395.6,26999.25390625,82074.3984375
1449.1840920448303,2,3507.4,26851.0625,82074.3984375
1450.1923723220825,2,3114.4,27246.96484375,82074.3984375
1451.2083704471588,2,3638.4,28554.1015625,82074.3984375
1452.229369878769,2,2661.6,29828.6796875,82074.3984375
1453.2469131946564,2,698.5,29675.78515625,82074.3984375
1454.2547073364258,2,1158.1,29537.40625,82074.3984375
1455.2632160186768,2,1582.2,29541.3046875,82074.3984375
1456.2840313911438,2,892.6,29493.15625,82074.3984375
1457.2933723926544,2,2741.7,29924.734375,82074.3984375
1458.3043694496155,2,4129.9,30033.59765625,82074.3984375
1459.3235030174255,2,1322.3,30538.4296875,82074.3984375
1460.3330614566803,2,659.3,30826.6171875,82074.3984375
1461.3401727676392,2,379.9,9633.42578125,84122.4140625
1462.348414182663,2,886.9,9645.84375,82074.3984375
1463.3563785552979,2,2519.1,9844.17578125,82074.3984375
1464.419377565384,2,2338.8,12744.515625,82074.3984375
1465.4323711395264,2,4218.5,15820.5390625,82074.3984375
1466.4533822536469,2,4343.6,16285.5625,82074.3984375
1467.4793801307678,2,4534.5,20424.8203125,82074.3984375
1468.5052182674408,2,4568.2,24812.6875,82074.3984375
1469.5323796272278,2,4495.6,29503.65625,82074.3984375
1470.5493776798248,2,4158.3,24424.25,82074.3984375
1471.5753819942474,2,4265.2,23295.109375,82074.3984375
1472.6073698997498,2,4188.7,24958.12890625,82074.3984375
1473.6262528896332,2,4378.3,25163.2265625,82074.3984375
1474.6473729610443,2,3778.6,25470.90625,82074.3984375
1475.655380487442,2,3150.3,25940.98046875,82074.3984375
1476.6803331375122,2,4316.2,26073.5703125,82074.3984375
1477.7060470581055,2,2635.6,26026.1875,82074.3984375
1478.717133283615,2,3615.8,27374.12109375,82074.3984375
1479.7293066978455,2,2738.5,28544.87890625,82074.3984375
1480.7496111392975,2,867.0,28388.6953125,82074.3984375
1481.7575840950012,2,1162.6,28396.0234375,82074.3984375
1482.766573190689,2,1615.8,28289.046875,82074.3984375
1483.77530503273,2,1346.0,28496.53515625,82074.3984375
1484.7903730869293,2,3839.1,28727.23828125,82074.3984375
1485.8008086681366,2,2410.3,29309.546875,82074.3984375
1486.8088240623474,2,587.4,29519.8828125,82074.3984375
1487.8167099952698,2,578.4,8014.5703125,84122.4140625
1488.8246717453003,2,572.5,9211.11328125,82074.3984375
1489.832605600357,2,879.5,10015.73828125,82074.3984375
1490.8403749465942,2,4312.8,10135.078125,82074.3984375
1491.8843715190887,2,2161.6,14239.5625,82074.3984375
1492.9053716659546,2,4253.1,16538.6484375,82074.3984375
1493.9263815879822,2,4329.8,17007.73828125,82074.3984375
1494.9509027004242,2,4528.6,21339.88671875,82074.3984375
1495.98086810112,2,4557.7,26116.09375,82074.3984375
1497.0065667629242,2,4486.0,30596.91015625,82074.3984375
1498.0323734283447,2,4309.5,28771.03515625,82074.3984375
1499.0462260246277,2,4202.2,21671.96484375,82074.3984375
1500.0723719596863,2,4145.9,26010.02734375,82074.3984375
1501.0933728218079,2,4578.2,25932.90234375,82074.3984375
1502.1073806285858,2,4270.7,26290.4140625,82074.3984375
1503.1323900222778,2,2903.8,26553.671875,82074.3984375
1504.1583833694458,2,3243.8,26851.7265625,82074.3984375
1505.188477754593,2,3569.7,26698.84765625,82074.3984375
1506.1977186203003,2,3327.6,27131.85546875,82074.3984375
1507.2093713283539,2,3634.9,28415.5703125,82074.3984375
1508.2283222675323,2,2491.4,29385.51171875,82074.3984375
1509.2402639389038,2,693.9,29624.03515625,82074.3984375
1510.248844385147,2,1039.9,29479.57421875,82074.3984375
1511.2583720684052,2,1253.4,29624.5859375,82074.3984375
1512.2781484127045,2,1093.2,29498.55859375,82074.3984375
1513.287368774414,2,1473.5,29666.5703125,82074.3984375
1514.3083741664886,2,3770.1,29940.609375,82074.3984375
1515.3189709186554,2,3060.7,30441.61328125,82074.3984375
1516.3271157741547,2,530.9,30701.02734375,82074.3984375
1517.3348515033722,2,655.7,26336.1484375,82074.3984375
1518.3444602489471,2,437.5,8692.140625,82074.3984375
1519.3524518013,2,934.0,9604.9765625,82074.3984375
1520.361091852188,2,4037.7,10136.64453125,82074.3984375
1521.3693809509277,2,2641.2,14419.24609375,82074.3984375
1522.3833708763123,2,4094.8,16031.27734375,82074.3984375
1523.404377937317,2,4399.0,16963.48828125,82074.3984375
1524.437374830246,2,4632.0,21831.34375,82074.3984375
1525.464379310608,2,4563.3,26726.62109375,82074.3984375
1526.4903807640076,2,4568.1,29451.73046875,82074.3984375
1527.513237953186,2,3999.5,20585.02734375,82074.3984375
1528.5293927192688,2,4555.6,24354.0390625,82074.3984375
1529.5443766117096,2,4249.3,24895.9921875,82074.3984375
1530.5653729438782,2,4208.3,25315.3671875,82074.3984375
1531.586389541626,2,3338.5,25572.54296875,82074.3984375
1532.6173865795135,2,3298.4,25934.171875,82074.3984375
1533.6483781337738,2,3473.7,25928.84375,82074.3984375
1534.6783776283264,2,3631.8,26350.1953125,82074.3984375
1535.7163815498352,2,3402.9,27518.40234375,82074.3984375
1536.7366361618042,2,1418.4,28346.78125,82074.3984375
1537.7460234165192,2,1160.0,28269.3671875,82074.3984375
1538.7543728351593,2,1462.0,28416.99609375,82074.3984375
1539.7702808380127,2,989.3,28433.6875,82074.3984375
1540.779053926468,2,2442.6,28705.05078125,82074.3984375
1541.7903716564178,2,4105.3,28709.0546875,82074.3984375
1542.7986896038055,2,1029.1,29329.203125,82074.3984375
1543.807228565216,2,758.5,29642.29296875,82074.3984375
1544.8145644664764,2,309.5,7938.640625,82074.3984375
1545.822696685791,2,1023.1,9498.9375,82074.3984375
1546.8323702812195,2,3180.1,9731.7421875,82074.3984375
1547.8509402275085,2,2292.1,13484.11328125,82074.3984375
1548.8693721294403,2,4227.0,15703.234375,82074.3984375
1549.8903777599335,2,4332.4,16170.91015625,82074.3984375
1550.9149272441864,2,4563.9,20569.86328125,82074.3984375
1551.9423813819885,2,4580.0,25622.18359375,82074.3984375
1552.9683802127838,2,4490.7,29501.5859375,82074.3984375
1553.9943721294403,2,3952.2,19626.88671875,82074.3984375
1555.0103747844696,2,4527.2,23259.2890625,82074.3984375
1556.0283799171448,2,4241.3,24864.8203125,82074.3984375
1557.054027557373,2,4282.8,25228.234375,82074.3984375
1558.0743379592896,2,3405.4,25598.9140625,82074.3984375
1559.0883853435516,2,3406.8,25942.125,82074.3984375
1560.1161122322083,2,3810.8,25889.51953125,82074.3984375
1561.1263687610626,2,3217.4,26215.6328125,82074.3984375
1562.1463758945465,2,3644.7,27456.375,82074.3984375
1563.1526296138763,2,2087.4,28430.49609375,82074.3984375
1564.1601560115814,2,735.7,28596.8984375,82074.3984375
1565.168747663498,2,1169.0,28530.921875,82074.3984375
1566.177310705185,2,1630.5,28251.46484375,82074.3984375
1567.183745622635,2,1318.9,28509.19140625,82074.3984375
1568.1983761787415,2,3888.1,28762.734375,82074.3984375
1569.2109816074371,2,2377.0,29320.20703125,82074.3984375
1570.2196924686432,2,582.0,29519.12109375,82074.3984375
1571.2282779216766,2,586.0,8231.71484375,84122.4140625
1572.236726284027,2,741.3,9172.5703125,82074.3984375
1573.2453706264496,2,2452.0,9592.2578125,82074.3984375
1574.289412021637,2,2682.3,12912.921875,82074.3984375
1575.3053691387177,2,4305.8,14484.984375,82074.3984375
1576.3163781166077,2,4385.2,16645.19140625,82074.3984375
1577.343371629715,2,4657.3,21122.609375,82074.3984375
1578.369383096695,2,4572.5,21302.63671875,82074.3984375
1579.386099100113,2,4310.6,20056.8046875,82074.3984375
1580.4013843536377,2,4251.5,20768.2109375,82074.3984375
1581.4263818264008,2,3577.2,21092.5859375,82074.3984375
1582.4353876113892,2,3376.8,21272.3671875,82074.3984375
1583.4622066020966,2,3066.8,21336.546875,82074.3984375
1584.4851818084717,2,3866.6,22140.765625,82074.3984375
1585.5066378116608,2,2213.9,22781.6953125,82074.3984375
1586.515370130539,2,1524.8,22751.89453125,82074.3984375
1587.5343432426453,2,1214.8,22611.0234375,82074.3984375
1588.5423710346222,2,4272.8,22901.97265625,82074.3984375
1589.554178237915,2,1755.1,23231.734375,82074.3984375
1590.56374001503,2,530.2,8520.85546875,82074.3984375
1591.5708148479462,2,949.6,9638.3125,82074.3984375
1592.5803821086884,2,3898.3,9822.5,82074.3984375
1593.648404598236,2,2444.5,14263.73828125,82074.3984375
1594.6943764686584,2,4110.0,16047.48828125,82074.3984375
1595.7146680355072,2,4427.0,16770.96484375,82074.3984375
1596.7413802146912,2,4581.4,21605.1875,82074.3984375
1597.7673728466034,2,4630.5,27162.44140625,82074.3984375
1598.7943723201752,2,4220.4,31041.5390625,82074.3984375
1599.815404176712,2,3990.6,20526.8046875,82074.3984375
1600.834377527237,2,4517.6,24027.3203125,82074.3984375
1601.854331254959,2,4274.4,24825.64453125,82074.3984375
1602.8799238204956,2,4240.2,25227.31640625,82074.3984375
1603.9013862609863,2,3351.5,25505.58203125,82074.3984375
1604.9333853721619,2,3133.3,25839.921875,82074.3984375
1605.960286140442,2,3416.2,25852.4453125,82074.3984375
1606.973338842392,2,3536.1,26188.76953125,82074.3984375
1607.9933738708496,2,3475.8,27372.75390625,82074.3984375
1609.0108730793,2,1656.1,28235.05859375,82074.3984375
1610.0192058086395,2,917.2,28211.515625,82074.3984375
1611.0267279148102,2,920.3,28427.984375,82074.3984375
1612.0350141525269,2,1551.3,28215.2109375,82074.3984375
1613.0433752536774,2,903.3,28453.26953125,82074.3984375
1614.0633714199066,2,3711.9,28781.26171875,82074.3984375
1615.076420545578,2,3053.9,29211.32421875,82074.3984375
1616.087373971939,2,591.8,29500.34375,82074.3984375
1617.1017804145813,2,605.8,20752.58984375,82074.3984375
1618.110473871231,2,538.7,8794.44921875,82074.3984375
1619.119369506836,2,1314.9,9703.7734375,82074.3984375
1620.17449092865,2,3237.5,11483.64453125,82074.3984375
1621.1853959560394,2,3716.4,14855.53515625,82074.3984375
1622.2007167339325,2,4076.3,16054.7109375,82074.3984375
1623.2083795070648,2,4440.2,18604.55078125,82074.3984375
1624.235372543335,2,4621.1,22751.40625,82074.3984375
1625.261378288269,2,4532.3,27601.98828125,82074.3984375
1626.2866885662079,2,4344.4,28492.921875,82074.3984375
1627.2982897758484,2,4166.9,20423.82421875,82074.3984375
1628.328378200531,2,4197.1,24766.68359375,82074.3984375
1629.3485538959503,2,4410.0,24977.63671875,82074.3984375
1630.3773787021637,2,4408.1,25146.22265625,82074.3984375
1631.4118328094482,2,3349.7,25430.078125,82074.3984375
1632.4463834762573,2,3114.2,25875.09765625,82074.3984375
1633.471125125885,2,3358.5,25788.7265625,82074.3984375
1634.4790952205658,2,3996.4,26612.22265625,82074.3984375
1635.487369775772,2,2659.6,27946.625,82074.3984375
1636.507444858551,2,1321.1,28281.37890625,82074.3984375
1637.5183770656586,2,1065.1,28276.78515625,82074.3984375
1638.5312819480896,2,1538.8,28162.328125,82074.3984375
1639.53928565979,2,854.6,28209.14453125,82074.3984375
1640.5467202663422,2,2878.1,28647.19140625,82074.3984375
1641.55837392807,2,3813.5,28899.703125,82074.3984375
1642.5824890136719,2,761.5,29282.38671875,82074.3984375
1643.591852426529,2,668.8,29625.4609375,82074.3984375
1644.6010274887085,2,382.1,8229.8203125,82074.3984375
1645.6088435649872,2,937.0,9742.640625,82074.3984375
1646.6183769702911,2,3279.9,9918.58984375,82074.3984375
1647.6744389533997,2,2266.9,13047.234375,82074.3984375
1648.688371181488,2,4226.3,16067.18359375,82074.3984375
1649.7133724689484,2,4322.1,16539.109375,82074.3984375
1650.7393805980682,2,4505.8,20668.14453125,82074.3984375
1651.7653794288635,2,4597.4,24684.46875,82074.3984375
1652.791378736496,2,4543.6,30193.68359375,82074.3984375
1653.8183732032776,2,4184.1,25196.56640625,82074.3984375
1654.8443915843964,2,4246.1,23863.00390625,82074.3984375
1655.8623690605164,2,4198.3,25514.2265625,82074.3984375
1656.8833701610565,2,4371.3,25707.01953125,82074.3984375
1657.904376745224,2,4062.5,26012.30078125,82074.3984375
1658.9302229881287,2,3213.9,26126.24609375,82074.3984375
1659.9393849372864,2,2975.8,26489.40234375,82074.3984375
1660.9663825035095,2,3384.0,26360.62890625,82074.3984375
1661.9790785312653,2,4160.7,27072.90234375,82074.3984375
1662.9893414974213,2,2797.5,28151.21484375,82074.3984375
1663.9964218139648,2,1242.1,28870.73046875,82074.3984375
1665.006999015808,2,1076.8,28791.15234375,82074.3984375
1666.015504360199,2,1165.4,28888.42578125,82074.3984375
1667.0253810882568,2,1334.6,28873.0234375,82074.3984375
1668.0338294506073,2,1708.3,29218.9765625,82074.3984375
1669.05033993721,2,4131.1,29217.4453125,82074.3984375
1670.0605447292328,2,2147.5,29838.26171875,82074.3984375
1671.0671906471252,2,587.0,30032.62109375,82074.3984375
1672.0757567882538,2,596.5,8212.2578125,84122.4140625
1673.0849804878235,2,898.3,8882.1171875,82074.3984375
1674.0936954021454,2,2722.3,9653.39453125,82074.3984375
1675.1023707389832,2,3694.4,12296.30859375,82074.3984375
1676.1333899497986,2,4515.6,15359.09765625,82074.3984375
1677.1686623096466,2,4615.5,20522.140625,82074.3984375
1678.1863827705383,2,4299.4,17022.5625,82074.3984375
1679.2033712863922,2,4247.4,17615.89453125,82074.3984375
1680.2243883609772,2,3244.7,17870.60546875,82074.3984375
1681.254680633545,2,3244.7,18064.328125,82074.3984375
1682.280373096466,2,3843.6,18870.109375,82074.3984375
1683.294941663742,2,1556.8,19159.96875,82074.3984375
1684.302851676941,2,1460.7,19147.94140625,82074.3984375
1685.3111701011658,2,3480.2,19274.1796875,82074.3984375
1686.3230319023132,2,1750.6,19589.27734375,82074.3984375
1687.332255601883,2,707.1,8380.10546875,82074.3984375
1688.341369152069,2,1815.4,9437.41796875,82074.3984375
1689.3963868618011,2,2800.6,12619.75390625,82074.3984375
1690.4303731918335,2,4310.4,14150.50390625,82074.3984375
1691.451383113861,2,4475.9,16774.1953125,82074.3984375
1692.4773802757263,2,4635.9,21205.56640625,82074.3984375
1693.504379272461,2,4369.7,16577.3671875,82074.3984375
1694.518370628357,2,4213.5,19990.73046875,82074.3984375
1695.5393748283386,2,4420.5,20180.67578125,82074.3984375
1696.5503957271576,2,3467.7,20383.62890625,82074.3984375
1697.5704956054688,2,3593.6,20561.83984375,82074.3984375
1698.581375360489,2,2985.5,20782.2421875,82074.3984375
1699.5923368930817,2,3616.5,22068.828125,82074.3984375
1700.602374792099,2,1301.7,21864.65625,82074.3984375
1701.615290403366,2,1502.4,21953.21875,82074.3984375
1702.625384569168,2,3222.4,22081.22265625,82074.3984375
1703.6379969120026,2,2656.9,22356.24609375,82074.3984375
1704.644627571106,2,496.0,7952.6328125,82074.3984375
1705.6527168750763,2,1124.0,8988.73046875,82074.3984375
1706.6606814861298,2,2768.8,11527.00390625,82074.3984375
1707.671317100525,2,4366.8,13912.890625,82074.3984375
1708.6933815479279,2,4466.9,15590.8203125,82074.3984375
1709.7213790416718,2,4614.8,20424.01171875,82074.3984375
1710.74200797081,2,4503.4,19342.41796875,82074.3984375
1711.7576022148132,2,4230.2,19847.8671875,82074.3984375
1712.77437210083,2,4412.8,20170.05078125,82074.3984375
1713.7953872680664,2,3051.8,20431.4765625,82074.3984375
1714.8213741779327,2,3267.3,20608.0546875,82074.3984375
1715.8471655845642,2,3117.5,20736.625,82074.3984375
1716.8627083301544,2,3997.4,22017.57421875,82074.3984375
1717.8885717391968,2,1325.5,21946.79296875,82074.3984375
1718.9010000228882,2,1475.0,21793.6484375,82074.3984375
1719.9084095954895,2,2813.7,21939.33984375,82074.3984375
1720.9204111099243,2,2884.3,22152.08984375,82074.3984375
1721.9288008213043,2,584.8,7897.625,82074.3984375
1722.9375894069672,2,1173.6,9047.46484375,82074.3984375
1723.9456820487976,2,2804.8,11164.375,82074.3984375
1724.9543716907501,2,4018.1,13957.58984375,82074.3984375
1725.9753823280334,2,4352.9,15119.92578125,82074.3984375
1727.0073781013489,2,4586.6,19651.69921875,82074.3984375
1728.035397529602,2,4574.2,20621.93359375,82074.3984375
1729.0631561279297,2,4328.3,19476.66015625,82074.3984375
1730.0763840675354,2,4258.8,19988.05859375,82074.3984375
1731.0953843593597,2,3346.2,20258.140625,82074.3984375
1732.1273863315582,2,3863.9,20476.1015625,82074.3984375
1733.1543719768524,2,3248.1,20706.58203125,82074.3984375
1734.1659240722656,2,3604.2,21937.6015625,82074.3984375
1735.175671339035,2,1306.3,21765.85546875,82074.3984375
1736.1831789016724,2,1466.4,21777.82421875,82074.3984375
1737.1922912597656,2,3533.5,21910.20703125,82074.3984375
1738.2039663791656,2,2202.3,22249.05078125,82074.3984375
1739.212662935257,2,620.8,8279.47265625,82074.3984375
1740.2213768959045,2,1450.8,9476.91015625,82074.3984375
1741.273520708084,2,2764.1,11804.58984375,82074.3984375
1742.2893733978271,2,4390.9,14090.5625,82074.3984375
1743.3113811016083,2,4357.1,16104.01171875,82074.3984375
1744.3383820056915,2,4596.7,20796.21875,82074.3984375
1745.3638722896576,2,4443.4,19638.1875,82074.3984375
1746.3853719234467,2,4347.2,19916.16015625,82074.3984375
1747.3993730545044,2,4307.2,20287.03515625,82074.3984375
1748.4203889369965,2,3245.8,20517.4453125,82074.3984375
1749.446376800537,2,3654.5,20704.62890625,82074.3984375
1750.4720346927643,2,2719.6,20733.984375,82074.3984375
1751.4820623397827,2,4125.8,21740.296875,82074.3984375
1752.490919828415,2,1564.5,21972.91015625,82074.3984375
1753.4976308345795,2,1589.9,21870.44140625,82074.3984375
1754.5052840709686,2,2877.4,22108.5390625,82074.3984375
1755.5237040519714,2,2964.2,22345.9765625,82074.3984375
1756.5332696437836,2,578.9,7784.59375,82074.3984375
1757.5423729419708,2,1836.4,8760.8671875,82074.3984375
1758.5653750896454,2,3329.4,11550.2578125,82074.3984375
1759.5793762207031,2,4291.8,13167.25390625,82074.3984375
1760.6039245128632,2,4564.1,18061.08203125,82074.3984375
1761.6323773860931,2,4381.0,14979.66796875,82074.3984375
1762.6593809127808,2,4374.6,17148.83203125,82074.3984375
1763.6841042041779,2,3412.8,17509.53125,82074.3984375
1764.6913802623749,2,3663.8,17770.91015625,82074.3984375
1765.7087256908417,2,3269.0,18174.12109375,82074.3984375
1766.7203781604767,2,2317.6,19010.92578125,82074.3984375
1767.7303726673126,2,1542.4,18918.79296875,82074.3984375
1768.7463729381561,2,2192.4,19168.13671875,82074.3984375
1769.7581858634949,2,3057.5,19380.19140625,82074.3984375
1770.7663011550903,2,622.7,7738.30859375,82074.3984375
1771.7753722667694,2,1625.5,8797.0859375,82074.3984375
1772.813381433487,2,3285.9,11317.29296875,82074.3984375
1773.8283970355988,2,4221.4,12501.61328125,82074.3984375
1774.869383096695,2,4630.8,17854.75390625,82074.3984375
1775.8960864543915,2,4320.1,14876.6640625,82074.3984375
1776.9123721122742,2,4275.7,17360.27734375,82074.3984375
1777.9327585697174,2,3822.5,17655.74609375,82074.3984375
1778.941389799118,2,3424.1,17981.66015625,82074.3984375
1779.9683701992035,2,3580.1,18251.08984375,82074.3984375
1780.9790213108063,2,2701.5,19181.2578125,82074.3984375
1781.985407114029,2,1521.0,19052.41796875,82074.3984375
1782.9983704090118,2,2038.3,19194.6328125,82074.3984375
1784.013004541397,2,3493.1,19472.3125,82074.3984375
1785.0209529399872,2,580.1,9115.609375,84122.4140625
1786.0293700695038,2,1470.8,8663.328125,82074.3984375
1787.0853712558746,2,3436.0,11276.83203125,82074.3984375
1788.1053812503815,2,4414.0,13564.48828125,82074.3984375
1789.1323845386505,2,4452.6,13093.12890625,82074.3984375
1790.147537469864,2,4297.4,15227.5703125,82074.3984375
1791.1563882827759,2,3401.2,15464.4140625,82074.3984375
1792.1733708381653,2,2883.4,15708.30859375,82074.3984375
1793.1839745044708,2,3007.1,16783.52734375,82074.3984375
1794.1903998851776,2,1465.3,16724.765625,82074.3984375
1795.1993703842163,2,3191.1,16803.07421875,82074.3984375
1796.209617137909,2,1395.8,17219.61328125,82074.3984375
1797.2217729091644,2,1498.8,8352.71875,82074.3984375
1798.2312278747559,2,2493.0,9340.453125,82074.3984375
1799.2393832206726,2,3499.9,13059.94140625,82074.3984375
1800.2653794288635,2,4416.2,14320.48046875,82074.3984375
1801.2906498908997,2,4467.4,14603.7578125,82074.3984375
1802.3043749332428,2,4287.7,16403.1171875,82074.3984375
1803.3244261741638,2,3245.0,16596.58984375,82074.3984375
1804.3353834152222,2,2941.9,16848.0390625,82074.3984375
1805.350127696991,2,3315.2,17802.6640625,82074.3984375
1806.3564007282257,2,3870.6,19061.328125,82074.3984375
1807.3653709888458,2,1445.4,19014.41015625,82074.3984375
1808.375462770462,2,3852.0,19202.15625,82074.3984375
1809.3871672153473,2,2104.4,19581.1640625,82074.3984375
1810.395788192749,2,1123.4,8244.26953125,82074.3984375
1811.4053683280945,2,2662.4,8801.078125,82074.3984375
1812.4353725910187,2,3530.7,13142.15625,82074.3984375
1813.4563841819763,2,4431.7,14392.55859375,82074.3984375
1814.483383655548,2,4428.7,14554.1875,82074.3984375
1815.5033733844757,2,4230.3,16565.40234375,82074.3984375
1816.5243854522705,2,3331.8,16736.30859375,82074.3984375
1817.5378911495209,2,2967.2,16983.796875,82074.3984375
1818.5493721961975,2,4072.9,18179.890625,82074.3984375
1819.5618479251862,2,3365.4,19137.9296875,82074.3984375
1820.5695021152496,2,1411.1,19058.38671875,82074.3984375
1821.581160068512,2,4368.0,19228.734375,82074.3984375
1822.591596364975,2,1417.2,19636.8125,82074.3984375
1823.604174375534,2,1493.7,8453.06640625,82074.3984375
1824.6136231422424,2,2533.1,9402.109375,82074.3984375
1825.6223719120026,2,3866.2,13279.0,82074.3984375
1826.6433811187744,2,4453.2,15111.796875,82074.3984375
1827.6703734397888,2,4491.4,15600.86328125,82074.3984375
1828.6831316947937,2,3974.2,16646.1640625,82074.3984375
1829.6943969726562,2,3211.6,16821.6015625,82074.3984375
1830.7086291313171,2,3009.9,17076.2890625,82074.3984375
1831.721372127533,2,4267.8,18574.55078125,82074.3984375
1832.7415645122528,2,3021.2,19116.69921875,82074.3984375
1833.7496814727783,2,1661.0,19283.33203125,82074.3984375
1834.758148908615,2,4505.5,19325.46875,82074.3984375
1835.766262769699,2,989.6,16342.1015625,82074.3984375
1836.7727055549622,2,1766.7,8697.53125,82074.3984375
1837.7876267433167,2,2336.5,9980.92578125,82074.3984375
1838.8003721237183,2,4362.7,13326.37109375,82074.3984375
1839.8213829994202,2,4486.2,15877.78515625,82074.3984375
1840.8424377441406,2,4284.7,16386.9609375,82074.3984375
1841.8523757457733,2,3788.6,16784.63671875,82074.3984375
1842.8643770217896,2,3465.0,16927.99609375,82074.3984375
1843.8880686759949,2,2911.3,17156.8046875,82074.3984375
1844.9053750038147,2,4284.8,18788.9296875,82074.3984375
1845.9255878925323,2,2629.2,19258.28515625,82074.3984375
1846.9322311878204,2,2408.6,19469.17578125,82074.3984375
1847.9463081359863,2,3804.9,19650.77734375,82074.3984375
1848.955325603485,2,656.0,9169.66015625,84122.4140625
1849.9644763469696,2,2077.8,8833.984375,82074.3984375
1850.9725618362427,2,3115.0,11789.72265625,82074.3984375
1851.986374616623,2,4270.5,13426.640625,82074.3984375
1853.007379770279,2,4522.7,17010.23828125,82074.3984375
1854.0333738327026,2,4243.6,16496.87109375,82074.3984375
1855.0533888339996,2,3658.9,16754.15625,82074.3984375
1856.061054468155,2,3237.4,16837.37109375,82074.3984375
1857.0703687667847,2,3238.0,17349.75390625,82074.3984375
1858.0823731422424,2,4373.4,18695.3671875,82074.3984375
1859.102465391159,2,2001.6,19073.0859375,82074.3984375
1860.1133725643158,2,2865.9,19303.87890625,82074.3984375
1861.126473903656,2,3164.2,19500.86328125,82074.3984375
1862.1357414722443,2,597.3,7920.56640625,82074.3984375
1863.1453368663788,2,2252.0,8720.3515625,82074.3984375
1864.152500152588,2,3597.6,12413.828125,82074.3984375
1865.1651997566223,2,4342.2,13380.625,82074.3984375
1866.186383485794,2,4551.5,17296.703125,82074.3984375
1867.20237159729,2,4080.4,16553.765625,82074.3984375
1868.2233848571777,2,3527.9,16810.26953125,82074.3984375
1869.252376317978,2,2989.6,17048.47265625,82074.3984375
1870.2752907276154,2,3528.6,17727.1015625,82074.3984375
1871.28737616539,2,4325.7,18939.4140625,82074.3984375
1872.3075304031372,2,1727.9,19274.29296875,82074.3984375
1873.315374135971,2,3324.3,19504.66796875,82074.3984375
1874.3265070915222,2,2645.8,19687.0234375,82074.3984375
1875.335471868515,2,883.5,8220.86328125,82074.3984375
1876.3453691005707,2,2412.7,8921.64453125,82074.3984375
1877.375384092331,2,3647.0,13016.296875,82074.3984375
1878.3873796463013,2,4245.5,13444.3515625,82074.3984375
1879.4013800621033,2,4467.8,15341.89453125,82074.3984375
1880.416382074356,2,4166.0,16540.2890625,82074.3984375
1881.4378156661987,2,3464.3,16756.4296875,82074.3984375
1882.46537899971,2,3052.0,16971.77734375,82074.3984375
1883.4933760166168,2,3630.7,17757.34375,82074.3984375
1884.5083708763123,2,4034.7,18958.65234375,82074.3984375
1885.5181488990784,2,1508.7,19086.7890625,82074.3984375
1886.5303711891174,2,3734.3,19289.4921875,82074.3984375
1887.5450387001038,2,2350.0,19595.171875,82074.3984375
1888.5525374412537,2,1089.5,8207.05859375,82074.3984375
1889.5623693466187,2,2590.7,8803.87890625,82074.3984375
1890.6033718585968,2,3487.8,13183.4609375,82074.3984375
1891.6243772506714,2,4412.9,14171.41015625,82074.3984375
1892.64950633049,2,4516.0,14116.62890625,82074.3984375
1893.6673715114594,2,4222.7,16573.7890625,82074.3984375
1894.6883885860443,2,3465.0,16787.7109375,82074.3984375
1895.7155590057373,2,2897.6,17043.28515625,82074.3984375
1896.7240402698517,2,4206.0,18278.21875,82074.3984375
1897.736117362976,2,3446.9,19267.5625,82074.3984375
1898.7462055683136,2,1356.6,19278.625,82074.3984375
1899.7584416866302,2,4478.5,19461.984375,82074.3984375
1900.7705821990967,2,1454.1,19869.33203125,82074.3984375
1901.7771923542023,2,1513.0,8568.54296875,82074.3984375
1902.7866513729095,2,2664.2,9141.8515625,82074.3984375
1903.7953717708588,2,3701.7,13373.74609375,82074.3984375
1904.816379070282,2,4444.8,14911.3984375,82074.3984375
1905.845109462738,2,4445.7,15218.25,82074.3984375
1906.8593790531158,2,4238.5,16661.7578125,82074.3984375
1907.8746137619019,2,3071.8,16787.11328125,82074.3984375
1908.8830273151398,2,3140.8,17035.90234375,82074.3984375
1909.8943710327148,2,4046.3,18215.6171875,82074.3984375
1910.9065322875977,2,3331.3,19150.94921875,82074.3984375
1911.9134991168976,2,1445.9,19169.53515625,82074.3984375
1912.9283695220947,2,4381.3,19240.45703125,82074.3984375
1913.9393725395203,2,1423.8,19657.8125,82074.3984375
1914.9499907493591,2,1653.9,8516.35546875,82074.3984375
1915.9596560001373,2,2406.4,9629.04296875,82074.3984375
1916.9683756828308,2,4104.3,13273.609375,82074.3984375
1917.9893803596497,2,4469.8,15224.9453125,82074.3984375
1919.0151662826538,2,4478.0,15678.29296875,82074.3984375
1920.0292291641235,2,3935.5,16656.91796875,82074.3984375
1921.0373768806458,2,3201.7,16837.99609375,82074.3984375
1922.0624973773956,2,2786.3,16998.8671875,82074.3984375
1923.0716998577118,2,4324.1,18518.07421875,82074.3984375
1924.080926656723,2,3115.1,19084.01953125,82074.3984375
1925.0883753299713,2,1633.4,19180.7109375,82074.3984375
1926.103371143341,2,4454.7,19243.91015625,82074.3984375
1927.117252111435,2,1157.0,19673.68359375,82074.3984375
1928.1276144981384,2,1686.2,8540.3671875,82074.3984375
1929.1369981765747,2,2277.9,9813.11328125,82074.3984375
1930.1503732204437,2,4337.8,13260.125,82074.3984375
1931.1713843345642,2,4498.4,15470.5859375,82074.3984375
1932.1956140995026,2,4362.1,16080.48828125,82074.3984375
1933.2097022533417,2,3820.6,16756.75390625,82074.3984375
1934.222377538681,2,3393.8,16857.453125,82074.3984375
1935.2320492267609,2,3076.4,17195.7265625,82074.3984375
1936.2443735599518,2,4286.5,18713.65234375,82074.3984375
1937.2650451660156,2,2784.8,19278.2890625,82074.3984375
1938.2733714580536,2,2139.3,19514.25390625,82074.3984375
1939.2877225875854,2,4324.3,19663.7734375,82074.3984375
1940.2942662239075,2,623.4,8672.90234375,84122.4140625
1941.3031256198883,2,1973.3,8873.5,82074.3984375
1942.312399148941,2,2887.7,11593.1015625,82074.3984375
1943.3683710098267,2,4232.7,13440.5625,82074.3984375
1944.3893809318542,2,4467.6,16741.7265625,82074.3984375
1945.4153740406036,2,4244.6,16496.77734375,82074.3984375
1946.4363887310028,2,3715.1,16655.74609375,82074.3984375
1947.4543118476868,2,3277.1,16725.87890625,82074.3984375
1948.4643688201904,2,3177.3,17290.0078125,82074.3984375
1949.476371049881,2,4351.9,18673.66796875,82074.3984375
1950.4965543746948,2,2048.2,19032.5546875,82074.3984375
1951.5031938552856,2,2831.0,19256.99609375,82074.3984375
1952.5195815563202,2,3231.5,19428.53515625,82074.3984375
1953.5285410881042,2,592.6,7912.68359375,82074.3984375
1954.5376961231232,2,2213.1,8716.02734375,82074.3984375
1955.5493817329407,2,3649.4,12423.76171875,82074.3984375
1956.5633778572083,2,4363.6,13372.9140625,82074.3984375
1957.5876154899597,2,4550.9,15970.36328125,82074.3984375
1958.60937666893,2,4130.0,16468.4140625,82074.3984375
1959.6340391635895,2,3494.0,16720.76171875,82074.3984375
1960.6613805294037,2,3064.5,16998.31640625,82074.3984375
1961.6717495918274,2,3653.6,17745.01953125,82074.3984375
1962.6820521354675,2,3910.8,18851.80859375,82074.3984375
1963.6911759376526,2,1649.6,19132.76171875,82074.3984375
1964.7023401260376,2,3648.0,19311.171875,82074.3984375
1965.7139625549316,2,2331.0,19583.828125,82074.3984375
1966.7223727703094,2,865.9,8181.3828125,82074.3984375
1967.731971502304,2,3199.7,10991.75,82074.3984375
1968.7483925819397,2,4266.9,13034.06640625,82074.3984375
1969.775330066681,2,4142.7,14495.890625,82074.3984375
1970.7867457866669,2,3409.6,14707.328125,82074.3984375
1971.794373035431,2,3774.2,15553.4296875,82074.3984375
1972.8083708286285,2,3053.8,16370.6640625,82074.3984375
1973.8175485134125,2,2612.6,16338.33203125,82074.3984375
1974.8296525478363,2,2516.6,16623.03515625,82074.3984375
1975.8383705615997,2,1212.5,8435.58203125,82074.3984375
1976.8473722934723,2,3684.9,11284.25,82074.3984375
1977.8673830032349,2,4301.5,13652.18359375,82074.3984375
1978.8876826763153,2,4218.0,14243.484375,82074.3984375
1979.8983812332153,2,3344.4,14607.265625,82074.3984375
1980.9213721752167,2,3911.1,15667.23828125,82074.3984375
1981.9410853385925,2,2292.5,16114.5078125,82074.3984375
1982.9533698558807,2,3697.9,16180.88671875,82074.3984375
1983.9652030467987,2,1201.2,8963.0,84122.4140625
1984.97309923172,2,2069.5,8858.76171875,82074.3984375
1985.9813721179962,2,4038.1,11496.703125,82074.3984375
1987.0062937736511,2,4432.6,13587.34765625,82074.3984375
1988.0213940143585,2,3882.1,14348.49609375,82074.3984375
1989.0361671447754,2,3113.8,14598.13671875,82074.3984375
1990.0483696460724,2,4195.5,15876.74609375,82074.3984375
1991.0568675994873,2,1812.4,16119.86328125,82074.3984375
1992.0644443035126,2,3678.6,16358.50390625,82074.3984375
1993.0699577331543,2,782.5,8096.72265625,82074.3984375
1994.0803761482239,2,2971.8,10563.421875,82074.3984375
1995.1003804206848,2,4309.9,12533.49609375,82074.3984375
1996.1263761520386,2,4186.6,14420.3984375,82074.3984375
1997.142377614975,2,3612.9,14677.84375,82074.3984375
1998.1677145957947,2,3185.5,15105.53515625,82074.3984375
1999.180234670639,2,3633.7,16357.15234375,82074.3984375
2000.1883702278137,2,2353.7,16503.3671875,82074.3984375
2001.204751253128,2,2806.2,16636.5625,82074.3984375
2002.213796377182,2,1381.0,8785.34765625,82074.3984375
2003.2265946865082,2,4156.1,10102.87890625,82074.3984375
2004.2359592914581,2,3201.6,10603.05078125,82074.3984375
2005.244078874588,2,2095.7,9816.65625,84122.4140625
2006.253381729126,2,2513.5,9999.0703125,82074.3984375
2007.2723717689514,2,4255.5,11940.49609375,82074.3984375
2008.2973713874817,2,4217.8,14225.515625,82074.3984375
2009.3203876018524,2,3735.9,14543.578125,82074.3984375
2010.329371213913,2,3256.0,14858.66015625,82074.3984375
2011.3412399291992,2,3887.5,16197.24609375,82074.3984375
2012.353816986084,2,1998.4,16303.62109375,82074.3984375
2013.3657381534576,2,3422.2,16502.48828125,82074.3984375
2014.3740031719208,2,927.9,8280.28125,82074.3984375
2015.3843717575073,2,3617.2,10064.796875,82074.3984375
2016.406527042389,2,4262.0,11972.1171875,82074.3984375
2017.4156169891357,2,3110.9,12344.24609375,82074.3984375
2018.4276070594788,2,3283.8,13096.203125,82074.3984375
2019.4373741149902,2,3240.6,13276.8828125,82074.3984375
2020.4467422962189,2,988.0,8526.48828125,82074.3984375
2021.4583733081818,2,3828.6,10418.38671875,82074.3984375
2022.483300447464,2,4146.5,12001.80859375,82074.3984375
2023.490861415863,2,3195.1,12327.44140625,82074.3984375
2024.5035688877106,2,3108.4,13047.65234375,82074.3984375
2025.5113439559937,2,3200.0,13214.00390625,82074.3984375
2026.5193815231323,2,353.2,5230.50390625,74906.2421875
2027.5273447036743,2,99.1,4995.16796875,74906.2421875
2028.5360939502716,2,103.1,4864.23046875,74906.2421875
