elapsed_time,nproc,cpu,mem_real,mem_virtual
3.981590270996094e-05,1,0.0,5.54296875,7.39453125
1.0061347484588623,4,0.0,444.1328125,4207.2265625
2.0156376361846924,4,99.1,610.390625,4393.2265625
3.0245888233184814,4,100.1,613.93359375,4453.2265625
4.033831834793091,4,100.1,619.6328125,4453.2265625
5.042622804641724,4,99.2,618.390625,4453.2265625
6.050288200378418,4,99.2,625.1015625,4501.2265625
7.058492422103882,4,100.2,617.8515625,4501.2265625
8.066603183746338,4,99.2,598.3984375,4501.2265625
9.074580907821655,4,99.2,604.37109375,4501.2265625
10.082488298416138,4,99.9,656.08984375,4501.2265625
11.093722581863403,4,99.9,711.35546875,4557.2265625
12.104801416397095,4,99.1,761.35546875,4621.2265625
13.114024877548218,4,99.9,811.359375,4707.2265625
14.124690055847168,4,99.9,865.359375,4707.2265625
15.136199951171875,4,99.8,915.36328125,4803.2265625
16.14819312095642,4,100.0,959.36328125,4803.2265625
17.15813970565796,2,0.0,37.45703125,52.04296875
18.172693014144897,2,0.0,134.9140625,3543.140625
19.184748888015747,2,99.9,552.58984375,4729.171875
20.195355892181396,2,99.4,836.578125,5849.171875
21.20137119293213,2,99.9,1086.57421875,7129.171875
22.212324142456055,2,99.8,1294.5703125,7129.171875
23.223880529403687,2,100.0,2406.5703125,9689.171875
24.234034061431885,2,99.1,1812.56640625,9689.171875
25.24290370941162,2,101.0,1873.53515625,9177.140625
26.253090143203735,2,100.0,1878.32421875,9177.140625
27.263325929641724,2,99.9,1878.32421875,9177.140625
28.274304151535034,2,99.0,1986.71875,9697.15625
29.284472465515137,2,100.9,2011.14453125,9745.15625
30.296379566192627,2,3827.2,2927.25390625,13875.6015625
31.323127269744873,2,4691.8,3291.70703125,14267.6015625
32.34438633918762,2,4642.1,3454.03515625,14441.1015625
33.37038779258728,2,4664.9,3687.55078125,14757.1015625
34.39738702774048,2,4675.7,3835.66015625,14923.1015625
35.42437934875488,2,4730.6,3944.1484375,15063.1015625
36.451385259628296,2,4651.1,3978.89453125,15208.1015625
37.47838377952576,2,4665.8,3976.06640625,15291.1015625
38.505383014678955,2,4671.9,4244.65625,15655.1015625
39.53238272666931,2,4735.6,4323.09765625,15794.1015625
40.55938720703125,2,4662.0,4382.5234375,15949.1015625
41.583807945251465,2,4642.6,4389.484375,16070.1015625
42.61138319969177,2,4657.6,4385.75,16076.1015625
43.638386964797974,2,4727.0,4547.5078125,16354.1015625
44.6653847694397,2,4678.9,4509.6640625,16440.1015625
45.690043449401855,2,4633.9,4452.078125,16466.1015625
46.718385457992554,2,4670.0,4436.54296875,16485.1015625
47.74538230895996,2,4712.8,4511.22265625,16559.1015625
48.772385358810425,2,4682.1,4526.95703125,16593.1015625
49.796831369400024,2,4615.0,4529.59375,16693.1015625
50.82438325881958,2,4668.0,4666.18359375,16877.1015625
51.851380825042725,2,4721.7,4632.21484375,16914.1015625
52.878385066986084,2,4688.1,4619.171875,16934.1015625
53.903383016586304,2,4670.7,4606.921875,16964.1015625
54.930384397506714,2,4660.0,4603.5078125,17018.1015625
55.95738244056702,2,4675.3,4651.52734375,17062.1015625
56.98438858985901,2,4715.8,4603.66796875,17198.1015625
58.01137900352478,2,4635.5,4577.984375,17256.1015625
59.03838300704956,2,4675.4,4619.01953125,17320.1015625
60.06838583946228,2,4650.5,4667.03125,17424.1015625
61.088385581970215,2,4712.1,4546.41015625,17452.1015625
62.12437987327576,2,4620.0,4630.05859375,17570.1015625
63.151381492614746,2,4659.4,4531.4765625,17582.1015625
64.17837953567505,2,4624.4,4574.6796875,17674.1015625
65.20537853240967,2,4663.7,4564.5,17686.1015625
66.23032593727112,2,4669.0,4552.25,17730.1015625
67.25947785377502,2,4636.1,4594.11328125,17770.1015625
68.28538393974304,2,4668.6,4637.3359375,17818.1015625
69.31238222122192,2,4715.5,4710.8359375,17896.1015625
70.33938646316528,2,4676.6,4696.1953125,17916.1015625
71.36374139785767,2,4621.1,4673.6484375,17916.1015625
72.39138388633728,2,4653.3,4686.68359375,17916.1015625
73.4183874130249,2,4719.1,4857.75390625,18046.1015625
74.44537901878357,2,4673.3,4930.984375,18098.1015625
75.46838450431824,2,4644.4,4937.4140625,18142.1015625
76.49538278579712,2,4639.7,5046.23828125,18258.1015625
77.52238297462463,2,4713.0,5029.12890625,18290.1015625
78.54939293861389,2,4696.2,5027.953125,18332.1015625
79.57438230514526,2,4621.1,4985.6015625,18398.1015625
80.60138654708862,2,4670.7,4855.23046875,18398.1015625
81.62838339805603,2,4724.1,4980.765625,18484.1015625
82.65440726280212,2,4664.9,4934.48828125,18528.1015625
83.66938400268555,2,4630.7,4987.2109375,18528.1015625
84.69638204574585,2,4671.3,4885.3671875,18564.1015625
85.72338557243347,2,4704.3,4924.41015625,18564.1015625
86.75038409233093,2,4687.3,4931.203125,18564.1015625
87.77484202384949,2,4643.7,4828.28125,18564.1015625
88.80338764190674,2,4649.5,4937.28515625,18686.1015625
89.83038353919983,2,4679.1,4946.9765625,18700.1015625
90.8573842048645,2,4690.0,5014.12890625,18750.1015625
91.88437819480896,2,4609.9,5086.078125,18850.1015625
92.9133813381195,2,4667.1,5056.4375,18850.1015625
93.94138050079346,2,4704.3,4997.10546875,18874.1015625
94.96839213371277,2,4691.1,5025.6171875,18958.1015625
95.99538135528564,2,4642.5,4956.47265625,18958.1015625
97.02438020706177,2,4670.2,5075.1796875,19038.1015625
98.0526385307312,2,4641.3,5064.55078125,19038.1015625
99.08038425445557,2,4720.5,5230.59765625,19278.1015625
100.1073830127716,2,4651.1,5203.2578125,19290.1015625
101.1389582157135,2,4671.9,5195.17578125,19290.1015625
102.16438603401184,2,4649.3,5145.890625,19358.1015625
103.19138288497925,2,4703.0,5126.26171875,19390.1015625
104.21637725830078,2,4688.3,5099.44140625,19404.1015625
105.23838400840759,2,4631.9,5136.31640625,19440.1015625
106.2653820514679,2,4668.7,5111.859375,19440.1015625
107.29638814926147,2,4738.8,5133.49609375,19464.1015625
108.32338261604309,2,4672.2,5113.53515625,19492.1015625
109.34838271141052,2,4632.3,5117.6796875,19508.1015625
110.37538027763367,2,4660.3,5058.42578125,19508.1015625
111.39038920402527,2,4720.3,5051.70703125,19508.1015625
112.41738247871399,2,4701.9,4946.0703125,19508.1015625
113.44182443618774,2,4655.5,4919.25,19508.1015625
114.46938157081604,2,4676.9,4913.46875,19532.1015625
115.50438189506531,2,4678.9,4990.1015625,19532.1015625
116.53138208389282,2,4708.6,4975.3984375,19560.1015625
117.55827713012695,2,4659.7,4913.71875,19560.1015625
118.58537888526917,2,4685.6,5000.8671875,19590.1015625
119.61238145828247,2,4676.4,5081.9921875,19590.1015625
120.63938331604004,2,4726.1,5044.53515625,19590.1015625
121.66638588905334,2,4674.0,5062.33984375,19590.1015625
122.69131755828857,2,4616.5,5030.34375,19590.1015625
123.71938180923462,2,4643.3,5061.77734375,19590.1015625
124.74638438224792,2,4722.9,5146.9140625,19664.1015625
125.77438378334045,2,4678.0,5087.22265625,19676.1015625
126.80438351631165,2,4658.0,5028.18359375,19676.1015625
127.83138465881348,2,4670.5,5060.5859375,19690.1015625
128.85838174819946,2,4700.0,5105.80859375,19720.1015625
129.8853883743286,2,4717.0,5114.51953125,19720.1015625
130.9123842716217,2,4652.0,5203.84375,19754.1015625
131.93939638137817,2,4674.3,5307.37109375,19834.1015625
132.966388463974,2,4673.3,5313.03125,19834.1015625
133.9933784008026,2,4716.8,5297.38671875,19834.1015625
135.02039098739624,2,4658.4,5287.2265625,19834.1015625
136.0463809967041,2,4660.2,5182.6328125,19834.1015625
137.06737780570984,2,4659.4,5097.52734375,19850.1015625
138.09438061714172,2,4705.0,5255.8125,19910.1015625
139.12137866020203,2,4645.8,5399.95703125,19910.1015625
140.14938378334045,2,4655.7,5381.23046875,19910.1015625
141.17637968063354,2,4660.2,5429.68359375,19910.1015625
142.20338487625122,2,4718.0,5388.42578125,19910.1015625
143.22838687896729,2,4693.3,5392.48046875,19926.1015625
144.2538025379181,2,4641.8,5353.8984375,19926.1015625
145.28038096427917,2,4665.4,5339.12109375,19954.1015625
146.30838561058044,2,4686.2,5356.26953125,20036.1015625
147.33537578582764,2,4683.6,5337.515625,20036.1015625
148.3603813648224,2,4649.1,5544.87109375,20192.1015625
149.38938426971436,2,4672.2,5659.32421875,20332.1015625
150.41637778282166,2,4692.9,5761.74609375,20458.1015625
151.44338536262512,2,4704.9,5884.92578125,20642.1015625
152.462388753891,2,4650.2,5798.4765625,20642.1015625
153.48938035964966,2,4635.3,5728.69921875,20642.1015625
154.51737904548645,2,4662.7,5815.90234375,20642.1015625
155.5443835258484,2,4701.3,5876.22265625,20694.1015625
156.57083559036255,2,4636.7,6098.01953125,20698.1015625
157.59838461875916,2,4666.3,6921.734375,21648.1015625
158.6253800392151,2,4663.3,7524.76171875,21900.1015625
159.65338325500488,2,4685.8,7918.21484375,22476.1015625
160.68038845062256,2,4621.1,8000.01953125,22492.1015625
161.70738554000854,2,4657.3,8126.77734375,22492.1015625
162.73438382148743,2,4642.5,8618.40234375,22942.1015625
163.76138544082642,2,4684.1,8768.25390625,23434.1015625
164.78965020179749,2,4680.2,8744.125,23458.1015625
165.81737899780273,2,4647.6,8656.30078125,23458.1015625
166.8419485092163,2,4641.9,8655.28515625,23478.1015625
167.86938428878784,2,4688.0,8632.80078125,23570.1015625
168.89538502693176,2,4659.9,8558.45703125,23570.1015625
169.92238569259644,2,4659.6,8543.515625,23570.1015625
170.95101642608643,2,4660.2,8513.53125,23594.1015625
171.980384349823,2,4697.0,8588.3125,23626.1015625
173.00996351242065,2,4675.1,8726.13671875,23802.1015625
174.03138399124146,2,4645.3,8757.6015625,23830.1015625
175.05838251113892,2,4665.3,8868.93359375,23830.1015625
176.08737802505493,2,4709.6,8842.6875,23830.1015625
177.11438822746277,2,4664.6,8741.08203125,23830.1015625
178.13885760307312,2,4640.8,8643.31640625,23830.1015625
179.1664981842041,2,4648.1,8653.73046875,23858.1015625
180.1985673904419,2,4704.0,8568.1796875,23858.1015625
181.22438263893127,2,4693.9,8555.1484375,23858.1015625
182.24894642829895,2,4633.3,8476.8046875,23858.1015625
183.27638125419617,2,4673.0,8583.1171875,23886.1015625
184.30338525772095,2,4660.9,8545.8515625,23886.1015625
185.3303849697113,2,4691.0,8510.890625,23886.1015625
186.35538291931152,2,4668.0,8542.78515625,23886.1015625
187.38138222694397,2,4677.0,8552.5625,23886.1015625
188.40938663482666,2,4654.6,8709.078125,23906.1015625
189.43638730049133,2,4720.1,8655.1875,23906.1015625
190.46338176727295,2,4645.4,8600.42578125,23906.1015625
191.4893834590912,2,4665.2,8617.47265625,23906.1015625
192.51638507843018,2,4651.0,8614.5546875,23962.1015625
193.5433852672577,2,4684.6,8613.59765625,23962.1015625
194.5703797340393,2,4650.8,8506.98046875,23962.1015625
195.59668135643005,2,4639.5,8471.0625,23962.1015625
196.62437748908997,2,4664.8,8612.390625,23962.1015625
197.652419090271,2,4692.1,8512.4375,24018.1015625
198.68038487434387,2,4661.9,8485.41015625,24046.1015625
199.70538806915283,2,4634.9,8560.26171875,24106.1015625
200.73238158226013,2,4661.6,8692.86328125,24138.1015625
201.7593846321106,2,4717.3,8994.5703125,24384.1015625
202.78638458251953,2,4655.5,9007.25,24384.1015625
203.81127953529358,2,4616.9,8994.69140625,24384.1015625
204.83837890625,2,4639.9,9033.3125,24384.1015625
205.86539244651794,2,4708.2,9109.37890625,24524.1015625
206.89238595962524,2,4672.2,9291.49609375,24588.1015625
207.92147731781006,2,4646.7,9373.25,24616.1015625
208.94838643074036,2,4666.8,9341.30078125,24636.1015625
209.97438049316406,2,4681.1,9265.6796875,24636.1015625
211.00138688087463,2,4683.3,9167.01171875,24636.1015625
212.02838158607483,2,4626.4,9077.2890625,24636.1015625
213.05538368225098,2,4652.5,9072.28515625,24636.1015625
214.08338499069214,2,4678.4,8996.77734375,24636.1015625
215.11038422584534,2,4684.2,8998.62109375,24636.1015625
216.13838291168213,2,4633.5,9049.73046875,24636.1015625
217.16437816619873,2,4672.5,9047.53125,24668.1015625
218.19138097763062,2,4674.2,9075.3359375,24720.1015625
219.2183871269226,2,4685.5,9095.3125,24740.1015625
220.24290657043457,2,4629.6,9072.1015625,24740.1015625
221.27138423919678,2,4667.4,9000.48828125,24740.1015625
222.2983796596527,2,4685.0,8930.37890625,24800.1015625
223.3253846168518,2,4701.4,9015.84375,24924.1015625
224.34986972808838,2,4642.3,9194.83984375,24956.1015625
225.37838554382324,2,4644.6,9182.109375,24956.1015625
226.40538477897644,2,4668.8,9184.87890625,24956.1015625
227.4323832988739,2,4682.0,9120.97265625,24956.1015625
228.45738244056702,2,4633.4,9085.19140625,24956.1015625
229.48438429832458,2,4653.6,9018.4765625,24956.1015625
230.51138257980347,2,4644.6,9018.1875,24956.1015625
231.53838324546814,2,4679.0,8979.8828125,24956.1015625
232.56291270256042,2,4655.4,9014.8671875,24956.1015625
233.59038138389587,2,4667.7,9058.51953125,24956.1015625
234.61737966537476,2,4660.8,9216.17578125,25076.1015625
235.63838481903076,2,4707.8,9233.08203125,25076.1015625
236.6633849143982,2,4653.0,9217.85546875,25108.1015625
237.69038224220276,2,4669.7,9142.98828125,25108.1015625
238.71739602088928,2,4652.1,9112.3359375,25108.1015625
239.7443823814392,2,4707.4,9046.4140625,25108.1015625
240.7713806629181,2,4665.6,8948.85546875,25108.1015625
241.79588770866394,2,4641.3,8955.328125,25108.1015625
242.8233823776245,2,4661.9,8933.31640625,25108.1015625
243.85038542747498,2,4685.6,9008.7421875,25140.1015625
244.87738466262817,2,4675.6,9011.08984375,25140.1015625
245.9023790359497,2,4615.0,9161.6875,25220.1015625
246.92938113212585,2,4650.5,9117.64453125,25220.1015625
247.95638346672058,2,4711.2,9187.84765625,25220.1015625
248.98338294029236,2,4668.5,9336.44140625,25288.1015625
250.00803899765015,2,4640.2,9510.19921875,25376.1015625
251.03637981414795,2,4644.8,9582.4140625,25540.1015625
252.0633819103241,2,4710.5,9517.765625,25540.1015625
253.09138083457947,2,4676.6,9589.05859375,25544.1015625
254.11663246154785,2,4633.7,9583.01953125,25544.1015625
255.14438652992249,2,4647.3,9642.6484375,25596.1015625
256.1713852882385,2,4690.4,9626.23828125,25596.1015625
257.19938015937805,2,4704.8,9750.3515625,25620.1015625
258.22438287734985,2,4647.5,9803.7265625,25684.1015625
259.2513813972473,2,4666.1,9792.6015625,25684.1015625
260.2783827781677,2,4668.4,9831.40234375,25744.1015625
261.3053858280182,2,4698.0,9761.109375,25744.1015625
262.3294939994812,2,4657.9,10003.26953125,25812.1015625
263.35548877716064,2,4654.7,9981.99609375,25812.1015625
264.38238286972046,2,4659.5,9985.203125,25860.1015625
265.40938448905945,2,4701.5,9920.03515625,25860.1015625
266.4383821487427,2,4678.9,9813.3828125,25860.1015625
267.46278643608093,2,4627.4,9913.4765625,25864.1015625
268.4892563819885,2,4663.4,9858.06640625,25864.1015625
269.5173923969269,2,4710.5,9883.23828125,25864.1015625
270.5443797111511,2,4690.1,9929.85546875,25892.1015625
271.568647146225,2,4624.7,9964.921875,25924.1015625
272.60038018226624,2,4657.0,10008.74609375,25952.1015625
273.6393859386444,2,4715.1,10013.4296875,25984.1015625
274.6653823852539,2,4659.6,9904.83984375,25984.1015625
275.6908178329468,2,4598.9,9868.83984375,26056.1015625
276.7233831882477,2,4642.0,9818.01171875,26056.1015625
277.750381231308,2,4692.1,10184.3359375,26266.1015625
278.77738523483276,2,4658.2,10566.50390625,26498.1015625
279.80540680885315,2,4638.9,10779.33203125,26498.1015625
280.8323800563812,2,4547.5,10870.12109375,26558.1015625
281.86037731170654,2,4667.8,11094.3203125,26774.1015625
282.88739228248596,2,4670.6,11360.33984375,26858.1015625
283.91238498687744,2,4626.2,11468.40234375,26922.1015625
284.9403862953186,2,4627.8,11482.51953125,26922.1015625
285.9673857688904,2,4691.0,11551.80078125,26926.1015625
286.994389295578,2,4654.4,11581.30859375,26926.1015625
288.01938343048096,2,4627.0,11653.0859375,27114.1015625
289.0473849773407,2,4640.2,12026.59765625,27450.1015625
290.07338309288025,2,4655.6,12242.73046875,27770.1015625
291.1003830432892,2,4652.4,11954.171875,27872.1015625
292.1273903846741,2,4578.4,11934.19140625,27872.1015625
293.1543846130371,2,4645.8,11835.1171875,27900.1015625
294.1813790798187,2,4642.1,12025.9375,27900.1015625
295.20837807655334,2,4677.5,12142.9765625,27960.1015625
296.2328178882599,2,4332.2,12121.17578125,28112.1015625
297.2473855018616,2,4042.2,12222.140625,28152.1015625
298.26113843917847,2,3966.1,12269.29296875,28152.1015625
299.2747175693512,2,3782.0,12371.7265625,28240.1015625
300.2866291999817,2,3563.0,12163.7890625,28240.1015625
301.3003797531128,2,3441.9,12284.2890625,28288.1015625
302.31378626823425,2,3318.6,12501.625,28584.1015625
303.32714772224426,2,3155.0,12486.3671875,28864.1015625
304.33938813209534,2,3022.5,12438.0234375,29180.1015625
305.35194087028503,2,2896.6,11970.11328125,29324.1015625
306.3651876449585,2,2721.8,11911.1796875,29428.1015625
307.3781316280365,2,2577.4,11830.13671875,29552.1015625
308.39117884635925,2,2553.6,11749.66015625,29696.1015625
309.4042353630066,2,2471.5,11843.34375,29828.1015625
310.4174008369446,2,2433.0,11700.85546875,29932.1015625
311.4301481246948,2,2375.2,11378.5,29932.1015625
312.44267201423645,2,2375.5,11178.3671875,29932.1015625
313.4559187889099,2,2373.9,11009.640625,29932.1015625
314.4686198234558,2,2380.9,10902.984375,29932.1015625
315.4817097187042,2,2383.5,11052.5,29932.1015625
316.49489545822144,2,2380.9,11006.61328125,29932.1015625
317.5062880516052,2,2381.9,10727.52734375,29932.1015625
318.5193839073181,2,2342.4,10719.30859375,29932.1015625
319.53240752220154,2,2144.8,10415.51171875,29932.1015625
320.5436592102051,2,2084.2,10278.4453125,29932.1015625
321.55413460731506,2,2086.7,10493.421875,29932.1015625
322.56722831726074,2,2093.4,10463.71484375,29932.1015625
323.5794596672058,2,2012.3,10335.48828125,29932.1015625
324.59072518348694,2,1993.0,10053.1875,29932.1015625
325.6037526130676,2,1948.8,10022.33203125,29932.1015625
326.61511850357056,2,1784.3,9880.62890625,29932.1015625
327.626172542572,2,1551.4,9613.3359375,29932.1015625
328.63493180274963,2,1312.0,9545.6640625,29932.1015625
329.64486837387085,2,1189.1,9282.95703125,30172.1015625
330.6549060344696,2,892.8,8775.79296875,30172.1015625
331.6629467010498,2,725.1,8561.734375,30172.1015625
332.67113494873047,2,527.8,8406.01953125,30172.1015625
333.67910981178284,2,414.6,8272.2890625,30172.1015625
334.6874010562897,2,406.3,8012.796875,30172.1015625
335.69660806655884,2,406.6,7937.91796875,30172.1015625
336.7049446105957,2,406.5,7807.12109375,30172.1015625
337.71354937553406,2,405.7,7829.8984375,30172.1015625
338.7217929363251,2,406.3,7416.87109375,30300.1015625
339.730929851532,2,351.8,7578.6640625,30460.1015625
340.74001383781433,2,307.5,7074.62109375,30652.1015625
341.7481939792633,2,303.5,7057.05078125,30652.1015625
342.7564444541931,2,305.5,6908.01953125,30652.1015625
343.7647204399109,2,304.6,6770.98046875,30652.1015625
344.7727270126343,2,305.8,6623.421875,30652.1015625
345.7800853252411,2,304.3,6523.640625,30652.1015625
346.78909063339233,2,303.4,6593.7578125,30652.1015625
347.79783296585083,2,301.4,6747.2890625,30652.1015625
348.8063225746155,2,300.9,6780.56640625,30652.1015625
349.81661438941956,2,300.6,6784.9921875,30652.1015625
350.8280634880066,2,302.7,6642.44140625,30652.1015625
351.83906269073486,2,301.9,6564.16796875,30652.1015625
352.84915566444397,2,301.7,6754.0078125,30652.1015625
353.8599855899811,2,302.5,6672.89453125,30652.1015625
354.87157130241394,2,300.6,6863.2890625,30652.1015625
355.8829128742218,2,304.5,6633.35546875,30652.1015625
356.89451026916504,2,300.6,6763.53515625,30652.1015625
357.90597796440125,2,301.5,6753.01171875,30652.1015625
358.9176642894745,2,300.7,6595.46484375,30652.1015625
359.9285180568695,2,301.6,6670.046875,30652.1015625
360.9398009777069,2,303.8,6401.25390625,30652.1015625
361.95018696784973,2,302.9,6330.4375,30652.1015625
362.9605448246002,2,302.0,6348.19140625,30652.1015625
363.97055411338806,2,300.9,6557.72265625,30652.1015625
364.9809424877167,2,301.6,6371.83203125,30652.1015625
365.99238753318787,2,300.6,6367.5390625,30652.1015625
367.00361490249634,2,247.2,5958.70703125,30652.1015625
368.014746427536,2,177.4,5727.61328125,30652.1015625
369.0235676765442,2,109.9,5573.453125,30652.1015625
370.03361344337463,2,107.9,5325.0390625,30652.1015625
371.04381251335144,2,110.7,5048.75,30652.1015625
372.05525159835815,2,110.9,4946.796875,30652.1015625
373.06480836868286,2,109.7,4398.4375,30652.1015625
374.0767590999603,2,110.8,4290.328125,30652.1015625
375.0876979827881,2,108.9,3967.24609375,30652.1015625
376.0981984138489,2,104.8,3843.77734375,30652.1015625
377.10961389541626,2,102.8,3754.703125,30652.1015625
378.12091422080994,2,102.9,3665.859375,30652.1015625
379.1313178539276,2,103.8,3562.05859375,30652.1015625
380.1427159309387,2,99.9,3523.83203125,30652.1015625
381.15339946746826,2,101.0,3478.67578125,30652.1015625
382.1635525226593,2,101.0,3467.76171875,30652.1015625
383.1736488342285,2,102.0,3411.8984375,30652.1015625
384.1839418411255,2,99.9,3401.46484375,30652.1015625
385.194974899292,2,99.9,3394.24609375,30652.1015625
386.20570850372314,2,99.9,3390.88671875,30652.1015625
387.2164113521576,2,99.1,3390.88671875,30652.1015625
388.2254045009613,2,100.9,3385.06640625,30652.1015625
389.23638796806335,2,99.9,3385.06640625,30652.1015625
390.24748158454895,2,243.1,1735.36328125,30708.1015625
391.2593021392822,2,586.0,2219.1953125,30852.10546875
392.26956963539124,2,102.9,2190.0078125,30852.1640625
393.28070092201233,2,103.0,2326.56640625,31060.1875
394.29140877723694,2,136.4,2571.32421875,31564.1875
395.3022997379303,2,1839.6,3415.01953125,31564.1875
396.31453680992126,2,448.8,5672.49609375,39244.2734375
397.32609391212463,2,1967.5,3310.7421875,31564.1875
398.3389801979065,2,809.8,3517.05078125,42828.21875
399.3493709564209,2,3586.5,4887.265625,42828.21875
400.37637186050415,2,4529.2,6298.76171875,42828.21875
401.39132475852966,2,2880.5,6692.81640625,42828.21875
402.4015908241272,2,2419.3,6791.90625,42828.21875
403.4122061729431,2,1010.1,3981.23046875,42828.21875
404.4243745803833,2,3582.4,5722.0390625,42828.21875
405.4363751411438,2,4491.2,7494.7890625,42828.21875
406.46123790740967,2,3102.2,7686.62890625,42828.21875
407.46789383888245,2,3570.5,8333.48828125,42828.21875
408.48157691955566,2,2385.0,8457.3359375,42828.21875
409.49485445022583,2,2982.2,8533.6875,42828.21875
410.50736784935,2,2261.7,3424.68359375,40780.1875
411.53171014785767,2,4633.4,3320.5078125,40780.1875
412.55924463272095,2,4683.9,3229.20703125,40780.1875
413.57537055015564,2,4256.2,3277.83203125,40780.1875
414.59637451171875,2,4641.5,3260.8984375,40780.1875
415.6161267757416,2,2084.5,3247.328125,40808.1875
416.6244857311249,2,101.1,3164.5859375,40808.1875
417.63298296928406,2,100.0,3130.16015625,40808.1875
418.64293479919434,2,124.9,3459.35546875,40882.20703125
419.65146470069885,2,100.1,3840.43359375,40882.20703125
420.7550799846649,2,100.6,4154.5546875,40882.20703125
421.76362204551697,4,1.0,4476.30078125,41215.69140625
422.77193331718445,4,100.2,4706.30078125,41456.74609375
423.7798640727997,4,100.1,4907.9375,41671.1328125
424.78900957107544,4,102.0,5090.03125,41867.84375
425.79881477355957,4,99.1,5413.14453125,42206.22265625
426.8076882362366,4,99.1,5764.83984375,42557.87890625
427.8163990974426,4,100.9,6078.2578125,42880.14453125
428.8274416923523,4,99.9,6419.0,43227.91796875
429.83845710754395,4,99.8,6761.38671875,43570.29296875
430.8501365184784,4,98.9,7091.35546875,43906.22265625
431.86080145835876,4,99.9,7421.54296875,44243.3125
432.87180256843567,4,99.8,7769.5859375,44591.359375
433.8836395740509,4,99.9,8120.30078125,44942.11328125
434.89512729644775,4,100.0,8455.0,45277.01171875
435.904904127121,4,99.8,8790.34765625,45612.42578125
436.91665387153625,4,99.8,9141.51171875,45963.56640625
437.92847752571106,4,99.9,9492.44140625,46314.578125
438.9399597644806,4,100.1,9825.56640625,46647.671875
439.9485869407654,4,99.9,10162.6796875,46984.76171875
440.9598717689514,4,98.9,10511.6328125,47336.2890625
441.9708888530731,4,100.0,10861.953125,47686.52734375
442.9812524318695,4,99.9,11192.67578125,48017.30078125
443.99221420288086,4,100.9,11533.34765625,48358.0
445.00359869003296,4,99.0,11885.72265625,48710.30078125
446.01399326324463,4,99.9,12236.91796875,49061.5703125
447.02486634254456,4,100.1,12564.2578125,49388.86328125
448.0340039730072,4,100.4,12909.0,49733.6875
449.0499269962311,4,99.8,13261.953125,50086.6328125
450.06197571754456,4,98.9,13612.21484375,50436.87109375
451.0734016895294,4,99.9,13928.1484375,50752.8203125
452.0840721130371,4,99.8,14278.69140625,51103.31640625
453.0963034629822,4,99.9,14407.94921875,51232.609375
454.1069722175598,4,99.9,14415.46875,51248.6015625
455.1180188655853,4,99.8,14775.37890625,51655.58203125
456.1305139064789,4,100.8,4067.40625,40889.26953125
457.1425919532776,5,0.0,4496.51171875,41520.5546875
458.15526723861694,2,6.9,4062.4296875,41056.4921875
459.1648018360138,2,372.6,3544.10546875,41394.22265625
460.19005489349365,2,1917.7,4976.5078125,46002.31640625
461.2003707885742,2,4553.5,5124.671875,46002.31640625
462.2273669242859,2,4690.5,5156.671875,46002.31640625
463.2460865974426,2,2666.5,5645.17578125,48050.34765625
464.2540850639343,2,100.1,6041.1796875,48050.34765625
465.26304149627686,2,99.2,6453.1796875,48050.34765625
466.2712233066559,4,42.6,6747.67578125,48329.5546875
467.27974367141724,4,99.2,7077.14453125,48658.91796875
468.28781390190125,4,100.1,7419.53125,49001.421875
469.29648900032043,4,99.2,7730.22265625,49312.34375
470.304505109787,4,101.2,8071.796875,49653.9609375
471.3128299713135,4,99.2,8412.5859375,49994.66015625
472.32121872901917,4,100.0,8712.26953125,50294.3671875
473.3309540748596,4,99.1,9034.91796875,50617.6640625
474.3396511077881,4,100.8,9354.12109375,50936.8359375
475.3515431880951,4,99.0,9668.921875,51251.65625
476.3659372329712,4,100.5,9982.01171875,51564.76953125
477.37655425071716,4,100.0,10318.7734375,51901.6015625
478.3869688510895,4,98.9,10690.875,52273.625
479.39852023124695,4,100.0,11046.0390625,52629.40625
480.40854024887085,4,100.8,11402.51171875,52985.9609375
481.42057061195374,4,99.5,11775.203125,53358.62890625
482.4353926181793,4,100.0,12147.98046875,53731.42578125
483.44567227363586,4,100.0,12501.890625,54088.8828125
484.45564699172974,4,99.9,12858.859375,54445.82421875
485.4666578769684,4,99.9,13229.80078125,54816.81640625
486.4777009487152,4,99.9,13603.98046875,55191.03125
487.48861050605774,4,99.1,13956.4375,55543.4609375
488.49804496765137,4,99.9,14319.19921875,55906.203125
489.5089921951294,4,100.9,14689.046875,56277.96875
490.52006578445435,4,100.0,15060.82421875,56649.734375
491.5305678844452,4,99.0,15409.9921875,56998.94140625
492.5408751964569,4,99.8,15776.375,57365.29296875
493.5526268482208,4,99.9,16148.7265625,57737.57421875
494.5632703304291,4,99.9,16523.90625,58112.8203125
495.5741844177246,4,100.1,16870.8203125,58459.70703125
496.58353328704834,4,99.8,17239.9765625,58828.89453125
497.59530758857727,4,100.0,17611.93359375,59200.7890625
498.60580039024353,4,99.8,17986.12109375,59575.00390625
499.61733508110046,4,99.8,18329.64453125,59918.5390625
500.62888860702515,4,99.8,18701.515625,60290.43359375
501.6407160758972,4,99.9,19073.0546875,60661.94140625
502.6519215106964,4,98.9,19441.3671875,61030.2265625
503.6632442474365,4,100.9,19559.7265625,61148.5625
504.6745457649231,4,99.8,19561.9296875,61150.8828125
505.6863353252411,4,99.9,19561.9921875,61150.8828125
506.6977038383484,4,99.0,19561.9921875,61150.8828125
507.7073278427124,4,99.8,19771.96875,61566.4765625
508.7192873954773,4,100.8,20177.453125,61879.73828125
509.73119926452637,4,98.9,20187.453125,61879.73828125
510.74211835861206,4,100.0,20016.81640625,61605.64453125
511.7523419857025,5,0.0,6539.84375,48221.82421875
512.7650101184845,5,98.7,7083.51171875,48982.15234375
513.7781631946564,5,99.8,7361.796875,49301.453125
514.7896778583527,2,2.0,6466.33984375,48243.1953125
515.7989182472229,2,99.9,5521.36328125,48755.2265625
516.8096108436584,2,203.1,6601.4296875,48243.1953125
517.8191549777985,2,735.1,6871.12890625,48243.1953125
518.8283705711365,2,174.6,7023.79296875,48243.1953125
519.8365135192871,2,216.3,7042.51171875,48243.1953125
520.8444707393646,2,802.4,7357.4453125,48243.1953125
521.8526413440704,2,1883.4,11217.984375,48243.1953125
522.8593711853027,2,4197.5,13381.51171875,48243.1953125
523.88036942482,2,4552.4,14222.74609375,48243.1953125
524.9013724327087,2,4426.3,14406.97265625,48243.1953125
525.9253134727478,2,3631.7,15395.078125,48243.1953125
526.9700374603271,2,3337.0,14730.2109375,48243.1953125
527.9813876152039,2,2906.9,15373.7734375,48243.1953125
529.0051934719086,2,1990.1,15242.90234375,48243.1953125
530.0136651992798,2,3295.6,15338.5,48243.1953125
531.0265963077545,2,1036.2,8045.98828125,48243.1953125
532.0359477996826,2,178.6,8059.5546875,48243.1953125
533.0439054965973,2,246.8,7790.3984375,48243.1953125
534.0527808666229,2,1078.5,7606.34765625,48243.1953125
535.0606732368469,2,1377.6,9034.49609375,48243.1953125
536.0693712234497,2,3146.2,12988.62109375,48243.1953125
537.0863802433014,2,4541.8,13934.11328125,48243.1953125
538.10737657547,2,4484.3,14196.14453125,54419.1953125
539.1207597255707,2,3599.3,14601.62890625,54419.1953125
540.1299870014191,2,3585.1,14871.16015625,54419.1953125
541.1411521434784,2,2783.4,15426.53125,54419.1953125
542.1513721942902,2,1669.6,15288.33203125,54419.1953125
543.1592092514038,2,3753.2,15354.19921875,54419.1953125
544.1683759689331,2,966.1,8459.5625,54643.1953125
545.1876111030579,2,1013.2,8166.9921875,54643.1953125
546.2031931877136,2,1258.9,8028.0625,54643.1953125
547.2119374275208,2,1049.5,10152.765625,54643.1953125
548.2213740348816,2,4285.4,12367.5234375,54643.1953125
549.2423827648163,2,4537.4,13332.25390625,54643.1953125
550.2726275920868,2,4378.8,13936.2578125,54643.1953125
551.2954173088074,2,3908.5,14797.0703125,54643.1953125
552.3401820659637,2,4023.7,13943.796875,54643.1953125
553.3520467281342,2,2895.9,14402.04296875,54643.1953125
554.3749477863312,2,2645.6,14356.0078125,54643.1953125
555.387925863266,2,2143.5,7067.796875,54643.1953125
556.3973252773285,2,1146.9,8600.6796875,54643.1953125
557.4052786827087,2,1153.2,8088.49609375,54643.1953125
558.413831949234,2,1044.7,7970.609375,54643.1953125
559.4226739406586,2,2705.7,11572.3125,54643.1953125
560.436371088028,2,4433.6,12411.39453125,54643.1953125
561.4463269710541,2,4485.8,13342.53125,54643.1953125
562.4703736305237,2,3796.0,13988.48828125,54643.1953125
563.4944083690643,2,4372.5,14715.24609375,54643.1953125
564.5330030918121,2,3881.8,14256.53125,54643.1953125
565.5410108566284,2,2316.9,14323.91796875,54643.1953125
566.5492587089539,2,3284.4,14339.69140625,54643.1953125
567.5593719482422,2,674.0,8460.41796875,54643.1953125
568.578565120697,2,1256.4,8258.6015625,54643.1953125
569.587087392807,2,1327.6,8058.53125,54643.1953125
570.5948905944824,2,1045.8,9907.9296875,54643.1953125
571.6043748855591,2,4012.4,12417.2734375,54643.1953125
572.625376701355,2,4522.7,13816.40625,54643.1953125
573.6523807048798,2,4365.6,13949.1640625,54643.1953125
574.6784112453461,2,3782.3,14845.26953125,54643.1953125
575.720954656601,2,4152.1,14026.73828125,54643.1953125
576.7469251155853,2,2862.3,14454.62890625,54643.1953125
577.7593705654144,2,2501.4,14351.47265625,54643.1953125
578.7700192928314,2,2631.2,10851.0625,54643.1953125
579.7774441242218,2,1114.6,8594.703125,54899.1953125
580.7858109474182,2,976.3,8145.30078125,54899.1953125
581.7926626205444,2,1312.6,7922.74609375,54899.1953125
582.801319360733,2,1807.4,10797.015625,54899.1953125
583.8223717212677,2,4398.2,12483.20703125,54899.1953125
584.8429775238037,2,4466.5,12969.49609375,54899.1953125
585.8533792495728,2,4170.0,14251.03125,54899.1953125
586.8704168796539,2,3860.9,14940.71875,54899.1953125
587.9091489315033,2,3893.6,14207.421875,54899.1953125
588.9213733673096,2,2932.5,14643.75390625,54899.1953125
589.9463708400726,2,2623.3,14651.43359375,54899.1953125
590.9607872962952,2,2480.5,13600.2890625,54899.1953125
591.9677805900574,2,1165.1,8666.69140625,54899.1953125
592.9763734340668,2,969.0,8231.87890625,54899.1953125
593.9853708744049,2,1401.1,7973.48828125,54899.1953125
595.000405550003,2,1783.7,10189.203125,54899.1953125
596.027373790741,2,4410.5,11604.0078125,54899.1953125
597.0479335784912,2,4407.8,12612.5234375,54899.1953125
598.061060667038,2,3921.1,13661.44921875,54899.1953125
599.0739009380341,2,4101.6,14448.4296875,54899.1953125
600.1238639354706,2,4033.9,13823.19921875,54899.1953125
601.141480922699,2,2531.9,13980.79296875,54899.1953125
602.1517424583435,2,3367.1,13895.8046875,54899.1953125
603.1618866920471,2,669.6,8452.5859375,54899.1953125
604.1697788238525,2,1354.3,8409.70703125,54899.1953125
605.1784749031067,2,1588.7,8188.99609375,54899.1953125
606.1874616146088,2,997.4,8558.77734375,54899.1953125
607.1963722705841,2,3300.0,11671.9296875,54899.1953125
608.2173793315887,2,4505.0,12634.40625,54899.1953125
609.2426364421844,2,4399.4,13689.74609375,54899.1953125
610.2544085979462,2,3512.6,14517.43359375,54899.1953125
611.2954158782959,2,4389.0,13660.95703125,54899.1953125
612.3063294887543,2,3032.3,14139.4921875,54899.1953125
613.3156492710114,2,2330.9,13919.43359375,54899.1953125
614.3263964653015,2,3060.6,14064.66796875,54899.1953125
615.3383719921112,2,1394.2,8630.41015625,54899.1953125
616.3482265472412,2,797.4,8333.33203125,54899.1953125
617.3551890850067,2,1155.1,8181.3125,54899.1953125
618.3637022972107,2,1487.8,10141.59375,54899.1953125
619.376371383667,2,4355.3,11687.78515625,54899.1953125
620.3983776569366,2,4457.1,12477.078125,54899.1953125
621.411520242691,2,4115.7,13657.98828125,54899.1953125
622.4216024875641,2,3963.8,13694.171875,54899.1953125
623.4308125972748,2,4197.3,13644.98828125,54899.1953125
624.4423749446869,2,2783.1,13951.2578125,54899.1953125
625.467369556427,2,2866.6,13941.5390625,54899.1953125
626.4828515052795,2,1531.8,7678.78125,54899.1953125
627.4906935691833,2,1428.1,8960.6328125,54899.1953125
628.4997026920319,2,1036.9,8234.9765625,54899.1953125
629.5127854347229,2,1231.3,8098.08984375,54899.1953125
630.5224094390869,2,2156.9,11670.25390625,54899.1953125
631.5453720092773,2,4378.4,12566.55078125,54899.1953125
632.5667762756348,2,4368.6,13163.4765625,54899.1953125
633.5835537910461,2,4072.3,14369.6171875,54899.1953125
634.5944504737854,2,3999.5,15101.125,54899.1953125
635.637749671936,2,3918.1,14336.78515625,54899.1953125
636.6493875980377,2,2848.6,14719.8203125,54899.1953125
637.6758165359497,2,2644.4,14736.765625,54899.1953125
638.687736749649,2,2160.9,7790.75,55411.203125
639.6964085102081,2,1450.3,8678.95703125,54899.1953125
640.7052609920502,2,976.9,7878.28515625,54899.1953125
641.7138466835022,2,1277.6,10618.58203125,54899.1953125
642.7216958999634,2,3824.7,13186.58984375,54899.1953125
643.7343776226044,2,4489.1,13741.52734375,54899.1953125
644.7593166828156,2,4398.2,13323.58984375,54899.1953125
645.7738530635834,2,4054.0,14511.3984375,54899.1953125
646.7844099998474,2,4151.7,15468.58203125,54899.1953125
647.8294131755829,2,4368.3,15383.50390625,54899.1953125
648.8790259361267,2,4083.8,14635.9296875,54899.1953125
649.8913733959198,2,2877.4,15015.7109375,54899.1953125
650.9152636528015,2,2900.0,15063.65234375,54899.1953125
651.9256660938263,2,1882.0,7264.4609375,54899.1953125
652.9363820552826,2,1637.7,7628.25,54899.1953125
653.9504151344299,2,2931.4,12506.26953125,54899.1953125
654.9955070018768,2,4483.2,13016.22265625,54899.1953125
656.0173723697662,2,4333.9,12710.90234375,54899.1953125
657.0384142398834,2,4155.8,13603.33203125,54899.1953125
658.0884091854095,2,4529.1,13481.20703125,54899.1953125
659.1369516849518,2,4231.7,12983.01953125,54899.1953125
660.1448445320129,2,2489.6,13190.390625,54899.1953125
661.1528143882751,2,2217.8,7110.16015625,55411.203125
662.161404132843,2,1548.7,6905.19140625,54899.1953125
663.170440196991,2,2604.2,12316.015625,54899.1953125
664.1903698444366,2,4462.0,12855.859375,54899.1953125
665.211373090744,2,4418.3,12542.57421875,54899.1953125
666.232405424118,2,4130.8,13526.07421875,54899.1953125
667.2724103927612,2,4550.0,13503.046875,54899.1953125
668.3165991306305,2,4226.4,12764.82421875,54899.1953125
669.3281564712524,2,2846.5,13145.71875,54899.1953125
670.3379755020142,2,2330.4,13492.82421875,54899.1953125
671.3442251682281,2,230.8,7219.72265625,54899.1953125
672.3539781570435,2,1324.7,7920.2578125,54899.1953125
673.3648099899292,2,804.9,7499.82421875,54899.1953125
674.3760328292847,2,2470.9,8977.32421875,54899.1953125
675.3843727111816,2,4257.0,10680.41015625,54899.1953125
676.404699087143,2,4429.2,12055.625,54899.1953125
677.422027349472,2,3983.7,13217.18359375,54899.1953125
678.4374208450317,2,4192.7,14006.9453125,54899.1953125
679.460372209549,2,3618.9,13679.171875,54899.1953125
680.4702751636505,2,2085.6,13675.3984375,54899.1953125
681.4788405895233,2,3169.0,13795.20703125,54899.1953125
682.4869883060455,2,438.0,7504.19140625,54899.1953125
683.4962110519409,2,824.4,8643.5546875,54899.1953125
684.5055656433105,2,1083.4,7977.1953125,54899.1953125
685.5143473148346,2,2680.0,8337.5625,54899.1953125
686.5243737697601,2,3715.5,10588.765625,54899.1953125
687.544935464859,2,4403.7,11845.53515625,54899.1953125
688.5608539581299,2,4118.6,12992.63671875,54899.1953125
689.5764150619507,2,4131.4,13852.8515625,54899.1953125
690.6418702602386,2,3416.3,13554.21875,54899.1953125
691.654661655426,2,2207.4,13432.45703125,54899.1953125
692.6625258922577,2,2977.5,13503.265625,54899.1953125
693.6703720092773,2,1064.1,8846.9609375,54899.1953125
694.683201789856,2,1084.3,8282.51953125,54899.1953125
695.6930885314941,2,1140.3,8076.8515625,54899.1953125
696.7024617195129,2,2436.5,8088.15234375,54899.1953125
697.711373090744,2,3575.8,10379.703125,54899.1953125
698.7263808250427,2,4523.0,12783.4453125,54899.1953125
699.7463762760162,2,4396.6,12830.12890625,54899.1953125
700.7686245441437,2,3398.0,13054.0,54899.1953125
701.7768404483795,2,3693.1,13600.7109375,54899.1953125
702.7893145084381,2,2081.7,13583.31640625,54899.1953125
703.7979335784912,2,3485.8,13549.66796875,54899.1953125
704.8089921474457,2,566.9,8282.78125,54899.1953125
705.8178641796112,2,1618.1,8316.04296875,54899.1953125
706.8264598846436,2,1032.4,8120.88671875,54899.1953125
707.8383731842041,2,1679.9,7929.56640625,54899.1953125
708.9101269245148,2,2974.0,10566.23828125,54899.1953125
709.9223709106445,2,4255.8,11523.4453125,54899.1953125
710.9453754425049,2,4683.8,14432.796875,54899.1953125
711.970376253128,2,4153.3,14521.7265625,54899.1953125
712.9953782558441,2,3606.0,14909.5390625,54899.1953125
714.0113956928253,2,3441.4,15113.21875,54899.1953125
715.0367817878723,2,3479.8,16101.02734375,54899.1953125
716.0447432994843,2,2039.1,16069.25,54899.1953125
717.0543785095215,2,2842.2,16285.4609375,54899.1953125
718.0665907859802,2,1963.1,16477.3828125,54899.1953125
719.0753703117371,2,1088.5,8665.109375,55219.1953125
720.0944130420685,2,1194.2,8244.0390625,55219.1953125
721.1034660339355,2,1185.4,8084.5234375,55219.1953125
722.1123631000519,2,2173.9,7868.046875,55219.1953125
723.1433753967285,2,3187.9,10839.04296875,55219.1953125
724.1640133857727,2,4358.3,12117.5234375,55219.1953125
725.1770601272583,2,4175.6,12561.09765625,55219.1953125
726.1903748512268,2,4348.4,14479.0390625,55219.1953125
727.2094621658325,2,3104.0,14888.55859375,55219.1953125
728.216700553894,2,3759.4,15057.78125,55219.1953125
729.2284157276154,2,2601.4,15938.74609375,55219.1953125
730.2365682125092,2,1677.5,15781.703125,55219.1953125
731.2435114383698,2,3641.7,16168.7109375,55219.1953125
732.2525715827942,2,632.7,7496.30859375,55219.1953125
733.2626671791077,2,1550.3,8965.4609375,55219.1953125
734.2713732719421,2,626.4,8161.42578125,55219.1953125
735.2805333137512,2,1319.9,7948.17578125,55219.1953125
736.2888517379761,2,2610.0,9314.2421875,55219.1953125
737.3063788414001,2,4348.9,10850.5390625,55219.1953125
738.3260545730591,2,4406.6,11990.55078125,55219.1953125
739.3370761871338,2,4138.9,13256.203125,55219.1953125
740.3492295742035,2,3509.2,13358.05078125,55219.1953125
741.3636627197266,2,3206.0,13973.55078125,55219.1953125
742.370646238327,2,2066.6,13818.87890625,55219.1953125
743.3792080879211,2,3231.3,13932.66015625,55219.1953125
744.3857715129852,2,1467.9,8807.3828125,55219.1953125
745.3933455944061,2,788.1,8336.28515625,55219.1953125
746.4008483886719,2,1232.3,8032.67578125,55219.1953125
747.4079120159149,2,3120.4,9655.5859375,55219.1953125
748.4223828315735,2,4393.8,11146.4609375,55219.1953125
749.4488346576691,2,4478.2,11896.76171875,55219.1953125
750.4623720645905,2,4354.7,13302.12109375,55219.1953125
751.4763855934143,2,3188.6,13800.76953125,55219.1953125
752.5020999908447,2,3900.9,14306.75,55219.1953125
753.5125501155853,2,1980.5,14365.87109375,55219.1953125
754.525336265564,2,2799.4,14460.12890625,55219.1953125
755.5367357730865,2,1843.2,7465.625,55219.1953125
756.545140504837,2,1517.8,9403.87109375,55219.1953125
757.5545001029968,2,865.4,8251.4609375,55219.1953125
758.5633730888367,2,772.1,8152.44140625,55219.1953125
759.572318315506,2,2241.4,7826.5859375,55219.1953125
760.6093726158142,2,3471.1,10142.5390625,55219.1953125
761.6326639652252,2,4554.0,12719.26171875,55219.1953125
762.6743776798248,2,4273.8,12877.00390625,55219.1953125
763.6993782520294,2,3634.6,13164.58984375,55219.1953125
764.7253706455231,2,3598.0,13642.546875,55219.1953125
765.7451591491699,2,1839.2,13828.6953125,55219.1953125
766.7563750743866,2,3166.0,13923.203125,55219.1953125
767.7692506313324,2,890.1,7954.125,55219.1953125
768.7781028747559,2,1614.3,8258.35546875,55219.1953125
769.7873764038086,2,944.8,8064.2890625,55219.1953125
770.7973229885101,2,608.0,7920.515625,55731.2265625
771.8093717098236,2,2782.3,7794.00390625,55219.1953125
772.8243713378906,2,3507.9,10162.3203125,55219.1953125
773.8423800468445,2,4636.1,12959.171875,55219.1953125
774.8713891506195,2,4335.6,12825.296875,55219.1953125
775.8954741954803,2,3374.9,13164.2578125,55219.1953125
776.9219629764557,2,3545.3,13787.3359375,55219.1953125
777.9305064678192,2,1690.9,13791.77734375,55219.1953125
778.94002866745,2,3390.1,13993.76171875,55219.1953125
779.9482960700989,2,451.0,8328.55859375,55219.1953125
780.9588215351105,2,1730.3,8273.6796875,55219.1953125
781.9671406745911,2,752.4,8073.6953125,55219.1953125
782.9795861244202,2,957.9,7930.9375,55219.1953125
783.9924030303955,2,3002.7,9174.48828125,55219.1953125
785.0053770542145,2,4394.3,10827.2890625,55219.1953125
786.0307030677795,2,4408.9,11311.4296875,55219.1953125
787.0383689403534,2,4279.2,12997.74609375,55219.1953125
788.05118227005,2,3013.3,13300.0,55219.1953125
789.0618090629578,2,3697.6,13993.91015625,55219.1953125
790.0730535984039,2,1691.7,13977.2421875,55219.1953125
791.081591129303,2,3492.6,14026.1875,55219.1953125
792.0888240337372,2,585.9,8144.171875,55219.1953125
793.0975046157837,2,1658.1,8299.09375,55219.1953125
794.1053249835968,2,969.2,8133.29296875,55219.1953125
795.1262392997742,2,1681.9,7996.28515625,55219.1953125
796.1643717288971,2,3517.8,10390.82421875,55219.1953125
797.1853773593903,2,4425.0,12204.2109375,55219.1953125
798.2132377624512,2,4306.4,12932.76953125,55219.1953125
799.2349634170532,2,3766.5,13261.5,55219.1953125
800.2427718639374,2,3856.3,13608.984375,55219.1953125
801.2530925273895,2,2480.9,13832.8828125,55219.1953125
802.2633769512177,2,2769.4,13830.39453125,55219.1953125
803.2760498523712,2,1655.2,7923.2734375,55219.1953125
804.285436630249,2,1565.5,9146.234375,55219.1953125
805.2943751811981,2,721.1,8320.4765625,55219.1953125
806.3043899536133,2,1311.1,8073.109375,55219.1953125
807.3123905658722,2,3056.8,9955.9375,55219.1953125
808.3263776302338,2,4336.0,11300.75390625,55219.1953125
809.3483788967133,2,4298.0,12396.0234375,55219.1953125
810.3633806705475,2,3996.7,13453.484375,55219.1953125
811.3743851184845,2,3414.1,13624.98828125,55219.1953125
812.3870122432709,2,3040.2,14060.3046875,55219.1953125
813.395890712738,2,2036.4,14011.8046875,55219.1953125
814.4039916992188,2,3266.2,14118.7421875,55219.1953125
815.418370962143,2,1446.3,9095.078125,55219.1953125
816.4343736171722,2,725.8,8484.125,55219.1953125
817.4428334236145,2,1088.1,8306.03125,55219.1953125
818.4509875774384,2,2337.2,8288.2265625,55219.1953125
819.4613690376282,2,3368.5,10968.43359375,55219.1953125
820.4801654815674,2,4465.4,12969.3671875,55219.1953125
821.5020747184753,2,4265.7,13378.7109375,55219.1953125
822.5213680267334,2,3898.8,14372.7890625,55219.1953125
823.5689733028412,2,3489.4,13966.1484375,55219.1953125
824.5851547718048,2,2300.2,14117.515625,55219.1953125
825.5958471298218,2,2854.9,14122.1953125,55219.1953125
826.6102714538574,2,1652.2,7959.90234375,55219.1953125
827.6196959018707,2,1558.9,9261.69140625,55219.1953125
828.6280739307404,2,719.6,8459.17578125,55219.1953125
829.6355469226837,2,1304.8,8153.44921875,55219.1953125
830.6433794498444,2,2345.7,9706.65234375,55219.1953125
831.6573760509491,2,4296.9,11538.17578125,55219.1953125
832.6733810901642,2,4509.6,13602.55859375,55219.1953125
833.6883749961853,2,4409.9,14401.75390625,55219.1953125
834.7146775722504,2,4154.0,15161.84375,55219.1953125
835.7222077846527,2,3122.9,15481.45703125,55219.1953125
836.749372959137,2,3677.8,15870.15234375,55219.1953125
837.769672870636,2,2535.7,16355.0625,55219.1953125
838.7773733139038,2,1701.7,16290.8515625,55219.1953125
839.788667678833,2,3591.7,16574.36328125,55219.1953125
840.7975308895111,2,636.5,7877.3046875,55219.1953125
841.806188583374,2,1603.8,9217.36328125,55219.1953125
842.8138256072998,2,711.6,8430.91796875,55603.1953125
843.8227672576904,2,1204.8,8245.83203125,55603.1953125
844.8311879634857,2,2319.6,8706.953125,55603.1953125
845.8413717746735,2,3842.7,10736.734375,55603.1953125
846.8623797893524,2,4519.6,13558.1484375,55603.1953125
847.8863723278046,2,4346.0,13658.33203125,55603.1953125
848.9087955951691,2,3604.3,13866.78515625,55603.1953125
849.9187712669373,2,3574.0,14263.8359375,55603.1953125
850.9333937168121,2,2198.7,14344.625,55603.1953125
851.9403696060181,2,3173.1,14313.3671875,55603.1953125
852.9519419670105,2,1122.5,8473.234375,55603.1953125
853.959445476532,2,1646.2,9298.640625,55603.1953125
854.9672586917877,2,667.8,8464.31640625,55603.1953125
855.975063085556,2,1294.6,8183.41015625,55603.1953125
856.9838843345642,2,2812.7,10001.41015625,55603.1953125
857.9983787536621,2,4371.4,11360.29296875,55603.1953125
859.0243752002716,2,4449.3,12438.36328125,55603.1953125
860.0429539680481,2,4051.2,13506.26171875,55603.1953125
861.0539140701294,2,3316.1,13567.29296875,55603.1953125
862.0648574829102,2,3104.0,14135.9296875,55603.1953125
863.088371515274,2,2025.9,14072.4765625,55603.1953125
864.1002063751221,2,3224.8,14157.9609375,55603.1953125
865.10737657547,2,1298.7,9462.1875,55603.1953125
866.1265347003937,2,1029.1,8636.7265625,55603.1953125
867.1429278850555,2,1139.8,8411.8515625,55603.1953125
868.1523759365082,2,2371.5,8213.63671875,55603.1953125
869.2023735046387,2,3139.1,11390.8203125,55603.1953125
870.2233779430389,2,4386.6,12658.1953125,55603.1953125
871.2489819526672,2,4385.3,13060.03515625,55603.1953125
872.2623748779297,2,4352.2,14966.328125,55603.1953125
873.2827415466309,2,3639.0,15170.0703125,55603.1953125
874.302761554718,2,3068.8,15371.30078125,55603.1953125
875.3142774105072,2,3008.1,16278.12109375,55603.1953125
876.3252353668213,2,2095.0,16185.84375,55603.1953125
877.3322672843933,2,3552.7,16277.43359375,55603.1953125
878.3448033332825,2,928.2,7969.296875,55603.1953125
879.353090763092,2,1662.2,8895.6171875,55603.1953125
880.3613703250885,2,411.0,8305.48828125,55603.1953125
881.3688385486603,2,895.1,8181.58984375,55603.1953125
882.3791823387146,2,2087.7,7997.10546875,55603.1953125
883.4143736362457,2,3471.4,10613.7734375,55603.1953125
884.4233813285828,2,4451.6,12921.58984375,55603.1953125
885.449373960495,2,4302.3,13318.51953125,55603.1953125
886.4703814983368,2,3460.0,13580.17578125,55603.1953125
887.4840834140778,2,3525.2,14159.4453125,55603.1953125
888.491213798523,2,1942.8,13997.578125,55603.1953125
889.5017857551575,2,3510.9,14150.92578125,55603.1953125
890.5093727111816,2,935.3,9361.46484375,55603.1953125
891.524142742157,2,1283.1,8934.06640625,55603.1953125
892.5333013534546,2,1106.1,8725.5859375,55603.1953125
893.541276216507,2,2473.6,11253.9375,55603.1953125
894.5623733997345,2,4388.3,12149.265625,55603.1953125
895.5827615261078,2,4484.8,13346.8984375,55603.1953125
896.5975248813629,2,3830.3,14486.6640625,55603.1953125
897.6114175319672,2,4597.4,15023.09375,55603.1953125
898.6563732624054,2,3540.6,14532.86328125,55603.1953125
899.6711173057556,2,2297.9,14636.40625,55603.1953125
900.6833686828613,2,3225.5,14553.97265625,55603.1953125
901.6915855407715,2,1118.8,9279.74609375,55603.1953125
902.7105362415314,2,1342.9,8774.6640625,55603.1953125
903.7240130901337,2,1144.3,8572.46875,55603.1953125
904.7341916561127,2,2714.1,13023.22265625,55603.1953125
905.7783734798431,2,4382.1,14289.37109375,55603.1953125
906.8013803958893,2,4534.0,15517.5234375,55603.1953125
907.8273773193359,2,4327.9,15043.3046875,55603.1953125
908.8526802062988,2,4118.0,15856.37890625,55603.1953125
909.8974089622498,2,4432.1,15810.59765625,55603.1953125
910.9364106655121,2,4277.7,14979.61328125,55603.1953125
911.9459047317505,2,3032.8,15585.05859375,55603.1953125
912.9563708305359,2,2562.4,15564.7109375,55603.1953125
913.9675223827362,2,2602.7,15710.82421875,55603.1953125
914.9780242443085,2,1749.8,8941.703125,55603.1953125
915.9865851402283,2,775.2,8450.41796875,55603.1953125
916.9953911304474,2,1712.7,10223.09375,55603.1953125
918.0043733119965,2,4158.8,12410.7265625,55603.1953125
919.0253801345825,2,4557.6,13911.56640625,55603.1953125
920.0523726940155,2,4323.4,14678.67578125,55603.1953125
921.0734071731567,2,4003.7,15350.3125,55603.1953125
922.0995094776154,2,3702.7,14654.66796875,55603.1953125
923.1066098213196,2,3134.6,15110.2890625,55603.1953125
924.1170475482941,2,2318.1,14893.09765625,55603.1953125
925.1282477378845,2,3003.9,15011.14453125,55603.1953125
926.1403698921204,2,1456.7,9521.7265625,55603.1953125
927.1595816612244,2,1120.8,8576.203125,55603.1953125
928.1676621437073,2,1518.9,10302.5078125,55603.1953125
929.1763713359833,2,4257.6,12099.14453125,55603.1953125
930.1969032287598,2,4455.3,12787.02734375,55603.1953125
931.2065365314484,2,4162.0,13909.6953125,55603.1953125
932.2194056510925,2,4242.6,14551.28125,55603.1953125
933.259373664856,2,3788.6,13999.05078125,55603.1953125
934.2793414592743,2,2507.9,14165.859375,55603.1953125
935.2897548675537,2,3106.9,14211.55078125,55603.1953125
936.2993724346161,2,874.3,9100.61328125,55603.1953125
937.3142094612122,2,1589.4,8678.44140625,55603.1953125
938.3293695449829,2,1704.3,8563.98046875,55603.1953125
939.3539843559265,2,2995.2,12310.56640625,55603.1953125
940.3613791465759,2,4540.7,12883.86328125,55603.1953125
941.3873703479767,2,4370.3,14505.26953125,55603.1953125
942.4104073047638,2,3982.7,15308.34765625,55603.1953125
943.4525265693665,2,4252.9,14426.92578125,55603.1953125
944.4682207107544,2,3343.3,14984.5078125,55603.1953125
945.4770874977112,2,2210.4,14740.41796875,55603.1953125
946.4864277839661,2,3068.0,14759.01953125,55603.1953125
947.495368719101,2,1391.6,9874.77734375,55603.1953125
948.5100383758545,2,1311.9,8984.9453125,55603.1953125
949.5191526412964,2,1601.0,9850.640625,55603.1953125
950.5273280143738,2,2765.2,13656.6171875,55603.1953125
951.5733706951141,2,4484.3,14392.6953125,55603.1953125
952.592187166214,2,4555.2,16289.44921875,55603.1953125
953.6193826198578,2,4353.4,15156.3359375,55603.1953125
954.6402606964111,2,4125.0,16006.7421875,55603.1953125
955.6900370121002,2,4447.0,15978.609375,55603.1953125
956.7297911643982,2,4131.7,15131.99609375,55603.1953125
957.7413778305054,2,2939.8,15625.57421875,55603.1953125
958.7633748054504,2,2809.6,15695.79296875,55603.1953125
959.7744393348694,2,1746.3,7787.16015625,55603.1953125
960.7827107906342,2,1725.8,9805.765625,55603.1953125
961.7926392555237,2,906.3,8705.3046875,55603.1953125
962.8000380992889,2,1345.1,11831.00390625,55603.1953125
963.8088481426239,2,4246.2,14308.5625,55603.1953125
964.8164901733398,2,4569.1,14534.62109375,55603.1953125
965.8416376113892,2,4494.8,14160.578125,55603.1953125
966.8692529201508,2,4040.5,15299.171875,55603.1953125
967.8784143924713,2,4488.3,16035.2265625,55603.1953125
968.920910358429,2,4459.2,15977.19921875,55603.1953125
969.9653706550598,2,3640.8,15293.03515625,55603.1953125
970.9767465591431,2,2819.9,15717.01171875,55603.1953125
971.9863414764404,2,3068.1,15731.59765625,55603.1953125
972.9983706474304,2,1737.1,8265.10546875,55603.1953125
974.0175309181213,2,2121.9,8082.0390625,55603.1953125
975.0288739204407,2,2174.5,8669.671875,55603.1953125
976.0387887954712,2,1610.1,8090.84765625,57458.36328125
977.046716928482,2,983.8,8462.546875,55410.34765625
978.0593917369843,2,2974.2,10373.234375,55410.34765625
979.0718245506287,2,4185.3,11877.98828125,55410.34765625
980.0943801403046,2,4555.7,16836.45703125,62618.34765625
981.1201467514038,2,4100.2,15232.5234375,62618.34765625
982.134580373764,2,3877.8,15409.94140625,62618.34765625
983.1466443538666,2,2835.1,15575.828125,62618.34765625
984.1563727855682,2,3235.1,16403.1015625,62618.34765625
985.1764562129974,2,2066.2,16854.64453125,62618.34765625
986.1840128898621,2,1360.9,16736.08203125,62618.34765625
987.190710067749,2,4020.5,17147.5390625,62618.34765625
988.1990723609924,2,634.7,8091.8828125,64666.36328125
989.2073857784271,2,874.7,8935.71875,62618.34765625
990.2157602310181,2,3008.8,9105.76171875,62618.34765625
991.2290723323822,2,3051.6,12655.44921875,62618.34765625
992.2427275180817,2,4268.9,13296.2265625,62618.34765625
993.2544658184052,2,4596.9,18048.7578125,70810.34765625
994.2806811332703,2,4470.9,22196.33984375,70858.34765625
995.2923812866211,2,4245.8,17664.9453125,70858.34765625
996.3113780021667,2,4372.1,18829.00390625,70858.34765625
997.3360702991486,2,3488.0,19181.75,70858.34765625
998.3443837165833,2,3590.0,19452.01953125,70858.34765625
999.3723721504211,2,2746.4,19644.046875,70858.34765625
1000.384391784668,2,3963.5,20807.625,70858.34765625
1001.4048550128937,2,1434.7,20916.77734375,70858.34765625
1002.4133884906769,2,1572.6,20876.3515625,70858.34765625
1003.4223692417145,2,2577.3,21079.00390625,70858.34765625
1004.4396297931671,2,3418.0,21341.65625,70858.34765625
1005.4488279819489,2,594.4,8538.76171875,72906.36328125
1006.4565298557281,2,997.3,8682.890625,70858.34765625
1007.4653704166412,2,2610.2,10529.16015625,70858.34765625
1008.4763724803925,2,4419.6,12503.8203125,70858.34765625
1009.4953758716583,2,4339.1,15199.03515625,70858.34765625
1010.5213754177094,2,4564.2,20359.27734375,70858.34765625
1011.5483832359314,2,4356.6,17239.546875,70858.34765625
1012.5743823051453,2,4359.9,18378.171875,70858.34765625
1013.5985224246979,2,3638.0,18712.25,70858.34765625
1014.6063807010651,2,3238.1,19030.6328125,70858.34765625
1015.6325941085815,2,3534.1,19191.7109375,70858.34765625
1016.6437613964081,2,3570.4,20435.73046875,70858.34765625
1017.6583721637726,2,1230.7,20228.515625,70858.34765625
1018.6668465137482,2,1457.6,20210.12890625,70858.34765625
1019.6753726005554,2,3762.3,20398.2421875,70858.34765625
1020.6873860359192,2,1845.9,20733.5390625,70858.34765625
1021.6959664821625,2,664.5,8122.6953125,70858.34765625
1022.7043585777283,2,2331.9,8812.3671875,70858.34765625
1023.7543878555298,2,3070.5,12102.23046875,70858.34765625
1024.7713708877563,2,4179.6,12760.87890625,70858.34765625
1025.7923774719238,2,4557.8,17563.34765625,70858.34765625
1026.818383693695,2,4578.0,18665.71484375,70858.34765625
1027.8326745033264,2,4206.3,18201.18359375,70858.34765625
1028.8443734645844,2,4347.2,18497.53125,70858.34765625
1029.8678228855133,2,3439.1,18699.7421875,70858.34765625
1030.8773832321167,2,3181.9,18968.578125,70858.34765625
1031.8893780708313,2,3819.5,19674.05859375,70858.34765625
1032.9119691848755,2,2248.6,20302.50390625,70858.34765625
1033.9298913478851,2,1500.7,20200.04296875,70858.34765625
1034.9393758773804,2,2040.2,20315.6484375,70858.34765625
1035.9480693340302,2,3867.8,20563.03515625,70858.34765625
1036.9562640190125,2,639.6,8361.8046875,72906.36328125
1037.9647190570831,2,958.5,8705.765625,70858.34765625
1038.9747216701508,2,2443.7,10533.6484375,70858.34765625
1039.98437333107,2,4358.6,12536.3984375,70858.34765625
1041.0082869529724,2,4425.0,15316.03125,70858.34765625
1042.034378528595,2,4611.9,19695.83203125,70858.34765625
1043.0649681091309,2,4287.0,15802.59375,70858.34765625
1044.083379983902,2,4400.4,18274.5078125,70858.34765625
1045.1081855297089,2,3879.3,18576.66015625,70858.34765625
1046.1153819561005,2,3262.8,18898.08984375,70858.34765625
1047.1413714885712,2,3052.1,19016.9140625,70858.34765625
1048.151712179184,2,3896.2,20198.7578125,70858.34765625
1049.1596400737762,2,1297.5,20227.65234375,70858.34765625
1050.1683704853058,2,1507.9,20175.7734375,70858.34765625
1051.1757743358612,2,3451.4,20339.734375,70858.34765625
1052.187736749649,2,2210.1,20667.15234375,70858.34765625
1053.1969423294067,2,535.6,8149.19140625,70858.34765625
1054.2053129673004,2,1021.8,9298.16015625,70858.34765625
1055.2143321037292,2,3480.2,10216.30078125,70858.34765625
1056.2233757972717,2,3206.1,13936.66015625,70858.34765625
1057.237119436264,2,4287.5,14646.53515625,70858.34765625
1058.2553803920746,2,4519.0,18584.125,70858.34765625
1059.2823779582977,2,4538.4,23191.34765625,70858.34765625
1060.3083708286285,2,4155.2,16849.99609375,70858.34765625
1061.3243761062622,2,4327.6,20486.41796875,70858.34765625
1062.3453736305237,2,4433.1,20653.41015625,70858.34765625
1063.3663873672485,2,3239.9,20894.60546875,70858.34765625
1064.3983917236328,2,3575.4,21120.82421875,70858.34765625
1065.4251668453217,2,2896.3,21222.3359375,70858.34765625
1066.4343736171722,2,4008.4,22182.00390625,70858.34765625
1067.4547972679138,2,1430.1,22601.73828125,70858.34765625
1068.4629957675934,2,1177.6,22581.8046875,70858.34765625
1069.4718763828278,2,1401.4,22514.4140625,70858.34765625
1070.4793796539307,2,3029.0,22782.2734375,70858.34765625
1071.4940450191498,2,2956.3,22960.3359375,70858.34765625
1072.5029301643372,2,594.2,8269.4609375,72906.36328125
1073.5109877586365,2,739.1,9111.84375,70858.34765625
1074.5193996429443,2,2350.2,9550.33984375,70858.34765625
1075.5753803253174,2,2720.9,12870.79296875,70858.34765625
1076.5933725833893,2,4410.7,14431.73828125,70858.34765625
1077.605388879776,2,4398.7,16527.91015625,70858.34765625
1078.6323745250702,2,4580.3,21030.7265625,70858.34765625
1079.6583626270294,2,4430.4,24609.5546875,70858.34765625
1080.6873264312744,2,4222.0,19072.76953125,70858.34765625
1081.708378791809,2,4393.7,20479.95703125,70858.34765625
1082.7326440811157,2,4011.7,20845.74609375,70858.34765625
1083.7462232112885,2,3036.3,21017.796875,70858.34765625
1084.7565019130707,2,3174.8,21184.66796875,70858.34765625
1085.7653691768646,2,3867.9,21744.0,70858.34765625
1086.7764978408813,2,2657.2,22632.296875,70858.34765625
1087.784166097641,2,1076.7,22583.2421875,70858.34765625
1088.7918531894684,2,1451.9,22577.3984375,70858.34765625
1089.8003730773926,2,1647.4,22656.0234375,70858.34765625
1090.8113400936127,2,4253.3,22708.16796875,70858.34765625
1091.822529554367,2,1007.6,23117.73828125,70858.34765625
1092.83181142807,2,447.8,8267.5234375,70858.34765625
1093.838950395584,2,1016.7,9262.42578125,70858.34765625
1094.8482103347778,2,3372.6,10667.609375,70858.34765625
1095.858380317688,2,3551.8,14169.9375,70858.34765625
1096.887377500534,2,4320.4,14647.34375,70858.34765625
1097.9083824157715,2,4489.6,18789.15625,70858.34765625
1098.9353749752045,2,4524.1,23242.5859375,70858.34765625
1099.9613707065582,2,4242.9,16791.54296875,70858.34765625
1100.9753715991974,2,4337.1,20382.9765625,70858.34765625
1101.9943408966064,2,4434.9,20517.17578125,70858.34765625
1103.0163893699646,2,3264.2,20796.0390625,70858.34765625
1104.0483853816986,2,3656.3,21030.06640625,70858.34765625
1105.07852768898,2,2882.0,21178.16015625,70858.34765625
1106.092371225357,2,4024.6,22132.97265625,70858.34765625
1107.105019569397,2,1145.2,22584.0078125,70858.34765625
1108.1142883300781,2,1167.0,22587.203125,70858.34765625
1109.1228442192078,2,1342.1,22537.1953125,70858.34765625
1110.1323766708374,2,2799.1,22662.39453125,70858.34765625
1111.1435770988464,2,3203.3,22922.046875,70858.34765625
1112.1533110141754,2,661.6,7799.90234375,72906.36328125
1113.1599333286285,2,693.4,8914.296875,70858.34765625
1114.168374300003,2,2037.1,9538.40234375,70858.34765625
1115.2134191989899,2,2703.4,12063.734375,70858.34765625
1116.2353715896606,2,4404.5,14386.390625,70858.34765625
1117.2543897628784,2,4386.7,16635.27734375,70858.34765625
1118.2835495471954,2,4584.7,21006.68359375,70858.34765625
1119.3093824386597,2,4464.8,24898.8984375,70858.34765625
1120.3323903083801,2,4251.5,19053.92578125,70858.34765625
1121.3463807106018,2,4356.1,20459.8828125,70858.34765625
1122.3748290538788,2,4345.7,20671.80859375,70858.34765625
1123.3853857517242,2,2996.0,20849.984375,70858.34765625
1124.4162602424622,2,2805.1,21136.59765625,70858.34765625
1125.4383716583252,2,3585.3,21463.56640625,70858.34765625
1126.454383134842,2,3172.8,22568.078125,70858.34765625
1127.4711408615112,2,883.5,22518.5859375,70858.34765625
1128.479596376419,2,1368.8,22492.3984375,70858.34765625
1129.4878759384155,2,1175.1,22418.375,70858.34765625
1130.4963698387146,2,3946.2,22633.36328125,70858.34765625
1131.5077028274536,2,2005.9,22949.96484375,70858.34765625
1132.5160977840424,2,463.3,7485.12109375,70858.34765625
1133.5241105556488,2,951.9,9224.05859375,70858.34765625
1134.533371925354,2,3163.7,9520.44921875,70858.34765625
1135.5723745822906,2,2508.8,13271.08984375,70858.34765625
1136.5938882827759,2,4293.4,14571.765625,70858.34765625
1137.6143810749054,2,4507.4,17573.5,70858.34765625
1138.6413822174072,2,4605.7,22083.25,70858.34765625
1139.668378353119,2,4012.1,22190.703125,70858.34765625
1140.6953814029694,2,4352.8,19757.6015625,70858.34765625
1141.71338224411,2,4417.1,20485.77734375,70858.34765625
1142.7386209964752,2,3591.6,20910.3515625,70858.34765625
1143.74937582016,2,3214.2,21067.20703125,70858.34765625
1144.7751531600952,2,3177.1,21237.171875,70858.34765625
1145.7833771705627,2,3661.0,21724.6171875,70858.34765625
1146.793569803238,2,2328.4,22640.84765625,70858.34765625
1147.8032307624817,2,1098.3,22507.2109375,70858.34765625
1148.8140134811401,2,1505.8,22478.7265625,70858.34765625
1149.823382616043,2,1718.2,22620.62109375,70858.34765625
1150.8340718746185,2,4164.5,22653.1328125,70858.34765625
1151.844866991043,2,952.7,23020.3359375,70858.34765625
1152.853481054306,2,489.1,8211.39453125,70858.34765625
1153.8614265918732,2,1052.2,9249.48046875,70858.34765625
1154.8688719272614,2,3459.1,10336.48828125,70858.34765625
1155.8793771266937,2,2603.0,14209.56640625,70858.34765625
1156.8983738422394,2,3990.2,15863.91015625,70858.34765625
1157.919382095337,2,4385.1,16632.7265625,70858.34765625
1158.9443876743317,2,4508.7,21430.734375,70858.34765625
1160.0023136138916,2,4384.4,25556.78515625,81098.34765625
1161.0293781757355,2,4605.5,30854.58984375,81154.34765625
1162.0543756484985,2,3939.6,19561.734375,81154.34765625
1163.0663757324219,2,4417.7,23762.7265625,81154.34765625
1164.0933723449707,2,3868.3,24784.4609375,81154.34765625
1165.1143884658813,2,4146.0,25134.25390625,81154.34765625
1166.134755373001,2,3533.9,25377.35546875,81154.34765625
1167.1418280601501,2,2815.5,25575.22265625,81154.34765625
1168.1513850688934,2,4030.1,25784.6171875,81154.34765625
1169.17737865448,2,2662.0,25794.57421875,81154.34765625
1170.2027969360352,2,3574.6,26797.15234375,81154.34765625
1171.211370229721,2,2748.5,27993.56640625,81154.34765625
1172.226270198822,2,1211.1,28363.546875,81154.34765625
1173.235158443451,2,1070.1,28225.8203125,81154.34765625
1174.2416877746582,2,1397.6,28290.13671875,81154.34765625
1175.249873161316,2,955.9,28219.3671875,81154.34765625
1176.2603771686554,2,2575.2,28846.1171875,81154.34765625
1177.273089170456,2,4031.8,28827.3203125,81154.34765625
1178.280719280243,2,788.1,29353.38671875,81154.34765625
1179.2895014286041,2,766.8,29677.55078125,81154.34765625
1180.2975902557373,2,452.2,7921.375,81154.34765625
1181.306370973587,2,2339.9,8645.38671875,81154.34765625
1182.3393745422363,2,3308.6,11369.375,81154.34765625
1183.359380722046,2,4519.7,15083.4921875,81154.34765625
1184.3863763809204,2,4421.8,14342.265625,81154.34765625
1185.4053814411163,2,4180.4,15366.1171875,81154.34765625
1186.430382013321,2,2905.7,15655.7109375,81154.34765625
1187.457374572754,2,3477.0,16352.9921875,81154.34765625
1188.478370666504,2,1866.5,16800.79296875,81154.34765625
1189.4873740673065,2,1407.8,16963.6328125,81154.34765625
1190.5053737163544,2,3671.6,17179.15234375,81154.34765625
1191.516958475113,2,567.6,9326.734375,83202.36328125
1192.5253736972809,2,1513.4,8812.828125,81154.34765625
1193.5863723754883,2,3348.7,11494.23046875,81154.34765625
1194.606379032135,2,4530.4,14169.71875,81154.34765625
1195.6327826976776,2,4319.2,13412.796875,81154.34765625
1196.6563816070557,2,4198.4,15325.1875,81154.34765625
1197.6772396564484,2,3168.0,15581.14453125,81154.34765625
1198.6853702068329,2,3565.1,15898.671875,81154.34765625
1199.69708776474,2,2389.0,16776.0078125,81154.34765625
1200.7041096687317,2,1470.2,16682.74609375,81154.34765625
1201.7107446193695,2,3573.2,16821.33203125,81154.34765625
1202.7237825393677,2,896.5,17197.44140625,81154.34765625
1203.7316553592682,2,649.7,8817.6875,81154.34765625
1204.7403810024261,2,1607.7,9685.625,81154.34765625
1205.7948608398438,2,2385.2,12383.4140625,81154.34765625
1206.8044545650482,2,4301.0,15289.69921875,81154.34765625
1207.8143737316132,2,4087.1,16006.421875,81154.34765625
1208.835377216339,2,4555.0,19399.1484375,81154.34765625
1209.8613758087158,2,4563.7,23398.828125,81154.34765625
1210.8833787441254,2,4436.4,27746.27734375,81154.34765625
1211.911764383316,2,4137.3,26454.56640625,81154.34765625
1212.9293835163116,2,4112.8,21530.8515625,81154.34765625
1213.967854499817,2,4172.8,24581.1484375,81154.34765625
1214.9865636825562,2,4238.4,24830.46484375,81154.34765625
1216.0073800086975,2,4376.2,25016.30859375,81154.34765625
1217.0233881473541,2,3251.2,25309.0703125,81154.34765625
1218.0543756484985,2,3027.4,25628.33984375,81154.34765625
1219.07848072052,2,3336.7,25604.46875,81154.34765625
1220.0922982692719,2,3754.0,26346.8046875,81154.34765625
1221.103390455246,2,2833.5,27489.79296875,81154.34765625
1222.1111533641815,2,1254.4,28146.1640625,81154.34765625
1223.1197392940521,2,1013.3,28083.40234375,81154.34765625
1224.1273345947266,2,1086.0,28185.62109375,81154.34765625
1225.1355743408203,2,1237.0,28085.125,81154.34765625
1226.1437056064606,2,922.8,28201.078125,81154.34765625
1227.1536345481873,2,3768.0,28572.8671875,81154.34765625
1228.1633887290955,2,2869.6,29125.10546875,81154.34765625
1229.172010421753,2,576.1,29367.80859375,81154.34765625
1230.180692434311,2,608.0,21337.0234375,81154.34765625
1231.1888575553894,2,635.5,8670.25390625,81154.34765625
1232.1983723640442,2,2400.0,9420.9765625,81154.34765625
1233.2413942813873,2,2716.1,13054.5,81154.34765625
1234.2563722133636,2,4292.4,14252.3515625,81154.34765625
1235.277333498001,2,4534.9,17473.37890625,81154.34765625
1236.3033802509308,2,4596.1,22646.19140625,81154.34765625
1237.3248870372772,2,4197.2,16793.59765625,81154.34765625
1238.3433740139008,2,4291.4,20158.75390625,81154.34765625
1239.3643717765808,2,4412.6,20359.57421875,81154.34765625
1240.385395526886,2,3350.6,20602.10546875,81154.34765625
1241.4103915691376,2,3367.4,20646.39453125,81154.34765625
1242.422375202179,2,3208.8,21022.625,81154.34765625
1243.4338965415955,2,3459.4,22143.96484375,81154.34765625
1244.4425632953644,2,1207.2,22119.42578125,81154.34765625
1245.4524643421173,2,1535.1,22018.60546875,81154.34765625
1246.4633758068085,2,3181.8,22119.6875,81154.34765625
1247.4828946590424,2,2621.1,22384.05078125,81154.34765625
1248.4947640895844,2,522.4,7895.83984375,81154.34765625
1249.5033993721008,2,895.2,9809.96484375,81154.34765625
1250.5143730640411,2,2559.8,9984.4609375,81154.34765625
1251.5707819461823,2,2258.3,12885.1875,81154.34765625
1252.5827231407166,2,4234.8,16110.5546875,81154.34765625
1253.5922603607178,2,4315.3,16571.94140625,81154.34765625
1254.6043820381165,2,4501.9,19616.67578125,81154.34765625
1255.6293115615845,2,4509.9,23602.296875,81154.34765625
1256.6573765277863,2,4460.6,28837.515625,81154.34765625
1257.6838324069977,2,4320.2,28206.3984375,81154.34765625
1258.7080430984497,2,3909.2,21174.44140625,81154.34765625
1259.724393606186,2,4437.5,24873.7265625,81154.34765625
1260.7423839569092,2,4014.1,25503.73046875,81154.34765625
1261.7671608924866,2,4099.6,25788.87890625,81154.34765625
1262.7893733978271,2,2932.9,26107.65234375,81154.34765625
1263.8031780719757,2,2790.8,26218.4765625,81154.34765625
1264.8123791217804,2,3887.0,26379.76953125,81154.34765625
1265.8416311740875,2,2558.0,26400.2109375,81154.34765625
1266.8487644195557,2,4039.6,27314.70703125,81154.34765625
1267.8573679924011,2,2693.4,28489.515625,81154.34765625
1268.8774178028107,2,1200.8,28824.4921875,81154.34765625
1269.8853702545166,2,973.2,28850.65234375,81154.34765625
1270.9001965522766,2,803.1,28990.64453125,81154.34765625
1271.908774614334,2,1514.3,28890.61328125,81154.34765625
1272.9192397594452,2,656.8,28870.1875,81154.34765625
1273.9273743629456,2,2978.3,29372.484375,81154.34765625
1274.9429211616516,2,4020.7,29355.4609375,81154.34765625
1275.9508225917816,2,810.6,29881.88671875,81154.34765625
1276.9587087631226,2,832.5,30233.67578125,81154.34765625
1277.9653887748718,2,222.2,7933.01953125,81154.34765625
1278.9735264778137,2,1026.9,9492.95703125,81154.34765625
1279.9833676815033,2,3180.9,9725.05859375,81154.34765625
1281.0164651870728,2,2254.0,13479.01953125,81154.34765625
1282.029372215271,2,4236.7,15708.765625,81154.34765625
1283.0503747463226,2,4316.5,16187.6015625,81154.34765625
1284.0749711990356,2,4544.5,21221.37109375,81154.34765625
1285.1023795604706,2,4486.7,25441.4140625,81154.34765625
1286.1283769607544,2,4481.1,30268.46875,81154.34765625
1287.1673789024353,2,4128.3,21753.4453125,81154.34765625
1288.1903789043427,2,4284.9,23236.65234375,81154.34765625
1289.217369556427,2,3806.3,24872.65625,81154.34765625
1290.2393708229065,2,4220.2,25063.59765625,81154.34765625
1291.2617545127869,2,3785.7,25360.49609375,81154.34765625
1292.2715423107147,2,2990.2,25529.8046875,81154.34765625
1293.27938580513,2,3321.2,25851.4921875,81154.34765625
1294.306078195572,2,2809.7,25774.3125,81154.34765625
1295.3142404556274,2,3900.1,26482.33984375,81154.34765625
1296.3257887363434,2,2814.7,27605.4609375,81154.34765625
1297.3342986106873,2,1215.6,28281.0546875,81154.34765625
1298.3419616222382,2,1001.8,28248.01171875,81154.34765625
1299.3521547317505,2,1139.0,28351.46875,81154.34765625
1300.3628256320953,2,1256.9,28193.12109375,81154.34765625
1301.373370885849,2,1017.1,28447.375,81154.34765625
1302.3873703479767,2,3863.1,28676.0546875,81154.34765625
1303.4001410007477,2,2706.6,29259.14453125,81154.34765625
1304.4086129665375,2,579.7,29505.2578125,81154.34765625
1305.4177942276,2,596.6,16891.62109375,81154.34765625
1306.426804304123,2,555.6,8861.58984375,81154.34765625
1307.4373760223389,2,1371.4,9739.47265625,81154.34765625
1308.533576965332,2,2917.3,11701.20703125,81154.34765625
1309.5433993339539,2,3872.8,14891.9609375,81154.34765625
1310.561369895935,2,4058.8,16096.6484375,81154.34765625
1311.5803818702698,2,4419.5,19065.0859375,81154.34765625
1312.607373714447,2,4565.2,22923.3828125,81154.34765625
1313.6333751678467,2,4441.1,27036.47265625,81154.34765625
1314.6603791713715,2,4334.3,29447.5703125,81154.34765625
1315.6844100952148,2,3972.8,20376.59765625,81154.34765625
1316.7015755176544,2,4465.2,24245.8828125,81154.34765625
1317.7113819122314,2,4272.2,24678.765625,81154.34765625
1318.7361652851105,2,3957.8,25065.9375,81154.34765625
1319.7553884983063,2,2971.3,25368.55859375,81154.34765625
1320.7883882522583,2,3093.0,25644.875,81154.34765625
1321.8197379112244,2,3669.3,25640.60546875,81154.34765625
1322.8303694725037,2,3011.0,25961.0859375,81154.34765625
1323.8413739204407,2,3633.6,27236.19140625,81154.34765625
1324.862224817276,2,2169.5,28381.55859375,81154.34765625
1325.870611190796,2,795.1,28361.13671875,81154.34765625
1326.8792383670807,2,1035.6,28225.38671875,81154.34765625
1327.8863439559937,2,1503.7,28181.59375,81154.34765625
1328.8952016830444,2,767.6,28211.98046875,81154.34765625
1329.9021553993225,2,2716.4,28707.7890625,81154.34765625
1330.9120717048645,2,3852.5,28931.359375,81154.34765625
1331.9214127063751,2,787.3,29311.390625,81154.34765625
1332.9296786785126,2,842.1,29660.890625,81154.34765625
1333.937863111496,2,241.0,7950.390625,81154.34765625
1334.9461553096771,2,1063.7,9327.015625,81154.34765625
1335.9569401741028,2,3472.3,9897.67578125,81154.34765625
1336.9653913974762,2,2524.5,14234.12109375,81154.34765625
1337.9803726673126,2,4105.0,15840.9609375,81154.34765625
1339.001380443573,2,4385.4,16863.27734375,81154.34765625
1340.0283741950989,2,4619.7,21503.18359375,81154.34765625
1341.0553777217865,2,4493.1,26106.4453125,81154.34765625
1342.081379890442,2,4323.7,30431.07421875,81154.34765625
1343.1074767112732,2,3865.4,19752.05078125,81154.34765625
1344.1213760375977,2,4519.4,23766.15234375,81154.34765625
1345.1443707942963,2,3820.0,24783.40625,81154.34765625
1346.1653714179993,2,4103.5,25123.875,81154.34765625
1347.1803741455078,2,3503.7,25407.515625,81154.34765625
1348.2013792991638,2,2732.1,25638.69921875,81154.34765625
1349.2273869514465,2,4486.5,25834.88671875,81154.34765625
1350.248379945755,2,2261.6,25831.578125,81154.34765625
1351.2743747234344,2,3827.8,26995.3671875,81154.34765625
1352.2906286716461,2,2578.6,28012.78515625,81154.34765625
1353.2994141578674,2,928.9,28333.65234375,81154.34765625
1354.3080415725708,2,1001.1,28253.99609375,81154.34765625
1355.316927909851,2,1373.7,28298.90234375,81154.34765625
1356.330395936966,2,913.9,28355.91015625,81154.34765625
1357.3403782844543,2,2123.3,28780.015625,81154.34765625
1358.3583717346191,2,4193.9,28788.0234375,81154.34765625
1359.3712301254272,2,1218.0,29299.05859375,81154.34765625
1360.3793730735779,2,716.4,29591.1484375,81154.34765625
1361.3914158344269,2,335.9,7654.2109375,81154.34765625
1362.4005060195923,2,843.1,9734.76171875,81154.34765625
1363.4193708896637,2,1683.6,10116.83203125,81154.34765625
1364.4776921272278,2,3199.1,11827.5625,81154.34765625
1365.4863951206207,2,3567.8,15070.23828125,81154.34765625
1366.500373840332,2,4173.4,16765.21875,81154.34765625
1367.520385503769,2,4376.7,17480.0546875,81154.34765625
1368.5463831424713,2,4553.7,22595.96875,81154.34765625
1369.5723762512207,2,4428.2,26163.2578125,81154.34765625
1370.5983769893646,2,4495.9,31278.96484375,81154.34765625
1371.6243941783905,2,4144.1,26011.68359375,81154.34765625
1372.661297082901,2,4273.2,24424.2265625,81154.34765625
1373.685478925705,2,3781.0,26125.91015625,81154.34765625
1374.6980872154236,2,4230.0,26235.80859375,81154.34765625
1375.7053792476654,2,4108.9,26441.15625,81154.34765625
1376.7295019626617,2,2509.1,26693.1171875,81154.34765625
1377.7433891296387,2,3229.5,26914.09765625,81154.34765625
1378.7700128555298,2,3960.8,26788.6640625,81154.34765625
1379.7779290676117,2,2489.4,26929.953125,81154.34765625
1380.7893731594086,2,3995.3,28207.1875,81154.34765625
1381.8123724460602,2,2837.6,29141.73046875,81154.34765625
1382.8198266029358,2,918.8,29425.6953125,81154.34765625
1383.8266944885254,2,1045.2,29382.20703125,81154.34765625
1384.8383717536926,2,1023.0,29596.55078125,81154.34765625
1385.8584604263306,2,1370.4,29404.578125,81154.34765625
1386.8662796020508,2,677.5,29347.7734375,81154.34765625
1387.8743906021118,2,3250.4,29899.796875,81154.34765625
1388.894479751587,2,3966.0,30022.39453125,81154.34765625
1389.9021887779236,2,812.8,30475.66015625,81154.34765625
1390.9098262786865,2,781.1,30803.9609375,81154.34765625
1391.9188055992126,2,351.0,7830.546875,81154.34765625
1392.9283735752106,2,2432.6,8569.49609375,81154.34765625
1393.9643704891205,2,3337.5,11271.421875,81154.34765625
1394.9773778915405,2,4538.1,14820.51171875,81154.34765625
1396.0033855438232,2,4423.0,14327.84765625,81154.34765625
1397.0186369419098,2,4151.8,15100.15625,81154.34765625
1398.0309011936188,2,2842.9,15380.37890625,81154.34765625
1399.0393736362457,2,3423.8,16103.01953125,81154.34765625
1400.0558407306671,2,1694.2,16654.484375,81154.34765625
1401.064373254776,2,1735.2,16648.23046875,81154.34765625
1402.0829124450684,2,3080.3,16954.19921875,81154.34765625
1403.09211063385,2,575.3,7884.35546875,81154.34765625
1404.1003196239471,2,2187.1,8747.7265625,81154.34765625
1405.157372713089,2,3323.7,11383.19921875,81154.34765625
1406.1783828735352,2,4537.4,14523.8515625,81154.34765625
1407.2044053077698,2,4409.0,13944.9375,81154.34765625
1408.2163796424866,2,4183.2,14970.171875,81154.34765625
1409.2413821220398,2,3062.2,15231.4765625,81154.34765625
1410.2653715610504,2,3405.2,15954.578125,81154.34765625
1411.2855637073517,2,1709.4,16405.28125,81154.34765625
1412.2923755645752,2,1621.6,16538.75,81154.34765625
1413.3130559921265,2,3212.6,16799.25,81154.34765625
1414.321776151657,2,573.5,7717.37890625,83202.36328125
1415.3303725719452,2,918.3,9796.48046875,81154.34765625
1416.3573718070984,2,1726.5,10151.37109375,81154.34765625
1417.4117977619171,2,3018.2,12105.3671875,81154.34765625
1418.4212646484375,2,3764.7,15221.67578125,81154.34765625
1419.4419474601746,2,4046.9,16752.796875,81154.34765625
1420.5224137306213,2,4350.6,18099.39453125,81154.34765625
1421.5383777618408,2,4615.5,22503.203125,81154.34765625
1422.567225933075,2,4395.4,26576.453125,81154.34765625
1423.5791997909546,2,4459.1,31386.10546875,81154.34765625
1424.6062786579132,2,4048.7,20599.8046875,81154.34765625
1425.619993686676,2,4527.6,24370.34375,81154.34765625
1426.636375427246,2,4143.1,25900.34765625,81154.34765625
1427.6563720703125,2,4193.8,26110.015625,81154.34765625
1428.6787750720978,2,3639.3,26373.12109375,81154.34765625
1429.6877155303955,2,3321.6,26595.21484375,81154.34765625
1430.709525346756,2,3027.6,26926.875,81154.34765625
1431.7223794460297,2,3307.8,26930.41015625,81154.34765625
1432.7433733940125,2,3609.0,27454.00390625,81154.34765625
1433.7543725967407,2,3431.9,28634.43359375,81154.34765625
1434.7746770381927,2,1427.1,29544.64453125,81154.34765625
1435.7835400104523,2,753.1,29612.78515625,81154.34765625
1436.7926840782166,2,1031.8,29447.9453125,81154.34765625
1437.8005764484406,2,1382.7,29420.6796875,81154.34765625
1438.8097791671753,2,896.8,29431.19140625,81154.34765625
1439.817458152771,2,1647.6,29593.015625,81154.34765625
1440.8249657154083,2,3973.4,29955.296875,81154.34765625
1441.8358199596405,2,2593.0,30420.92578125,81154.34765625
1442.8441879749298,2,580.1,30650.1015625,81154.34765625
1443.8526828289032,2,604.9,7698.515625,83202.36328125
1444.8610770702362,2,594.2,8992.05859375,81154.34765625
1445.869369983673,2,1284.0,9778.8515625,81154.34765625
1446.9197235107422,2,3281.0,11438.39453125,81154.34765625
1447.9293792247772,2,3662.2,14897.70703125,81154.34765625
1448.9493720531464,2,4084.4,16009.484375,81154.34765625
1449.9663808345795,2,4361.6,18066.49609375,81154.34765625
1450.9923770427704,2,4648.3,22627.36328125,81154.34765625
1452.018369436264,2,4556.4,28572.62109375,81154.34765625
1453.0413718223572,2,4323.4,29876.7890625,81154.34765625
1454.0633730888367,2,4083.6,20472.2734375,81154.34765625
1455.090372800827,2,4228.7,24791.80078125,81154.34765625
1456.1111226081848,2,4395.2,25001.33984375,81154.34765625
1457.1213846206665,2,4361.8,25151.83203125,81154.34765625
1458.1463861465454,2,2971.6,25399.83203125,81154.34765625
1459.1773812770844,2,3513.9,25831.00390625,81154.34765625
1460.204381942749,2,3387.1,25738.44921875,81154.34765625
1461.224289894104,2,3945.9,26479.578125,81154.34765625
1462.2695574760437,2,2538.4,27590.91796875,81154.34765625
1463.2787363529205,2,1297.3,28214.1171875,81154.34765625
1464.2854537963867,2,1053.0,28226.26171875,81154.34765625
1465.2943723201752,2,1153.5,28412.125,81154.34765625
1466.3162548542023,2,1273.0,28226.4375,81154.34765625
1467.3243753910065,2,1725.2,28908.9765625,81154.34765625
1468.34831905365,2,4206.5,28915.01171875,81154.34765625
1469.373425245285,2,1562.8,29288.54296875,81154.34765625
1470.381672859192,2,625.0,29577.578125,81154.34765625
1471.3881323337555,2,416.6,9327.71484375,83202.36328125
1472.3961732387543,2,713.2,9648.75390625,81154.34765625
1473.4042103290558,2,1598.3,10083.7890625,81154.34765625
1474.4596486091614,2,3325.2,11592.5390625,81154.34765625
1475.469407081604,2,3411.9,15198.6015625,81154.34765625
1476.5402355194092,2,4134.3,16740.44921875,81154.34765625
1477.562387228012,2,4376.2,17699.19921875,81154.34765625
1478.5913846492767,2,4532.6,22133.52734375,81154.34765625
1479.6183812618256,2,4554.7,26860.84375,81154.34765625
1480.6443815231323,2,4530.6,31440.30859375,81154.34765625
1481.6713404655457,2,3877.2,20541.5703125,81154.34765625
1482.6833798885345,2,4451.3,24393.3984375,81154.34765625
1483.7123749256134,2,4163.3,26076.34765625,81154.34765625
1484.7333810329437,2,4426.8,26275.33984375,81154.34765625
1485.758000612259,2,3638.0,26543.234375,81154.34765625
1486.7663884162903,2,2868.5,26721.08203125,81154.34765625
1487.797640323639,2,2836.3,26970.7421875,81154.34765625
1488.807380437851,2,3218.3,26922.109375,81154.34765625
1489.8343768119812,2,3582.1,27361.53125,81154.34765625
1490.8463990688324,2,3459.9,28541.12109375,81154.34765625
1491.8552312850952,2,2035.6,29459.39453125,81154.34765625
1492.8632781505585,2,820.0,29504.0390625,81154.34765625
1493.871746301651,2,1024.1,29431.21875,81154.34765625
1494.8795232772827,2,1399.4,29410.859375,81154.34765625
1495.8885116577148,2,889.4,29476.84375,81154.34765625
1496.8983705043793,2,1986.4,30093.83203125,81154.34765625
1497.9203748703003,2,4183.6,30093.83203125,81154.34765625
1498.9410972595215,2,2110.7,30471.1796875,81154.34765625
1499.9495661258698,2,647.3,30722.0390625,81154.34765625
1500.9584650993347,2,429.3,8558.84765625,83202.36328125
1501.9671394824982,2,716.9,9279.4375,81154.34765625
1502.977533340454,2,1719.2,9779.8359375,81154.34765625
1504.024560213089,2,2746.9,12079.78125,81154.34765625
1505.0333786010742,2,4106.3,15070.96875,81154.34765625
1506.0473709106445,2,4092.8,16124.859375,81154.34765625
1507.0683801174164,2,4492.4,18826.76171875,81154.34765625
1508.0953810214996,2,4614.5,23521.9296875,81154.34765625
1509.1213796138763,2,4498.5,28687.04296875,81154.34765625
1510.1473891735077,2,4186.3,27542.9921875,81154.34765625
1511.171418428421,2,4237.9,21936.16796875,81154.34765625
1512.210372686386,2,4238.4,24843.96484375,81154.34765625
1513.2293725013733,2,4377.1,25066.109375,81154.34765625
1514.2503793239594,2,4365.5,25306.515625,81154.34765625
1515.2621626853943,2,3283.7,25547.4765625,81154.34765625
1516.2723853588104,2,3229.5,25999.4921875,81154.34765625
1517.2970354557037,2,3315.4,25938.30078125,81154.34765625
1518.3156609535217,2,3855.3,26789.3515625,81154.34765625
1519.3253698349,2,2683.5,28068.20703125,81154.34765625
1520.3454458713531,2,1129.7,28317.3984375,81154.34765625
1521.3509232997894,2,1109.3,28316.8203125,81154.34765625
1522.3603737354279,2,1510.8,28311.02734375,81154.34765625
1523.3783791065216,2,976.4,28270.97265625,81154.34765625
1524.3873808383942,2,3243.6,28836.98828125,81154.34765625
1525.4143733978271,2,3697.9,29048.68359375,81154.34765625
1526.427970647812,2,663.4,29414.8046875,81154.34765625
1527.4361879825592,2,636.7,26972.97265625,81154.34765625
1528.4444589614868,2,419.6,8540.51953125,81154.34765625
1529.452586889267,2,977.7,9444.05078125,81154.34765625
1530.4600908756256,2,3573.6,10689.796875,81154.34765625
1531.4683916568756,2,3075.0,14345.375,81154.34765625
1532.4823739528656,2,4118.3,15916.94921875,81154.34765625
1533.5033802986145,2,4381.6,17574.1484375,81154.34765625
1534.5336074829102,2,4629.2,22218.1171875,81154.34765625
1535.5597093105316,2,4557.3,27017.69140625,81154.34765625
1536.5873761177063,2,4441.2,28937.32421875,81154.34765625
1537.6153876781464,2,4019.5,20358.48828125,81154.34765625
1538.6431992053986,2,4204.6,24700.2109375,81154.34765625
1539.6563820838928,2,4595.6,24629.0078125,81154.34765625
1540.6813836097717,2,4224.8,25094.0078125,81154.34765625
1541.706386566162,2,3263.2,25343.73828125,81154.34765625
1542.7373745441437,2,3337.5,25737.609375,81154.34765625
1543.7619316577911,2,3578.7,25757.375,81154.34765625
1544.7712712287903,2,3640.4,26315.671875,81154.34765625
1545.7826302051544,2,3105.7,27472.33984375,81154.34765625
1546.7915167808533,2,1233.5,28202.52734375,81154.34765625
1547.798374414444,2,1081.7,28123.0234375,81154.34765625
1548.8073732852936,2,1468.8,28317.09765625,81154.34765625
1549.8235063552856,2,968.0,28338.23828125,81154.34765625
1550.8323719501495,2,2502.0,28687.859375,81154.34765625
1551.8483748435974,2,4106.3,28626.625,81154.34765625
1552.856909275055,2,916.1,29261.57421875,81154.34765625
1553.8653919696808,2,796.6,29601.6953125,81154.34765625
1554.8733739852905,2,330.2,7962.16796875,81154.34765625
1555.8818490505219,2,1054.8,9282.90625,81154.34765625
1556.8906297683716,2,3338.3,10136.19140625,81154.34765625
1557.899376153946,2,3081.9,13860.62109375,81154.34765625
1558.9143741130829,2,4280.3,14646.75390625,81154.34765625
1559.936928987503,2,4498.1,18226.4609375,81154.34765625
1560.9660885334015,2,4616.0,23318.36328125,81154.34765625
1561.9923946857452,2,4334.5,17828.72265625,81154.34765625
1563.0097579956055,2,4348.9,20584.109375,81154.34765625
1564.0303740501404,2,4364.3,20776.8125,81154.34765625
1565.051022052765,2,3104.2,21029.76171875,81154.34765625
1566.0591974258423,2,3580.0,21251.41015625,81154.34765625
1567.0693714618683,2,2871.9,21471.97265625,81154.34765625
1568.0813727378845,2,3966.8,22529.51171875,81154.34765625
1569.1023740768433,2,1432.2,22767.265625,81154.34765625
1570.1100409030914,2,1540.4,22722.515625,81154.34765625
1571.1203699111938,2,1950.0,22846.4921875,81154.34765625
1572.1380620002747,2,4355.1,23052.99609375,81154.34765625
1573.1447961330414,2,637.7,8079.6875,83202.36328125
1574.1530365943909,2,622.0,9109.65625,81154.34765625
1575.1613714694977,2,1388.9,9840.7578125,81154.34765625
1576.216402053833,2,3213.3,11563.44140625,81154.34765625
1577.226378440857,2,3718.7,14957.734375,81154.34765625
1578.2413725852966,2,4045.0,16137.578125,81154.34765625
1579.2623825073242,2,4425.2,18374.4296875,81154.34765625
1580.2893822193146,2,4623.2,22849.14453125,81154.34765625
1581.3213789463043,2,4562.0,28118.53515625,81154.34765625
1582.343384027481,2,4207.9,28619.140625,81154.34765625
1583.3573803901672,2,4232.7,21625.84375,81154.34765625
1584.396371126175,2,4199.1,24820.86328125,81154.34765625
1585.4173743724823,2,4391.1,25004.87890625,81154.34765625
1586.4373815059662,2,4395.9,25142.9140625,81154.34765625
1587.4622724056244,2,3103.1,25431.14453125,81154.34765625
1588.4810190200806,2,3542.3,25857.5546875,81154.34765625
1589.5093796253204,2,3083.7,25772.1953125,81154.34765625
1590.523609161377,2,3884.8,26852.671875,81154.34765625
1591.5329093933105,2,2815.0,27853.8203125,81154.34765625
1592.5411009788513,2,1197.4,28359.0546875,81154.34765625
1593.551373720169,2,1219.7,28149.578125,81154.34765625
1594.5592484474182,2,1630.5,28213.78125,81154.34765625
1595.567509174347,2,1280.1,28370.8125,81154.34765625
1596.57937002182,2,3765.0,28685.21484375,81154.34765625
1597.589148759842,2,2724.1,29193.4296875,81154.34765625
1598.5974006652832,2,578.2,29431.49609375,81154.34765625
1599.6057815551758,2,602.1,8152.49609375,83202.36328125
1600.6138637065887,2,708.3,9082.1171875,81154.34765625
1601.6253736019135,2,1822.1,9665.9375,81154.34765625
1602.684279203415,2,2390.3,12409.32421875,81154.34765625
1603.6964583396912,2,4416.9,15335.0234375,81154.34765625
1604.706374168396,2,4149.3,16068.984375,81154.34765625
1605.7273790836334,2,4510.6,19479.47265625,81154.34765625
1606.7533740997314,2,4608.1,24157.35546875,81154.34765625
1607.779375553131,2,4579.1,28536.55859375,81154.34765625
1608.8063781261444,2,4166.3,22864.55078125,81154.34765625
1609.8324043750763,2,4245.2,23037.06640625,81154.34765625
1610.8583734035492,2,4198.1,24688.25390625,81154.34765625
1611.8824586868286,2,4415.9,24919.703125,81154.34765625
1612.9027903079987,2,3585.8,25287.3125,81154.34765625
1613.9105582237244,2,2818.2,25589.48828125,81154.34765625
1614.918386220932,2,4102.2,25767.81640625,81154.34765625
1615.9467680454254,2,2773.1,25818.23046875,81154.34765625
1616.9729988574982,2,3888.7,26953.078125,81154.34765625
1617.99271774292,2,2607.7,27975.43359375,81154.34765625
1619.0000722408295,2,906.9,28377.55859375,81154.34765625
1620.0089809894562,2,1100.8,28162.24609375,81154.34765625
1621.0203762054443,2,1524.3,28109.61328125,81154.34765625
1622.0284838676453,2,807.4,28222.25390625,81154.34765625
1623.0393748283386,2,3210.0,28745.765625,81154.34765625
1624.068913936615,2,3651.0,28969.4609375,81154.34765625
1625.0824973583221,2,741.0,29342.67578125,81154.34765625
1626.09237074852,2,714.1,29551.0859375,81154.34765625
1627.1013758182526,2,352.2,8445.3984375,81154.34765625
1628.1094329357147,2,929.9,9710.83203125,81154.34765625
1629.1183710098267,2,3716.9,9881.671875,81154.34765625
1630.1853737831116,2,2216.9,13803.265625,81154.34765625
1631.2053713798523,2,4197.3,16021.46484375,81154.34765625
1632.2263805866241,2,4254.1,16493.8359375,81154.34765625
1633.2510657310486,2,4531.5,21181.625,81154.34765625
1634.2783806324005,2,4596.0,25271.296875,81154.34765625
1635.3027713298798,2,4521.8,30122.421875,81154.34765625
1636.3293342590332,2,3971.5,20117.984375,81154.34765625
1637.3423936367035,2,4552.6,24341.93359375,81154.34765625
1638.3663799762726,2,4256.2,25306.2734375,81154.34765625
1639.3903739452362,2,4216.5,25597.01171875,81154.34765625
1640.416208744049,2,3301.2,26006.25,81154.34765625
1641.4313778877258,2,3288.8,26257.43359375,81154.34765625
1642.4583792686462,2,3948.3,26289.41015625,81154.34765625
1643.4853706359863,2,2851.3,26284.58984375,81154.34765625
1644.4993710517883,2,4174.1,27699.3046875,81154.34765625
1645.5196676254272,2,2737.7,28757.86328125,81154.34765625
1646.5265610218048,2,1321.4,28690.25,81154.34765625
1647.5353717803955,2,1683.7,28650.953125,81154.34765625
1648.5473062992096,2,1041.9,28679.4375,81154.34765625
1649.5573709011078,2,3918.0,29367.7265625,81154.34765625
1650.568977355957,2,3514.6,29680.84765625,81154.34765625
1651.5778450965881,2,518.6,29986.05078125,81154.34765625
1652.5864033699036,2,670.8,7868.63671875,83202.36328125
1653.5956614017487,2,877.1,8854.0625,81154.34765625
1654.6046693325043,2,2624.2,9307.34765625,81154.34765625
1655.6143717765808,2,3504.7,12153.0,81154.34765625
1656.6303839683533,2,4423.1,14851.61328125,81154.34765625
1657.6513814926147,2,4517.6,19516.2578125,81154.34765625
1658.661293745041,2,4321.2,16609.37109375,81154.34765625
1659.676372051239,2,4284.9,17535.38671875,81154.34765625
1660.6973824501038,2,3274.5,17812.55859375,81154.34765625
1661.7133812904358,2,3132.5,17909.80078125,81154.34765625
1662.7283716201782,2,3626.9,18649.91796875,81154.34765625
1663.7493736743927,2,2070.5,19248.6640625,81154.34765625
1664.757666349411,2,1543.8,19159.5390625,81154.34765625
1665.7650382518768,2,2437.5,19339.390625,81154.34765625
1666.7767915725708,2,2754.0,19547.10546875,81154.34765625
1667.7867813110352,2,599.4,7948.64453125,81154.34765625
1668.7961020469666,2,1123.8,9080.62109375,81154.34765625
1669.8042809963226,2,2722.3,11272.296875,81154.34765625
1670.8123705387115,2,4114.7,14033.796875,81154.34765625
1671.8353803157806,2,4428.5,15080.89453125,81154.34765625
1672.8613829612732,2,4536.7,19886.2109375,81154.34765625
1673.888380765915,2,4573.1,22193.55859375,81154.34765625
1674.9082627296448,2,4327.7,19452.3828125,81154.34765625
1675.926382780075,2,4394.7,20024.70703125,81154.34765625
1676.9383871555328,2,3384.5,20398.72265625,81154.34765625
1677.9629542827606,2,3553.8,20487.56640625,81154.34765625
1678.9923841953278,2,2959.9,20531.625,81154.34765625
1680.0013728141785,2,4157.8,21443.9765625,81154.34765625
1681.0202105045319,2,1615.2,21887.29296875,81154.34765625
1682.0293707847595,2,1574.2,21726.6328125,81154.34765625
1683.0443787574768,2,1858.1,22072.3828125,81154.34765625
1684.0593883991241,2,4222.6,22194.4765625,81154.34765625
1685.0701036453247,2,630.5,7917.015625,83202.36328125
1686.0786855220795,2,878.7,8875.046875,81154.34765625
1687.0873761177063,2,2842.7,9256.45703125,81154.34765625
1688.1103801727295,2,2780.6,13384.28125,81154.34765625
1689.1433720588684,2,4309.4,14028.328125,81154.34765625
1690.1643764972687,2,4524.4,18452.90625,81154.34765625
1691.1903011798859,2,4608.2,23997.49609375,81154.34765625
1692.216381072998,2,4353.3,18678.06640625,81154.34765625
1693.2403829097748,2,4419.9,19838.48828125,81154.34765625
1694.2651557922363,2,3718.5,20160.46484375,81154.34765625
1695.2723853588104,2,3340.8,20449.67578125,81154.34765625
1696.2991406917572,2,3140.8,20578.39453125,81154.34765625
1697.3093733787537,2,3968.9,21382.99609375,81154.34765625
1698.3289895057678,2,1806.7,21842.421875,81154.34765625
1699.3373732566833,2,1605.5,21728.421875,81154.34765625
1700.3473744392395,2,2267.3,21842.69140625,81154.34765625
1701.359219789505,2,3646.8,22111.9609375,81154.34765625
1702.3684933185577,2,558.0,8858.015625,83202.36328125
1703.377498626709,2,958.5,9012.5546875,81154.34765625
1704.3865113258362,2,2834.1,10180.84765625,81154.34765625
1705.3953733444214,2,3410.2,13611.95703125,81154.34765625
1706.4083812236786,2,4308.4,14080.7578125,81154.34765625
1707.4332399368286,2,4532.5,18697.0390625,81154.34765625
1708.460372686386,2,4545.5,24283.60546875,81154.34765625
1709.4863860607147,2,4274.9,18652.4921875,81154.34765625
1710.518382549286,2,4405.1,19710.875,81154.34765625
1711.5433304309845,2,3440.1,20062.453125,81154.34765625
1712.5663902759552,2,3756.9,20236.33984375,81154.34765625
1713.5786683559418,2,3010.2,20300.18359375,81154.34765625
1714.5929102897644,2,4088.3,21250.5625,81154.34765625
1715.6027765274048,2,1512.4,21520.0,81154.34765625
1716.6111488342285,2,1544.5,21478.5625,81154.34765625
1717.6213910579681,2,2534.2,21677.25390625,81154.34765625
1718.633038520813,2,3219.7,21941.41015625,81154.34765625
1719.6417717933655,2,607.2,9609.109375,83202.36328125
1720.6496224403381,2,1032.5,9018.1640625,81154.34765625
1721.6569323539734,2,2865.1,10433.9921875,81154.34765625
1722.6659264564514,2,3505.1,13819.546875,81154.34765625
1723.6733794212341,2,4364.7,14220.3828125,81154.34765625
1724.6981568336487,2,4533.6,18788.9921875,81154.34765625
1725.7223815917969,2,4550.5,24115.55078125,81154.34765625
1726.7484045028687,2,4347.5,18844.5625,81154.34765625
1727.7633838653564,2,4441.6,20005.38671875,81154.34765625
1728.7882294654846,2,3745.5,20346.41015625,81154.34765625
1729.7961757183075,2,2840.4,20615.7734375,81154.34765625
1730.811380147934,2,3433.4,20684.8671875,81154.34765625
1731.838374376297,2,4029.6,21343.2421875,81154.34765625
1732.8503725528717,2,2041.0,21971.5,81154.34765625
1733.8703725337982,2,1532.8,21892.5078125,81154.34765625
1734.8900985717773,2,1637.8,22016.1875,81154.34765625
1735.9042603969574,2,4475.2,22121.73046875,81154.34765625
1736.9121673107147,2,782.9,21975.8671875,81154.34765625
1737.921198129654,2,884.3,8587.55078125,81154.34765625
1738.9297947883606,2,2277.9,10164.84375,81154.34765625
1739.9409651756287,2,4288.4,12062.64453125,81154.34765625
1740.9523811340332,2,4479.8,15573.76953125,81154.34765625
1741.9783794879913,2,4573.6,16904.89453125,81154.34765625
1743.0033729076385,2,4257.0,17119.45703125,81154.34765625
1744.0243833065033,2,4374.5,17327.875,81154.34765625
1745.0453748703003,2,2614.4,17678.47265625,81154.34765625
1746.0713713169098,2,3373.9,17755.921875,81154.34765625
1747.0873701572418,2,3905.4,18926.61328125,81154.34765625
1748.0953726768494,2,1129.3,18903.53515625,81154.34765625
1749.1022100448608,2,1407.8,18795.48828125,81154.34765625
1750.1123752593994,2,4370.7,19114.32421875,81154.34765625
1751.1358976364136,2,776.3,7729.78515625,83202.36328125
1752.1446025371552,2,901.1,8694.9296875,81154.34765625
1753.153529882431,2,2329.5,10274.6484375,81154.34765625
1754.165760755539,2,4297.7,12182.41796875,81154.34765625
1755.1783831119537,2,4521.0,15391.3203125,81154.34765625
1756.2053837776184,2,4490.1,19388.515625,81154.34765625
1757.219004869461,2,4166.8,17412.31640625,81154.34765625
1758.2297840118408,2,4411.3,17561.20703125,81154.34765625
1759.2379143238068,2,3003.3,17895.1875,81154.34765625
1760.2486624717712,2,3245.9,17972.05859375,81154.34765625
1761.2605657577515,2,3987.6,18894.9375,81154.34765625
1762.2674684524536,2,1431.6,19172.03125,81154.34765625
1763.2765066623688,2,1385.2,19209.0078125,81154.34765625
1764.2853729724884,2,3480.6,19358.8671875,81154.34765625
1765.2970249652863,2,1831.8,19709.44921875,81154.34765625
1766.3040852546692,2,833.8,8423.4921875,81154.34765625
1767.3116595745087,2,2298.2,9466.31640625,81154.34765625
1768.3213753700256,2,3881.4,11489.796875,81154.34765625
1769.338380098343,2,4609.8,15495.55078125,81154.34765625
1770.3645944595337,2,4386.8,14693.19921875,81154.34765625
1771.3756885528564,2,3968.9,15234.40625,81154.34765625
1772.386684179306,2,2923.3,15353.0,81154.34765625
1773.3963973522186,2,3603.5,16156.3125,81154.34765625
1774.4199180603027,2,1646.1,16604.5703125,81154.34765625
1775.4313690662384,2,1455.4,16709.37109375,81154.34765625
1776.4473721981049,2,3584.6,16966.484375,81154.34765625
1777.4598076343536,2,586.9,8933.13671875,83202.36328125
1778.4683747291565,2,2120.9,8526.1328125,81154.34765625
1779.4783804416656,2,2844.2,11078.43359375,81154.34765625
1780.4963710308075,2,3954.0,13159.3984375,81154.34765625
1781.5178706645966,2,4513.0,16074.28125,81154.34765625
1782.5393748283386,2,4213.3,16201.09375,81154.34765625
1783.5623919963837,2,3635.8,16545.50390625,81154.34765625
1784.58882021904,2,3655.0,16650.609375,81154.34765625
1785.5999383926392,2,2854.5,17083.515625,81154.34765625
1786.6063735485077,2,3790.9,18536.8828125,81602.34765625
1787.620194196701,2,2778.7,19066.1796875,81602.34765625
1788.6293728351593,2,2140.8,19232.92578125,81602.34765625
1789.6457328796387,2,4229.5,19413.625,81602.34765625
1790.654539346695,2,623.0,8338.1015625,83650.36328125
1791.6626069545746,2,1993.6,8677.68359375,81602.34765625
1792.6743757724762,2,2714.8,11212.59765625,81602.34765625
1793.7023706436157,2,4201.4,13310.375,81602.34765625
1794.7233757972717,2,4533.9,16408.52734375,81602.34765625
1795.7493779659271,2,4310.7,16351.890625,81602.34765625
1796.7654044628143,2,3577.6,16705.0,81602.34765625
1797.7802851200104,2,3306.4,16770.83984375,81602.34765625
1798.7903213500977,2,2954.0,17182.36328125,81602.34765625
1799.801376581192,2,4430.7,18695.703125,81602.34765625
1800.8219599723816,2,2288.8,19123.55859375,81602.34765625
1801.8302447795868,2,2575.5,19368.51953125,81602.34765625
1802.8492057323456,2,3592.5,19502.75,81602.34765625
1803.857544183731,2,586.7,9472.7890625,83650.36328125
1804.8665783405304,2,2131.7,8721.90625,81602.34765625
1805.875697851181,2,3234.1,11721.2578125,81602.34765625
1806.8843722343445,2,4304.2,13357.33203125,81602.34765625
1807.9053823947906,2,4530.4,17231.73828125,81602.34765625
1808.9263367652893,2,4039.3,16371.046875,81602.34765625
1809.951599597931,2,3655.4,16669.94921875,81602.34765625
1811.0456728935242,2,3245.2,16873.8046875,81602.34765625
1812.0554869174957,2,3530.2,17468.46875,81602.34765625
1813.0673739910126,2,4270.5,18602.27734375,81602.34765625
1814.0779795646667,2,1662.0,18932.62109375,81602.34765625
1815.086214542389,2,3347.6,19164.6875,81602.34765625
1816.0973091125488,2,2636.3,19424.0546875,81602.34765625
1817.1191000938416,2,775.4,8016.09375,81602.34765625
1818.129374742508,2,2554.1,8761.78125,81602.34765625
1819.1735870838165,2,3485.3,13087.89453125,81602.34765625
1820.1853878498077,2,4390.9,13645.02734375,81602.34765625
1821.2106964588165,2,4471.8,13808.71484375,81602.34765625
1822.225375175476,2,4267.4,16472.5078125,81602.34765625
1823.2460203170776,2,3349.9,16691.6875,81602.34765625
1824.2543830871582,2,3019.1,17024.76953125,81602.34765625
1825.2702922821045,2,3676.0,17888.52734375,81602.34765625
1826.2817206382751,2,3905.3,19185.20703125,81602.34765625
1827.2906937599182,2,1430.8,19080.90234375,81602.34765625
1828.3033771514893,2,3756.6,19336.3671875,81602.34765625
1829.324590921402,2,2207.5,19618.71484375,81602.34765625
1830.333236694336,2,1108.0,8308.02734375,81602.34765625
1831.342371225357,2,2642.0,8858.85546875,81602.34765625
1832.3673725128174,2,3401.1,13166.65625,81602.34765625
1833.3883821964264,2,4447.6,14121.5546875,81602.34765625
1834.4139657020569,2,4375.7,14029.65234375,81602.34765625
1835.4253737926483,2,4191.7,16539.76171875,81602.34765625
1836.4463875293732,2,3359.4,16632.29296875,81602.34765625
1837.4733815193176,2,3252.6,16928.6875,81602.34765625
1838.4882361888885,2,4121.0,18093.74609375,81602.34765625
1839.498343706131,2,3321.7,19031.11328125,81602.34765625
1840.5093703269958,2,1379.3,18945.91015625,81602.34765625
1841.5209732055664,2,4451.5,19164.91015625,81602.34765625
1842.5325527191162,2,1320.8,19536.29296875,81602.34765625
1843.540776014328,2,1501.9,8328.9765625,81602.34765625
1844.550276517868,2,2749.5,8946.421875,81602.34765625
1845.5587191581726,2,3605.7,13236.53125,81602.34765625
1846.5703868865967,2,4442.5,14718.11328125,81602.34765625
1847.6007211208344,2,4466.5,15082.81640625,81602.34765625
1848.6133751869202,2,4219.0,16550.09375,81602.34765625
1849.6263763904572,2,3130.5,16722.78125,81602.34765625
1850.6473803520203,2,2875.1,16944.421875,81602.34765625
1851.6623702049255,2,4131.5,18213.7578125,81602.34765625
1852.6734414100647,2,3265.1,19066.3671875,81602.34765625
1853.6861851215363,2,1460.5,19138.27734375,81602.34765625
1854.6973702907562,2,4397.8,19204.76953125,81602.34765625
1855.709050655365,2,1349.8,19613.453125,81602.34765625
1856.7196283340454,2,1682.3,8478.55859375,81602.34765625
1857.7294871807098,2,2433.7,9401.8515625,81602.34765625
1858.7383751869202,2,3974.5,13255.24609375,81602.34765625
1859.7593789100647,2,4453.7,15117.3359375,81602.34765625
1860.78515291214,2,4497.4,15716.43359375,81602.34765625
1861.7986361980438,2,3929.9,16679.16015625,81602.34765625
1862.8085339069366,2,3155.4,16808.3203125,81602.34765625
1863.8171837329865,2,2923.0,17086.15234375,81602.34765625
1864.8277933597565,2,4409.0,18381.8515625,81602.34765625
1865.8352558612823,2,3068.6,19139.85546875,81602.34765625
1866.8432054519653,2,1499.0,19164.26171875,81602.34765625
1867.8573732376099,2,4521.0,19284.9453125,81602.34765625
1868.871253490448,2,1147.6,19686.24609375,81602.34765625
1869.8775923252106,2,1668.7,8491.9453125,81602.34765625
1870.8875260353088,2,2505.0,9479.59375,81602.34765625
1871.8973741531372,2,4072.5,13259.18359375,81602.34765625
1872.9193844795227,2,4457.6,15234.28515625,81602.34765625
1873.9452295303345,2,4448.3,15755.2265625,81602.34765625
1874.959543466568,2,3878.9,16607.5078125,81602.34765625
1875.9693760871887,2,3366.4,16713.8671875,81602.34765625
1877.0037322044373,2,2768.9,16994.91796875,81602.34765625
1878.0107939243317,2,4212.6,18496.61328125,81602.34765625
1879.0201082229614,2,3125.9,19084.41796875,81602.34765625
1880.0303707122803,2,1675.0,19158.45703125,81602.34765625
1881.046374797821,2,4380.4,19224.4921875,81602.34765625
1882.0621600151062,2,1125.6,19633.13671875,81602.34765625
1883.0703773498535,2,1817.1,8520.04296875,81602.34765625
1884.080414056778,2,2324.6,9694.15625,81602.34765625
1885.088371515274,2,4136.8,13248.7265625,81602.34765625
1886.1087334156036,2,4438.3,15336.4296875,81602.34765625
1887.1382212638855,2,4532.9,15850.90234375,81602.34765625
1888.1513822078705,2,3828.4,16623.46875,81602.34765625
1889.1649107933044,2,3332.1,16788.44140625,81602.34765625
1890.1763801574707,2,2715.5,17001.29296875,81602.34765625
1891.1893727779388,2,4370.2,18550.98046875,81602.34765625
1892.209966659546,2,2980.6,19063.86328125,81602.34765625
1893.2173025608063,2,1684.7,19144.828125,81602.34765625
1894.2263734340668,2,4500.6,19218.4765625,81602.34765625
1895.240122795105,2,1007.6,7826.8125,81602.34765625
1896.248262643814,2,1910.3,8570.18359375,81602.34765625
1897.257374048233,2,2320.2,9895.796875,81602.34765625
1898.2773730754852,2,4332.6,13233.42578125,81602.34765625
1899.2993955612183,2,4492.4,15752.49609375,81602.34765625
1900.3258106708527,2,4234.1,16189.85546875,81602.34765625
1901.333374261856,2,3744.4,16753.828125,81602.34765625
1902.3443825244904,2,3340.1,16863.98828125,81602.34765625
1903.3663802146912,2,3041.5,17193.85546875,81602.34765625
1904.3793742656708,2,4248.7,18651.609375,81602.34765625
1905.4001851081848,2,2778.4,19177.5390625,81602.34765625
1906.4093720912933,2,1954.6,19373.74609375,81602.34765625
1907.4233758449554,2,4438.7,19497.49609375,81602.34765625
1908.4378688335419,2,746.0,8208.6953125,83650.36328125
1909.445792913437,2,2022.3,8754.73828125,81602.34765625
1910.4540722370148,2,2549.4,10342.1953125,81602.34765625
1911.468374490738,2,4241.9,13335.8203125,81602.34765625
1912.493825674057,2,4512.6,16298.77734375,81602.34765625
1913.5203750133514,2,4323.0,16410.50390625,81602.34765625
1914.5413880348206,2,3582.0,16769.546875,81602.34765625
1915.5661327838898,2,3440.9,16854.25,81602.34765625
1916.5751852989197,2,2841.7,17194.6953125,81602.34765625
1917.5873732566833,2,4436.9,18728.578125,81602.34765625
1918.6078295707703,2,2310.9,19171.72265625,81602.34765625
1919.618376493454,2,2355.7,19337.70703125,81602.34765625
1920.6324112415314,2,3836.8,19499.7578125,81602.34765625
1921.6403930187225,2,646.0,9091.22265625,83650.36328125
1922.6495459079742,2,2097.3,8745.2578125,81602.34765625
1923.6603753566742,2,3071.1,11566.46875,81602.34765625
1924.675371646881,2,4262.1,13336.94921875,81602.34765625
1925.6963856220245,2,4576.5,17032.21484375,81602.34765625
1926.7223737239838,2,4168.4,16339.49609375,81602.34765625
1927.7429025173187,2,3558.3,16588.3125,81602.34765625
1928.7541708946228,2,3307.2,16834.31640625,81602.34765625
1929.7623705863953,2,3581.0,17379.47265625,81602.34765625
1930.7745850086212,2,4253.4,18588.0390625,81602.34765625
1931.7861745357513,2,1851.1,18932.03125,81602.34765625
1932.7962713241577,2,2938.8,19127.01171875,81602.34765625
1933.8077926635742,2,3109.5,19358.65625,81602.34765625
1934.8161206245422,2,582.4,9684.98046875,83650.36328125
1935.82390666008,2,2189.9,8629.265625,81602.34765625
1936.8353793621063,2,3557.5,12324.078125,81602.34765625
1937.8563721179962,2,4330.8,13285.69921875,81602.34765625
1938.8763682842255,2,4483.1,17061.50390625,81602.34765625
1939.8993723392487,2,4192.9,16413.0078125,81602.34765625
1940.9203889369965,2,3598.5,16624.36328125,81602.34765625
1941.9321901798248,2,3051.1,16900.52734375,81602.34765625
1942.9470286369324,2,3550.6,17571.5859375,81602.34765625
1943.958975315094,2,4271.2,18736.33203125,81602.34765625
1944.9697721004486,2,1622.9,19085.3828125,81602.34765625
1945.9773769378662,2,3146.3,19280.60546875,81602.34765625
1946.9909403324127,2,2794.5,19485.94921875,81602.34765625
1947.9998471736908,2,743.8,8046.328125,81602.34765625
1949.0116605758667,2,2980.6,10452.03125,81602.34765625
1950.025393486023,2,4197.4,12382.6953125,81602.34765625
1951.0543730258942,2,4251.4,14243.65625,81602.34765625
1952.0735025405884,2,3827.3,14563.60546875,81602.34765625
1953.082370519638,2,3659.7,15259.6328125,81602.34765625
1954.0991876125336,2,3247.5,16408.6875,81602.34765625
1955.1100537776947,2,2525.0,16367.00390625,81602.34765625
1956.1219944953918,2,2702.5,16612.6171875,81602.34765625
1957.130138874054,2,1202.6,8494.5234375,81602.34765625
1958.1393730640411,2,3419.9,11348.42578125,81602.34765625
1959.16037940979,2,4404.6,13592.58984375,81602.34765625
1960.1873722076416,2,4235.7,14318.3359375,81602.34765625
1961.2083806991577,2,3162.6,14638.359375,81602.34765625
1962.2293772697449,2,3939.9,15421.7734375,81602.34765625
1963.2413012981415,2,2653.9,16142.125,81602.34765625
1964.2522068023682,2,3188.2,16088.11328125,81602.34765625
1965.2696557044983,2,1828.3,16454.9765625,81602.34765625
1966.2773714065552,2,1621.3,8405.58984375,81602.34765625
1967.3313710689545,2,3777.8,11401.35546875,81602.34765625
1968.3613805770874,2,4419.2,12667.203125,81602.34765625
1969.3773913383484,2,3796.1,14444.73828125,81602.34765625
1970.403579235077,2,3121.2,14593.07421875,81602.34765625
1971.4153716564178,2,4084.9,15883.703125,81602.34765625
1972.4446034431458,2,1975.6,16122.578125,81602.34765625
1973.4513783454895,2,4010.4,16234.859375,81602.34765625
1974.4713282585144,2,767.4,9574.359375,83650.36328125
1975.4800145626068,2,2350.5,9184.453125,81602.34765625
1976.4933750629425,2,4209.7,11437.1015625,81602.34765625
1977.514844417572,2,4390.8,13902.30078125,81602.34765625
1978.5213706493378,2,3843.1,14380.484375,81602.34765625
1979.5295054912567,2,3103.6,14658.76953125,81602.34765625
1980.5406665802002,2,3925.2,16037.57421875,81602.34765625
1981.5523767471313,2,1927.4,16303.7578125,81602.34765625
1982.5663740634918,2,3721.6,16394.359375,81602.34765625
1983.5760486125946,2,762.0,8060.90234375,81602.34765625
1984.5843710899353,2,4026.9,9980.9609375,81602.34765625
1985.5947318077087,2,3569.2,10546.4296875,81602.34765625
1986.604514837265,2,2520.7,8298.7421875,83650.36328125
1987.6133744716644,2,1753.1,8616.9296875,81602.34765625
1988.6323742866516,2,3681.3,11626.0625,81602.34765625
1989.6459081172943,2,4492.1,12849.71484375,81602.34765625
1990.6623184680939,2,3898.6,14585.88671875,81602.34765625
1991.690379858017,2,3082.3,14667.9375,81602.34765625
1992.703370332718,2,4062.4,15903.4765625,81602.34765625
1993.7238683700562,2,1980.0,16102.359375,81602.34765625
1994.732375383377,2,4078.8,16350.5078125,81602.34765625
1995.7415990829468,2,671.0,9556.64453125,83650.36328125
1996.750301361084,2,2949.5,9936.91796875,81602.34765625
1997.772370815277,2,4325.7,11831.03125,81602.34765625
1998.792515039444,2,3240.9,12148.32421875,81602.34765625
1999.8004715442657,2,3847.1,13200.12109375,81602.34765625
2000.8123700618744,2,2891.7,13169.44140625,81602.34765625
2001.8241093158722,2,1238.0,9949.0390625,83650.36328125
2002.8311853408813,2,3018.4,10098.5703125,81602.34765625
2003.8493750095367,2,4296.5,11846.4375,81602.34765625
2004.8637788295746,2,3459.5,12145.77734375,81602.34765625
2005.8720180988312,2,3801.1,13057.0390625,81602.34765625
2006.8813722133636,2,3064.3,13072.5625,81602.34765625
2007.8924238681793,2,916.9,5280.98828125,74434.19140625
2008.9021606445312,2,77.5,5093.50390625,74434.19140625
2009.9089477062225,2,99.0,4960.1796875,74434.19140625
