elapsed_time,nproc,cpu,mem_real,mem_virtual
3.719329833984375e-05,2,0.0,13.91015625,1222.2734375
1.0056860446929932,4,7.9,439.71484375,4203.5390625
2.014042615890503,4,99.1,618.48046875,4417.5390625
3.0226619243621826,4,100.2,614.32421875,4449.5390625
4.030451059341431,4,100.2,614.18359375,4449.5390625
5.038290977478027,4,99.2,614.55859375,4449.5390625
6.0462353229522705,4,100.2,622.9765625,4497.5390625
7.053919315338135,4,99.2,616.2265625,4497.5390625
8.06250548362732,4,99.9,603.8984375,4497.5390625
9.073211431503296,4,99.0,616.95703125,4497.5390625
10.083515167236328,4,99.9,672.34765625,4497.5390625
11.094395160675049,4,99.9,720.34765625,4553.5390625
12.104933738708496,4,99.0,780.34765625,4623.5390625
13.115038394927979,4,101.0,830.34765625,4703.5390625
14.125187635421753,4,99.0,888.34765625,4799.5390625
15.135676622390747,4,100.0,928.34765625,4799.5390625
16.145803451538086,4,100.0,971.50390625,4799.5390625
17.156227111816406,2,0.0,164.55078125,177.8671875
18.167645931243896,2,0.0,376.44140625,3983.31640625
19.177226543426514,2,99.0,498.22265625,4729.34765625
20.186821937561035,2,100.0,500.22265625,4729.34765625
21.19725275039673,2,100.0,502.22265625,4729.34765625
22.207132816314697,2,100.0,504.22265625,4729.34765625
23.217438459396362,2,2404.5,1234.6875,8785.79296875
24.24444055557251,2,4753.8,1561.69921875,9170.79296875
25.268452405929565,2,4765.5,1867.30078125,9488.29296875
26.294440746307373,2,4768.1,2091.7734375,9747.29296875
27.319442987442017,2,4770.6,2195.25,9885.27734375
28.343440294265747,2,4763.1,2273.5078125,10018.27734375
29.36839747428894,2,4756.4,2382.2265625,10167.27734375
30.394442081451416,2,4767.9,2435.22265625,10288.27734375
31.41644263267517,2,4753.9,2453.7109375,10418.27734375
32.44044280052185,2,4765.8,2451.6328125,10482.27734375
33.4654495716095,2,4764.6,2577.83203125,10660.27734375
34.491443395614624,2,4752.4,2620.86328125,10797.27734375
35.515443086624146,2,4766.6,2628.3359375,10888.27734375
36.53929591178894,2,4756.7,2649.1796875,10917.27734375
37.56343483924866,2,4758.5,2649.890625,10959.27734375
38.58544325828552,2,4756.7,2720.390625,11052.27734375
39.61144018173218,2,4762.0,2707.58203125,11126.27734375
40.624438762664795,2,4754.0,2763.6875,11146.27734375
41.64940071105957,2,4758.0,2777.9921875,11268.27734375
42.675442695617676,2,4756.4,2854.41796875,11353.27734375
43.69244384765625,2,4761.1,2893.53515625,11440.27734375
44.71739339828491,2,4753.4,2839.234375,11447.27734375
45.746551275253296,2,4760.6,2832.7578125,11465.27734375
46.76944446563721,2,4759.8,2810.4609375,11493.27734375
47.79444479942322,2,4757.7,2846.765625,11585.27734375
48.819222927093506,2,4763.4,2773.50390625,11627.27734375
49.84244155883789,2,4754.3,2741.36328125,11643.27734375
50.86743974685669,2,4759.4,2738.0546875,11694.27734375
51.892337799072266,2,4760.9,2813.75390625,11742.27734375
52.918627977371216,2,4759.0,2802.75390625,11802.27734375
53.94343876838684,2,4760.8,2736.23046875,11802.27734375
54.97136735916138,2,4751.7,2700.640625,11888.27734375
55.996443033218384,2,4759.1,2770.78515625,11932.27734375
57.02144241333008,2,4761.4,2814.88671875,12004.27734375
58.04785776138306,2,4754.1,2828.68359375,12020.27734375
59.07343888282776,2,4765.0,3027.48046875,12188.27734375
60.097405195236206,2,4767.0,3074.1171875,12224.27734375
61.122804403305054,2,4758.6,3038.078125,12268.27734375
62.14872717857361,2,4758.0,3218.66796875,12368.27734375
63.17344641685486,2,4757.7,3201.2109375,12378.27734375
64.19733715057373,2,4756.2,3253.171875,12420.27734375
65.22440552711487,2,4759.9,3230.1796875,12430.27734375
66.24838662147522,2,4750.6,3327.3828125,12502.27734375
67.26944470405579,2,4757.6,3468.5,12678.27734375
68.29544115066528,2,4759.9,3457.42578125,12726.27734375
69.31942105293274,2,4752.4,3453.890625,12768.27734375
70.34443712234497,2,4752.8,3394.8125,12820.27734375
71.36844325065613,2,4754.8,3646.53125,12858.27734375
72.39344906806946,2,4759.1,3596.78515625,12858.27734375
73.41644048690796,2,4756.5,3461.3671875,12858.27734375
74.44043612480164,2,4754.1,3425.05078125,12916.27734375
75.46344113349915,2,4743.1,3426.80078125,12932.27734375
76.48544383049011,2,4757.9,3438.8125,12932.27734375
77.51044392585754,2,4759.1,3572.484375,12992.27734375
78.53744912147522,2,4757.2,3722.8125,13186.27734375
79.5622775554657,2,4745.5,3806.484375,13376.27734375
80.58744788169861,2,4761.2,3864.68359375,13448.27734375
81.61244297027588,2,4757.6,3825.96875,13504.27734375
82.63344311714172,2,4743.0,3962.89453125,13670.27734375
83.65844130516052,2,4750.0,3939.4296875,13772.27734375
84.68344593048096,2,4751.5,3907.41796875,13872.27734375
85.70844292640686,2,4745.3,3927.9296875,13908.27734375
86.72544240951538,2,4752.1,3818.75390625,13908.27734375
87.75044226646423,2,4748.2,3804.46875,13968.27734375
88.7754373550415,2,4745.5,3735.86328125,13968.27734375
89.80043935775757,2,4754.0,3740.15625,13994.27734375
90.82540702819824,2,4741.1,3733.05078125,14010.27734375
91.85144114494324,2,4762.1,3740.33203125,14034.27734375
92.87643909454346,2,4750.1,3711.3671875,14034.27734375
93.90043950080872,2,4757.6,3730.67578125,14086.27734375
94.91345191001892,2,4740.5,3779.7109375,14166.27734375
95.93744421005249,2,4749.2,3747.42578125,14238.27734375
96.9624433517456,2,4743.3,3975.6796875,14446.27734375
97.98742270469666,2,4751.3,4061.16015625,14614.27734375
99.0124363899231,2,4749.0,4174.45703125,14676.27734375
100.03644013404846,2,4753.3,4148.7265625,14756.27734375
101.0624418258667,2,4750.0,4180.0234375,14772.27734375
102.08844113349915,2,4758.3,4117.484375,14792.27734375
103.11443948745728,2,4749.0,4091.68359375,14792.27734375
104.13944029808044,2,4741.7,4055.390625,14792.27734375
105.16444516181946,2,4743.9,4095.86328125,14816.27734375
106.18844223022461,2,4738.3,4086.015625,14836.27734375
107.2134439945221,2,4755.2,4037.41796875,14836.27734375
108.23843908309937,2,4753.1,3981.87109375,14908.27734375
109.26344347000122,2,4745.5,3939.77734375,14922.27734375
110.28843784332275,2,4756.0,3971.14453125,14950.27734375
111.30946445465088,2,4754.3,3975.87109375,14950.27734375
112.33443760871887,2,4764.9,3936.2421875,14950.27734375
113.35944366455078,2,4751.2,3921.28125,14974.27734375
114.38643860816956,2,4759.6,3960.11328125,15026.27734375
115.4114420413971,2,4751.5,4091.07421875,15030.27734375
116.4364402294159,2,4757.1,4103.75390625,15070.27734375
117.45344161987305,2,4748.0,4130.58203125,15142.27734375
118.47844624519348,2,4757.6,4204.5546875,15142.27734375
119.50443959236145,2,4755.7,4144.984375,15146.27734375
120.52835941314697,2,4754.4,4139.41796875,15170.27734375
121.55444312095642,2,4744.6,4498.16015625,15518.27734375
122.57944583892822,2,4750.6,4504.3359375,15620.27734375
123.59344172477722,2,4749.5,4565.484375,15620.27734375
124.6174418926239,2,4753.2,4534.04296875,15620.27734375
125.64244556427002,2,4760.7,4539.36328125,15620.27734375
126.66844534873962,2,4759.4,4606.15234375,15636.27734375
127.6924352645874,2,4753.9,4604.9296875,15652.27734375
128.71843695640564,2,4752.4,4553.42578125,15652.27734375
129.74072432518005,2,4755.8,4501.20703125,15652.27734375
130.76544404029846,2,4751.6,4486.51953125,15652.27734375
131.78945422172546,2,4736.8,4470.65625,15668.27734375
132.814386844635,2,4755.2,4478.04296875,15668.27734375
133.8404459953308,2,4758.7,4481.67578125,15688.27734375
134.86444425582886,2,4742.7,4571.88671875,15688.27734375
135.88944101333618,2,4745.1,4496.37890625,15764.27734375
136.9164412021637,2,4742.8,4485.60546875,15764.27734375
137.94244360923767,2,4734.0,4407.33203125,15916.27734375
138.96844363212585,2,4757.2,4460.05859375,15916.27734375
139.98644614219666,2,4739.0,4486.99609375,15960.27734375
141.0124478340149,2,4760.1,4555.30859375,16080.27734375
142.03644061088562,2,4760.2,4416.13671875,16132.27734375
143.06144309043884,2,4752.2,4541.44140625,16132.27734375
144.08639287948608,2,4730.1,4493.98828125,16132.27734375
145.11244344711304,2,4740.6,4563.08203125,16132.27734375
146.13744235038757,2,4742.0,4590.49609375,16256.27734375
147.16144704818726,2,4749.9,4588.74609375,16280.27734375
148.1874442100525,2,4756.4,4649.5,16280.27734375
149.21138858795166,2,4750.7,4679.6484375,16304.27734375
150.23744130134583,2,4751.6,4785.265625,16366.27734375
151.2614402770996,2,4748.4,4762.26171875,16390.27734375
152.28645420074463,2,4739.3,4779.01953125,16390.27734375
153.3124430179596,2,4749.6,4730.5703125,16390.27734375
154.33744311332703,2,4736.7,4812.0078125,16454.27734375
155.3624451160431,2,4748.1,4921.46484375,16598.27734375
156.38644242286682,2,4751.0,4970.40625,16650.27734375
157.411438703537,2,4741.6,5050.73046875,16706.27734375
158.43543910980225,2,4752.8,5087.33984375,16738.27734375
159.4526436328888,2,4747.1,5102.89453125,16770.27734375
160.46544122695923,2,4738.5,5103.80078125,16770.27734375
161.49144339561462,2,4740.8,5127.65234375,16770.27734375
162.5154435634613,2,4745.1,5142.43359375,16822.27734375
163.54144597053528,2,4738.6,5051.55078125,16822.27734375
164.56644225120544,2,4744.0,5019.9609375,16822.27734375
165.58644437789917,2,4738.8,5006.51953125,16822.27734375
166.6204445362091,2,4750.7,4966.1875,16822.27734375
167.64570260047913,2,4755.3,5024.2890625,16850.27734375
168.6694414615631,2,4748.3,4990.7578125,16870.27734375
169.69542932510376,2,4752.0,4992.7734375,16870.27734375
170.71944069862366,2,4741.6,5145.37109375,16900.27734375
171.74439144134521,2,4755.9,5240.2578125,16944.27734375
172.76943802833557,2,4751.2,5207.140625,16944.27734375
173.79529452323914,2,4731.0,5229.92578125,17044.27734375
174.81944036483765,2,4737.7,5410.95703125,17196.27734375
175.84544038772583,2,4751.3,5345.77734375,17196.27734375
176.870450258255,2,4731.5,5323.70703125,17196.27734375
177.89643907546997,2,4740.9,5313.3046875,17196.27734375
178.92139530181885,2,4739.1,5482.3515625,17296.27734375
179.94644331932068,2,4745.4,5493.55078125,17296.27734375
180.9704394340515,2,4714.2,5622.7890625,17296.27734375
181.9962601661682,2,4729.3,5528.11328125,17348.27734375
183.02134466171265,2,4731.6,5681.9140625,17484.27734375
184.0464370250702,2,4732.4,5576.11328125,17490.27734375
185.07243633270264,2,4742.2,5787.984375,17842.27734375
186.09743976593018,2,4735.6,5831.96484375,17842.27734375
187.12344241142273,2,4726.9,5769.34765625,17842.27734375
188.14844608306885,2,4738.9,5831.40625,17842.27734375
189.17347383499146,2,4731.2,5969.3984375,17934.27734375
190.19844436645508,2,4750.2,5888.19140625,17934.27734375
191.22344708442688,2,4736.3,5893.2734375,17934.27734375
192.24851155281067,2,4744.4,5893.69921875,17962.27734375
193.27444338798523,2,4745.5,5930.921875,17994.27734375
194.29845070838928,2,4730.7,5893.6953125,18026.27734375
195.3244390487671,2,4750.5,5939.28125,18174.27734375
196.34843826293945,2,4760.2,6103.2265625,18174.27734375
197.36544370651245,2,4751.3,6078.30078125,18174.27734375
198.3904356956482,2,4749.1,6025.82421875,18174.27734375
199.41544604301453,2,4732.6,5963.4296875,18194.27734375
200.44044017791748,2,4734.6,5892.23828125,18218.27734375
201.46543860435486,2,4738.5,5949.734375,18218.27734375
202.49044823646545,2,4753.1,5942.296875,18218.27734375
203.51644086837769,2,4743.1,6110.80859375,18218.27734375
204.54144167900085,2,4736.3,6084.71875,18218.27734375
205.56685829162598,2,4730.6,6092.53515625,18222.27734375
206.59144568443298,2,4738.4,6087.203125,18246.27734375
207.61744737625122,2,4736.8,6254.98828125,18400.27734375
208.64344310760498,2,4732.8,6550.7421875,18696.27734375
209.6684398651123,2,4741.2,6701.36328125,18808.27734375
210.68936705589294,2,4733.4,6839.7890625,18808.27734375
211.714439868927,2,4719.9,6704.79296875,18808.27734375
212.74044179916382,2,4734.6,6599.53515625,18808.27734375
213.75844192504883,2,4731.7,6705.1640625,18844.27734375
214.78335332870483,2,4735.8,6649.0546875,18868.27734375
215.80243802070618,2,4725.2,6737.3359375,18868.27734375
216.82543754577637,2,4726.8,6626.15234375,18868.27734375
217.85244297981262,2,4737.7,6696.98046875,18896.27734375
218.87744235992432,2,4719.0,6563.48828125,18924.27734375
219.90244150161743,2,4740.4,6472.1875,18924.27734375
220.9154417514801,2,4732.1,6369.6484375,18924.27734375
221.9412920475006,2,4724.8,6370.25390625,18924.27734375
222.96643805503845,2,4738.1,6316.23828125,18924.27734375
223.99145078659058,2,4731.8,6249.50390625,18924.27734375
225.01644134521484,2,4747.5,6287.47265625,18924.27734375
226.041442155838,2,4742.4,6171.96875,18924.27734375
227.06744575500488,2,4747.5,6207.2890625,18952.27734375
228.09323501586914,2,4740.4,6140.05078125,18952.27734375
229.11944007873535,2,4749.3,6186.29296875,18952.27734375
230.1443111896515,2,4753.1,6202.23046875,18952.27734375
231.16944551467896,2,4743.3,6251.95703125,18952.27734375
232.19444012641907,2,4741.8,6266.234375,18952.27734375
233.21944522857666,2,4742.2,6275.44140625,19076.27734375
234.2443563938141,2,4746.8,6248.33984375,19076.27734375
235.2704427242279,2,4756.1,6220.90625,19076.27734375
236.29543828964233,2,4744.0,6300.17578125,19076.27734375
237.32042479515076,2,4746.2,6356.38671875,19228.27734375
238.34444570541382,2,4744.7,6348.55078125,19228.27734375
239.37039232254028,2,4756.4,6499.27734375,19352.27734375
240.3964409828186,2,4753.7,6452.90234375,19352.27734375
241.42243933677673,2,4751.2,6462.1328125,19352.27734375
242.44731068611145,2,4738.6,6396.58203125,19352.27734375
243.47244429588318,2,4704.3,6312.625,19352.27734375
244.49743938446045,2,4748.4,6252.66015625,19352.27734375
245.52192330360413,2,4743.5,6220.2890625,19352.27734375
246.5454444885254,2,4742.2,6255.578125,19352.27734375
247.57145357131958,2,4744.6,6124.40234375,19352.27734375
248.59744310379028,2,4753.2,6036.6796875,19352.27734375
249.62335085868835,2,4729.5,5891.19921875,19352.27734375
250.64844465255737,2,4754.4,5806.015625,19352.27734375
251.67344188690186,2,4744.5,5789.3359375,19352.27734375
252.6984429359436,2,4759.9,5910.484375,19476.27734375
253.72344613075256,2,4755.9,5814.859375,19476.27734375
254.74844241142273,2,4750.4,6101.1171875,19504.27734375
255.77454710006714,2,4752.4,6163.67578125,19504.27734375
256.7916011810303,2,4752.7,6325.46484375,19504.27734375
257.8174452781677,2,4748.3,6355.69140625,19504.27734375
258.8424446582794,2,4747.4,6442.828125,19504.27734375
259.86744594573975,2,4745.3,6483.66015625,19504.27734375
260.8925280570984,2,4751.6,6406.7109375,19504.27734375
261.9174427986145,2,4746.2,6489.1640625,19504.27734375
262.9434413909912,2,4751.2,6563.71875,19524.27734375
263.96844267845154,2,4739.5,6462.1953125,19524.27734375
264.9934470653534,2,4749.1,6515.7421875,19524.27734375
266.01944637298584,2,4759.6,6496.80078125,19524.27734375
267.04452776908875,2,4754.9,6651.421875,19628.27734375
268.070449590683,2,4747.6,6710.69140625,19676.27734375
269.094518661499,2,4749.3,6673.16796875,19676.27734375
270.1204459667206,2,4755.5,6646.23046875,19676.27734375
271.1464412212372,2,4738.5,6482.0859375,19676.27734375
272.1714425086975,2,4749.3,6490.49609375,19756.27734375
273.1964466571808,2,4726.7,6709.66015625,19884.27734375
274.2214500904083,2,4732.3,6709.35546875,19884.27734375
275.24544954299927,2,4734.3,6491.2734375,19884.27734375
276.2704339027405,2,4731.8,6480.44921875,19940.27734375
277.29540610313416,2,4739.6,6555.875,19976.27734375
278.3214409351349,2,4733.0,6411.90234375,20064.27734375
279.34644532203674,2,4735.2,6494.11328125,20068.27734375
280.37244391441345,2,4741.9,6509.86328125,20224.27734375
281.39743733406067,2,4701.2,6302.9765625,20224.27734375
282.4233305454254,2,4716.4,6292.84765625,20276.27734375
283.4474427700043,2,4740.4,6314.8125,20276.27734375
284.47143936157227,2,4746.5,6260.8046875,20308.27734375
285.4847321510315,2,4748.1,6282.03515625,20308.27734375
286.5084419250488,2,4739.5,6303.87890625,20352.27734375
287.5334417819977,2,4741.8,6377.35546875,20356.27734375
288.55744099617004,2,4745.4,6659.796875,20436.27734375
289.58244132995605,2,4732.0,6694.03515625,20440.27734375
290.60744166374207,2,4745.6,6668.41015625,20440.27734375
291.63444328308105,2,4739.1,6706.39453125,20468.27734375
292.6584448814392,2,4725.3,6593.984375,20468.27734375
293.68444442749023,2,4722.3,6528.078125,20496.27734375
294.7094397544861,2,4747.8,6457.9609375,20524.27734375
295.7344377040863,2,4718.9,6427.30078125,20524.27734375
296.7605547904968,2,4443.2,6549.828125,20592.27734375
297.77262830734253,2,3268.9,6541.30859375,20592.27734375
298.78179001808167,2,2792.5,6559.09375,20718.27734375
299.79383063316345,2,2224.9,6297.16796875,20878.27734375
300.8055679798126,2,2061.6,6451.69921875,21038.27734375
301.8154044151306,2,1907.5,6035.3984375,21038.27734375
302.825154542923,2,1406.9,6650.6875,21824.27734375
303.83305072784424,2,1013.3,7360.9375,22996.27734375
304.8406844139099,2,903.9,7435.75390625,23380.27734375
305.8496000766754,2,900.8,7515.7734375,23828.27734375
306.85755467414856,2,904.1,7285.64453125,23828.27734375
307.86626982688904,2,881.2,7053.16015625,23948.27734375
308.8740200996399,2,802.5,6864.5,23948.27734375
309.88214468955994,2,621.2,6868.47265625,23948.27734375
310.88978934288025,2,601.5,6915.14453125,24068.27734375
311.89720821380615,2,603.4,6823.8203125,24148.27734375
312.9049026966095,2,600.9,6660.09375,24148.27734375
313.9133493900299,2,601.2,6656.6328125,24148.27734375
314.92130422592163,2,602.0,6611.5703125,24148.27734375
315.9296703338623,2,603.0,6371.66796875,24148.27734375
316.9396426677704,2,602.3,6312.53125,24148.27734375
317.9491546154022,2,600.9,6211.375,24148.27734375
318.95929169654846,2,552.6,6142.26953125,24148.27734375
319.9690897464752,2,501.7,6110.27734375,24148.27734375
320.97961926460266,2,501.1,6053.1328125,24148.27734375
321.9894576072693,2,427.6,5982.3671875,24148.27734375
322.99967646598816,2,347.6,6087.7421875,24148.27734375
324.00959634780884,2,303.0,5963.91015625,24148.27734375
325.0194535255432,2,302.8,5928.8515625,24148.27734375
326.02992367744446,2,302.1,5866.890625,24148.27734375
327.0396022796631,2,304.1,5768.6640625,24148.27734375
328.0490951538086,2,303.9,5626.15625,24148.27734375
329.05931973457336,2,303.1,5520.28515625,24148.27734375
330.0690200328827,2,301.8,5517.57421875,24148.27734375
331.0796477794647,2,300.9,5465.875,24148.27734375
332.0899841785431,2,301.1,5494.5625,24148.27734375
333.0996181964874,2,300.2,5446.4921875,24148.27734375
334.10902285575867,2,290.1,5364.0234375,24148.27734375
335.1189820766449,2,201.9,5332.62890625,24148.27734375
336.12925148010254,2,201.2,5299.47265625,24148.27734375
337.138144493103,2,202.1,5255.5,24148.27734375
338.1475782394409,2,201.2,5210.21484375,24148.27734375
339.1565661430359,2,201.9,5170.4375,24148.27734375
340.1671862602234,2,201.7,5126.18359375,24148.27734375
341.17847537994385,2,201.0,5103.5625,24148.27734375
342.1882288455963,2,200.1,5070.14453125,24148.27734375
343.19780683517456,2,201.1,5039.734375,24148.27734375
344.20745825767517,2,199.7,5029.234375,24148.27734375
345.21882009506226,2,200.9,5009.56640625,24148.27734375
346.2293782234192,2,201.1,4990.0234375,24148.27734375
347.2385950088501,2,193.1,4900.20703125,24372.27734375
348.2483479976654,2,101.0,4910.4765625,24372.27734375
349.25829887390137,2,102.0,4891.83203125,24372.27734375
350.26823115348816,2,101.0,4889.4921875,24372.27734375
351.27803444862366,2,102.9,4843.1953125,24372.27734375
352.2892315387726,2,103.9,4833.2421875,24372.27734375
353.2998809814453,2,101.8,4813.03515625,24372.27734375
354.31156182289124,2,102.9,4772.72265625,24372.27734375
355.3223226070404,2,102.9,4591.25,24372.27734375
356.33261704444885,2,101.9,4557.84375,24372.27734375
357.34292793273926,2,103.0,4503.40625,24372.27734375
358.3527009487152,2,100.0,4628.91015625,24372.27734375
359.3623857498169,2,100.0,4826.04296875,24372.27734375
360.3724801540375,2,100.9,4869.9296875,24372.27734375
361.38319849967957,2,106.0,4446.69140625,24372.27734375
362.39276933670044,2,104.0,4403.34765625,24372.27734375
363.4021499156952,2,102.1,4376.25390625,24372.27734375
364.4110474586487,2,103.9,4344.58203125,24372.27734375
365.42135858535767,2,103.9,4300.17578125,24372.27734375
366.431902885437,2,103.0,4258.6796875,24372.27734375
367.4416353702545,2,103.0,4197.68359375,24372.27734375
368.4514627456665,2,101.9,4165.453125,24372.27734375
369.46206617355347,2,101.9,4004.98046875,24372.27734375
370.4729697704315,2,102.0,4010.5546875,24372.27734375
371.4827129840851,2,99.0,4189.640625,24372.27734375
372.4925878047943,2,100.9,4155.87109375,24372.27734375
373.50363540649414,2,99.0,4194.65625,24372.27734375
374.5132396221161,2,103.0,4143.578125,24372.27734375
375.52295875549316,2,101.0,3980.96484375,24372.27734375
376.53309202194214,2,100.9,3967.640625,24372.27734375
377.54388213157654,2,101.0,3954.5,24372.27734375
378.5532920360565,2,100.9,3938.69921875,24372.27734375
379.5640847682953,2,100.9,3951.296875,24372.27734375
380.5745499134064,2,100.9,3935.0,24372.27734375
381.58579301834106,2,101.0,4027.875,24372.27734375
382.59525537490845,2,100.0,3945.61328125,24372.27734375
383.6056046485901,2,101.0,3945.61328125,24372.27734375
384.6158893108368,2,102.1,3919.3125,24372.27734375
385.62433338165283,2,100.0,3899.45703125,24372.27734375
386.63385581970215,2,100.9,3878.8125,24372.27734375
387.6445083618164,2,100.9,3866.78125,24372.27734375
388.655170917511,2,101.0,3873.3671875,24372.27734375
389.6652774810791,2,100.0,3935.2734375,24372.27734375
390.6754615306854,2,101.9,3915.359375,24372.27734375
391.68619298934937,2,101.1,3801.01171875,24372.27734375
392.69555473327637,2,101.0,3779.68359375,24372.27734375
393.7054796218872,2,100.1,3779.68359375,24372.27734375
394.71437311172485,2,100.2,3783.82421875,24372.27734375
395.7227973937988,2,99.9,4025.16796875,24372.27734375
396.7334609031677,2,99.0,4016.90625,24372.27734375
397.74322271347046,2,100.0,4001.18359375,24372.27734375
398.75301790237427,2,100.0,4000.3125,24372.27734375
399.7633922100067,2,100.0,3894.75,24372.27734375
400.7738847732544,2,100.0,3892.125,24372.27734375
401.7836055755615,2,102.9,3877.109375,24372.27734375
402.79387307167053,2,101.0,3864.3203125,24372.27734375
403.8034031391144,2,101.0,3850.14453125,24372.27734375
404.8131992816925,2,100.0,3847.4375,24372.27734375
405.8232910633087,2,204.7,3214.98828125,24372.27734375
406.8347957134247,2,693.1,3549.37109375,24436.28515625
407.84762597084045,2,114.8,3531.61328125,24516.28515625
408.85785722732544,2,110.8,3411.0078125,24612.37109375
409.8683924674988,2,109.9,3402.58203125,25204.37109375
410.8785836696625,2,1577.9,4035.71875,26548.37109375
411.8875744342804,2,734.3,5441.35546875,34228.45703125
412.89939522743225,2,1730.4,6622.4296875,31668.4453125
413.91250467300415,2,479.2,3615.6171875,39244.40234375
414.9254319667816,2,3282.3,4710.11328125,39244.40234375
415.9454298019409,2,4597.8,6483.25,39244.40234375
416.96963143348694,2,3516.8,6733.8671875,39244.40234375
417.9793574810028,2,2595.4,6837.54296875,39244.40234375
418.9934356212616,2,1441.4,4020.984375,39244.40234375
420.0272014141083,2,3867.6,5684.9609375,45388.40234375
421.04043197631836,2,4536.4,7433.3046875,45388.40234375
422.0574424266815,2,3251.6,7538.14453125,45388.40234375
423.0754044055939,2,3730.8,8377.6953125,45388.40234375
424.08442878723145,2,2507.0,8361.7421875,45388.40234375
425.0958390235901,2,2288.2,8461.7890625,45388.40234375
426.1054275035858,2,3883.6,3303.125,43340.37109375
427.1254255771637,2,4742.4,3194.99609375,43340.37109375
428.1444296836853,2,4231.6,3312.984375,43340.37109375
429.1644275188446,2,4743.0,3269.32421875,43340.37109375
430.18278431892395,2,4423.1,3535.640625,47436.41796875
431.19111227989197,2,819.6,3132.078125,43340.37109375
432.19893169403076,2,100.2,3098.6015625,43340.37109375
433.20654702186584,2,101.2,3076.56640625,43340.37109375
434.21462178230286,2,124.0,3530.29296875,43342.390625
435.2225408554077,2,100.2,3915.4921875,43342.390625
436.23057556152344,4,72.4,4270.6640625,43519.2734375
437.23944211006165,4,101.2,4498.40625,43755.1796875
438.2472622394562,4,100.2,4735.71875,44001.390625
439.25528740882874,4,100.1,4939.80078125,44222.73828125
440.2638077735901,4,101.1,5203.7890625,44501.69140625
441.27302503585815,4,98.9,5562.27734375,44865.3359375
442.2836582660675,4,100.0,5911.296875,45228.078125
443.29349660873413,4,100.0,6274.671875,45591.19140625
444.30366110801697,4,100.1,6631.79296875,45955.3515625
445.3127636909485,4,100.0,6994.79296875,46318.48046875
446.3225145339966,4,99.1,7357.79296875,46681.3515625
447.3314561843872,4,101.0,7720.04296875,47043.578125
448.3417012691498,4,100.0,8084.16796875,47407.8671875
449.3518214225769,4,99.0,8447.16796875,47770.8671875
450.3614032268524,4,100.9,8807.515625,48134.25390625
451.3720819950104,4,100.0,9171.640625,48498.15625
452.38249611854553,4,100.1,9536.140625,48862.9609375
453.3914701938629,4,100.0,9900.265625,49227.12109375
454.4015941619873,4,100.0,10262.8828125,49590.12109375
455.41160321235657,4,100.0,10627.0078125,49953.89453125
456.421573638916,4,99.0,10991.8828125,50318.828125
457.43136072158813,4,101.1,11354.1328125,50681.3125
458.44068336486816,4,100.0,11717.5078125,51044.5703125
459.4511663913727,4,99.1,12080.8828125,51408.0859375
460.46071219444275,4,100.0,12445.3828125,51772.6328125
461.4706058502197,4,100.1,12809.1328125,52136.40625
462.4795660972595,4,100.0,13171.3828125,52498.1171875
463.4899435043335,4,100.1,13535.5078125,52862.40625
464.49930810928345,4,99.1,13898.8828125,53225.6640625
465.5082528591156,4,100.5,14254.7578125,53581.57421875
466.51304173469543,4,100.0,14373.6328125,53700.42578125
467.5230152606964,4,99.1,14405.0390625,53738.70703125
468.53225541114807,4,101.0,14741.6796875,54123.3828125
469.54239439964294,4,99.0,4026.34765625,43349.58984375
470.5527808666229,5,0.0,4518.46484375,44107.87109375
471.56287384033203,2,43.5,3249.90234375,44028.70703125
472.5736219882965,2,1029.4,4150.671875,44366.4375
473.5964341163635,2,3914.5,5074.33203125,48462.5
474.6205153465271,2,4749.8,5106.33203125,48462.5
475.6388363838196,2,3718.8,5514.66796875,50510.53125
476.64689087867737,2,100.1,5940.62109375,50510.53125
477.65544867515564,2,100.2,6356.62109375,50510.53125
478.6635813713074,4,50.6,6688.42578125,50776.359375
479.67211508750916,4,101.1,7023.90625,51116.55078125
480.680632352829,4,99.2,7375.65625,51467.94921875
481.68855381011963,4,100.2,7721.78125,51814.19140625
482.69671964645386,4,99.2,8076.19140625,52168.5703125
483.7049083709717,4,100.2,8423.44140625,52515.97265625
484.712557554245,4,99.2,8756.81640625,52849.06640625
485.7208788394928,4,101.2,9092.44140625,53184.99609375
486.7284951210022,4,99.1,9420.19140625,53512.67578125
487.7374951839447,4,100.2,9753.04296875,53845.54296875
488.74571084976196,4,99.9,10092.04296875,54184.30859375
489.75628089904785,4,99.0,10461.77734375,54556.58984375
490.766254901886,4,101.0,10848.02734375,54943.05078125
491.776221036911,4,100.0,11237.65234375,55332.4765625
492.7866427898407,4,100.0,11625.77734375,55720.7421875
493.79690742492676,4,100.0,12015.02734375,56110.0390625
494.80685925483704,4,99.0,12401.27734375,56496.37109375
495.8165726661682,4,100.0,12790.52734375,56885.5390625
496.82619166374207,4,99.1,13178.27734375,57273.16015625
497.8356304168701,4,100.9,13565.65234375,57660.5234375
498.8463933467865,4,100.0,13951.52734375,58046.7265625
499.8564453125,4,101.0,14338.07421875,58435.765625
500.8665609359741,4,98.9,14726.57421875,58824.16015625
501.8772554397583,4,101.0,15115.82421875,59213.328125
502.8873372077942,4,100.1,15499.40625,59599.66015625
503.8967797756195,4,99.0,15889.03125,59989.0859375
504.9069776535034,4,100.0,16277.15625,60377.3515625
505.91709446907043,4,100.0,16666.03125,60766.390625
506.92668056488037,4,100.0,17053.03125,61153.23828125
507.936918258667,4,100.0,17442.65625,61542.921875
508.94697427749634,4,100.0,17828.15625,61928.48046875
509.9565079212189,4,100.0,18217.03125,62317.26171875
510.96650886535645,4,99.0,18602.90625,62702.94921875
511.97647976875305,4,100.1,18991.03125,63091.34375
512.9858117103577,4,101.1,19378.40625,63478.44921875
513.9949162006378,4,99.0,19526.53125,63626.8203125
515.0049104690552,4,100.0,19531.78125,63631.9765625
516.0153617858887,4,99.8,19531.78125,63631.9765625
517.0269448757172,4,99.9,19531.78125,63631.9765625
518.0378530025482,4,100.0,19744.07421875,64048.515625
519.0479052066803,4,99.9,20146.15234375,64360.83203125
520.0591790676117,4,99.9,20158.15234375,64360.83203125
521.0697474479675,4,99.9,19928.30859375,64028.30078125
522.0811398029327,5,0.0,6675.09375,51253.00390625
523.0932002067566,5,99.9,7284.16796875,51732.828125
524.1043076515198,5,99.8,7324.1640625,51762.046875
525.115974187851,2,64.3,5456.03125,51215.41015625
526.1273336410522,2,100.0,5588.16796875,51215.38671875
527.1377334594727,2,826.8,6837.08203125,50731.37890625
528.1476502418518,2,224.9,6990.76953125,50731.37890625
529.1572046279907,2,245.1,7108.0625,50731.37890625
530.1689853668213,2,2019.4,8810.48828125,50731.37890625
531.1807010173798,2,2298.0,13138.765625,50731.37890625
532.2074315547943,2,4608.8,13366.3046875,50731.37890625
533.2315058708191,2,4607.3,13298.79296875,50731.37890625
534.2432496547699,2,3981.4,14551.8125,50731.37890625
535.2503130435944,2,4011.2,14651.77734375,50731.37890625
536.2592515945435,2,3824.8,15362.0390625,50731.37890625
537.2663657665253,2,2342.5,15372.4375,50731.37890625
538.2764611244202,2,2775.4,15393.6171875,50731.37890625
539.2877883911133,2,1784.5,7597.48828125,50731.37890625
540.2963213920593,2,783.2,8100.41796875,50731.37890625
541.3037948608398,2,238.2,7994.91796875,50731.37890625
542.3114483356476,2,913.8,7757.328125,50731.37890625
543.3192625045776,2,1246.9,7455.21484375,50731.37890625
544.3447654247284,2,2748.7,12852.58984375,50731.37890625
545.3664336204529,2,4547.2,13236.296875,50731.37890625
546.3834388256073,2,4627.7,13635.91015625,50731.37890625
547.4004440307617,2,3928.9,14506.39453125,50731.37890625
548.4104285240173,2,3634.6,14735.8046875,50731.37890625
549.4209117889404,2,3154.4,15388.82421875,50731.37890625
550.4280166625977,2,1899.9,15202.2265625,50731.37890625
551.4361112117767,2,3811.5,15306.6484375,50731.37890625
552.4475846290588,2,724.3,8460.23828125,50955.37890625
553.4539139270782,2,1334.2,8170.92578125,50955.37890625
554.4658498764038,2,1351.4,7988.0,50955.37890625
555.4743754863739,2,1084.7,9734.1484375,50955.37890625
556.4819750785828,2,4079.1,12326.51953125,50955.37890625
557.5014395713806,2,4646.2,13130.18359375,50955.37890625
558.5258367061615,2,4499.7,13806.23046875,50955.37890625
559.5404767990112,2,3967.6,14674.35546875,50955.37890625
560.5812673568726,2,4411.1,13889.98046875,50955.37890625
561.592517375946,2,3022.0,14240.38671875,50955.37890625
562.6034309864044,2,2576.2,14223.98046875,50955.37890625
563.6139347553253,2,2832.7,14263.6796875,50955.37890625
564.6242201328278,2,1179.6,8448.078125,50955.37890625
565.6329588890076,2,1090.1,7969.94921875,50955.37890625
566.6449110507965,2,1199.6,7862.96875,50955.37890625
567.6526787281036,2,2439.9,11443.3125,50955.37890625
568.6824316978455,2,4554.0,12307.0,50955.37890625
569.6946403980255,2,4589.7,13265.828125,50955.37890625
570.7094402313232,2,3982.9,13933.81640625,50955.37890625
571.723474740982,2,4536.2,14627.26171875,50955.37890625
572.7658042907715,2,4175.3,14226.8671875,50955.37890625
573.7738552093506,2,2539.4,14230.96484375,50955.37890625
574.7844274044037,2,3302.3,14156.27734375,50955.37890625
575.7944641113281,2,826.2,8212.41796875,51211.37890625
576.8024344444275,2,1353.6,8135.5390625,51211.37890625
577.8105351924896,2,1422.9,7933.51171875,51211.37890625
578.8182971477509,2,1076.4,9546.74609375,51211.37890625
579.8264312744141,2,3915.0,12321.6484375,51211.37890625
580.8454372882843,2,4628.4,12979.82421875,51211.37890625
581.8684296607971,2,4487.6,13893.21484375,51211.37890625
582.8870375156403,2,4029.9,14792.65234375,51211.37890625
583.9273226261139,2,4422.4,14031.9375,51211.37890625
584.9379451274872,2,3071.7,14399.70703125,51211.37890625
585.9481263160706,2,2593.2,14347.18359375,51211.37890625
586.9576892852783,2,2878.5,14417.5546875,51211.37890625
587.964771270752,2,1201.1,8597.3203125,51211.37890625
588.9720757007599,2,976.4,8159.8671875,51211.37890625
589.979926109314,2,1343.9,7949.0625,51211.37890625
590.9894745349884,2,1918.7,10801.39453125,51211.37890625
592.0234310626984,2,4496.9,12465.6171875,51211.37890625
593.0453460216522,2,4547.1,12965.671875,51211.37890625
594.0569801330566,2,4184.8,14204.29296875,51211.37890625
595.0667386054993,2,4248.5,14898.078125,51211.37890625
596.1076402664185,2,4432.9,14131.17578125,51211.37890625
597.120395898819,2,2899.6,14521.24609375,51211.37890625
598.1404283046722,2,2617.9,14518.73828125,51211.37890625
599.1506018638611,2,2464.6,7347.33984375,51723.38671875
600.1590847969055,2,1202.2,8665.12890625,51211.37890625
601.1689784526825,2,1095.6,8140.125,51211.37890625
602.175705909729,2,1311.5,7946.48828125,51211.37890625
603.183765411377,2,2250.5,10967.37109375,51211.37890625
604.2004280090332,2,4484.2,11685.76953125,51211.37890625
605.2103364467621,2,4586.1,12826.44921875,51211.37890625
606.2207765579224,2,3943.7,13603.23046875,51211.37890625
607.22847032547,2,4515.1,14329.76953125,51211.37890625
608.269617319107,2,4206.7,13841.921875,51211.37890625
609.2784740924835,2,2563.8,13867.67578125,51211.37890625
610.2879297733307,2,3440.0,13806.54296875,51211.37890625
611.2984285354614,2,753.9,8523.36328125,51211.37890625
612.3103637695312,2,1341.6,8386.2265625,51211.37890625
613.3166124820709,2,1480.5,8116.19140625,51211.37890625
614.3250508308411,2,1017.0,9238.5390625,51211.37890625
615.3338277339935,2,3968.7,11604.4765625,51211.37890625
616.3524405956268,2,4604.2,13248.109375,51211.37890625
617.3672862052917,2,4476.5,13673.05078125,51211.37890625
618.3782577514648,2,3925.9,14540.39453125,51211.37890625
619.4180319309235,2,4503.7,13696.95703125,51211.37890625
620.4314346313477,2,3019.0,14028.8359375,51211.37890625
621.4534285068512,2,2660.6,13978.75,51211.37890625
622.4642870426178,2,2851.1,13993.54296875,51211.37890625
623.4746334552765,2,1403.1,8908.3515625,51211.37890625
624.4830157756805,2,885.5,8226.19140625,51211.37890625
625.4964301586151,2,1406.9,8004.578125,51211.37890625
626.5160348415375,2,1920.3,10266.2109375,51211.37890625
627.5394291877747,2,4546.7,11644.46484375,51211.37890625
628.5584433078766,2,4492.4,12919.75390625,51211.37890625
629.5714402198792,2,4013.2,13710.25390625,51211.37890625
630.5957183837891,2,4424.3,14503.81640625,51211.37890625
631.637499332428,2,4285.7,13975.65234375,51211.37890625
632.6445331573486,2,2491.6,14035.3359375,51211.37890625
633.6532456874847,2,3324.5,13942.6328125,51211.37890625
634.6640117168427,2,961.6,8379.92578125,51211.37890625
635.6724286079407,2,1498.1,9039.71484375,51211.37890625
636.6801121234894,2,1268.7,8197.7265625,51211.37890625
637.6944310665131,2,1108.3,7951.83203125,51211.37890625
638.7075369358063,2,2890.0,11767.2890625,51211.37890625
639.7324299812317,2,4498.8,12650.609375,51211.37890625
640.7452473640442,2,4609.1,13853.78515625,51211.37890625
641.7654364109039,2,3931.3,14366.109375,51211.37890625
642.7853786945343,2,4505.1,15096.6796875,51211.37890625
643.826464176178,2,4151.7,14654.609375,51211.37890625
644.8347835540771,2,2579.7,14644.6328125,51211.37890625
645.844428062439,2,3318.6,14602.07421875,51211.37890625
646.8554322719574,2,1060.3,8184.40625,51211.37890625
647.865148305893,2,1447.0,8000.93359375,51211.37890625
648.8724322319031,2,1346.1,7823.30859375,51211.37890625
649.9044761657715,2,1981.7,11577.36328125,51211.37890625
650.9404327869415,2,4474.1,13727.48828125,51211.37890625
651.9594397544861,2,4613.8,14366.3984375,51211.37890625
652.9854273796082,2,4470.6,14396.94140625,51211.37890625
654.0038301944733,2,3971.4,15505.19921875,51243.37890625
655.0435383319855,2,4750.4,15438.50390625,51243.37890625
656.0855646133423,2,4771.7,15364.703125,51243.37890625
657.1267533302307,2,3322.3,15101.21875,51243.37890625
658.1374380588531,2,2896.4,14994.640625,51243.37890625
659.1521320343018,2,3295.1,15185.5078125,51243.37890625
660.1607549190521,2,1768.5,7641.1328125,51243.37890625
661.1704807281494,2,1280.4,10899.609375,51243.37890625
662.2063505649567,2,4475.7,13018.859375,51243.37890625
663.2247142791748,2,4595.3,13308.73828125,51243.37890625
664.2354824542999,2,3993.5,13547.0859375,51243.37890625
665.2714750766754,2,4670.8,13455.375,51243.37890625
666.307461977005,2,4770.3,13394.07421875,51243.37890625
667.3484401702881,2,3073.3,13122.20703125,51243.37890625
668.3685028553009,2,3320.7,13328.19140625,51243.37890625
669.3774306774139,2,1746.3,7154.5625,51243.37890625
670.386470079422,2,1364.1,10685.62890625,51243.37890625
671.4771723747253,2,4449.3,12813.48046875,51243.37890625
672.4874427318573,2,4662.5,11626.50390625,51243.37890625
673.497477054596,2,4121.9,13459.1171875,51243.37890625
674.537957906723,2,4737.1,13428.2734375,51243.37890625
675.5794579982758,2,4768.3,13407.5390625,51243.37890625
676.6204316616058,2,3008.5,13132.6171875,51243.37890625
677.6434321403503,2,3322.9,13328.14453125,51243.37890625
678.6525509357452,2,421.7,7023.1328125,51243.37890625
679.6602177619934,2,849.2,8006.58984375,51243.37890625
680.6682357788086,2,1121.5,7467.98046875,51243.37890625
681.6794698238373,2,2618.5,8472.57421875,51243.37890625
682.6883692741394,2,4010.6,10624.2734375,51243.37890625
683.7068936824799,2,4549.9,11989.00390625,51243.37890625
684.7211635112762,2,4164.3,13167.42578125,51243.37890625
685.7304449081421,2,4396.4,14041.42578125,51243.37890625
686.7752931118011,2,3797.4,13873.99609375,51243.37890625
687.7834770679474,2,2294.4,13814.6171875,51243.37890625
688.7946684360504,2,3179.2,13839.08984375,51243.37890625
689.802063703537,2,411.9,7639.5859375,51243.37890625
690.8104281425476,2,1254.7,8630.05078125,51243.37890625
691.8290677070618,2,986.4,7893.47265625,51243.37890625
692.8384227752686,2,2849.1,9581.47265625,51243.37890625
693.8512041568756,2,4480.2,10903.6875,51243.37890625
694.8666186332703,2,4615.0,12738.78125,51243.37890625
695.8784790039062,2,4181.0,12954.8125,51243.37890625
696.9018490314484,2,4088.7,13007.37109375,51243.37890625
697.9099245071411,2,3152.0,13423.484375,51243.37890625
698.9195778369904,2,2603.7,13337.22265625,51243.37890625
699.9300775527954,2,2522.9,7500.57421875,51755.38671875
700.9382779598236,2,1532.4,9295.59375,51243.37890625
701.9457833766937,2,625.0,8102.17578125,51243.37890625
702.9523582458496,2,1310.3,7827.0234375,51243.37890625
703.9613642692566,2,3056.2,9495.11328125,51243.37890625
704.9724369049072,2,4440.0,10901.40234375,51243.37890625
705.9974582195282,2,4456.0,12358.01953125,51243.37890625
707.0101842880249,2,4097.1,13009.6640625,51243.37890625
708.0189952850342,2,3794.7,13109.58984375,51243.37890625
709.0334324836731,2,3133.4,13591.67578125,51243.37890625
710.0442562103271,2,2281.0,13565.10546875,51243.37890625
711.0551269054413,2,2857.0,9789.86328125,51243.37890625
712.0638406276703,2,1516.8,9248.84375,51243.37890625
713.072539806366,2,593.4,8204.921875,51563.37890625
714.0802080631256,2,1319.0,7874.1328125,51563.37890625
715.0886616706848,2,2297.4,9366.140625,51563.37890625
716.0994329452515,2,4205.9,11211.87109375,51563.37890625
717.118435382843,2,4557.2,13025.72265625,51563.37890625
718.1425199508667,2,4545.1,13964.671875,51563.37890625
719.1601541042328,2,4181.9,14709.2734375,51563.37890625
720.1704459190369,2,3645.5,15198.94140625,51563.37890625
721.1951072216034,2,3821.7,15725.92578125,51563.37890625
722.2133548259735,2,2379.1,16053.94921875,51563.37890625
723.223427772522,2,2274.6,16088.37890625,51563.37890625
724.2369084358215,2,3037.2,16367.9765625,51563.37890625
725.2462303638458,2,577.4,8186.4296875,51563.37890625
726.2541477680206,2,1637.3,8232.53125,51563.37890625
727.2654359340668,2,1015.9,8102.171875,51563.37890625
728.285430431366,2,1461.5,7780.53515625,51563.37890625
729.3477518558502,2,3538.1,10540.70703125,51563.37890625
730.3584377765656,2,4329.7,11588.66015625,51563.37890625
731.3801119327545,2,4601.2,12564.5390625,51563.37890625
732.388126373291,2,4329.5,14464.48046875,51563.37890625
733.4061629772186,2,3692.8,14855.9296875,51563.37890625
734.4159593582153,2,4032.6,15161.3515625,51563.37890625
735.428213596344,2,2539.6,16005.703125,51563.37890625
736.4374377727509,2,1924.3,15892.49609375,51563.37890625
737.4461908340454,2,3720.9,16156.73828125,51563.37890625
738.4541749954224,2,638.0,7545.00390625,51563.37890625
739.4620699882507,2,1560.4,9342.57421875,51563.37890625
740.470757484436,2,678.3,8144.2265625,51563.37890625
741.4777030944824,2,1338.8,7904.73046875,51563.37890625
742.4852125644684,2,2778.6,9357.37890625,51563.37890625
743.4994351863861,2,4455.5,10976.01171875,51563.37890625
744.5194616317749,2,4600.0,12108.6015625,51563.37890625
745.5344395637512,2,4216.9,13119.07421875,51563.37890625
746.5446572303772,2,3674.4,13272.12890625,51563.37890625
747.5574371814728,2,3207.5,13737.94921875,51563.37890625
748.5757002830505,2,2170.4,13753.953125,51563.37890625
749.5843169689178,2,3141.8,13815.0546875,51563.37890625
750.5963485240936,2,1595.2,8718.875,51563.37890625
751.6037878990173,2,655.9,8230.40625,51563.37890625
752.6131024360657,2,1239.6,7970.87109375,51563.37890625
753.6266610622406,2,3563.0,10043.796875,51563.37890625
754.639652967453,2,4419.3,11467.40625,51563.37890625
755.6670162677765,2,4592.5,11898.76171875,51563.37890625
756.680428981781,2,4528.7,13324.6328125,51563.37890625
757.6904425621033,2,3234.2,13912.83203125,51563.37890625
758.709953546524,2,3704.9,14466.0,51563.37890625
759.7164330482483,2,2218.1,14306.39453125,51563.37890625
760.7254285812378,2,3450.9,14409.04296875,51563.37890625
761.7386538982391,2,949.4,8080.2890625,51563.37890625
762.7464241981506,2,1777.4,8342.73046875,51563.37890625
763.7569124698639,2,787.6,8128.21875,51563.37890625
764.7649953365326,2,763.6,7982.75,51563.37890625
765.7733581066132,2,2589.3,8633.30078125,51563.37890625
766.7809209823608,2,4336.0,10490.94140625,51563.37890625
767.8002240657806,2,4595.1,11226.80078125,51563.37890625
768.8124308586121,2,4455.0,12913.5703125,51563.37890625
769.8324372768402,2,3497.5,13164.19140625,51563.37890625
770.8570749759674,2,3331.9,13759.93359375,51563.37890625
771.8653700351715,2,1751.4,13774.50390625,51563.37890625
772.8747265338898,2,3339.1,13933.4140625,51563.37890625
773.8824329376221,2,1364.4,8524.7890625,51563.37890625
774.8924398422241,2,1002.4,8105.6875,51563.37890625
775.9009077548981,2,1004.5,7936.73828125,51563.37890625
776.9083633422852,2,896.5,7768.87109375,51563.37890625
777.9324316978455,2,3743.3,10026.29296875,51563.37890625
778.9505727291107,2,4600.0,11677.50390625,51563.37890625
779.9704353809357,2,4573.1,12665.703125,51563.37890625
780.9854426383972,2,4065.8,12944.75,51563.37890625
782.0004312992096,2,3831.7,13490.546875,51563.37890625
783.018860578537,2,2229.1,13775.46875,51563.37890625
784.0274310112,2,2894.7,13884.7734375,51563.37890625
785.04216837883,2,1516.5,7512.18359375,51563.37890625
786.0515594482422,2,1617.9,8201.75390625,51563.37890625
787.0596175193787,2,885.4,8065.65625,51563.37890625
788.0682396888733,2,785.9,7936.46875,51563.37890625
789.076013803482,2,2739.2,8819.203125,51563.37890625
790.0844340324402,2,4339.3,10484.5390625,51563.37890625
791.0994486808777,2,4492.5,12918.66015625,51563.37890625
792.1124315261841,2,4457.0,12966.8828125,51563.37890625
793.1314482688904,2,3444.9,13324.5,51563.37890625
794.1389088630676,2,3705.3,13994.53125,51563.37890625
795.1466495990753,2,1959.6,13936.75390625,51563.37890625
796.1547124385834,2,3546.1,14039.390625,51563.37890625
797.1618006229401,2,574.4,8211.78515625,51563.37890625
798.1699376106262,2,1651.6,8298.484375,51563.37890625
799.1824345588684,2,1058.6,8157.74609375,51563.37890625
800.2027268409729,2,1828.7,7990.9453125,51563.37890625
801.2673509120941,2,3564.5,10454.53515625,51563.37890625
802.2856018543243,2,4553.5,12433.28515625,51563.37890625
803.3104305267334,2,4476.4,13030.68359375,51563.37890625
804.328843832016,2,3970.3,13192.92578125,51563.37890625
805.3380780220032,2,3826.3,13680.38671875,51563.37890625
806.3464465141296,2,2290.9,13764.86328125,51563.37890625
807.356219291687,2,3349.2,13728.41015625,51563.37890625
808.3666110038757,2,944.8,8403.0234375,51563.37890625
809.3751289844513,2,1673.8,8451.56640625,51563.37890625
810.3835878372192,2,935.4,8250.02734375,51563.37890625
811.3904304504395,2,1873.3,8003.2421875,51563.37890625
812.4554345607758,2,3552.5,10727.96875,51563.37890625
813.4744355678558,2,4538.2,12347.09765625,51563.37890625
814.4954431056976,2,4440.7,13199.91015625,51563.37890625
815.5144758224487,2,3997.9,14109.4921875,51563.37890625
816.5549039840698,2,3883.4,13783.6171875,51563.37890625
817.5733625888824,2,2486.9,13904.65234375,51563.37890625
818.5844304561615,2,3009.9,13892.15234375,51563.37890625
819.5954730510712,2,1441.5,8078.82421875,51563.37890625
820.6031856536865,2,1618.1,9137.95703125,51563.37890625
821.6114385128021,2,751.0,8339.18359375,51563.37890625
822.61993932724,2,1334.0,8043.63671875,51563.37890625
823.6259078979492,2,3181.2,10295.2578125,51563.37890625
824.6394371986389,2,4391.4,11429.97265625,51563.37890625
825.6594717502594,2,4496.9,12480.59765625,51563.37890625
826.6721096038818,2,4141.2,13513.1484375,51563.37890625
827.682431936264,2,3603.2,13653.89453125,51563.37890625
828.6914432048798,2,3220.6,14119.24609375,51563.37890625
829.712096452713,2,2172.6,14052.625,51563.37890625
830.7228190898895,2,3371.7,14187.3125,51563.37890625
831.7314312458038,2,1437.7,8955.06640625,51563.37890625
832.746589422226,2,863.8,8527.97265625,52075.41015625
833.7544312477112,2,1233.0,8285.0390625,51563.37890625
834.764876127243,2,2102.0,8130.25390625,51563.37890625
835.7944324016571,2,3271.6,11247.78515625,51563.37890625
836.8128914833069,2,4429.2,12391.109375,51563.37890625
837.8370435237885,2,4329.9,12927.30859375,51563.37890625
838.8454327583313,2,4416.5,14990.88671875,51563.37890625
839.864443063736,2,4049.5,15938.1484375,51563.37890625
840.8984305858612,2,3742.2,15418.140625,51563.37890625
841.9094393253326,2,2859.8,16335.1328125,51563.37890625
842.9246501922607,2,2165.3,16305.0703125,51563.37890625
843.9341177940369,2,3713.8,16456.83984375,51563.37890625
844.9531223773956,2,820.3,7887.08984375,52075.38671875
845.9611678123474,2,1609.0,9620.46484375,51947.37890625
846.9692139625549,2,727.4,8427.1171875,51947.37890625
847.9768559932709,2,987.6,8297.890625,51947.37890625
848.9844312667847,2,2415.9,8082.44140625,51947.37890625
850.0254337787628,2,3501.3,10674.15234375,51947.37890625
851.0437955856323,2,4590.2,13286.71875,51947.37890625
852.0676870346069,2,4451.7,13621.9296875,51947.37890625
853.0814824104309,2,4003.6,13933.90234375,51947.37890625
854.1004309654236,2,3897.7,14288.94140625,51947.37890625
855.1113619804382,2,2278.4,14357.48046875,51947.37890625
856.1197791099548,2,3283.3,14259.2734375,51947.37890625
857.1299583911896,2,1188.8,8506.22265625,51947.37890625
858.1374342441559,2,1681.1,9314.7890625,51947.37890625
859.14457654953,2,699.2,8477.40234375,51947.37890625
860.1514484882355,2,1367.7,8113.55859375,51947.37890625
861.1748814582825,2,3133.7,10354.54296875,51947.37890625
862.1875126361847,2,4449.5,11575.06640625,51947.37890625
863.2124552726746,2,4615.5,13149.515625,51947.37890625
864.2258627414703,2,3862.6,13476.71484375,51947.37890625
865.233523607254,2,3987.1,13618.43359375,51947.37890625
866.2445006370544,2,3011.0,14081.7578125,51947.37890625
867.2524344921112,2,2183.5,14064.90234375,51947.37890625
868.2627863883972,2,3046.5,14181.0703125,51947.37890625
869.2697882652283,2,1479.0,9068.89453125,51947.37890625
870.2778782844543,2,797.9,8594.96484375,51947.37890625
871.2854721546173,2,1144.5,8455.76953125,51947.37890625
872.2938199043274,2,2475.8,8582.58203125,51947.37890625
873.3022928237915,2,3564.4,11419.7890625,51947.37890625
874.3084354400635,2,4473.2,12921.96875,51947.37890625
875.3284428119659,2,4580.7,13534.75390625,51947.37890625
876.34912276268,2,4373.8,15078.0078125,51947.37890625
877.3684377670288,2,3495.3,15385.83984375,51947.37890625
878.3942821025848,2,4056.7,15917.60546875,51947.37890625
879.4115583896637,2,2481.0,16408.78125,51947.37890625
880.4198312759399,2,2083.7,16288.7109375,51947.37890625
881.4292404651642,2,3572.3,16622.46484375,51947.37890625
882.436872959137,2,622.1,7631.2890625,51947.37890625
883.444748878479,2,1675.1,9356.9296875,51947.37890625
884.4530169963837,2,632.6,8302.98828125,51947.37890625
885.4615151882172,2,1244.8,8119.9453125,51947.37890625
886.4688649177551,2,1876.4,9128.12890625,51947.37890625
887.4764294624329,2,4358.1,10713.8359375,51947.37890625
888.4929611682892,2,4555.0,12040.4921875,51947.37890625
889.5044646263123,2,4246.2,13499.203125,51947.37890625
890.519428730011,2,3663.5,13598.5,51947.37890625
891.5302269458771,2,3125.6,14114.89453125,51947.37890625
892.54443192482,2,2082.8,14055.80859375,51947.37890625
893.561609506607,2,3286.3,14203.64453125,51947.37890625
894.5694425106049,2,1668.3,9398.8984375,51947.37890625
895.5860080718994,2,531.4,8777.6484375,51947.37890625
896.6014285087585,2,1608.9,8608.109375,51947.37890625
897.6580033302307,2,3209.9,11913.59765625,51947.37890625
898.6764583587646,2,4589.0,12993.1953125,51947.37890625
899.6974320411682,2,4484.1,14203.41796875,51947.37890625
900.7180783748627,2,4143.5,15150.890625,51947.37890625
901.758439540863,2,4370.8,14243.39453125,51947.37890625
902.7724301815033,2,3081.8,14679.26171875,51947.37890625
903.7844400405884,2,2518.3,14544.3828125,51947.37890625
904.7921440601349,2,2979.2,14661.88671875,51947.37890625
905.7998914718628,2,1763.5,9481.25390625,51947.37890625
906.8086423873901,2,898.6,8770.546875,51947.37890625
907.8168079853058,2,1550.3,10658.109375,51947.37890625
908.8254818916321,2,3529.2,13565.94140625,51947.37890625
909.8629674911499,2,4608.3,14241.5546875,51947.37890625
910.8866415023804,2,4520.2,13674.91015625,51947.37890625
911.900951385498,2,4229.9,14988.79296875,51947.37890625
912.9114737510681,2,4501.5,15693.984375,51947.37890625
913.952469587326,2,4630.6,15609.96875,51947.37890625
914.9940621852875,2,4273.2,15065.3203125,51947.37890625
916.006441116333,2,2984.5,15361.4140625,51947.37890625
917.0238072872162,2,3050.4,15407.625,51947.37890625
918.0347082614899,2,1049.7,8454.39453125,51947.37890625
919.0433945655823,2,1754.7,9137.578125,51947.37890625
920.0515384674072,2,1271.5,8398.44140625,51947.37890625
921.0701518058777,2,2637.0,11439.15625,51947.37890625
922.0964291095734,2,4568.7,12358.515625,51947.37890625
923.1129684448242,2,4476.3,13415.34375,51947.37890625
924.1247215270996,2,4180.6,14534.50390625,51947.37890625
925.1354782581329,2,4487.1,15274.765625,51947.37890625
926.1761476993561,2,3996.6,14743.16015625,51947.37890625
927.1874310970306,2,2810.2,14992.71484375,51947.37890625
928.195428609848,2,2783.6,14828.34375,51947.37890625
929.2133679389954,2,1703.9,7987.68359375,51947.37890625
930.2208909988403,2,1706.0,9213.7109375,51947.37890625
931.2284641265869,2,1243.7,8388.35546875,51947.37890625
932.2377195358276,2,3275.1,11818.33203125,51947.37890625
933.252436876297,2,4503.0,12472.90234375,51947.37890625
934.2724258899689,2,4449.9,13689.171875,51947.37890625
935.291469335556,2,4242.3,14486.80078125,51947.37890625
936.3335249423981,2,4262.2,13642.58984375,51947.37890625
937.3491797447205,2,3134.9,14160.015625,51947.37890625
938.3609735965729,2,2719.4,14093.87890625,51947.37890625
939.3714439868927,2,2066.2,7574.7265625,51947.37890625
940.379447221756,2,1742.6,9663.703125,51947.37890625
941.3882570266724,2,952.1,8461.21875,51947.37890625
942.3961477279663,2,2168.1,10575.92578125,51947.37890625
943.4214291572571,2,4521.3,12268.77734375,51947.37890625
944.4396865367889,2,4419.2,13155.25390625,51947.37890625
945.4524648189545,2,4237.0,14385.18359375,51947.37890625
946.4627156257629,2,4479.3,15085.06640625,51947.37890625
947.5039732456207,2,4056.8,14584.2890625,51947.37890625
948.5127384662628,2,2706.7,14770.12890625,51947.37890625
949.5217342376709,2,3067.1,14601.25,51947.37890625
950.53258061409,2,1222.1,9089.53125,51947.37890625
951.5429043769836,2,1694.3,9626.59375,51947.37890625
952.5504419803619,2,1245.6,8776.89453125,51947.37890625
953.5594689846039,2,2154.8,12039.0546875,51947.37890625
954.5784311294556,2,4496.3,14355.2578125,51947.37890625
955.5968058109283,2,4665.9,14904.0859375,51947.37890625
956.6224327087402,2,4365.1,15171.41015625,51947.37890625
957.6353628635406,2,4197.9,16028.09765625,51947.37890625
958.6764688491821,2,4668.4,15974.484375,51947.37890625
959.7118268013,2,4772.4,15879.71875,51947.37890625
960.7523012161255,2,3279.1,15680.2265625,51947.37890625
961.7604293823242,2,2874.9,15571.9765625,51947.37890625
962.7675275802612,2,2953.7,15798.12890625,51947.37890625
963.7754275798798,2,1484.4,9515.84765625,51947.37890625
964.7921140193939,2,1132.9,8730.14453125,51947.37890625
965.800062417984,2,1555.0,10005.796875,51947.37890625
966.8084754943848,2,3181.2,13561.16796875,51947.37890625
967.8284306526184,2,4598.7,14279.04296875,51947.37890625
968.847193479538,2,4514.6,16417.2265625,51947.37890625
969.8637437820435,2,4404.9,15163.33984375,51947.37890625
970.8744707107544,2,4314.1,16024.125,51947.37890625
971.915093421936,2,4684.6,15966.0703125,51947.37890625
972.9564309120178,2,4216.4,15216.91796875,51947.37890625
973.9674308300018,2,3086.7,15651.45703125,51947.37890625
974.989431142807,2,2906.0,15684.62109375,51947.37890625
975.9999196529388,2,2007.9,7695.80859375,51947.37890625
977.0094316005707,2,2249.5,7703.63671875,51947.37890625
978.0210976600647,2,2736.0,8702.9140625,51947.37890625
979.028847694397,2,1908.1,7206.47265625,51754.53125
980.0370466709137,2,865.1,8402.765625,51754.53125
981.0451085567474,2,2529.0,9863.28125,51754.53125
982.0574288368225,2,4171.1,11422.75390625,51754.53125
983.0774381160736,2,4623.4,15726.6015625,58922.53125
984.1021282672882,2,4470.8,14914.546875,58962.53125
985.1098039150238,2,4073.0,15375.3984375,58962.53125
986.1164009571075,2,3272.1,15626.5390625,58962.53125
987.1240081787109,2,3570.1,16412.6171875,58962.53125
988.1458444595337,2,1987.3,16833.328125,58962.53125
989.1529958248138,2,1559.8,16789.1953125,58962.53125
990.1624376773834,2,4031.6,17044.921875,58962.53125
991.1705739498138,2,786.3,7940.10546875,61010.546875
992.179098367691,2,868.5,8928.38671875,58962.53125
993.1865317821503,2,2999.1,9015.05078125,58962.53125
994.1964399814606,2,3157.8,12598.49609375,58962.53125
995.2082903385162,2,4342.2,13393.91796875,58962.53125
996.2344355583191,2,4651.7,18305.51953125,67154.53125
997.2604465484619,2,4619.5,19841.27734375,67154.53125
998.275458574295,2,4413.5,18281.4765625,67154.53125
999.2894299030304,2,4390.5,18944.16796875,67154.53125
1000.3077130317688,2,3530.5,19286.9765625,67154.53125
1001.333678483963,2,3583.6,19584.74609375,67154.53125
1002.3589482307434,2,4063.2,20077.4375,67154.53125
1003.3723249435425,2,2747.2,20989.25,67154.53125
1004.380429983139,2,1560.9,20902.1015625,67154.53125
1005.3875699043274,2,1679.9,20965.2265625,67154.53125
1006.397438287735,2,3429.1,21212.40625,67154.53125
1007.4088459014893,2,2694.3,21430.18359375,67154.53125
1008.4167187213898,2,537.7,7881.73046875,67154.53125
1009.4247579574585,2,2017.3,8761.3984375,67154.53125
1010.4754483699799,2,3200.4,11609.421875,67154.53125
1011.4894309043884,2,4344.1,12735.765625,67154.53125
1012.5084385871887,2,4658.7,16926.375,67154.53125
1013.5330348014832,2,4630.9,19553.57421875,67154.53125
1014.5535898208618,2,4381.5,18006.77734375,67154.53125
1015.5674302577972,2,4327.2,18415.4921875,67154.53125
1016.5859591960907,2,3593.9,18685.94921875,67154.53125
1017.5944409370422,2,3589.7,19034.75,67154.53125
1018.6195819377899,2,4139.3,19771.76171875,67154.53125
1019.6321198940277,2,1960.1,20218.44140625,67154.53125
1020.6396737098694,2,1852.2,20107.36328125,67154.53125
1021.6484341621399,2,2289.5,20399.140625,67154.53125
1022.6589796543121,2,3735.5,20553.6484375,67154.53125
1023.6673030853271,2,618.9,9036.44140625,69202.546875
1024.675431728363,2,1030.4,8677.2109375,67154.53125
1025.684289932251,2,3116.5,10701.04296875,67202.53125
1026.6983606815338,2,4381.8,12611.56640625,67202.53125
1027.717441558838,2,4520.9,15879.30078125,67202.53125
1028.7524363994598,2,4671.6,20852.73046875,67202.53125
1029.7771294116974,2,4410.4,17187.74609375,67202.53125
1030.7898902893066,2,4468.3,18274.31640625,67202.53125
1031.8094367980957,2,3461.3,18690.328125,67202.53125
1032.8173995018005,2,3820.6,18786.34765625,67202.53125
1033.8254268169403,2,4015.9,19359.984375,67202.53125
1034.8357436656952,2,2555.8,20276.328125,67202.53125
1035.8442330360413,2,1719.4,20206.8984375,67202.53125
1036.852740764618,2,1565.7,20277.91015625,67202.53125
1037.8658170700073,2,4584.1,20241.859375,67202.53125
1038.8768889904022,2,1087.5,20700.30078125,67202.53125
1039.8855435848236,2,899.3,8619.609375,67202.53125
1040.894055366516,2,2508.0,9662.65234375,67202.53125
1041.90443110466,2,3821.6,12483.73046875,67202.53125
1042.9230365753174,2,4487.3,14980.19921875,67202.53125
1043.9484374523163,2,4689.4,19517.078125,67202.53125
1044.9731259346008,2,4474.2,15801.8671875,67202.53125
1045.9944324493408,2,4433.0,18307.54296875,67202.53125
1047.0134360790253,2,4146.2,18624.33984375,67202.53125
1048.0308117866516,2,3394.0,18944.8125,67202.53125
1049.0564305782318,2,3754.7,19220.9296875,67202.53125
1050.0691316127777,2,3470.4,20391.65234375,67202.53125
1051.0778079032898,2,1518.9,20249.25390625,67202.53125
1052.085734128952,2,1766.2,20140.515625,67202.53125
1053.0938436985016,2,3777.8,20369.44140625,67202.53125
1054.1054306030273,2,1954.4,20725.3515625,67202.53125
1055.1140117645264,2,593.5,8364.859375,67202.53125
1056.1215372085571,2,936.8,9561.3671875,67202.53125
1057.1337711811066,2,3392.8,11111.08984375,67202.53125
1058.141608953476,2,3974.4,14144.796875,67202.53125
1059.1504292488098,2,4396.5,14578.421875,67202.53125
1060.1694395542145,2,4603.8,19239.21484375,67202.53125
1061.195434808731,2,4669.0,24455.6875,67202.53125
1062.220102071762,2,4426.4,19079.03515625,77442.53125
1063.242434978485,2,4470.3,20474.515625,77442.53125
1064.2654385566711,2,4467.7,20690.43359375,77442.53125
1065.2754485607147,2,3165.1,20911.921875,77442.53125
1066.3021235466003,2,3366.7,21195.29296875,77442.53125
1067.315304517746,2,4100.3,21717.33984375,77442.53125
1068.325974225998,2,2690.9,22579.43359375,77442.53125
1069.3318223953247,2,1659.5,22503.06640625,77442.53125
1070.3394317626953,2,1784.0,22442.484375,77442.53125
1071.352436542511,2,3191.5,22792.9296875,77442.53125
1072.364759683609,2,2965.5,22928.69140625,77442.53125
1073.3729095458984,2,586.7,7729.65625,77442.53125
1074.3818929195404,2,989.4,9244.44140625,77442.53125
1075.3904383182526,2,3503.9,9544.390625,77442.53125
1076.424159526825,2,2735.8,13515.5859375,77442.53125
1077.4389653205872,2,4371.1,14616.2578125,77442.53125
1078.4572069644928,2,4611.9,18175.92578125,77442.53125
1079.4824333190918,2,4660.4,23257.44140625,77442.53125
1080.5084738731384,2,4443.5,17020.17578125,77442.53125
1081.5244297981262,2,4408.2,20410.26953125,77442.53125
1082.5434358119965,2,4487.8,20570.86328125,77442.53125
1083.5622057914734,2,3323.2,20795.23046875,77442.53125
1084.5724396705627,2,3761.1,20926.58203125,77442.53125
1085.585429430008,2,3476.1,21376.69921875,77442.53125
1086.6001629829407,2,3658.8,22567.0390625,77442.53125
1087.6064376831055,2,1556.0,22544.6328125,77442.53125
1088.6164400577545,2,1856.2,22418.3203125,77442.53125
1089.6307106018066,2,2315.9,22673.875,77442.53125
1090.6421251296997,2,4003.7,22907.875,77442.53125
1091.650797367096,2,653.7,8520.921875,79490.546875
1092.6589868068695,2,882.4,9204.55078125,77442.53125
1093.6684319972992,2,2630.9,9499.24609375,77442.53125
1094.7194304466248,2,2709.3,12821.27734375,77442.53125
1095.7394323349,2,4440.7,14492.0078125,77442.53125
1096.7504448890686,2,4552.4,16719.328125,77442.53125
1097.7752420902252,2,4660.0,21430.09375,77442.53125
1098.7997162342072,2,4494.4,16658.828125,77442.53125
1099.8086385726929,2,4449.0,20345.4375,77442.53125
1100.8184294700623,2,4495.1,20540.3515625,77442.53125
1101.837448835373,2,3355.0,20871.73828125,77442.53125
1102.8634383678436,2,3429.6,21067.7890625,77442.53125
1103.886432170868,2,3451.3,21122.046875,77442.53125
1104.9007494449615,2,4329.9,22148.15234375,77442.53125
1105.9087171554565,2,1639.1,22575.8125,77442.53125
1106.9165790081024,2,1769.8,22541.515625,77442.53125
1107.926369190216,2,1631.2,22673.88671875,77442.53125
1108.9454295635223,2,4574.8,22628.91796875,77442.53125
1109.958547592163,2,1197.2,23097.46484375,77442.53125
1110.9705698490143,2,618.2,8653.48828125,77442.53125
1111.9784290790558,2,1632.9,9520.10546875,77442.53125
1113.0277576446533,2,2808.5,11952.0078125,77442.53125
1114.0392944812775,2,4457.6,14381.1484375,77442.53125
1115.058440208435,2,4471.0,15774.91015625,77442.53125
1116.0826950073242,2,4678.5,20167.26171875,77442.53125
1117.10844039917,2,4648.8,23588.87109375,77442.53125
1118.1264479160309,2,4427.6,19696.38671875,77442.53125
1119.143450498581,2,4459.5,20468.875,77442.53125
1120.1630351543427,2,3783.2,20775.65625,77442.53125
1121.1694421768188,2,3216.2,21068.4375,77442.53125
1122.194438457489,2,3563.8,21164.5546875,77442.53125
1123.2083921432495,2,4115.5,22138.24609375,77442.53125
1124.2168769836426,2,2187.5,22734.59375,77442.53125
1125.225725889206,2,1733.6,22595.3046875,77442.53125
1126.234492778778,2,1507.8,22549.1328125,77442.53125
1127.2424321174622,2,3988.3,22774.1953125,77442.53125
1128.261069059372,2,2172.6,23006.14453125,77442.53125
1129.2693660259247,2,568.7,8136.52734375,77442.53125
1130.2770082950592,2,946.3,9225.515625,77442.53125
1131.2840886116028,2,3457.6,10595.1484375,77442.53125
1132.2924363613129,2,3607.0,13941.53515625,77442.53125
1133.3043298721313,2,4365.7,14589.46875,77442.53125
1134.3233664035797,2,4613.6,18906.0390625,77442.53125
1135.349434375763,2,4701.3,24290.09375,77442.53125
1136.375440120697,2,4427.2,17762.81640625,77442.53125
1137.3944313526154,2,4438.9,20526.55078125,77442.53125
1138.41343832016,2,4512.4,20706.2109375,77442.53125
1139.4389753341675,2,3209.0,20963.97265625,77442.53125
1140.4652526378632,2,2875.8,21161.65625,77442.53125
1141.4737031459808,2,4008.1,21628.02734375,77442.53125
1142.4843208789825,2,3181.5,22775.359375,77442.53125
1143.492194890976,2,1562.2,22697.89453125,77442.53125
1144.5023441314697,2,1844.1,22499.43359375,77442.53125
1145.5154333114624,2,2561.2,22808.015625,77442.53125
1146.5303304195404,2,3708.4,22961.66015625,77442.53125
1147.5387201309204,2,607.0,8829.18359375,79490.546875
1148.5469100475311,2,877.3,9243.58984375,77442.53125
1149.5564317703247,2,2750.7,9506.015625,77442.53125
1150.6064603328705,2,2407.4,13244.4296875,77442.53125
1151.6264293193817,2,3797.7,15557.7578125,77442.53125
1152.645434141159,2,4376.5,16041.09375,77442.53125
1153.6644399166107,2,4537.2,20367.96484375,77442.53125
1154.6910381317139,2,4662.5,25106.69921875,77442.53125
1155.7144351005554,2,4609.6,30221.140625,77442.53125
1156.741090297699,2,4170.3,20458.03515625,77498.53125
1157.7574434280396,2,4591.7,24308.8125,77498.53125
1158.7714393138885,2,4334.0,24811.125,77498.53125
1159.7912766933441,2,4386.9,25292.95703125,77498.53125
1160.8104553222656,2,3677.6,25524.78125,77498.53125
1161.8364479541779,2,3733.9,25934.53515625,77498.53125
1162.8607976436615,2,3756.4,25887.359375,77498.53125
1163.8697230815887,2,3686.9,26667.953125,77498.53125
1164.8805277347565,2,3394.4,28306.6171875,77498.53125
1165.8892900943756,2,1637.5,28507.43359375,77498.53125
1166.8967905044556,2,1670.3,28617.44921875,77498.53125
1167.9043850898743,2,1685.6,28578.89453125,77498.53125
1168.9134364128113,2,3318.0,28839.76953125,77498.53125
1169.9241969585419,2,4080.4,29325.7734375,77498.53125
1170.931827545166,2,560.4,29621.80078125,77498.53125
1171.9400851726532,2,595.1,9333.1328125,79546.546875
1172.9484252929688,2,1666.2,8659.70703125,77498.53125
1173.9724326133728,2,3419.9,11386.84765625,77498.53125
1174.9907944202423,2,4551.4,14215.640625,77498.53125
1176.0154604911804,2,4524.0,13618.34765625,77498.53125
1177.029432296753,2,4301.2,15327.55078125,77498.53125
1178.0374386310577,2,3196.6,15613.60546875,77498.53125
1179.0623667240143,2,3812.0,16375.47265625,77498.53125
1180.0846700668335,2,2181.8,16880.50390625,77498.53125
1181.0930182933807,2,1641.0,16721.546875,77498.53125
1182.1004493236542,2,3830.8,17188.80078125,77498.53125
1183.1087083816528,2,676.2,8789.0703125,79546.546875
1184.1174306869507,2,1229.8,8858.51171875,77498.53125
1185.173245191574,2,3521.6,11387.6953125,77498.53125
1186.19163107872,2,4490.4,13782.3515625,77498.53125
1187.217242717743,2,4495.4,13309.71875,77498.53125
1188.2304282188416,2,4278.8,15214.7890625,77498.53125
1189.248941898346,2,3197.5,15495.09375,77498.53125
1190.258372783661,2,3920.3,15904.52734375,77498.53125
1191.269430398941,2,2363.1,16672.23828125,77498.53125
1192.2819566726685,2,1649.0,16653.26953125,77498.53125
1193.291123867035,2,3793.7,16894.265625,77498.53125
1194.3145625591278,2,802.1,7953.06640625,79546.546875
1195.3226878643036,2,706.8,9188.578125,77498.53125
1196.3304278850555,2,2219.9,9674.34375,77498.53125
1197.3750965595245,2,2388.1,12574.5625,77498.53125
1198.3893978595734,2,4327.9,15559.7734375,77498.53125
1199.4079501628876,2,4395.5,16028.44140625,77498.53125
1200.4316828250885,2,4591.3,20339.625,77498.53125
1201.4564385414124,2,4672.5,25518.94921875,77498.53125
1202.4826107025146,2,4697.9,30529.203125,77498.53125
1203.507441520691,2,4351.6,20451.54296875,77498.53125
1204.5329627990723,2,4290.2,24673.0703125,77498.53125
1205.54243850708,2,4644.1,24709.12109375,77498.53125
1206.5624318122864,2,4215.0,25110.1328125,77498.53125
1207.5814473628998,2,3576.6,25367.84375,77498.53125
1208.6082382202148,2,3717.5,25761.3671875,77498.53125
1209.6339013576508,2,3477.7,25748.25390625,77498.53125
1210.6400458812714,2,4347.4,26972.08984375,77498.53125
1211.6487867832184,2,2935.0,28332.234375,77498.53125
1212.6565761566162,2,1664.4,28256.44140625,77498.53125
1213.6674304008484,2,1955.1,28180.85546875,77498.53125
1214.6752398014069,2,1296.5,28168.30859375,77498.53125
1215.681791305542,2,4168.0,28684.9765625,77498.53125
1216.6935021877289,2,2911.5,29212.7109375,77498.53125
1217.6993408203125,2,611.8,29503.01171875,77498.53125
1218.709533214569,2,555.7,8084.6953125,77498.53125
1219.7172882556915,2,1361.4,9460.94921875,77498.53125
1220.768880367279,2,2877.6,11843.5234375,77498.53125
1221.7804317474365,2,4466.5,14082.76953125,77498.53125
1222.798807144165,2,4468.0,16287.5234375,77498.53125
1223.8244442939758,2,4665.9,21074.72265625,77498.53125
1224.8522996902466,2,4470.1,16541.2109375,77498.53125
1225.8614320755005,2,4412.5,20119.81640625,77498.53125
1226.8804364204407,2,4522.7,20290.8515625,77498.53125
1227.899447441101,2,3476.4,20543.3125,77498.53125
1228.9264402389526,2,3883.1,20630.25390625,77498.53125
1229.9384326934814,2,3836.5,21273.8203125,77498.53125
1230.9505145549774,2,2896.0,22126.26171875,77498.53125
1231.9622962474823,2,1772.2,22069.74609375,77498.53125
1232.9710564613342,2,1637.6,22079.2265625,77498.53125
1233.980429649353,2,4042.6,22296.5,77498.53125
1234.9909207820892,2,1895.8,22599.08203125,77498.53125
1235.9983143806458,2,522.1,8581.0859375,77498.53125
1237.0058641433716,2,874.1,9896.0859375,77498.53125
1238.0154285430908,2,3605.4,10040.91015625,77498.53125
1239.0474736690521,2,2340.3,13947.16796875,77498.53125
1240.0654335021973,2,4350.2,16156.76171875,77498.53125
1241.0844407081604,2,4391.0,16636.171875,77498.53125
1242.1044385433197,2,4606.2,21130.86328125,77498.53125
1243.1294341087341,2,4659.0,26104.18359375,77498.53125
1244.1544375419617,2,4672.4,31271.26953125,77498.53125
1245.179847240448,2,4313.0,21187.19140625,89786.53125
1246.195442199707,2,4608.1,25013.7265625,89786.53125
1247.2119166851044,2,4278.2,25519.39453125,89786.53125
1248.2357003688812,2,4311.4,25910.140625,89786.53125
1249.2544486522675,2,3214.6,26236.16015625,89786.53125
1250.2804448604584,2,3721.3,26547.0546875,89786.53125
1251.3057689666748,2,3905.4,26625.39453125,89786.53125
1252.3214292526245,2,4153.3,27130.89453125,89786.53125
1253.335896730423,2,3640.0,28296.97265625,89786.53125
1254.344497203827,2,1744.0,29192.68359375,89786.53125
1255.3534352779388,2,1767.0,28894.14453125,89786.53125
1256.3668236732483,2,1896.4,28982.01953125,89786.53125
1257.376614332199,2,1931.3,29123.47265625,89786.53125
1258.385141134262,2,4537.3,29435.27734375,89786.53125
1259.3984906673431,2,1837.7,29926.49609375,89786.53125
1260.40718126297,2,769.5,30261.79296875,89786.53125
1261.415611743927,2,583.6,8578.6015625,89786.53125
1262.4231355190277,2,978.2,9517.63671875,89786.53125
1263.430142879486,2,3648.8,10569.171875,89786.53125
1264.454981803894,2,3090.4,14393.0390625,89786.53125
1265.4674394130707,2,4223.2,15990.15625,89786.53125
1266.4864382743835,2,4469.6,17795.78515625,89786.53125
1267.5115704536438,2,4663.8,22234.54296875,89786.53125
1268.5374405384064,2,4675.1,27908.2578125,89786.53125
1269.5616717338562,2,4441.8,23728.43359375,89786.53125
1270.5794520378113,2,4328.4,23250.3828125,89786.53125
1271.6094284057617,2,4280.8,24913.6796875,89786.53125
1272.6364290714264,2,4454.1,25091.3359375,89786.53125
1273.6551938056946,2,3775.4,25472.6015625,89786.53125
1274.66544008255,2,3341.7,25863.8125,89786.53125
1275.6899473667145,2,4500.8,25757.66015625,89786.53125
1276.6984317302704,2,3346.7,26207.39453125,89786.53125
1277.7114324569702,2,4191.7,27541.1796875,89786.53125
1278.730437040329,2,1942.2,28349.69921875,89786.53125
1279.7394306659698,2,1511.6,28315.98828125,89786.53125
1280.7487707138062,2,2030.7,28280.3046875,89786.53125
1281.756328344345,2,1532.3,28429.8828125,89786.53125
1282.767430305481,2,4461.7,28968.4296875,89786.53125
1283.7858736515045,2,1955.9,29349.234375,89786.53125
1284.7938840389252,2,753.6,29677.921875,89786.53125
1285.80233836174,2,606.6,8585.32421875,89786.53125
1286.8096942901611,2,900.8,9503.9765625,89786.53125
1287.8177440166473,2,3620.6,10718.05859375,89786.53125
1288.8280186653137,2,3240.6,14430.57421875,89786.53125
1289.8424310684204,2,4223.9,15976.17578125,89786.53125
1290.861438035965,2,4452.5,17991.0546875,89786.53125
1291.8864362239838,2,4666.6,21945.30859375,89786.53125
1292.9124398231506,2,4710.5,27727.5390625,89786.53125
1293.936938047409,2,4673.5,23375.046875,89786.53125
1294.9624524116516,2,4325.4,23210.578125,89786.53125
1295.9894285202026,2,4291.2,24873.84765625,89786.53125
1297.0084309577942,2,4473.8,25071.15625,89786.53125
1298.0268306732178,2,3751.6,25386.4375,89786.53125
1299.034438610077,2,2964.7,25826.84765625,89786.53125
1300.0539820194244,2,4669.6,25900.8046875,89786.53125
1301.06343126297,2,3475.3,26051.6640625,89786.53125
1302.0776991844177,2,4200.2,27465.8359375,89786.53125
1303.0974340438843,2,2002.7,28263.0546875,89786.53125
1304.115734577179,2,1515.4,28286.62890625,89786.53125
1305.1233599185944,2,2035.5,28309.546875,89786.53125
1306.1324310302734,2,1674.8,28502.76953125,89786.53125
1307.1464364528656,2,4511.0,28945.78515625,89786.53125
1308.1662423610687,2,1740.6,29326.72265625,89786.53125
1309.1742911338806,2,819.2,29682.22265625,89786.53125
1310.1813983917236,2,616.3,8657.03515625,89786.53125
1311.1894323825836,2,1412.6,9637.578125,89786.53125
1312.2353785037994,2,2650.7,12110.80078125,89786.53125
1313.2444450855255,2,4373.2,15056.20703125,89786.53125
1314.2574353218079,2,4158.0,16014.96875,89786.53125
1315.270439863205,2,4551.7,19087.90234375,89786.53125
1316.2964408397675,2,4666.9,23981.234375,89786.53125
1317.3344395160675,2,4671.0,29319.66015625,89786.53125
1318.3584411144257,2,4374.6,19754.90625,89786.53125
1319.3704342842102,2,4602.5,23888.03515625,89786.53125
1320.3924403190613,2,4323.7,24890.76171875,89786.53125
1321.4124331474304,2,4419.0,25249.25,89786.53125
1322.4314482212067,2,3548.3,25605.7421875,89786.53125
1323.4584500789642,2,3727.3,25953.8359375,89786.53125
1324.484442949295,2,3980.4,26035.6953125,89786.53125
1325.5095427036285,2,4119.3,26570.07421875,89786.53125
1326.5214309692383,2,3405.3,28202.71484375,89786.53125
1327.5404305458069,2,1677.1,28592.80078125,89786.53125
1328.5569875240326,2,1760.8,28440.15625,89786.53125
1329.5654854774475,2,1685.4,28304.9375,89786.53125
1330.5724303722382,2,2838.6,28862.63671875,89786.53125
1331.5909650325775,2,4421.5,29163.3828125,89786.53125
1332.599232673645,2,625.7,29524.64453125,89786.53125
1333.6075232028961,2,662.3,8637.328125,91834.546875
1334.6160154342651,2,660.2,9453.89453125,89786.53125
1335.623378276825,2,1001.4,10159.234375,89786.53125
1336.6776797771454,2,4069.8,10900.2734375,89786.53125
1337.6864395141602,2,2882.7,15111.01953125,89786.53125
1338.7028365135193,2,4204.9,16795.32421875,89786.53125
1339.7154350280762,2,4517.4,17009.24609375,89786.53125
1340.7354381084442,2,4604.5,21678.1171875,89786.53125
1341.7602543830872,2,4666.2,26646.15625,89786.53125
1342.7854437828064,2,4450.4,30908.65625,89786.53125
1343.8054609298706,2,4351.4,21828.84375,89786.53125
1344.8207705020905,2,4605.2,25361.35546875,89786.53125
1345.8347764015198,2,4308.4,26095.5546875,89786.53125
1346.8585703372955,2,4349.9,26396.4609375,89786.53125
1347.8773303031921,2,3218.0,26664.515625,89786.53125
1348.8874394893646,2,2915.3,27039.35546875,89786.53125
1349.9071938991547,2,4597.9,26767.84375,89786.53125
1350.9175188541412,2,3454.6,27181.390625,89786.53125
1351.9286451339722,2,4329.2,28478.0234375,89786.53125
1352.9471068382263,2,2406.3,29495.4921875,89786.53125
1353.9577581882477,2,1654.8,29440.37890625,89786.53125
1354.9644329547882,2,1890.0,29405.62109375,89786.53125
1355.973417043686,2,1352.9,29392.82421875,89786.53125
1356.9800930023193,2,3315.8,30028.4140625,89786.53125
1357.9948267936707,2,4447.4,30252.3203125,89786.53125
1359.0038220882416,2,773.5,30671.4375,89786.53125
1360.0121896266937,2,662.4,8332.29296875,91834.546875
1361.0205438137054,2,1076.8,8616.28125,89786.53125
1362.0465350151062,2,3639.6,10929.12109375,89786.53125
1363.0563669204712,2,4349.9,13548.0703125,89786.53125
1364.0804421901703,2,4482.8,13005.92578125,89786.53125
1365.0940499305725,2,4307.8,15053.24609375,89786.53125
1366.117305278778,2,3401.0,15365.546875,89786.53125
1367.141432762146,2,3809.7,16119.39453125,89786.53125
1368.1597781181335,2,2186.3,16606.296875,89786.53125
1369.167863368988,2,1562.7,16558.19140625,89786.53125
1370.175698041916,2,3680.3,17031.453125,89786.53125
1371.1823987960815,2,578.4,9543.2265625,91834.546875
1372.19043135643,2,1842.3,8800.0625,89786.53125
1373.243432044983,2,3445.8,11451.5859375,89786.53125
1374.2618460655212,2,4571.2,14533.58984375,89786.53125
1375.285901069641,2,4533.1,14031.62109375,89786.53125
1376.301191329956,2,4302.6,15048.578125,89786.53125
1377.3204424381256,2,3158.6,15258.00390625,89786.53125
1378.345134973526,2,3811.6,16046.515625,89786.53125
1379.363221168518,2,1700.4,16503.66796875,89786.53125
1380.3723154067993,2,1859.3,16599.1875,89786.53125
1381.4008135795593,2,3235.0,16819.44921875,89786.53125
1382.408998966217,2,614.5,7700.4375,89786.53125
1383.41797208786,2,900.0,9762.0,89786.53125
1384.4254298210144,2,1721.2,10127.01953125,89786.53125
1385.4762682914734,2,2978.5,12170.8984375,89786.53125
1386.4844906330109,2,3897.8,15200.51171875,89786.53125
1387.4994332790375,2,4209.8,16735.390625,89786.53125
1388.5184407234192,2,4449.2,18033.12109375,89786.53125
1389.5455086231232,2,4619.4,22136.8828125,89786.53125
1390.5702831745148,2,4657.5,28393.15625,89786.53125
1391.5954451560974,2,4674.8,29942.39453125,89786.53125
1392.620450258255,2,4297.2,21742.625,89786.53125
1393.646430015564,2,4248.8,26132.46875,89786.53125
1394.6647851467133,2,4622.0,26107.03125,89786.53125
1395.674438238144,2,4326.6,26473.05078125,89786.53125
1396.6944468021393,2,2981.6,26793.01171875,89786.53125
1397.7214460372925,2,3448.6,27093.59375,89786.53125
1398.7474393844604,2,3943.5,27112.01171875,89786.53125
1399.7674322128296,2,4118.2,27681.75,89786.53125
1400.7784488201141,2,4062.4,28872.1328125,89786.53125
1401.7854409217834,2,1698.7,29536.24609375,89786.53125
1402.7919175624847,2,1515.1,29536.6015625,89786.53125
1403.8010790348053,2,2037.2,29427.16015625,89786.53125
1404.8079311847687,2,1151.1,29410.26953125,89786.53125
1405.8164310455322,2,4116.1,29914.1640625,89786.53125
1406.8296389579773,2,3648.9,30450.10546875,89786.53125
1407.837723493576,2,560.8,30704.76171875,89786.53125
1408.8451836109161,2,630.5,9590.7265625,91834.546875
1409.8539626598358,2,898.7,9602.609375,89786.53125
1410.8634281158447,2,2435.4,9804.99609375,89786.53125
1411.9148778915405,2,2440.7,12760.64453125,89786.53125
1412.9264311790466,2,4303.7,15776.2890625,89786.53125
1413.9454362392426,2,4401.8,16250.33203125,89786.53125
1414.9654383659363,2,4605.7,20165.44140625,89786.53125
1415.990041255951,2,4664.2,24629.62890625,89786.53125
1417.0154356956482,2,4675.9,30067.3515625,89786.53125
1418.039704322815,2,4327.6,20485.37890625,89786.53125
1419.0655100345612,2,4595.5,24339.328125,89786.53125
1420.077439546585,2,4343.0,24800.3125,89786.53125
1421.0974390506744,2,4288.9,25254.73046875,89786.53125
1422.1174523830414,2,3449.5,25496.70703125,89786.53125
1423.1434438228607,2,3733.0,25916.33203125,89786.53125
1424.1680138111115,2,3829.8,25807.0859375,89786.53125
1425.1814925670624,2,4040.2,26934.76953125,89786.53125
1426.190503835678,2,3377.9,28310.40234375,89786.53125
1427.1979677677155,2,1472.9,28292.94140625,89786.53125
1428.2064411640167,2,1869.3,28442.0625,89786.53125
1429.2240993976593,2,1484.6,28244.515625,89786.53125
1430.2304346561432,2,3412.1,28927.91796875,89786.53125
1431.2504467964172,2,3795.1,29238.953125,89786.53125
1432.2591903209686,2,560.1,29488.76953125,89786.53125
1433.2679362297058,2,609.1,9624.3359375,91834.546875
1434.275884628296,2,893.6,9678.9375,89786.53125
1435.2894341945648,2,1753.6,10088.31640625,89786.53125
1436.3402512073517,2,2953.2,12214.375,89786.53125
1437.3489844799042,2,3930.2,15191.5078125,89786.53125
1438.3604323863983,2,4237.9,16734.12890625,89786.53125
1439.3797736167908,2,4456.3,18048.36328125,89786.53125
1440.4044361114502,2,4653.6,22693.1875,89786.53125
1441.4324338436127,2,4668.6,28206.0,89786.53125
1442.469144821167,2,4661.8,29926.6171875,89786.53125
1443.494703054428,2,4327.2,22673.21484375,89786.53125
1444.521431684494,2,4293.3,26143.859375,89786.53125
1445.5399174690247,2,4461.8,26340.90234375,89786.53125
1446.5594334602356,2,4487.6,26425.921875,89786.53125
1447.578449010849,2,2976.7,26748.546875,89786.53125
1448.6054463386536,2,3500.6,27049.98828125,89786.53125
1449.6304392814636,2,3867.6,27088.0,89786.53125
1450.6554312705994,2,4112.6,27648.6484375,89786.53125
1451.66646194458,2,3674.3,28893.66796875,89786.53125
1452.674149274826,2,1710.4,29690.09375,89786.53125
1453.683430671692,2,1671.3,29433.0234375,89786.53125
1454.690200328827,2,2064.4,29397.92578125,89786.53125
1455.697773694992,2,1072.5,29428.56640625,89786.53125
1456.7044422626495,2,4455.5,29885.75,89786.53125
1457.7191519737244,2,3188.8,30456.265625,89786.53125
1458.727447271347,2,698.4,30712.89453125,89786.53125
1459.7379522323608,2,467.1,7916.68359375,89786.53125
1460.7461099624634,2,965.0,9586.5234375,89786.53125
1461.7554290294647,2,2921.6,9790.3671875,89786.53125
1462.8121678829193,2,2418.7,13539.81640625,89786.53125
1463.841833114624,2,4336.1,15757.65234375,89786.53125
1464.8604395389557,2,4400.9,16226.09765625,89786.53125
1465.8804211616516,2,4601.5,20636.0859375,89786.53125
1466.9054346084595,2,4668.7,25656.8671875,89786.53125
1467.929796218872,2,4677.9,31389.8203125,89786.53125
1468.9537618160248,2,4339.0,20588.484375,89786.53125
1469.9703538417816,2,4207.9,24933.9921875,89786.53125
1470.9894325733185,2,4699.2,24900.07421875,89786.53125
1472.012440443039,2,4314.1,25312.60546875,89786.53125
1473.0324516296387,2,3385.9,25542.765625,89786.53125
1474.0594449043274,2,3712.8,25996.06640625,89786.53125
1475.0846803188324,2,3505.5,25890.14453125,89786.53125
1476.0924355983734,2,4333.7,27083.875,89786.53125
1477.1116034984589,2,2982.5,28448.3671875,89786.53125
1478.119968175888,2,1656.6,28314.421875,89786.53125
1479.1262137889862,2,1917.3,28359.421875,89786.53125
1480.1350409984589,2,1338.6,28207.58984375,89786.53125
1481.1424300670624,2,4050.5,28677.39453125,89786.53125
1482.1610462665558,2,3015.4,29289.7421875,89786.53125
1483.1697239875793,2,705.0,29562.3828125,89786.53125
1484.1781775951385,2,470.5,8020.1484375,89786.53125
1485.1857731342316,2,998.3,9496.9296875,89786.53125
1486.1944303512573,2,3426.0,9706.63671875,89786.53125
1487.254170179367,2,2397.1,13455.125,89786.53125
1488.2688648700714,2,4350.2,15672.59765625,89786.53125
1489.2874450683594,2,4364.3,16161.8984375,89786.53125
1490.3014373779297,2,4633.8,21212.25390625,89786.53125
1491.3264379501343,2,4661.5,26459.26171875,89786.53125
1492.3524522781372,2,4465.8,29840.36328125,89786.53125
1493.3766281604767,2,4308.4,21402.19921875,89786.53125
1494.4044301509857,2,4266.1,24816.58984375,89786.53125
1495.4344346523285,2,4452.4,25036.609375,89786.53125
1496.4534418582916,2,4512.0,25188.54296875,89786.53125
1497.4728789329529,2,3379.2,25464.25,89786.53125
1498.4819285869598,2,3935.9,25910.3671875,89786.53125
1499.5078892707825,2,3317.5,25829.48046875,89786.53125
1500.518434047699,2,4282.2,27273.94140625,89786.53125
1501.5369203090668,2,2596.7,28385.1328125,89786.53125
1502.5450875759125,2,1685.0,28370.52734375,89786.53125
1503.554562330246,2,2063.5,28189.5078125,89786.53125
1504.5624327659607,2,1358.6,28435.921875,89786.53125
1505.5944335460663,2,4462.8,28734.48046875,89786.53125
1506.6053342819214,2,2371.8,29281.74609375,89786.53125
1507.6137020587921,2,710.1,29559.11328125,89786.53125
1508.623377084732,2,587.4,8310.28125,89786.53125
1509.6312191486359,2,925.5,9267.5234375,89786.53125
1510.6382410526276,2,3279.3,11183.734375,89786.53125
1511.646646976471,2,3894.2,14381.609375,89786.53125
1512.6554350852966,2,4520.0,14633.5234375,89786.53125
1513.6754457950592,2,4609.6,18986.51953125,89786.53125
1514.7014374732971,2,4676.6,24017.99609375,89786.53125
1515.7124395370483,2,4326.0,19160.83203125,89786.53125
1516.731439113617,2,4455.5,20544.64453125,89786.53125
1517.7540321350098,2,4431.7,20785.80859375,89786.53125
1518.762613773346,2,3168.8,20975.67578125,89786.53125
1519.771090745926,2,2900.7,21212.0390625,89786.53125
1520.7957985401154,2,4113.6,21713.7109375,89786.53125
1521.8065721988678,2,2859.4,22749.5,89786.53125
1522.8165261745453,2,1627.2,22622.50390625,89786.53125
1523.8255696296692,2,1821.5,22531.1171875,89786.53125
1524.8324310779572,2,2962.3,22716.0703125,89786.53125
1525.8426580429077,2,3255.3,23008.30078125,89786.53125
1526.851598739624,2,600.9,7623.359375,91834.546875
1527.8599979877472,2,898.9,9564.36328125,89786.53125
1528.868433713913,2,2488.6,9769.53515625,89786.53125
1529.9186334609985,2,2457.9,12725.63671875,89786.53125
1530.935430765152,2,4319.2,15751.6796875,89786.53125
1531.9536459445953,2,4412.2,16221.296875,89786.53125
1532.9724390506744,2,4615.0,20054.8671875,89786.53125
1533.9944365024567,2,4707.9,24227.53515625,89786.53125
1535.018542289734,2,4709.7,30233.66796875,89786.53125
1536.0372936725616,2,4251.5,20404.1953125,89786.53125
1537.054445028305,2,4600.5,24218.046875,89786.53125
1538.0734376907349,2,4302.4,24707.05078125,89786.53125
1539.0934324264526,2,4296.3,25143.328125,89786.53125
1540.1084501743317,2,3385.2,25407.20703125,89786.53125
1541.1354525089264,2,3363.3,25725.05078125,89786.53125
1542.1614410877228,2,4009.0,25844.45703125,89786.53125
1543.1874322891235,2,4109.3,26454.16015625,89786.53125
1544.1987674236298,2,3322.5,28007.37890625,89786.53125
1545.2094316482544,2,1606.4,28439.91015625,89786.53125
1546.2259638309479,2,1759.5,28299.06640625,89786.53125
1547.2354309558868,2,1686.4,28138.58203125,89786.53125
1548.2456154823303,2,2723.4,28754.0859375,89786.53125
1549.2570478916168,2,4436.0,29008.3046875,89786.53125
1550.269182920456,2,724.7,29427.04296875,89786.53125
1551.2777359485626,2,651.6,8279.9609375,91834.546875
1552.2860069274902,2,721.2,9256.46484375,89786.53125
1553.2954323291779,2,1984.0,9653.3046875,89786.53125
1554.3314273357391,2,2417.1,12469.83203125,89786.53125
1555.342677116394,2,4325.0,15637.76953125,89786.53125
1556.3546431064606,2,4405.6,16109.9140625,89786.53125
1557.3654024600983,2,4606.6,19740.11328125,89786.53125
1558.3904325962067,2,4670.2,24402.5234375,89786.53125
1559.4151055812836,2,4671.4,30413.93359375,89786.53125
1560.4481081962585,2,4377.5,20462.5859375,89786.53125
1561.4624445438385,2,4599.9,23972.09375,89786.53125
1562.4784400463104,2,4309.5,24727.44921875,89786.53125
1563.5014338493347,2,4306.5,25137.70703125,89786.53125
1564.520451784134,2,3589.8,25384.15625,89786.53125
1565.5461144447327,2,3703.3,25729.65625,89786.53125
1566.5618169307709,2,3850.9,25729.91796875,89786.53125
1567.5692732334137,2,4111.0,26500.98046875,89786.53125
1568.5835688114166,2,3194.7,28352.40625,89786.53125
1569.5939545631409,2,1618.3,28304.8515625,89786.53125
1570.6016883850098,2,1682.1,28399.2890625,89786.53125
1571.609346628189,2,1672.9,28378.9375,89786.53125
1572.6184341907501,2,3136.1,28696.4609375,89786.53125
1573.628984451294,2,4268.4,29129.21484375,89786.53125
1574.6367609500885,2,561.8,29448.703125,89786.53125
1575.6442608833313,2,601.7,8939.81640625,91834.546875
1576.6530106067657,2,739.6,9504.51953125,89786.53125
1577.6603391170502,2,1878.2,9894.8125,89786.53125
1578.716322183609,2,2671.0,12390.6328125,89786.53125
1579.7254371643066,2,4353.4,15201.4296875,89786.53125
1580.7454297542572,2,4240.9,16271.29296875,89786.53125
1581.7667989730835,2,4471.4,18419.953125,89786.53125
1582.7907149791718,2,4664.8,22788.953125,89786.53125
1583.8164329528809,2,4568.3,29239.59375,89786.53125
1584.841435432434,2,4663.7,24026.859375,89786.53125
1585.8545291423798,2,4323.9,23701.796875,89786.53125
1586.8874328136444,2,4289.1,25360.44140625,89786.53125
1587.9064302444458,2,4465.9,25547.5078125,89786.53125
1588.9248077869415,2,3987.9,25817.02734375,89786.53125
1589.9325647354126,2,3275.6,26067.96875,89786.53125
1590.941445350647,2,3979.4,26448.8671875,89786.53125
1591.9664328098297,2,3433.0,26460.57421875,89786.53125
1592.976794719696,2,4311.0,27849.73828125,89786.53125
1593.9953644275665,2,2750.8,28921.61328125,89786.53125
1595.0051755905151,2,1608.1,28740.69140625,89786.53125
1596.0134336948395,2,1840.5,28702.50390625,89786.53125
1597.0291390419006,2,1281.9,28945.8671875,89786.53125
1598.038437128067,2,3258.1,29311.61328125,89786.53125
1599.050773382187,2,4413.3,29651.94140625,89786.53125
1600.0601117610931,2,544.5,30002.80859375,89786.53125
1601.068255186081,2,649.0,8641.671875,91834.546875
1602.0759673118591,2,943.5,8829.1015625,89786.53125
1603.0840797424316,2,2544.2,10351.60546875,89786.53125
1604.093431711197,2,4329.3,12250.3671875,89786.53125
1605.1134417057037,2,4551.9,15769.91796875,89786.53125
1606.1389422416687,2,4652.4,18258.41796875,89786.53125
1607.1574349403381,2,4220.9,17292.80078125,89786.53125
1608.179658651352,2,4492.9,17496.640625,89786.53125
1609.2042634487152,2,2840.8,17779.9765625,89786.53125
1610.2111694812775,2,3623.5,17941.71875,89786.53125
1611.2277836799622,2,3954.8,19059.71484375,89786.53125
1612.237559556961,2,1447.4,19125.4609375,89786.53125
1613.244116306305,2,1672.3,18977.95703125,89786.53125
1614.2534310817719,2,3692.5,19161.8515625,89786.53125
1615.2676649093628,2,1641.1,19569.515625,89786.53125
1616.275957107544,2,720.6,8509.53515625,89786.53125
1617.2844307422638,2,2117.0,9365.69921875,89786.53125
1618.3264338970184,2,2876.7,12542.8515625,89786.53125
1619.3464312553406,2,4382.8,14166.0,89786.53125
1620.3654384613037,2,4596.9,17236.3046875,89786.53125
1621.3897099494934,2,4654.5,20799.1328125,89786.53125
1622.4174675941467,2,4457.5,17400.19921875,89786.53125
1623.4434337615967,2,4429.1,19921.37890625,89786.53125
1624.4618451595306,2,4477.4,20120.69921875,89786.53125
1625.4814565181732,2,3504.6,20341.45703125,89786.53125
1626.508280992508,2,3437.6,20645.74609375,89786.53125
1627.5198638439178,2,4153.4,21297.1328125,89786.53125
1628.538547039032,2,2292.8,21927.875,89786.53125
1629.54643201828,2,1820.0,21944.22265625,89786.53125
1630.5654368400574,2,1572.8,22040.96875,89786.53125
1631.5994319915771,2,4565.9,21993.74609375,89786.53125
1632.6148824691772,2,1124.8,22440.21484375,89786.53125
1633.6223018169403,2,783.0,8702.7265625,89786.53125
1634.6304304599762,2,2536.1,9341.22265625,89786.53125
1635.6654896736145,2,2913.1,12978.5390625,89786.53125
1636.6782925128937,2,4392.3,14069.99609375,89786.53125
1637.7010023593903,2,4612.0,17819.30078125,89786.53125
1638.7236111164093,2,4674.6,23166.125,89786.53125
1639.74808883667,2,4199.4,17483.8828125,89786.53125
1640.768295288086,2,4458.6,19882.18359375,89786.53125
1641.792100429535,2,4087.0,20144.8046875,89786.53125
1642.8009731769562,2,3225.5,20385.51953125,89786.53125
1643.8085255622864,2,3923.2,20530.37890625,89786.53125
1644.816811323166,2,4219.6,21461.4609375,89786.53125
1645.8254470825195,2,1716.3,21896.765625,89786.53125
1646.8338403701782,2,1812.8,21861.53125,89786.53125
1647.8514349460602,2,2044.9,22022.640625,89786.53125
1648.8624980449677,2,4139.5,22129.98828125,89786.53125
1649.8711652755737,2,689.2,8491.4140625,91834.546875
1650.8794343471527,2,907.2,9009.47265625,89786.53125
1651.8871083259583,2,2849.7,9980.67578125,89786.53125
1652.8953473567963,2,3377.5,13562.21484375,89786.53125
1653.9064304828644,2,4385.4,14086.58203125,89786.53125
1654.9264404773712,2,4611.0,18805.7890625,89786.53125
1655.951434135437,2,4673.5,23569.34375,89786.53125
1656.9734382629395,2,4453.0,18716.4921875,89786.53125
1657.9964406490326,2,4455.7,19740.9140625,89786.53125
1659.016437292099,2,3520.3,20139.76953125,89786.53125
1660.032252073288,2,3815.8,20355.3671875,89786.53125
1661.0444288253784,2,3723.1,20548.48828125,89786.53125
1662.0547647476196,2,3890.0,21728.05859375,89786.53125
1663.0619099140167,2,1472.5,21684.71875,89786.53125
1664.0710599422455,2,1795.4,21590.1640625,89786.53125
1665.0804324150085,2,2986.5,21753.640625,89786.53125
1666.0913066864014,2,2869.2,21988.6953125,89786.53125
1667.10098695755,2,609.9,7849.66015625,89786.53125
1668.1109323501587,2,1052.2,9006.15234375,89786.53125
1669.1192259788513,2,2823.3,11320.80078125,89786.53125
1670.1274344921112,2,4276.0,13974.39453125,89786.53125
1671.147447347641,2,4476.5,15150.67578125,89786.53125
1672.1724355220795,2,4653.8,20054.1875,89786.53125
1673.1974444389343,2,4558.0,22060.734375,89786.53125
1674.2214405536652,2,4425.2,19438.96875,89786.53125
1675.2414348125458,2,4354.9,20084.68359375,89786.53125
1676.2606072425842,2,3485.6,20425.53125,89786.53125
1677.2725253105164,2,4043.1,20693.85546875,89786.53125
1678.2979440689087,2,3710.7,20888.57421875,89786.53125
1679.3085005283356,2,3784.6,22103.05078125,89786.53125
1680.315637588501,2,1524.8,22099.76953125,89786.53125
1681.325582742691,2,1853.5,21939.21484375,89786.53125
1682.3324360847473,2,2877.2,22174.74609375,89786.53125
1683.3431713581085,2,3145.0,22346.34375,89786.53125
1684.351317167282,2,600.9,7745.0,89786.53125
1685.3598182201385,2,1791.8,8759.18359375,89786.53125
1686.386122226715,2,3427.9,11491.6796875,89786.53125
1687.4044377803802,2,4340.7,13332.890625,89786.53125
1688.4294397830963,2,4662.7,18091.90234375,89786.53125
1689.455444574356,2,4445.7,16177.671875,89786.53125
1690.4820744991302,2,4328.9,17204.19140625,89786.53125
1691.4953644275665,2,3615.9,17514.70703125,89786.53125
1692.5170996189117,2,3774.7,17711.44140625,89786.53125
1693.5294048786163,2,3961.7,18494.95703125,89786.53125
1694.5369408130646,2,1893.9,18935.7734375,89786.53125
1695.5432727336884,2,1767.5,18862.375,89786.53125
1696.550401687622,2,2983.4,19183.96875,89786.53125
1697.5651180744171,2,2421.7,19416.0859375,89786.53125
1698.5741975307465,2,671.7,8134.4296875,89786.53125
1699.5824303627014,2,2373.5,8790.703125,89786.53125
1700.610181093216,2,3222.2,12003.84375,89786.53125
1701.6283979415894,2,4500.6,14038.390625,89786.53125
1702.6534383296967,2,4668.3,18778.4375,89786.53125
1703.6779854297638,2,4492.0,16372.4921875,89786.53125
1704.7034313678741,2,4330.2,17332.203125,89786.53125
1705.7219944000244,2,3587.2,17598.22265625,89786.53125
1706.7484347820282,2,3732.5,17826.50390625,89786.53125
1707.7683970928192,2,4106.6,18651.171875,89786.53125
1708.7813501358032,2,1682.9,18953.8359375,89786.53125
1709.7951073646545,2,1690.5,18909.9140625,89786.53125
1710.806585073471,2,3294.8,19041.21875,89786.53125
1711.8179383277893,2,2081.7,19410.9375,89786.53125
1712.8255949020386,2,852.1,8113.07421875,89786.53125
1713.8337335586548,2,2451.7,9047.77734375,89786.53125
1714.8424315452576,2,3771.9,11383.47265625,89786.53125
1715.850442647934,2,4621.2,15532.75,89786.53125
1716.875182390213,2,4509.1,14598.50390625,89786.53125
1717.8869326114655,2,4128.7,15321.17578125,89786.53125
1718.8948588371277,2,3111.4,15530.015625,89786.53125
1719.9017543792725,2,3977.9,16365.26171875,89786.53125
1720.9086210727692,2,1557.6,16758.40625,89786.53125
1721.9251096248627,2,1982.8,16751.22265625,89786.53125
1722.9335820674896,2,3286.8,17053.75,89786.53125
1723.9419753551483,2,591.2,9674.70703125,91834.546875
1724.9500415325165,2,2114.7,8546.6015625,89786.53125
1725.9603209495544,2,3376.9,11760.1484375,89786.53125
1726.9700214862823,2,4187.1,13203.17578125,89786.53125
1727.991438627243,2,4615.5,17104.5859375,89786.53125
1729.0203144550323,2,4294.0,16366.734375,89786.53125
1730.039443731308,2,3674.2,16595.33984375,89786.53125
1731.0643482208252,2,3626.5,16855.140625,89786.53125
1732.088706254959,2,3717.9,17552.78515625,90234.53125
1733.0954298973083,2,4077.0,18740.87109375,90234.53125
1734.1149156093597,2,1909.3,19022.05859375,90234.53125
1735.1234290599823,2,3174.7,19283.09375,90234.53125
1736.1344408988953,2,2945.3,19481.87890625,90234.53125
1737.1433396339417,2,747.4,8027.04296875,90234.53125
1738.152433872223,2,2355.2,8796.83203125,90234.53125
1739.1752293109894,2,3733.0,12783.4375,90234.53125
1740.1874332427979,2,4388.6,13330.55078125,90234.53125
1741.2024385929108,2,4580.0,14851.26953125,90234.53125
1742.215430021286,2,4320.9,16416.8203125,90234.53125
1743.233901500702,2,3554.3,16719.7578125,90234.53125
1744.2594468593597,2,3529.7,17039.59765625,90234.53125
1745.2837936878204,2,4087.7,18027.046875,90234.53125
1746.295381784439,2,3729.6,19172.6484375,90234.53125
1747.3053560256958,2,1624.7,19045.66796875,90234.53125
1748.3128952980042,2,4174.9,19373.7265625,90234.53125
1749.3235492706299,2,1896.3,19622.47265625,90234.53125
1750.3317213058472,2,1339.5,8393.00390625,90234.53125
1751.3403959274292,2,2747.4,8885.74609375,90234.53125
1752.348494052887,2,3593.8,13248.15234375,90234.53125
1753.3594408035278,2,4554.6,14507.3671875,90234.53125
1754.3847558498383,2,4551.7,15103.71875,90234.53125
1755.398438692093,2,4311.0,16491.26953125,90234.53125
1756.4084374904633,2,3271.3,16754.68359375,90234.53125
1757.428041934967,2,3243.0,16976.44921875,90234.53125
1758.4404301643372,2,4456.0,18488.87890625,90234.53125
1759.4603414535522,2,3067.5,19046.58984375,90234.53125
1760.467208623886,2,2131.9,19142.93359375,90234.53125
1761.484209060669,2,4509.8,19339.87890625,90234.53125
1762.4933633804321,2,692.8,8236.609375,92282.546875
1763.5022201538086,2,2008.3,8644.91796875,90234.53125
1764.5104730129242,2,2586.1,10569.77734375,90234.53125
1765.5254302024841,2,4362.2,13282.40625,90234.53125
1766.54043841362,2,4598.9,16335.13671875,90234.53125
1767.56543135643,2,4361.1,16287.51171875,90234.53125
1768.5839002132416,2,3719.3,16677.51171875,90234.53125
1769.6093547344208,2,3662.5,16749.30859375,90234.53125
1770.6202971935272,2,3633.2,17382.5625,90234.53125
1771.6308100223541,2,4409.6,18690.6171875,90234.53125
1772.643716096878,2,2133.3,19037.7578125,90234.53125
1773.650693655014,2,3045.2,19218.34765625,90234.53125
1774.6674547195435,2,3173.2,19445.40234375,90234.53125
1775.675761938095,2,635.7,7915.8984375,90234.53125
1776.6864314079285,2,2358.7,8748.2109375,90234.53125
1777.735628604889,2,3737.0,12582.8515625,90234.53125
1778.7484376430511,2,4410.6,13278.625,90234.53125
1779.7704470157623,2,4574.4,15026.3359375,90234.53125
1780.7844376564026,2,4309.9,16330.85546875,90234.53125
1781.807449579239,2,3530.9,16593.984375,90234.53125
1782.836462020874,2,3316.5,16908.65234375,90234.53125
1783.859129190445,2,4105.2,17868.72265625,90234.53125
1784.8697707653046,2,3797.3,19024.5703125,90234.53125
1785.8775362968445,2,1625.3,18895.4453125,90234.53125
1786.886427640915,2,4070.6,19108.27734375,90234.53125
1787.9043827056885,2,1944.1,19482.6015625,90234.53125
1788.9161069393158,2,1353.2,8263.4140625,90234.53125
1789.9254307746887,2,2802.7,8742.0703125,90234.53125
1790.9674308300018,2,3608.4,13141.55078125,90234.53125
1791.9814369678497,2,4414.0,14419.125,90234.53125
1793.0064430236816,2,4562.9,14906.46484375,90234.53125
1794.0204412937164,2,4307.4,16511.953125,90234.53125
1795.0401985645294,2,3259.1,16706.390625,90234.53125
1796.0495867729187,2,3288.2,16985.41015625,90234.53125
1797.059298992157,2,4448.4,18462.4375,90234.53125
1798.0678310394287,2,3206.4,19097.44921875,90234.53125
1799.0764405727386,2,1800.1,19127.81640625,90234.53125
1800.0964329242706,2,4545.9,19236.2890625,90234.53125
1801.1071240901947,2,1189.0,19272.75390625,90234.53125
1802.1161551475525,2,1812.0,8532.09765625,90234.53125
1803.1264276504517,2,2314.2,9902.35546875,90234.53125
1804.1384315490723,2,4355.1,13217.87109375,90234.53125
1805.1574399471283,2,4556.5,15513.29296875,90234.53125
1806.1822748184204,2,4492.6,16039.78515625,90234.53125
1807.1944437026978,2,3845.9,16684.6015625,90234.53125
1808.204541683197,2,3485.6,16762.5703125,90234.53125
1809.224451303482,2,3243.1,16996.71875,90234.53125
1810.235838651657,2,4503.1,18624.4765625,90234.53125
1811.2544207572937,2,2713.3,19122.33203125,90234.53125
1812.2615818977356,2,2341.0,19272.21875,90234.53125
1813.2723774909973,2,4213.0,19453.55078125,90234.53125
1814.28125166893,2,646.5,8794.859375,92282.546875
1815.2897727489471,2,2084.9,8652.59375,90234.53125
1816.3014419078827,2,2962.3,11395.296875,90234.53125
1817.3144347667694,2,4352.5,13307.375,90234.53125
1818.3334560394287,2,4638.3,16791.19921875,90234.53125
1819.358657360077,2,4316.9,16412.78125,90234.53125
1820.3784482479095,2,3810.0,16696.9453125,90234.53125
1821.390741109848,2,3329.5,16809.2578125,90234.53125
1822.3986649513245,2,3664.0,17425.546875,90234.53125
1823.4094321727753,2,4424.5,18768.296875,90234.53125
1824.4221177101135,2,2135.6,19101.34375,90234.53125
1825.4293541908264,2,2882.4,19301.203125,90234.53125
1826.4397406578064,2,3451.5,19553.8046875,90234.53125
1827.448150396347,2,579.1,7914.06640625,90234.53125
1828.456592798233,2,2218.9,8720.51171875,90234.53125
1829.4654324054718,2,3612.9,12399.08984375,90234.53125
1830.4794335365295,2,4383.6,13362.7734375,90234.53125
1831.4994404315948,2,4606.5,17221.45703125,90234.53125
1832.5224318504333,2,4266.0,16507.0,90234.53125
1833.5414516925812,2,3697.8,16700.37890625,90234.53125
1834.5654411315918,2,3195.1,16981.984375,90234.53125
1835.5911445617676,2,4097.9,17793.71875,90234.53125
1836.601862668991,2,4086.4,18992.40625,90234.53125
1837.6105778217316,2,1819.6,19099.11328125,90234.53125
1838.61842918396,2,3482.5,19286.96875,90234.53125
1839.6292824745178,2,2722.6,19562.04296875,90234.53125
1840.6362442970276,2,930.0,8099.23046875,90234.53125
1841.6454305648804,2,2568.9,8746.96484375,90234.53125
1842.696002960205,2,3588.4,13092.37890625,90234.53125
1843.7144417762756,2,4483.5,13925.51171875,90234.53125
1844.7375144958496,2,4572.9,13915.62109375,90234.53125
1845.7534289360046,2,4288.6,16487.78125,90234.53125
1846.7754497528076,2,3588.7,16657.71875,90234.53125
1847.809273481369,2,3212.8,16868.41796875,90234.53125
1848.8247680664062,2,4341.1,18142.859375,90234.53125
1849.8406019210815,2,3407.1,19098.55859375,90234.53125
1850.8486092090607,2,1521.4,19009.32421875,90234.53125
1851.8564293384552,2,4465.6,19175.60546875,90234.53125
1852.874678850174,2,1569.8,19558.953125,90234.53125
1853.8835144042969,2,1613.7,8391.71875,90234.53125
1854.8924798965454,2,2440.7,9401.859375,90234.53125
1855.9014313220978,2,4097.3,13180.00390625,90234.53125
1856.9204411506653,2,4556.7,15199.203125,90234.53125
1857.9456570148468,2,4527.8,15575.9453125,90234.53125
1858.9580113887787,2,4046.3,16625.30078125,90234.53125
1859.9674355983734,2,3377.4,16718.734375,90234.53125
1860.9911160469055,2,3444.3,17022.67578125,90234.53125
1862.0024349689484,2,4514.6,18673.80078125,90234.53125
1863.0209267139435,2,2690.0,19116.453125,90234.53125
1864.0277054309845,2,2341.7,19319.609375,90234.53125
1865.0385406017303,2,4124.8,19487.1640625,90234.53125
1866.0468924045563,2,655.1,8858.93359375,92282.546875
1867.0543835163116,2,2031.9,8731.99609375,90234.53125
1868.0624310970306,2,2951.8,11363.421875,90234.53125
1869.074420452118,2,4371.1,13320.35546875,90234.53125
1870.0934393405914,2,4614.6,16653.46875,90234.53125
1871.1184208393097,2,4314.4,16307.37109375,90234.53125
1872.1254477500916,2,3795.4,16612.3046875,90234.53125
1873.1511352062225,2,3382.5,16775.19921875,90234.53125
1874.1578907966614,2,3917.7,17456.68359375,90234.53125
1875.1694388389587,2,4415.6,18634.70703125,90234.53125
1876.1797902584076,2,1849.8,18954.28515625,90234.53125
1877.1869735717773,2,3165.7,19180.765625,90234.53125
1878.1978805065155,2,2943.1,19369.359375,90234.53125
1879.2068836688995,2,696.6,7918.1171875,90234.53125
1880.216147184372,2,2364.3,8730.1640625,90234.53125
1881.2429802417755,2,3750.2,12667.6875,90234.53125
1882.2554385662079,2,4385.5,13315.8046875,90234.53125
1883.2772102355957,2,4592.6,15273.578125,90234.53125
1884.29044008255,2,4294.0,16387.8515625,90234.53125
1885.3154485225677,2,3568.0,16650.09375,90234.53125
1886.341180562973,2,3558.7,16928.73828125,90234.53125
1887.3628482818604,2,4115.2,18008.2421875,90234.53125
1888.3733839988708,2,3624.5,19037.30078125,90234.53125
1889.3837621212006,2,1571.9,18934.765625,90234.53125
1890.3914358615875,2,4174.8,19242.28515625,90234.53125
1891.4031205177307,2,1883.3,19495.3828125,90234.53125
1892.4124534130096,2,1185.2,8263.03515625,90234.53125
1893.4214329719543,2,3448.9,11195.875,90234.53125
1894.4404458999634,2,4462.0,13964.73828125,90234.53125
1895.4647099971771,2,4298.1,14428.1015625,90234.53125
1896.4754378795624,2,3565.6,14749.48828125,90234.53125
1897.5027379989624,2,4213.6,15793.73046875,90234.53125
1898.5186414718628,2,2451.0,16199.1875,90234.53125
1899.5264339447021,2,3567.5,16313.40234375,90234.53125
1900.5414049625397,2,1477.6,8594.2421875,92282.546875
1901.5503306388855,2,2040.8,8619.90234375,90234.53125
1902.5594313144684,2,3927.7,11496.46484375,90234.53125
1903.569117307663,2,4513.2,13056.81640625,90234.53125
1904.5844526290894,2,4039.9,14339.93359375,90234.53125
1905.6104662418365,2,3635.0,14626.74609375,90234.53125
1906.6218633651733,2,4155.1,15926.16015625,90234.53125
1907.630776166916,2,1826.2,16046.94921875,90234.53125
1908.6412110328674,2,3888.5,16316.78125,90234.53125
1909.6493971347809,2,786.1,8073.06640625,90234.53125
1910.6584339141846,2,3005.8,10278.53125,90234.53125
1911.671442747116,2,4336.7,12316.70703125,90234.53125
1912.6956453323364,2,4375.9,14087.046875,90234.53125
1913.7144303321838,2,3889.2,14405.0546875,90234.53125
1914.7224311828613,2,3758.5,15199.90234375,90234.53125
1915.7330958843231,2,3356.3,16154.078125,90234.53125
1916.7409615516663,2,2513.7,16225.91796875,90234.53125
1917.75243973732,2,2852.0,16466.1796875,90234.53125
1918.7607564926147,2,1211.3,8410.5859375,90234.53125
1919.7694318294525,2,3569.7,11263.2890625,90234.53125
1920.7880136966705,2,4496.8,13905.58203125,90234.53125
1921.8008670806885,2,4276.8,14363.52734375,90234.53125
1922.8194382190704,2,3546.9,14645.859375,90234.53125
1923.844432592392,2,4165.9,15683.20703125,90234.53125
1924.8630607128143,2,2436.5,16070.703125,90234.53125
1925.8714368343353,2,3499.4,16201.671875,90234.53125
1926.8860054016113,2,1556.1,8471.5546875,92282.546875
1927.894116640091,2,2677.0,9060.8203125,90234.53125
1928.9051008224487,2,3999.0,10148.671875,90234.53125
1929.9184322357178,2,3582.0,10559.81640625,90234.53125
1930.9289710521698,2,1432.1,8364.796875,90234.53125
1931.9384319782257,2,3246.3,11386.734375,90234.53125
1932.957436323166,2,4493.1,13437.65234375,90234.53125
1933.977159500122,2,4279.1,14424.96875,90234.53125
1934.9864346981049,2,3547.3,14716.6640625,90234.53125
1936.0031406879425,2,4252.4,15655.171875,90234.53125
1937.0110495090485,2,2713.7,16178.78125,90234.53125
1938.0201456546783,2,3160.0,16272.09375,90234.53125
1939.0310351848602,2,2037.1,16534.34375,90234.53125
1940.0398313999176,2,1742.8,8817.328125,90234.53125
1941.0524957180023,2,4432.0,11209.2109375,90234.53125
1942.064260482788,2,3971.7,12068.484375,90234.53125
1943.0734305381775,2,4027.9,12950.734375,90234.53125
1944.092437028885,2,2613.2,13250.5703125,90234.53125
1945.103583574295,2,2331.7,8752.06640625,92282.546875
1946.1114356517792,2,2282.2,9759.64453125,90234.53125
1947.1235904693604,2,4389.8,11081.03515625,90234.53125
1948.136440038681,2,3773.7,12128.84375,90234.53125
1949.1524391174316,2,4140.2,12880.0234375,90234.53125
1950.1631848812103,2,2458.2,13133.99609375,90234.53125
1951.1740605831146,2,2062.3,5204.09765625,83066.3828125
1952.182514667511,2,69.4,4844.69140625,83066.375
1953.1908421516418,2,101.2,4755.84765625,83066.375
