elapsed_time,nproc,cpu,mem_real,mem_virtual
4.3392181396484375e-05,1,0.0,3.76953125,7.5234375
1.0073366165161133,4,0.0,440.96484375,4204.0078125
2.01568603515625,4,100.1,607.484375,4390.0078125
3.0241737365722656,4,100.1,615.0703125,4450.0078125
4.03351616859436,4,99.2,616.53515625,4450.0078125
5.041408538818359,4,99.2,616.91796875,4450.0078125
6.049692153930664,4,99.9,613.40234375,4498.0078125
7.060233116149902,4,98.9,605.8671875,4498.0078125
8.071300745010376,4,99.9,595.49609375,4498.0078125
9.08210563659668,4,99.0,601.0859375,4498.0078125
10.092214584350586,4,99.8,638.7890625,4498.0078125
11.10408878326416,4,99.8,690.89453125,4554.0078125
12.116154909133911,4,99.8,740.89453125,4618.0078125
13.127991437911987,4,100.0,794.89453125,4704.0078125
14.137901067733765,4,98.9,840.89453125,4704.0078125
15.149062156677246,4,99.8,888.89453125,4800.0078125
16.160585641860962,4,99.9,934.89453125,4800.0078125
17.171319723129272,4,100.0,706.8984375,4800.0078125
18.181228399276733,2,0.0,120.59375,3538.6484375
19.19452953338623,2,98.8,436.68359375,3992.6484375
20.206469297409058,2,99.8,788.6171875,5212.6796875
21.218634366989136,2,99.8,948.765625,5852.6796875
22.23019552230835,2,99.8,1200.76171875,7132.6796875
23.241925954818726,2,99.8,1474.76171875,7132.6796875
24.253475427627563,2,100.0,1700.7578125,9700.6796875
25.263028144836426,2,100.0,1954.7578125,9700.6796875
26.273441314697266,2,99.9,1875.33984375,9188.6484375
27.28452491760254,2,99.9,1875.33984375,9188.6484375
28.295385599136353,2,99.9,1875.33984375,9188.6328125
29.306021690368652,2,99.0,1877.6640625,9188.6328125
30.316584587097168,2,99.8,1877.6640625,9188.6328125
31.32823944091797,2,100.9,1872.5703125,9188.6328125
32.339449644088745,2,99.9,1868.22265625,9188.6328125
33.35002827644348,2,99.9,1978.06640625,9700.6640625
34.360827684402466,2,99.9,2006.6015625,9748.6640625
35.37151885032654,2,2824.3,2865.24609375,13775.609375
36.39752674102783,2,4696.3,3256.0859375,14241.609375
37.4245240688324,2,4642.7,3493.30859375,14475.609375
38.4515221118927,2,4669.1,3705.51171875,14720.609375
39.47851753234863,2,4668.9,3762.49609375,14870.609375
40.507521867752075,2,4709.9,3974.13671875,15163.609375
41.534515619277954,2,4669.1,4091.703125,15396.609375
42.55951547622681,2,4624.3,4091.33203125,15482.609375
43.58638787269592,2,4648.3,4061.04296875,15546.609375
44.61452341079712,2,4709.2,4183.8515625,15779.609375
45.63552212715149,2,4668.6,4178.3046875,15818.609375
46.660449743270874,2,4635.5,4226.171875,15920.609375
47.69161891937256,2,4648.6,4172.36328125,15920.609375
48.72160053253174,2,4712.6,4256.65625,16062.609375
49.74852132797241,2,4689.0,4187.4140625,16100.609375
50.774630069732666,2,4617.4,4244.55078125,16106.609375
51.804609298706055,2,4654.2,4286.9609375,16186.609375
52.83452272415161,2,4673.0,4271.19921875,16282.609375
53.8615198135376,2,4703.5,4467.953125,16410.609375
54.888516426086426,2,4643.8,4466.56640625,16594.609375
55.915454387664795,2,4645.2,4501.1875,16662.609375
56.945520639419556,2,4634.7,4517.640625,16677.609375
57.97559928894043,2,4708.8,4635.375,16778.609375
59.00352621078491,2,4661.7,4585.32421875,16778.609375
60.02952432632446,2,4616.5,4693.73046875,16868.609375
61.05965065956116,2,4647.5,4645.77734375,16986.609375
62.0865204334259,2,4686.8,4629.55859375,17023.609375
63.113521575927734,2,4642.9,4601.609375,17045.609375
64.13951992988586,2,4608.5,4581.3515625,17143.609375
65.16995406150818,2,4637.2,4699.97265625,17233.609375
66.19853019714355,2,4694.8,4828.953125,17377.609375
67.22551894187927,2,4655.3,4820.609375,17439.609375
68.25152230262756,2,4630.1,4749.66015625,17439.609375
69.27952146530151,2,4643.6,4669.828125,17439.609375
70.30652523040771,2,4667.5,4623.08984375,17439.609375
71.33352065086365,2,4690.7,4600.20703125,17553.609375
72.3585193157196,2,4619.0,4528.20703125,17553.609375
73.38652491569519,2,4655.2,4480.328125,17583.609375
74.41670846939087,2,4643.6,4575.45703125,17709.609375
75.44452238082886,2,4703.2,4637.54296875,17807.609375
76.47151899337769,2,4633.8,4586.47265625,17859.609375
77.49742555618286,2,4646.8,4552.69921875,17869.609375
78.51953172683716,2,4651.6,4497.078125,17869.609375
79.55064797401428,2,4707.6,4497.58984375,17879.609375
80.58052206039429,2,4661.6,4541.19921875,17879.609375
81.60652303695679,2,4635.8,4586.55078125,17893.609375
82.63852715492249,2,4636.7,4633.48046875,17919.609375
83.66952109336853,2,4722.0,4679.12890625,17987.609375
84.70051956176758,2,4682.5,4889.5234375,18029.609375
85.72652435302734,2,4608.9,4863.703125,18045.609375
86.75952315330505,2,4661.9,4902.51171875,18121.609375
87.78652429580688,2,4661.8,4910.94921875,18209.609375
88.81352353096008,2,4710.4,4914.0,18317.609375
89.84052205085754,2,4638.9,5014.90234375,18371.609375
90.86651921272278,2,4635.5,5017.03515625,18391.609375
91.89451932907104,2,4634.1,5070.53125,18491.609375
92.92154121398926,2,4707.6,5034.4375,18491.609375
93.94851994514465,2,4657.0,5025.00390625,18605.609375
94.97552943229675,2,4616.0,5274.53515625,18841.609375
96.00244569778442,2,4641.4,5304.1015625,18945.609375
97.03052353858948,2,4703.8,5232.41796875,19011.609375
98.0606951713562,2,4645.6,5267.82421875,19175.609375
99.07752275466919,2,4637.4,5576.56640625,19397.609375
100.1076180934906,2,4645.2,5552.00390625,19427.609375
101.13452434539795,2,4615.5,5467.859375,19427.609375
102.14952397346497,2,4687.1,5446.51953125,19427.609375
103.17552447319031,2,4639.7,5561.671875,19531.609375
104.20152306556702,2,4621.8,5400.7734375,19531.609375
105.2295196056366,2,4648.4,5358.3203125,19531.609375
106.2565221786499,2,4701.7,5425.75390625,19551.609375
107.28552532196045,2,4656.4,5286.02734375,19551.609375
108.32652449607849,2,4640.7,5220.23828125,19551.609375
109.35451984405518,2,4653.5,5123.71484375,19551.609375
110.38152194023132,2,4686.4,5108.046875,19551.609375
111.40853095054626,2,4638.1,5081.8203125,19551.609375
112.4355239868164,2,4626.2,5072.01171875,19601.609375
113.46551775932312,2,4638.3,5035.515625,19701.609375
114.49252367019653,2,4663.5,4989.51171875,19721.609375
115.51952624320984,2,4650.1,4945.69921875,19721.609375
116.54450058937073,2,4635.4,4882.16796875,19721.609375
117.57351660728455,2,4652.2,4854.9921875,19721.609375
118.60051584243774,2,4671.0,4900.2421875,19721.609375
119.62751960754395,2,4649.3,4932.81640625,19721.609375
120.6545262336731,2,4626.9,4966.30859375,19721.609375
121.6815197467804,2,4643.7,5083.0703125,19803.609375
122.70851802825928,2,4648.4,5077.09765625,19803.609375
123.73552083969116,2,4696.9,4971.7578125,19815.609375
124.76252317428589,2,4604.6,4995.9296875,19815.609375
125.78947520256042,2,4664.6,4980.94140625,19815.609375
126.81751942634583,2,4664.8,4955.8984375,19815.609375
127.84452414512634,2,4708.7,4953.05859375,19815.609375
128.92752623558044,2,4612.0,4993.2109375,19815.609375
129.97303867340088,2,4660.6,4935.84375,19815.609375
130.99752140045166,2,4657.1,4877.7890625,19815.609375
132.03052830696106,2,4685.9,4851.484375,19815.609375
133.0535225868225,2,4622.4,4936.97265625,19839.609375
134.0845229625702,2,4651.5,4948.515625,19877.609375
135.11152505874634,2,4628.8,4906.12890625,19889.609375
136.13852167129517,2,4700.5,4900.98046875,19889.609375
137.16552066802979,2,4653.0,4813.01953125,19889.609375
138.19151902198792,2,4612.1,4804.79296875,19917.609375
139.21460223197937,2,4646.2,4784.609375,19917.609375
140.24152159690857,2,4704.3,4760.359375,19917.609375
141.27152490615845,2,4657.0,4714.3203125,19917.609375
142.29910564422607,2,4638.8,4737.3671875,19917.609375
143.3265209197998,2,4638.4,4796.05859375,19955.609375
144.35352039337158,2,4665.4,4779.67578125,19955.609375
145.38052344322205,2,4673.4,4849.79296875,19955.609375
146.40652060508728,2,4669.6,4832.53125,19955.609375
147.4498155117035,2,4625.8,4940.23046875,19955.609375
148.47751760482788,2,4647.1,4995.34765625,19971.609375
149.50452256202698,2,4676.2,5048.2734375,20009.609375
150.5315227508545,2,4628.3,5040.1171875,20123.609375
151.55752325057983,2,4633.1,5082.3515625,20155.609375
152.58452582359314,2,4641.9,5156.953125,20215.609375
153.61251997947693,2,4684.9,5010.1015625,20215.609375
154.63951873779297,2,4703.3,5088.62890625,20231.609375
155.66652369499207,2,4611.6,5129.31640625,20267.609375
156.69352293014526,2,4665.5,5361.48046875,20443.609375
157.72053360939026,2,4641.9,5467.71875,20603.609375
158.74852347373962,2,4712.5,5484.55859375,20603.609375
159.77764201164246,2,4664.8,5545.08203125,20647.609375
160.80443930625916,2,4605.0,5589.25390625,20647.609375
161.8315191268921,2,4640.1,5551.27734375,20687.609375
162.85951495170593,2,4715.7,5579.87109375,20711.609375
163.88653755187988,2,4661.9,5669.33984375,20711.609375
164.91152095794678,2,4625.3,5657.203125,20775.609375
165.9385211467743,2,4637.6,5820.3671875,20867.609375
166.96551752090454,2,4678.7,6030.234375,21073.609375
167.99252128601074,2,4683.5,6211.57421875,21517.609375
169.0195233821869,2,4626.6,6351.546875,21517.609375
170.04651999473572,2,4652.9,6020.8515625,21517.609375
171.07452082633972,2,4665.0,5965.078125,21517.609375
172.10152506828308,2,4692.2,6161.98046875,21561.609375
173.1265196800232,2,4653.3,6486.98046875,21735.609375
174.1525239944458,2,4626.2,7343.18359375,22321.609375
175.17951822280884,2,4638.5,8015.34375,23053.609375
176.20651960372925,2,4688.6,8466.296875,23473.609375
177.23652815818787,2,4650.4,8554.37109375,23473.609375
178.26152157783508,2,4610.8,8824.70703125,23857.609375
179.28852486610413,2,4625.8,9059.63671875,23857.609375
180.31651782989502,2,4704.4,8978.703125,23877.609375
181.34352087974548,2,4659.1,8942.24609375,23877.609375
182.37128591537476,2,4641.8,8938.390625,23877.609375
183.39851546287537,2,4633.8,8920.703125,23877.609375
184.4255166053772,2,4664.8,8908.796875,23877.609375
185.4525170326233,2,4683.6,8922.8515625,23937.609375
186.4795217514038,2,4610.2,8981.61328125,23953.609375
187.50651669502258,2,4655.7,8978.76953125,24033.609375
188.53452062606812,2,4661.3,9056.11328125,24097.609375
189.56152081489563,2,4699.0,8935.93359375,24217.609375
190.58852076530457,2,4622.4,8893.53125,24245.609375
191.61452388763428,2,4666.5,8974.96875,24245.609375
192.6415228843689,2,4628.8,8908.953125,24245.609375
193.66852188110352,2,4689.7,9074.46484375,24353.609375
194.69858527183533,2,4641.9,9218.00390625,24357.609375
195.72351956367493,2,4612.2,9427.484375,24413.609375
196.75151896476746,2,4630.5,9931.42578125,24803.609375
197.77952480316162,2,4702.7,10001.19921875,24951.609375
198.80652117729187,2,4659.9,10333.0859375,25447.609375
199.83252263069153,2,4612.9,10442.375,25633.609375
200.86052012443542,2,4648.5,10355.08984375,25633.609375
201.88752245903015,2,4653.9,10320.5703125,25633.609375
202.91851592063904,2,4672.7,10245.0703125,25633.609375
203.93352055549622,2,4633.9,10267.26953125,25633.609375
204.95852518081665,2,4606.0,10327.16796875,25633.609375
205.98552656173706,2,4642.4,10515.83203125,25637.609375
207.01251745224,2,4689.7,10374.30859375,25637.609375
208.03782415390015,2,4642.4,10382.6171875,25637.609375
209.06052160263062,2,4608.5,10417.87109375,25637.609375
210.08651685714722,2,4649.7,10404.5546875,25697.609375
211.1145167350769,2,4693.1,10254.68359375,25753.609375
212.14252185821533,2,4650.6,10429.56640625,25917.609375
213.15751814842224,2,4628.8,10358.77734375,25917.609375
214.18452072143555,2,4641.9,10401.65625,25917.609375
215.2115204334259,2,4701.5,10353.6796875,25969.609375
216.23852014541626,2,4639.9,10349.33984375,25969.609375
217.263525724411,2,4623.7,10393.41015625,25969.609375
218.29152011871338,2,4636.1,10211.54296875,25969.609375
219.3185203075409,2,4680.0,10121.50390625,25969.609375
220.34652018547058,2,4677.8,10443.82421875,26117.609375
221.37552213668823,2,4618.9,10420.8046875,26117.609375
222.40565514564514,2,4655.9,10320.140625,26165.609375
223.4345986843109,2,4649.6,10207.6953125,26165.609375
224.4505259990692,2,4711.3,10158.48046875,26201.609375
225.47852563858032,2,4666.4,10157.359375,26201.609375
226.5045201778412,2,4607.7,10234.59375,26201.609375
227.53052163124084,2,4630.5,10371.93359375,26201.609375
228.55745816230774,2,4708.2,10343.45703125,26201.609375
229.58751559257507,2,4645.3,10283.9765625,26201.609375
230.61251497268677,2,4644.9,10249.48828125,26233.609375
231.6385190486908,2,4648.6,10367.71484375,26233.609375
232.66551852226257,2,4644.7,10271.28515625,26233.609375
233.69351840019226,2,4689.0,10501.51953125,26285.609375
234.7205204963684,2,4609.8,10442.26953125,26309.609375
235.74352288246155,2,4654.0,10414.55078125,26309.609375
236.77051973342896,2,4643.0,10665.796875,26477.609375
237.81520628929138,2,4696.4,10627.76953125,26477.609375
238.84252905845642,2,4638.6,10545.91796875,26513.609375
239.86752009391785,2,4623.6,10497.80859375,26513.609375
240.89552474021912,2,4643.6,10339.3125,26513.609375
241.92569541931152,2,4694.1,10263.15625,26513.609375
242.95152282714844,2,4634.3,10254.36328125,26585.609375
243.9775230884552,2,4618.2,10135.87890625,26585.609375
245.00442695617676,2,4643.7,10058.91015625,26585.609375
246.03251242637634,2,4715.8,10040.28515625,26585.609375
247.06052207946777,2,4661.2,10199.546875,26585.609375
248.08652544021606,2,4635.8,10274.6015625,26585.609375
249.1178514957428,2,4650.3,10332.68359375,26585.609375
250.14951610565186,2,4663.8,10449.15234375,26589.609375
251.17751836776733,2,4674.3,10595.515625,26713.609375
252.20352005958557,2,4605.0,10564.23828125,26713.609375
253.23364543914795,2,4658.6,10743.16015625,26861.609375
254.26052069664001,2,4656.1,10653.86328125,26941.609375
255.2875189781189,2,4665.6,10655.87890625,26941.609375
256.3155150413513,2,4634.3,10674.28125,26941.609375
257.34329771995544,2,4619.1,10591.54296875,26985.609375
258.3695225715637,2,4639.3,10530.7890625,26985.609375
259.3975205421448,2,4687.9,10530.78125,26985.609375
260.42452239990234,2,4657.1,10647.64453125,27241.609375
261.45052123069763,2,4620.9,10982.77734375,27369.609375
262.4795207977295,2,4650.6,11020.43359375,27369.609375
263.50852847099304,2,4692.4,10999.03125,27429.609375
264.53820514678955,2,4635.1,11012.61328125,27429.609375
265.56551218032837,2,4614.2,10843.625,27429.609375
266.5975880622864,2,4630.7,10805.52734375,27429.609375
267.6245219707489,2,4666.8,10818.9921875,27429.609375
268.6515257358551,2,4677.9,10927.328125,27481.609375
269.6825261116028,2,4612.0,10953.35546875,27481.609375
270.7126543521881,2,4640.7,10793.5703125,27505.609375
271.7426643371582,2,4633.3,10837.31640625,27505.609375
272.77260851860046,2,4692.9,10848.94140625,27533.609375
273.79952573776245,2,4651.1,10957.453125,27573.609375
274.8255248069763,2,4600.6,11189.48046875,27681.609375
275.85575342178345,2,4644.8,11108.31640625,27681.609375
276.88351821899414,2,4685.9,11393.00390625,28071.609375
277.9136462211609,2,4631.2,11636.84765625,28183.609375
278.93866205215454,2,4609.5,11448.3984375,28183.609375
279.9675257205963,2,4618.2,11583.83203125,28187.609375
280.9945213794708,2,4699.8,11591.57421875,28299.609375
282.02352476119995,2,4642.9,11379.046875,28299.609375
283.0445206165314,2,4611.7,11378.1171875,28427.609375
284.0715219974518,2,4640.8,11488.78125,28427.609375
285.0985207557678,2,4643.6,11692.0390625,28715.609375
286.12551760673523,2,4679.2,11594.8828125,28743.609375
287.1523756980896,2,4641.9,11709.74609375,28743.609375
288.1798198223114,2,4612.4,11390.87890625,28743.609375
289.20752000808716,2,4629.5,11501.91015625,28743.609375
290.2345218658447,2,4691.0,11382.01171875,28747.609375
291.2615201473236,2,4633.4,11320.69921875,28747.609375
292.2875199317932,2,4601.4,11262.6875,28747.609375
293.31447887420654,2,4635.9,11637.08984375,28747.609375
294.3405177593231,2,4696.4,11871.109375,28855.609375
295.3685255050659,2,4626.7,11738.36328125,28855.609375
296.39452147483826,2,4587.5,11629.47265625,28855.609375
297.4215247631073,2,4629.3,11677.88671875,28927.609375
298.4485218524933,2,4650.5,11673.47265625,28927.609375
299.4755198955536,2,4674.6,11666.66015625,28927.609375
300.5025203227997,2,4594.4,11662.27734375,28927.609375
301.5294315814972,2,4636.6,11636.2890625,29375.609375
302.5575189590454,2,4654.1,11801.875,29375.609375
303.58451771736145,2,4692.1,11720.03515625,29375.609375
304.61251974105835,2,4606.8,11885.375,29379.609375
305.6394782066345,2,4646.1,11811.90234375,29379.609375
306.6675169467926,2,4615.2,11631.078125,29379.609375
307.6945230960846,2,4686.9,11756.84765625,29459.609375
308.72152495384216,2,4635.2,11618.82421875,29463.609375
309.74828004837036,2,4571.0,11518.41015625,29463.609375
310.76752161979675,2,4619.9,11874.65234375,29463.609375
311.7945237159729,2,4649.6,12035.5390625,29499.609375
312.82218742370605,2,4618.1,12409.46875,29651.609375
313.84862899780273,2,4597.8,12532.640625,29943.609375
314.8755214214325,2,4590.9,12435.9609375,29971.609375
315.9065182209015,2,4656.7,12697.078125,30095.609375
316.93926978111267,2,4662.2,12608.25,30151.609375
317.9535183906555,2,4597.8,12812.67578125,30275.609375
318.9867191314697,2,4652.0,13198.109375,30491.609375
320.01443457603455,2,4454.7,12878.07421875,30491.609375
321.03739500045776,2,4199.3,13195.265625,30491.609375
322.05051493644714,2,3980.2,13415.28125,30515.609375
323.06447672843933,2,3731.9,12675.25,30607.609375
324.07843947410583,2,3265.7,12466.19921875,30663.609375
325.0920009613037,2,3016.8,12080.91015625,30663.609375
326.10399436950684,2,2796.2,11947.4609375,30663.609375
327.1178641319275,2,2663.8,12041.75,30663.609375
328.1314311027527,2,2643.1,11568.29296875,30951.609375
329.1442642211914,2,2418.8,11212.01953125,30951.609375
330.1554720401764,2,2200.2,11123.90234375,31095.609375
331.1671817302704,2,2054.2,10847.48046875,31095.609375
332.18025755882263,2,1904.7,10527.1796875,31095.609375
333.19140696525574,2,1801.9,10329.6875,31095.609375
334.20089173316956,2,1794.7,9969.40234375,31095.609375
335.2127845287323,2,1792.0,9789.51953125,31095.609375
336.2245101928711,2,1730.7,9565.6171875,31095.609375
337.235680103302,2,1694.2,9755.62890625,31095.609375
338.24676179885864,2,1692.9,10021.6484375,31095.609375
339.25861120224,2,1697.0,10137.77734375,31095.609375
340.27035903930664,2,1627.0,10316.88671875,31095.609375
341.2820198535919,2,1568.1,10130.92578125,31095.609375
342.29342436790466,2,1422.4,9588.9609375,31095.609375
343.3036947250366,2,1290.4,9668.04296875,31095.609375
344.3134551048279,2,1167.4,9732.26953125,31095.609375
345.3233816623688,2,953.1,9588.71484375,31095.609375
346.33265709877014,2,819.5,9006.0859375,31095.609375
347.3418924808502,2,744.0,9095.6484375,31095.609375
348.3499608039856,2,703.6,9118.35546875,31095.609375
349.359082698822,2,703.5,8909.734375,31095.609375
350.368275642395,2,375.1,8577.46875,31447.609375
351.3761143684387,2,267.7,8071.5390625,31447.609375
352.38452982902527,2,208.2,7899.69921875,31447.609375
353.39332699775696,2,207.1,7705.359375,31447.609375
354.4026300907135,2,207.3,7436.02734375,31447.609375
355.41082882881165,2,208.6,7181.5625,31447.609375
356.4223954677582,2,205.7,7003.48046875,31447.609375
357.4334788322449,2,204.9,7104.37109375,31447.609375
358.44391655921936,2,202.7,7332.20703125,31447.609375
359.45518684387207,2,200.6,7775.7109375,31447.609375
360.4669153690338,2,201.6,7094.55859375,31447.609375
361.47863841056824,2,201.9,7257.6328125,31447.609375
362.48919582366943,2,204.9,7153.890625,31447.609375
363.4991993904114,2,201.9,6896.26953125,31447.609375
364.50981616973877,2,201.7,7049.9921875,31447.609375
365.52114033699036,2,204.8,6968.39453125,31447.609375
366.53175115585327,2,202.7,6724.09765625,31447.609375
367.5429723262787,2,202.7,6881.015625,31447.609375
368.5543301105499,2,202.7,6866.5234375,31447.609375
369.5657479763031,2,200.8,7276.69140625,31447.609375
370.5765640735626,2,200.7,7364.140625,31447.609375
371.58807706832886,2,203.0,6835.88671875,31447.609375
372.60294556617737,2,203.7,6769.8046875,31447.609375
373.6139976978302,2,202.8,6675.0625,31447.609375
374.6249415874481,2,201.8,6590.5625,31447.609375
375.63596773147583,2,202.7,6729.8203125,31447.609375
376.6474599838257,2,200.8,6927.98046875,31447.609375
377.65858340263367,2,204.9,6655.9375,31447.609375
378.66892671585083,2,198.9,6808.1953125,31447.609375
379.6796405315399,2,200.5,6931.6640625,31447.609375
380.691841840744,2,201.1,7067.796875,31447.609375
381.70147013664246,2,200.9,7207.078125,31959.609375
382.7118601799011,2,203.6,7221.45703125,31971.609375
383.72377824783325,2,203.6,7149.84765625,31971.609375
384.7356424331665,2,200.6,7699.7265625,31971.609375
385.7473828792572,2,202.7,7350.5234375,31971.609375
386.7589919567108,2,203.0,7531.5234375,31971.609375
387.7687289714813,2,203.6,7495.01953125,31971.609375
388.78067898750305,2,202.1,7385.36328125,31971.609375
389.795214176178,2,202.7,7201.17578125,31971.609375
390.80654740333557,2,201.7,7271.296875,31971.609375
391.8177664279938,2,205.8,6761.53515625,31971.609375
392.8284466266632,2,203.6,6685.6796875,31971.609375
393.8403024673462,2,203.6,6618.48046875,31971.609375
394.8520085811615,2,202.2,6567.09375,31971.609375
395.86102414131165,2,202.7,6510.9375,31971.609375
396.87257862091064,2,200.8,6446.7265625,31971.609375
397.8836486339569,2,180.1,5751.734375,31971.609375
398.89407658576965,2,105.0,5648.46484375,31971.609375
399.90367579460144,2,104.8,5488.0703125,31971.609375
400.9148414134979,2,103.8,5285.81640625,31971.609375
401.92644333839417,2,104.9,5023.42578125,31971.609375
402.9374096393585,2,105.0,4782.1328125,31971.609375
403.9473948478699,2,103.8,4452.53125,31971.609375
404.9589009284973,2,103.7,4260.75390625,31971.609375
405.9716627597809,2,128.3,3976.8984375,31971.609375
406.9851448535919,2,680.5,2957.65234375,32171.6171875
407.99473547935486,2,104.8,2921.87890625,32171.6171875
409.0064570903778,2,108.9,2864.828125,32267.703125
410.01667976379395,2,106.7,3285.8984375,32859.703125
411.0285632610321,2,701.4,3676.8359375,32859.703125
412.0437767505646,2,1621.2,4408.59765625,38491.78515625
413.0559546947479,2,1457.1,6673.16015625,37979.77734375
414.0691201686859,2,665.8,5307.41796875,36955.75
415.08050775527954,2,2538.9,4506.08984375,44123.734375
416.0948717594147,2,4393.2,6267.1015625,44123.734375
417.11151456832886,2,3404.0,6483.21875,44123.734375
418.13077902793884,2,2373.7,6706.66015625,44123.734375
419.1401982307434,2,2061.8,4408.484375,46171.75
420.15150809288025,2,1807.9,4396.78515625,44123.734375
421.1645083427429,2,4172.3,6204.08984375,44151.734375
422.1935131549835,2,4293.8,7645.61328125,44151.734375
423.20643424987793,2,2953.3,7782.59375,44151.734375
424.2205100059509,2,3661.4,8554.375,44151.734375
425.23250794410706,2,2289.3,8534.04296875,44151.734375
426.24696493148804,2,2565.8,8583.87890625,44151.734375
427.259507894516,2,2256.1,3438.72265625,42103.703125
428.2855062484741,2,4608.0,3306.05078125,42103.703125
429.31350564956665,2,4658.8,3246.4609375,42103.703125
430.33150696754456,2,4365.4,3385.984375,42103.703125
431.352511882782,2,4620.7,3304.71875,42103.703125
432.372766494751,2,2033.4,3315.5390625,42103.703125
433.3828318119049,2,101.1,3223.0859375,42103.703125
434.39194321632385,2,101.1,3195.53515625,42103.703125
435.40114092826843,2,122.1,3495.4921875,42177.72265625
436.40869760513306,2,100.3,3868.49609375,42177.72265625
437.4160883426666,2,101.1,4179.5625,42177.72265625
438.42479062080383,4,7.9,4473.3203125,42482.9765625
439.4335777759552,4,100.1,4694.6015625,42719.90625
440.4424157142639,4,100.1,4907.46875,42946.28125
441.4515221118927,4,101.1,5084.91015625,43136.546875
442.46058082580566,4,100.3,5385.60546875,43450.43359375
443.46728467941284,4,100.1,5734.7109375,43799.51171875
444.47598934173584,4,99.2,6080.4453125,44145.23828125
445.4843850135803,4,99.9,6387.8203125,44463.87890625
446.495707988739,4,100.8,6728.78125,44810.12109375
447.5080051422119,4,98.8,7070.4921875,45158.8125
448.5199418067932,4,99.9,7418.73828125,45507.1171875
449.53092098236084,4,99.7,7739.359375,45827.70703125
450.54357409477234,4,99.8,8087.90625,46176.26953125
451.5556797981262,4,99.8,8436.85546875,46525.4765625
452.56770968437195,4,99.9,8785.7734375,46874.42578125
453.57831954956055,4,100.5,9107.84375,47196.5625
454.59362030029297,4,98.8,9456.7734375,47545.3828125
455.6057493686676,4,99.9,9806.546875,47895.234375
456.61696124076843,4,100.0,10146.8125,48235.41796875
457.6271266937256,4,99.8,10478.48828125,48567.99609375
458.63914251327515,4,99.9,10825.80859375,48915.26953125
459.6504600048065,4,99.9,11176.8984375,49266.41015625
460.6617147922516,4,100.7,11520.8828125,49610.33203125
461.67452812194824,4,98.9,11848.8203125,49938.26953125
462.6855080127716,4,99.9,12194.87109375,50284.3828125
463.6965835094452,4,99.8,12546.4296875,50635.91015625
464.7082006931305,4,100.0,12886.0,50975.44921875
465.7187874317169,4,99.8,13214.9609375,51304.41796875
466.7306785583496,4,98.9,13560.27734375,51649.7578125
467.7422733306885,4,100.9,13910.59375,52000.125
468.7534294128418,4,100.0,14245.875,52335.41015625
469.763041973114,4,99.8,14420.4609375,52509.94921875
470.77486658096313,4,99.9,14438.6484375,52528.125
471.78601479530334,4,99.8,14803.359375,52951.09765625
472.7975866794586,4,99.0,14539.515625,52628.76953125
473.8080327510834,5,0.0,4385.81640625,42740.6953125
474.8205907344818,5,99.8,4593.40625,42942.79296875
475.8325471878052,2,51.4,3323.50390625,42864.0390625
476.8455317020416,2,1001.0,4230.67578125,43201.76953125
477.870774269104,2,3803.8,5153.08984375,47297.83203125
478.89950609207153,2,4649.1,5185.08984375,47297.83203125
479.9199845790863,2,3833.2,5573.6796875,49345.86328125
480.928986787796,2,99.2,5979.58984375,49345.86328125
481.93714451789856,2,100.1,6317.6796875,49345.86328125
482.9460389614105,4,82.3,6656.8671875,49503.125
483.9544816017151,4,100.1,6988.046875,49834.29296875
484.96338844299316,4,99.2,7299.51953125,50145.73046875
485.9716773033142,4,100.1,7632.84765625,50479.08203125
486.9807159900665,4,100.2,7974.96484375,50821.21484375
487.9888422489166,4,100.2,8290.52734375,51136.77734375
488.9971082210541,4,99.1,8615.98046875,51462.13671875
490.0063078403473,4,101.1,8942.17578125,51791.234375
491.0154345035553,4,99.1,9245.38671875,52094.421875
492.02443289756775,4,100.8,9601.4296875,52450.5234375
493.0363619327545,4,98.8,9876.55859375,52725.578125
494.04844093322754,4,100.9,10207.0234375,53056.09375
495.05928802490234,4,99.0,10556.28125,53405.30078125
496.0689809322357,4,99.8,10916.9296875,53765.98046875
497.0809772014618,4,99.8,11287.97265625,54137.6171875
498.09326338768005,4,99.9,11665.73046875,54515.44140625
499.10469126701355,4,100.9,12023.7109375,54873.4140625
500.11534452438354,4,98.9,12369.30859375,55223.39453125
501.12626910209656,4,99.9,12729.17578125,55583.30078125
502.1374442577362,4,99.8,13093.921875,55947.9765625
503.1489646434784,4,99.9,13434.125,56288.16015625
504.15987730026245,4,99.8,13791.1953125,56645.23046875
505.17213201522827,4,99.9,14151.3046875,57005.39453125
506.18312525749207,4,99.9,14516.4140625,57370.45703125
507.1937837600708,4,99.7,14848.98828125,57705.484375
508.20644760131836,4,99.9,15213.9453125,58070.41796875
509.2174141407013,4,99.8,15587.359375,58443.859375
510.22901582717896,4,99.9,15960.01953125,58816.52734375
511.2401361465454,4,99.8,16304.34765625,59160.8359375
512.2525691986084,4,99.9,16677.9453125,59534.40625
513.2634229660034,4,99.9,17050.33984375,59906.81640625
514.2748391628265,4,98.9,17412.91015625,60269.4296875
515.2860653400421,4,100.9,17764.6484375,60621.21484375
516.2970871925354,4,98.8,18135.46875,60991.94921875
517.3088319301605,4,100.8,18509.25,61365.77734375
518.3209700584412,4,99.0,18871.7890625,61728.26171875
519.3314778804779,4,99.8,19227.2734375,62083.78515625
520.3432281017303,4,100.9,19519.421875,62375.88671875
521.3541209697723,4,98.9,19589.8203125,62446.3984375
522.3657557964325,4,99.9,19589.8203125,62446.3984375
523.376736164093,4,98.9,19589.88671875,62446.3984375
524.3881332874298,4,100.8,19605.20703125,62475.6171875
525.4000961780548,4,99.9,19987.72265625,63002.04296875
526.4112756252289,4,100.0,20207.109375,63175.25390625
527.4214701652527,4,99.8,20215.109375,63175.25390625
528.4338886737823,4,98.8,19685.26171875,62541.5234375
529.4458808898926,5,0.0,6851.42578125,50135.9453125
530.4592390060425,5,101.0,7522.58984375,50726.3359375
531.4696295261383,5,99.9,7391.2890625,50596.96875
532.4808104038239,2,54.3,5555.05859375,50050.7421875
533.4928960800171,2,99.9,5540.33984375,50050.7421875
534.5043761730194,2,99.9,5557.58984375,50050.7421875
535.5165100097656,2,350.3,6709.07421875,49538.7109375
536.5406205654144,2,572.0,6899.9609375,49538.7109375
537.5527226924896,2,193.0,7051.01171875,49538.7109375
538.5629281997681,2,208.9,7070.51171875,49538.7109375
539.5731635093689,2,731.6,7136.921875,49538.7109375
540.585985660553,2,1487.4,10795.515625,49538.7109375
541.59845662117,2,3955.6,13415.24609375,49538.7109375
542.6255087852478,2,4539.4,13760.11328125,49538.7109375
543.6405115127563,2,4434.5,14384.1796875,49538.7109375
544.6794543266296,2,3739.2,15364.9453125,49538.7109375
545.7075071334839,2,3693.8,14803.16796875,49538.7109375
546.7195091247559,2,2775.8,15380.96484375,49538.7109375
547.749340057373,2,1894.3,15400.30859375,49538.7109375
548.7613840103149,2,3251.3,15476.62109375,49538.7109375
549.7697038650513,2,943.3,8043.4765625,49538.7109375
550.7778081893921,2,178.6,8060.1640625,49538.7109375
551.7857804298401,2,255.8,7774.8671875,49538.7109375
552.7943162918091,2,1073.2,7640.8515625,49538.7109375
553.8035175800323,2,1379.8,8787.63671875,49570.7109375
554.8122673034668,2,2869.6,13020.16015625,49570.7109375
555.8445415496826,2,4564.8,13887.546875,49570.7109375
556.8581597805023,2,4458.8,13981.12890625,55714.7109375
557.8745186328888,2,3572.9,14482.10546875,55714.7109375
558.8890898227692,2,3180.5,14782.046875,55714.7109375
559.9015135765076,2,2861.0,15288.34375,55714.7109375
560.9131882190704,2,1428.4,15210.69140625,55714.7109375
561.9220213890076,2,3722.8,15349.0546875,55714.7109375
562.9283881187439,2,957.7,8610.22265625,55938.7109375
563.9370124340057,2,983.6,8174.6640625,55938.7109375
564.9445288181305,2,1210.4,8019.265625,55938.7109375
565.9540867805481,2,1023.1,10201.1484375,55938.7109375
566.9631052017212,2,4318.1,12358.453125,55938.7109375
567.9865252971649,2,4461.9,14006.8203125,55938.7109375
569.0168197154999,2,4327.0,14004.87109375,55938.7109375
570.0428631305695,2,3829.7,14786.625,55938.7109375
571.0886430740356,2,4147.1,14059.71484375,55938.7109375
572.1005091667175,2,2740.8,14422.6796875,55938.7109375
573.1125118732452,2,2579.5,14410.015625,55938.7109375
574.1242234706879,2,1971.0,7248.3515625,55938.7109375
575.1336946487427,2,1158.3,8583.89453125,56194.7109375
576.1412303447723,2,1191.4,8037.58203125,56194.7109375
577.1522500514984,2,1027.4,7784.7109375,56194.7109375
578.1675474643707,2,2868.3,11599.05859375,56194.7109375
579.1815006732941,2,4428.6,12609.3828125,56194.7109375
580.2091112136841,2,4464.0,13781.6484375,56194.7109375
581.2230935096741,2,3675.5,14914.22265625,56194.7109375
582.2515485286713,2,4534.9,14886.32421875,56194.7109375
583.2901313304901,2,3498.1,14545.74609375,56194.7109375
584.2979290485382,2,2119.6,14365.85546875,56194.7109375
585.3061783313751,2,3053.0,14474.6015625,56194.7109375
586.313976764679,2,1179.9,8657.3203125,56194.7109375
587.3225376605988,2,910.6,8314.12890625,56194.7109375
588.330643415451,2,1100.8,8116.484375,56194.7109375
589.3389303684235,2,1527.3,10620.57421875,56194.7109375
590.3525087833405,2,4426.5,12437.26171875,56194.7109375
591.3655173778534,2,4495.9,14499.62890625,56194.7109375
592.3895168304443,2,4149.9,14036.97265625,56194.7109375
593.3985743522644,2,4019.0,14852.765625,56194.7109375
594.448312997818,2,4055.8,14082.0859375,56194.7109375
595.4595146179199,2,2682.2,14422.765625,56194.7109375
596.4835159778595,2,2748.7,14323.66015625,56194.7109375
597.4963817596436,2,1399.3,7881.64453125,56194.7109375
598.5053036212921,2,1201.5,8630.00390625,56194.7109375
599.5124430656433,2,1185.1,8077.04296875,56194.7109375
600.5216331481934,2,1035.8,7801.48828125,56194.7109375
601.533529996872,2,2867.6,11685.97265625,56194.7109375
602.546895980835,2,4415.7,12506.98046875,56194.7109375
603.5554342269897,2,4374.0,13493.23046875,56194.7109375
604.570531129837,2,3874.2,14291.11328125,56194.7109375
605.5965461730957,2,4283.7,15016.52734375,56194.7109375
606.647322177887,2,3916.9,14565.75390625,56194.7109375
607.6955807209015,2,2303.6,14612.6640625,56194.7109375
608.7057414054871,2,3230.6,14534.125,56194.7109375
609.7173383235931,2,738.6,8397.62109375,56194.7109375
610.7244732379913,2,1306.9,8382.59375,56194.7109375
611.7322273254395,2,1337.5,8132.41015625,56194.7109375
612.7401084899902,2,1350.3,7989.07421875,56194.7109375
613.7485086917877,2,3017.7,11641.55078125,56194.7109375
614.7685179710388,2,4447.9,12241.046875,56194.7109375
615.7966547012329,2,4330.8,13637.3046875,56194.7109375
616.8175473213196,2,3894.1,14523.27734375,56194.7109375
617.8406732082367,2,4379.2,13681.16015625,56194.7109375
618.8506329059601,2,3045.0,14103.5234375,56194.7109375
619.8585889339447,2,2224.2,13980.72265625,56194.7109375
620.869758605957,2,2950.3,14058.046875,56194.7109375
621.8769910335541,2,1324.4,8991.4140625,56194.7109375
622.8865089416504,2,778.1,8350.421875,56194.7109375
623.8965082168579,2,1363.4,8099.0078125,56194.7109375
624.947417974472,2,1829.1,10368.81640625,56194.7109375
625.9685077667236,2,4383.0,11735.98046875,56194.7109375
626.9894490242004,2,4348.5,12886.39453125,56194.7109375
628.0015118122101,2,3889.3,13695.7578125,56194.7109375
629.014543056488,2,4271.1,14415.94140625,56194.7109375
630.0635991096497,2,3952.4,13910.30078125,56194.7109375
631.0718915462494,2,2206.7,13951.89453125,56194.7109375
632.0797474384308,2,3292.9,13987.01953125,56194.7109375
633.0881948471069,2,712.7,8585.26171875,56194.7109375
634.0971014499664,2,1225.7,8377.2109375,56194.7109375
635.1071219444275,2,1534.9,8165.83203125,56194.7109375
636.116278886795,2,987.6,8885.76171875,56194.7109375
637.1255095005035,2,3524.2,11669.9765625,56194.7109375
638.1395244598389,2,4464.6,12848.88671875,56194.7109375
639.1655068397522,2,4337.5,13619.234375,56194.7109375
640.1865456104279,2,3803.4,14505.53125,56194.7109375
641.2315149307251,2,4162.0,13655.76953125,56194.7109375
642.249507188797,2,2840.5,14074.46484375,56194.7109375
643.2743427753448,2,2537.1,14052.90625,56194.7109375
644.2868497371674,2,2565.4,8460.70703125,56194.7109375
645.2966570854187,2,1418.3,9373.43359375,56194.7109375
646.3048930168152,2,767.1,8334.37109375,56194.7109375
647.3126447200775,2,1101.4,8255.10546875,56194.7109375
648.3203620910645,2,1528.6,10695.0859375,56194.7109375
649.3355102539062,2,4417.8,12591.1640625,56194.7109375
650.3525187969208,2,4471.6,14408.6953125,56194.7109375
651.3795123100281,2,4355.9,14162.65625,56194.7109375
652.404534816742,2,3814.9,15057.546875,56194.7109375
653.4545061588287,2,4166.3,14239.1640625,56194.7109375
654.4655160903931,2,2838.0,14633.453125,56194.7109375
655.5605170726776,2,2580.3,14477.57421875,56194.7109375
656.5735311508179,2,2163.9,7718.7109375,56706.71875
657.5822231769562,2,1444.4,8528.5859375,56194.7109375
658.5909411907196,2,1054.1,7780.73828125,56194.7109375
659.6061165332794,2,1205.3,10821.65234375,56194.7109375
660.6157450675964,2,4058.9,13207.77734375,56194.7109375
661.6307721138,2,4510.7,13717.203125,56194.7109375
662.6476793289185,2,4301.4,13378.9296875,56194.7109375
663.660804271698,2,4001.5,14694.6328125,56194.7109375
664.6745417118073,2,4277.6,15492.26171875,56194.7109375
665.7202062606812,2,4484.8,15448.03515625,56194.7109375
666.7716319561005,2,4023.0,14710.62109375,56194.7109375
667.7845160961151,2,2767.2,15128.3203125,56194.7109375
668.8092901706696,2,2980.7,15125.53515625,56194.7109375
669.8215069770813,2,1560.4,7516.08984375,56194.7109375
670.8439710140228,2,1613.4,9538.52734375,56194.7109375
671.8523104190826,2,3415.8,12581.3203125,56194.7109375
672.8674614429474,2,4483.9,13398.35546875,56194.7109375
673.8927721977234,2,4299.7,12735.62890625,56194.7109375
674.9055445194244,2,4170.9,13656.41015625,56194.7109375
675.9565463066101,2,4448.9,13483.7734375,56194.7109375
677.0051832199097,2,3940.5,13212.63671875,56194.7109375
678.0153720378876,2,2286.0,13369.82421875,56194.7109375
679.0262715816498,2,2056.1,7214.125,56194.7109375
680.0363972187042,2,1659.9,9083.0,56194.7109375
681.0455753803253,2,3203.8,12346.1953125,56194.7109375
682.0805160999298,2,4435.8,13148.28125,56194.7109375
683.0965058803558,2,4144.6,12583.765625,56194.7109375
684.117550611496,2,4261.8,13520.4375,56194.7109375
685.1675579547882,2,4473.7,13495.80078125,56194.7109375
686.2062842845917,2,3871.5,13174.26171875,56194.7109375
687.2195093631744,2,2278.0,13327.90625,56194.7109375
688.2303235530853,2,1943.4,6881.88671875,56194.7109375
689.2393705844879,2,100.2,7455.53515625,56194.7109375
690.2471303939819,2,1450.3,8555.0,56194.7109375
691.2565631866455,2,1040.4,7481.734375,56194.7109375
692.2665057182312,2,3305.0,10044.1328125,56194.7109375
693.2795178890228,2,4387.4,11344.9765625,56194.7109375
694.3005101680756,2,4258.7,13157.58984375,56194.7109375
695.3165533542633,2,3902.1,13310.77734375,56194.7109375
696.3649117946625,2,3935.7,13387.53125,56194.7109375
697.3765099048615,2,2948.0,13846.77734375,56194.7109375
698.3835072517395,2,2307.9,13762.9609375,56194.7109375
699.3953664302826,2,2526.7,8670.01171875,56194.7109375
700.4032435417175,2,102.1,7710.30078125,56194.7109375
701.4122114181519,2,1441.2,9009.08984375,56194.7109375
702.4211010932922,2,1015.3,7822.05078125,56194.7109375
703.4297099113464,2,3403.9,10099.84375,56194.7109375
704.4445276260376,2,4412.8,11459.80078125,56194.7109375
705.471508026123,2,4364.2,12930.8203125,56194.7109375
706.4915180206299,2,3819.4,13029.046875,56194.7109375
707.5050799846649,2,3749.7,13016.91796875,56194.7109375
708.5205166339874,2,2925.1,13475.62890625,56194.7109375
709.5418071746826,2,2561.2,13507.73046875,56194.7109375
710.5532948970795,2,1522.7,7806.4921875,56194.7109375
711.5619626045227,2,1506.5,9068.35546875,56194.7109375
712.5708665847778,2,651.0,8212.36328125,56194.7109375
713.5785846710205,2,1239.0,7960.890625,56194.7109375
714.5872864723206,2,2916.5,9552.796875,56194.7109375
715.6005177497864,2,4335.4,10998.43359375,56194.7109375
716.6265277862549,2,4421.6,12039.41015625,56194.7109375
717.6394441127777,2,3983.2,13063.92578125,56194.7109375
718.6512629985809,2,3585.1,13241.87890625,56194.7109375
719.6632144451141,2,3064.0,13669.95703125,56194.7109375
720.6715178489685,2,2099.2,13717.5,56194.7109375
721.6902568340302,2,2543.0,7734.72265625,56706.71875
722.6995389461517,2,1502.9,9393.31640625,56194.7109375
723.7075772285461,2,589.9,8298.15625,56514.7109375
724.7185122966766,2,1288.2,7969.6875,56514.7109375
725.7480204105377,2,2154.4,9318.52734375,56514.7109375
726.7565097808838,2,3995.9,11295.9609375,56514.7109375
727.7775166034698,2,4441.7,13106.4609375,56514.7109375
728.8055267333984,2,4431.1,14112.69921875,56514.7109375
729.8341400623322,2,4293.7,14862.2890625,56514.7109375
730.8475160598755,2,3256.1,15184.1015625,56514.7109375
731.8744580745697,2,3357.7,15735.8125,56514.7109375
732.8832604885101,2,2387.8,16228.82421875,56514.7109375
733.8916821479797,2,1908.5,16154.125,56514.7109375
734.9030787944794,2,3145.9,16394.03125,56514.7109375
735.910003900528,2,565.2,7992.828125,56514.7109375
736.9184789657593,2,1539.9,9025.55078125,56514.7109375
737.9263942241669,2,869.6,8198.5078125,56514.7109375
738.9345064163208,2,1249.7,7958.08203125,56514.7109375
739.9459900856018,2,2770.9,9698.05078125,56514.7109375
740.9605095386505,2,4336.2,11151.32421875,56514.7109375
741.97651720047,2,4596.9,14129.0234375,56514.7109375
743.0055065155029,2,4177.8,14472.4609375,56514.7109375
744.0246894359589,2,3736.7,14879.37109375,56514.7109375
745.0316271781921,2,3143.3,15061.625,56514.7109375
746.0435423851013,2,3181.8,16049.49609375,56514.7109375
747.0535700321198,2,1781.5,15903.5703125,56514.7109375
748.0665128231049,2,3393.3,16067.078125,56514.7109375
749.0799739360809,2,1096.5,10289.05078125,56514.7109375
750.0885281562805,2,1530.0,9383.234375,56514.7109375
751.0977017879486,2,610.8,8295.25390625,56514.7109375
752.1062271595001,2,1172.1,8035.828125,56514.7109375
753.1146817207336,2,2231.7,8552.296875,56514.7109375
754.124507188797,2,3928.3,10481.53515625,56514.7109375
755.1455261707306,2,4475.3,11685.4921875,56514.7109375
756.1605172157288,2,4314.5,13184.48046875,56514.7109375
757.1825096607208,2,3537.9,13412.359375,56514.7109375
758.2150526046753,2,3200.4,14044.53515625,56514.7109375
759.2231595516205,2,1991.0,13864.984375,56514.7109375
760.2322914600372,2,3161.9,14037.59765625,56514.7109375
761.2413430213928,2,1137.8,9171.86328125,56514.7109375
762.2521498203278,2,1197.2,8464.2421875,56514.7109375
763.2610318660736,2,1149.2,8202.765625,56514.7109375
764.269472360611,2,2765.2,9479.4609375,56514.7109375
765.2818846702576,2,4294.2,10931.13671875,56514.7109375
766.2945170402527,2,4457.7,13754.71875,56514.7109375
767.3155121803284,2,4324.4,13247.9765625,56514.7109375
768.3305187225342,2,3434.1,13727.2109375,56514.7109375
769.3535099029541,2,3537.5,14145.890625,56514.7109375
770.3734745979309,2,2007.1,14343.8671875,56514.7109375
771.3835155963898,2,2820.9,14358.03515625,56514.7109375
772.3982744216919,2,1681.7,7365.04296875,56514.7109375
773.4071853160858,2,1501.7,9345.765625,56514.7109375
774.4147369861603,2,870.5,8220.6953125,56514.7109375
775.4245128631592,2,771.1,8070.03125,56514.7109375
776.4335067272186,2,2110.5,7877.1953125,56514.7109375
777.4805064201355,2,3478.7,10176.703125,56514.7109375
778.4935131072998,2,4569.0,12638.42578125,56514.7109375
779.5195133686066,2,4163.8,12808.23828125,56514.7109375
780.5405123233795,2,3522.9,13121.8984375,56514.7109375
781.5662913322449,2,3655.9,13659.0390625,56514.7109375
782.5772025585175,2,1675.6,13767.48828125,56514.7109375
783.5875973701477,2,3315.8,14031.16796875,56514.7109375
784.5957729816437,2,516.1,8489.234375,56514.7109375
785.607255935669,2,1657.9,8232.140625,56514.7109375
786.6162281036377,2,791.4,8091.84765625,56514.7109375
787.6265072822571,2,796.3,7898.96875,56514.7109375
788.6356012821198,2,2500.9,8790.27734375,56514.7109375
789.6445078849792,2,4322.3,10586.3515625,56514.7109375
790.6745200157166,2,4526.1,12025.7890625,56514.7109375
791.6870229244232,2,4215.2,12984.2421875,56514.7109375
792.6951503753662,2,2998.5,13281.703125,56514.7109375
793.704517364502,2,3405.6,13870.6796875,56514.7109375
794.7155089378357,2,1340.6,13824.01171875,56514.7109375
795.7230722904205,2,3187.2,14116.2265625,56514.7109375
796.7335050106049,2,1270.3,9033.15234375,56514.7109375
797.7530212402344,2,1010.2,8250.52734375,56514.7109375
798.7616198062897,2,920.3,8094.1484375,56514.7109375
799.7715089321136,2,1342.0,7898.015625,56514.7109375
800.8448147773743,2,3601.2,10223.69921875,56514.7109375
801.8665187358856,2,4464.2,11835.359375,56514.7109375
802.8875157833099,2,4263.4,12371.3046875,56514.7109375
803.9032535552979,2,4014.9,13089.06640625,56514.7109375
804.9176275730133,2,3003.0,13446.67578125,56514.7109375
805.9283938407898,2,2757.6,14099.83984375,56514.7109375
806.9365117549896,2,1937.0,14171.21484375,56514.7109375
807.9474954605103,2,2760.8,14302.0546875,56514.7109375
808.9555072784424,2,1404.6,8750.42578125,56514.7109375
809.9635846614838,2,777.2,8321.9765625,56514.7109375
810.9722588062286,2,1163.3,8067.7109375,56514.7109375
811.9814312458038,2,2240.3,9233.50390625,56514.7109375
812.9955093860626,2,4343.0,10602.94921875,56514.7109375
814.0163178443909,2,4310.9,11700.08203125,56514.7109375
815.0315227508545,2,4320.7,13093.5234375,56514.7109375
816.0415182113647,2,3361.4,13305.3828125,56514.7109375
817.0688185691833,2,3181.6,13864.3828125,56514.7109375
818.0785269737244,2,1942.7,13731.953125,56514.7109375
819.0894417762756,2,3213.8,13860.34765625,56514.7109375
820.0978314876556,2,1387.5,8969.609375,56514.7109375
821.1055176258087,2,965.7,8440.8984375,56514.7109375
822.1212737560272,2,971.3,8259.18359375,56514.7109375
823.1292395591736,2,2304.2,8397.2578125,56514.7109375
824.1395103931427,2,3635.7,10822.7578125,56514.7109375
825.1605324745178,2,4475.0,13316.28515625,56514.7109375
826.1847999095917,2,4228.7,13318.125,56514.7109375
827.2063829898834,2,3409.1,13533.69140625,56514.7109375
828.2133343219757,2,3588.4,14051.11328125,56514.7109375
829.2229268550873,2,1977.0,14097.18359375,56514.7109375
830.23100066185,2,3369.5,14040.76953125,56514.7109375
831.2427723407745,2,657.7,8642.67578125,56514.7109375
832.2493336200714,2,1634.3,8582.0390625,56514.7109375
833.2583167552948,2,770.0,8364.48828125,56514.7109375
834.2673740386963,2,1245.9,8087.16796875,56514.7109375
835.2779910564423,2,3476.2,10578.36328125,56514.7109375
836.2945127487183,2,4405.0,11708.9609375,56514.7109375
837.3252115249634,2,4366.0,13051.5390625,56514.7109375
838.3426172733307,2,3811.9,13638.30859375,56514.7109375
839.3534841537476,2,3470.6,13804.640625,56514.7109375
840.3665103912354,2,3066.9,14314.73828125,56514.7109375
841.3870809078217,2,1993.1,14292.4140625,56514.7109375
842.4005665779114,2,2822.9,13226.10546875,56514.7109375
843.4091720581055,2,1530.5,9071.50390625,56514.7109375
844.4179193973541,2,668.4,8568.8984375,56898.7109375
845.426177740097,2,1033.9,8329.9140625,56898.7109375
846.4349372386932,2,2498.7,8429.12109375,56898.7109375
847.4445097446442,2,3437.5,11339.2109375,56898.7109375
848.4655165672302,2,4320.1,12771.640625,56898.7109375
849.4906060695648,2,4362.2,13256.28515625,56898.7109375
850.5122892856598,2,4245.1,15164.34375,56898.7109375
851.5242490768433,2,3702.5,15341.49609375,56898.7109375
852.5325298309326,2,3484.6,15659.48046875,56898.7109375
853.5446424484253,2,2690.0,16441.46484375,56898.7109375
854.5553736686707,2,1517.7,16487.6640625,56898.7109375
855.5655467510223,2,3637.6,16747.78515625,56898.7109375
856.574291229248,2,634.8,7739.1328125,56898.7109375
857.5824820995331,2,1597.7,9665.1015625,56898.7109375
858.5907959938049,2,717.0,8550.125,56898.7109375
859.5990748405457,2,1201.1,8317.70703125,56898.7109375
860.6073958873749,2,2237.3,8423.01171875,56898.7109375
861.6165082454681,2,3642.9,10782.74609375,56898.7109375
862.6375179290771,2,4577.0,13224.3671875,56898.7109375
863.6685149669647,2,4072.8,13499.52734375,56898.7109375
864.6915462017059,2,3708.4,14420.2109375,56898.7109375
865.7401065826416,2,3468.5,14081.5390625,56898.7109375
866.7614712715149,2,2075.8,14302.4921875,56898.7109375
867.7715077400208,2,3137.9,14281.94921875,56898.7109375
868.782299041748,2,1018.1,8498.48828125,56898.7109375
869.7899401187897,2,1658.0,9167.203125,56898.7109375
870.7978286743164,2,652.7,8386.72265625,56898.7109375
871.8062765598297,2,1248.7,8112.29296875,56898.7109375
872.8149800300598,2,2947.7,10296.02734375,56898.7109375
873.829514503479,2,4370.5,11472.02734375,56898.7109375
874.8555119037628,2,4135.4,12618.18359375,56898.7109375
875.8739144802094,2,3897.9,13632.21875,56898.7109375
876.8875141143799,2,3235.3,13730.859375,56898.7109375
877.8985197544098,2,3096.6,14247.5625,56898.7109375
878.9213767051697,2,1887.6,14237.57421875,56898.7109375
879.93323802948,2,3170.6,14349.8515625,56898.7109375
880.9401898384094,2,1361.0,9382.0078125,56898.7109375
881.9515080451965,2,960.0,8746.078125,56898.7109375
882.966210603714,2,1130.6,8512.2265625,56898.7109375
883.9745111465454,2,2306.6,8329.94921875,56898.7109375
885.0325093269348,2,3204.5,11481.43359375,56898.7109375
886.0535187721252,2,4338.6,12771.4921875,56898.7109375
887.0746428966522,2,4343.5,13218.875,56898.7109375
888.088415145874,2,4289.0,15058.60546875,56898.7109375
889.0988459587097,2,3606.2,15307.671875,56898.7109375
890.1091711521149,2,3632.5,15573.4140625,56898.7109375
891.1198589801788,2,2603.4,16282.5703125,56898.7109375
892.1286594867706,2,1444.0,16160.27734375,56898.7109375
893.1369948387146,2,3637.3,16609.7734375,56898.7109375
894.1465096473694,2,647.1,7765.359375,56898.7109375
895.1556079387665,2,1659.0,9038.3984375,56898.7109375
896.1640684604645,2,617.8,8322.578125,56898.7109375
897.1709272861481,2,1221.3,8187.53125,56898.7109375
898.1797134876251,2,1836.6,8969.02734375,56898.7109375
899.1886217594147,2,4069.6,10618.66015625,56898.7109375
900.1958518028259,2,4444.6,11972.0859375,56898.7109375
901.2115242481232,2,4376.4,13346.6796875,56898.7109375
902.2287130355835,2,2840.6,13662.90625,56898.7109375
903.2364315986633,2,3269.1,14216.87890625,56898.7109375
904.24653673172,2,1777.4,14098.73828125,56898.7109375
905.2566184997559,2,3267.8,14267.63671875,56898.7109375
906.2654130458832,2,1513.6,9529.75390625,56898.7109375
907.2748556137085,2,676.4,8913.234375,56898.7109375
908.2816882133484,2,1136.4,8599.4765625,56898.7109375
909.2892663478851,2,2986.8,11485.0078125,56898.7109375
910.3045160770416,2,4376.8,12442.640625,56898.7109375
911.3302590847015,2,4453.4,14077.87109375,56898.7109375
912.3625316619873,2,3924.5,15112.6796875,56898.7109375
913.412538766861,2,4484.4,14654.74609375,56898.7109375
914.4314382076263,2,3074.3,14811.1875,56898.7109375
915.4414174556732,2,2086.5,14526.0,56898.7109375
916.4492053985596,2,2946.5,14638.1015625,56898.7109375
917.4585049152374,2,1599.4,9259.265625,56898.7109375
918.4742293357849,2,863.6,8785.2265625,56898.7109375
919.4828052520752,2,1715.4,9872.68359375,56898.7109375
920.4915385246277,2,2926.0,13569.92578125,56898.7109375
921.5325076580048,2,4411.3,14298.3203125,56898.7109375
922.5535182952881,2,4490.0,16055.45703125,56898.7109375
923.570517539978,2,4342.3,15057.65234375,56898.7109375
924.5875444412231,2,3986.4,15975.73828125,56898.7109375
925.6315479278564,2,4502.1,15922.8984375,56898.7109375
926.6815071105957,2,3749.2,15093.796875,56898.7109375
927.6935110092163,2,2987.2,15540.515625,56898.7109375
928.7217950820923,2,2937.2,15614.15234375,56898.7109375
929.7343180179596,2,1129.9,8292.23046875,56898.7109375
930.7431528568268,2,1740.0,9717.70703125,56898.7109375
931.7525081634521,2,1083.9,8592.8828125,56898.7109375
932.7611079216003,2,2146.0,10747.66796875,56898.7109375
933.785507440567,2,4342.6,12433.8671875,56898.7109375
934.7974615097046,2,4526.7,14503.34765625,56898.7109375
935.8147959709167,2,4217.0,14672.55078125,56898.7109375
936.826548576355,2,4044.4,15443.9921875,56898.7109375
937.8754842281342,2,3665.3,14734.6796875,56898.7109375
938.8875088691711,2,2910.7,15071.47265625,56898.7109375
939.9094252586365,2,2402.7,14912.93359375,56898.7109375
940.9213166236877,2,1913.3,7782.609375,56898.7109375
941.9294023513794,2,1676.9,9703.70703125,56898.7109375
942.9395089149475,2,1113.9,8485.109375,56898.7109375
943.9507520198822,2,2777.4,11371.07421875,56898.7109375
944.9645235538483,2,4354.0,12453.11328125,56898.7109375
945.9825086593628,2,4386.3,13863.12890625,56898.7109375
947.0035316944122,2,3974.1,14621.02734375,56898.7109375
948.0519869327545,2,4177.4,13848.76171875,56898.7109375
949.0586082935333,2,2931.2,14325.1640625,56898.7109375
950.0698511600494,2,2412.8,14362.06640625,56898.7109375
951.0818016529083,2,2388.2,8025.01953125,57410.71875
952.090320110321,2,1722.1,9895.4765625,56898.7109375
953.0983979701996,2,863.9,8644.61328125,56898.7109375
954.110134601593,2,1604.9,10562.97265625,56898.7109375
955.1235089302063,2,4431.9,12353.453125,56898.7109375
956.1445159912109,2,4470.5,14220.35546875,56898.7109375
957.1655161380768,2,4256.6,14476.671875,56898.7109375
958.1875369548798,2,3823.9,15243.87890625,56898.7109375
959.2364060878754,2,3999.4,14496.1796875,56898.7109375
960.2520437240601,2,2925.8,14823.87890625,56898.7109375
961.2605066299438,2,2510.2,14695.1328125,56898.7109375
962.2738921642303,2,1599.0,8626.45703125,56898.7109375
963.2824273109436,2,1731.1,9599.01953125,56898.7109375
964.2904357910156,2,1130.2,8807.90625,56898.7109375
965.3145513534546,2,1920.8,12094.66015625,56898.7109375
966.3595097064972,2,4343.2,14392.2734375,56898.7109375
967.3831422328949,2,4556.7,14916.8984375,56898.7109375
968.409419298172,2,4216.1,15092.3359375,56898.7109375
969.4245533943176,2,3858.9,16059.80859375,56898.7109375
970.4693319797516,2,4586.9,15342.38671875,56898.7109375
971.479542016983,2,4546.5,15924.8671875,56898.7109375
972.5219721794128,2,3444.0,15724.859375,56898.7109375
973.5296227931976,2,2239.9,15636.046875,56898.7109375
974.5400593280792,2,2764.2,15902.80078125,56898.7109375
975.5512390136719,2,1566.5,9372.15625,56898.7109375
976.56112408638,2,967.0,8768.10546875,56898.7109375
977.569296836853,2,1527.8,10215.46484375,56898.7109375
978.5779881477356,2,3233.7,13644.9765625,56898.7109375
979.6045126914978,2,4497.3,14380.91015625,56898.7109375
980.6245257854462,2,4465.0,15989.4453125,56898.7109375
981.6388757228851,2,4305.0,15217.8359375,56898.7109375
982.648547410965,2,4132.4,16101.640625,56898.7109375
983.7055420875549,2,4434.0,16022.51953125,56898.7109375
984.7524285316467,2,3942.4,15261.6171875,56898.7109375
985.7645189762115,2,2978.1,15749.375,56898.7109375
986.7895076274872,2,2881.5,15774.24609375,56898.7109375
987.8010451793671,2,1986.6,8009.5703125,56898.7109375
988.8133628368378,2,2038.3,7888.28515625,56898.7109375
989.8244109153748,2,2321.2,8744.3203125,56898.7109375
990.8325510025024,2,1686.3,7835.6640625,58793.87890625
991.8405117988586,2,983.0,8496.2421875,56745.86328125
992.8505172729492,2,2757.6,9992.3984375,56745.86328125
993.8675076961517,2,4212.0,11503.0078125,56745.86328125
994.8865203857422,2,4539.0,16874.23046875,63913.86328125
995.9125189781189,2,4083.1,15262.90625,63913.86328125
996.9376242160797,2,3933.3,15572.5078125,63913.86328125
997.9455213546753,2,3162.1,15751.5,63913.86328125
998.9643216133118,2,3378.2,16696.046875,63913.86328125
999.9750068187714,2,1400.1,17118.0234375,63913.86328125
1000.9845213890076,2,1660.4,17173.69140625,63913.86328125
1001.9965240955353,2,3397.9,17453.11328125,63913.86328125
1003.0046207904816,2,609.7,9230.03125,65961.87890625
1004.0132391452789,2,1050.8,9141.015625,63913.86328125
1005.0241038799286,2,2993.1,9891.53125,63913.86328125
1006.0335071086884,2,3502.0,13046.28125,63913.86328125
1007.0545189380646,2,4381.3,14459.34375,63913.86328125
1008.0805194377899,2,4471.4,18813.46875,72153.86328125
1009.1085226535797,2,4380.3,22292.3828125,72153.86328125
1010.1376085281372,2,4140.1,17481.59765625,72153.86328125
1011.1575186252594,2,4370.2,18813.68359375,72153.86328125
1012.1957540512085,2,3553.5,19141.39453125,72153.86328125
1013.2053458690643,2,3424.7,19432.06640625,72153.86328125
1014.2286396026611,2,2499.2,19580.7578125,72153.86328125
1015.2387266159058,2,3811.4,20530.83203125,72153.86328125
1016.2481033802032,2,959.6,20921.65234375,72153.86328125
1017.2577528953552,2,1015.8,20938.484375,72153.86328125
1018.270515203476,2,992.9,20759.30078125,72153.86328125
1019.2795073986053,2,2670.5,21017.85546875,72153.86328125
1020.2900936603546,2,3129.9,21305.296875,72153.86328125
1021.2979416847229,2,586.4,7532.22265625,74201.87890625
1022.3074264526367,2,874.2,8683.02734375,72153.86328125
1023.3163075447083,2,2553.8,9804.59375,72153.86328125
1024.3235108852386,2,3863.3,12510.5546875,72153.86328125
1025.344444513321,2,4396.6,14844.9140625,72153.86328125
1026.3728325366974,2,4505.3,19298.48046875,72153.86328125
1027.400512933731,2,4162.4,16378.5703125,72153.86328125
1028.4195094108582,2,4190.2,18309.73828125,72153.86328125
1029.4405100345612,2,4462.9,18525.01953125,72153.86328125
1030.45365691185,2,2683.1,18824.15234375,72153.86328125
1031.464515209198,2,2994.3,19098.65234375,72153.86328125
1032.4952416419983,2,3620.5,19792.21875,72153.86328125
1033.5046501159668,2,1630.0,20298.72265625,72153.86328125
1034.5114440917969,2,969.2,20253.15625,72153.86328125
1035.521677494049,2,1112.5,20257.08984375,72153.86328125
1036.530995607376,2,3494.3,20409.6484375,72153.86328125
1037.5465128421783,2,2031.5,20636.04296875,72153.86328125
1038.5567259788513,2,467.4,9469.12890625,74201.87890625
1039.5675082206726,2,1402.4,8807.89453125,72153.86328125
1040.6245102882385,2,3144.9,11141.4140625,72153.86328125
1041.6445167064667,2,4274.1,12723.5234375,72153.86328125
1042.6875188350677,2,4514.7,16251.79296875,72153.86328125
1043.7225134372711,2,4555.9,21237.24609375,72153.86328125
1044.741518497467,2,4075.9,15921.140625,72153.86328125
1045.7615206241608,2,4336.7,18427.578125,72153.86328125
1046.7860260009766,2,3851.3,18739.83203125,72153.86328125
1047.7955152988434,2,2803.6,19013.29296875,72153.86328125
1048.8219480514526,2,3008.4,19212.171875,72153.86328125
1049.833099603653,2,3477.5,20233.15234375,72153.86328125
1050.8469071388245,2,1046.3,20343.75390625,72153.86328125
1051.8546435832977,2,1220.0,20246.90234375,72153.86328125
1052.8633472919464,2,1821.7,20393.7578125,72153.86328125
1053.8712317943573,2,3901.7,20556.1328125,72153.86328125
1054.880618095398,2,674.1,19872.7421875,72153.86328125
1055.889300107956,2,699.0,8489.64453125,72153.86328125
1056.8980112075806,2,2727.7,8917.2734375,72153.86328125
1057.9071605205536,2,3034.6,12548.87890625,72153.86328125
1058.918509721756,2,4452.4,13704.2578125,72153.86328125
1059.9445171356201,2,4589.1,18618.82421875,72153.86328125
1060.983773469925,2,4243.8,19321.56640625,72153.86328125
1061.996515750885,2,4352.2,17971.7578125,72153.86328125
1063.0115070343018,2,4296.9,18507.6953125,72153.86328125
1064.0207030773163,2,3252.5,18779.53515625,72153.86328125
1065.0475952625275,2,2762.6,18984.75390625,72153.86328125
1066.0621659755707,2,3492.8,19670.74609375,72153.86328125
1067.0716741085052,2,2251.0,20401.53125,72153.86328125
1068.0801174640656,2,928.2,20262.12890625,72153.86328125
1069.0917992591858,2,1181.8,20256.11328125,72153.86328125
1070.103511095047,2,3225.7,20326.0859375,72153.86328125
1071.1326267719269,2,2242.7,20589.04296875,72153.86328125
1072.1410937309265,2,497.4,9391.6015625,74201.87890625
1073.1502523422241,2,932.4,9281.921875,72153.86328125
1074.1615102291107,2,3084.4,9557.89453125,72153.86328125
1075.1975231170654,2,2706.6,13310.82421875,72153.86328125
1076.2200183868408,2,4299.5,14614.640625,72153.86328125
1077.2315146923065,2,4487.8,17598.52734375,72153.86328125
1078.2675125598907,2,4392.0,21603.5390625,72153.86328125
1079.2959098815918,2,4302.5,23268.6640625,72153.86328125
1080.308519601822,2,4142.0,19172.3671875,72153.86328125
1081.3405077457428,2,4116.3,20542.796875,72153.86328125
1082.3605189323425,2,4223.2,20735.22265625,72153.86328125
1083.386525630951,2,2968.3,20991.234375,72153.86328125
1084.4217686653137,2,2776.2,21250.32421875,72153.86328125
1085.4515068531036,2,3395.1,21719.0546875,72153.86328125
1086.466523885727,2,2883.7,22736.05078125,72153.86328125
1087.4759094715118,2,798.5,22651.640625,72153.86328125
1088.483952999115,2,1160.4,22559.52734375,72153.86328125
1089.4925096035004,2,733.4,22438.9609375,72153.86328125
1090.523516178131,2,3015.0,22756.08984375,72153.86328125
1091.5559647083282,2,2783.5,22925.35546875,72153.86328125
1092.5647246837616,2,570.0,8732.23046875,72153.86328125
1093.57350730896,2,644.6,8888.16015625,72153.86328125
1094.5818755626678,2,2088.8,9568.43359375,72153.86328125
1095.6067457199097,2,2720.3,12089.15234375,72153.86328125
1096.6185085773468,2,4291.2,14427.12890625,72153.86328125
1097.6395177841187,2,4365.9,16035.34375,72153.86328125
1098.6697182655334,2,4489.9,20264.796875,72153.86328125
1099.6975181102753,2,4409.4,24217.7734375,72153.86328125
1100.718512058258,2,3951.3,16952.265625,72153.86328125
1101.7315113544464,2,4063.3,20566.36328125,72153.86328125
1102.7525067329407,2,4439.6,20679.01171875,72153.86328125
1103.7694318294525,2,2878.9,20969.56640625,72153.86328125
1104.7775182724,2,3410.3,21131.04296875,72153.86328125
1105.8035206794739,2,2457.1,21302.3359375,72153.86328125
1106.8305089473724,2,3957.5,22156.05859375,72153.86328125
1107.8508689403534,2,1456.8,22557.2578125,72153.86328125
1108.8577694892883,2,890.3,22602.33203125,72153.86328125
1109.8675084114075,2,1214.0,22460.015625,72153.86328125
1110.8757410049438,2,1440.8,22664.40625,72153.86328125
1111.8875081539154,2,4087.8,22632.37109375,72153.86328125
1112.8973762989044,2,1071.9,23065.49609375,72153.86328125
1113.9057607650757,2,358.9,7948.4140625,72153.86328125
1114.9144611358643,2,1060.0,9219.1875,72153.86328125
1115.9229218959808,2,3536.6,9957.734375,72153.86328125
1116.9335145950317,2,3046.0,13813.5703125,72153.86328125
1117.9535048007965,2,4333.0,14605.359375,72153.86328125
1118.975516319275,2,4474.9,18314.98828125,72153.86328125
1120.0045170783997,2,4346.4,22558.5625,72153.86328125
1121.0358953475952,2,4133.3,21936.47265625,72153.86328125
1122.0575153827667,2,4253.7,19767.4140625,72153.86328125
1123.0825128555298,2,4137.3,20510.4140625,72153.86328125
1124.102257490158,2,3747.7,20794.0,72153.86328125
1125.1094586849213,2,2907.1,20981.6015625,72153.86328125
1126.1215307712555,2,2750.7,21194.41015625,72153.86328125
1127.1473236083984,2,3754.6,21723.94921875,72153.86328125
1128.1588196754456,2,2419.1,22624.26171875,72153.86328125
1129.1660888195038,2,858.1,22518.80078125,72153.86328125
1130.1728982925415,2,1172.3,22431.76171875,72153.86328125
1131.1812589168549,2,862.6,22626.984375,72153.86328125
1132.1934170722961,2,4010.2,22628.20703125,72153.86328125
1133.20432472229,2,1851.0,23003.22265625,72153.86328125
1134.2161729335785,2,411.5,9265.81640625,74201.87890625
1135.224615573883,2,979.3,9228.88671875,72153.86328125
1136.2335057258606,2,2928.7,9531.24609375,72153.86328125
1137.2715191841125,2,2683.2,12974.31640625,72153.86328125
1138.288513660431,2,4364.6,14501.9375,72153.86328125
1139.3175208568573,2,4435.4,17256.21875,72153.86328125
1140.3435213565826,2,4401.1,21248.4921875,72153.86328125
1141.3705079555511,2,4350.8,24263.92578125,72153.86328125
1142.392529964447,2,4117.6,19093.66015625,72153.86328125
1143.4225106239319,2,4086.4,20497.66796875,72153.86328125
1144.4447360038757,2,4232.0,20697.4453125,72153.86328125
1145.4697635173798,2,2917.5,20910.10546875,72153.86328125
1146.5015153884888,2,2920.7,21196.5859375,72153.86328125
1147.5285069942474,2,3400.2,21627.890625,72153.86328125
1148.5440549850464,2,3123.1,22676.46484375,72153.86328125
1149.5529925823212,2,741.3,22700.05859375,72153.86328125
1150.5625097751617,2,1057.5,22636.44140625,72153.86328125
1151.5814151763916,2,814.0,22535.6015625,72153.86328125
1152.5897998809814,2,2244.7,22633.5546875,72153.86328125
1153.6012609004974,2,3736.6,22853.13671875,72153.86328125
1154.6095008850098,2,637.0,23048.82421875,72153.86328125
1155.6189405918121,2,376.9,8338.14453125,72153.86328125
1156.6275072097778,2,1267.3,9526.71484375,72153.86328125
1157.6882033348083,2,3058.9,11352.3046875,72153.86328125
1158.6973142623901,2,3890.2,14390.953125,72153.86328125
1159.7095158100128,2,4418.3,14628.18359375,72153.86328125
1160.7215185165405,2,4486.1,19135.875,72153.86328125
1161.7495157718658,2,4411.9,23271.03515625,72153.86328125
1162.7723467350006,2,4019.7,16685.85546875,72153.86328125
1163.7845451831818,2,4291.4,20176.8125,72153.86328125
1164.8015100955963,2,4003.6,20557.67578125,72153.86328125
1165.822163105011,2,3272.5,20818.67578125,72153.86328125
1166.8345181941986,2,3313.0,21008.2109375,72153.86328125
1167.865177154541,2,2692.4,21117.78515625,72153.86328125
1168.8725073337555,2,3935.8,22042.65625,72153.86328125
1169.8929314613342,2,1603.8,22514.703125,72153.86328125
1170.899864912033,2,936.9,22453.4453125,72153.86328125
1171.9084453582764,2,1207.9,22395.16015625,72153.86328125
1172.9175148010254,2,1877.6,22720.55078125,72153.86328125
1173.9335179328918,2,3969.2,22701.37109375,72153.86328125
1174.9580059051514,2,750.2,23073.55078125,72153.86328125
1175.9656529426575,2,384.9,8192.265625,72153.86328125
1176.9737350940704,2,1016.9,9233.91015625,72153.86328125
1177.981780052185,2,3425.5,10376.9296875,72153.86328125
1178.9905831813812,2,2637.8,14204.5234375,72153.86328125
1179.997508764267,2,4040.7,15850.27734375,72153.86328125
1181.018517255783,2,4381.5,16859.94921875,72153.86328125
1182.044517993927,2,4335.5,20761.7265625,72153.86328125
1183.0715100765228,2,4436.1,25303.0390625,82449.86328125
1184.0985147953033,2,4534.7,30135.796875,82449.86328125
1185.1277701854706,2,3949.0,24562.1796875,82449.86328125
1186.141517162323,2,4077.0,23038.73828125,82449.86328125
1187.1695129871368,2,3798.9,24696.9609375,82449.86328125
1188.1905126571655,2,4317.0,24892.234375,82449.86328125
1189.2115194797516,2,4419.6,25104.82421875,82449.86328125
1190.2325265407562,2,2898.4,25306.3515625,82449.86328125
1191.2685239315033,2,2942.0,25699.61328125,82449.86328125
1192.3015248775482,2,2875.0,25655.75,82449.86328125
1193.3161973953247,2,3428.7,26429.65234375,82449.86328125
1194.3260426521301,2,2810.7,27542.1171875,82449.86328125
1195.3349299430847,2,1246.2,28288.36328125,82449.86328125
1196.343557357788,2,958.2,28295.1953125,82449.86328125
1197.3535101413727,2,1252.1,28289.9765625,82449.86328125
1198.3653962612152,2,780.0,28204.3359375,82449.86328125
1199.3765099048615,2,2439.8,28714.3828125,82449.86328125
1200.3895108699799,2,4114.9,28761.4375,82449.86328125
1201.4010112285614,2,841.8,29332.73046875,82449.86328125
1202.4094116687775,2,756.0,29653.78125,82449.86328125
1203.4173481464386,2,307.3,9099.36328125,84497.87890625
1204.4265093803406,2,1566.7,8637.3203125,82449.86328125
1205.4835135936737,2,3322.9,11287.578125,82449.86328125
1206.4925208091736,2,4453.7,13949.84765625,82449.86328125
1207.5189988613129,2,4403.9,13326.375,82449.86328125
1208.5445175170898,2,4158.8,15326.86328125,82449.86328125
1209.5695214271545,2,3129.8,15653.33984375,82449.86328125
1210.596374988556,2,3538.1,16311.078125,82449.86328125
1211.6088695526123,2,1995.1,16891.984375,82449.86328125
1212.617517709732,2,1261.3,17039.62890625,82449.86328125
1213.6352071762085,2,3624.5,17253.90625,82449.86328125
1214.6435339450836,2,638.2,9210.66015625,84497.87890625
1215.6555061340332,2,1347.0,8791.171875,82449.86328125
1216.6885256767273,2,3382.2,11333.609375,82449.86328125
1217.7092838287354,2,4430.8,13535.55859375,82449.86328125
1218.7365221977234,2,4482.6,13130.9921875,82449.86328125
1219.7525207996368,2,4142.3,15177.8984375,82449.86328125
1220.778127670288,2,3141.8,15410.0390625,82449.86328125
1221.7876896858215,2,3387.2,15816.546875,82449.86328125
1222.7996745109558,2,2313.9,16655.421875,82449.86328125
1223.8154327869415,2,1196.0,16544.828125,82449.86328125
1224.8237681388855,2,3777.1,16995.58984375,82449.86328125
1225.8324406147003,2,635.0,8545.31640625,84497.87890625
1226.8419260978699,2,882.3,9303.13671875,82449.86328125
1227.8485038280487,2,2553.6,9677.1875,82449.86328125
1228.8925368785858,2,2396.4,13383.4765625,82449.86328125
1229.9125137329102,2,4246.8,15564.90234375,82449.86328125
1230.9335420131683,2,4254.4,16043.25,82449.86328125
1231.9545164108276,2,4368.5,20830.375,82449.86328125
1232.9815170764923,2,4337.7,24118.859375,82449.86328125
1234.0095195770264,2,4484.4,28785.984375,82449.86328125
1235.03550863266,2,4150.0,26375.375,82449.86328125
1236.0563607215881,2,3888.3,20248.6328125,82449.86328125
1237.087037563324,2,3785.1,24529.0625,82449.86328125
1238.0965147018433,2,4655.4,24493.984375,82449.86328125
1239.1225056648254,2,3976.6,24963.14453125,82449.86328125
1240.141506433487,2,3063.0,25192.9375,82449.86328125
1241.1535215377808,2,3157.2,25541.578125,82449.86328125
1242.1632204055786,2,3193.8,25571.5859375,82449.86328125
1243.170506477356,2,3738.3,26280.72265625,82449.86328125
1244.183099269867,2,2729.6,27379.640625,82449.86328125
1245.1915113925934,2,1199.6,28094.5703125,82449.86328125
1246.1985123157501,2,871.4,28065.92578125,82449.86328125
1247.206125497818,2,916.0,28166.84375,82449.86328125
1248.2147994041443,2,1036.0,28048.64453125,82449.86328125
1249.2235062122345,2,985.0,28285.79296875,82449.86328125
1250.2385065555573,2,3719.2,28529.08203125,82449.86328125
1251.2523815631866,2,2688.7,29114.203125,82449.86328125
1252.2609040737152,2,577.0,29348.48046875,82449.86328125
1253.269546508789,2,579.4,21118.12109375,82449.86328125
1254.2774209976196,2,429.3,8364.11328125,82449.86328125
1255.286506652832,2,1846.1,9434.66796875,82449.86328125
1256.3305435180664,2,2860.3,12630.32421875,82449.86328125
1257.3545124530792,2,4331.4,14196.30859375,82449.86328125
1258.3685150146484,2,4453.4,16797.68359375,82449.86328125
1259.3955159187317,2,4397.4,19918.140625,82449.86328125
1260.4223537445068,2,4364.1,22212.51171875,82449.86328125
1261.4476249217987,2,4254.1,18890.640625,82449.86328125
1262.5595219135284,2,4159.3,20034.62109375,82449.86328125
1263.5992720127106,2,3240.7,20415.79296875,82449.86328125
1264.6165211200714,2,3515.9,20641.86328125,82449.86328125
1265.6407995224,2,2740.2,20766.3125,82449.86328125
1266.6495084762573,2,3901.1,21685.94921875,82449.86328125
1267.661150932312,2,1201.3,22085.19921875,82449.86328125
1268.671509027481,2,1081.1,21979.5859375,82449.86328125
1269.6809520721436,2,902.2,21974.80078125,82449.86328125
1270.69251537323,2,3101.3,22127.96875,82449.86328125
1271.7041070461273,2,2532.2,22368.3671875,82449.86328125
1272.7129135131836,2,592.9,8262.328125,84497.87890625
1273.7214303016663,2,640.7,9251.40625,82449.86328125
1274.7305083274841,2,1453.0,9968.9296875,82449.86328125
1275.7782158851624,2,3361.5,11476.76953125,82449.86328125
1276.7875154018402,2,3409.4,14822.5390625,82449.86328125
1277.8025093078613,2,4081.1,16370.72265625,82449.86328125
1278.8235175609589,2,4433.7,17713.02734375,82449.86328125
1279.8557324409485,2,4335.8,21598.81640625,82449.86328125
1280.8775146007538,2,4378.7,26027.828125,82449.86328125
1281.917518377304,2,4449.1,30269.76953125,82449.86328125
1282.947604894638,2,4100.7,25163.05078125,82449.86328125
1283.9699668884277,2,4144.1,23210.19921875,82449.86328125
1285.0077121257782,2,3724.4,25380.5625,82449.86328125
1286.0296323299408,2,4342.6,25524.76171875,82449.86328125
1287.0394809246063,2,4165.8,25773.2578125,82449.86328125
1288.0615229606628,2,2747.1,26066.74609375,82449.86328125
1289.0885190963745,2,3063.6,26311.9765625,82449.86328125
1290.1185150146484,2,2899.9,26330.02734375,82449.86328125
1291.1475112438202,2,3600.7,26852.01953125,82449.86328125
1292.160545349121,2,3358.4,28004.30078125,82449.86328125
1293.169282913208,2,1621.1,28860.0390625,82449.86328125
1294.178510427475,2,751.9,29037.3515625,82449.86328125
1295.1986138820648,2,743.8,28777.04296875,82449.86328125
1296.2068500518799,2,1207.1,28745.40234375,82449.86328125
1297.215942144394,2,557.4,28990.76171875,82449.86328125
1298.2244005203247,2,2158.5,29236.58203125,82449.86328125
1299.2365093231201,2,4111.2,29505.546875,82449.86328125
1300.2465558052063,2,1700.0,29884.4609375,82449.86328125
1301.2552087306976,2,638.2,30158.13671875,82449.86328125
1302.2642395496368,2,417.1,15365.546875,82449.86328125
1303.2735993862152,2,556.3,8847.87890625,82449.86328125
1304.2825136184692,2,1395.8,9723.96875,82449.86328125
1305.342981338501,2,3064.6,11681.3671875,82449.86328125
1306.3535294532776,2,3866.5,14877.51171875,82449.86328125
1307.374508857727,2,4066.4,16089.61328125,82449.86328125
1308.3955190181732,2,4416.4,18672.78125,82449.86328125
1309.4245116710663,2,4430.1,22477.2265625,82449.86328125
1310.4502260684967,2,4321.1,26233.3828125,82449.86328125
1311.4725167751312,2,4422.2,30267.60546875,82449.86328125
1312.4882588386536,2,3796.5,19386.25,82449.86328125
1313.4985208511353,2,4414.7,23124.140625,82449.86328125
1314.5195128917694,2,3833.3,24726.9609375,82449.86328125
1315.5395095348358,2,4212.4,24954.14453125,82449.86328125
1316.5655989646912,2,3704.8,25270.234375,82449.86328125
1317.5744128227234,2,2705.0,25653.68359375,82449.86328125
1318.5835423469543,2,3880.4,25847.8828125,82449.86328125
1319.6024463176727,2,2190.4,25806.8671875,82449.86328125
1320.6165301799774,2,3686.6,27195.546875,82449.86328125
1321.6249899864197,2,2616.6,28235.3359375,82449.86328125
1322.6339304447174,2,922.2,28473.9296875,82449.86328125
1323.643649816513,2,828.3,28197.1328125,82449.86328125
1324.6552789211273,2,1126.8,28305.98046875,82449.86328125
1325.6651875972748,2,752.6,28433.05078125,82449.86328125
1326.6755166053772,2,1983.5,28809.81640625,82449.86328125
1327.6965119838715,2,4130.7,28817.828125,82449.86328125
1328.7171983718872,2,1218.0,29324.12109375,82449.86328125
1329.7260746955872,2,669.3,29586.6796875,82449.86328125
1330.7360889911652,2,396.6,8087.79296875,84497.87890625
1331.7446568012238,2,703.1,9173.4296875,82449.86328125
1332.7535071372986,2,2028.7,9707.27734375,82449.86328125
1333.8125054836273,2,2270.6,12469.33984375,82449.86328125
1334.8263993263245,2,4422.7,15225.47265625,82449.86328125
1335.8333549499512,2,4123.5,16125.68359375,82449.86328125
1336.8585155010223,2,4423.7,18800.0859375,82449.86328125
1337.8855199813843,2,4281.4,22040.5859375,82449.86328125
1338.9125192165375,2,4389.7,26062.75390625,82449.86328125
1339.940512418747,2,4491.0,28859.453125,82449.86328125
1340.9625160694122,2,3801.1,20177.9140625,82449.86328125
1341.9825150966644,2,4427.8,23932.375,82449.86328125
1342.997512102127,2,3838.5,24823.52734375,82449.86328125
1344.018512248993,2,4133.2,25177.62890625,82449.86328125
1345.039291381836,2,3174.4,25500.83203125,82449.86328125
1346.0515232086182,2,2845.3,25787.25,82449.86328125
1347.0821595191956,2,3516.3,25744.69921875,82449.86328125
1348.0915079116821,2,3179.3,26223.8359375,82449.86328125
1349.11270236969,2,3430.3,27449.09765625,82449.86328125
1350.1247551441193,2,1991.4,28315.52734375,82449.86328125
1351.1319630146027,2,637.7,28495.63671875,82449.86328125
1352.1402778625488,2,858.8,28253.8125,82449.86328125
1353.1499381065369,2,1152.5,28230.99609375,82449.86328125
1354.1580791473389,2,650.9,28216.2578125,82449.86328125
1355.169507741928,2,2054.1,28828.03515625,82449.86328125
1356.1855199337006,2,4107.6,28800.7890625,82449.86328125
1357.1968655586243,2,1207.6,29298.9453125,82449.86328125
1358.2053771018982,2,667.4,29587.26953125,82449.86328125
1359.2138087749481,2,403.4,8406.6953125,84497.87890625
1360.222586631775,2,743.8,9164.26953125,82449.86328125
1361.2315051555634,2,2447.9,9622.30859375,82449.86328125
1362.2665524482727,2,2368.0,12575.3359375,82449.86328125
1363.2855126857758,2,4211.9,15601.3046875,82449.86328125
1364.3055164813995,2,4278.9,16072.16796875,82449.86328125
1365.3315172195435,2,4391.5,19593.890625,82449.86328125
1366.3575186729431,2,4435.6,23351.2421875,82449.86328125
1367.3845191001892,2,4419.5,27944.16015625,82449.86328125
1368.4055087566376,2,4153.2,27133.765625,82449.86328125
1369.4285402297974,2,3866.6,20363.71875,82449.86328125
1370.4495232105255,2,4559.4,24201.15625,82449.86328125
1371.4697234630585,2,3981.8,24697.828125,82449.86328125
1372.4932370185852,2,3996.4,25096.94921875,82449.86328125
1373.5145280361176,2,3044.9,25360.09765625,82449.86328125
1374.5449347496033,2,2984.5,25639.921875,82449.86328125
1375.5745499134064,2,3311.2,25726.828125,82449.86328125
1376.6035239696503,2,3271.4,26110.140625,82449.86328125
1377.6163566112518,2,3423.7,27365.765625,82449.86328125
1378.6248836517334,2,1623.6,28280.2578125,82449.86328125
1379.6342887878418,2,737.0,28263.78515625,82449.86328125
1380.6411347389221,2,831.7,28226.7734375,82449.86328125
1381.6487109661102,2,1136.4,28192.65625,82449.86328125
1382.6571471691132,2,606.5,28191.09375,82449.86328125
1383.664603471756,2,2351.5,28724.24609375,82449.86328125
1384.675589799881,2,4121.5,28724.25390625,82449.86328125
1385.686672449112,2,858.9,29273.79296875,82449.86328125
1386.6947841644287,2,752.9,29609.36328125,82449.86328125
1387.7042219638824,2,294.4,8940.41796875,84497.87890625
1388.7128117084503,2,700.5,9517.6796875,82449.86328125
1389.7215158939362,2,1293.8,10118.71484375,82449.86328125
1390.7610771656036,2,3875.8,10927.0703125,82449.86328125
1391.7695107460022,2,2816.1,15089.5703125,82449.86328125
1392.792510509491,2,4172.8,16782.1484375,82449.86328125
1393.8135077953339,2,4414.1,16999.69921875,82449.86328125
1394.8315930366516,2,4291.9,20849.3046875,82449.86328125
1395.8595130443573,2,4357.4,24930.08984375,82449.86328125
1396.88551735878,2,4443.4,29496.046875,82449.86328125
1397.9121062755585,2,4132.0,29632.0390625,82449.86328125
1398.9365184307098,2,3924.3,21000.453125,82449.86328125
1399.9505155086517,2,4467.4,25113.51171875,82449.86328125
1400.9675045013428,2,3793.2,26058.3984375,82449.86328125
1401.988508939743,2,4195.7,26245.40234375,82449.86328125
1403.0090000629425,2,3645.6,26449.1875,82449.86328125
1404.0175235271454,2,3009.3,26650.8359375,82449.86328125
1405.0484800338745,2,2753.5,26948.08984375,82449.86328125
1406.0801041126251,2,2841.1,26918.1875,82449.86328125
1407.0875074863434,2,3798.0,27616.26953125,82449.86328125
1408.0992999076843,2,3233.6,28688.8984375,82449.86328125
1409.1072990894318,2,1139.6,29499.05078125,82449.86328125
1410.1154778003693,2,768.4,29644.03515625,82449.86328125
1411.129545211792,2,714.1,29438.671875,82449.86328125
1412.138927936554,2,1160.3,29473.99609375,82449.86328125
1413.1472482681274,2,745.9,29445.421875,82449.86328125
1414.1553673744202,2,1589.6,29623.69921875,82449.86328125
1415.1635105609894,2,3942.5,29973.65625,82449.86328125
1416.178275346756,2,2625.8,30431.2890625,82449.86328125
1417.187350511551,2,573.5,30673.484375,82449.86328125
1418.195296049118,2,589.6,24822.88671875,82449.86328125
1419.2044360637665,2,488.7,8163.51171875,82449.86328125
1420.2133195400238,2,2385.8,9310.5625,82449.86328125
1421.222511291504,2,3857.5,11378.20703125,82449.86328125
1422.2435183525085,2,4512.1,15956.35546875,82449.86328125
1423.2705144882202,2,4238.5,14900.90625,82449.86328125
1424.294825553894,2,3780.2,15280.046875,82449.86328125
1425.3070349693298,2,2980.5,15508.08984375,82449.86328125
1426.3144707679749,2,3431.7,16767.109375,82449.86328125
1427.3248660564423,2,1212.8,16648.34765625,82449.86328125
1428.3345110416412,2,2938.6,16828.5625,82449.86328125
1429.3456201553345,2,1444.0,17177.2734375,82449.86328125
1430.3544087409973,2,948.7,8732.953125,82449.86328125
1431.3666350841522,2,2528.5,10102.30078125,82449.86328125
1432.3795084953308,2,4154.4,11606.52734375,82449.86328125
1433.3935182094574,2,4524.3,16809.3828125,82449.86328125
1434.421511888504,2,4111.5,14929.71484375,82449.86328125
1435.4425270557404,2,3733.8,15112.4296875,82449.86328125
1436.4745104312897,2,3119.0,15355.64453125,82449.86328125
1437.4861793518066,2,2946.2,16410.6875,82449.86328125
1438.4934303760529,2,1255.8,16241.41796875,82449.86328125
1439.501615524292,2,3526.8,16504.58203125,82449.86328125
1440.5085492134094,2,901.9,16901.4296875,82449.86328125
1441.5197567939758,2,511.7,8952.51953125,82449.86328125
1442.528029680252,2,909.8,9983.83984375,82449.86328125
1443.5365204811096,2,3912.8,10098.8359375,82449.86328125
1444.6073083877563,2,2164.4,14200.21484375,82449.86328125
1445.6295080184937,2,4206.5,16501.58984375,82449.86328125
1446.6505165100098,2,4263.1,16958.35546875,82449.86328125
1447.6705243587494,2,4486.2,20757.51171875,82449.86328125
1448.6964259147644,2,4374.6,24411.01953125,82449.86328125
1449.7245166301727,2,4466.3,29212.9375,82449.86328125
1450.752635717392,2,4380.9,29785.19921875,82449.86328125
1451.771900177002,2,3989.8,21715.5859375,82449.86328125
1452.790684223175,2,4377.2,25209.62890625,82449.86328125
1453.8063478469849,2,3830.6,26023.6484375,82449.86328125
1454.8285098075867,2,4113.6,26386.83203125,82449.86328125
1455.8490052223206,2,3341.3,26605.7265625,82449.86328125
1456.856047153473,2,2930.6,26913.66015625,82449.86328125
1457.8655228614807,2,3752.1,27104.1171875,82449.86328125
1458.8965907096863,2,2310.8,27000.7109375,82449.86328125
1459.9063782691956,2,3961.4,28268.48828125,82449.86328125
1460.9281132221222,2,2765.8,29136.1328125,82449.86328125
1461.936508655548,2,1000.8,29451.41796875,82449.86328125
1462.9486095905304,2,927.1,29435.79296875,82449.86328125
1463.957050561905,2,909.6,29576.9765625,82449.86328125
1464.9663577079773,2,1123.5,29515.5703125,82449.86328125
1465.976621389389,2,1664.4,29800.97265625,82449.86328125
1466.9865109920502,2,4343.8,29920.09765625,82449.86328125
1467.9985091686249,2,2305.9,30559.5078125,82449.86328125
1469.0175459384918,2,622.5,30727.6875,82449.86328125
1470.0264036655426,2,446.2,7789.0546875,84497.87890625
1471.0348665714264,2,618.0,9076.73046875,82449.86328125
1472.0435123443604,2,1451.3,9781.03125,82449.86328125
1473.0928928852081,2,3200.6,11474.37890625,82449.86328125
1474.1025302410126,2,3698.6,14932.21875,82449.86328125
1475.1165091991425,2,4129.2,16042.8828125,82449.86328125
1476.1245212554932,2,4373.0,18478.27734375,82449.86328125
1477.1565172672272,2,4492.4,22107.23046875,82449.86328125
1478.1825196743011,2,4487.4,26772.3984375,82449.86328125
1479.2105135917664,2,4514.0,28733.21484375,82449.86328125
1480.2340276241302,2,3812.3,20402.7890625,82449.86328125
1481.2525169849396,2,4472.3,24201.05859375,82449.86328125
1482.2815091609955,2,3855.7,24680.91796875,82449.86328125
1483.3069207668304,2,4063.1,24979.8515625,82449.86328125
1484.3262512683868,2,3052.8,25328.16015625,82449.86328125
1485.354519367218,2,3022.0,25614.2421875,82449.86328125
1486.3849167823792,2,3145.5,25692.20703125,82449.86328125
1487.4125082492828,2,3613.9,26142.921875,82449.86328125
1488.4275155067444,2,3283.7,27282.71875,82449.86328125
1489.4398243427277,2,1629.0,28221.08984375,82449.86328125
1490.4489707946777,2,770.8,28286.140625,82449.86328125
1491.455892086029,2,789.4,28375.98828125,82449.86328125
1492.4653115272522,2,1238.4,28159.375,82449.86328125
1493.4762823581696,2,589.4,28169.4609375,82449.86328125
1494.4845123291016,2,3525.4,28917.171875,82449.86328125
1495.5086917877197,2,3458.0,29170.453125,82449.86328125
1496.5159430503845,2,517.5,29446.61328125,82449.86328125
1497.524659872055,2,652.5,27340.20703125,82449.86328125
1498.5330939292908,2,242.0,8302.77734375,82449.86328125
1499.5413308143616,2,966.3,9938.2890625,82449.86328125
1500.5505075454712,2,2830.7,10068.2734375,82449.86328125
1501.6091349124908,2,2160.5,13086.73828125,82449.86328125
1502.6204054355621,2,4401.7,15797.69921875,82449.86328125
1503.6385142803192,2,4042.8,16859.34375,82449.86328125
1504.662587404251,2,4469.3,18987.83203125,82449.86328125
1505.6895139217377,2,4498.1,23344.05859375,82449.86328125
1506.718384027481,2,4405.6,27573.859375,82449.86328125
1507.7455179691315,2,4516.3,32393.8828125,82449.86328125
1508.7713584899902,2,3915.9,20557.83984375,82449.86328125
1509.780514717102,2,4436.5,24420.58203125,82449.86328125
1510.8125095367432,2,3691.4,26124.45703125,82449.86328125
1511.8353214263916,2,4208.7,26308.59375,82449.86328125
1512.8565192222595,2,4264.9,26430.6171875,82449.86328125
1513.8704099655151,2,2494.9,26653.6640625,82449.86328125
1514.9226069450378,2,2713.4,26870.10546875,82449.86328125
1515.9315173625946,2,3095.9,26913.5078125,82449.86328125
1516.962506532669,2,3713.1,27453.9765625,82449.86328125
1517.9805097579956,2,3407.4,28599.05078125,82449.86328125
1518.9997148513794,2,1342.3,29494.96875,82449.86328125
1520.0105094909668,2,765.2,29593.61328125,82449.86328125
1521.0306179523468,2,796.8,29377.85546875,82449.86328125
1522.041511297226,2,1207.9,29327.890625,82449.86328125
1523.0505096912384,2,657.7,29488.6953125,82449.86328125
1524.0635080337524,2,2342.1,29940.32421875,82449.86328125
1525.0784466266632,2,4192.8,30068.33203125,82449.86328125
1526.0985419750214,2,1587.0,30447.66796875,82449.86328125
1527.1072237491608,2,674.9,30731.921875,82449.86328125
1528.116265296936,2,413.5,8405.140625,84497.87890625
1529.1247181892395,2,721.1,9281.18359375,82449.86328125
1530.1335098743439,2,1862.9,9774.1328125,82449.86328125
1531.1896753311157,2,2668.7,12226.62890625,82449.86328125
1532.1985142230988,2,4227.2,14928.13671875,82449.86328125
1533.2105090618134,2,3983.5,16126.11328125,82449.86328125
1534.2315220832825,2,4431.6,18686.60546875,82449.86328125
1535.261515378952,2,4484.0,23181.48046875,82449.86328125
1536.3005208969116,2,4484.6,28352.890625,82449.86328125
1537.3235261440277,2,4326.6,22698.515625,82449.86328125
1538.3545191287994,2,4241.5,23185.35546875,82449.86328125
1539.3825092315674,2,4206.1,24871.10546875,82449.86328125
1540.403507232666,2,4376.0,25072.90234375,82449.86328125
1541.422865152359,2,3624.0,25434.68359375,82449.86328125
1542.4325182437897,2,2725.6,25820.72265625,82449.86328125
1543.456871509552,2,3836.7,25661.25390625,82449.86328125
1544.4695084095001,2,3335.1,26210.57421875,82449.86328125
1545.4915096759796,2,4010.7,27476.45703125,82449.86328125
1546.5030703544617,2,1784.0,28377.453125,82449.86328125
1547.5119326114655,2,1112.9,28348.6484375,82449.86328125
1548.5209701061249,2,1322.6,28389.15234375,82449.86328125
1549.5315172672272,2,2523.0,28744.77734375,82449.86328125
1550.5455105304718,2,4352.6,28911.12890625,82449.86328125
1551.5698008537292,2,858.9,29436.10546875,82449.86328125
1552.5795314311981,2,646.2,7848.9453125,84497.87890625
1553.5885066986084,2,662.5,9072.03125,82449.86328125
1554.597514629364,2,1718.3,9707.953125,82449.86328125
1555.671635389328,2,2597.2,12270.65625,82449.86328125
1556.682513475418,2,4230.9,15108.3203125,82449.86328125
1557.6958575248718,2,4060.1,16091.1328125,82449.86328125
1558.7055134773254,2,4487.3,18957.31640625,82449.86328125
1559.7340512275696,2,4617.4,23190.9921875,82449.86328125
1560.761518239975,2,4569.6,29070.89453125,82449.86328125
1561.7875833511353,2,4202.8,19429.3515625,82449.86328125
1562.806527853012,2,4468.7,23175.65625,82449.86328125
1563.821518421173,2,4285.5,24732.09765625,82449.86328125
1564.8472347259521,2,4271.1,25088.6484375,82449.86328125
1565.8685159683228,2,3309.5,25381.1953125,82449.86328125
1566.8825180530548,2,3135.4,25746.5859375,82449.86328125
1567.9126529693604,2,3592.8,25777.48046875,82449.86328125
1568.943507194519,2,3588.8,26186.1171875,82449.86328125
1569.9562208652496,2,3684.6,27510.46875,82449.86328125
1570.9645771980286,2,1525.5,28397.22265625,82449.86328125
1571.9735083580017,2,1379.8,28437.171875,82449.86328125
1572.994684457779,2,1120.4,28277.1640625,82449.86328125
1574.005512714386,2,3763.2,28707.9296875,82449.86328125
1575.0191020965576,2,3315.5,29282.33984375,82449.86328125
1576.0288093090057,2,554.9,29500.26953125,82449.86328125
1577.0362424850464,2,582.8,7650.69921875,82449.86328125
1578.0451247692108,2,1010.4,9333.93359375,82449.86328125
1579.0545082092285,2,3413.2,9579.98828125,82449.86328125
1580.1125092506409,2,2585.6,13403.6328125,82449.86328125
1581.1305103302002,2,4249.3,14651.6015625,82449.86328125
1582.1515173912048,2,4571.1,18063.60546875,82449.86328125
1583.1785171031952,2,4591.8,22960.26953125,82449.86328125
1584.20294880867,2,4343.7,17258.99609375,82449.86328125
1585.2204735279083,2,4316.5,20620.6953125,82449.86328125
1586.248510837555,2,4406.1,20811.37109375,82449.86328125
1587.2816607952118,2,3210.9,21050.515625,82449.86328125
1588.2892043590546,2,3198.5,21177.05859375,82449.86328125
1589.2983207702637,2,3170.1,21551.0625,82449.86328125
1590.3102242946625,2,3640.8,22761.1171875,82449.86328125
1591.3186695575714,2,1106.5,22683.05859375,82449.86328125
1592.3280844688416,2,1270.2,22548.55078125,82449.86328125
1593.336517572403,2,2676.1,22805.796875,82449.86328125
1594.348307132721,2,3372.4,23019.72265625,82449.86328125
1595.3572297096252,2,573.2,9380.28515625,84497.87890625
1596.365608215332,2,982.5,9479.640625,82449.86328125
1597.3725054264069,2,2131.5,9790.62109375,82449.86328125
1598.3965075016022,2,2448.6,12552.3125,82449.86328125
1599.4079232215881,2,4408.0,15308.28125,82449.86328125
1600.4155099391937,2,4021.9,16190.5390625,82449.86328125
1601.446518421173,2,4450.6,19794.6171875,82449.86328125
1602.4725131988525,2,4626.2,24553.9375,82449.86328125
1603.499519586563,2,4573.5,29507.93359375,82449.86328125
1604.5240559577942,2,4169.9,19613.1640625,82449.86328125
1605.5365200042725,2,4476.4,23436.87109375,82449.86328125
1606.5515141487122,2,4197.4,24837.55859375,82449.86328125
1607.5665075778961,2,4282.7,25157.875,82449.86328125
1608.58651304245,2,3256.7,25465.5234375,82449.86328125
1609.6045231819153,2,3397.1,25818.85546875,82449.86328125
1610.634827375412,2,3362.1,25811.453125,82449.86328125
1611.6666748523712,2,3624.0,26313.05078125,82449.86328125
1612.6765251159668,2,3563.1,27575.46875,82449.86328125
1613.6853404045105,2,1532.3,28391.734375,82449.86328125
1614.6942961215973,2,1288.2,28362.4765625,82449.86328125
1615.7035100460052,2,1180.0,28178.76953125,82449.86328125
1616.7115149497986,2,3206.0,28847.55859375,82449.86328125
1617.7365307807922,2,3878.8,29177.86328125,82449.86328125
1618.7453830242157,2,565.1,29465.98828125,82449.86328125
1619.7541244029999,2,564.5,8656.6015625,84497.87890625
1620.76650929451,2,888.5,9287.6484375,82449.86328125
1621.7905070781708,2,2276.0,9664.66796875,82449.86328125
1622.8271386623383,2,2268.7,12567.109375,82449.86328125
1623.8465089797974,2,4209.3,15649.52734375,82449.86328125
1624.8687181472778,2,4317.0,16116.4765625,82449.86328125
1625.8914248943329,2,4551.1,20442.6796875,82449.86328125
1626.9185163974762,2,4563.9,24262.5546875,82449.86328125
1627.944595336914,2,4560.0,29467.2109375,82449.86328125
1628.970520734787,2,4195.1,20082.94921875,82449.86328125
1629.9865124225616,2,4535.2,23892.65625,82449.86328125
1631.0015156269073,2,4199.9,24673.13671875,82449.86328125
1632.0235152244568,2,4207.3,25086.546875,82449.86328125
1633.0478522777557,2,3392.7,25361.140625,82449.86328125
1634.0792074203491,2,3467.3,25718.8125,82449.86328125
1635.0875194072723,2,3107.6,25824.3984375,82449.86328125
1636.113507270813,2,3642.3,26352.09375,82449.86328125
1637.1280148029327,2,3349.5,27940.23828125,82449.86328125
1638.140023946762,2,1409.1,28310.578125,82449.86328125
1639.1506130695343,2,1404.6,28248.82421875,82449.86328125
1640.1586520671844,2,1000.9,28180.25390625,82449.86328125
1641.1677219867706,2,4145.4,28683.62109375,82449.86328125
1642.1805574893951,2,2825.8,29247.15234375,82449.86328125
1643.1885118484497,2,677.1,29485.3828125,82449.86328125
1644.1988272666931,2,471.4,7828.47265625,82449.86328125
1645.2084064483643,2,922.6,9704.2109375,82449.86328125
1646.2185122966766,2,2575.8,9887.2265625,82449.86328125
1647.2575073242188,2,2334.0,12785.94140625,82449.86328125
1648.2754392623901,2,4403.1,15827.890625,82449.86328125
1649.2855124473572,2,4218.3,16437.37109375,82449.86328125
1650.2955150604248,2,4456.0,19703.26953125,82449.86328125
1651.3225228786469,2,4553.0,24034.828125,82449.86328125
1652.3495149612427,2,4612.5,28974.24609375,82449.86328125
1653.3758389949799,2,4343.3,19915.1796875,82449.86328125
1654.3855378627777,2,4295.4,23738.328125,82449.86328125
1655.405515909195,2,4212.2,25353.234375,82449.86328125
1656.430519580841,2,4380.4,25563.421875,82449.86328125
1657.4548470973969,2,3602.0,25898.91015625,82449.86328125
1658.4636166095734,2,2895.2,26217.97265625,82449.86328125
1659.4725177288055,2,3867.8,26411.33984375,82449.86328125
1660.499508857727,2,2617.1,26491.265625,82449.86328125
1661.5175094604492,2,4244.4,27817.0546875,82449.86328125
1662.5382833480835,2,2420.2,28884.171875,82449.86328125
1663.5462710857391,2,1144.7,28750.64453125,82449.86328125
1664.5553727149963,2,1395.8,28743.1796875,82449.86328125
1665.566510438919,2,991.4,28941.078125,82449.86328125
1666.5835807323456,2,4323.1,29257.8984375,82449.86328125
1667.5965085029602,2,2880.6,29816.1171875,82449.86328125
1668.6127862930298,2,601.8,30096.390625,82449.86328125
1669.621318101883,2,530.4,7912.3359375,82449.86328125
1670.63050699234,2,1629.2,8869.88671875,82449.86328125
1671.698813199997,2,3311.7,11419.35546875,82449.86328125
1672.7124705314636,2,4284.8,12390.890625,82449.86328125
1673.723519563675,2,4583.7,17489.296875,82449.86328125
1674.750526189804,2,4418.7,14694.67578125,82449.86328125
1675.7655081748962,2,4320.3,17414.0703125,82449.86328125
1676.7863881587982,2,4017.0,17720.16015625,82449.86328125
1677.7973368167877,2,2705.1,18054.01171875,82449.86328125
1678.8120493888855,2,3400.1,18353.66796875,82449.86328125
1679.8244025707245,2,2796.7,19388.89453125,82449.86328125
1680.832924604416,2,1193.4,19295.828125,82449.86328125
1681.8465068340302,2,1929.9,19451.0234375,82449.86328125
1682.8674020767212,2,3557.3,19549.30078125,82449.86328125
1683.8745419979095,2,572.3,8837.984375,84497.87890625
1684.882640838623,2,951.4,9072.9140625,82449.86328125
1685.891815662384,2,2909.8,10052.2109375,82449.86328125
1686.9007668495178,2,3254.3,13647.16796875,82449.86328125
1687.9165115356445,2,4254.1,14185.8515625,82449.86328125
1688.9426529407501,2,4537.7,18693.69921875,82449.86328125
1689.9685196876526,2,4544.5,24110.6796875,82449.86328125
1690.9955158233643,2,4337.8,18764.6484375,82449.86328125
1692.0105242729187,2,4366.3,19936.9453125,82449.86328125
1693.0366508960724,2,3931.9,20237.5625,82449.86328125
1694.0455148220062,2,2986.8,20549.4296875,82449.86328125
1695.0711846351624,2,3150.6,20604.00390625,82449.86328125
1696.0825090408325,2,4046.5,21497.55859375,82449.86328125
1697.1029579639435,2,1527.3,21994.44921875,82449.86328125
1698.112510919571,2,1361.3,21837.5234375,82449.86328125
1699.1205112934113,2,2131.7,22012.16015625,82449.86328125
1700.1389696598053,2,3737.0,22307.4453125,82449.86328125
1701.1479902267456,2,636.6,8678.69140625,84497.87890625
1702.1564741134644,2,945.3,8964.140625,82449.86328125
1703.1658160686493,2,2881.4,10052.06640625,82449.86328125
1704.175859928131,2,3317.1,13530.421875,82449.86328125
1705.1895155906677,2,4244.0,14087.94921875,82449.86328125
1706.214513540268,2,4482.3,18743.296875,82449.86328125
1707.2429192066193,2,4621.8,24339.84375,82449.86328125
1708.2705223560333,2,4364.3,18712.22265625,82449.86328125
1709.2855207920074,2,4352.9,19795.28125,82449.86328125
1710.30996799469,2,3498.3,20179.171875,82449.86328125
1711.3332641124725,2,3533.9,20444.74609375,82449.86328125
1712.3515181541443,2,3306.9,20605.04296875,82449.86328125
1713.3628540039062,2,3784.3,21757.078125,82449.86328125
1714.3710885047913,2,1088.4,21745.78515625,82449.86328125
1715.3780343532562,2,1271.6,21677.3125,82449.86328125
1716.3854157924652,2,3707.4,21805.1640625,82449.86328125
1717.397632598877,2,1970.3,22147.453125,82449.86328125
1718.406445980072,2,665.2,8246.859375,82449.86328125
1719.415507555008,2,1837.5,9360.54296875,82449.86328125
1720.4588534832,2,2768.1,12489.45703125,82449.86328125
1721.481510400772,2,4305.1,13996.140625,82449.86328125
1722.5025236606598,2,4492.6,16642.74609375,82449.86328125
1723.5295159816742,2,4615.6,21579.62890625,82449.86328125
1724.5565211772919,2,4190.9,16508.2890625,82449.86328125
1725.5695106983185,2,4336.2,19700.7265625,82449.86328125
1726.5905187129974,2,4383.6,19821.32421875,82449.86328125
1727.6154701709747,2,3311.8,20050.078125,82449.86328125
1728.6485183238983,2,3048.4,20253.15625,82449.86328125
1729.6675109863281,2,3950.8,20971.75390625,82449.86328125
1730.688372850418,2,2028.7,21674.28125,82449.86328125
1731.6993701457977,2,1266.5,21582.95703125,82449.86328125
1732.708262205124,2,1750.8,21802.203125,82449.86328125
1733.7205693721771,2,4141.2,21934.24609375,82449.86328125
1734.7288129329681,2,649.6,8135.1015625,84497.87890625
1735.7371301651,2,943.7,8953.98046875,82449.86328125
1736.7465090751648,2,2965.0,9323.57421875,82449.86328125
1737.8045167922974,2,2702.2,13226.203125,82449.86328125
1738.818507194519,2,4327.6,14189.40625,82449.86328125
1739.8415188789368,2,4519.8,17808.15625,82449.86328125
1740.8669645786285,2,4536.9,23102.55859375,82449.86328125
1741.894543170929,2,4310.5,17470.12890625,82449.86328125
1742.909499168396,2,4344.9,20026.953125,82449.86328125
1743.935477256775,2,4380.2,20270.85546875,82449.86328125
1744.9463138580322,2,2847.2,20501.94140625,82449.86328125
1745.954517841339,2,2955.6,20831.828125,82449.86328125
1746.98477768898,2,3631.7,21497.07421875,82449.86328125
1748.0070042610168,2,2204.0,22116.125,82449.86328125
1749.014600276947,2,1276.4,22021.6953125,82449.86328125
1750.0215091705322,2,1429.0,22032.0234375,82449.86328125
1751.0340557098389,2,4442.4,22169.37890625,82449.86328125
1752.0447890758514,2,840.0,22491.6171875,82449.86328125
1753.0517752170563,2,937.6,8611.76953125,82449.86328125
1754.0596499443054,2,2253.3,10219.4609375,82449.86328125
1755.07350897789,2,4263.8,12092.6015625,82449.86328125
1756.0935187339783,2,4508.2,15731.41796875,82449.86328125
1757.1215252876282,2,4544.7,17983.51953125,82449.86328125
1758.1365106105804,2,4149.5,17125.89453125,82449.86328125
1759.1575183868408,2,4388.9,17335.3515625,82449.86328125
1760.1780264377594,2,2715.9,17716.36328125,82449.86328125
1761.1928901672363,2,3303.3,17819.4921875,82449.86328125
1762.205103635788,2,3410.8,18992.75390625,82449.86328125
1763.2185180187225,2,1056.3,18885.1328125,82449.86328125
1764.2275099754333,2,1574.5,18912.83984375,82449.86328125
1765.2416276931763,2,3982.3,19228.14453125,82449.86328125
1766.2492637634277,2,658.7,8518.78125,84497.87890625
1767.2588396072388,2,1017.3,8702.33984375,82449.86328125
1768.2693176269531,2,2740.5,10425.59375,82449.86328125
1769.2813956737518,2,4268.8,12260.28125,82449.86328125
1770.2925279140472,2,4519.7,15998.02734375,82449.86328125
1771.3185260295868,2,4480.1,17074.3203125,82449.86328125
1772.3385112285614,2,4137.7,17237.9765625,82449.86328125
1773.3595118522644,2,4396.6,17463.53515625,82449.86328125
1774.3830621242523,2,2766.2,17853.44921875,82449.86328125
1775.410234451294,2,3287.5,18016.140625,82449.86328125
1776.4230115413666,2,3372.5,19174.609375,82449.86328125
1777.4322032928467,2,1090.6,19069.29296875,82449.86328125
1778.4415094852448,2,1526.4,19240.8203125,82449.86328125
1779.4544546604156,2,4125.0,19446.9375,82449.86328125
1780.4635620117188,2,629.4,8220.5078125,84497.87890625
1781.4774451255798,2,1028.3,8555.7890625,82449.86328125
1782.4875104427338,2,3233.1,10608.05078125,82449.86328125
1783.5055272579193,2,4212.0,12620.31640625,82449.86328125
1784.5335421562195,2,4523.3,15690.734375,82449.86328125
1785.5483241081238,2,4210.0,15101.5390625,82449.86328125
1786.5705251693726,2,3528.1,15324.7265625,82449.86328125
1787.592843055725,2,2920.8,15594.91015625,82449.86328125
1788.6047444343567,2,3130.2,16699.1953125,82449.86328125
1789.6124813556671,2,1237.4,16612.4765625,82449.86328125
1790.6215085983276,2,3127.1,16686.39453125,82449.86328125
1791.6321530342102,2,1410.9,17095.15625,82449.86328125
1792.6411747932434,2,1518.1,8204.01171875,82449.86328125
1793.6511759757996,2,2612.5,9001.48828125,82449.86328125
1794.661512374878,2,3324.3,13009.62890625,82449.86328125
1795.6845219135284,2,4376.7,14275.97265625,82449.86328125
1796.7135119438171,2,4454.5,14414.73828125,82449.86328125
1797.7295105457306,2,4253.6,16462.89453125,82449.86328125
1798.7490878105164,2,3082.4,16667.9921875,82897.86328125
1799.7589285373688,2,2748.7,16903.97265625,82897.86328125
1800.7684273719788,2,3586.6,18121.0078125,82897.86328125
1801.7799413204193,2,3518.2,19143.140625,82897.86328125
1802.788593530655,2,1315.4,19136.94140625,82897.86328125
1803.7988348007202,2,4376.1,19336.53125,82897.86328125
1804.8086528778076,2,1434.2,19723.6796875,82897.86328125
1805.8182351589203,2,1517.3,8549.60546875,82897.86328125
1806.8280169963837,2,2564.9,9387.65625,82897.86328125
1807.8385078907013,2,3882.7,13305.85546875,82897.86328125
1808.859518289566,2,4494.2,15113.99609375,82897.86328125
1809.8865118026733,2,4356.8,15591.8984375,82897.86328125
1810.9012360572815,2,3974.6,16588.8828125,82897.86328125
1811.908872127533,2,3255.9,16800.8203125,82897.86328125
1812.9220020771027,2,2770.3,17017.8515625,82897.86328125
1813.933512210846,2,4193.9,18672.99609375,82897.86328125
1814.9541532993317,2,2609.1,19130.3125,82897.86328125
1815.9621932506561,2,2365.8,19350.43359375,82897.86328125
1816.9741473197937,2,3797.5,19532.5078125,82897.86328125
1817.9822747707367,2,657.5,8857.9140625,84945.87890625
1818.9906680583954,2,2057.7,8760.9453125,82897.86328125
1820.0004138946533,2,3068.2,11626.18359375,82897.86328125
1821.0185098648071,2,4227.9,13403.19921875,82897.86328125
1822.0405178070068,2,4494.2,16760.46875,82897.86328125
1823.0675106048584,2,4186.8,16450.1640625,82897.86328125
1824.0885345935822,2,3709.1,16666.578125,82897.86328125
1825.1137142181396,2,3122.8,16917.55078125,82897.86328125
1826.1286749839783,2,3446.7,17587.01171875,82897.86328125
1827.1403019428253,2,4055.2,18729.75,82897.86328125
1828.1505086421967,2,1514.0,18988.51953125,82897.86328125
1829.1585094928741,2,3485.4,19156.58203125,82897.86328125
1830.1709561347961,2,2470.5,19495.68359375,82897.86328125
1831.179868221283,2,964.9,8120.796875,82897.86328125
1832.189389705658,2,2574.2,8788.04296875,82897.86328125
1833.2215073108673,2,3441.6,13122.7890625,82897.86328125
1834.2515201568604,2,4395.1,13989.41796875,82897.86328125
1835.2775239944458,2,4461.8,14018.00390625,82897.86328125
1836.292603969574,2,4235.2,16575.8125,82897.86328125
1837.31387424469,2,3426.7,16738.171875,82897.86328125
1838.3226389884949,2,2650.2,16937.63671875,82897.86328125
1839.3335087299347,2,4091.4,18251.64453125,82897.86328125
1840.3465340137482,2,3199.6,19209.6875,82897.86328125
1841.3555116653442,2,1312.7,19183.53515625,82897.86328125
1842.3674607276917,2,4415.2,19233.6171875,82897.86328125
1843.379531621933,2,1264.7,19639.71875,82897.86328125
1844.3891055583954,2,1677.1,8520.3671875,82897.86328125
1845.3975310325623,2,2421.9,9568.75,82897.86328125
1846.4065108299255,2,4066.9,13273.71484375,82897.86328125
1847.4275207519531,2,4523.1,15511.98828125,82897.86328125
1848.4537255764008,2,4407.1,15689.19140625,82897.86328125
1849.46635556221,2,3885.0,16629.4921875,82897.86328125
1850.4765145778656,2,3322.6,16812.36328125,82897.86328125
1851.5016872882843,2,3056.1,17223.50390625,82897.86328125
1852.5145092010498,2,4379.6,18651.359375,82897.86328125
1853.5352919101715,2,2142.8,19048.609375,82897.86328125
1854.5433855056763,2,2610.9,19381.65625,82897.86328125
1855.5550627708435,2,3515.7,19516.328125,82897.86328125
1856.5637893676758,2,581.9,9515.140625,84945.87890625
1857.5725123882294,2,2217.6,8771.0,82897.86328125
1858.5819716453552,2,3172.1,11725.859375,82897.86328125
1859.5955114364624,2,4313.8,13399.8984375,82897.86328125
1860.6165206432343,2,4412.4,17043.52734375,82897.86328125
1861.6435058116913,2,4164.3,16537.52734375,82897.86328125
1862.6735270023346,2,3671.3,16810.75390625,82897.86328125
1863.7015190124512,2,3100.5,17054.87109375,82897.86328125
1864.725507259369,2,3576.2,17785.14453125,82897.86328125
1865.737508058548,2,3992.6,19092.92578125,82897.86328125
1866.758526802063,2,1421.5,19127.67578125,82897.86328125
1867.7685108184814,2,3697.3,19313.140625,82897.86328125
1868.7800016403198,2,2349.0,19596.0546875,82897.86328125
1869.7905054092407,2,1011.2,8138.42578125,82897.86328125
1870.800508260727,2,2717.3,8763.69140625,82897.86328125
1871.8353788852692,2,3445.7,13144.63671875,82897.86328125
1872.856514930725,2,4362.9,14172.2265625,82897.86328125
1873.883217573166,2,4452.0,14064.4609375,82897.86328125
1874.9005091190338,2,4245.2,16583.10546875,82897.86328125
1875.9215295314789,2,3345.5,16708.5859375,82897.86328125
1876.9425168037415,2,2636.6,16970.4609375,82897.86328125
1877.9553492069244,2,4088.2,18226.4140625,82897.86328125
1878.9696609973907,2,3343.9,19205.4296875,82897.86328125
1879.9778845310211,2,1256.7,19231.58984375,82897.86328125
1880.9915101528168,2,4401.8,19273.39453125,82897.86328125
1882.003832578659,2,1416.1,19670.51171875,82897.86328125
1883.0163145065308,2,1634.0,8484.2265625,82897.86328125
1884.0267496109009,2,2505.9,9399.71875,82897.86328125
1885.035509109497,2,3904.8,13281.796875,82897.86328125
1886.0565161705017,2,4464.9,14953.26171875,82897.86328125
1887.0835149288177,2,4480.0,15563.328125,82897.86328125
1888.0980536937714,2,4048.0,16568.61328125,82897.86328125
1889.1095173358917,2,3110.4,16798.3359375,82897.86328125
1890.127518415451,2,2751.0,17050.078125,82897.86328125
1891.147512435913,2,4297.6,18541.13671875,82897.86328125
1892.1684958934784,2,2748.7,19099.125,82897.86328125
1893.1751635074615,2,1840.0,19292.2109375,82897.86328125
1894.187512397766,2,4411.8,19357.796875,82897.86328125
1895.1990747451782,2,774.3,8193.703125,84945.87890625
1896.207682132721,2,2055.6,8632.515625,82897.86328125
1897.223507642746,2,2348.6,10031.40234375,82897.86328125
1898.2365109920502,2,4287.6,13306.19140625,82897.86328125
1899.2575161457062,2,4529.7,15782.08984375,82897.86328125
1900.2842211723328,2,4192.2,16349.8046875,82897.86328125
1901.2955176830292,2,3753.5,16771.17578125,82897.86328125
1902.3045110702515,2,3376.3,16906.5390625,82897.86328125
1903.3305053710938,2,2896.2,17230.390625,82897.86328125
1904.345510005951,2,4217.9,18744.9765625,82897.86328125
1905.366545200348,2,2372.6,19149.77734375,82897.86328125
1906.3805148601532,2,2411.8,19406.60546875,82897.86328125
1907.3952014446259,2,3799.2,19558.375,82897.86328125
1908.4037437438965,2,678.5,9036.15234375,84945.87890625
1909.41330575943,2,2130.8,8716.91015625,82897.86328125
1910.4223849773407,2,3002.1,11483.30078125,82897.86328125
1911.4355022907257,2,4248.7,13361.96484375,82897.86328125
1912.508517742157,2,4478.0,16972.8203125,82897.86328125
1913.5365381240845,2,4234.5,16516.78125,82897.86328125
1914.5618596076965,2,3686.4,16759.05859375,82897.86328125
1915.5705502033234,2,2949.7,17000.484375,82897.86328125
1916.583508491516,2,3445.7,17525.17578125,82897.86328125
1917.595510482788,2,4317.2,18781.0546875,82897.86328125
1918.6169633865356,2,1605.0,19126.01171875,82897.86328125
1919.6245069503784,2,3024.2,19326.4921875,82897.86328125
1920.6366939544678,2,2956.4,19528.44921875,82897.86328125
1921.6448214054108,2,734.7,8033.52734375,82897.86328125
1922.655506849289,2,2370.1,8804.21484375,82897.86328125
1923.6750180721283,2,3602.2,12616.3203125,82897.86328125
1924.6895246505737,2,4303.4,13310.48828125,82897.86328125
1925.7147014141083,2,4460.9,15359.59375,82897.86328125
1926.7295083999634,2,4233.6,16405.83203125,82897.86328125
1927.748621225357,2,3440.2,16664.6015625,82897.86328125
1928.7655217647552,2,3156.7,17011.19921875,82897.86328125
1929.7923140525818,2,3930.6,18024.93359375,82897.86328125
1930.8047335147858,2,3563.6,19129.72265625,82897.86328125
1931.8121621608734,2,1198.2,19053.28515625,82897.86328125
1932.8195152282715,2,4375.3,19348.3828125,82897.86328125
1933.8350393772125,2,1573.0,19611.71875,82897.86328125
1934.8439481258392,2,1361.0,8365.71484375,82897.86328125
1935.8534753322601,2,2747.6,8922.1171875,82897.86328125
1936.8635082244873,2,3532.7,13235.3359375,82897.86328125
1937.8877584934235,2,4380.6,14704.609375,82897.86328125
1938.9175145626068,2,4420.9,15059.8203125,82897.86328125
1939.9325141906738,2,4206.0,16515.7578125,82897.86328125
1940.944581270218,2,3133.2,16731.23828125,82897.86328125
1941.9555139541626,2,2822.5,17028.78125,82897.86328125
1942.9695110321045,2,4219.5,18467.83203125,82897.86328125
1943.9902317523956,2,2746.7,19023.375,82897.86328125
1945.0011167526245,2,1869.0,19209.25390625,82897.86328125
1946.0125088691711,2,4290.3,19301.7578125,82897.86328125
1947.0206861495972,2,778.9,7911.13671875,84945.87890625
1948.029695034027,2,1967.8,8629.08203125,82897.86328125
1949.0395467281342,2,2466.1,10051.265625,82897.86328125
1950.0515084266663,2,4200.2,13287.53515625,82897.86328125
1951.0724539756775,2,4500.8,15884.68359375,82897.86328125
1952.0995099544525,2,4342.9,16345.9921875,82897.86328125
1953.119918346405,2,3669.9,16662.3828125,82897.86328125
1954.1285195350647,2,3329.6,16770.390625,82897.86328125
1955.1397185325623,2,3060.5,17299.25390625,82897.86328125
1956.1525084972382,2,4348.6,18633.12890625,82897.86328125
1957.1729283332825,2,1864.0,19011.140625,82897.86328125
1958.1805109977722,2,3016.2,19243.9765625,82897.86328125
1959.1928100585938,2,2925.3,19414.52734375,82897.86328125
1960.2017974853516,2,624.9,7916.7734375,82897.86328125
1961.211673259735,2,2811.2,10027.59375,82897.86328125
1962.224508523941,2,4199.1,12095.984375,82897.86328125
1963.2502975463867,2,4237.1,14245.83984375,82897.86328125
1964.2645153999329,2,3778.7,14626.109375,82897.86328125
1965.2806251049042,2,3107.0,15083.0546875,82897.86328125
1966.2923729419708,2,3584.1,16307.08984375,82897.86328125
1967.3025159835815,2,2165.9,16485.82421875,82897.86328125
1968.3169853687286,2,2921.3,16667.65625,82897.86328125
1969.3262877464294,2,1164.5,8538.578125,82897.86328125
1970.3365087509155,2,3217.6,11381.8515625,82897.86328125
1971.3575158119202,2,4441.7,13647.88671875,82897.86328125
1972.3835170269012,2,4187.2,14370.40625,82897.86328125
1973.4045145511627,2,3121.4,14644.625,82897.86328125
1974.4245035648346,2,3924.6,15718.4296875,82897.86328125
1975.4468145370483,2,2443.8,16074.8046875,82897.86328125
1976.454623222351,2,3482.4,16221.99609375,82897.86328125
1977.4646725654602,2,1435.3,8434.27734375,84945.87890625
1978.4733338356018,2,2085.2,8525.56640625,82897.86328125
1979.4799768924713,2,3816.1,11522.078125,82897.86328125
1980.4993357658386,2,4377.3,13090.375,82897.86328125
1981.5135316848755,2,3821.4,14372.81640625,82897.86328125
1982.5337159633636,2,3031.8,14648.5078125,82897.86328125
1983.54642868042,2,4243.5,15877.4921875,82897.86328125
1984.5545191764832,2,1622.0,16121.8671875,82897.86328125
1985.5659251213074,2,3693.9,16342.8828125,82897.86328125
1986.5736508369446,2,826.2,8077.75,82897.86328125
1987.5832164287567,2,2978.1,10530.97265625,82897.86328125
1988.596518754959,2,4155.0,12285.140625,82897.86328125
1989.6225097179413,2,4263.6,14082.92578125,82897.86328125
1990.6431391239166,2,3710.0,14388.34375,82897.86328125
1991.6555063724518,2,3500.1,15176.4921875,82897.86328125
1992.6683142185211,2,3130.5,16109.33203125,82897.86328125
1993.67906332016,2,2512.5,16171.61328125,82897.86328125
1994.691615819931,2,2589.7,16548.73828125,82897.86328125
1995.6994726657867,2,1600.8,8885.66796875,82897.86328125
1996.7127077579498,2,4000.1,10048.07421875,82897.86328125
1997.725995540619,2,2998.4,10608.68359375,82897.86328125
1998.7375292778015,2,1893.5,8116.10546875,82897.86328125
1999.7468888759613,2,2788.5,10190.63671875,82897.86328125
2000.7615084648132,2,4253.0,12021.8515625,82897.86328125
2001.7860226631165,2,4289.6,14114.60546875,82897.86328125
2002.7975158691406,2,3770.7,14479.015625,82897.86328125
2003.82350730896,2,3197.0,14954.3125,82897.86328125
2004.837239742279,2,3458.2,16162.74609375,82897.86328125
2005.845511674881,2,2346.3,16178.125,82897.86328125
2006.8565266132355,2,2748.7,16497.3125,82897.86328125
2007.8670971393585,2,1027.0,8327.359375,82897.86328125
2008.8765151500702,2,3985.5,10487.37890625,82897.86328125
2009.9026861190796,2,4061.7,12058.7265625,82897.86328125
2010.9143087863922,2,3458.9,12549.73046875,82897.86328125
2011.9250400066376,2,2580.5,13133.51953125,82897.86328125
2012.9336700439453,2,3169.5,13328.77734375,82897.86328125
2013.9455075263977,2,1444.2,8502.08203125,82897.86328125
2014.9675250053406,2,3994.7,11005.75,82897.86328125
2015.992526292801,2,3833.4,12002.375,82897.86328125
2017.0066995620728,2,3498.2,12647.92578125,82897.86328125
2018.021514415741,2,2516.1,13107.75,82897.86328125
2019.0337309837341,2,2842.6,13257.09375,82897.86328125
2020.0407540798187,2,194.2,5110.37109375,75729.70703125
2021.0499119758606,2,102.2,5006.8203125,75729.70703125
2022.057946920395,2,103.2,4917.3515625,75729.70703125
