elapsed_time,nproc,cpu,mem_real,mem_virtual
4.0531158447265625e-05,1,0.0,5.0390625,7.5234375
1.0051076412200928,4,0.0,414.140625,4179.9375
2.0130467414855957,4,100.1,600.75,4381.9375
3.0217745304107666,4,99.2,611.69140625,4441.9375
4.03007173538208,4,100.1,613.69140625,4441.9375
5.038702011108398,4,99.3,607.5390625,4441.9375
6.046092748641968,4,100.1,613.94921875,4441.9375
7.0548295974731445,4,99.2,611.66015625,4441.9375
8.062987089157104,4,99.3,592.53125,4441.9375
9.070478677749634,4,101.2,608.37890625,4441.9375
10.078530311584473,4,99.2,665.1171875,4489.9375
11.086187362670898,4,99.0,711.1171875,4545.9375
12.096248626708984,4,99.1,773.1171875,4615.9375
13.105615854263306,4,99.9,823.296875,4701.9375
14.116194248199463,4,101.0,873.296875,4701.9375
15.12564468383789,4,99.0,925.296875,4797.9375
16.135338068008423,4,100.0,969.296875,4797.9375
17.145304679870605,2,0.0,167.26171875,243.65234375
18.155527114868164,2,0.0,516.4375,4733.09765625
19.165177583694458,2,101.0,508.43359375,4733.09765625
20.17498779296875,2,100.0,510.43359375,4733.09765625
21.185078382492065,2,99.1,512.43359375,4733.09765625
22.1940598487854,2,100.0,445.9765625,4733.09765625
23.204466819763184,2,3058.1,1504.2890625,9035.04296875
24.224052906036377,2,4755.5,1911.76171875,9477.54296875
25.24404811859131,2,4772.6,2156.35546875,9780.04296875
26.268365144729614,2,4769.9,2311.00390625,10018.04296875
27.292704105377197,2,4763.3,2376.04296875,10098.02734375
28.316985607147217,2,4758.7,2380.203125,10171.02734375
29.342050790786743,2,4770.5,2467.0390625,10271.02734375
30.36653423309326,2,4765.2,2534.58984375,10424.02734375
31.390998125076294,2,4765.3,2721.7109375,10699.02734375
32.41605019569397,2,4757.5,2738.24609375,10762.02734375
33.4404399394989,2,4761.6,2809.1015625,10928.02734375
34.465049266815186,2,4760.6,2754.05859375,11004.02734375
35.48805069923401,2,4757.1,2866.51171875,11086.02734375
36.50804567337036,2,4750.4,2910.83984375,11285.02734375
37.53314137458801,2,4760.5,2910.02734375,11340.02734375
38.557432651519775,2,4763.0,2944.67578125,11419.02734375
39.58177065849304,2,4752.0,2856.6953125,11476.02734375
40.60596799850464,2,4753.9,2799.50390625,11484.02734375
41.63018584251404,2,4765.0,2806.65234375,11526.02734375
42.65536189079285,2,4761.3,2800.23046875,11562.02734375
43.67604732513428,2,4754.5,2850.375,11592.02734375
44.7003915309906,2,4762.4,2848.7734375,11630.02734375
45.722573041915894,2,4757.1,2866.63671875,11685.02734375
46.74704647064209,2,4759.1,2828.11328125,11711.02734375
47.77129864692688,2,4755.9,2883.0234375,11849.02734375
48.796046018600464,2,4751.8,2830.6953125,11905.02734375
49.82014441490173,2,4764.0,2839.90234375,11983.02734375
50.84450840950012,2,4757.9,2880.5,12068.02734375
51.86904954910278,2,4779.7,3008.25,12152.02734375
52.89324927330017,2,4748.8,2981.23828125,12152.02734375
53.91749906539917,2,4758.8,2903.75390625,12152.02734375
54.94252014160156,2,4756.3,2905.23828125,12194.02734375
55.96559429168701,2,4753.8,2890.19140625,12266.02734375
56.99004936218262,2,4750.6,2854.37109375,12304.02734375
58.01516103744507,2,4764.0,2938.65234375,12330.02734375
59.03929686546326,2,4760.5,2933.83203125,12330.02734375
60.063536405563354,2,4754.3,2956.546875,12366.02734375
61.0878689289093,2,4762.8,2914.859375,12366.02734375
62.11228108406067,2,4755.9,2879.5546875,12366.02734375
63.13704442977905,2,4756.0,2861.26171875,12366.02734375
64.15804433822632,2,4759.7,2871.62109375,12382.02734375
65.17016983032227,2,4762.3,2872.73828125,12436.02734375
66.19205808639526,2,4760.7,2855.171875,12466.02734375
67.21619033813477,2,4756.7,2862.19140625,12478.02734375
68.24005007743835,2,4758.5,2970.64453125,12588.02734375
69.2650499343872,2,4756.5,3044.109375,12656.02734375
70.29005074501038,2,4754.2,3007.1953125,12710.02734375
71.31435751914978,2,4758.3,2924.8671875,12710.02734375
72.33951592445374,2,4759.6,3010.08984375,12746.02734375
73.36372804641724,2,4763.4,3023.29296875,12820.02734375
74.3880467414856,2,4760.3,2980.76953125,12820.02734375
75.41315031051636,2,4759.7,3038.578125,12846.02734375
76.43758869171143,2,4756.0,3057.51953125,12862.02734375
77.46196389198303,2,4759.1,3088.46875,12884.02734375
78.48705625534058,2,4759.9,3047.03125,12900.02734375
79.5115921497345,2,4754.4,3040.6484375,12900.02734375
80.53604865074158,2,4754.8,2994.73828125,12900.02734375
81.55704665184021,2,4762.5,3039.0625,12944.02734375
82.581467628479,2,4757.0,3179.08203125,13016.02734375
83.60405015945435,2,4774.0,3143.16015625,13046.02734375
84.62827038764954,2,4739.5,3202.37109375,13046.02734375
85.65285468101501,2,4757.1,3179.0703125,13046.02734375
86.67591428756714,2,4762.6,3133.81640625,13046.02734375
87.69996285438538,2,4758.8,3174.57421875,13060.02734375
88.7264769077301,2,4750.3,3260.0625,13132.02734375
89.74998593330383,2,4745.9,3336.68359375,13178.02734375
90.7750473022461,2,4757.0,3279.98828125,13178.02734375
91.79950070381165,2,4763.1,3215.43359375,13178.02734375
92.8250515460968,2,4735.2,3228.6015625,13202.02734375
93.84956812858582,2,4749.1,3767.671875,13664.02734375
94.87505674362183,2,4736.5,3781.37109375,13728.02734375
95.89915299415588,2,4753.1,3735.1953125,13756.02734375
96.92355275154114,2,4755.2,3808.15234375,13880.02734375
97.94704794883728,2,4758.2,3863.06640625,13884.02734375
98.97204828262329,2,4755.2,3975.02734375,14016.02734375
99.99641919136047,2,4755.4,4036.16796875,14044.02734375
101.02104640007019,2,4748.6,3971.75,14084.02734375
102.04104661941528,2,4760.8,3991.1171875,14114.02734375
103.0630407333374,2,4750.8,4014.36328125,14182.02734375
104.08715009689331,2,4761.4,4072.21484375,14240.02734375
105.11124467849731,2,4762.2,4089.9765625,14240.02734375
106.13576054573059,2,4754.8,4006.8046875,14240.02734375
107.16004705429077,2,4753.6,4001.33203125,14264.02734375
108.18004107475281,2,4755.3,4082.19140625,14306.02734375
109.20413398742676,2,4758.2,4108.96875,14306.02734375
110.22504878044128,2,4746.3,4121.82421875,14326.02734375
111.2460527420044,2,4756.3,4187.9921875,14326.02734375
112.27020025253296,2,4761.4,4248.8828125,14326.02734375
113.29405069351196,2,4748.8,4220.58984375,14362.02734375
114.31812787055969,2,4760.7,4292.203125,14436.02734375
115.33804869651794,2,4754.9,4223.375,14436.02734375
116.36004662513733,2,4754.6,4413.16015625,14512.02734375
117.3853509426117,2,4751.5,4374.6796875,14536.02734375
118.40967297554016,2,4750.7,4427.61328125,14564.02734375
119.43504691123962,2,4750.3,4573.12890625,14564.02734375
120.45912671089172,2,4753.7,4519.15625,14604.02734375
121.48340320587158,2,4748.1,4550.0390625,14628.02734375
122.50776886940002,2,4757.0,4585.91796875,14628.02734375
123.5330457687378,2,4753.4,4568.56640625,14628.02734375
124.55404925346375,2,4753.6,4554.15234375,14672.02734375
125.57849502563477,2,4744.2,4468.93359375,14700.02734375
126.6030502319336,2,4750.6,4378.96484375,14700.02734375
127.62739610671997,2,4744.7,4482.765625,14748.02734375
128.65187573432922,2,4750.8,4540.66796875,14802.02734375
129.67704606056213,2,4747.4,4582.6484375,14860.02734375
130.69405245780945,2,4753.3,4521.44140625,14860.02734375
131.71854329109192,2,4742.3,4475.13671875,14860.02734375
132.73904538154602,2,4747.4,4379.9609375,14860.02734375
133.75904941558838,2,4740.2,4325.41015625,14860.02734375
134.7840497493744,2,4739.7,4230.15234375,14860.02734375
135.8084020614624,2,4745.2,4273.25390625,14860.02734375
136.83259057998657,2,4744.9,4282.046875,14916.02734375
137.85705041885376,2,4761.6,4377.5703125,14980.02734375
138.88256239891052,2,4760.7,4493.09765625,14980.02734375
139.90591597557068,2,4745.8,4455.6875,15104.02734375
140.93104529380798,2,4757.2,4380.4921875,15140.02734375
141.95518565177917,2,4753.1,4294.08203125,15140.02734375
142.97204852104187,2,4755.7,4190.76171875,15140.02734375
143.9963459968567,2,4731.4,4198.33984375,15140.02734375
145.02047538757324,2,4740.0,4218.71484375,15168.02734375
146.0447428226471,2,4754.0,4349.85546875,15292.02734375
147.06904411315918,2,4774.1,4339.53515625,15316.02734375
148.09327840805054,2,4726.2,4311.640625,15316.02734375
149.11804842948914,2,4757.0,4419.43359375,15340.02734375
150.1423749923706,2,4746.8,4482.48828125,15368.02734375
151.16305589675903,2,4749.2,4416.36328125,15368.02734375
152.18828535079956,2,4746.8,4499.46875,15368.02734375
153.21204829216003,2,4755.7,4531.71484375,15468.02734375
154.22834634780884,2,4740.3,4466.2890625,15468.02734375
155.25304293632507,2,4738.0,4349.25390625,15482.02734375
156.277503490448,2,4739.4,4430.96484375,15482.02734375
157.3016495704651,2,4755.3,4528.62109375,15506.02734375
158.3255786895752,2,4759.1,4644.0,15506.02734375
159.3496971130371,2,4755.3,4686.390625,15506.02734375
160.37381863594055,2,4744.8,4581.1484375,15534.02734375
161.39790749549866,2,4754.1,4630.7109375,15534.02734375
162.42304682731628,2,4739.2,4596.390625,15534.02734375
163.44712591171265,2,4744.9,4590.37109375,15562.02734375
164.47117376327515,2,4744.1,4522.9453125,15562.02734375
165.49504899978638,2,4739.7,4630.0703125,15610.02734375
166.51954245567322,2,4748.6,4610.86328125,15638.02734375
167.54403066635132,2,4752.1,4553.1171875,15670.02734375
168.5690484046936,2,4738.9,4514.38671875,15686.02734375
169.59357714653015,2,4743.5,4507.0390625,15686.02734375
170.61904668807983,2,4742.7,4451.94140625,15686.02734375
171.64304852485657,2,4746.1,4441.71875,15686.02734375
172.66804909706116,2,4747.6,4374.94921875,15686.02734375
173.68804097175598,2,4731.4,4292.53515625,15686.02734375
174.70904421806335,2,4744.7,4215.73046875,15686.02734375
175.73404240608215,2,4741.0,4336.3515625,15686.02734375
176.75821995735168,2,4747.1,4213.61328125,15686.02734375
177.78219771385193,2,4747.0,4265.39453125,15726.02734375
178.80643701553345,2,4749.1,4544.859375,15900.02734375
179.83004474639893,2,4715.4,4564.32421875,15944.02734375
180.8543574810028,2,4742.8,4589.39453125,15944.02734375
181.87862586975098,2,4746.9,4694.11328125,15988.02734375
182.8990514278412,2,4757.7,4690.63671875,16004.02734375
183.92404794692993,2,4751.7,4816.75,16004.02734375
184.9482114315033,2,4764.5,5253.8359375,16316.02734375
185.9722511768341,2,4728.2,5572.484375,16716.02734375
186.98904657363892,2,4741.3,6079.0390625,17142.02734375
188.0131185054779,2,4772.8,6658.97265625,18090.02734375
189.03725385665894,2,4722.0,6730.03125,18114.02734375
190.06116580963135,2,4772.1,6800.8984375,18134.02734375
191.08527779579163,2,4701.0,7180.82421875,18534.02734375
192.1093270778656,2,4738.5,7235.0078125,18982.02734375
193.13404440879822,2,4736.2,7264.22265625,18982.02734375
194.15814113616943,2,4741.2,7220.3203125,19002.02734375
195.18214988708496,2,4755.4,7250.96484375,19002.02734375
196.20404744148254,2,4733.1,7268.09375,19030.02734375
197.22821283340454,2,4755.9,7207.8046875,19030.02734375
198.25216913223267,2,4754.7,7176.66015625,19030.02734375
199.27644228935242,2,4740.8,7234.19140625,19034.02734375
200.30104660987854,2,4751.1,7277.59765625,19034.02734375
201.3255865573883,2,4742.9,7643.75,19384.02734375
202.35005116462708,2,4742.4,7709.125,19520.02734375
203.36404514312744,2,4739.7,7672.34765625,19520.02734375
204.38904643058777,2,4744.0,7607.85546875,19520.02734375
205.40905570983887,2,4748.1,7682.45703125,19624.02734375
206.43348789215088,2,4746.5,7665.33203125,19624.02734375
207.45105385780334,2,4743.9,7764.234375,19644.02734375
208.47204899787903,2,4749.2,7705.11328125,19644.02734375
209.49655628204346,2,4750.8,7736.5234375,19732.02734375
210.5200457572937,2,4745.0,7637.84765625,19732.02734375
211.54504656791687,2,4708.1,7488.1875,19732.02734375
212.56941556930542,2,4752.8,7426.4609375,19732.02734375
213.5940432548523,2,4745.5,7393.34765625,19732.02734375
214.61904954910278,2,4748.9,7445.97265625,19732.02734375
215.6433744430542,2,4739.5,7439.8125,19760.02734375
216.66904544830322,2,4751.5,7560.3984375,19844.02734375
217.69383716583252,2,4750.1,7905.09375,20228.02734375
218.7180461883545,2,4727.2,7938.20703125,20228.02734375
219.74258279800415,2,4724.4,7840.69140625,20228.02734375
220.76704788208008,2,4744.3,7843.48828125,20228.02734375
221.7924838066101,2,4749.4,7850.91796875,20228.02734375
222.81700801849365,2,4747.7,7926.46484375,20228.02734375
223.83329939842224,2,4747.6,7962.90625,20228.02734375
224.85804224014282,2,4747.2,7945.83984375,20228.02734375
225.88304233551025,2,4749.8,7973.296875,20280.02734375
226.90730714797974,2,4754.6,7933.3046875,20280.02734375
227.931565284729,2,4751.3,7887.609375,20280.02734375
228.9560468196869,2,4752.2,8251.94140625,20432.02734375
229.98104238510132,2,4751.2,8138.64453125,20432.02734375
231.00529742240906,2,4742.6,8118.26171875,20488.02734375
232.02946949005127,2,4751.8,8278.796875,20488.02734375
233.0550503730774,2,4748.0,8348.3828125,20488.02734375
234.0791609287262,2,4749.1,8296.38671875,20488.02734375
235.11204481124878,2,4750.8,8215.1640625,20488.02734375
236.13642978668213,2,4751.7,8316.8125,20520.02734375
237.16104221343994,2,4750.2,8271.37109375,20520.02734375
238.1860568523407,2,4755.7,8251.69921875,20520.02734375
239.21012043952942,2,4757.4,8331.80859375,20548.02734375
240.22704648971558,2,4746.9,8289.93359375,20568.02734375
241.2513337135315,2,4743.1,8200.47265625,20568.02734375
242.2760455608368,2,4754.7,8147.4609375,20568.02734375
243.29861164093018,2,4742.8,8173.51953125,20568.02734375
244.32105898857117,2,4747.6,8226.76953125,20568.02734375
245.3473801612854,2,4745.2,8224.5625,20568.02734375
246.37071657180786,2,4748.6,8166.609375,20568.02734375
247.39504885673523,2,4755.7,8135.2734375,20600.02734375
248.4194781780243,2,4756.3,8147.69921875,20600.02734375
249.44379472732544,2,4753.2,8174.37109375,20600.02734375
250.467928647995,2,4758.6,8139.74609375,20600.02734375
251.49204850196838,2,4754.0,8123.80859375,20600.02734375
252.51639556884766,2,4750.0,8107.6171875,20628.02734375
253.5406050682068,2,4749.8,8082.79296875,20628.02734375
254.56398248672485,2,4750.3,7962.4765625,20628.02734375
255.58904647827148,2,4773.3,7950.03515625,20628.02734375
256.6132574081421,2,4733.1,8111.93359375,20634.02734375
257.63753724098206,2,4749.2,8411.45703125,20986.02734375
258.66170859336853,2,4753.0,8343.8125,20986.02734375
259.6870484352112,2,4732.0,8274.86328125,20986.02734375
260.7070121765137,2,4751.8,8279.30078125,20986.02734375
261.7320444583893,2,4744.9,8297.13671875,21018.02734375
262.74414563179016,2,4756.6,8392.0234375,21018.02734375
263.76904368400574,2,4753.1,8427.56640625,21034.02734375
264.78904366493225,2,4752.4,8455.15625,21034.02734375
265.8140501976013,2,4752.9,8519.859375,21034.02734375
266.83838653564453,2,4740.5,8908.12890625,21034.02734375
267.8627791404724,2,4740.8,8991.34375,21034.02734375
268.88704085350037,2,4739.9,9084.7890625,21058.02734375
269.9124047756195,2,4741.8,9237.94140625,21058.02734375
270.93604373931885,2,4743.4,9282.2578125,21130.02734375
271.9602153301239,2,4732.9,9350.94921875,21174.02734375
272.98504519462585,2,4744.5,9395.7734375,21202.02734375
274.00932121276855,2,4747.6,9470.9296875,21202.02734375
275.0336148738861,2,4374.3,9428.67578125,21226.02734375
276.0452136993408,2,4130.2,9395.59765625,21450.02734375
277.0567948818207,2,4012.5,9349.859375,21450.02734375
278.0683801174164,2,3872.2,9420.71484375,21562.02734375
279.07941031455994,2,3700.6,9225.8359375,21562.02734375
280.0911502838135,2,3428.0,9140.83203125,21562.02734375
281.1027946472168,2,3286.9,8984.4375,21562.02734375
282.11438632011414,2,3170.8,8881.04296875,21562.02734375
283.12577629089355,2,2908.3,8811.8046875,21562.02734375
284.1371371746063,2,2673.5,8737.53515625,21666.02734375
285.1469190120697,2,2379.6,8596.5703125,21666.02734375
286.1580548286438,2,2285.6,8780.9921875,22130.02734375
287.16917300224304,2,2230.5,9115.24609375,22594.02734375
288.18013763427734,2,2115.8,8876.1015625,22746.02734375
289.19110798835754,2,2093.3,8787.9921875,22894.02734375
290.2014603614807,2,2090.1,9004.30859375,23130.02734375
291.2114360332489,2,2089.8,8761.40625,23130.02734375
292.22159790992737,2,2005.1,8389.484375,23130.02734375
293.23250937461853,2,1992.3,8247.265625,23130.02734375
294.24341082572937,2,1990.8,8257.66796875,23130.02734375
295.2541244029999,2,1994.6,8416.609375,23130.02734375
296.2627556324005,2,1993.9,8426.484375,23130.02734375
297.27133774757385,2,1996.1,8288.33984375,23386.02734375
298.27930426597595,2,1993.7,8296.640625,23386.02734375
299.28849267959595,2,1998.2,8400.3203125,23386.02734375
300.2973952293396,2,1993.6,8523.453125,23386.02734375
301.3060824871063,2,1997.5,8463.08984375,23386.02734375
302.3153450489044,2,1995.0,8501.62890625,23386.02734375
303.3238592147827,2,1995.7,8452.18359375,23386.02734375
304.3345625400543,2,1995.3,8409.95703125,23386.02734375
305.34597992897034,2,1958.3,7947.46875,23386.02734375
306.35758924484253,2,1875.8,7837.609375,23386.02734375
307.36834597587585,2,1787.9,7884.7734375,23386.02734375
308.37789726257324,2,1466.7,7485.26171875,23386.02734375
309.38764452934265,2,825.7,7300.125,23386.02734375
310.39774894714355,2,509.6,7096.1875,23386.02734375
311.4083020687103,2,504.0,6899.078125,23386.02734375
312.41825580596924,2,407.1,6788.984375,23386.02734375
313.42774724960327,2,408.1,6458.69140625,23386.02734375
314.4374141693115,2,409.1,6456.73046875,23514.02734375
315.44692850112915,2,407.3,6370.33203125,23514.02734375
316.45604133605957,2,407.1,6107.15234375,23514.02734375
317.4656505584717,2,406.0,5873.13671875,23514.02734375
318.4754886627197,2,404.0,5693.53125,23514.02734375
319.4853322505951,2,406.0,5437.65625,23514.02734375
320.4951870441437,2,405.2,5278.14453125,23514.02734375
321.5046694278717,2,392.0,5139.796875,23514.02734375
322.51498079299927,2,302.0,5155.203125,23514.02734375
323.5249788761139,2,305.2,5106.44921875,23514.02734375
324.5340778827667,2,303.9,5032.37109375,23514.02734375
325.5443449020386,2,303.0,5050.96875,23514.02734375
326.55430603027344,2,305.1,4893.6796875,23514.02734375
327.56372261047363,2,304.9,4861.26953125,23514.02734375
328.5739960670471,2,303.9,4759.4765625,23514.02734375
329.5841705799103,2,303.2,4648.890625,23514.02734375
330.5934839248657,2,302.3,4595.3203125,23514.02734375
331.60259652137756,2,301.9,4554.4453125,23514.02734375
332.61273288726807,2,301.2,4489.4375,23514.02734375
333.6219789981842,2,300.8,4560.74609375,23514.02734375
334.6327657699585,2,301.9,4463.6171875,23514.02734375
335.64313983917236,2,301.0,4427.27734375,23514.02734375
336.6532151699066,2,300.2,4391.89453125,23514.02734375
337.6624629497528,2,300.1,4354.06640625,23514.02734375
338.67216777801514,2,299.2,4424.3359375,23514.02734375
339.68162655830383,2,286.2,4351.58984375,23514.02734375
340.6912920475006,2,200.2,4355.16796875,23514.02734375
341.7003276348114,2,202.0,4317.94921875,23514.02734375
342.71022033691406,2,201.1,4307.11328125,23514.02734375
343.7196092605591,2,204.1,4265.6640625,23514.02734375
344.72905802726746,2,204.0,4171.48046875,23514.02734375
345.7389614582062,2,204.1,4049.16796875,23514.02734375
346.74827456474304,2,159.3,3691.4375,23514.02734375
347.7586681842804,2,110.9,3270.421875,23514.02734375
348.7690546512604,2,681.4,3760.92578125,23658.03515625
349.77874088287354,2,108.0,3678.83984375,23754.10546875
350.7880835533142,2,110.8,3619.31640625,23866.12109375
351.79860377311707,2,547.7,3935.29296875,25178.12109375
352.81192660331726,2,1745.5,4816.921875,31322.203125
353.821923494339,2,1754.5,6978.9140625,30810.1953125
354.8324558734894,2,1703.5,4187.3203125,37594.15234375
355.87686371803284,2,3972.4,6506.984375,43762.15234375
356.9011993408203,2,4031.5,6765.03125,43762.15234375
357.91103649139404,2,2642.1,6939.43359375,43762.15234375
358.9178192615509,2,2031.6,5148.01953125,45810.16796875
359.92604660987854,2,2381.5,5187.25390625,43762.15234375
360.9328429698944,2,4453.1,6921.18359375,43762.15234375
361.94284558296204,2,4066.9,7661.12109375,43762.15234375
362.95403385162354,2,3459.6,8023.2578125,43762.15234375
363.9643931388855,2,2961.8,8503.5625,43762.15234375
364.9719316959381,2,3539.6,8451.1640625,43762.15234375
365.97858786582947,2,695.5,3412.1640625,41714.12109375
366.98803758621216,2,4252.0,3315.765625,41714.12109375
368.0080306529999,2,4737.2,3225.4765625,41714.12109375
369.02504682540894,2,4255.5,3295.640625,41714.12109375
370.0426115989685,2,4741.6,3292.23828125,41714.12109375
371.0596261024475,2,3552.9,4682.3125,45810.16796875
372.0677716732025,2,837.1,3204.29296875,41714.12109375
373.074777841568,2,100.3,3126.27734375,41714.12109375
374.08219265937805,2,96.3,3081.16015625,41716.140625
375.0899088382721,2,128.1,3592.0390625,41716.140625
376.09675455093384,2,99.2,3984.046875,41716.140625
377.10444951057434,4,53.6,4293.38671875,41930.53515625
378.112322807312,4,100.2,4526.24609375,42179.33203125
379.1207957267761,4,100.2,4757.59375,42422.44921875
380.12844800949097,4,99.3,4973.1796875,42639.9296875
381.135844707489,4,101.3,5273.0390625,42945.82421875
382.1430423259735,4,99.3,5624.8125,43307.921875
383.1496391296387,4,101.3,5971.82421875,43670.921875
384.1564064025879,4,99.3,6333.32421875,44032.6171875
385.16308760643005,4,100.3,6687.85546875,44393.94140625
386.17033767700195,4,99.1,7050.10546875,44756.296875
387.1793050765991,4,100.1,7414.60546875,45120.5859375
388.1881992816925,4,100.1,7777.60546875,45483.84375
389.1973547935486,4,100.0,8140.60546875,45846.71484375
390.20695543289185,4,100.0,8503.60546875,46209.84375
391.21704721450806,4,99.2,8865.10546875,46573.74609375
392.225594997406,4,100.0,9228.10546875,46936.74609375
393.23513674736023,4,100.0,9591.10546875,47299.6171875
394.24538826942444,4,101.1,9954.10546875,47662.6171875
395.2544527053833,4,99.0,10318.4453125,48026.1328125
396.2640869617462,4,101.0,10681.4453125,48389.390625
397.2740409374237,4,99.0,11044.8203125,48752.390625
398.2842175960541,4,100.2,11407.4453125,49115.26171875
399.29269552230835,4,100.2,11771.1953125,49478.90625
400.3011598587036,4,99.0,12133.8203125,49841.77734375
401.3109257221222,4,101.0,12497.1953125,50205.03515625
402.32073521614075,4,100.0,12860.5703125,50568.29296875
403.33118653297424,4,100.0,13223.5703125,50931.55078125
404.34087467193604,4,99.1,13585.4453125,51293.390625
405.3501715660095,4,100.0,13962.3203125,51654.84375
406.3603799343109,4,100.0,14287.0703125,51979.4296875
407.3706650733948,4,100.0,14381.5703125,52074.17578125
408.3805887699127,4,99.9,14517.3515625,52328.66796875
409.3913571834564,4,99.9,14749.671875,52497.1328125
410.4019718170166,5,0.0,4067.06640625,41842.48828125
411.4118239879608,5,99.9,4530.578125,42481.62109375
412.4230890274048,2,58.4,3232.37890625,42228.15625
413.4334514141083,2,1862.3,4620.90234375,42740.1875
414.4456741809845,2,4134.7,5081.04296875,46836.25
415.4710326194763,2,4746.9,5120.54296875,46836.25
416.4877257347107,2,2909.0,5618.26953125,48884.28125
417.49521803855896,2,100.1,6046.19921875,48884.28125
418.5039978027344,2,99.2,6468.19921875,48884.28125
419.5118589401245,4,33.7,6788.66796875,49212.88671875
420.5203037261963,4,100.1,7127.98828125,49552.046875
421.5289704799652,4,99.3,7480.11328125,49904.21875
422.536349773407,4,100.2,7826.22265625,50250.21875
423.5446925163269,4,100.2,8180.97265625,50605.09765625
424.5528836250305,4,100.3,8522.97265625,50946.95703125
425.5602271556854,4,99.2,8855.59765625,51284.3046875
426.56848764419556,4,99.3,9186.34765625,51615.20703125
427.57561707496643,4,101.2,9568.6875,52005.33984375
428.58323073387146,4,99.2,9842.35546875,52279.62109375
429.5916256904602,4,99.2,10180.60546875,52618.0
430.599490404129,4,100.3,10554.33203125,52997.37109375
431.6067011356354,4,100.0,10941.70703125,53384.60546875
432.6171383857727,4,100.1,11327.58203125,53770.6796875
433.6262516975403,4,100.0,11714.16796875,54157.3984375
434.6360116004944,4,100.0,12101.91796875,54545.40625
435.6463315486908,4,100.1,12497.16796875,54931.09375
436.655237197876,4,100.0,12882.66796875,55316.78125
437.66518449783325,4,100.0,13269.29296875,55703.5
438.6754949092865,4,99.1,13656.66796875,56090.734375
439.68442130088806,4,100.1,14042.91796875,56476.9375
440.6935570240021,4,99.0,14427.61328125,56863.01171875
441.70344400405884,4,101.0,14813.86328125,57249.6015625
442.7131202220917,4,101.0,15199.625,57637.73828125
443.723185300827,4,99.0,15587.0,58025.1015625
444.7333343029022,4,100.0,15974.0,58411.8203125
445.7430477142334,4,101.0,16360.625,58798.66796875
446.75253462791443,4,99.0,16751.375,59185.38671875
447.76229453086853,4,100.1,17138.0,59572.10546875
448.77165603637695,4,100.0,17524.625,59958.82421875
449.7812349796295,4,99.1,17909.75,60343.99609375
450.7903838157654,4,101.1,18296.75,60730.97265625
451.7996838092804,4,99.1,18682.625,61116.66015625
452.80891489982605,4,101.1,19067.375,61501.703125
453.81748056411743,4,99.0,19449.875,61884.0390625
454.82781887054443,4,100.1,19571.375,62005.7265625
455.8372619152069,4,100.0,19571.375,62005.7265625
456.8471975326538,4,99.9,19571.375,62005.7265625
457.8578476905823,4,99.0,19571.375,62005.7265625
458.86823630332947,4,101.0,19833.078125,62465.01171875
459.87779426574707,4,98.9,20185.87890625,62734.58203125
460.88845443725586,4,99.9,20197.87890625,62734.58203125
461.89916133880615,4,100.0,19701.734375,62135.67578125
462.90906524658203,5,0.0,6758.34375,49647.83984375
463.92029666900635,5,98.9,7310.046875,49936.0703125
464.9313359260559,5,100.0,7364.1796875,50135.796875
465.9412109851837,2,63.3,5494.48828125,49589.16015625
466.9519772529602,2,101.1,5515.4921875,49589.16015625
467.9608702659607,2,807.2,6856.265625,49077.12890625
468.97170543670654,2,157.6,6998.53125,49077.12890625
469.98036527633667,2,222.1,7030.61328125,49077.12890625
470.98899388313293,2,781.9,7408.7734375,49077.12890625
471.9993050098419,2,1725.7,11203.2265625,49105.12890625
473.0117287635803,2,4236.0,13385.83203125,49105.12890625
474.0320372581482,2,4636.2,14326.4296875,49105.12890625
475.0565345287323,2,4558.3,14437.88671875,49105.12890625
476.07305669784546,2,3850.4,15412.74609375,49105.12890625
477.1090335845947,2,3901.6,14907.8515625,49105.12890625
478.1190457344055,2,2824.0,15360.73046875,49105.12890625
479.14055037498474,2,1943.8,15207.58203125,49105.12890625
480.14779257774353,2,3428.2,15351.08203125,49105.12890625
481.154727935791,2,962.4,7961.3359375,49105.12890625
482.1625452041626,2,190.7,7982.1015625,49105.12890625
483.16953778266907,2,653.3,7796.84765625,49105.12890625
484.1781826019287,2,1115.8,7500.2890625,49105.12890625
485.1864640712738,2,937.9,10449.83203125,49105.12890625
486.19446325302124,2,4361.0,12973.83984375,49105.12890625
487.2117877006531,2,4631.6,13712.31640625,49105.12890625
488.235392332077,2,4500.6,14433.109375,49105.12890625
489.25297832489014,2,3415.1,14795.9296875,49105.12890625
490.27671480178833,2,4075.9,15227.7109375,49105.12890625
491.2938241958618,2,2127.8,15391.33984375,49105.12890625
492.30003476142883,2,2173.1,15411.05859375,49105.12890625
493.3099420070648,2,3042.3,15503.02734375,49105.12890625
494.3173325061798,2,1288.8,8801.25390625,49329.12890625
495.32521510124207,2,939.3,8108.7265625,49329.12890625
496.33337593078613,2,1343.3,7858.51171875,49329.12890625
497.3413894176483,2,1880.9,10672.44140625,49329.12890625
498.35803604125977,2,4544.1,12316.08203125,49329.12890625
499.37585067749023,2,4512.2,12945.5703125,49329.12890625
500.38803815841675,2,4134.8,13965.9765625,49329.12890625
501.39807653427124,2,4370.1,14733.04296875,49329.12890625
502.4330348968506,2,4349.9,14216.88671875,49329.12890625
503.44003915786743,2,2841.2,14326.7265625,49329.12890625
504.45594453811646,2,2841.3,14296.05859375,49329.12890625
505.46618247032166,2,1660.2,7522.734375,49329.12890625
506.4743103981018,2,1186.1,8500.0234375,49329.12890625
507.4810354709625,2,1620.3,8010.03515625,49329.12890625
508.5049035549164,2,1036.1,8840.640625,49329.12890625
509.52360224723816,2,2947.2,12249.01171875,49329.12890625
510.5317873954773,2,4548.8,12762.43359375,49329.12890625
511.54703879356384,2,4525.5,13869.84375,49329.12890625
512.5540750026703,2,3948.5,14804.21484375,49329.12890625
513.5895302295685,2,4701.2,14543.89453125,49329.12890625
514.619044303894,2,3517.6,14378.65234375,49329.12890625
515.6263360977173,2,2505.9,14306.359375,49329.12890625
516.6336052417755,2,3135.8,14431.046875,49329.12890625
517.6419615745544,2,1178.3,8512.3046875,49329.12890625
518.6493165493011,2,929.9,8194.6015625,49329.12890625
519.6569964885712,2,1136.0,8067.73046875,49329.12890625
520.6640429496765,2,1317.9,10456.61328125,49329.12890625
521.6750371456146,2,4510.3,12333.30078125,49329.12890625
522.6920456886292,2,4640.5,13639.9921875,49329.12890625
523.7085874080658,2,4354.3,13975.12109375,49329.12890625
524.7160868644714,2,4120.2,14645.51171875,49329.12890625
525.7460391521454,2,4422.3,13991.21484375,49329.12890625
526.7568905353546,2,2918.2,14362.37109375,49329.12890625
527.7670347690582,2,2719.1,14357.46484375,49329.12890625
528.7807476520538,2,2375.2,7463.14453125,49841.13671875
529.7889161109924,2,1162.0,8546.5859375,49329.12890625
530.795844078064,2,1073.1,8062.83203125,49329.12890625
531.8023250102997,2,1214.1,7914.0390625,49329.12890625
532.8100860118866,2,2249.6,11551.734375,49329.12890625
533.8310387134552,2,4560.4,12460.046875,49329.12890625
534.8479759693146,2,4530.0,13135.109375,49329.12890625
535.8611733913422,2,4106.7,14321.125,49329.12890625
536.8720676898956,2,4245.7,15016.6953125,49329.12890625
537.9127194881439,2,4433.2,14313.47265625,49329.12890625
538.9230456352234,2,2839.5,14667.875,49329.12890625
539.9430360794067,2,2673.2,14644.9375,49329.12890625
540.9532694816589,2,2459.7,7436.44921875,49841.13671875
541.9613196849823,2,1172.1,8720.02734375,49585.12890625
542.9688999652863,2,995.5,8205.56640625,49585.12890625
543.9775769710541,2,1405.2,8006.9375,49585.12890625
544.9860825538635,2,2035.2,10136.7578125,49585.12890625
546.0010347366333,2,4540.2,11574.515625,49585.12890625
547.016720533371,2,4532.2,12762.82421875,49585.12890625
548.0286197662354,2,4002.2,13657.73046875,49585.12890625
549.0477221012115,2,4446.6,14428.046875,49585.12890625
550.0830368995667,2,4313.9,13883.953125,49585.12890625
551.0944592952728,2,2628.4,13927.94140625,49585.12890625
552.1015014648438,2,3293.8,13824.87109375,49585.12890625
553.1207935810089,2,1034.9,8308.01171875,49585.12890625
554.1284077167511,2,1354.2,8370.28125,49585.12890625
555.1350464820862,2,1615.2,8103.140625,49585.12890625
556.1428790092468,2,1011.9,8415.76171875,49585.12890625
557.1550362110138,2,3329.6,11625.07421875,49585.12890625
558.1720569133759,2,4603.6,12593.0625,49585.12890625
559.1915173530579,2,4479.3,13539.23046875,49585.12890625
560.202052116394,2,3944.7,14382.01953125,49585.12890625
561.2401707172394,2,4547.7,13566.6015625,49585.12890625
562.260039806366,2,3117.7,14034.39453125,49585.12890625
563.2667088508606,2,2595.4,13910.60546875,49585.12890625
564.2744402885437,2,3096.7,13968.3671875,49585.12890625
565.2816445827484,2,1399.3,8633.59765625,49585.12890625
566.2896301746368,2,748.8,8303.07421875,49585.12890625
567.2975709438324,2,1163.6,8152.45703125,49585.12890625
568.3048651218414,2,1608.4,10049.74609375,49585.12890625
569.3160343170166,2,4502.1,11631.91796875,49585.12890625
570.3340451717377,2,4545.0,12591.16796875,49585.12890625
571.3471539020538,2,4167.1,13721.67578125,49585.12890625
572.3580541610718,2,4159.9,14500.77734375,49585.12890625
573.3986132144928,2,4527.0,13794.6875,49585.12890625
574.4161093235016,2,2815.9,14068.0625,49585.12890625
575.4360349178314,2,2817.7,14015.73828125,49585.12890625
576.4462027549744,2,2077.7,7235.67578125,49585.12890625
577.4540967941284,2,1427.5,9010.7265625,49585.12890625
578.462140083313,2,985.8,8285.0703125,49585.12890625
579.4684307575226,2,1327.5,8049.15234375,49585.12890625
580.477091550827,2,1826.8,10875.7265625,49585.12890625
581.4970347881317,2,4502.1,12554.0546875,49585.12890625
582.5148780345917,2,4574.9,13237.5234375,49585.12890625
583.5260419845581,2,4247.4,14203.51953125,49585.12890625
584.5404107570648,2,4131.6,14234.48828125,49585.12890625
585.5518136024475,2,4454.8,14228.765625,49585.12890625
586.563040971756,2,2964.7,14595.96484375,49585.12890625
587.5833878517151,2,2605.3,14532.72265625,49585.12890625
588.593245267868,2,2794.7,14575.7578125,49585.12890625
589.6008429527283,2,1494.7,8817.4453125,49585.12890625
590.6089923381805,2,884.2,7834.3125,49585.12890625
591.615620136261,2,1421.2,10005.76171875,49585.12890625
592.6240615844727,2,3632.0,13085.71484375,49585.12890625
593.6573209762573,2,4596.8,13690.234375,49585.12890625
594.6763107776642,2,4551.5,13289.12109375,49585.12890625
595.6890385150909,2,4189.4,14515.62890625,49585.12890625
596.6980652809143,2,4334.1,15519.3359375,49585.12890625
597.7387802600861,2,4636.5,15437.74609375,49585.12890625
598.7741589546204,2,4452.5,14660.5234375,49585.12890625
599.7850461006165,2,2929.2,15050.2578125,49585.12890625
600.8030421733856,2,2808.3,15124.578125,49585.12890625
601.8192758560181,2,2276.8,7617.39453125,50097.13671875
602.8261561393738,2,1791.4,8120.56640625,49585.12890625
603.8360946178436,2,3015.1,12518.4609375,49585.12890625
604.8710358142853,2,4582.7,13031.09375,49585.12890625
605.8900346755981,2,4105.7,12668.74609375,49585.12890625
606.9080717563629,2,4302.6,13541.55078125,49585.12890625
607.9489829540253,2,4683.7,13427.6796875,49585.12890625
608.9893181324005,2,4425.0,12922.734375,49585.12890625
609.9992127418518,2,2776.3,13121.828125,49585.12890625
611.0062665939331,2,2433.9,13431.1640625,49585.12890625
612.0131387710571,2,1568.9,7511.01953125,49585.12890625
613.0230801105499,2,2525.4,12264.93359375,49585.12890625
614.0590336322784,2,4534.9,12838.37109375,49585.12890625
615.0770363807678,2,4539.0,12448.859375,49585.12890625
616.0950789451599,2,4238.9,13448.078125,49585.12890625
617.1310832500458,2,4652.6,13436.8359375,49585.12890625
618.1670532226562,2,4578.7,12751.12109375,49585.12890625
619.1800503730774,2,2956.7,13149.98046875,49585.12890625
620.2003481388092,2,2666.0,13414.86328125,49585.12890625
621.2070543766022,2,307.6,7198.66015625,49585.12890625
622.2160336971283,2,1469.6,7821.8046875,49585.12890625
623.2238092422485,2,801.2,7415.09375,49585.12890625
624.2321701049805,2,2593.9,9210.96484375,49585.12890625
625.2440361976624,2,4448.1,10819.26953125,49585.12890625
626.262035369873,2,4590.2,12392.24609375,49585.12890625
627.2727644443512,2,4129.0,13235.17578125,49585.12890625
628.2877197265625,2,4410.4,13811.2265625,49585.12890625
629.3002099990845,2,3340.1,13820.2109375,49585.12890625
630.306033372879,2,2399.8,13662.25390625,49585.12890625
631.3132674694061,2,3112.8,13796.4375,49585.12890625
632.3252515792847,2,370.0,7570.2265625,49585.12890625
633.333242893219,2,1452.4,8489.265625,49585.12890625
634.3398921489716,2,861.5,7862.72265625,49585.12890625
635.3544776439667,2,2931.9,9593.28515625,49585.12890625
636.3651375770569,2,4457.8,10967.59375,49585.12890625
637.3833515644073,2,4615.7,12824.34375,49609.12890625
638.3920924663544,2,4217.6,13119.44921875,49609.12890625
639.4105746746063,2,4087.6,13113.9609375,49609.12890625
640.4179065227509,2,3150.8,13498.09375,49609.12890625
641.4277191162109,2,2613.3,13452.6328125,49609.12890625
642.4388756752014,2,2430.4,7701.80859375,50121.13671875
643.4473369121552,2,1508.2,9306.8125,49609.12890625
644.4544899463654,2,598.1,8177.15625,50121.16015625
645.4643986225128,2,1321.2,7870.29296875,49609.12890625
646.4717764854431,2,2860.5,9445.0703125,49609.12890625
647.4860455989838,2,4433.4,10821.7421875,49609.12890625
648.50679063797,2,4588.5,11946.390625,49609.12890625
649.5190398693085,2,4174.1,12973.19921875,49609.12890625
650.5276334285736,2,3744.4,13093.39453125,49609.12890625
651.5377080440521,2,3182.5,13584.21875,49609.12890625
652.5470361709595,2,2154.3,13561.43359375,49609.12890625
653.5567333698273,2,3251.5,13646.27734375,49609.12890625
654.5632653236389,2,1288.1,8747.71875,49609.12890625
655.5741128921509,2,955.1,8150.26953125,49609.12890625
656.5823180675507,2,1039.5,7951.7265625,49609.12890625
657.5895380973816,2,2544.3,8070.52734375,49609.12890625
658.5972366333008,2,3229.6,11027.984375,49609.12890625
659.6148114204407,2,4451.1,12324.4921875,49609.12890625
660.6381952762604,2,4413.3,12921.74609375,49609.12890625
661.6500382423401,2,4361.3,14714.43359375,49609.12890625
662.6668286323547,2,3751.5,14974.9921875,49609.12890625
663.6734988689423,2,3836.7,15210.2421875,49609.12890625
664.6870393753052,2,2823.9,16026.36328125,49609.12890625
665.7072701454163,2,2051.6,16048.8203125,49609.12890625
666.7171850204468,2,3908.7,16296.83984375,49609.12890625
667.7248883247375,2,649.8,7115.47265625,49929.12890625
668.7327964305878,2,1539.0,9284.11328125,49929.12890625
669.7406024932861,2,577.6,8132.9375,49929.12890625
670.7500984668732,2,1385.0,7903.015625,49929.12890625
671.757232427597,2,2304.7,9056.546875,49929.12890625
672.7660355567932,2,4305.1,11017.8046875,49929.12890625
673.7840416431427,2,4594.9,13383.640625,49929.12890625
674.8109452724457,2,4347.8,14186.52734375,49929.12890625
675.8185846805573,2,4135.8,14734.19921875,49929.12890625
676.8290436267853,2,3495.2,14934.73046875,49929.12890625
677.8510391712189,2,3632.0,15980.828125,49929.12890625
678.8585343360901,2,2146.9,15826.93359375,49929.12890625
679.8676583766937,2,3059.2,15926.87109375,49929.12890625
680.8785841464996,2,1851.6,16203.44140625,49929.12890625
681.8860332965851,2,1254.6,8999.16796875,49929.12890625
682.9028325080872,2,904.8,8284.41796875,49929.12890625
683.9108028411865,2,948.5,8021.01171875,49929.12890625
684.9186100959778,2,1946.8,7882.82421875,49929.12890625
685.9797179698944,2,3562.4,10396.3984375,49929.12890625
686.9944875240326,2,4573.6,12514.75,49929.12890625
688.0140335559845,2,4462.0,13078.5078125,49929.12890625
689.0318517684937,2,3982.9,13299.578125,49929.12890625
690.0398278236389,2,3856.3,13844.015625,49929.12890625
691.0480365753174,2,2265.2,13903.33203125,49929.12890625
692.0564045906067,2,3361.5,13893.671875,49929.12890625
693.0664255619049,2,965.9,8433.7734375,49929.12890625
694.0747036933899,2,1632.1,8480.6015625,49929.12890625
695.0855605602264,2,1040.3,8291.28125,49929.12890625
696.0930478572845,2,2590.1,8106.41796875,49929.12890625
697.1346426010132,2,3510.4,10722.3125,49929.12890625
698.1517653465271,2,4532.5,12660.703125,49929.12890625
699.1754357814789,2,4546.7,13139.1328125,49929.12890625
700.1929819583893,2,3928.4,14355.0625,49929.12890625
701.2320220470428,2,3813.0,13822.3984375,49929.12890625
702.2420387268066,2,2872.4,14275.08984375,49929.12890625
703.253657579422,2,1902.0,14255.12890625,49929.12890625
704.2637367248535,2,3443.0,14393.8046875,49929.12890625
705.2710366249084,2,1324.5,8656.31640625,49929.12890625
706.2879917621613,2,1014.0,8219.13671875,49929.12890625
707.2960376739502,2,871.7,8009.53515625,49929.12890625
708.3168253898621,2,771.5,7855.3515625,49929.12890625
709.3261296749115,2,3487.8,9589.4765625,49929.12890625
710.3380427360535,2,4515.9,11208.2578125,49929.12890625
711.3600645065308,2,4475.6,11697.46875,49929.12890625
712.3730447292328,2,4341.8,12930.93359375,49929.12890625
713.3832080364227,2,3480.9,13210.625,49929.12890625
714.3971672058105,2,2725.2,13812.984375,49929.12890625
715.4098908901215,2,2341.5,13893.84765625,49929.12890625
716.4204387664795,2,2546.8,7228.0234375,50441.13671875
717.4273905754089,2,1504.4,9218.87109375,49929.12890625
718.4357435703278,2,868.2,8075.46875,49929.12890625
719.4435431957245,2,761.5,7951.9921875,49929.12890625
720.4510369300842,2,1678.2,7764.28515625,49929.12890625
721.5080378055573,2,3713.5,10007.859375,49929.12890625
722.5260417461395,2,4604.6,12248.5546875,49929.12890625
723.546037197113,2,4536.5,12782.0703125,49929.12890625
724.5640456676483,2,3772.5,13080.9765625,49929.12890625
725.5830354690552,2,4088.2,13608.19921875,49929.12890625
726.5960369110107,2,1883.4,13714.84765625,49929.12890625
727.6117651462555,2,3157.3,13795.78125,49929.12890625
728.6215903759003,2,1052.6,7849.0234375,49929.12890625
729.6294033527374,2,1607.6,8214.87109375,49929.12890625
730.6372141838074,2,891.1,8038.48046875,49929.12890625
731.644819021225,2,963.4,7899.27734375,49929.12890625
732.6548550128937,2,2636.2,8880.29296875,49929.12890625
733.6640331745148,2,4397.2,10513.55078125,49961.12890625
734.6830756664276,2,4674.2,12585.10546875,49961.12890625
735.7050387859344,2,4450.0,13049.00390625,49961.12890625
736.7220425605774,2,3320.5,13332.203125,49961.12890625
737.736469745636,2,3715.4,14091.8125,49961.12890625
738.7448847293854,2,1905.0,14083.9609375,49961.12890625
739.7550446987152,2,3530.7,14073.984375,49961.12890625
740.7733700275421,2,725.7,8090.2578125,49961.12890625
741.7805213928223,2,1612.3,8315.36328125,49961.12890625
742.7874352931976,2,909.7,8189.16015625,49961.12890625
743.7951431274414,2,1332.4,8005.875,49961.12890625
744.8075649738312,2,3616.0,10431.1875,49961.12890625
745.8250436782837,2,4530.5,11759.2578125,49961.12890625
746.8450384140015,2,4423.2,12863.34765625,49961.12890625
747.8630781173706,2,3995.1,13443.90625,49961.12890625
748.8863732814789,2,3866.8,13485.29296875,49961.12890625
749.895489692688,2,2616.3,13724.609375,49961.12890625
750.902571439743,2,2776.4,13661.0390625,49961.12890625
751.912570476532,2,1970.0,7625.54296875,49961.12890625
752.9205691814423,2,1572.1,9470.6875,49961.12890625
753.9281229972839,2,631.8,8293.04296875,49961.12890625
754.936329126358,2,1296.8,8033.73828125,49961.12890625
755.9458246231079,2,2494.1,9460.8671875,49961.12890625
756.9558260440826,2,4411.5,10848.39453125,49961.12890625
757.9659066200256,2,4605.1,12033.48046875,49961.12890625
758.9797546863556,2,4263.2,13336.71484375,49961.12890625
759.9901523590088,2,3708.4,13511.6640625,49961.12890625
761.0009498596191,2,3306.3,14055.94140625,49961.12890625
762.009824514389,2,2320.4,13936.890625,49961.12890625
763.0178158283234,2,3311.2,13968.6796875,49961.12890625
764.0270538330078,2,1262.4,9147.69921875,49961.12890625
765.0439147949219,2,944.8,8428.11328125,49961.12890625
766.0502967834473,2,929.6,8237.73046875,49961.12890625
767.0582857131958,2,1977.2,8077.5703125,49961.12890625
768.1100392341614,2,3440.9,10793.4609375,49961.12890625
769.1280434131622,2,4556.1,12429.91015625,49961.12890625
770.1480391025543,2,4451.3,13321.78125,49961.12890625
771.164936542511,2,3920.8,13804.203125,49961.12890625
772.1759524345398,2,3954.1,13892.3125,49961.12890625
773.1865832805634,2,2603.3,14196.73828125,49961.12890625
774.1960341930389,2,2608.7,14105.640625,49961.12890625
775.2061946392059,2,2458.9,8142.6640625,50473.13671875
776.2141783237457,2,1589.4,9565.44140625,49961.12890625
777.2220878601074,2,631.1,8441.87109375,49961.12890625
778.2298324108124,2,1248.7,8197.4609375,49961.12890625
779.2373168468475,2,2385.1,8663.31640625,49961.12890625
780.2460358142853,2,3695.2,11408.83203125,49961.12890625
781.2640402317047,2,4537.7,13064.3046875,49961.12890625
782.283463716507,2,4528.3,13437.1328125,49961.12890625
783.2950348854065,2,4351.7,15050.65234375,49961.12890625
784.3130450248718,2,3474.0,15291.92578125,49961.12890625
785.3330376148224,2,4198.8,15757.99609375,49961.12890625
786.342039346695,2,2594.2,16374.02734375,49961.12890625
787.3585181236267,2,1936.0,16065.7421875,49961.12890625
788.365241765976,2,3740.2,16497.125,49961.12890625
789.374525308609,2,646.9,7683.8359375,49961.12890625
790.3823621273041,2,1606.9,9556.53125,50345.12890625
791.3905296325684,2,709.9,8421.8203125,50345.12890625
792.3980340957642,2,1143.5,8167.48828125,50345.12890625
793.4396967887878,2,2332.3,8198.37890625,50345.12890625
794.4490375518799,2,3573.8,10679.51953125,50345.12890625
795.4667139053345,2,4596.0,13257.65625,50345.12890625
796.4810445308685,2,4454.4,13588.3984375,50345.12890625
797.4900898933411,2,3999.3,13922.6171875,50345.12890625
798.5150375366211,2,3891.8,14239.0078125,50345.12890625
799.5244731903076,2,2302.2,14323.5234375,50345.12890625
800.5308277606964,2,3190.7,14240.4140625,50345.12890625
801.5410301685333,2,1312.6,8383.328125,50345.12890625
802.5473630428314,2,1643.2,9290.05859375,50345.12890625
803.5557315349579,2,664.9,8468.62890625,50345.12890625
804.563467502594,2,1171.6,8290.734375,50345.12890625
805.5715420246124,2,2357.9,9640.2734375,50345.12890625
806.5827467441559,2,4439.0,10942.203125,50345.12890625
807.5956871509552,2,4648.6,12376.00390625,50345.12890625
808.6087491512299,2,4242.3,13655.56640625,50345.12890625
809.6210432052612,2,3726.1,13755.80859375,50345.12890625
810.6396470069885,2,3265.0,14293.80859375,50345.12890625
811.6468389034271,2,2304.5,14025.8515625,50345.12890625
812.654426574707,2,3393.6,14128.76953125,50345.12890625
813.6620354652405,2,1180.7,9144.43359375,50345.12890625
814.6768183708191,2,1089.5,8611.9375,50345.12890625
815.6864895820618,2,1063.8,8429.3046875,50345.12890625
816.6940364837646,2,1799.7,8230.88671875,50345.12890625
817.7460377216339,2,3334.7,11381.01171875,50345.12890625
818.7640428543091,2,4479.1,12164.8125,50345.12890625
819.7871580123901,2,4554.4,13608.53515625,50345.12890625
820.8000395298004,2,4276.7,14916.52734375,50345.12890625
821.8160834312439,2,4041.0,15891.38671875,50345.12890625
822.852037191391,2,3819.6,15312.93359375,50345.12890625
823.8680441379547,2,2816.3,16300.30078125,50345.12890625
824.8875362873077,2,2212.2,16203.6875,50345.12890625
825.8941779136658,2,3655.0,16323.21484375,50345.12890625
826.9044306278229,2,958.7,8176.37109375,50345.12890625
827.9129648208618,2,1621.8,8781.03125,50345.12890625
828.9186353683472,2,419.3,8351.09765625,50345.12890625
829.9250321388245,2,852.7,8153.31640625,50345.12890625
830.9670388698578,2,1772.0,7961.96875,50345.12890625
831.9974503517151,2,3575.1,10527.01953125,50345.12890625
833.008859872818,2,4569.5,12730.73828125,50345.12890625
834.0323638916016,2,4452.7,13283.53515625,50345.12890625
835.0490458011627,2,3707.7,13612.38671875,50345.12890625
836.073792219162,2,3485.2,14199.92578125,50345.12890625
837.0795454978943,2,2282.6,14069.90625,50345.12890625
838.0890603065491,2,3522.3,14131.3203125,50345.12890625
839.0980911254883,2,1263.5,9484.38671875,50345.12890625
840.1064560413361,2,966.5,8894.90234375,50345.12890625
841.114205121994,2,1119.7,8729.61328125,50345.12890625
842.1225554943085,2,2372.3,11280.46484375,50345.12890625
843.1550369262695,2,4495.0,12068.34375,50345.12890625
844.1729900836945,2,4564.4,13345.2578125,50345.12890625
845.1837978363037,2,4025.0,14506.48828125,50345.12890625
846.1910784244537,2,4671.6,15013.14453125,50345.12890625
847.2314512729645,2,3912.2,14647.47265625,50345.12890625
848.2387828826904,2,2480.3,14679.59375,50345.12890625
849.2467083930969,2,3358.4,14598.51171875,50345.12890625
850.2550354003906,2,1033.4,9338.109375,50345.12890625
851.2717962265015,2,1510.5,8856.24609375,50345.12890625
852.2800793647766,2,1327.2,9319.96875,50345.12890625
853.2989294528961,2,2725.7,13223.0546875,50345.12890625
854.3340351581573,2,4532.0,14262.421875,50345.12890625
855.3510401248932,2,4633.5,15569.8125,50345.12890625
856.3730392456055,2,4494.4,15005.94140625,50345.12890625
857.3920786380768,2,4193.2,15876.72265625,50345.12890625
858.4280831813812,2,4659.3,15813.26171875,50345.12890625
859.4636251926422,2,4378.3,15038.25,50345.12890625
860.4830479621887,2,3097.6,15445.8671875,50345.12890625
861.5048146247864,2,2774.5,15398.98828125,50345.12890625
862.5153484344482,2,2826.2,15662.0078125,50345.12890625
863.5219449996948,2,1715.4,9000.28125,50345.12890625
864.5275628566742,2,783.0,8547.75390625,50345.12890625
865.5390923023224,2,1859.7,9519.12890625,50345.12890625
866.548038482666,2,3691.2,12408.828125,50345.12890625
867.5600452423096,2,4614.6,13469.93359375,50345.12890625
868.580314874649,2,4419.0,14567.0703125,50369.12890625
869.5870847702026,2,4134.8,15409.0,50369.12890625
870.6216645240784,2,4283.3,14596.06640625,50369.12890625
871.6289954185486,2,3320.5,15106.4375,50369.12890625
872.6351537704468,2,2538.3,14847.609375,50369.12890625
873.6417555809021,2,3146.3,14904.6953125,50369.12890625
874.6516246795654,2,1524.5,9012.4921875,50369.12890625
875.6603772640228,2,959.9,8511.20703125,50369.12890625
876.6687788963318,2,1635.8,9584.15625,50369.12890625
877.6770384311676,2,3886.5,12029.7109375,50369.12890625
878.694860458374,2,4641.5,13670.33203125,50369.12890625
879.7110452651978,2,4226.1,13769.75,50369.12890625
880.7204902172089,2,4455.4,14500.890625,50369.12890625
881.7555963993073,2,4082.6,14042.55078125,50369.12890625
882.7728037834167,2,2694.6,14214.80078125,50369.12890625
883.7800331115723,2,3274.4,14093.828125,50369.12890625
884.7899127006531,2,828.3,9097.0625,50369.12890625
885.7991111278534,2,1697.9,8751.734375,50369.12890625
886.8056175708771,2,1192.5,8502.42578125,50369.12890625
887.8127903938293,2,3077.9,11476.2578125,50369.12890625
888.8300347328186,2,4480.3,12608.11328125,50369.12890625
889.8510417938232,2,4594.3,13887.33203125,50369.12890625
890.8633832931519,2,4038.9,15198.79296875,50369.12890625
891.8990762233734,2,4717.9,15009.64453125,50369.12890625
892.9345760345459,2,3560.1,14830.671875,50369.12890625
893.9419894218445,2,2498.9,14616.25390625,50369.12890625
894.9488430023193,2,3383.3,14654.65234375,50369.12890625
895.9570360183716,2,1125.8,9397.57421875,50369.12890625
896.9738214015961,2,1348.6,8910.015625,50369.12890625
897.983035326004,2,1503.5,9275.48046875,50369.12890625
899.0071520805359,2,2676.1,13601.7890625,50369.12890625
900.0210332870483,2,4562.0,14334.05078125,50369.12890625
901.0380413532257,2,4665.0,15743.5703125,50369.12890625
902.0580446720123,2,4507.2,15084.62109375,50369.12890625
903.0780773162842,2,4222.5,15938.8359375,50369.12890625
904.118771314621,2,4656.3,15913.8828125,50369.12890625
905.1588988304138,2,4424.4,15093.0,50369.12890625
906.1670551300049,2,3086.5,15618.046875,50369.12890625
907.1857597827911,2,2745.5,15542.609375,50369.12890625
908.1924080848694,2,2803.8,15826.125,50369.12890625
909.200692653656,2,1675.8,9198.91015625,50369.12890625
910.2100381851196,2,961.4,8653.4296875,50369.12890625
911.2276442050934,2,1453.3,10942.07421875,50369.12890625
912.2370417118073,2,3882.9,13705.2265625,50369.12890625
913.2480435371399,2,4610.4,14326.40625,50369.12890625
914.2634317874908,2,4473.9,13946.515625,50369.12890625
915.278077840805,2,4290.3,15273.5,50369.12890625
916.2990832328796,2,4518.1,16066.10546875,50369.12890625
917.3350811004639,2,4673.3,16033.625,50369.12890625
918.3704442977905,2,4210.0,15318.953125,50369.12890625
919.3810358047485,2,2944.6,15736.1328125,50369.12890625
920.4001519680023,2,2986.4,15797.0390625,50369.12890625
921.4110374450684,2,2030.6,8053.21484375,50369.12890625
922.4240334033966,2,2221.0,7963.0625,50369.12890625
923.4357802867889,2,2365.8,8727.6953125,50369.12890625
924.4420478343964,2,1731.4,7778.25,52224.296875
925.4492588043213,2,926.7,8464.3984375,50176.28125
926.456152677536,2,2640.1,9993.2109375,50176.28125
927.4690346717834,2,4315.5,11479.9140625,50176.28125
928.4868261814117,2,4595.6,16802.421875,57344.28125
929.5120432376862,2,4296.1,15151.5546875,57384.28125
930.5248804092407,2,3986.5,15419.76171875,57384.28125
931.5340456962585,2,3403.5,15728.9140625,57384.28125
932.5550346374512,2,3588.3,16482.99609375,57384.28125
933.5621657371521,2,1753.3,16922.91796875,57384.28125
934.5705804824829,2,1620.3,16794.70703125,57384.28125
935.5796940326691,2,3988.4,17197.48828125,57384.28125
936.5870368480682,2,660.4,8638.20703125,59432.296875
937.5987174510956,2,920.9,8974.84765625,57384.28125
938.6063306331635,2,2858.7,9660.3828125,57384.28125
939.6140351295471,2,3511.8,12939.4140625,57384.28125
940.6315777301788,2,4488.4,13979.21875,57384.28125
941.6510422229767,2,4634.7,18565.34375,65576.28125
942.671707868576,2,4598.9,18112.2578125,65576.28125
943.6900646686554,2,4431.3,18683.0078125,65576.28125
944.7022109031677,2,4367.6,19065.921875,65576.28125
945.7201457023621,2,3480.8,19310.50390625,65576.28125
946.7450511455536,2,3438.9,19630.88671875,65576.28125
947.7697477340698,2,4063.0,20207.31640625,65576.28125
948.7796587944031,2,2704.4,21063.24609375,65576.28125
949.7855894565582,2,1561.4,21023.90234375,65576.28125
950.7918140888214,2,1677.9,21045.3984375,65576.28125
951.8010466098785,2,3436.1,21270.953125,65576.28125
952.8317787647247,2,2639.2,21505.2578125,65576.28125
953.8406348228455,2,567.9,7950.35546875,65576.28125
954.872034072876,2,1953.5,8813.76953125,65576.28125
955.9081740379333,2,3228.6,11678.18359375,65576.28125
956.9240386486053,2,4352.7,12804.109375,65576.28125
957.9420490264893,2,4632.7,17325.95703125,65576.28125
958.9620478153229,2,4564.5,19015.17578125,65576.28125
959.9780440330505,2,4437.9,18165.41796875,65576.28125
960.9910373687744,2,4314.2,18567.46875,65576.28125
962.0088365077972,2,3577.8,18767.2421875,65576.28125
963.01704621315,2,3632.5,19071.1640625,65576.28125
964.0417642593384,2,4149.4,19830.7421875,65576.28125
965.0537533760071,2,1935.7,20257.5390625,65576.28125
966.0616307258606,2,1748.6,20294.5390625,65576.28125
967.0700364112854,2,2171.4,20347.78125,65576.28125
968.0877120494843,2,3931.3,20608.796875,65576.28125
969.0949313640594,2,640.0,8778.77734375,67624.296875
970.1027145385742,2,978.6,8724.30078125,65576.28125
971.1121501922607,2,2822.0,10684.7421875,65576.28125
972.1228585243225,2,4432.8,12587.98046875,65576.28125
973.1293113231659,2,4522.8,15801.67578125,65576.28125
974.1490404605865,2,4661.8,20699.015625,65576.28125
975.1710617542267,2,4431.4,17244.9296875,65576.28125
976.1950430870056,2,4447.4,18406.6328125,65576.28125
977.2150497436523,2,3687.3,18789.9453125,65576.28125
978.2238612174988,2,3801.4,18870.9296875,65576.28125
979.2328917980194,2,3791.2,19464.49609375,65576.28125
980.2464280128479,2,2860.1,20515.69140625,65576.28125
981.2575905323029,2,1599.6,20346.515625,65576.28125
982.265469789505,2,1630.9,20258.1015625,65576.28125
983.2730400562286,2,4127.2,20506.140625,65576.28125
984.2831540107727,2,1591.4,20761.125,65576.28125
985.2909049987793,2,827.9,8457.68359375,65576.28125
986.2983610630035,2,2631.9,8923.56640625,65576.28125
987.3059270381927,2,3277.1,12308.6171875,65576.28125
988.3140597343445,2,4345.8,13520.6953125,65576.28125
989.3383591175079,2,4661.7,18539.9765625,65576.28125
990.3577530384064,2,4363.4,15363.95703125,65576.28125
991.3780376911163,2,4419.8,18447.6953125,65576.28125
992.395033121109,2,4501.7,18597.453125,65576.28125
993.4130506515503,2,3188.7,18952.56640625,65576.28125
994.4380357265472,2,3692.5,19072.33203125,65576.28125
995.4518985748291,2,4043.6,20173.99609375,65576.28125
996.4583170413971,2,1646.3,20238.8046875,65576.28125
997.4654276371002,2,1751.2,20182.1171875,65576.28125
998.4740397930145,2,2797.9,20319.0625,65576.28125
999.4872853755951,2,2960.8,20588.63671875,65576.28125
1000.4960079193115,2,565.2,7769.34375,65576.28125
1001.5043532848358,2,979.6,9276.30078125,65576.28125
1002.5130326747894,2,3462.6,9554.35546875,65576.28125
1003.5437474250793,2,2756.9,13567.66796875,65576.28125
1004.5550372600555,2,4360.3,14647.17578125,65576.28125
1005.5730440616608,2,4632.4,18083.83984375,65576.28125
1006.5980415344238,2,4632.3,23146.390625,65576.28125
1007.6244678497314,2,4433.2,17136.6875,75864.28125
1008.6440362930298,2,4398.8,20512.6953125,75864.28125
1009.6620399951935,2,4520.4,20690.11328125,75864.28125
1010.6810517311096,2,3339.1,20929.68359375,75864.28125
1011.7004814147949,2,3449.2,21175.48828125,75864.28125
1012.7240347862244,2,3191.5,21370.19921875,75864.28125
1013.7350363731384,2,4026.2,22604.4765625,75864.28125
1014.7424983978271,2,1536.0,22648.78515625,75864.28125
1015.7496445178986,2,1793.4,22568.18359375,75864.28125
1016.7595767974854,2,1604.6,22652.94921875,75864.28125
1017.772043466568,2,4582.6,22781.6171875,75864.28125
1018.7822539806366,2,1067.0,23197.46484375,75864.28125
1019.7896068096161,2,630.5,8777.75,75864.28125
1020.7990384101868,2,1556.1,9611.66796875,75864.28125
1021.8460354804993,2,2809.1,11978.84375,75864.28125
1022.8590350151062,2,4447.5,14461.28515625,75864.28125
1023.8770480155945,2,4475.0,15950.33984375,75864.28125
1024.9020404815674,2,4657.9,20480.8828125,75864.28125
1025.9230418205261,2,4664.7,23185.7421875,75864.28125
1026.9400434494019,2,4241.1,19180.7421875,75864.28125
1027.9520423412323,2,4474.2,20504.9140625,75864.28125
1028.9730477333069,2,3897.8,20852.06640625,75864.28125
1029.9887568950653,2,3133.5,21150.41015625,75864.28125
1031.0080451965332,2,3320.3,21310.09765625,75864.28125
1032.0326128005981,2,3967.5,22112.625,75864.28125
1033.042909860611,2,2538.6,22724.6953125,75864.28125
1034.054750919342,2,1707.3,22695.625,75864.28125
1035.0652167797089,2,1691.9,22647.57421875,75864.28125
1036.074033498764,2,3716.2,22782.578125,75864.28125
1037.0834829807281,2,2501.8,23147.984375,75864.28125
1038.0913319587708,2,518.4,8137.796875,75864.28125
1039.0983753204346,2,947.6,9341.96875,75864.28125
1040.106260061264,2,3421.4,10224.91796875,75864.28125
1041.1147882938385,2,3186.3,13919.93359375,75864.28125
1042.1311836242676,2,4356.4,14715.703125,75864.28125
1043.1490437984467,2,4608.6,18450.97265625,75864.28125
1044.1690456867218,2,4707.9,23681.546875,75864.28125
1045.1888344287872,2,4480.8,17818.36328125,75864.28125
1046.2050323486328,2,4420.8,20545.85546875,75864.28125
1047.2230443954468,2,4510.9,20753.4140625,75864.28125
1048.2430596351624,2,3175.0,20977.2421875,75864.28125
1049.2687385082245,2,3177.5,21014.82421875,75864.28125
1050.2771446704865,2,3469.6,21526.125,75864.28125
1051.2871613502502,2,3816.5,22703.13671875,75864.28125
1052.2958097457886,2,1529.2,22671.125,75864.28125
1053.3040390014648,2,1881.4,22531.33984375,75864.28125
1054.3155674934387,2,2039.4,22766.390625,75864.28125
1055.3321681022644,2,4358.8,22960.28125,75864.28125
1056.3401322364807,2,649.5,8158.890625,77912.296875
1057.3500983715057,2,716.3,9179.546875,75864.28125
1058.3600361347198,2,2289.8,9604.66015625,75864.28125
1059.399918794632,2,2778.8,12917.4609375,75864.28125
1060.4196832180023,2,4400.3,14577.50390625,75864.28125
1061.4367651939392,2,4550.9,16796.44921875,75864.28125
1062.460618019104,2,4665.6,21387.03125,75864.28125
1063.48504281044,2,4648.5,19436.28515625,75864.28125
1064.5100514888763,2,4401.2,20283.76953125,75864.28125
1065.5270388126373,2,4343.1,20623.29296875,75864.28125
1066.5448694229126,2,3452.5,20960.328125,75864.28125
1067.5514419078827,2,3624.7,21142.421875,75864.28125
1068.5624940395355,2,3045.3,21296.07421875,75864.28125
1069.5704817771912,2,4459.4,22281.83984375,75864.28125
1070.5770359039307,2,1922.3,22831.703125,75864.28125
1071.5933330059052,2,1831.1,22644.1640625,75864.28125
1072.601237297058,2,1360.1,22634.76171875,75864.28125
1073.608498096466,2,4232.7,22823.62109375,75864.28125
1074.6199667453766,2,1889.4,23195.7734375,75864.28125
1075.628093957901,2,562.0,8425.98046875,75864.28125
1076.6351284980774,2,934.0,9335.6796875,75864.28125
1077.6437349319458,2,3349.7,10979.5390625,75864.28125
1078.6512916088104,2,3797.4,14242.67578125,75864.28125
1079.6590404510498,2,4400.1,14687.21484375,75864.28125
1080.6790444850922,2,4612.7,19001.27734375,75864.28125
1081.6990406513214,2,4671.2,23988.6171875,75864.28125
1082.7190408706665,2,4439.8,19128.62890625,75864.28125
1083.7449343204498,2,4442.3,20593.43359375,75864.28125
1084.76385140419,2,4499.2,20762.60546875,75864.28125
1085.7850542068481,2,3183.5,21022.6171875,75864.28125
1086.8109381198883,2,3046.4,21329.33984375,75864.28125
1087.8240370750427,2,3976.3,21759.05859375,75864.28125
1088.835857629776,2,3027.8,22724.73828125,75864.28125
1089.841392993927,2,1580.9,22681.0078125,75864.28125
1090.8477878570557,2,1810.3,22673.20703125,75864.28125
1091.8560392856598,2,2650.3,22975.73828125,75864.28125
1092.8660912513733,2,3698.3,23072.65625,75864.28125
1093.8742339611053,2,595.5,9125.63671875,77912.296875
1094.8817415237427,2,886.4,9395.60546875,75864.28125
1095.890034198761,2,2703.0,9671.32421875,75864.28125
1096.926038980484,2,2442.8,13421.88671875,75864.28125
1097.9400389194489,2,3800.4,15704.08203125,75864.28125
1098.957038640976,2,4359.1,16175.4453125,75864.28125
1099.974044084549,2,4606.9,20370.33203125,75864.28125
1100.9981150627136,2,4672.3,25212.8359375,75864.28125
1102.0230422019958,2,4555.9,29735.73046875,75864.28125
1103.0430326461792,2,4071.1,20612.76171875,75864.28125
1104.0620474815369,2,4617.3,24312.28125,75864.28125
1105.0745089054108,2,4303.1,24927.9140625,75864.28125
1106.094036102295,2,4364.0,25350.5,75864.28125
1107.112053155899,2,3593.6,25584.86328125,75864.28125
1108.1280522346497,2,3657.5,25898.3515625,75864.28125
1109.1470293998718,2,3815.3,25882.03125,75864.28125
1110.1563453674316,2,3498.9,26603.6015625,75864.28125
1111.1670336723328,2,3579.7,28084.36328125,75864.28125
1112.1835186481476,2,1605.0,28726.19140625,75864.28125
1113.1940395832062,2,1962.3,28458.4921875,75864.28125
1114.2009177207947,2,1679.3,28483.9453125,75864.28125
1115.2070355415344,2,2843.0,29043.74609375,75864.28125
1116.221037387848,2,4413.7,29304.84765625,75864.28125
1117.2317142486572,2,650.6,29708.33203125,75864.28125
1118.2399897575378,2,635.3,8752.3828125,77912.296875
1119.248037815094,2,1220.0,8826.94921875,75864.28125
1120.2980375289917,2,3491.2,11416.03125,75864.28125
1121.3160457611084,2,4491.3,13788.61328125,75864.28125
1122.336341381073,2,4555.2,13541.18359375,75864.28125
1123.3479709625244,2,4282.8,15551.69921875,75864.28125
1124.3659868240356,2,3208.9,15847.33203125,75864.28125
1125.3813602924347,2,3784.3,16220.171875,75864.28125
1126.3913786411285,2,2391.3,17099.05859375,75864.28125
1127.400041103363,2,1670.0,17042.78515625,75864.28125
1128.4070258140564,2,3566.3,17204.03125,75864.28125
1129.4209115505219,2,1080.3,17598.53515625,75864.28125
1130.427528142929,2,944.8,8973.98046875,75864.28125
1131.4351830482483,2,2843.2,10927.8671875,75864.28125
1132.4490349292755,2,4325.0,12455.79296875,75864.28125
1133.465972185135,2,4579.6,16728.76171875,75864.28125
1134.4790394306183,2,4246.1,15349.0546875,75864.28125
1135.4970541000366,2,3650.9,15528.96875,75864.28125
1136.5220518112183,2,3263.0,15677.25,75864.28125
1137.5354692935944,2,3441.6,16929.76953125,75864.28125
1138.5433387756348,2,1634.8,16775.5859375,75864.28125
1139.5513489246368,2,2718.8,16955.52734375,75864.28125
1140.5622968673706,2,2172.9,17275.80078125,75864.28125
1141.570439338684,2,614.7,8529.046875,75864.28125
1142.5774688720703,2,911.6,9528.8125,75864.28125
1143.5845437049866,2,3110.0,11398.578125,75864.28125
1144.5927550792694,2,3673.8,14920.859375,75864.28125
1145.6093821525574,2,4118.8,16024.984375,75864.28125
1146.6220452785492,2,4516.6,18502.125,75864.28125
1147.6476011276245,2,4641.5,23208.8671875,75864.28125
1148.6719937324524,2,4665.0,28484.20703125,75864.28125
1149.695611000061,2,4487.5,21076.57421875,75864.28125
1150.709218263626,2,4406.8,23221.47265625,75864.28125
1151.728039264679,2,4274.4,24815.04296875,75864.28125
1152.744920015335,2,4391.3,25124.6953125,75864.28125
1153.7540400028229,2,3769.9,25442.6875,75864.28125
1154.7670440673828,2,3436.4,25848.60546875,75864.28125
1155.7913184165955,2,4169.6,25837.921875,75864.28125
1156.8001058101654,2,3970.2,26358.11328125,75864.28125
1157.8175423145294,2,3847.9,27590.2890625,75864.28125
1158.8260333538055,2,1836.5,28536.9296875,75864.28125
1159.8440408706665,2,1565.4,28518.32421875,75864.28125
1160.8611431121826,2,1915.1,28424.76953125,75864.28125
1161.8710420131683,2,2693.1,28788.6953125,75864.28125
1162.8810377120972,2,4504.1,28989.80859375,75864.28125
1163.8901009559631,2,789.5,29486.46875,75864.28125
1164.8983154296875,2,642.8,8371.16796875,77912.296875
1165.9063694477081,2,872.7,9183.109375,75864.28125
1166.913611650467,2,2841.1,9827.56640625,75864.28125
1167.922037601471,2,3060.6,13736.48828125,75864.28125
1168.9390335083008,2,4347.1,14425.26171875,75864.28125
1169.9570457935333,2,4604.6,18562.66015625,75864.28125
1170.9823710918427,2,4665.9,23860.67578125,75864.28125
1172.000792980194,2,4240.1,19074.52734375,75864.28125
1173.0320460796356,2,4440.5,20267.44140625,75864.28125
1174.051168680191,2,4017.9,20541.33203125,75864.28125
1175.0595047473907,2,3328.0,20792.33984375,75864.28125
1176.080040693283,2,3831.1,20794.25,75864.28125
1177.0920379161835,2,4259.2,21754.828125,75864.28125
1178.1034240722656,2,1723.9,22217.57421875,75864.28125
1179.1121623516083,2,1860.7,22149.06640625,75864.28125
1180.1204495429993,2,1941.1,22182.67578125,75864.28125
1181.130208492279,2,4468.8,22429.89453125,75864.28125
1182.1380593776703,2,643.4,8147.1015625,77912.296875
1183.1450355052948,2,596.9,9330.73828125,75864.28125
1184.1530385017395,2,1033.1,10099.9765625,75864.28125
1185.1969592571259,2,3553.5,11485.86328125,75864.28125
1186.2050426006317,2,3452.4,14967.26171875,75864.28125
1187.217033147812,2,4206.5,16511.84765625,75864.28125
1188.235044002533,2,4464.5,17996.69140625,75864.28125
1189.2594013214111,2,4669.8,22484.21875,75864.28125
1190.2790398597717,2,4667.4,27794.046875,75864.28125
1191.2989737987518,2,4639.3,28882.56640625,88208.28125
1192.313048839569,2,4261.9,22227.3984375,88208.28125
1193.342037677765,2,4291.8,25582.42578125,88208.28125
1194.359825372696,2,4452.4,25746.2734375,88208.28125
1195.3768591880798,2,4484.9,25897.16796875,88208.28125
1196.3960523605347,2,2910.5,26170.98046875,88208.28125
1197.4210481643677,2,3699.4,26525.17578125,88208.28125
1198.4410388469696,2,3781.3,26432.96875,88208.28125
1199.448493719101,2,4172.7,27160.57421875,88208.28125
1200.4582331180573,2,3333.7,28698.59375,88208.28125
1201.4670367240906,2,1561.4,29207.68359375,88208.28125
1202.4840383529663,2,1745.5,29190.51171875,88208.28125
1203.5008907318115,2,1805.9,29037.265625,88208.28125
1204.5100479125977,2,2422.2,29486.39453125,88208.28125
1205.5289568901062,2,4617.2,29453.37890625,88208.28125
1206.5391421318054,2,1085.9,29983.16015625,88208.28125
1207.5464189052582,2,948.3,27615.58203125,88208.28125
1208.5534963607788,2,556.1,9032.14453125,88208.28125
1209.5610382556915,2,1191.1,9873.08984375,88208.28125
1210.6028561592102,2,3150.5,11685.32421875,88208.28125
1211.6120467185974,2,3812.2,15030.2421875,88208.28125
1212.622612953186,2,4139.5,16189.62109375,88208.28125
1213.628868341446,2,4516.2,18351.4453125,88208.28125
1214.6527502536774,2,4666.2,23388.328125,88208.28125
1215.6767032146454,2,4676.5,28810.84765625,88208.28125
1216.7011411190033,2,4380.4,22213.2734375,88208.28125
1217.7180724143982,2,4386.5,23325.71484375,88208.28125
1218.7520360946655,2,4262.2,24997.23828125,88208.28125
1219.7700366973877,2,4437.4,25193.55859375,88208.28125
1220.7867407798767,2,3689.8,25629.1796875,88208.28125
1221.8059237003326,2,3432.5,26043.21875,88208.28125
1222.8309075832367,2,4315.2,25865.515625,88208.28125
1223.839037656784,2,3672.4,26417.4296875,88208.28125
1224.8530354499817,2,4173.2,27729.41796875,88208.28125
1225.8708400726318,2,1718.8,28630.09375,88208.28125
1226.878356218338,2,1653.9,28483.3828125,88208.28125
1227.8876295089722,2,1999.0,28435.59375,88208.28125
1228.8951184749603,2,1798.7,28715.21484375,88208.28125
1229.902036190033,2,4566.8,28867.5390625,88208.28125
1230.9152195453644,2,1525.3,29471.859375,88208.28125
1231.9227299690247,2,845.0,29822.12109375,88208.28125
1232.932341337204,2,602.7,8845.171875,88208.28125
1233.9393982887268,2,841.7,9859.26953125,88208.28125
1234.950386762619,2,3487.1,11326.46484375,88208.28125
1235.9610495567322,2,3577.7,14906.93359375,88208.28125
1236.9810364246368,2,4217.0,16114.25,88208.28125
1237.9880425930023,2,4471.3,18229.62109375,88208.28125
1239.0123550891876,2,4667.7,22924.6953125,88208.28125
1240.0370416641235,2,4673.8,28821.046875,88208.28125
1241.056756734848,2,4527.3,22749.20703125,88208.28125
1242.0820622444153,2,4333.5,23364.9140625,88208.28125
1243.1150360107422,2,4265.6,25022.34375,88208.28125
1244.1328554153442,2,4437.5,25242.58203125,88208.28125
1245.1400418281555,2,3702.7,25620.984375,88208.28125
1246.1560454368591,2,3411.5,26022.55859375,88208.28125
1247.1759004592896,2,4302.3,25890.578125,88208.28125
1248.1835136413574,2,3764.6,26407.96875,88208.28125
1249.1950378417969,2,4167.7,27688.78515625,88208.28125
1250.2108845710754,2,1678.0,28590.48046875,88208.28125
1251.218058347702,2,1760.0,28494.3515625,88208.28125
1252.2259624004364,2,2031.0,28354.765625,88208.28125
1253.234037399292,2,2195.4,28838.46875,88208.28125
1254.2511332035065,2,4649.5,28886.25,88208.28125
1255.2649638652802,2,1048.1,29445.78515625,88208.28125
1256.275351524353,2,768.9,8850.015625,88208.28125
1257.2831933498383,2,654.4,9118.0234375,88208.28125
1258.2910368442535,2,1861.3,9755.4765625,88208.28125
1259.3165788650513,2,2445.6,12627.765625,88208.28125
1260.3274359703064,2,4360.0,15641.83984375,88208.28125
1261.3359365463257,2,4381.4,16196.64453125,88208.28125
1262.3510422706604,2,4612.2,19593.1796875,88208.28125
1263.3718791007996,2,4669.0,24634.30078125,88208.28125
1264.3970494270325,2,4701.5,30133.5546875,88208.28125
1265.417072057724,2,4352.5,20624.3671875,88208.28125
1266.4393587112427,2,4587.3,24136.60546875,88208.28125
1267.4530453681946,2,4322.4,24932.5546875,88208.28125
1268.4730370044708,2,4262.7,25320.328125,88208.28125
1269.489863872528,2,3592.6,25543.484375,88208.28125
1270.515748500824,2,3722.4,25879.16015625,88208.28125
1271.5405585765839,2,3942.2,25867.296875,88208.28125
1272.548271894455,2,4172.6,26611.57421875,88208.28125
1273.5583143234253,2,3248.0,28233.09765625,88208.28125
1274.564938545227,2,1627.3,28365.69140625,88208.28125
1275.5728170871735,2,1675.7,28491.19140625,88208.28125
1276.5800776481628,2,1675.1,28451.1328125,88208.28125
1277.5890409946442,2,3094.0,28859.83203125,88208.28125
1278.6082770824432,2,4312.5,29306.38671875,88208.28125
1279.6142003536224,2,565.3,29628.65625,88208.28125
1280.620770931244,2,604.6,8963.015625,90256.296875
1281.627888917923,2,674.3,9593.37109375,88208.28125
1282.6350367069244,2,1059.4,10271.98046875,88208.28125
1283.7114789485931,2,3825.7,11321.50390625,88208.28125
1284.7190418243408,2,3102.3,15237.1484375,88208.28125
1285.7330362796783,2,4206.3,16935.0546875,88208.28125
1286.7510437965393,2,4507.9,17148.2578125,88208.28125
1287.770144701004,2,4608.9,21794.21875,88208.28125
1288.7900393009186,2,4667.0,26780.52734375,88208.28125
1289.8098533153534,2,4670.5,32117.15625,88208.28125
1290.8290662765503,2,4298.1,21830.10546875,88208.28125
1291.84303855896,2,4609.1,25733.90625,88208.28125
1292.8600447177887,2,4347.9,26183.4375,88208.28125
1293.8794243335724,2,4289.4,26588.66015625,88208.28125
1294.8970401287079,2,3038.2,26933.35546875,88208.28125
1295.9180462360382,2,3141.1,27212.203125,88208.28125
1296.939040184021,2,4357.0,27083.390625,88208.28125
1297.9574151039124,2,3541.0,27486.37109375,88208.28125
1298.9680371284485,2,4262.2,28751.546875,88208.28125
1299.9799468517303,2,2232.4,29784.90234375,88208.28125
1300.9878363609314,2,1737.6,29695.4921875,88208.28125
1301.9955563545227,2,1812.3,29622.390625,88208.28125
1303.003656387329,2,1379.1,29523.703125,88208.28125
1304.0150389671326,2,3336.8,30012.41796875,88208.28125
1305.0340373516083,2,4434.3,30376.24609375,88208.28125
1306.0519309043884,2,674.3,30807.0546875,88208.28125
1307.0603036880493,2,656.3,8598.24609375,90256.296875
1308.069032907486,2,1143.3,8736.08203125,88208.28125
1309.1119139194489,2,3530.4,11295.70703125,88208.28125
1310.1220424175262,2,4486.9,13591.04296875,88208.28125
1311.1417694091797,2,4525.7,13067.390625,88208.28125
1312.1560490131378,2,4314.5,15111.203125,88208.28125
1313.1750421524048,2,3374.3,15401.265625,88208.28125
1314.199241399765,2,3745.8,16183.7734375,88208.28125
1315.206758260727,2,2275.9,16617.89453125,88208.28125
1316.2134058475494,2,1582.3,16640.9765625,88208.28125
1317.219494342804,2,3693.7,17037.17578125,88208.28125
1318.2250859737396,2,602.1,9462.48046875,90256.296875
1319.234036207199,2,1650.2,8866.99609375,88208.28125
1320.26083445549,2,3458.2,11512.3828125,88208.28125
1321.2780456542969,2,4573.1,14209.47265625,88208.28125
1322.297455072403,2,4537.8,13444.4140625,88208.28125
1323.3160355091095,2,4285.8,15168.03515625,88208.28125
1324.3290405273438,2,3196.5,15440.453125,88208.28125
1325.3490364551544,2,3778.9,16151.96484375,88208.28125
1326.3659193515778,2,1998.5,16570.01171875,88208.28125
1327.376036643982,2,1675.3,16734.58203125,88208.28125
1328.385713815689,2,3451.3,16929.98046875,88208.28125
1329.3939127922058,2,610.8,9661.6640625,90256.296875
1330.4023892879486,2,731.2,9850.42578125,88208.28125
1331.409040927887,2,1515.3,10249.078125,88208.28125
1332.4521942138672,2,3192.2,12029.640625,88208.28125
1333.4640445709229,2,3682.2,15233.87890625,88208.28125
1334.4760377407074,2,4126.9,16817.421875,88208.28125
1335.4940388202667,2,4450.3,17164.8359375,88208.28125
1336.506040096283,2,4627.5,22217.37109375,88208.28125
1337.5260412693024,2,4650.7,26888.76953125,88208.28125
1338.5503101348877,2,4656.7,31727.76953125,88208.28125
1339.569821357727,2,4214.8,21815.1484375,88208.28125
1340.5944714546204,2,4582.8,25692.890625,88208.28125
1341.6050417423248,2,4304.5,26142.01953125,88208.28125
1342.6250364780426,2,4303.1,26496.74609375,88208.28125
1343.6430413722992,2,3026.6,26794.71484375,88208.28125
1344.6667740345001,2,3108.6,27137.2734375,88208.28125
1345.6920487880707,2,4435.6,26994.63671875,88208.28125
1346.707149028778,2,3570.0,27475.01953125,88208.28125
1347.7168033123016,2,4224.1,28724.88671875,88208.28125
1348.7230088710785,2,2276.0,29709.75390625,88208.28125
1349.7336328029633,2,1680.4,29636.76171875,88208.28125
1350.7410073280334,2,1946.8,29625.234375,88208.28125
1351.7495017051697,2,1275.5,29577.33984375,88208.28125
1352.7580416202545,2,3590.1,30057.09765625,88208.28125
1353.7682282924652,2,4363.3,30478.2265625,88208.28125
1354.7787466049194,2,530.5,30791.7890625,88208.28125
1355.7870059013367,2,650.2,8698.9140625,90256.296875
1356.7943313121796,2,700.5,9482.49609375,88208.28125
1357.8021948337555,2,1685.8,9898.1640625,88208.28125
1358.8456180095673,2,2635.4,12448.30078125,88208.28125
1359.853179693222,2,4447.9,15357.80078125,88208.28125
1360.872052192688,2,4117.9,16316.95703125,88208.28125
1361.8900434970856,2,4581.9,19840.42578125,88208.28125
1362.9142980575562,2,4694.3,23986.67578125,88208.28125
1363.93825507164,2,4695.5,29473.06640625,88208.28125
1364.9580466747284,2,4324.2,19881.48828125,88208.28125
1365.9696679115295,2,4593.3,23898.55859375,88208.28125
1366.9954068660736,2,4282.3,24897.89453125,88208.28125
1368.0160422325134,2,4397.9,25250.203125,88208.28125
1369.0391776561737,2,3319.1,25586.59765625,88208.28125
1370.0650479793549,2,3317.9,25935.6015625,88208.28125
1371.0900466442108,2,3847.8,25915.3125,88208.28125
1372.109335899353,2,4087.0,26407.6953125,88208.28125
1373.1201331615448,2,3780.8,27648.23046875,88208.28125
1374.1300349235535,2,1831.8,28578.40625,88208.28125
1375.146416425705,2,1512.5,28486.88671875,88208.28125
1376.1545028686523,2,2022.2,28284.05859375,88208.28125
1377.1620388031006,2,2170.0,28991.62109375,88208.28125
1378.179862499237,2,4644.4,28840.39453125,88208.28125
1379.189551115036,2,1003.7,29396.59765625,88208.28125
1380.1998808383942,2,868.8,15248.29296875,88208.28125
1381.2080285549164,2,488.7,9058.09765625,88208.28125
1382.2149724960327,2,843.2,10054.875,88208.28125
1383.22203373909,2,3861.3,10172.65234375,88208.28125
1384.2800707817078,2,2266.8,14282.31640625,88208.28125
1385.295036315918,2,4331.1,16590.23046875,88208.28125
1386.3130486011505,2,4351.9,17058.88671875,88208.28125
1387.3330433368683,2,4600.0,20886.4609375,88208.28125
1388.353038072586,2,4665.7,25458.8515625,88208.28125
1389.3794708251953,2,4699.8,31402.2421875,88208.28125
1390.4025354385376,2,4363.0,20856.8203125,88208.28125
1391.4132604599,2,4606.8,24647.45703125,88208.28125
1392.433044910431,2,4298.6,26209.33984375,88208.28125
1393.4525201320648,2,4329.1,26486.90234375,88208.28125
1394.4646921157837,2,3591.7,26732.80859375,88208.28125
1395.4718990325928,2,3168.6,26880.36328125,88208.28125
1396.4810891151428,2,4041.6,27196.9453125,88208.28125
1397.5057699680328,2,3355.6,27177.1875,88208.28125
1398.5150396823883,2,4383.5,28470.1875,88208.28125
1399.522952079773,2,3151.2,29745.23046875,88208.28125
1400.5310356616974,2,1534.3,29629.15625,88208.28125
1401.5423057079315,2,1639.5,29654.125,88208.28125
1402.5511848926544,2,1683.8,29669.1484375,88208.28125
1403.561048746109,2,2551.7,30104.0234375,88208.28125
1404.579170703888,2,4641.2,30092.9921875,88208.28125
1405.5979568958282,2,1242.1,30581.1015625,88208.28125
1406.6058053970337,2,907.2,30956.71875,88208.28125
1407.6133196353912,2,527.2,8869.0859375,88208.28125
1408.6204299926758,2,812.3,9662.01953125,88208.28125
1409.6274263858795,2,3813.2,10641.078125,88208.28125
1410.6360654830933,2,3040.1,14474.07421875,88208.28125
1411.6520383358002,2,4225.6,16097.92578125,88208.28125
1412.6688351631165,2,4474.4,18016.6484375,88208.28125
1413.6938438415527,2,4670.9,21975.40234375,88208.28125
1414.717648267746,2,4707.1,27560.14453125,88208.28125
1415.741372346878,2,4674.1,22691.1328125,88208.28125
1416.7640480995178,2,4324.8,23209.33203125,88208.28125
1417.7905912399292,2,4273.6,24873.140625,88208.28125
1418.8078200817108,2,4447.4,25093.875,88208.28125
1419.8248174190521,2,3784.5,25446.62890625,88208.28125
1420.8315091133118,2,2855.4,25774.609375,88208.28125
1421.8390498161316,2,4429.8,26011.94140625,88208.28125
1422.8630363941193,2,3472.5,26192.42578125,88208.28125
1423.8728625774384,2,4144.0,27536.83984375,88208.28125
1424.880431175232,2,2316.8,28447.5078125,88208.28125
1425.891788482666,2,1673.9,28362.51953125,88208.28125
1426.8984067440033,2,2040.1,28374.50390625,88208.28125
1427.9066171646118,2,1586.1,28446.48046875,88208.28125
1428.9179623126984,2,4454.4,29048.5234375,88208.28125
1429.9316561222076,2,2023.4,29422.6328125,88208.28125
1430.9392597675323,2,770.6,29762.05859375,88208.28125
1431.9501776695251,2,562.0,8539.046875,88208.28125
1432.9572393894196,2,875.2,9545.625,88208.28125
1433.9638886451721,2,3592.5,10508.03515625,88208.28125
1434.9714722633362,2,3033.2,14392.71484375,88208.28125
1435.9920358657837,2,4225.0,16016.35546875,88208.28125
1437.0100479125977,2,4473.4,17693.3125,88208.28125
1438.0350394248962,2,4665.3,22280.37109375,88208.28125
1439.0672857761383,2,4673.0,27990.08203125,88208.28125
1440.0920531749725,2,4622.0,25259.234375,88208.28125
1441.1160423755646,2,4352.7,23145.8671875,88208.28125
1442.1330349445343,2,4239.5,24762.73828125,88208.28125
1443.1510350704193,2,4463.5,24977.19140625,88208.28125
1444.1683068275452,2,3976.3,25272.57421875,88208.28125
1445.1774299144745,2,3099.1,25640.80859375,88208.28125
1446.186045885086,2,4543.6,25874.484375,88208.28125
1447.2120373249054,2,3366.7,26002.80078125,88208.28125
1448.2221503257751,2,4208.0,27422.84765625,88208.28125
1449.2330434322357,2,2224.4,28279.07421875,88208.28125
1450.242033481598,2,1711.2,28273.078125,88208.28125
1451.2482316493988,2,2078.3,28251.9921875,88208.28125
1452.255345582962,2,1571.5,28508.625,88208.28125
1453.2630393505096,2,4513.0,28750.14453125,88208.28125
1454.2797882556915,2,1872.8,29375.16015625,88208.28125
1455.2883560657501,2,763.4,29707.29296875,88208.28125
1456.2957162857056,2,608.7,8588.08203125,88208.28125
1457.303032875061,2,1189.1,9663.28125,88208.28125
1458.3469216823578,2,2815.3,11934.93359375,88208.28125
1459.3550355434418,2,4413.3,14519.5703125,88208.28125
1460.3728775978088,2,4494.5,15397.0234375,88208.28125
1461.4024288654327,2,4657.1,20195.16015625,88208.28125
1462.42644739151,2,4676.2,25245.671875,88208.28125
1463.446828365326,2,4433.5,19315.09765625,88208.28125
1464.4620435237885,2,4459.1,20664.30859375,88208.28125
1465.4810421466827,2,4083.9,21010.94921875,88208.28125
1466.4890577793121,2,3040.8,21202.38671875,88208.28125
1467.4970397949219,2,3470.0,21405.96875,88208.28125
1468.5220365524292,2,3973.5,22202.921875,88208.28125
1469.539780139923,2,2572.2,22805.8671875,88208.28125
1470.5470407009125,2,1735.9,22713.38671875,88208.28125
1471.5544774532318,2,1691.1,22640.6171875,88208.28125
1472.5630383491516,2,3473.5,22960.69921875,88208.28125
1473.579936504364,2,2724.6,23169.4921875,88208.28125
1474.5861837863922,2,465.7,8083.5703125,88208.28125
1475.593393087387,2,936.8,9662.30859375,88208.28125
1476.6020331382751,2,2925.1,9849.02734375,88208.28125
1477.637298822403,2,2380.5,13580.99609375,88208.28125
1478.6540386676788,2,4350.2,15812.890625,88208.28125
1479.6710438728333,2,4370.7,16279.5546875,88208.28125
1480.6910445690155,2,4620.1,20409.1875,88208.28125
1481.715559720993,2,4706.6,25735.421875,88208.28125
1482.7397983074188,2,4717.8,31603.140625,88208.28125
1483.7633492946625,2,4316.4,20533.15234375,88208.28125
1484.788304567337,2,4379.2,24697.078125,88208.28125
1485.797044992447,2,4554.4,24869.03515625,88208.28125
1486.8170375823975,2,4280.0,25303.8828125,88208.28125
1487.833976984024,2,3146.3,25567.140625,88208.28125
1488.8457062244415,2,3524.6,25877.4609375,88208.28125
1489.870789527893,2,3899.5,25846.4609375,88208.28125
1490.8810408115387,2,4236.8,26629.203125,88208.28125
1491.8929312229156,2,3160.7,28398.1640625,88208.28125
1492.9004862308502,2,1623.8,28485.7265625,88208.28125
1493.9085547924042,2,1741.7,28566.5625,88208.28125
1494.9291031360626,2,1659.8,28497.890625,88208.28125
1495.9452493190765,2,3302.2,28853.95703125,88208.28125
1496.9621648788452,2,3947.6,29277.7265625,88208.28125
1497.9694447517395,2,565.9,29568.35546875,88208.28125
1498.9767310619354,2,611.5,9341.7734375,90256.296875
1499.9840726852417,2,904.9,9543.8203125,88208.28125
1500.992033481598,2,2370.2,9759.0390625,88208.28125
1502.0280725955963,2,2441.9,12715.0078125,88208.28125
1503.0460352897644,2,4309.8,15736.96875,88208.28125
1504.0630385875702,2,4374.1,16211.51171875,88208.28125
1505.081047296524,2,4624.2,20077.4765625,88208.28125
1506.1008059978485,2,4665.3,24865.19921875,88208.28125
1507.1260442733765,2,4628.4,29141.328125,88208.28125
1508.1380467414856,2,4253.4,20447.6796875,88208.28125
1509.1590569019318,2,4612.8,24262.23046875,88208.28125
1510.1763334274292,2,4324.3,24733.98046875,88208.28125
1511.1953732967377,2,4288.5,25147.51953125,88208.28125
1512.206110239029,2,3534.9,25384.1640625,88208.28125
1513.2281875610352,2,3707.3,25751.5,88208.28125
1514.2396357059479,2,3891.2,25726.65234375,88208.28125
1515.2480399608612,2,4282.6,26496.93359375,88208.28125
1516.2585880756378,2,3154.8,28359.21875,88208.28125
1517.26713347435,2,1625.2,28361.33984375,88208.28125
1518.277037858963,2,1815.5,28472.7421875,88208.28125
1519.2935893535614,2,1655.8,28210.17578125,88208.28125
1520.3010420799255,2,3390.2,28909.63671875,88208.28125
1521.3207595348358,2,3836.7,29251.59375,88208.28125
1522.3284831047058,2,559.5,29527.2421875,88208.28125
1523.3364567756653,2,612.2,9525.33203125,90256.296875
1524.344232559204,2,881.4,9677.671875,88208.28125
1525.352035999298,2,1910.5,9972.6484375,88208.28125
1526.3831243515015,2,2388.4,12806.80859375,88208.28125
1527.3901627063751,2,4582.0,15381.27734375,88208.28125
1528.401683807373,2,4176.5,16424.93359375,88208.28125
1529.4081246852875,2,4504.4,19063.84375,88208.28125
1530.4330415725708,2,4665.5,22965.0,88208.28125
1531.4529292583466,2,4667.4,27562.58203125,88208.28125
1532.476886510849,2,4615.4,22309.24609375,88208.28125
1533.4980618953705,2,4337.9,23676.5859375,88208.28125
1534.5206055641174,2,4304.6,25298.921875,88208.28125
1535.5400359630585,2,4406.5,25510.43359375,88208.28125
1536.5580446720123,2,3848.6,25810.8515625,88208.28125
1537.5708241462708,2,3207.5,26183.265625,88208.28125
1538.582053899765,2,4095.4,26418.7734375,88208.28125
1539.6070408821106,2,3306.8,26445.09765625,88208.28125
1540.6180353164673,2,4281.5,27865.50390625,88208.28125
1541.637038230896,2,2808.4,28822.44140625,88208.28125
1542.6520354747772,2,1653.3,28798.1015625,88208.28125
1543.665358543396,2,1816.1,28895.9375,88208.28125
1544.6740367412567,2,1404.1,28785.95703125,88208.28125
1545.6850447654724,2,3634.2,29513.6171875,88208.28125
1546.704354763031,2,3956.2,29816.1484375,88208.28125
1547.712707042694,2,569.7,30089.4609375,88208.28125
1548.7202854156494,2,582.3,9349.29296875,90256.296875
1549.728273153305,2,980.4,8943.6171875,88208.28125
1550.735701084137,2,2870.9,10624.60546875,88208.28125
1551.7462968826294,2,4361.1,12425.43359375,88208.28125
1552.7640445232391,2,4594.0,16343.09375,88208.28125
1553.7840030193329,2,4660.3,16610.2578125,88208.28125
1554.803032875061,2,4295.9,17588.20703125,88208.28125
1555.8198297023773,2,4463.3,17766.3515625,88208.28125
1556.838042497635,2,2737.6,18172.9921875,88208.28125
1557.8600356578827,2,3402.7,18242.19921875,88208.28125
1558.873767375946,2,3902.4,19359.18359375,88208.28125
1559.8807773590088,2,1372.2,19348.265625,88208.28125
1560.8909139633179,2,1626.1,19207.1875,88208.28125
1561.8999330997467,2,3851.3,19370.12109375,88208.28125
1562.91051363945,2,1481.1,19693.0625,88208.28125
1563.9205164909363,2,751.5,8752.9765625,88208.28125
1564.9280381202698,2,2140.5,9464.27734375,88208.28125
1565.9750366210938,2,2842.9,12644.91015625,88208.28125
1566.9870352745056,2,4369.2,14251.98046875,88208.28125
1568.0047900676727,2,4588.7,17231.55859375,88208.28125
1569.0290415287018,2,4661.6,22677.08984375,88208.28125
1570.052080154419,2,4461.5,17031.64453125,88208.28125
1571.0670347213745,2,4430.0,20198.3359375,88208.28125
1572.084043264389,2,4495.3,20400.5234375,88208.28125
1573.103183746338,2,3433.9,20572.94921875,88208.28125
1574.1290457248688,2,3572.6,20841.35546875,88208.28125
1575.1540372371674,2,4137.5,21618.73828125,88208.28125
1576.1708426475525,2,2353.3,22095.375,88208.28125
1577.1820378303528,2,1729.8,22166.8515625,88208.28125
1578.1987512111664,2,1452.8,22065.1640625,88208.28125
1579.2080373764038,2,4171.8,22145.96875,88208.28125
1580.2180507183075,2,1780.3,22559.2578125,88208.28125
1581.2267224788666,2,660.0,8450.8203125,88208.28125
1582.2350451946259,2,1733.6,9448.2421875,88208.28125
1583.2690751552582,2,2860.8,12577.97265625,88208.28125
1584.2860355377197,2,4430.3,14083.9609375,88208.28125
1585.3040409088135,2,4567.3,16815.640625,88208.28125
1586.3240435123444,2,4714.4,22236.984375,88208.28125
1587.3450453281403,2,4460.3,16809.43359375,88208.28125
1588.3610348701477,2,4434.0,19780.5546875,88208.28125
1589.3790385723114,2,4488.2,19973.2890625,88208.28125
1590.3980555534363,2,3238.6,20187.890625,88208.28125
1591.4238703250885,2,3421.4,20481.80859375,88208.28125
1592.4490382671356,2,4223.3,21135.109375,88208.28125
1593.4669651985168,2,2185.8,21803.14453125,88208.28125
1594.476036787033,2,1859.3,21656.05859375,88208.28125
1595.4890351295471,2,1545.5,21897.54296875,88208.28125
1596.5070362091064,2,4574.8,21840.62109375,88208.28125
1597.5174088478088,2,989.8,17914.70703125,88208.28125
1598.5235180854797,2,723.0,8884.96484375,88208.28125
1599.5320360660553,2,2736.2,9407.20703125,88208.28125
1600.5881779193878,2,2901.3,13476.85546875,88208.28125
1601.6080348491669,2,4284.1,14140.9375,88208.28125
1602.626041173935,2,4609.0,17938.0625,88208.28125
1603.6457579135895,2,4669.2,23444.8203125,88208.28125
1604.6697402000427,2,4463.3,18750.49609375,88208.28125
1605.6840476989746,2,4464.2,19846.31640625,88208.28125
1606.7032489776611,2,3887.9,20187.71484375,88208.28125
1607.7120532989502,2,3464.8,20484.04296875,88208.28125
1608.7340469360352,2,3729.8,20545.66015625,88208.28125
1609.749132156372,2,4126.2,21625.29296875,88208.28125
1610.75741147995,2,1649.5,21854.671875,88208.28125
1611.7649664878845,2,1882.3,21736.97265625,88208.28125
1612.7712242603302,2,2246.4,22018.19140625,88208.28125
1613.7920508384705,2,3776.8,22165.60546875,88208.28125
1614.8053505420685,2,614.4,9079.125,90256.296875
1615.8127706050873,2,922.2,9144.6015625,88208.28125
1616.8202798366547,2,2913.0,10072.69921875,88208.28125
1617.828230381012,2,3340.8,13755.625,88208.28125
1618.8400340080261,2,4367.5,14304.11328125,88208.28125
1619.8580462932587,2,4609.6,18767.01953125,88208.28125
1620.88312458992,2,4661.8,23865.171875,88208.28125
1621.9030463695526,2,4426.2,18814.91015625,88208.28125
1622.9280428886414,2,4450.0,20009.0859375,88208.28125
1623.9471468925476,2,3927.4,20290.06640625,88208.28125
1624.954041004181,2,3237.7,20596.1640625,88208.28125
1625.9732100963593,2,3841.2,20601.546875,88208.28125
1626.9830377101898,2,4263.9,21541.5234375,88208.28125
1627.9954454898834,2,1731.1,21999.65234375,88208.28125
1629.002785205841,2,1798.2,21951.8046875,88208.28125
1630.0098748207092,2,1944.5,22050.41015625,88208.28125
1631.0210371017456,2,4508.2,22235.33203125,88208.28125
1632.0295858383179,2,682.9,7953.09375,90256.296875
1633.0369038581848,2,983.0,8681.82421875,88208.28125
1634.0470356941223,2,2616.4,10413.125,88208.28125
1635.0620369911194,2,4326.8,12183.640625,88208.28125
1636.078839302063,2,4618.4,16415.68359375,88208.28125
1637.1030843257904,2,4518.8,14380.80859375,88208.28125
1638.1140370368958,2,4420.2,17254.75390625,88208.28125
1639.1319870948792,2,4374.2,17460.53125,88208.28125
1640.1391413211823,2,3258.3,17901.19921875,88208.28125
1641.1544678211212,2,4032.5,18239.2578125,88208.28125
1642.1642327308655,2,2720.6,19149.53515625,88208.28125
1643.1742913722992,2,1639.4,19158.84765625,88208.28125
1644.1820385456085,2,2073.1,19231.59375,88208.28125
1645.1920773983002,2,3786.0,19450.6640625,88208.28125
1646.199880361557,2,653.2,9162.984375,90256.296875
1647.207237958908,2,1018.4,8798.8359375,88208.28125
1648.2150390148163,2,3276.5,10962.6796875,88208.28125
1649.2330379486084,2,4354.7,12349.83203125,88208.28125
1650.2520442008972,2,4631.8,17018.11328125,88208.28125
1651.277134180069,2,4408.7,14583.20703125,88208.28125
1652.2880368232727,2,4422.7,17365.984375,88208.28125
1653.3059606552124,2,4114.2,17654.55078125,88208.28125
1654.3151738643646,2,3411.7,17977.21484375,88208.28125
1655.3350341320038,2,3961.3,18258.78515625,88208.28125
1656.3451228141785,2,2721.7,19126.2578125,88208.28125
1657.3517444133759,2,1658.1,19049.859375,88208.28125
1658.3576724529266,2,1823.1,19221.7578125,88208.28125
1659.3676187992096,2,4125.5,19438.0234375,88208.28125
1660.3755943775177,2,642.5,8561.59375,90256.296875
1661.3841762542725,2,989.2,8560.33984375,88208.28125
1662.392047405243,2,3538.0,10843.78125,88208.28125
1663.4030439853668,2,4336.8,12911.75390625,88208.28125
1664.4240469932556,2,4648.8,13988.5,88208.28125
1665.4370379447937,2,4248.9,15206.83203125,88208.28125
1666.4542243480682,2,3528.7,15456.8046875,88208.28125
1667.4790346622467,2,3483.0,15769.3203125,88208.28125
1668.488971233368,2,2992.4,16808.8359375,88208.28125
1669.4963581562042,2,1716.6,16692.703125,88208.28125
1670.508679151535,2,2909.7,16873.38671875,88208.28125
1671.5192341804504,2,1880.8,17210.1171875,88208.28125
1672.5255608558655,2,1274.4,8263.25,88208.28125
1673.5339920520782,2,2730.9,8842.46875,88208.28125
1674.5420377254486,2,3156.8,13115.33203125,88208.28125
1675.5590455532074,2,4495.5,14157.0,88208.28125
1676.5786502361298,2,4497.5,13989.94921875,88208.28125
1677.5900390148163,2,4319.5,16431.41015625,88208.28125
1678.6080465316772,2,3547.7,16639.7890625,88208.28125
1679.6350479125977,2,3358.5,16825.80078125,88208.28125
1680.6458959579468,2,3637.3,18004.5078125,88656.28125
1681.6561961174011,2,3640.2,19139.734375,88656.28125
1682.6628112792969,2,1640.0,19033.08203125,88656.28125
1683.6710348129272,2,4216.9,19334.421875,88656.28125
1684.6826875209808,2,1809.4,19652.84765625,88656.28125
1685.6889069080353,2,1315.9,8398.5234375,88656.28125
1686.6980319023132,2,2674.2,8964.14453125,88656.28125
1687.7051870822906,2,3633.7,13282.37890625,88656.28125
1688.7160470485687,2,4558.4,14818.5546875,88656.28125
1689.7420542240143,2,4546.4,15076.453125,88656.28125
1690.7542924880981,2,4293.4,16584.046875,88656.28125
1691.7660467624664,2,3266.3,16785.7109375,88656.28125
1692.7850456237793,2,3197.7,17057.4609375,88656.28125
1693.8050389289856,2,4494.4,18584.5703125,88656.28125
1694.821853876114,2,3060.9,19135.58203125,88656.28125
1695.8300364017487,2,1901.5,19180.94921875,88656.28125
1696.8385889530182,2,4534.3,19199.3515625,88656.28125
1697.8488698005676,2,975.5,18079.42578125,88656.28125
1698.8554894924164,2,1806.9,8655.1640625,88656.28125
1699.8662366867065,2,2370.0,10094.63671875,88656.28125
1700.8770337104797,2,4349.4,13360.57421875,88656.28125
1701.8830440044403,2,4591.4,15799.2421875,88656.28125
1702.9029252529144,2,4441.3,16291.25,88656.28125
1703.910322189331,2,3848.7,16762.296875,88656.28125
1704.9180445671082,2,3580.0,16884.4765625,88656.28125
1705.9290339946747,2,3398.4,17353.2734375,88656.28125
1706.940034866333,2,4509.9,18752.58984375,88656.28125
1707.957035779953,2,2485.4,19198.625,88656.28125
1708.9659645557404,2,2587.7,19449.0859375,88656.28125
1709.9850339889526,2,3794.3,19609.32421875,88656.28125
1710.9955229759216,2,606.7,9387.77734375,90704.296875
1712.002586364746,2,2061.7,8809.58984375,88656.28125
1713.010325908661,2,3143.7,11779.55859375,88656.28125
1714.022037267685,2,4354.3,13416.3984375,88656.28125
1715.0398499965668,2,4629.8,16950.625,88656.28125
1716.0651724338531,2,4273.7,16520.2734375,88656.28125
1717.0819876194,2,3624.5,16744.5078125,88656.28125
1718.0904686450958,2,3339.0,16879.0078125,88656.28125
1719.0990357398987,2,3930.2,17600.59765625,88656.28125
1720.109038591385,2,4393.3,18788.6953125,88656.28125
1721.1221733093262,2,1865.9,19091.6796875,88656.28125
1722.1323788166046,2,3171.0,19322.4453125,88656.28125
1723.142810344696,2,2936.6,19506.2109375,88656.28125
1724.1512966156006,2,722.3,8057.66796875,88656.28125
1725.1600530147552,2,2285.1,8839.26171875,88656.28125
1726.1910338401794,2,3758.7,12840.078125,88656.28125
1727.2030432224274,2,4372.8,13362.67578125,88656.28125
1728.2170507907867,2,4596.5,15206.00390625,88656.28125
1729.2310349941254,2,4292.5,16520.62890625,88656.28125
1730.249053478241,2,3624.3,16772.81640625,88656.28125
1731.2690465450287,2,3275.3,17094.1484375,88656.28125
1732.2942249774933,2,4104.2,18039.25390625,88656.28125
1733.3044788837433,2,3925.4,19239.91015625,88656.28125
1734.3184564113617,2,1640.6,19121.30859375,88656.28125
1735.3265933990479,2,3945.7,19324.5234375,88656.28125
1736.3370597362518,2,2100.8,19669.30859375,88656.28125
1737.3455204963684,2,1207.9,8399.640625,88656.28125
1738.353908777237,2,2684.3,8910.33984375,88656.28125
1739.3900382518768,2,3609.1,13244.921875,88656.28125
1740.407042503357,2,4474.8,14541.98046875,88656.28125
1741.4272754192352,2,4571.6,14595.86328125,88656.28125
1742.4400384426117,2,4291.9,16649.03515625,88656.28125
1743.45801115036,2,3481.6,16736.44140625,88656.28125
1744.469042301178,2,3102.0,17004.58203125,88656.28125
1745.4840364456177,2,4346.8,18335.640625,88656.28125
1746.4951028823853,2,3341.9,19224.53515625,88656.28125
1747.5024664402008,2,1557.3,19115.1484375,88656.28125
1748.513037443161,2,4475.9,19301.69921875,88656.28125
1749.527203321457,2,1543.8,19694.59765625,88656.28125
1750.5355796813965,2,1554.3,8471.4453125,88656.28125
1751.5451362133026,2,2482.0,9350.3046875,88656.28125
1752.5530371665955,2,3963.9,13294.9375,88656.28125
1753.5700426101685,2,4554.8,15044.875,88656.28125
1754.5950396060944,2,4558.3,15608.578125,88656.28125
1755.6062643527985,2,4143.6,16661.0546875,88656.28125
1756.616780757904,2,3258.6,16820.4375,88656.28125
1757.6252975463867,2,3257.6,17155.3125,88656.28125
1758.6370363235474,2,4486.2,18640.73828125,88656.28125
1759.6548960208893,2,3026.7,19219.33203125,88656.28125
1760.661544084549,2,1905.0,19467.9765625,88656.28125
1761.6714553833008,2,4618.3,19377.703125,88656.28125
1762.6791369915009,2,941.4,8000.98828125,88656.28125
1763.6871492862701,2,1868.0,8714.6328125,88656.28125
1764.695996761322,2,2274.2,10076.66796875,88656.28125
1765.7070372104645,2,4403.4,13332.9921875,88656.28125
1766.7250442504883,2,4549.6,15637.140625,88656.28125
1767.7455167770386,2,4514.1,16110.06640625,88656.28125
1768.756778717041,2,3872.9,16744.6640625,88656.28125
1769.7650411128998,2,3474.8,16838.04296875,88656.28125
1770.7848045825958,2,3327.4,17092.515625,88656.28125
1771.7950358390808,2,4493.1,18681.61328125,88656.28125
1772.8118572235107,2,2703.1,19114.41015625,88656.28125
1773.8199424743652,2,2191.4,19351.96484375,88656.28125
1774.8299157619476,2,4406.6,19468.9140625,88656.28125
1775.8365304470062,2,639.6,8540.4921875,90704.296875
1776.8449034690857,2,2046.1,8723.4453125,88656.28125
1777.8530576229095,2,2640.8,10890.85546875,88656.28125
1778.8695347309113,2,4348.1,13381.60546875,88656.28125
1779.8780448436737,2,4610.0,16253.52734375,88656.28125
1780.89803814888,2,4372.0,16472.390625,88656.28125
1781.9159083366394,2,3779.5,16844.578125,88656.28125
1782.9290430545807,2,3645.1,16992.48828125,88656.28125
1783.9539873600006,2,3351.5,17415.8515625,88656.28125
1784.964038848877,2,4502.1,18883.3515625,88656.28125
1785.9752824306488,2,2340.1,19288.33203125,88656.28125
1786.9824168682098,2,2455.2,19479.62890625,88656.28125
1787.9930546283722,2,3997.2,19652.765625,88656.28125
1789.000681400299,2,652.1,9226.83984375,90704.296875
1790.0081250667572,2,2084.6,8826.48828125,88656.28125
1791.0160353183746,2,3018.0,11665.55078125,88656.28125
1792.0280380249023,2,4359.5,13448.4375,88656.28125
1793.0448789596558,2,4618.2,16909.49609375,88656.28125
1794.0687336921692,2,4320.4,16469.2890625,88656.28125
1795.0750489234924,2,3787.7,16763.9609375,88656.28125
1796.1008467674255,2,3418.1,16840.61328125,88656.28125
1797.1067607402802,2,3537.2,17460.3203125,88656.28125
1798.1166360378265,2,4457.4,18765.203125,88656.28125
1799.1338322162628,2,2205.5,19136.96484375,88656.28125
1800.1407985687256,2,2874.0,19292.015625,88656.28125
1801.1509537696838,2,3435.5,19543.58984375,88656.28125
1802.1582520008087,2,594.0,7881.4296875,88656.28125
1803.1683239936829,2,2122.2,8688.56640625,88656.28125
1804.1758317947388,2,3701.1,12362.46484375,88656.28125
1805.192044019699,2,4385.3,13316.28515625,88656.28125
1806.2106621265411,2,4587.1,16904.83203125,88656.28125
1807.2225787639618,2,4288.3,16443.73828125,88656.28125
1808.2416443824768,2,3578.3,16736.0859375,88656.28125
1809.2500522136688,2,3282.2,17000.76953125,88656.28125
1810.2746744155884,2,4096.0,17846.84375,88656.28125
1811.2847950458527,2,4016.9,19069.6328125,88656.28125
1812.2914576530457,2,1763.8,19034.0234375,88656.28125
1813.2971863746643,2,3822.8,19247.28125,88656.28125
1814.3075165748596,2,2277.5,19550.84765625,88656.28125
1815.3150351047516,2,1100.0,8241.41796875,88656.28125
1816.3233556747437,2,2655.9,8794.35546875,88656.28125
1817.3480982780457,2,3571.3,13150.34375,88656.28125
1818.3659093379974,2,4440.4,14304.41015625,88656.28125
1819.3893492221832,2,4553.9,14492.49609375,88656.28125
1820.4050376415253,2,4295.2,16640.29296875,88656.28125
1821.4230563640594,2,3527.2,16838.0234375,88656.28125
1822.4350473880768,2,3215.6,17079.796875,88656.28125
1823.4464609622955,2,4423.6,18373.94140625,88656.28125
1824.4590575695038,2,3202.6,19222.4375,88656.28125
1825.4670429229736,2,1690.8,19217.75,88656.28125
1826.476756811142,2,4522.4,19249.82421875,88656.28125
1827.4867041110992,2,1257.6,19676.58984375,88656.28125
1828.494780778885,2,1674.3,8580.88671875,88656.28125
1829.5033764839172,2,2238.3,9847.203125,88656.28125
1830.5120389461517,2,4333.1,13285.65234375,88656.28125
1831.5298945903778,2,4550.2,15370.68359375,88656.28125
1832.553664445877,2,4519.8,15910.8046875,88656.28125
1833.5653669834137,2,3870.8,16677.9609375,88656.28125
1834.57603764534,2,3507.7,16830.62109375,88656.28125
1835.5881040096283,2,3347.6,17034.8359375,88656.28125
1836.5990374088287,2,4473.1,18659.1640625,88656.28125
1837.6167941093445,2,2759.8,19109.94140625,88656.28125
1838.623036146164,2,2252.4,19302.25,88656.28125
1839.6330091953278,2,4289.2,19436.140625,88656.28125
1840.6403288841248,2,629.8,8569.83203125,90704.296875
1841.648546218872,2,2007.9,8730.10546875,88656.28125
1842.657035112381,2,4049.8,11490.140625,88656.28125
1843.67604804039,2,4481.8,13241.0703125,88656.28125
1844.6861519813538,2,4041.8,14554.04296875,88656.28125
1845.70303606987,2,3580.9,14842.625,88656.28125
1846.7132375240326,2,4195.6,16122.28515625,88656.28125
1847.721034526825,2,1856.0,16298.52734375,88656.28125
1848.7317361831665,2,3877.0,16534.69140625,88656.28125
1849.7387640476227,2,807.2,8272.5234375,88656.28125
1850.7490441799164,2,2971.9,10634.421875,88656.28125
1851.7608189582825,2,4323.4,12570.1171875,88656.28125
1852.7860379219055,2,4356.1,14120.5703125,88656.28125
1853.8031024932861,2,3974.6,14471.1875,88656.28125
1854.8120350837708,2,3883.4,15213.91015625,88656.28125
1855.8224272727966,2,3364.1,16202.72265625,88656.28125
1856.830037355423,2,2660.2,16188.5625,88656.28125
1857.8397114276886,2,2688.0,16584.86328125,88656.28125
1858.8489544391632,2,1202.6,8430.90234375,88656.28125
1859.8558928966522,2,3650.5,11306.984375,88656.28125
1860.8759195804596,2,4482.4,14082.84375,88656.28125
1861.8871297836304,2,4259.5,14380.80859375,88656.28125
1862.9048125743866,2,3621.4,14749.5078125,88656.28125
1863.9200394153595,2,4232.0,15761.671875,88656.28125
1864.934865951538,2,2412.8,16224.3359375,88656.28125
1865.9427030086517,2,3686.4,16202.1875,88656.28125
1866.9534616470337,2,1317.5,8810.23046875,90704.296875
1867.9609344005585,2,2006.3,8872.97265625,88656.28125
1868.9690358638763,2,4140.8,11526.703125,88656.28125
1869.9870448112488,2,4505.7,13542.70703125,88656.28125
1871.003059387207,2,4047.1,14460.91015625,88656.28125
1872.0298166275024,2,3493.5,14852.23828125,88656.28125
1873.0401682853699,2,4113.5,16189.984375,88656.28125
1874.0490407943726,2,1968.2,16387.6171875,88656.28125
1875.063405752182,2,3732.0,16543.37890625,88656.28125
1876.0721635818481,2,769.1,8196.734375,88656.28125
1877.0800380706787,2,4221.7,10050.90234375,88656.28125
1878.0933694839478,2,3751.2,10602.265625,88656.28125
1879.1007978916168,2,2556.2,8558.41796875,90704.296875
1880.1088519096375,2,2010.7,8616.62109375,88656.28125
1881.1149756908417,2,3810.2,11643.91796875,88656.28125
1882.131840467453,2,4505.0,12973.66796875,88656.28125
1883.1438755989075,2,4007.0,14447.07421875,88656.28125
1884.169192790985,2,3470.2,14621.52734375,88656.28125
1885.1780366897583,2,4413.4,15876.609375,88656.28125
1886.187168598175,2,1761.6,16036.91015625,88656.28125
1887.19757604599,2,3988.4,16311.6640625,88656.28125
1888.2055690288544,2,742.9,8100.86328125,88656.28125
1889.2138969898224,2,3367.4,10026.01953125,88656.28125
1890.2210335731506,2,4410.5,11869.23046875,88656.28125
1891.2398509979248,2,3628.0,12175.81640625,88656.28125
1892.2500395774841,2,3623.4,13114.24609375,88656.28125
1893.2581360340118,2,3410.6,13189.38671875,88656.28125
1894.2662591934204,2,778.6,8396.6484375,88656.28125
1895.2770354747772,2,3551.6,10243.5625,88656.28125
1896.2948524951935,2,4387.6,12045.73828125,88656.28125
1897.3118674755096,2,3619.0,12298.90234375,88656.28125
1898.3226897716522,2,3465.6,13107.28125,88656.28125
1899.3301930427551,2,3336.1,13247.9765625,88656.28125
1900.3390350341797,2,413.4,5321.41015625,81488.125
1901.3453800678253,2,91.3,5107.3359375,81488.125
1902.3531646728516,2,104.2,4927.48046875,81488.125
