elapsed_time,nproc,cpu,mem_real,mem_virtual
4.1484832763671875e-05,2,0.0,17.25,3194.8515625
1.0073318481445312,4,7.9,439.8984375,4201.875
2.01631498336792,4,99.1,618.27734375,4415.875
3.0254604816436768,4,100.1,613.74609375,4447.875
4.034201383590698,4,100.1,617.91015625,4447.875
5.042774677276611,4,99.2,608.6875,4447.875
6.050699710845947,4,99.0,617.19921875,4495.875
7.0605247020721436,4,100.3,610.23828125,4495.875
8.06752872467041,4,98.8,592.0234375,4495.875
9.079323768615723,4,99.8,600.73828125,4495.875
10.09092926979065,4,99.9,649.734375,4495.875
11.102009296417236,4,100.0,702.4921875,4557.875
12.112411737442017,4,98.9,754.4921875,4621.875
13.123837947845459,4,99.8,808.49609375,4707.875
14.135647535324097,4,99.8,860.50390625,4707.875
15.147152423858643,4,99.0,906.50390625,4803.875
16.157405614852905,4,100.9,950.50390625,4803.875
17.168021202087402,2,0.0,53.20703125,98.046875
18.179245948791504,2,0.0,263.67578125,3718.6640625
19.191889762878418,2,98.8,562.38671875,4732.6953125
20.203540802001953,2,99.9,864.375,5852.6953125
21.214726209640503,2,101.0,1046.4296875,7132.6953125
22.225045680999756,2,100.0,1328.4296875,7132.6953125
23.235403299331665,2,98.9,1560.42578125,9700.6953125
24.24615740776062,2,100.0,1858.42578125,9700.6953125
25.256566286087036,2,99.9,1877.015625,9188.6640625
26.26790165901184,2,99.9,1877.015625,9188.6640625
27.2785325050354,2,99.9,1877.015625,9188.6640625
28.289133310317993,2,100.0,1876.37890625,9188.6484375
29.299232721328735,2,100.0,1876.37890625,9188.6484375
30.309542655944824,2,99.8,1876.37890625,9188.6484375
31.321125745773315,2,99.9,1872.11328125,9188.6484375
32.332054138183594,2,99.9,1990.20703125,9700.6796875
33.34321880340576,2,99.9,2014.58203125,9748.6796875
34.35551857948303,2,3426.7,2979.1328125,13897.125
35.38251829147339,2,4678.7,3345.6015625,14291.125
36.41120100021362,2,4690.3,3508.48046875,14464.625
37.4385187625885,2,4721.7,3796.15625,14830.625
38.46453237533569,2,4652.5,3776.09375,14905.625
39.49151921272278,2,4664.4,3793.421875,14945.625
40.51852059364319,2,4665.5,3881.2265625,15115.625
41.545522689819336,2,4715.4,3929.37890625,15172.625
42.57051372528076,2,4634.1,3966.8515625,15358.625
43.60050129890442,2,4682.6,4198.45703125,15716.625
44.62751793861389,2,4655.4,4411.40625,15986.625
45.654518842697144,2,4723.7,4539.0859375,16178.625
46.68351602554321,2,4637.8,4399.50390625,16197.625
47.71051788330078,2,4678.7,4637.1484375,16381.625
48.73751521110535,2,4655.0,4685.39453125,16671.625
49.76451277732849,2,4662.3,4721.6875,16752.625
50.79151487350464,2,4686.1,4720.6171875,16796.625
51.81652021408081,2,4643.8,4720.671875,16848.625
52.843464374542236,2,4654.0,4788.8515625,16963.625
53.87152171134949,2,4711.8,4810.2890625,17029.625
54.89851689338684,2,4678.1,4780.234375,17116.625
55.92351531982422,2,4622.9,4710.5546875,17176.625
56.95951771736145,2,4665.6,4762.703125,17183.625
57.98651623725891,2,4708.1,4813.859375,17294.625
59.01350951194763,2,4671.8,4721.1875,17302.625
60.03824543952942,2,4641.9,4738.828125,17340.625
61.067516803741455,2,4655.0,4891.859375,17566.625
62.09451341629028,2,4699.0,4953.390625,17698.625
63.12151503562927,2,4671.9,4954.71484375,17741.625
64.14949917793274,2,4631.7,4947.6484375,17803.625
65.22752714157104,2,4654.4,5039.6796875,17911.625
66.26905560493469,2,4726.4,5055.87109375,17937.625
67.29551339149475,2,4683.3,5078.15625,17995.625
68.32609724998474,2,4655.7,5244.4296875,18247.625
69.353515625,2,4666.4,5312.8671875,18439.625
70.38051176071167,2,4667.8,5261.93359375,18439.625
71.40695285797119,2,4708.4,5205.33203125,18439.625
72.43451571464539,2,4643.8,5215.4453125,18483.625
73.46143460273743,2,4654.2,5283.31640625,18543.625
74.48951601982117,2,4668.4,5390.34375,18745.625
75.51651072502136,2,4688.0,5438.58203125,18885.625
76.54119539260864,2,4654.5,5575.359375,19027.625
77.56952261924744,2,4660.3,5582.96875,19027.625
78.59641408920288,2,4643.2,5558.8125,19145.625
79.62451434135437,2,4695.7,5496.046875,19145.625
80.64931535720825,2,4647.7,5541.01953125,19329.625
81.67651987075806,2,4662.5,5500.23046875,19383.625
82.70351839065552,2,4646.3,5569.3046875,19507.625
83.7305121421814,2,4707.9,5471.7109375,19531.625
84.75851058959961,2,4647.0,5621.3828125,19575.625
85.78351211547852,2,4636.7,5617.75390625,19635.625
86.81151485443115,2,4643.1,5613.91015625,19635.625
87.83951997756958,2,4726.1,5507.66015625,19635.625
88.86652302742004,2,4651.2,5497.328125,19635.625
89.89134454727173,2,4621.1,5512.98828125,19663.625
90.91951394081116,2,4647.3,5598.47265625,19767.625
91.94651865959167,2,4706.6,5587.828125,19767.625
92.97351384162903,2,4663.9,5594.9453125,19831.625
93.99789094924927,2,4638.6,5723.75,19891.625
95.02552628517151,2,4648.8,5716.4453125,19995.625
96.05251431465149,2,4697.2,5596.36328125,19995.625
97.07951354980469,2,4679.0,5552.12109375,19995.625
98.10551953315735,2,4648.3,5498.4296875,20055.625
99.1405189037323,2,4665.0,5551.75,20055.625
100.16751313209534,2,4689.0,5458.71875,20055.625
101.19452238082886,2,4710.1,5466.9375,20055.625
102.22151684761047,2,4630.9,5509.734375,20055.625
103.25051712989807,2,4658.1,5349.62109375,20055.625
104.28163528442383,2,4672.6,5284.9375,20055.625
105.30673623085022,2,4705.7,5263.390625,20093.625
106.33549809455872,2,4647.6,5289.1015625,20123.625
107.36351728439331,2,4663.2,5298.96875,20123.625
108.39051747322083,2,4653.5,5285.19921875,20155.625
109.41851115226746,2,4718.5,5273.42578125,20237.625
110.44451427459717,2,4641.0,5347.93359375,20287.625
111.47352623939514,2,4661.2,5422.82421875,20287.625
112.50051546096802,2,4637.2,5302.359375,20287.625
113.52687191963196,2,4714.2,5211.171875,20287.625
114.5522723197937,2,4674.2,5254.5859375,20331.625
115.57813668251038,2,4650.2,5262.18359375,20331.625
116.60651516914368,2,4660.3,5231.015625,20331.625
117.63351225852966,2,4721.9,5330.59375,20387.625
118.66051626205444,2,4674.8,5196.421875,20387.625
119.68551707267761,2,4613.3,5132.6171875,20387.625
120.71451807022095,2,4651.6,5201.50390625,20459.625
121.740469455719,2,4716.8,5358.3828125,20549.625
122.76751160621643,2,4674.3,5402.81640625,20573.625
123.79252314567566,2,4646.1,5362.66796875,20605.625
124.8205189704895,2,4661.3,5250.6015625,20605.625
125.84733843803406,2,4679.2,5362.98828125,20605.625
126.87552213668823,2,4662.9,5516.9765625,20651.625
127.89951682090759,2,4644.2,5671.7265625,20651.625
128.92651915550232,2,4654.1,5628.16015625,20651.625
129.95352339744568,2,4683.9,5542.375,20651.625
130.98051762580872,2,4716.8,5414.65625,20651.625
132.00752234458923,2,4651.7,5456.59765625,20691.625
133.034517288208,2,4660.8,5504.66015625,20745.625
134.06151604652405,2,4650.3,5408.31640625,20805.625
135.08851790428162,2,4679.1,5470.61328125,20837.625
136.11551809310913,2,4663.7,5527.25,20837.625
137.14051747322083,2,4637.5,5532.83203125,20837.625
138.16751527786255,2,4649.1,5625.35546875,20837.625
139.19451689720154,2,4687.0,5632.98046875,20837.625
140.22151517868042,2,4690.4,5513.953125,20837.625
141.24851727485657,2,4635.6,5478.82421875,20837.625
142.2755172252655,2,4664.5,5454.4140625,20837.625
143.30251789093018,2,4698.5,5443.5625,20857.625
144.32951593399048,2,4692.8,5395.61328125,20857.625
145.35651922225952,2,4645.3,5371.484375,20857.625
146.38285613059998,2,4661.6,5301.3046875,20857.625
147.41051530838013,2,4674.0,5441.48046875,20887.625
148.43751788139343,2,4671.8,5369.3671875,20887.625
149.46451354026794,2,4664.2,5315.76171875,20901.625
150.49152088165283,2,4660.5,5329.25390625,20925.625
151.51651310920715,2,4658.7,5677.890625,21217.625
152.54352474212646,2,4720.9,5623.1796875,21217.625
153.57052087783813,2,4667.7,5604.93359375,21237.625
154.59551644325256,2,4636.8,5576.17578125,21237.625
155.62251830101013,2,4649.7,5742.40234375,21313.625
156.6495122909546,2,4723.0,5637.12890625,21337.625
157.67650938034058,2,4682.7,5606.31640625,21337.625
158.7009756565094,2,4657.4,5626.30078125,21337.625
159.7285144329071,2,4667.4,5637.3984375,21357.625
160.7555148601532,2,4658.8,5695.046875,21377.625
161.78251266479492,2,4692.8,5780.2890625,21409.625
162.81151628494263,2,4635.2,5799.16015625,21445.625
163.83851981163025,2,4674.7,5881.421875,21473.625
164.86551761627197,2,4657.5,5927.1171875,21473.625
165.89251136779785,2,4702.1,5906.35546875,21473.625
166.91951155662537,2,4631.1,5795.61328125,21473.625
167.947518825531,2,4661.3,5846.40625,21497.625
168.97151970863342,2,4636.7,5845.765625,21609.625
169.9985167980194,2,4665.1,5824.796875,21609.625
171.02551174163818,2,4674.8,6018.34375,21665.625
172.0499608516693,2,4632.0,6034.3671875,21749.625
173.08857703208923,2,4657.9,5934.2734375,21749.625
174.11051273345947,2,4720.7,5858.5703125,21749.625
175.13875126838684,2,4637.3,5858.2578125,21777.625
176.1615171432495,2,4653.2,5846.03125,21777.625
177.18852543830872,2,4654.9,5880.57421875,21837.625
178.21751523017883,2,4667.8,5908.0859375,21837.625
179.24414896965027,2,4689.9,5867.41015625,21921.625
180.27251315116882,2,4631.0,5864.46484375,21949.625
181.29951524734497,2,4664.1,5811.2421875,21953.625
182.32651448249817,2,4662.9,5897.8125,21993.625
183.35351705551147,2,4687.0,6010.87109375,22167.625
184.3805170059204,2,4628.0,6122.8203125,22351.625
185.40752005577087,2,4660.8,6117.9765625,22351.625
186.43351697921753,2,4639.5,5951.1328125,22351.625
187.4615180492401,2,4691.7,5842.26953125,22351.625
188.4862093925476,2,4649.9,5721.0390625,22351.625
189.5145161151886,2,4665.9,5913.96484375,22351.625
190.54151678085327,2,4635.7,6451.23046875,22969.625
191.57151770591736,2,4682.2,6839.296875,23449.625
192.59617257118225,2,4626.0,7379.35546875,23841.625
193.6235134601593,2,4655.1,7365.7734375,23897.625
194.65152144432068,2,4659.5,7641.58984375,24281.625
195.67551636695862,2,4672.3,7974.17578125,24729.625
196.71851587295532,2,4623.3,8066.69140625,24729.625
197.74747323989868,2,4671.5,8070.7734375,24729.625
198.77647066116333,2,4668.6,8063.50390625,24729.625
199.80484557151794,2,4691.9,8156.50390625,24729.625
200.83551573753357,2,4623.1,8091.09375,24729.625
201.87151193618774,2,4666.0,8034.87109375,24761.625
202.89851570129395,2,4662.6,7961.8203125,24761.625
203.9268593788147,2,4722.6,7916.28515625,24761.625
204.9545180797577,2,4649.7,8024.51953125,24781.625
205.98152661323547,2,4651.2,8030.515625,24905.625
207.00851678848267,2,4664.3,8062.06640625,24933.625
208.03551864624023,2,4702.3,7987.38671875,24965.625
209.06252002716064,2,4657.6,7950.11328125,24965.625
210.08951950073242,2,4658.0,8110.1484375,24985.625
211.11651992797852,2,4663.5,8112.22265625,25009.625
212.14351677894592,2,4718.1,8218.0078125,25045.625
213.1705174446106,2,4667.8,8208.8671875,25045.625
214.1975133419037,2,4660.6,8217.640625,25121.625
215.2245192527771,2,4653.1,8413.92578125,25149.625
216.2515184879303,2,4669.5,8262.390625,25149.625
217.27651596069336,2,4646.0,8268.30859375,25149.625
218.3045163154602,2,4667.1,8330.44140625,25149.625
219.33151769638062,2,4639.2,8266.03515625,25149.625
220.35851788520813,2,4673.6,8279.390625,25149.625
221.38552117347717,2,4643.1,8243.0703125,25149.625
222.41351294517517,2,4672.4,8236.57421875,25149.625
223.44051456451416,2,4665.1,8291.12890625,25177.625
224.46851253509521,2,4706.3,8429.96484375,25241.625
225.49543023109436,2,4692.6,8603.3984375,25413.625
226.51751685142517,2,4641.6,8510.25,25441.625
227.54451966285706,2,4655.3,8527.39453125,25517.625
228.57151651382446,2,4729.6,8550.1953125,25517.625
229.59851717948914,2,4669.4,8502.5390625,25557.625
230.62619352340698,2,4658.9,8391.578125,25557.625
231.65351605415344,2,4659.3,8364.7109375,25585.625
232.68051886558533,2,4693.2,8386.60546875,25585.625
233.7075207233429,2,4695.3,8448.0234375,25589.625
234.73338651657104,2,4651.8,8387.45703125,25589.625
235.76351499557495,2,4666.0,8473.46875,25589.625
236.78944873809814,2,4645.3,8534.796875,25593.625
237.81751990318298,2,4716.9,8696.8046875,25681.625
238.84452652931213,2,4685.4,9077.07421875,25983.625
239.8694372177124,2,4635.8,9004.74609375,25983.625
240.89751434326172,2,4668.0,8974.7734375,25983.625
241.92451167106628,2,4706.6,9017.17578125,25983.625
242.9525134563446,2,4661.7,8968.24609375,25983.625
243.97751641273499,2,4640.6,8953.59765625,25983.625
245.00452375411987,2,4674.0,8845.890625,25983.625
246.03551268577576,2,4678.6,8952.00390625,25983.625
247.06251621246338,2,4704.0,8889.81640625,25983.625
248.08651900291443,2,4628.4,8814.12109375,25983.625
249.11351895332336,2,4665.8,8811.09375,25983.625
250.1415147781372,2,4661.0,8896.45703125,25983.625
251.15652012825012,2,4694.1,8889.79296875,25983.625
252.18351697921753,2,4665.4,8955.13671875,25983.625
253.21151685714722,2,4664.5,9089.625,25983.625
254.23851013183594,2,4650.8,9079.484375,25983.625
255.26551008224487,2,4715.5,9146.99609375,26031.625
256.2925183773041,2,4682.8,9148.08203125,26031.625
257.31851172447205,2,4637.4,9079.70703125,26031.625
258.3453640937805,2,4661.4,9092.1953125,26031.625
259.37350964546204,2,4719.7,9248.140625,26031.625
260.40051102638245,2,4682.1,9378.83984375,26031.625
261.4255168437958,2,4615.0,9396.09765625,26031.625
262.4555106163025,2,4653.6,9654.76953125,26031.625
263.482515335083,2,4722.5,9751.9921875,26087.625
264.5095155239105,2,4657.7,9803.65625,26087.625
265.5345251560211,2,4634.7,9858.35546875,26327.625
266.5495181083679,2,4647.3,9979.5390625,26327.625
267.5779056549072,2,4693.4,9899.4375,26327.625
268.60547828674316,2,4690.5,9961.83203125,26327.625
269.6285173892975,2,4653.1,9771.10546875,26327.625
270.6565203666687,2,4666.8,9801.71484375,26327.625
271.6825180053711,2,4659.3,9808.875,26327.625
272.71051239967346,2,4675.5,10087.015625,26495.625
273.7350482940674,2,4648.0,10226.3359375,26543.625
274.7635164260864,2,4661.7,10456.11328125,26547.625
275.7915256023407,2,4675.1,10439.78125,26547.625
276.81851410865784,2,4701.2,10631.1796875,26555.625
277.8431704044342,2,4622.3,10834.6328125,26683.625
278.87151885032654,2,4653.8,11017.6171875,26827.625
279.8985140323639,2,4670.3,11321.05859375,26827.625
280.9255168437958,2,4685.1,11200.4921875,26827.625
281.95485973358154,2,4644.4,11169.265625,26827.625
282.983517408371,2,4656.5,11147.83203125,26827.625
284.0105130672455,2,4672.7,11380.72265625,27027.625
285.037513256073,2,4699.4,11288.921875,27083.625
286.06651759147644,2,4637.8,11271.34765625,27155.625
287.0935137271881,2,4661.7,11429.20703125,27303.625
288.12051010131836,2,4656.7,11398.5078125,27407.625
289.1475112438202,2,4709.4,11515.76953125,27471.625
290.1745171546936,2,4605.6,11481.14453125,27555.625
291.2015190124512,2,4665.5,11465.7109375,27555.625
292.2285199165344,2,4657.7,11678.84375,27555.625
293.24351358413696,2,4683.7,11445.546875,27611.625
294.2705144882202,2,4673.9,11573.41796875,27687.625
295.2961149215698,2,4616.7,11712.265625,27831.625
296.32650995254517,2,4640.1,11969.20703125,28047.625
297.3535141944885,2,4706.8,11819.8359375,28047.625
298.38051676750183,2,4662.3,11851.70703125,28051.625
299.40551471710205,2,4610.0,11939.98828125,28195.625
300.43351888656616,2,4625.8,12659.15234375,28553.625
301.4615180492401,2,4690.4,12601.03515625,28825.625
302.48851704597473,2,4665.0,12829.48828125,28969.625
303.5135223865509,2,4589.8,13035.9765625,29229.625
304.5425148010254,2,4622.7,13144.16015625,29797.625
305.56951236724854,2,4653.3,13102.91796875,29917.625
306.59651494026184,2,4654.8,13233.67578125,30299.625
307.6215193271637,2,4615.9,13415.2109375,30411.625
308.6485183238983,2,4636.3,13383.8046875,30411.625
309.67551612854004,2,4630.9,13292.55859375,30415.625
310.7035117149353,2,4648.8,13321.14453125,30551.625
311.7302596569061,2,4630.4,13595.609375,30683.625
312.7575099468231,2,4641.2,13509.2578125,30787.625
313.78452014923096,2,4550.2,13239.20703125,30787.625
314.8029305934906,2,3950.1,13480.87890625,30963.625
315.8145287036896,2,3693.7,13557.78125,30963.625
316.8278787136078,2,3601.9,13490.48046875,31143.625
317.8412263393402,2,3412.7,13485.8359375,31143.625
318.8542003631592,2,3339.6,13417.25390625,31291.625
319.86601519584656,2,3269.6,13172.80078125,31379.625
320.87962007522583,2,3223.0,12947.875,31523.625
321.8932569026947,2,3167.6,13098.30078125,31571.625
322.90727400779724,2,3145.0,12835.21484375,31627.625
323.92065596580505,2,2950.3,12539.5546875,31675.625
324.93406534194946,2,2815.0,12409.44140625,31731.625
325.94752287864685,2,2772.9,12408.890625,31731.625
326.96093368530273,2,2665.2,12145.1875,31731.625
327.9743387699127,2,2437.1,12009.41015625,31731.625
328.98745131492615,2,2238.6,12416.91015625,31731.625
330.0005114078522,2,2112.3,12024.70703125,31795.625
331.011266708374,2,1947.1,12035.8125,31795.625
332.0220251083374,2,1771.9,11810.23046875,31795.625
333.0333318710327,2,1696.8,11849.70703125,31795.625
334.04467844963074,2,1581.8,10954.7890625,31795.625
335.053599357605,2,1413.8,10447.046875,31795.625
336.06295347213745,2,1309.5,10419.8984375,31795.625
337.0716960430145,2,1184.9,10154.14453125,31795.625
338.08110427856445,2,928.7,9837.203125,31795.625
339.0900647640228,2,803.4,9564.0,31795.625
340.09823775291443,2,804.7,9257.06640625,31795.625
341.1061203479767,2,721.4,8857.796875,31795.625
342.11524295806885,2,660.0,8692.421875,31795.625
343.1243209838867,2,578.4,8393.4140625,31795.625
344.13233280181885,2,505.8,8197.6953125,31795.625
345.14275574684143,2,496.5,8225.9921875,31795.625
346.15388917922974,2,402.9,8501.31640625,31795.625
347.16395473480225,2,401.4,8758.53125,31795.625
348.17553758621216,2,402.7,8689.5234375,31795.625
349.1862027645111,2,403.7,8244.26171875,31795.625
350.1968493461609,2,402.4,8319.28125,31795.625
351.20830821990967,2,402.5,8630.58203125,31795.625
352.21952199935913,2,402.2,8836.859375,32083.625
353.2341675758362,2,400.5,8183.62109375,32083.625
354.2453019618988,2,400.9,8372.65625,32083.625
355.25551748275757,2,403.6,8480.25390625,32083.625
356.26410269737244,2,401.2,8614.6171875,32083.625
357.2760679721832,2,405.5,8319.6328125,32435.625
358.2871878147125,2,308.7,7870.43359375,32435.625
359.29774832725525,2,301.1,7710.5234375,32435.625
360.30408120155334,2,303.7,7926.38671875,32435.625
361.31512236595154,2,302.6,7688.06640625,32435.625
362.3264014720917,2,304.8,7592.12890625,32435.625
363.3370213508606,2,303.5,7577.3828125,32435.625
364.34851241111755,2,302.6,7769.00390625,32435.625
365.3595802783966,2,303.5,7931.1484375,32435.625
366.370970249176,2,302.8,7861.8125,32435.625
367.38164830207825,2,301.5,8015.1015625,32435.625
368.3898012638092,2,301.9,7870.43359375,32435.625
369.40022826194763,2,303.8,7906.4609375,32435.625
370.410685300827,2,301.9,7568.38671875,32435.625
371.420955657959,2,303.5,7644.87109375,32435.625
372.43245339393616,2,306.5,7486.609375,32435.625
373.4439103603363,2,304.5,7355.76171875,32435.625
374.45551657676697,2,302.5,7534.546875,32435.625
375.4639172554016,2,301.7,7639.13671875,32435.625
376.4747066497803,2,300.5,7836.69921875,32435.625
377.4864013195038,2,304.6,7429.890625,32435.625
378.4974329471588,2,302.9,7324.1796875,32435.625
379.5076186656952,2,301.5,7238.7578125,32435.625
380.51905584335327,2,302.6,7148.54296875,32435.625
381.53020119667053,2,301.5,7030.48828125,32435.625
382.54177379608154,2,302.0,7159.80078125,32435.625
383.5482552051544,2,299.6,7451.89453125,32435.625
384.559677362442,2,301.6,7410.0078125,32435.625
385.57094502449036,2,300.7,7515.44921875,32435.625
386.5819525718689,2,300.7,7636.7421875,32435.625
387.5928828716278,2,301.8,7751.68359375,32435.625
388.6035304069519,2,230.7,7817.5390625,32959.625
389.6137022972107,2,206.9,7649.38671875,32959.625
390.62393593788147,2,201.9,7681.85546875,32959.625
391.6342582702637,2,201.7,8108.25,32959.625
392.64564418792725,2,206.9,7723.73046875,32959.625
393.65580677986145,2,202.2,7736.77734375,32959.625
394.6648030281067,2,206.7,7801.1484375,32959.625
395.6760239601135,2,203.9,7636.49609375,32959.625
396.68652510643005,2,205.9,7616.375,32959.625
397.69678926467896,2,203.9,7289.18359375,32959.625
398.70725893974304,2,203.8,7146.26953125,32959.625
399.7179265022278,2,203.0,6993.03125,32959.625
400.72791743278503,2,204.8,6815.328125,32959.625
401.73844599723816,2,203.3,6662.43359375,32959.625
402.7467405796051,2,202.6,6544.81640625,32959.625
403.7585072517395,2,214.8,5830.26171875,32959.625
404.76892495155334,2,111.8,5601.48046875,32959.625
405.77980613708496,2,102.9,5466.1015625,32959.625
406.79051542282104,2,102.8,5282.27734375,32959.625
407.80246090888977,2,104.9,5076.3125,32959.625
408.8128137588501,2,103.8,4832.3984375,32959.625
409.8243658542633,2,103.9,4621.78125,32959.625
410.83525252342224,2,109.6,4349.078125,32959.625
411.84799218177795,2,114.7,4092.015625,32959.625
412.8595464229584,2,649.5,2863.01171875,33159.62890625
413.8711142539978,2,108.9,2764.31640625,33159.62890625
414.88146114349365,2,106.9,2819.4375,33255.71484375
415.8920826911926,2,111.8,3047.5390625,33847.71484375
416.903116941452,2,1763.9,3704.9140625,33847.71484375
417.91227412223816,2,528.1,6181.69921875,41527.80078125
418.9233965873718,2,2048.0,4099.91796875,37943.76171875
419.93408703804016,2,2101.4,4264.29296875,45111.74609375
420.9463381767273,2,4379.2,5770.21484375,45111.74609375
421.95841693878174,2,3590.8,6455.49609375,45111.74609375
422.968457698822,2,2476.9,6716.53515625,45111.74609375
423.9778163433075,2,2180.4,3990.69140625,47159.76171875
424.9904329776764,2,1530.7,4010.53125,45111.74609375
426.0136790275574,2,3803.8,5880.046875,45139.74609375
427.02534079551697,2,4415.1,7580.23828125,45139.74609375
428.04608249664307,2,2953.5,7674.29296875,45139.74609375
429.0585141181946,2,3764.3,8378.8125,45139.74609375
430.07250785827637,2,2212.4,8568.58984375,45139.74609375
431.0836799144745,2,2728.5,8587.01171875,45139.74609375
432.0915017127991,2,2418.2,3473.26171875,43091.71484375
433.11136078834534,2,4649.8,3341.3046875,43091.71484375
434.1326856613159,2,4642.3,3275.62109375,43091.71484375
435.1455054283142,2,4351.0,3391.0,43091.71484375
436.16650438308716,2,4686.6,3336.76171875,43091.71484375
437.1877443790436,2,1601.0,3304.4453125,43091.71484375
438.1958439350128,2,94.2,3199.10546875,43091.71484375
439.20475029945374,2,101.2,3169.44140625,43091.71484375
440.21310663223267,2,122.9,3474.06640625,43161.734375
441.222047328949,2,101.2,3841.3359375,43161.734375
442.2302324771881,2,99.2,4185.38671875,43161.734375
443.23798656463623,4,15.9,4461.8984375,43450.1015625
444.2471857070923,4,100.1,4686.203125,43688.96484375
445.2558562755585,4,101.2,4919.859375,43937.9140625
446.26392245292664,4,101.2,5077.04296875,44106.765625
447.27200293540955,4,99.1,5377.42578125,44413.43359375
448.28099513053894,4,100.2,5709.23046875,44761.22265625
449.28899788856506,4,99.9,6041.26171875,45093.28515625
450.30024886131287,4,99.9,6372.36328125,45431.390625
451.3116910457611,4,99.0,6717.6875,45779.6953125
452.32215881347656,4,100.9,7066.99609375,46129.03125
453.333131313324,4,99.8,7388.19140625,46450.265625
454.34535455703735,4,99.9,7730.24609375,46796.12109375
455.3563783168793,4,99.9,8080.625,47146.48828125
456.36723041534424,4,100.0,8431.68359375,47497.5
457.37754106521606,4,99.9,8753.44140625,47819.25
458.3885567188263,4,99.9,9099.765625,48167.5546875
459.3996777534485,4,99.8,9451.671875,48519.46875
460.4113245010376,4,98.8,9775.390625,48843.28125
461.42316031455994,4,99.9,10124.76171875,49192.6171875
462.4341232776642,4,100.0,10473.53125,49541.30859375
463.4444303512573,4,99.8,10824.01171875,49891.8046875
464.4567377567291,4,99.9,11145.41015625,50214.5859375
465.46770119667053,4,99.8,11495.25,50564.4375
466.47940254211426,4,99.9,11844.515625,50913.64453125
467.4904203414917,4,100.0,12191.5390625,51260.66015625
468.50080251693726,4,100.8,12516.859375,51586.01953125
469.51275730133057,4,99.9,12864.97265625,51934.1953125
470.5240161418915,4,100.0,13214.19140625,52283.40234375
471.5342962741852,4,99.9,13560.38671875,52629.515625
472.5450758934021,4,98.9,13882.2421875,52951.39453125
473.55635380744934,4,100.8,14231.80078125,53300.859375
474.5681161880493,4,98.9,14425.46875,53494.60546875
475.5790910720825,4,100.0,14443.0546875,53512.13671875
476.58939123153687,4,99.8,14806.39453125,53935.109375
477.601530790329,4,99.9,14543.91015625,53612.78125
478.6128785610199,5,0.0,4396.60546875,43725.73828125
479.6255097389221,5,99.9,4606.2578125,43926.8046875
480.63666129112244,2,73.1,3332.5625,43848.05078125
481.6485970020294,2,560.9,3941.2109375,44185.78125
482.6595046520233,2,3212.4,5158.0703125,48281.84375
483.6854946613312,2,4708.5,5158.0703125,48281.84375
484.71250677108765,2,4632.1,5216.01953125,48281.84375
485.72376108169556,2,547.9,5892.8671875,50329.875
486.7329888343811,2,100.1,6280.76171875,50329.875
487.7418270111084,2,99.2,6512.77734375,50329.875
488.7495594024658,4,12.9,6891.96875,50713.75390625
489.75851798057556,4,99.1,7222.5859375,51047.88671875
490.7680673599243,4,100.1,7534.30859375,51359.7109375
491.77687430381775,4,100.1,7866.828125,51692.8203125
492.7862193584442,4,100.1,8209.5,52035.453125
493.7955687046051,4,99.1,8518.08984375,52344.0546875
494.80475544929504,4,100.9,8837.04296875,52662.96875
495.8159816265106,4,98.9,9164.29296875,52990.26171875
496.82760787010193,4,99.9,9472.0703125,53297.9609375
497.83894753456116,4,100.8,9778.2890625,53608.52734375
498.85068011283875,4,98.9,10109.13671875,53939.4296875
499.8621006011963,4,100.8,10460.6953125,54290.95703125
500.87391090393066,4,99.1,10805.4375,54635.78125
501.8829667568207,4,100.9,11169.05859375,54999.8125
502.8939735889435,4,98.9,11541.5234375,55372.22265625
503.9051122665405,4,100.8,11913.86328125,55744.50390625
504.9167170524597,4,99.9,12254.578125,56085.33203125
505.927529335022,4,99.9,12624.203125,56454.90625
506.93878746032715,4,99.9,12997.4921875,56828.21875
507.9499316215515,4,99.0,13354.46875,57185.16015625
508.96024322509766,4,99.9,13710.98828125,57541.71484375
509.97100377082825,4,99.8,14081.34375,57912.0625
510.98284006118774,4,99.9,14454.84765625,58285.50390625
511.99340891838074,4,99.9,14806.84765625,58639.48046875
513.0041785240173,4,100.7,15165.8125,58998.484375
514.0166594982147,4,98.8,15535.91015625,59368.57421875
515.0285544395447,4,99.8,15909.14453125,59741.7578125
516.0404644012451,4,100.0,16257.72265625,60090.3203125
517.0506432056427,4,99.8,16620.05078125,60452.67578125
518.0623180866241,4,99.9,16988.3671875,60820.9609375
519.0728232860565,4,99.9,17361.36328125,61194.015625
520.0836656093597,4,99.0,17707.0078125,61539.61328125
521.0934412479401,4,100.9,18072.4609375,61905.0625
522.1043107509613,4,99.0,18440.875,62273.4765625
523.1147079467773,4,100.9,18813.97265625,62646.66015625
524.1254227161407,4,99.5,19156.59765625,62989.29296875
525.1402997970581,4,99.2,19494.19140625,63326.8984375
526.1485681533813,4,100.2,19597.69921875,63430.41015625
527.1566076278687,4,100.2,19597.69921875,63430.41015625
528.1646904945374,4,99.1,19597.7734375,63430.41015625
529.1732730865479,4,100.1,19597.7734375,63430.41015625
530.1823017597198,4,100.2,19878.42578125,63894.84765625
531.1905965805054,4,99.2,20215.25390625,64159.265625
532.1989994049072,4,99.8,20223.25390625,64159.265625
533.2109706401825,4,99.8,19757.1484375,63589.53515625
534.2227082252502,5,0.0,6563.4921875,50501.3515625
535.2341933250427,5,100.0,7269.75,51350.04296875
536.2441577911377,5,98.8,7396.79296875,51580.98046875
537.2563354969025,2,24.7,5550.60546875,51034.75390625
538.2691748142242,2,98.9,5541.99609375,51034.75390625
539.280767917633,2,100.0,5557.55859375,51034.75390625
540.29079246521,2,99.9,6404.83203125,50522.72265625
541.301726102829,2,808.5,6907.7265625,50522.72265625
542.3146915435791,2,188.2,7056.73046875,50522.72265625
543.3244397640228,2,215.1,7080.44921875,50522.72265625
544.3333871364594,2,915.0,7377.75,50522.72265625
545.3458082675934,2,1850.3,11253.21484375,50522.72265625
546.3555030822754,2,4249.5,13415.31640625,50522.72265625
547.3803215026855,2,4536.8,14351.453125,50522.72265625
548.3994960784912,2,4338.9,14363.3359375,50522.72265625
549.4095335006714,2,3660.6,15327.87109375,50554.72265625
550.4542982578278,2,3495.5,14841.59375,50554.72265625
551.4675114154816,2,2805.2,15323.07421875,50554.72265625
552.481142282486,2,1810.7,15330.890625,50554.72265625
553.4924139976501,2,2884.6,15441.140625,50554.72265625
554.4995360374451,2,820.4,8048.48828125,50554.72265625
555.5085847377777,2,200.5,8053.24609375,50554.72265625
556.5163731575012,2,639.3,7822.32421875,50554.72265625
557.5435049533844,2,1096.0,7598.4765625,50554.72265625
558.5718405246735,2,918.6,10281.44921875,50554.72265625
559.5815017223358,2,3986.2,13093.58203125,50554.72265625
560.6025125980377,2,4549.7,14769.171875,56698.72265625
561.6285071372986,2,4483.1,14320.40625,56698.72265625
562.6415159702301,2,3201.9,14701.18359375,56698.72265625
563.6623117923737,2,3675.7,15011.44921875,56698.72265625
564.6715095043182,2,2252.4,15283.45703125,56698.72265625
565.6793122291565,2,2119.9,15359.7265625,56698.72265625
566.6914026737213,2,2730.6,15421.94921875,56698.72265625
567.6993627548218,2,1181.6,8580.01953125,56922.72265625
568.7072610855103,2,944.5,8100.76171875,56922.72265625
569.7189569473267,2,1297.2,7932.70703125,56922.72265625
570.7275402545929,2,1575.9,10709.16796875,56922.72265625
571.7595007419586,2,4414.1,12380.875,56922.72265625
572.7828483581543,2,4569.7,12939.7421875,56922.72265625
573.7985179424286,2,3997.4,14090.5234375,56922.72265625
574.8085334300995,2,3875.4,14849.578125,56922.72265625
575.8542711734772,2,4025.5,14153.078125,56922.72265625
576.8652129173279,2,2661.0,14391.875,56922.72265625
577.876405954361,2,2876.1,14266.62890625,56922.72265625
578.8865575790405,2,1111.1,7985.1015625,56922.72265625
579.896017074585,2,1250.1,8258.9921875,56922.72265625
580.9047527313232,2,1588.1,8005.01171875,56922.72265625
581.9134292602539,2,899.9,7844.453125,56922.72265625
582.9235153198242,2,2918.5,12207.96875,56922.72265625
583.9445097446442,2,4510.2,12812.8359375,56922.72265625
584.9701054096222,2,4358.8,13901.87890625,56922.72265625
585.9785404205322,2,3680.1,14804.484375,56922.72265625
587.0225274562836,2,4440.3,14759.609375,56922.72265625
588.070910692215,2,3319.3,14479.4296875,56922.72265625
589.078629732132,2,2120.9,14300.21484375,56922.72265625
590.0867562294006,2,3007.7,14436.3359375,56922.72265625
591.0947756767273,2,1318.0,8786.54296875,57178.72265625
592.103865146637,2,768.3,8163.6015625,57178.72265625
593.1175134181976,2,1136.5,7961.54296875,57178.72265625
594.1531393527985,2,1506.6,10698.95703125,57178.72265625
595.1685044765472,2,4454.2,12439.28125,57178.72265625
596.1895160675049,2,4563.4,14549.0390625,57178.72265625
597.2052974700928,2,4099.2,14120.51171875,57178.72265625
598.2185111045837,2,3853.8,14782.54296875,57178.72265625
599.2405104637146,2,4261.6,14161.36328125,57178.72265625
600.2605118751526,2,2641.8,14486.27734375,57178.72265625
601.2823777198792,2,2750.8,14427.51953125,57178.72265625
602.294135093689,2,1320.3,8002.68359375,57178.72265625
603.3028237819672,2,1207.8,8680.48828125,57178.72265625
604.3111960887909,2,1278.4,8112.26953125,57178.72265625
605.3205168247223,2,1059.3,7893.6171875,57178.72265625
606.3400044441223,2,2792.2,11720.86328125,57178.72265625
607.3543879985809,2,4439.8,12577.19140625,57178.72265625
608.3680920600891,2,4475.4,13478.3203125,57178.72265625
609.3821413516998,2,3927.0,14210.3828125,57178.72265625
610.3915498256683,2,4241.8,14965.80078125,57178.72265625
611.4415047168732,2,3953.1,14464.19140625,57178.72265625
612.4619257450104,2,2303.1,14614.01953125,57178.72265625
613.4715015888214,2,3208.8,14532.84765625,57178.72265625
614.4824230670929,2,889.6,8211.2734375,57178.72265625
615.4905834197998,2,1301.4,8415.7734375,57178.72265625
616.4986999034882,2,1272.3,8150.25,57178.72265625
617.5065522193909,2,1200.8,7956.80859375,57178.72265625
618.5237278938293,2,2985.9,11474.30859375,57178.72265625
619.5335144996643,2,4406.0,12371.8046875,57178.72265625
620.5602917671204,2,4424.9,13587.1171875,57178.72265625
621.5815336704254,2,3705.1,14448.28125,57178.72265625
622.6246118545532,2,4524.4,14083.50390625,57178.72265625
623.645537853241,2,2991.5,14051.0546875,57178.72265625
624.6538345813751,2,2309.8,13878.12890625,57178.72265625
625.6621453762054,2,3031.9,14087.65625,57178.72265625
626.6706800460815,2,1343.5,8846.140625,57178.72265625
627.6782298088074,2,766.5,8332.1171875,57178.72265625
628.6914486885071,2,1072.8,8224.77734375,57178.72265625
629.6999454498291,2,1577.2,10144.53515625,57178.72265625
630.7115030288696,2,4451.3,11735.55078125,57178.72265625
631.7320573329926,2,4369.3,12594.7734375,57178.72265625
632.7471258640289,2,4080.6,13805.7109375,57178.72265625
633.7574756145477,2,3954.0,14504.421875,57178.72265625
634.8017926216125,2,4064.3,13832.4765625,57178.72265625
635.8131084442139,2,2588.1,14071.51171875,57178.72265625
636.8224053382874,2,2914.1,14013.39453125,57178.72265625
637.834321975708,2,1203.9,8000.875,57178.72265625
638.840957403183,2,1364.4,8740.15625,57178.72265625
639.8487222194672,2,1191.0,8205.734375,57178.72265625
640.859267950058,2,1057.6,8100.15625,57178.72265625
641.869560956955,2,2430.9,11080.26953125,57178.72265625
642.9032135009766,2,4384.2,11989.09375,57178.72265625
643.92728972435,2,4541.7,13520.7421875,57178.72265625
644.9413058757782,2,3505.2,13917.91015625,57178.72265625
645.9555425643921,2,4371.1,14525.95703125,57178.72265625
647.0049068927765,2,3712.6,14253.12109375,57178.72265625
648.0165138244629,2,2240.8,14089.99609375,57178.72265625
649.0266304016113,2,3231.7,14147.23828125,57178.72265625
650.0395038127899,2,874.6,8792.171875,57178.72265625
651.0586144924164,2,1107.2,8450.8671875,57178.72265625
652.0685377120972,2,1549.0,8226.03515625,57178.72265625
653.081915140152,2,950.4,8423.48046875,57178.72265625
654.0945432186127,2,2942.7,12431.265625,57178.72265625
655.1095077991486,2,4471.4,12927.484375,57178.72265625
656.1255459785461,2,4418.4,13967.85546875,57178.72265625
657.1406309604645,2,3580.2,14279.4453125,57178.72265625
658.1505324840546,2,4356.5,14994.28125,57178.72265625
659.1953113079071,2,3925.3,14588.27734375,57178.72265625
660.2031614780426,2,2222.6,14627.59375,57178.72265625
661.2145042419434,2,3334.2,14596.8046875,57178.72265625
662.2316522598267,2,916.0,8217.50390625,57178.72265625
663.2415652275085,2,1243.5,7970.8046875,57178.72265625
664.2515406608582,2,1124.6,7779.84765625,57178.72265625
665.2764627933502,2,2050.1,11631.359375,57178.72265625
666.3215036392212,2,4374.4,13752.68359375,57178.72265625
667.3425095081329,2,4455.9,14398.796875,57178.72265625
668.3684651851654,2,4335.4,14442.109375,57178.72265625
669.3795421123505,2,3812.8,15536.6484375,57178.72265625
670.4244062900543,2,4567.0,14730.37109375,57178.72265625
671.4345366954803,2,4624.5,15440.1640625,57178.72265625
672.4776332378387,2,3411.5,15173.5546875,57178.72265625
673.4855117797852,2,2380.7,15100.83984375,57178.72265625
674.4985208511353,2,3219.1,15291.0234375,57178.72265625
675.506961107254,2,1564.8,7653.95703125,57178.72265625
676.5141501426697,2,980.3,11027.61328125,57178.72265625
677.5275058746338,2,4420.9,13157.26171875,57178.72265625
678.5495109558105,2,4598.8,14301.19921875,57178.72265625
679.571539402008,2,3668.8,13650.203125,57178.72265625
680.6155273914337,2,4649.3,13409.78125,57178.72265625
681.641542673111,2,4485.5,13503.87109375,57178.72265625
682.6905143260956,2,2961.5,13232.2890625,57178.72265625
683.712503194809,2,3190.0,13316.234375,57178.72265625
684.7247467041016,2,1780.5,7352.171875,57178.72265625
685.7338342666626,2,1017.9,10201.140625,57178.72265625
686.7445046901703,2,3938.2,12872.0078125,57178.72265625
687.7525098323822,2,4499.6,13774.6796875,57178.72265625
688.7791302204132,2,3750.2,12730.64453125,57178.72265625
689.7885348796844,2,4624.4,13504.8203125,57178.72265625
690.8372130393982,2,4494.4,13491.453125,57178.72265625
691.8800837993622,2,3382.5,13231.2265625,57178.72265625
692.887859582901,2,2911.2,13269.5625,57178.72265625
693.8999922275543,2,987.6,6980.734375,57178.72265625
694.9072458744049,2,213.0,7778.73046875,57178.72265625
695.9165804386139,2,1416.8,7642.6875,57178.72265625
696.9245092868805,2,2100.5,7704.5078125,57178.72265625
697.9435038566589,2,3333.0,10676.54296875,57178.72265625
698.9625127315521,2,4494.8,12377.89453125,57178.72265625
699.9882140159607,2,4329.5,13240.45703125,57178.72265625
701.001544713974,2,3936.6,14112.01953125,57178.72265625
702.0496437549591,2,3791.8,13440.0546875,57178.72265625
703.0595767498016,2,2636.1,13817.890625,57178.72265625
704.0708165168762,2,2889.1,13819.39453125,57178.72265625
705.083057641983,2,1078.2,7586.73828125,57178.72265625
706.0925097465515,2,210.4,8395.37890625,57178.72265625
707.1041848659515,2,1526.2,8127.15625,57178.72265625
708.1115055084229,2,2306.5,8011.6328125,57178.72265625
709.1505043506622,2,3367.3,10650.25390625,57178.72265625
710.1677010059357,2,4516.1,12803.140625,57178.72265625
711.1825070381165,2,4331.4,12978.3515625,57178.72265625
712.1985251903534,2,4005.3,13699.4921875,57178.72265625
713.2430891990662,2,3778.8,13369.1796875,57178.72265625
714.2517158985138,2,2135.3,13374.75390625,57178.72265625
715.2608680725098,2,2961.9,13512.94140625,57178.72265625
716.2695016860962,2,1090.5,8775.33203125,57178.72265625
717.2890679836273,2,952.0,8340.8359375,57178.72265625
718.3015971183777,2,1028.4,8094.08984375,57178.72265625
719.3235011100769,2,2049.9,7886.39453125,57178.72265625
720.3715043067932,2,3463.1,10364.8359375,57178.72265625
721.3905136585236,2,4438.5,12404.38671875,57178.72265625
722.4145057201385,2,4379.5,12887.4609375,57178.72265625
723.4365112781525,2,3792.1,13130.78515625,57178.72265625
724.4465029239655,2,3565.8,13621.65234375,57178.72265625
725.4565057754517,2,1976.0,13655.84765625,57178.72265625
726.4695048332214,2,3421.5,13639.3828125,57178.72265625
727.4810907840729,2,671.7,8480.453125,57178.72265625
728.4919905662537,2,1512.4,8426.31640625,57178.72265625
729.500216960907,2,1029.6,8202.79296875,57178.72265625
730.5103495121002,2,1556.0,7954.03125,57178.72265625
731.5763304233551,2,3020.9,10590.73046875,57178.72265625
732.582804441452,2,4166.8,11374.13671875,57178.72265625
733.5949907302856,2,4588.5,14097.51953125,57178.72265625
734.6095042228699,2,4308.3,14548.8828125,57178.72265625
735.629670381546,2,3915.9,14991.25390625,57178.72265625
736.6365356445312,2,3182.6,15172.80078125,57178.72265625
737.6485035419464,2,3481.1,16100.73046875,57178.72265625
738.6646106243134,2,1922.4,16121.21484375,57178.72265625
739.6730582714081,2,2697.8,16318.86328125,57178.72265625
740.7275075912476,2,1934.5,16557.5625,57498.72265625
741.7385034561157,2,1172.6,9017.9765625,57498.72265625
742.7575850486755,2,933.9,8303.51953125,57498.72265625
743.7673089504242,2,1020.0,8133.66015625,57498.72265625
744.7965033054352,2,1971.7,7917.734375,57498.72265625
745.8555061817169,2,3295.1,10875.02734375,57498.72265625
746.8765177726746,2,4317.9,11951.37109375,57498.72265625
747.9020533561707,2,4366.1,12696.05078125,57498.72265625
748.9165072441101,2,4374.5,14578.92578125,57498.72265625
749.9375085830688,2,3174.6,14998.59375,57498.72265625
750.9585049152374,2,3707.3,15457.76171875,57498.72265625
751.9799566268921,2,2292.6,16078.72265625,57498.72265625
752.9913954734802,2,2011.2,15949.83984375,57498.72265625
754.0037915706635,2,2972.2,16223.734375,57498.72265625
755.0119590759277,2,571.7,8241.51953125,57498.72265625
756.0213000774384,2,1641.0,8369.609375,57498.72265625
757.029794216156,2,706.5,8173.640625,57498.72265625
758.0405147075653,2,1259.3,7946.23046875,57498.72265625
759.0685112476349,2,2997.8,9645.79296875,57498.72265625
760.0849919319153,2,4383.5,11184.9453125,57498.72265625
761.1125156879425,2,4479.3,12392.6953125,57498.72265625
762.1297926902771,2,3929.8,13060.265625,57498.72265625
763.1408109664917,2,3355.1,13250.7265625,57498.72265625
764.1525070667267,2,3133.7,13764.2421875,57498.72265625
765.1765022277832,2,2094.3,13772.3046875,57498.72265625
766.1895217895508,2,2666.0,7640.98046875,58010.73046875
767.1982853412628,2,1528.8,9416.78515625,57498.72265625
768.2062387466431,2,692.9,8343.015625,57498.72265625
769.2174935340881,2,1204.4,8044.62890625,57498.72265625
770.2375113964081,2,3478.3,10040.765625,57498.72265625
771.2525134086609,2,4381.8,11393.328125,57498.72265625
772.2817535400391,2,4363.3,11715.6328125,57498.72265625
773.2945065498352,2,4426.3,13302.5625,57498.72265625
774.3113210201263,2,3036.4,13825.1484375,57498.72265625
775.3192386627197,2,3634.4,14412.87890625,57498.72265625
776.3269309997559,2,1880.7,14288.22265625,57498.72265625
777.3355250358582,2,3573.2,14425.453125,57498.72265625
778.3480443954468,2,542.8,8395.35546875,57498.72265625
779.3578176498413,2,1733.3,8318.81640625,57498.72265625
780.3650188446045,2,779.0,8137.56640625,57498.72265625
781.373895406723,2,755.0,7981.578125,57498.72265625
782.3831694126129,2,2645.8,8411.359375,57498.72265625
783.3925046920776,2,3948.9,10346.44921875,57498.72265625
784.413388967514,2,4441.1,13245.14453125,57498.72265625
785.4269752502441,2,4360.5,12982.171875,57498.72265625
786.4468891620636,2,3258.0,13181.71875,57498.72265625
787.4541344642639,2,3253.2,13934.01953125,57498.72265625
788.4615314006805,2,1409.9,13906.92578125,57498.72265625
789.4700791835785,2,3261.8,14080.14453125,57498.72265625
790.4795017242432,2,1203.8,8997.81640625,57498.72265625
791.4942486286163,2,1129.8,8223.1015625,57498.72265625
792.5035026073456,2,869.3,8027.01171875,57498.72265625
793.53222489357,2,737.5,7871.984375,57498.72265625
794.5405058860779,2,3298.6,9583.27734375,57498.72265625
795.5595138072968,2,4429.6,11241.70703125,57498.72265625
796.6015167236328,2,4428.1,11788.62109375,57498.72265625
797.6195318698883,2,4300.9,13059.72265625,57498.72265625
798.6301672458649,2,2962.3,13260.6796875,57498.72265625
799.648115158081,2,2590.3,13830.20703125,57498.72265625
800.6565005779266,2,2367.1,13995.23046875,57498.72265625
801.6703543663025,2,1969.3,7197.5078125,57498.72265625
802.6781551837921,2,1512.5,9335.77734375,57498.72265625
803.6870987415314,2,796.3,8210.4765625,57498.72265625
804.6955273151398,2,703.0,8116.37890625,57498.72265625
805.7045063972473,2,2345.4,7898.46484375,57498.72265625
806.7415044307709,2,3564.3,10303.87890625,57498.72265625
807.7625110149384,2,4510.0,12400.15234375,57498.72265625
808.7885053157806,2,4370.0,12996.59375,57498.72265625
809.8088200092316,2,3610.5,13318.23046875,57498.72265625
810.8257751464844,2,3367.6,13780.25390625,57498.72265625
811.8370091915131,2,2081.1,14147.0078125,57498.72265625
812.8464698791504,2,2558.9,14150.5390625,57498.72265625
813.8579344749451,2,1813.6,7465.01171875,57498.72265625
814.8662912845612,2,1555.8,9406.30078125,57498.72265625
815.8747642040253,2,630.6,8309.35546875,57498.72265625
816.8819556236267,2,1265.8,8024.12109375,57498.72265625
817.890697479248,2,2609.5,9439.859375,57498.72265625
818.9045062065125,2,4416.2,10930.09765625,57498.72265625
819.9305112361908,2,4484.3,12028.83984375,57498.72265625
820.9405398368835,2,4105.2,13245.171875,57498.72265625
821.9635088443756,2,3250.5,13361.390625,57498.72265625
822.9802327156067,2,3158.9,13908.859375,57498.72265625
824.0032439231873,2,2082.6,13901.96484375,57498.72265625
825.0143311023712,2,2932.0,14064.48828125,57498.72265625
826.022842168808,2,1577.6,8988.9453125,57498.72265625
827.0326154232025,2,627.9,8509.02734375,57498.72265625
828.0422720909119,2,976.6,8303.7421875,57498.72265625
829.0508856773376,2,2361.9,8301.58203125,57498.72265625
830.0615038871765,2,3433.3,10841.44140625,57498.72265625
831.0825088024139,2,4526.2,13019.125,57498.72265625
832.1035165786743,2,4274.9,13229.4609375,57498.72265625
833.1179766654968,2,3604.4,13384.87109375,57498.72265625
834.1252691745758,2,3590.4,13826.75390625,57498.72265625
835.134110212326,2,1975.5,13904.53125,57498.72265625
836.1525564193726,2,3378.0,13939.48046875,57498.72265625
837.169511795044,2,665.6,8710.71875,57498.72265625
838.1823818683624,2,1582.9,8515.50390625,57498.72265625
839.1906077861786,2,693.1,8352.421875,57498.72265625
840.1990852355957,2,1279.4,8090.55859375,57498.72265625
841.2085335254669,2,3114.1,10324.1484375,57498.72265625
842.2235143184662,2,4405.8,11510.8203125,57498.72265625
843.2495083808899,2,4443.0,12519.8203125,57498.72265625
844.2694256305695,2,3984.6,13627.6640625,57498.72265625
845.2807750701904,2,3460.6,13770.046875,57498.72265625
846.2915036678314,2,3138.4,14225.7109375,57498.72265625
847.3179409503937,2,1956.4,14238.08984375,57498.72265625
848.3305034637451,2,2979.0,14373.359375,57498.72265625
849.3385026454926,2,1412.0,9278.2265625,57498.72265625
850.3579587936401,2,683.9,8631.68359375,57498.72265625
851.3654329776764,2,1098.4,8426.59375,57498.72265625
852.398500919342,2,1978.3,8224.09765625,57498.72265625
853.4365031719208,2,3147.0,11369.640625,57498.72265625
854.4575102329254,2,4372.6,12278.71875,57498.72265625
855.4827153682709,2,4492.7,13050.58984375,57498.72265625
856.492508649826,2,4289.4,14995.17578125,57498.72265625
857.5125465393066,2,3831.3,16046.8359375,57498.72265625
858.5558879375458,2,3288.1,15467.81640625,57498.72265625
859.5759792327881,2,2829.7,16366.3984375,57498.72265625
860.586617231369,2,1742.2,16299.7265625,57498.72265625
861.5955765247345,2,3759.6,16596.41015625,57498.72265625
862.6044557094574,2,643.4,8037.94140625,58394.73046875
863.6131596565247,2,1607.5,9270.234375,57882.72265625
864.6221137046814,2,520.7,8524.875,57882.72265625
865.6305990219116,2,882.1,8404.6796875,57882.72265625
866.6394400596619,2,1415.7,8137.140625,57882.72265625
867.6685044765472,2,3493.8,10677.78515625,57882.72265625
868.6871387958527,2,4403.4,12072.41796875,57882.72265625
869.7139894962311,2,4388.1,13427.14453125,57882.72265625
870.7228586673737,2,3923.6,13800.87109375,57882.72265625
871.7318353652954,2,3533.3,13986.71875,57882.72265625
872.7418360710144,2,2852.6,14399.80859375,57882.72265625
873.7488038539886,2,2308.7,14358.44921875,57882.72265625
874.7603662014008,2,2401.2,7981.1953125,58394.74609375
875.768839597702,2,1634.0,9713.43359375,57882.72265625
876.7774748802185,2,683.6,8528.1484375,57882.72265625
877.7855062484741,2,1092.4,8297.69140625,57882.72265625
878.8163416385651,2,2025.2,8927.2578125,57882.72265625
879.8245029449463,2,3809.0,10899.85546875,57882.72265625
880.8435137271881,2,4490.8,13068.84765625,57882.72265625
881.8655054569244,2,4358.7,13389.19140625,57882.72265625
882.8798544406891,2,3340.2,13667.0625,57882.72265625
883.8911843299866,2,3674.3,14275.91015625,57882.72265625
884.9015073776245,2,1883.8,14102.14453125,57882.72265625
885.91051030159,2,3503.9,14238.68359375,57882.72265625
886.9201364517212,2,529.8,9109.47265625,57882.72265625
887.9281072616577,2,1604.4,8722.4765625,57882.72265625
888.9374942779541,2,870.0,8537.09765625,57882.72265625
889.9452912807465,2,1226.5,8244.25,57882.72265625
890.9543805122375,2,2810.1,10211.57421875,57882.72265625
891.9695048332214,2,4341.3,11645.2265625,57882.72265625
892.9905135631561,2,4606.6,14182.28515625,57882.72265625
894.0165069103241,2,4028.2,14761.48046875,57882.72265625
895.0305066108704,2,4100.6,15145.00390625,57882.72265625
896.04150557518,2,3435.4,15284.6015625,57882.72265625
897.0573675632477,2,3626.0,16320.31640625,57882.72265625
898.0643756389618,2,1867.9,16326.31640625,57882.72265625
899.0740430355072,2,2919.3,16388.4375,57882.72265625
900.0864396095276,2,1781.6,16676.23046875,57882.72265625
901.0945017337799,2,1363.2,9155.21484375,57882.72265625
902.1134414672852,2,734.2,8378.25,57882.72265625
903.1226525306702,2,697.9,8273.35546875,57882.72265625
904.1314296722412,2,1307.7,8046.046875,57882.72265625
905.1405396461487,2,3212.2,10417.58203125,57882.72265625
906.1565091609955,2,4376.7,11617.8671875,57882.72265625
907.1825678348541,2,4353.1,13226.28515625,57882.72265625
908.2046570777893,2,3774.7,13947.49609375,57882.72265625
909.2185025215149,2,3367.6,13879.5078125,57882.72265625
910.2416806221008,2,2163.7,14210.3515625,57882.72265625
911.2498626708984,2,3023.7,14110.21875,57882.72265625
912.2616422176361,2,1174.4,8975.24609375,57882.72265625
913.2688765525818,2,1659.2,9665.1796875,57882.72265625
914.2775027751923,2,750.5,8781.21484375,57882.72265625
915.2892305850983,2,1762.8,9815.51953125,57882.72265625
916.299501657486,2,3879.9,12042.8125,57882.72265625
917.3245105743408,2,4557.6,14176.51171875,57882.72265625
918.3505091667175,2,4383.9,14264.19921875,57882.72265625
919.3770160675049,2,3977.8,15123.3671875,57882.72265625
920.4245762825012,2,3832.7,14248.30078125,57882.72265625
921.4364655017853,2,2911.7,14650.84765625,57882.72265625
922.444803237915,2,2628.0,14553.6875,57882.72265625
923.45658826828,2,1337.9,8770.24609375,57882.72265625
924.4632804393768,2,1751.0,9523.5390625,57882.72265625
925.4718956947327,2,1070.0,8676.91015625,57882.72265625
926.479540348053,2,1860.1,12072.90625,57882.72265625
927.5070760250092,2,4391.4,14360.31640625,57882.72265625
928.5265107154846,2,4510.4,14591.15625,57882.72265625
929.5520043373108,2,4497.8,14694.14453125,57882.72265625
930.5645403862,2,3929.4,15888.79296875,57882.72265625
931.6147541999817,2,4519.7,15843.23046875,57882.72265625
932.6563167572021,2,4617.6,15767.48828125,57882.72265625
933.7056183815002,2,3172.3,15530.10546875,57882.72265625
934.7126445770264,2,2490.3,15481.09375,57882.72265625
935.7213785648346,2,2736.6,15694.125,57882.72265625
936.7305030822754,2,1486.4,9442.71484375,57882.72265625
937.7550933361053,2,924.2,8590.86328125,57882.72265625
938.7681357860565,2,1851.0,8620.703125,57882.72265625
939.776505947113,2,2953.2,12398.71484375,57882.72265625
940.7995097637177,2,4507.8,13050.52734375,57882.72265625
941.824761390686,2,4433.0,14595.2265625,57882.72265625
942.847912311554,2,3991.0,15491.28515625,57882.72265625
943.9000065326691,2,4112.2,14566.65625,57882.72265625
944.9121565818787,2,3285.6,15050.3828125,57882.72265625
945.9203946590424,2,2220.3,14915.91796875,57882.72265625
946.9278984069824,2,3097.4,14946.00390625,57882.72265625
947.9375460147858,2,1276.9,9241.51171875,57882.72265625
948.948525428772,2,1318.4,8628.07421875,57882.72265625
949.9579966068268,2,1604.0,9570.2109375,57882.72265625
950.9675025939941,2,3719.3,12087.07421875,57882.72265625
951.9885175228119,2,4553.1,13770.95703125,57882.72265625
953.0365159511566,2,4098.5,13940.1171875,57882.72265625
954.0465266704559,2,4308.0,14699.859375,57882.72265625
955.0915055274963,2,3735.7,14087.73046875,57882.72265625
956.1042008399963,2,2510.2,14237.2265625,57882.72265625
957.1142439842224,2,3085.6,14357.49609375,57882.72265625
958.1235048770905,2,886.5,9258.171875,57882.72265625
959.1424262523651,2,1575.3,8813.1328125,57882.72265625
960.1575071811676,2,1608.7,8628.79296875,57882.72265625
961.2004466056824,2,3015.2,12299.7265625,57882.72265625
962.2214462757111,2,4470.4,12961.0546875,57882.72265625
963.2485041618347,2,4390.9,14461.328125,57882.72265625
964.2685477733612,2,4084.1,15315.6015625,57882.72265625
965.3135092258453,2,4077.0,14498.328125,57882.72265625
966.3394932746887,2,3102.8,14936.3046875,57882.72265625
967.3478631973267,2,2181.8,14748.0546875,57882.72265625
968.3574998378754,2,3001.7,14943.625,57882.72265625
969.3650467395782,2,1600.3,9595.4453125,57882.72265625
970.372270822525,2,898.8,9062.65625,57882.72265625
971.3813931941986,2,1594.5,10523.609375,57882.72265625
972.3905158042908,2,3288.7,13734.78515625,57882.72265625
973.4145016670227,2,4511.5,14434.7265625,57882.72265625
974.4365234375,2,4450.9,16318.51953125,57882.72265625
975.4532058238983,2,4287.9,15167.71875,57882.72265625
976.4635455608368,2,4295.3,16035.25390625,57882.72265625
977.5085117816925,2,4438.7,15956.22265625,57882.72265625
978.5511360168457,2,3891.9,15201.2578125,57882.72265625
979.5635075569153,2,2964.9,15645.375,57882.72265625
980.5874054431915,2,2937.6,15731.03125,57882.72265625
981.5992727279663,2,1055.3,8539.52734375,57882.72265625
982.6065273284912,2,1731.8,9413.296875,57882.72265625
983.6146700382233,2,1034.0,8704.81640625,57882.72265625
984.6234104633331,2,1811.0,12097.0625,57882.72265625
985.6619186401367,2,4323.0,14395.53515625,57882.72265625
986.6735112667084,2,4563.7,14666.35546875,57882.72265625
987.6989448070526,2,4528.7,14911.5234375,57882.72265625
988.7135572433472,2,3875.3,16133.3203125,57882.72265625
989.7525413036346,2,4657.3,16056.19921875,57882.72265625
990.7855660915375,2,4524.4,16011.49609375,57882.72265625
991.8305041790009,2,3483.9,15713.66796875,57882.72265625
992.8430488109589,2,2322.5,15715.45703125,57882.72265625
993.851870059967,2,2839.5,15978.5625,57882.72265625
994.8605048656464,2,1878.7,8010.0546875,57882.72265625
995.8685026168823,2,2376.0,8345.6171875,57882.72265625
996.88050532341,2,2466.4,8948.86328125,57882.72265625
997.8903272151947,2,457.7,7485.76171875,57729.875
998.8999927043915,2,1881.2,8564.4375,57729.875
999.9286048412323,2,3097.5,11265.68359375,57729.875
1000.9425144195557,2,4431.5,13181.23046875,64897.875
1001.9673693180084,2,4494.6,13126.578125,64897.875
1002.985509634018,2,4198.3,15338.93359375,64897.875
1004.0105209350586,2,3403.2,15665.25390625,64897.875
1005.0381870269775,2,2944.1,15935.38671875,64897.875
1006.0459899902344,2,3280.8,17139.6875,64897.875
1007.0585057735443,2,1264.3,16885.82421875,64897.875
1008.0669784545898,2,2730.9,17080.49609375,64897.875
1009.0840029716492,2,1990.3,17362.39453125,64897.875
1010.092169046402,2,616.0,8186.69140625,64897.875
1011.1003406047821,2,1709.5,9010.48828125,64897.875
1012.1315226554871,2,2970.7,11479.4609375,64897.875
1013.1465051174164,2,4307.5,13094.93359375,64897.875
1014.167510509491,2,4489.1,16045.9921875,64897.875
1015.1935098171234,2,4639.7,21127.55078125,73137.875
1016.2195074558258,2,4190.3,16184.16015625,73137.875
1017.2375040054321,2,4369.5,18848.7578125,73137.875
1018.2583725452423,2,4347.7,19049.0390625,73137.875
1019.2695262432098,2,2799.5,19452.87890625,73137.875
1020.2965090274811,2,2666.5,19597.359375,73137.875
1021.318088054657,2,4086.4,20517.45703125,73137.875
1022.3307919502258,2,1612.6,21010.23828125,73137.875
1023.3401231765747,2,1403.2,20874.984375,73137.875
1024.3475036621094,2,2444.4,21224.99609375,73137.875
1025.3647730350494,2,3512.3,21381.05859375,73137.875
1026.3736040592194,2,571.8,9260.79296875,75185.890625
1027.3826086521149,2,1076.0,8776.24609375,73137.875
1028.3914904594421,2,3001.7,10815.9609375,73137.875
1029.4075028896332,2,4264.2,12724.9609375,73137.875
1030.4285135269165,2,4517.2,15783.39453125,73137.875
1031.454508781433,2,4614.6,20848.31640625,73137.875
1032.4765107631683,2,4277.0,17235.890625,73137.875
1033.4945137500763,2,4397.8,18376.25390625,73137.875
1034.51917719841,2,3369.7,18779.89453125,73137.875
1035.5274541378021,2,3259.8,18932.12109375,73137.875
1036.5365052223206,2,3672.2,19529.87109375,73137.875
1037.5484063625336,2,2518.7,20374.19140625,73137.875
1038.5571253299713,2,1326.5,20286.48828125,73137.875
1039.5650947093964,2,1497.5,20443.75,73137.875
1040.5747909545898,2,4367.5,20608.1328125,73137.875
1041.584669828415,2,749.2,7930.1484375,75185.890625
1042.5978572368622,2,893.2,8828.7421875,73137.875
1043.6064372062683,2,2479.3,10191.44921875,73137.875
1044.6145029067993,2,3957.0,12580.625,73137.875
1045.6355123519897,2,4411.5,14905.5,73137.875
1046.6625072956085,2,4647.0,19647.9296875,73137.875
1047.6895141601562,2,4298.9,15882.77734375,73137.875
1048.7065057754517,2,4279.4,18376.87109375,73137.875
1049.7271664142609,2,4084.6,18701.3203125,73137.875
1050.7415146827698,2,3138.8,18999.54296875,73137.875
1051.7685015201569,2,3048.2,19193.02734375,73137.875
1052.778703212738,2,3623.4,20372.8359375,73137.875
1053.7878794670105,2,1063.9,20304.02734375,73137.875
1054.7973086833954,2,1232.6,20205.8203125,73137.875
1055.8059749603271,2,3921.7,20387.4765625,73137.875
1056.817682981491,2,1673.8,20767.8046875,73137.875
1057.825322151184,2,779.6,8384.71875,73137.875
1058.8345007896423,2,2644.2,8855.1328125,73137.875
1059.8545105457306,2,3054.5,12343.32421875,73137.875
1060.8695034980774,2,4269.2,13424.5546875,73137.875
1061.891403913498,2,4615.7,18223.3671875,73137.875
1062.9195139408112,2,4413.8,15266.79296875,73137.875
1063.9295036792755,2,4198.9,18475.5390625,73137.875
1064.9505052566528,2,4430.1,18640.234375,73137.875
1065.9715144634247,2,2993.7,19046.19921875,73137.875
1066.998515844345,2,3131.6,19172.46484375,73137.875
1068.0189113616943,2,4151.7,20067.65234375,73137.875
1069.0269877910614,2,1305.8,20364.64453125,73137.875
1070.0385534763336,2,1218.9,20266.5625,73137.875
1071.0465047359467,2,2946.1,20557.76171875,73137.875
1072.0596470832825,2,2723.2,20757.93359375,73137.875
1073.067123889923,2,475.2,8085.515625,73137.875
1074.0752246379852,2,1017.2,9372.45703125,73137.875
1075.082837820053,2,3510.1,9903.0,73137.875
1076.0965235233307,2,2869.0,13949.30078125,73137.875
1077.1083426475525,2,4297.6,14711.94140625,73137.875
1078.1284062862396,2,4503.7,18113.3203125,73137.875
1079.1575174331665,2,4557.4,22934.59765625,73137.875
1080.1845226287842,2,4386.8,17808.82421875,73137.875
1081.209504365921,2,4377.8,20576.12109375,73137.875
1082.2337136268616,2,4378.5,20729.62890625,73137.875
1083.2596015930176,2,3026.3,20982.15234375,73137.875
1084.2901372909546,2,3076.3,21197.90625,73137.875
1085.2995028495789,2,3890.7,21721.53515625,73137.875
1086.3135032653809,2,2972.2,22709.8984375,73137.875
1087.3255059719086,2,1157.3,22603.46484375,73137.875
1088.333157300949,2,1243.6,22661.6328125,73137.875
1089.3423228263855,2,3591.6,22771.33984375,73137.875
1090.3528933525085,2,2502.0,23154.15234375,73137.875
1091.3614938259125,2,478.2,8066.0859375,73137.875
1092.3694479465485,2,1039.3,9373.09765625,73137.875
1093.3778731822968,2,3511.6,9874.0703125,73137.875
1094.3895332813263,2,2870.3,13924.7578125,73137.875
1095.4055037498474,2,4324.4,14714.72265625,73137.875
1096.426521539688,2,4548.1,18381.48828125,73137.875
1097.4534482955933,2,4577.1,23617.09375,73137.875
1098.4845461845398,2,4330.4,17824.9296875,73137.875
1099.5005040168762,2,4345.7,20562.19921875,73137.875
1100.521513223648,2,4466.8,20745.25,73137.875
1101.5425283908844,2,3052.2,21003.4296875,73137.875
1102.569566488266,2,2979.5,21182.05859375,73137.875
1103.5784232616425,2,3706.8,21699.65234375,73137.875
1104.5916182994843,2,3155.0,22760.55078125,73137.875
1105.5996630191803,2,1114.8,22608.28125,73137.875
1106.6079630851746,2,1273.1,22571.5078125,73137.875
1107.6165628433228,2,3437.6,22919.56640625,73137.875
1108.6297843456268,2,2618.5,23126.00390625,73137.875
1109.638985157013,2,468.1,7993.296875,73137.875
1110.6472914218903,2,1091.5,9381.796875,73137.875
1111.6595015525818,2,3530.3,9653.46875,73137.875
1112.6745131015778,2,2642.9,13594.98046875,73137.875
1113.6915044784546,2,4294.6,14713.453125,73137.875
1114.7189843654633,2,4548.8,18104.78515625,73137.875
1115.7455229759216,2,4607.3,23419.69140625,73137.875
1116.771513223648,2,4360.1,17083.3828125,73137.875
1117.7945048809052,2,4325.1,20466.0234375,73137.875
1118.8187777996063,2,4412.9,20636.12890625,73137.875
1119.8434505462646,2,3116.3,20854.6328125,73137.875
1120.8515219688416,2,3115.7,20971.7890625,73137.875
1121.866497516632,2,3184.2,21404.22265625,73137.875
1122.8779938220978,2,3641.6,22656.3828125,73137.875
1123.8879218101501,2,1081.9,22603.56640625,73137.875
1124.8963248729706,2,1296.6,22558.51953125,73137.875
1125.9075071811676,2,2979.0,22794.23828125,73137.875
1126.9318306446075,2,3036.6,22979.25390625,73137.875
1127.9402689933777,2,589.0,7575.3828125,73137.875
1128.948783159256,2,963.4,9300.94921875,73137.875
1129.9575018882751,2,3330.6,9593.171875,73137.875
1131.0189564228058,2,2652.1,13417.7578125,73137.875
1132.035505771637,2,4233.3,14669.9375,73137.875
1133.0565123558044,2,4528.0,18129.203125,73137.875
1134.0835118293762,2,4630.5,23230.17578125,73137.875
1135.1115274429321,2,4361.1,17181.10546875,73137.875
1136.1305046081543,2,4297.5,20565.70703125,73137.875
1137.1515057086945,2,4413.0,20743.65234375,73137.875
1138.171672821045,2,3231.6,20969.484375,73137.875
1139.179085969925,2,3251.1,21218.6953125,73137.875
1140.1863071918488,2,3212.5,21620.14453125,73137.875
1141.1986169815063,2,3540.8,22803.9765625,73137.875
1142.2098891735077,2,1104.3,22659.24609375,73137.875
1143.217469215393,2,1280.9,22586.8515625,73137.875
1144.2254688739777,2,3145.6,22899.03515625,73137.875
1145.2371912002563,2,2832.0,23064.34765625,73137.875
1146.246577501297,2,583.5,7845.1328125,73137.875
1147.2559328079224,2,1017.6,9377.83203125,73137.875
1148.2675025463104,2,3448.4,9631.94140625,73137.875
1149.3187692165375,2,2594.2,13456.66015625,73137.875
1150.3310496807098,2,4255.4,14693.1953125,73137.875
1151.3415100574493,2,4545.3,17806.51171875,73137.875
1152.3675093650818,2,4631.3,22676.99609375,73137.875
1153.3935210704803,2,4380.8,16932.69921875,73137.875
1154.4045057296753,2,4301.9,20478.48046875,73137.875
1155.4255068302155,2,4446.6,20655.8125,73137.875
1156.4465227127075,2,3260.8,20890.3671875,73137.875
1157.4774556159973,2,3339.5,21085.0546875,73137.875
1158.4865033626556,2,3075.1,21433.99609375,73137.875
1159.5012412071228,2,3783.8,22608.80859375,73137.875
1160.5089056491852,2,1107.0,22671.6328125,73137.875
1161.5210514068604,2,1299.5,22501.08203125,73137.875
1162.5287141799927,2,2761.5,22763.76953125,73137.875
1163.5391430854797,2,3331.2,23012.3515625,73137.875
1164.5476455688477,2,582.7,9457.72265625,75185.890625
1165.5567252635956,2,983.6,9365.8515625,73137.875
1166.567505121231,2,2858.2,9645.3046875,73137.875
1167.6095306873322,2,2283.0,13362.4765625,73137.875
1168.6355063915253,2,3773.7,15686.375,73137.875
1169.6555140018463,2,4299.8,16145.890625,73137.875
1170.6803431510925,2,4524.2,20347.83984375,73137.875
1171.7075111865997,2,4599.9,25449.4296875,83433.875
1172.734513759613,2,4637.9,30379.62109375,83433.875
1173.759079694748,2,4100.1,20561.3125,83433.875
1174.7744607925415,2,4507.0,24101.8359375,83433.875
1175.7925143241882,2,4234.6,24846.64453125,83433.875
1176.8188378810883,2,4332.1,25259.6171875,83433.875
1177.8377289772034,2,3326.4,25516.6328125,83433.875
1178.8703770637512,2,3218.9,25858.68359375,83433.875
1179.8795137405396,2,3160.2,25967.26171875,83433.875
1180.9005031585693,2,3424.7,26518.13671875,83433.875
1181.9175071716309,2,3416.8,27978.703125,83433.875
1182.9348402023315,2,1456.6,28499.53125,83433.875
1183.9455132484436,2,1504.6,28418.67578125,83433.875
1184.954220533371,2,1050.1,28609.01171875,83433.875
1185.9655044078827,2,4335.0,28873.9140625,83433.875
1186.9783976078033,2,2583.7,29473.2890625,83433.875
1187.9872679710388,2,656.3,29749.7421875,83433.875
1188.995982170105,2,712.8,8167.05078125,83433.875
1190.0047912597656,2,2334.9,9123.3046875,83433.875
1191.0195066928864,2,3614.1,11548.4609375,83433.875
1192.040518283844,2,4536.4,15532.05859375,83433.875
1193.0682544708252,2,4358.9,14808.03125,83433.875
1194.0811250209808,2,4167.1,15493.96484375,83433.875
1195.0915186405182,2,2843.8,15797.02734375,83433.875
1196.117493391037,2,3637.2,16617.80859375,83433.875
1197.1260495185852,2,1342.2,16894.421875,83433.875
1198.134507894516,2,2398.6,17075.89453125,83433.875
1199.146912574768,2,2409.5,17338.30078125,83433.875
1200.1577486991882,2,671.4,8369.3984375,83433.875
1201.166214466095,2,2315.2,9287.40234375,83433.875
1202.1755051612854,2,3685.6,11665.58984375,83433.875
1203.1895680427551,2,4568.5,15641.48046875,83433.875
1204.2385125160217,2,4342.4,14758.96875,83433.875
1205.251359462738,2,4054.8,15405.109375,83433.875
1206.2655096054077,2,2818.4,15677.3046875,83433.875
1207.2914171218872,2,3624.2,16533.13671875,83433.875
1208.2983558177948,2,1368.1,16742.1171875,83433.875
1209.3090510368347,2,2417.5,16937.20703125,83433.875
1210.3204455375671,2,2349.1,17215.859375,83433.875
1211.327470779419,2,494.8,8361.44140625,83433.875
1212.338114976883,2,1048.5,9476.6328125,83433.875
1213.3472287654877,2,3193.8,10936.69140625,83433.875
1214.356507062912,2,3279.2,14414.03515625,83433.875
1215.3805048465729,2,4085.8,15933.31640625,83433.875
1216.4015111923218,2,4393.1,17979.55859375,83433.875
1217.4297873973846,2,4594.6,22614.08984375,83433.875
1218.4603688716888,2,4572.0,28364.6953125,83433.875
1219.4875202178955,2,4464.1,23710.19921875,83433.875
1220.515517950058,2,4262.7,23196.5390625,83433.875
1221.5475041866302,2,4222.9,24774.73046875,83433.875
1222.5685021877289,2,4390.9,24966.59375,83433.875
1223.5899460315704,2,3666.3,25352.59765625,83433.875
1224.5985114574432,2,3061.9,25782.953125,83433.875
1225.625510931015,2,3797.7,25802.9296875,83433.875
1226.6468124389648,2,3550.7,26268.12890625,83433.875
1227.6581726074219,2,3775.1,27516.859375,83433.875
1228.6675338745117,2,1521.4,28338.8203125,83433.875
1229.6765065193176,2,1266.7,28314.90625,83433.875
1230.6837930679321,2,1181.5,28198.078125,83433.875
1231.6925120353699,2,3360.8,28953.71875,83433.875
1232.7131927013397,2,3661.7,29241.4453125,83433.875
1233.7216002941132,2,558.5,29496.51953125,83433.875
1234.7296783924103,2,600.3,9227.7421875,85481.890625
1235.7392106056213,2,1049.8,9157.45703125,83433.875
1236.7480745315552,2,2835.3,10493.61328125,83433.875
1237.757081270218,2,3412.1,13931.41015625,83433.875
1238.7695107460022,2,4290.2,14393.98046875,83433.875
1239.7950978279114,2,4534.8,19179.171875,83433.875
1240.8215131759644,2,4594.8,24249.62109375,83433.875
1241.8545112609863,2,4285.1,19065.375,83433.875
1242.8805167675018,2,4341.0,20271.10546875,83433.875
1243.9053168296814,2,3737.6,20642.4921875,83433.875
1244.9155189990997,2,3472.0,20886.11328125,83433.875
1245.9415113925934,2,2921.8,20994.16015625,83433.875
1246.952559709549,2,4023.2,22198.3515625,83433.875
1247.9633657932281,2,1375.3,22379.7890625,83433.875
1248.97265625,2,1261.0,22281.3046875,83433.875
1249.9835045337677,2,2654.7,22542.6484375,83433.875
1250.9978137016296,2,3133.5,22663.98828125,83433.875
1252.0064182281494,2,594.2,7951.2421875,85481.890625
1253.016505241394,2,981.8,9802.44921875,83433.875
1254.0395057201385,2,1998.6,10183.93359375,83433.875
1255.0901172161102,2,2389.2,12909.6328125,83433.875
1256.0998919010162,2,4439.9,15601.08984375,83433.875
1257.1115100383759,2,4021.1,16625.13671875,83433.875
1258.1325125694275,2,4446.5,18991.4296875,83433.875
1259.1645140647888,2,4630.9,23709.62109375,83433.875
1260.1915411949158,2,4639.0,29074.5,83433.875
1261.2125186920166,2,4348.7,24054.15234375,83433.875
1262.237512588501,2,4270.6,23934.984375,83433.875
1263.2685029506683,2,4201.1,25576.2265625,83433.875
1264.2915060520172,2,4406.9,25813.29296875,83433.875
1265.3106553554535,2,3919.6,26059.81640625,83433.875
1266.3185830116272,2,2924.4,26315.71484375,83433.875
1267.3285257816315,2,3860.8,26676.4296875,83433.875
1268.355503320694,2,2737.4,26736.765625,83433.875
1269.3695068359375,2,4115.4,28106.01953125,83433.875
1270.390202999115,2,2505.1,29063.3828125,83433.875
1271.3996596336365,2,1178.7,29127.48046875,83433.875
1272.4110248088837,2,1466.7,29004.33984375,83433.875
1273.4225137233734,2,1394.9,29217.46875,83433.875
1274.4405045509338,2,4392.4,29456.3671875,83433.875
1275.454505443573,2,2314.7,30052.5234375,83433.875
1276.4627873897552,2,650.5,30321.7578125,83433.875
1277.4712431430817,2,489.1,8265.1484375,83433.875
1278.4791958332062,2,1020.2,9601.46875,83433.875
1279.4885108470917,2,3622.0,9834.0703125,83433.875
1280.5285079479218,2,2312.0,14223.9140625,83433.875
1281.554503917694,2,4146.8,16063.796875,83433.875
1282.57453250885,2,4429.4,16935.8828125,83433.875
1283.6025104522705,2,4594.9,21632.94921875,83433.875
1284.6266236305237,2,4545.5,27068.65234375,83433.875
1285.6535115242004,2,4209.4,29870.98828125,83433.875
1286.6775450706482,2,4298.4,21424.06640625,83433.875
1287.709260225296,2,4208.4,25016.26171875,83433.875
1288.7285075187683,2,4407.7,25244.2265625,83433.875
1289.7495148181915,2,4392.6,25431.875,83433.875
1290.77405667305,2,3243.5,25761.89453125,83433.875
1291.7835149765015,2,3363.2,26140.69140625,83433.875
1292.809514284134,2,2623.1,26142.5625,83433.875
1293.8353760242462,2,4092.3,27472.453125,83433.875
1294.8565080165863,2,2676.6,28496.8984375,83433.875
1295.8650414943695,2,1192.4,28371.25,83433.875
1296.8756744861603,2,1448.5,28433.39453125,83433.875
1297.884179353714,2,1930.8,29104.6328125,83433.875
1298.8955833911896,2,4585.6,28877.17578125,83433.875
1299.9075920581818,2,1082.8,29447.86328125,83433.875
1300.9165315628052,2,881.2,29816.1953125,83433.875
1301.9248449802399,2,576.3,8936.90625,83433.875
1302.933500289917,2,1179.6,9841.18359375,83433.875
1303.9622452259064,2,3194.7,11524.66015625,83433.875
1304.9713761806488,2,3645.9,14998.3125,83433.875
1305.9893040657043,2,4138.4,16198.04296875,83433.875
1307.0085175037384,2,4449.4,18483.1796875,83433.875
1308.0330374240875,2,4572.6,23231.5234375,83433.875
1309.059515953064,2,4558.3,28665.8046875,83433.875
1310.0865392684937,2,4618.9,21582.921875,83433.875
1311.1121125221252,2,4260.6,23289.68359375,83433.875
1312.1255056858063,2,4169.3,24936.2421875,83433.875
1313.1465616226196,2,4325.5,25219.9375,83433.875
1314.155523777008,2,3622.2,25560.125,83433.875
1315.1805157661438,2,3161.1,25932.40234375,83433.875
1316.2069680690765,2,3509.0,25941.9140625,83433.875
1317.216505765915,2,3607.6,26316.16015625,83433.875
1318.2274436950684,2,3997.4,27649.85546875,83433.875
1319.235506772995,2,1529.8,28395.8203125,83433.875
1320.249503850937,2,1210.2,28604.33984375,83433.875
1321.2786300182343,2,1152.7,28504.375,83433.875
1322.2865085601807,2,3103.2,28834.26953125,83433.875
1323.3005459308624,2,4115.9,29329.6875,83433.875
1324.3081204891205,2,551.5,29633.65625,83433.875
1325.3217713832855,2,597.0,8966.0234375,85481.890625
1326.3300116062164,2,950.0,9449.78515625,83433.875
1327.338373184204,2,2637.2,9746.640625,83433.875
1328.3895270824432,2,2323.3,13499.1875,83433.875
1329.4075045585632,2,4292.8,15733.41015625,83433.875
1330.4285113811493,2,4315.7,16196.515625,83433.875
1331.4485456943512,2,4496.3,20630.12890625,83433.875
1332.4745125770569,2,4590.3,25007.3359375,83433.875
1333.5045206546783,2,4535.1,29160.36328125,83433.875
1334.5185086727142,2,4221.8,20572.62890625,83433.875
1335.5445833206177,2,4196.7,24862.63671875,83433.875
1336.5545120239258,2,4543.8,24867.95703125,83433.875
1337.579511165619,2,4329.6,25336.5390625,83433.875
1338.6040658950806,2,3496.8,25573.0390625,83433.875
1339.6315169334412,2,3377.8,26020.58203125,83433.875
1340.6585114002228,2,2781.9,25986.6640625,83433.875
1341.6807610988617,2,4030.2,27353.65625,83433.875
1342.690301656723,2,2942.2,28432.0625,83433.875
1343.698504447937,2,1135.8,28316.7734375,83433.875
1344.709870815277,2,1435.0,28412.9140625,83433.875
1345.7205204963684,2,1716.3,28998.37109375,83433.875
1346.745614528656,2,4602.7,28776.31640625,83433.875
1347.7654342651367,2,1306.5,29414.69921875,83433.875
1348.7749409675598,2,860.2,29767.6875,83433.875
1349.7839744091034,2,489.1,8851.4921875,83433.875
1350.791888475418,2,918.1,10102.390625,83433.875
1351.8015036582947,2,3435.9,10224.56640625,83433.875
1352.8325145244598,2,2216.5,13538.21484375,83433.875
1353.8495054244995,2,4235.0,16638.3203125,83433.875
1354.868275642395,2,4285.1,17084.203125,83433.875
1355.8805184364319,2,4494.9,20179.25,83433.875
1356.906497001648,2,4639.9,25014.47265625,83433.875
1357.9335203170776,2,4574.6,30529.15625,83433.875
1358.9580998420715,2,4502.7,22721.39453125,83433.875
1359.9805266857147,2,4255.8,24424.33203125,83433.875
1361.007506608963,2,4261.7,26146.8203125,83433.875
1362.032504081726,2,4384.7,26377.87890625,83433.875
1363.0483994483948,2,3926.9,26684.37890625,83433.875
1364.075517654419,2,2991.1,26854.89453125,83433.875
1365.0914514064789,2,3417.9,27306.0234375,83433.875
1366.119422674179,2,2850.1,27264.4140625,83433.875
1367.127506017685,2,4194.3,28516.18359375,83433.875
1368.1485860347748,2,3073.0,29796.859375,83433.875
1369.1572308540344,2,1046.8,29733.11328125,83433.875
1370.1665053367615,2,1230.0,29831.62890625,83433.875
1371.1864318847656,2,1032.2,29799.75390625,83433.875
1372.1965098381042,2,3193.6,30148.53515625,83433.875
1373.2115099430084,2,4455.9,30273.98046875,83433.875
1374.2302260398865,2,756.8,30754.99609375,83433.875
1375.2395238876343,2,657.0,7965.8359375,85481.890625
1376.2484638690948,2,940.7,8566.546875,83433.875
1377.2573735713959,2,3277.6,10844.625,83433.875
1378.2695128917694,2,4203.2,12909.625,83433.875
1379.2948684692383,2,4485.2,12987.22265625,83433.875
1380.3065133094788,2,4298.9,15182.3203125,83433.875
1381.3322763442993,2,3316.8,15469.87109375,83433.875
1382.3405072689056,2,3184.0,15895.140625,83433.875
1383.3539645671844,2,2382.5,16829.6640625,83433.875
1384.3628418445587,2,1216.3,16737.859375,83433.875
1385.3708798885345,2,3659.2,17225.765625,83433.875
1386.379791021347,2,639.9,9043.98828125,85481.890625
1387.3885071277618,2,1313.1,9077.39453125,83433.875
1388.4487035274506,2,3439.2,11475.734375,83433.875
1389.4675226211548,2,4396.0,13760.8515625,83433.875
1390.4928925037384,2,4466.0,13128.79296875,83433.875
1391.5115067958832,2,4287.1,15094.3671875,83433.875
1392.5325155258179,2,3225.5,15352.77734375,83433.875
1393.5568594932556,2,3514.3,16068.984375,83433.875
1394.5784103870392,2,1638.1,16631.4921875,83433.875
1395.5905072689056,2,1887.4,16695.03515625,83433.875
1396.6045656204224,2,2760.3,16862.9609375,83433.875
1397.6129367351532,2,567.4,7987.953125,83433.875
1398.6229214668274,2,888.2,10069.9765625,83433.875
1399.6325047016144,2,2086.9,10178.265625,83433.875
1400.6607687473297,2,2635.9,12552.99609375,83433.875
1401.6694037914276,2,4016.6,15450.66796875,83433.875
1402.68550491333,2,4130.5,16832.3125,83433.875
1403.7065188884735,2,4344.2,18266.79296875,83433.875
1404.7311630249023,2,4531.5,23001.6640625,83433.875
1405.7585101127625,2,4560.0,28022.6640625,83433.875
1406.7885100841522,2,4558.3,32389.01171875,83433.875
1407.8135206699371,2,4135.6,21867.29296875,83433.875
1408.8427057266235,2,4149.1,26209.0078125,83433.875
1409.8525121212006,2,4570.6,26163.046875,83433.875
1410.8985059261322,2,4249.1,26529.9609375,83433.875
1411.9235253334045,2,2820.5,26895.98046875,83433.875
1412.9505157470703,2,3392.5,27194.73828125,83433.875
1413.977510690689,2,3240.4,27192.3125,83433.875
1414.9965047836304,2,3769.3,27650.58984375,83433.875
1416.0170843601227,2,3969.7,28871.078125,83433.875
1417.0250840187073,2,1442.5,29692.79296875,83433.875
1418.0337841510773,2,1224.1,29644.05078125,83433.875
1419.041813135147,2,1379.2,29517.3046875,83433.875
1420.0545103549957,2,1863.9,30223.58203125,83433.875
1421.0725045204163,2,4570.3,30046.24609375,83433.875
1422.0843126773834,2,1870.8,30583.54296875,83433.875
1423.0922648906708,2,716.0,30908.18359375,83433.875
1424.1006574630737,2,491.0,8429.80078125,83433.875
1425.1088140010834,2,976.3,9661.5625,83433.875
1426.1184997558594,2,3727.2,9867.6328125,83433.875
1427.1849193572998,2,2285.8,14049.15234375,83433.875
1428.2294096946716,2,4235.8,15882.515625,83433.875
1429.2411706447601,2,4300.3,16348.63671875,83433.875
1430.2545218467712,2,4592.5,21273.1796875,83433.875
1431.280513048172,2,4597.5,26878.62890625,83433.875
1432.3065123558044,2,4540.9,31005.51171875,83433.875
1433.3215217590332,2,4202.1,20825.25390625,83433.875
1434.3405044078827,2,4187.7,24960.078125,83433.875
1435.3615307807922,2,4378.3,25170.75390625,83433.875
1436.3825080394745,2,4409.4,25338.56640625,83433.875
1437.4075181484222,2,3141.7,25565.26953125,83433.875
1438.4415135383606,2,3406.1,25994.296875,83433.875
1439.4677367210388,2,2755.0,25963.1015625,83433.875
1440.477505683899,2,4207.1,27343.140625,83433.875
1441.4978969097137,2,2563.8,28372.28125,83433.875
1442.5095274448395,2,1187.3,28308.53515625,83433.875
1443.5160052776337,2,1463.4,28309.21484375,83433.875
1444.5255041122437,2,2040.3,29009.59765625,83433.875
1445.5415074825287,2,4596.1,28823.66015625,83433.875
1446.5527927875519,2,913.8,29388.44921875,83433.875
1447.5615651607513,2,885.6,29765.46484375,83433.875
1448.572164773941,2,474.2,8890.5390625,83433.875
1449.580245256424,2,866.4,10032.2421875,83433.875
1450.5895020961761,2,3638.7,10162.49609375,83433.875
1451.6145060062408,2,2269.0,14242.0859375,83433.875
1452.647355556488,2,4304.0,16574.46875,83433.875
1453.6695115566254,2,4273.6,17013.64453125,83433.875
1454.6875116825104,2,4474.0,20811.640625,83433.875
1455.7145144939423,2,4599.4,25425.0546875,83433.875
1456.7435116767883,2,4634.7,30880.8828125,83433.875
1457.7641553878784,2,4347.8,20651.5859375,83433.875
1458.7825691699982,2,4258.6,24523.32421875,83433.875
1459.8065044879913,2,4165.9,26239.58203125,83433.875
1460.8275027275085,2,4456.3,26415.94140625,83433.875
1461.8478465080261,2,3916.7,26705.24609375,83433.875
1462.8562860488892,2,2924.3,26937.22265625,83433.875
1463.8715295791626,2,2983.7,27317.83984375,83433.875
1464.8865141868591,2,3021.9,27272.81640625,83433.875
1465.9121701717377,2,4043.5,28488.453125,83433.875
1466.9245018959045,2,3418.5,29971.6328125,83433.875
1467.9446561336517,2,1126.6,29631.015625,83433.875
1468.9515039920807,2,1315.4,29769.1640625,83433.875
1469.9714603424072,2,1040.1,29470.86328125,83433.875
1470.9805028438568,2,3193.1,30087.84375,83433.875
1471.9975900650024,2,4409.4,30311.2421875,83433.875
1473.0085096359253,2,771.0,30708.19140625,83433.875
1474.0175037384033,2,644.1,7762.921875,85481.890625
1475.0264780521393,2,586.3,9120.0234375,83433.875
1476.0345103740692,2,1214.2,9847.1953125,83433.875
1477.0781633853912,2,3300.3,11459.2421875,83433.875
1478.0875127315521,2,3597.7,15000.796875,83433.875
1479.108503818512,2,4130.2,16202.62109375,83433.875
1480.129519701004,2,4475.8,18429.45703125,83433.875
1481.1541414260864,2,4581.2,23189.0234375,83433.875
1482.1825067996979,2,4590.0,28247.2109375,83433.875
1483.2085134983063,2,4391.4,21981.82421875,83433.875
1484.226532459259,2,4278.8,23197.578125,83433.875
1485.2415068149567,2,4147.8,24867.28515625,83433.875
1486.2625036239624,2,4367.6,25086.37109375,83433.875
1487.2826654911041,2,3613.1,25493.671875,83433.875
1488.2919816970825,2,2862.5,25862.42578125,83433.875
1489.30313706398,2,3830.9,25779.09375,83433.875
1490.3115074634552,2,2996.5,26134.3125,83433.875
1491.324506521225,2,4179.9,27523.84765625,83433.875
1492.3425123691559,2,1901.2,28329.53515625,83433.875
1493.3558263778687,2,1132.1,28439.078125,83433.875
1494.3645493984222,2,1320.7,28488.9765625,83433.875
1495.3735046386719,2,2584.0,28813.53125,83433.875
1496.388503074646,2,4409.3,29001.609375,83433.875
1497.4092423915863,2,763.1,29520.84765625,83433.875
1498.4181032180786,2,653.5,8309.2109375,85481.890625
1499.426440000534,2,725.2,9236.15625,83433.875
1500.5035014152527,2,1918.9,9780.7578125,83433.875
1501.5216898918152,2,2348.0,12589.3125,83433.875
1502.5340521335602,2,4246.2,15761.421875,83433.875
1503.5455045700073,2,4261.6,16229.28515625,83433.875
1504.5585119724274,2,4528.8,19701.73828125,83433.875
1505.5855095386505,2,4604.4,24710.8671875,83433.875
1506.6125121116638,2,4615.3,30175.2109375,83433.875
1507.6367418766022,2,4304.0,19991.51953125,83433.875
1508.653531551361,2,4491.7,23944.76953125,83433.875
1509.6724140644073,2,4183.5,24929.19140625,83433.875
1510.6978878974915,2,4262.8,25265.9375,83433.875
1511.7105176448822,2,3341.3,25542.1484375,83433.875
1512.7425134181976,2,3388.7,25833.0859375,83433.875
1513.7695093154907,2,3198.1,25912.37109375,83433.875
1514.7995026111603,2,4010.0,26533.515625,83433.875
1515.811508178711,2,3186.1,28103.8046875,83433.875
1516.8276660442352,2,1242.0,28335.87890625,83433.875
1517.8375222682953,2,1443.7,28325.9375,83433.875
1518.856593132019,2,905.0,28294.87890625,83433.875
1519.8655071258545,2,4111.1,28751.76171875,83433.875
1520.8805060386658,2,2949.0,29471.76171875,83433.875
1521.900823354721,2,618.8,29619.78515625,83433.875
1522.9091629981995,2,499.6,8017.60546875,83433.875
1523.9161109924316,2,1069.4,9332.04296875,83433.875
1524.9251382350922,2,3366.4,10110.68359375,83433.875
1525.9355056285858,2,3111.7,13926.46484375,83433.875
1526.956505537033,2,4285.5,14705.34765625,83433.875
1527.97651553154,2,4483.5,18566.30078125,83433.875
1529.0035111904144,2,4576.8,23448.90234375,83433.875
1530.0295152664185,2,4345.7,17905.50390625,83433.875
1531.0455033779144,2,4353.5,20650.96875,83433.875
1532.064517736435,2,4396.6,20863.56640625,83433.875
1533.0894603729248,2,3012.7,21090.7734375,83433.875
1534.120123386383,2,3067.9,21266.83203125,83433.875
1535.1295046806335,2,3522.9,21705.71484375,83433.875
1536.1419870853424,2,3263.2,22876.3828125,83433.875
1537.1505835056305,2,1122.9,22726.82421875,83433.875
1538.159630537033,2,1279.3,22763.58203125,83433.875
1539.1665415763855,2,3104.7,23013.33984375,83433.875
1540.1918811798096,2,2832.5,23154.58203125,83433.875
1541.200334072113,2,580.0,7889.21484375,83433.875
1542.2089037895203,2,910.0,9676.19921875,83433.875
1543.21750831604,2,2660.7,9875.82421875,83433.875
1544.2668778896332,2,2286.2,12814.57421875,83433.875
1545.2855052947998,2,4327.7,15844.49609375,83433.875
1546.3065104484558,2,4302.5,16319.37109375,83433.875
1547.3265149593353,2,4496.9,20068.4765625,83433.875
1548.3535075187683,2,4565.3,24425.94140625,83433.875
1549.3795058727264,2,4642.4,29827.00390625,83433.875
1550.40554189682,2,4227.2,20573.40625,83433.875
1551.4295115470886,2,4501.3,24077.09375,83433.875
1552.4485149383545,2,4214.2,24835.5546875,83433.875
1553.4731557369232,2,4262.5,25254.734375,83433.875
1554.4955425262451,2,3385.2,25509.68359375,83433.875
1555.5213112831116,2,3229.2,25826.62109375,83433.875
1556.5305705070496,2,3155.7,25928.578125,83433.875
1557.5391554832458,2,3721.0,26437.30078125,83433.875
1558.5515041351318,2,3362.6,28006.078125,83433.875
1559.561658859253,2,1287.1,28390.69140625,83433.875
1560.5701048374176,2,1444.3,28330.96875,83433.875
1561.5788447856903,2,995.3,28275.578125,83433.875
1562.586524963379,2,4029.5,28783.56640625,83433.875
1563.598524570465,2,2919.9,29380.9140625,83433.875
1564.6079623699188,2,717.6,29634.02734375,83433.875
1565.6168615818024,2,430.5,7975.203125,83433.875
1566.6250336170197,2,1023.8,9511.390625,83433.875
1567.6335053443909,2,3122.8,9750.34765625,83433.875
1568.6715095043182,2,2334.4,13502.95703125,83433.875
1569.6925015449524,2,4291.8,15724.33984375,83433.875
1570.7131102085114,2,4274.2,16193.3671875,83433.875
1571.7398743629456,2,4524.4,21263.36328125,83433.875
1572.7659521102905,2,4621.4,25739.03515625,83433.875
1573.79683303833,2,4612.4,30862.1796875,83433.875
1574.8175337314606,2,4203.5,20382.9140625,83433.875
1575.8305060863495,2,4176.6,24747.21484375,83433.875
1576.8626596927643,2,4599.5,24790.9453125,83433.875
1577.8725111484528,2,4290.9,25149.09765625,83433.875
1578.8935234546661,2,3057.5,25414.31640625,83433.875
1579.9255182743073,2,3200.1,25874.375,83433.875
1580.952509880066,2,3057.2,25858.62890625,83433.875
1581.9734222888947,2,4077.6,27251.109375,83433.875
1582.985601425171,2,2900.0,28310.1875,83433.875
1583.9937336444855,2,1140.3,28321.19921875,83433.875
1585.0022249221802,2,1504.3,28229.9765625,83433.875
1586.0095117092133,2,1716.0,28944.0234375,83433.875
1587.0305061340332,2,4561.5,28688.5546875,83433.875
1588.0506250858307,2,1316.1,29299.5625,83433.875
1589.059534072876,2,828.4,29661.484375,83433.875
1590.066336631775,2,500.0,8658.56640625,83433.875
1591.074473619461,2,971.5,9783.0703125,83433.875
1592.0835037231445,2,3712.8,9961.0234375,83433.875
1593.1443982124329,2,2289.4,13879.59765625,83433.875
1594.1665031909943,2,4231.8,16112.51953125,83433.875
1595.1905114650726,2,4330.9,16568.859375,83433.875
1596.2275173664093,2,4537.1,21173.23828125,83433.875
1597.261503458023,2,4625.5,26075.52734375,83433.875
1598.2885122299194,2,4604.5,31585.015625,83433.875
1599.3135254383087,2,4251.1,21139.67578125,83433.875
1600.3405106067657,2,4216.4,25488.421875,83433.875
1601.3615128993988,2,4577.8,25403.765625,83433.875
1602.3865156173706,2,4188.0,25845.3828125,83433.875
1603.4115188121796,2,2959.3,26151.66796875,83433.875
1604.4295146465302,2,3370.9,26494.56640625,83433.875
1605.4456405639648,2,3235.5,26427.42578125,83433.875
1606.4569556713104,2,3892.1,27094.65625,83433.875
1607.4695060253143,2,3395.9,28543.17578125,83433.875
1608.4785056114197,2,1422.6,29152.64453125,83433.875
1609.4970722198486,2,1189.6,29029.78125,83433.875
1610.5056405067444,2,1214.4,29049.125,83433.875
1611.5252676010132,2,3322.7,29353.17578125,83433.875
1612.5377538204193,2,4200.4,29771.59765625,83433.875
1613.5468575954437,2,504.7,30060.6796875,83433.875
1614.5554127693176,2,645.9,8732.77734375,85481.890625
1615.563331604004,2,1027.3,8926.171875,83433.875
1616.5718760490417,2,2554.3,10216.6015625,83433.875
1617.5805072784424,2,4047.3,12342.19140625,83433.875
1618.6015138626099,2,4489.4,15590.96484375,83433.875
1619.6275174617767,2,4567.6,19959.2578125,83433.875
1620.6402378082275,2,4231.2,17372.1640625,83433.875
1621.6505076885223,2,4332.1,17667.28125,83433.875
1622.6712639331818,2,2927.3,18042.578125,83433.875
1623.6825025081635,2,3229.7,18184.55859375,83433.875
1624.6945037841797,2,3788.0,19405.0234375,83433.875
1625.7066190242767,2,1083.3,19344.6484375,83433.875
1626.7142610549927,2,1219.3,19307.58203125,83433.875
1627.7215023040771,2,4403.8,19487.3359375,83433.875
1628.7411124706268,2,778.9,7846.41796875,83433.875
1629.7500441074371,2,736.8,9023.45703125,83433.875
1630.7586743831635,2,2750.3,9512.70703125,83433.875
1631.789494752884,2,2733.9,13188.8046875,83433.875
1632.811503648758,2,4304.0,14314.87109375,83433.875
1633.832511663437,2,4532.6,17834.3671875,83433.875
1634.8585076332092,2,4635.9,23007.53515625,83433.875
1635.884507894516,2,4304.0,17527.5,83433.875
1636.9045059680939,2,4322.6,20038.88671875,83433.875
1637.9286358356476,2,4384.7,20233.12890625,83433.875
1638.9430713653564,2,3027.6,20458.23828125,83433.875
1639.9525139331818,2,3177.5,20718.71484375,83433.875
1640.9647629261017,2,3760.7,21559.84765625,83433.875
1641.975828886032,2,1960.4,22008.68359375,83433.875
1642.9841394424438,2,1311.4,22016.8984375,83433.875
1643.994508266449,2,1719.3,22184.08203125,83433.875
1645.0123238563538,2,4356.4,22343.6796875,83433.875
1646.02015376091,2,637.8,8013.83203125,85481.890625
1647.0282137393951,2,871.1,9008.01171875,83433.875
1648.0375006198883,2,2808.7,9403.9921875,83433.875
1649.0655088424683,2,2791.9,13518.01171875,83433.875
1650.089285850525,2,4309.3,14138.16015625,83433.875
1651.108493566513,2,4499.2,18395.08984375,83433.875
1652.1385171413422,2,4584.8,22874.0859375,83433.875
1653.1775109767914,2,4346.4,18538.4375,83433.875
1654.2045171260834,2,4381.1,19690.71875,83433.875
1655.230518579483,2,3656.0,19988.0546875,83433.875
1656.2465133666992,2,3248.0,20263.5078125,83433.875
1657.273502588272,2,3325.6,20417.1171875,83433.875
1658.288501739502,2,3990.0,21766.33203125,83433.875
1659.3086156845093,2,1151.9,21810.98046875,83433.875
1660.3190495967865,2,1272.8,21750.671875,83433.875
1661.3295063972473,2,3387.3,21978.265625,83433.875
1662.3410229682922,2,2355.8,22186.50390625,83433.875
1663.3481614589691,2,551.4,8042.984375,83433.875
1664.3574998378754,2,1324.4,9434.58203125,83433.875
1665.4145057201385,2,2823.9,11718.109375,83433.875
1666.4285037517548,2,4328.5,13949.6640625,83433.875
1667.4585130214691,2,4406.8,16105.4375,83433.875
1668.485511302948,2,4600.5,21208.8828125,83433.875
1669.5125098228455,2,4362.5,16366.703125,83433.875
1670.5285036563873,2,4220.7,19874.48828125,83433.875
1671.5495047569275,2,4397.0,20073.9296875,83433.875
1672.569696187973,2,3237.3,20273.31640625,83433.875
1673.5792953968048,2,3296.7,20315.68359375,83433.875
1674.5881652832031,2,3693.2,20915.76953125,83433.875
1675.6002180576324,2,2515.0,21823.95703125,83433.875
1676.6100747585297,2,1299.7,21822.515625,83433.875
1677.6205043792725,2,1371.3,21948.88671875,83433.875
1678.6349325180054,2,4405.4,21870.91015625,83433.875
1679.6471021175385,2,1013.1,20742.484375,83433.875
1680.6547510623932,2,695.8,8911.453125,83433.875
1681.667501449585,2,2448.5,9479.66015625,83433.875
1682.6980781555176,2,2756.1,13119.91015625,83433.875
1683.7145059108734,2,4298.8,14291.5390625,83433.875
1684.735512971878,2,4534.8,17544.62890625,83433.875
1685.7635157108307,2,4589.1,22553.5859375,83433.875
1686.7895340919495,2,4297.7,17545.70703125,83433.875
1687.810506105423,2,4365.9,20118.34375,83433.875
1688.8315122127533,2,4455.2,20321.22265625,83433.875
1689.8565213680267,2,3093.9,20476.19140625,83433.875
1690.8735134601593,2,2863.7,20753.09375,83433.875
1691.89750289917,2,3670.7,21501.27734375,83433.875
1692.9185144901276,2,2339.2,22042.7890625,83433.875
1693.930920600891,2,1308.4,21969.6640625,83433.875
1694.9405076503754,2,1428.2,21992.98046875,83433.875
1695.9577960968018,2,4469.2,22150.375,83433.875
1696.9694447517395,2,905.5,21891.58984375,83433.875
1697.9765808582306,2,864.8,8665.7578125,83433.875
1698.9865036010742,2,2253.6,10249.83984375,83433.875
1699.9965014457703,2,4300.5,12124.8671875,83433.875
1701.0145127773285,2,4485.8,15673.33203125,83433.875
1702.0650072097778,2,4531.5,17229.6015625,83433.875
1703.0805037021637,2,4178.1,17151.15234375,83433.875
1704.1015033721924,2,4415.6,17366.17578125,83433.875
1705.113517999649,2,2807.1,17741.44921875,83433.875
1706.140353679657,2,3381.1,18010.6484375,83433.875
1707.1523790359497,2,3126.0,19108.7265625,83433.875
1708.1614742279053,2,1181.6,18998.171875,83433.875
1709.1685123443604,2,1761.4,19202.51171875,83433.875
1710.1813218593597,2,3653.2,19422.87109375,83433.875
1711.194661140442,2,583.0,9233.6875,85481.890625
1712.2031190395355,2,1141.5,8745.84375,83433.875
1713.2125103473663,2,3100.1,10918.046875,83433.875
1714.2305040359497,2,4254.5,12293.359375,83433.875
1715.256514787674,2,4608.9,16750.0234375,83433.875
1716.295509815216,2,4410.8,14524.01953125,83433.875
1717.3145048618317,2,4214.2,17263.69921875,83433.875
1718.334686756134,2,4174.9,17540.3984375,83433.875
1719.3425121307373,2,3148.7,17906.20703125,83433.875
1720.3682672977448,2,3545.3,18249.44921875,83433.875
1721.3794453144073,2,2465.5,19119.89453125,83433.875
1722.3883652687073,2,1324.0,19007.3359375,83433.875
1723.396503686905,2,2152.7,19186.51171875,83433.875
1724.4082791805267,2,3191.0,19426.203125,83433.875
1725.4165818691254,2,578.0,9481.8359375,85481.890625
1726.4255058765411,2,1712.8,8653.859375,83433.875
1727.4714455604553,2,3325.7,11311.421875,83433.875
1728.479511499405,2,4428.8,13482.578125,83433.875
1729.5065171718597,2,4471.9,13115.125,83433.875
1730.5225145816803,2,4229.9,15301.25,83433.875
1731.5426032543182,2,3136.8,15485.52734375,83433.875
1732.5514023303986,2,3287.7,15885.7265625,83433.875
1733.5622951984406,2,2417.1,16765.3203125,83433.875
1734.5724675655365,2,1252.3,16681.7734375,83433.875
1735.5826716423035,2,3811.9,17098.2734375,83433.875
1736.5907559394836,2,622.3,8465.39453125,85481.890625
1737.5999131202698,2,1969.8,8666.12890625,83433.875
1738.6095306873322,2,2629.0,10775.72265625,83433.875
1739.6265051364899,2,3957.4,13239.84375,83433.875
1740.647515296936,2,4490.4,15864.37109375,83433.875
1741.6734075546265,2,4379.9,16314.2578125,83433.875
1742.695510149002,2,3670.3,16663.953125,83433.875
1743.7035074234009,2,3403.4,16764.62109375,83433.875
1744.7125039100647,2,2701.2,17264.40625,83881.875
1745.7215056419373,2,3920.0,18765.671875,83881.875
1746.7418656349182,2,2467.3,19218.4140625,83881.875
1747.749507188797,2,2465.4,19405.76171875,83881.875
1748.7625050544739,2,3710.0,19626.56640625,83881.875
1749.7745518684387,2,588.7,9465.4453125,85929.890625
1750.7834227085114,2,2092.8,8828.7265625,83881.875
1751.7905037403107,2,3231.5,11780.5859375,83881.875
1752.8085041046143,2,4285.7,13432.9375,83881.875
1753.8295123577118,2,4573.4,17359.09765625,83881.875
1754.855506181717,2,4134.1,16467.9453125,83881.875
1755.876525402069,2,3566.2,16745.20703125,83881.875
1756.9070315361023,2,3087.3,16949.18359375,83881.875
1757.9175035953522,2,3820.3,17861.92578125,83881.875
1758.9335064888,2,3793.3,18969.734375,83881.875
1759.94837474823,2,1345.3,19051.73828125,83881.875
1760.9565033912659,2,4035.8,19312.67578125,83881.875
1761.9703879356384,2,1865.7,19574.25390625,83881.875
1762.9778535366058,2,1150.7,8267.5078125,83881.875
1763.9885058403015,2,2764.8,8815.2890625,83881.875
1765.022507429123,2,3526.8,13163.5625,83881.875
1766.0435135364532,2,4376.9,14521.9765625,83881.875
1767.069676399231,2,4454.6,14878.36328125,83881.875
1768.095510005951,2,4284.9,16570.12109375,83881.875
1769.1205112934113,2,3149.5,16809.0625,83881.875
1770.1465203762054,2,2811.6,17073.9609375,83881.875
1771.154506444931,2,4253.3,18587.3515625,83881.875
1772.1752247810364,2,2817.0,19150.55859375,83881.875
1773.1855113506317,2,1968.0,19397.86328125,83881.875
1774.1993443965912,2,4309.8,19539.27734375,83881.875
1775.2080669403076,2,632.9,8426.4296875,85929.890625
1776.2160151004791,2,1967.8,8783.66015625,83881.875
1777.2247650623322,2,2576.6,10520.9296875,83881.875
1778.2325019836426,2,4222.7,13345.4921875,83881.875
1779.2625105381012,2,4509.6,16327.9609375,83881.875
1780.2885043621063,2,4281.8,16386.25,83881.875
1781.3095266819,2,3638.4,16796.078125,83881.875
1782.3362836837769,2,3248.7,17003.4921875,83881.875
1783.3473014831543,2,3532.7,17626.01171875,83881.875
1784.3595049381256,2,4305.9,18811.65625,83881.875
1785.3681120872498,2,1537.7,19172.140625,83881.875
1786.375504732132,2,3221.4,19382.3671875,83881.875
1787.389503955841,2,2745.1,19593.4140625,83881.875
1788.4060597419739,2,628.1,8077.9140625,83881.875
1789.4165081977844,2,2378.8,8840.9453125,83881.875
1790.4572138786316,2,3666.3,12900.67578125,83881.875
1791.468420267105,2,4332.8,13393.5,83881.875
1792.4798936843872,2,4465.3,14915.296875,83881.875
1793.49551486969,2,4185.1,16568.9609375,83881.875
1794.508521080017,2,3469.4,16824.65625,83881.875
1795.5310616493225,2,2998.6,17013.6640625,83881.875
1796.537503004074,2,3891.8,18154.4375,83881.875
1797.5492281913757,2,3479.3,19222.74609375,83881.875
1798.55815076828,2,1334.2,19190.23046875,83881.875
1799.5662636756897,2,4460.3,19338.15234375,83881.875
1800.5761005878448,2,1318.9,19693.0546875,83881.875
1801.586753129959,2,1530.6,8541.8828125,83881.875
1802.596183538437,2,2622.8,9265.8515625,83881.875
1803.6055023670197,2,3779.2,13320.58203125,83881.875
1804.6265122890472,2,4451.6,14887.875,83881.875
1805.6535127162933,2,4455.3,15556.43359375,83881.875
1806.6755163669586,2,4121.8,16669.36328125,83881.875
1807.688513994217,2,3218.3,16900.12890625,83881.875
1808.7185153961182,2,2752.6,17154.546875,83881.875
1809.742506980896,2,4311.3,18768.34375,83881.875
1810.7629160881042,2,2684.7,19176.890625,83881.875
1811.776505947113,2,1985.6,19363.77734375,83881.875
1812.7887105941772,2,4290.5,19535.13671875,83881.875
1813.7954585552216,2,624.3,8604.91796875,85929.890625
1814.804609298706,2,2013.8,8751.07421875,83881.875
1815.8145265579224,2,2669.8,10914.2421875,83881.875
1816.8355078697205,2,4271.2,13428.50390625,83881.875
1817.8565130233765,2,4582.4,16459.2578125,83881.875
1818.8845081329346,2,4261.7,16391.03125,83881.875
1819.9045269489288,2,3535.5,16759.4375,83881.875
1820.9349210262299,2,3221.5,16970.703125,83881.875
1821.9463348388672,2,3722.4,17659.34765625,83881.875
1822.9585070610046,2,4336.2,18853.71875,83881.875
1823.969974040985,2,1504.7,19168.625,83881.875
1824.9795067310333,2,3292.0,19379.76171875,83881.875
1825.9925067424774,2,2768.3,19593.71875,83881.875
1827.0039610862732,2,810.1,8110.46484375,83881.875
1828.0125033855438,2,2363.3,8839.953125,83881.875
1829.0365061759949,2,3648.6,12954.00390625,83881.875
1830.049510717392,2,4282.6,13416.37109375,83881.875
1831.0630702972412,2,4491.2,15054.10546875,83881.875
1832.0805139541626,2,4189.2,16524.7265625,83881.875
1833.0985293388367,2,3507.1,16734.65234375,83881.875
1834.1165115833282,2,3198.2,16941.96484375,83881.875
1835.127943277359,2,3865.0,18104.9609375,83881.875
1836.1383085250854,2,3617.4,19229.7421875,83881.875
1837.1468999385834,2,1201.8,19090.83984375,83881.875
1838.1575064659119,2,4327.0,19337.671875,83881.875
1839.1723799705505,2,1616.0,19653.92578125,83881.875
1840.1853234767914,2,1359.1,8360.9765625,83881.875
1841.1955049037933,2,2809.3,8848.62890625,83881.875
1842.2341063022614,2,3479.3,13273.80859375,83881.875
1843.2415142059326,2,4388.8,14571.12109375,83881.875
1844.2685120105743,2,4403.5,14929.75,83881.875
1845.2875137329102,2,4270.1,16624.515625,83881.875
1846.3124194145203,2,3197.0,16856.45703125,83881.875
1847.3295123577118,2,2821.4,17149.484375,83881.875
1848.350504875183,2,4268.9,18660.2890625,83881.875
1849.3728408813477,2,2887.7,19184.37109375,83881.875
1850.3855085372925,2,1984.6,19434.8515625,83881.875
1851.3976719379425,2,4351.0,19568.01171875,83881.875
1852.4068629741669,2,640.1,8596.82421875,85929.890625
1853.4160046577454,2,2011.4,8793.3984375,83881.875
1854.4250359535217,2,2567.3,10597.359375,83881.875
1855.4415068626404,2,4271.5,13377.9921875,83881.875
1856.4615206718445,2,4569.3,16133.48046875,83881.875
1857.489508152008,2,4347.4,16424.95703125,83881.875
1858.5084202289581,2,3581.0,16799.66796875,83881.875
1859.535085439682,2,3254.9,16923.51953125,83881.875
1860.543503522873,2,3624.3,17570.8671875,83881.875
1861.554782152176,2,4357.0,18802.07421875,83881.875
1862.5651516914368,2,1550.7,19133.1953125,83881.875
1863.5775048732758,2,3310.7,19322.0625,83881.875
1864.5923805236816,2,2759.6,19587.796875,83881.875
1865.6018941402435,2,750.8,8088.26953125,83881.875
1866.6123492717743,2,2413.0,8833.05859375,83881.875
1867.6399953365326,2,3639.3,13002.234375,83881.875
1868.6505110263824,2,4275.2,13414.5,83881.875
1869.6631772518158,2,4460.4,13855.734375,83881.875
1870.672503709793,2,4267.1,16517.49609375,83881.875
1871.6895303726196,2,3522.7,16776.50390625,83881.875
1872.6985898017883,2,3009.6,17009.2734375,83881.875
1873.709897518158,2,3914.8,18131.35546875,83881.875
1874.7213838100433,2,3465.6,19206.7109375,83881.875
1875.7295002937317,2,1356.5,19205.92578125,83881.875
1876.745501279831,2,4427.3,19239.578125,83881.875
1877.7551438808441,2,1281.0,19631.9140625,83881.875
1878.7659239768982,2,1545.0,8501.58203125,83881.875
1879.7750375270844,2,2441.6,9529.296875,83881.875
1880.7835080623627,2,4003.3,13270.56640625,83881.875
1881.8045110702515,2,4463.8,15060.125,83881.875
1882.830510377884,2,4481.9,15801.66015625,83881.875
1883.8436057567596,2,3884.4,16589.5703125,83881.875
1884.8515145778656,2,3400.5,16794.2265625,83881.875
1885.8690876960754,2,2889.4,17101.38671875,83881.875
1886.8805062770844,2,4373.3,18641.12890625,83881.875
1887.9010081291199,2,2279.7,19071.0859375,83881.875
1888.9155156612396,2,2477.2,19398.01171875,83881.875
1889.933627128601,2,3553.4,19524.42578125,83881.875
1890.9420812129974,2,648.5,9225.90234375,85929.890625
1891.9504578113556,2,2051.5,8728.98828125,83881.875
1892.9595618247986,2,3097.1,11677.109375,83881.875
1893.9733259677887,2,4258.9,13374.70703125,83881.875
1894.995394706726,2,4519.6,17142.04296875,83881.875
1896.0213651657104,2,4167.3,16480.7890625,83881.875
1897.0411927700043,2,3600.3,16705.66015625,83881.875
1898.0685095787048,2,3068.0,16919.875,83881.875
1899.0945060253143,2,3780.8,17806.4375,83881.875
1900.1070029735565,2,3893.4,19019.77734375,83881.875
1901.1146450042725,2,1384.2,19082.62890625,83881.875
1902.1235041618347,2,3972.6,19310.91796875,83881.875
1903.1356270313263,2,2012.9,19562.375,83881.875
1904.1449100971222,2,1071.7,8260.5390625,83881.875
1905.1555042266846,2,3245.4,11295.85546875,83881.875
1906.2035131454468,2,4429.9,13655.046875,83881.875
1907.2286207675934,2,4242.1,14423.2265625,83881.875
1908.246494293213,2,3161.5,14757.7890625,83881.875
1909.2564344406128,2,3788.2,15917.140625,83881.875
1910.2695043087006,2,2510.0,16282.87890625,83881.875
1911.2775151729584,2,3305.1,16424.96875,83881.875
1912.2932860851288,2,1619.7,8394.23828125,85929.890625
1913.302508354187,2,1993.2,8597.99609375,83881.875
1914.3515050411224,2,3723.5,11549.10546875,83881.875
1915.3700799942017,2,4414.9,13097.2578125,83881.875
1916.3835272789001,2,3727.1,14424.0078125,83881.875
1917.4146542549133,2,3325.9,14691.30859375,83881.875
1918.4262540340424,2,3966.2,16091.04296875,83881.875
1919.4382705688477,2,1656.3,16238.796875,83881.875
1920.4465050697327,2,3679.4,16395.60546875,83881.875
1921.4585671424866,2,845.7,8190.265625,83881.875
1922.466509103775,2,3013.3,10827.73046875,83881.875
1923.4995167255402,2,4279.7,12741.1875,83881.875
1924.5275013446808,2,4217.3,14334.36328125,83881.875
1925.5475256443024,2,3549.5,14626.0546875,83881.875
1926.5577194690704,2,3715.5,15400.125,83881.875
1927.569786787033,2,2908.3,16281.3515625,83881.875
1928.57750415802,2,2942.6,16351.125,83881.875
1929.5889158248901,2,2058.1,16686.7421875,83881.875
1930.5975060462952,2,1339.5,8626.06640625,83881.875
1931.624243736267,2,3760.8,11577.65625,83881.875
1932.6449394226074,2,4454.4,12519.234375,83881.875
1933.6605231761932,2,3920.5,14452.19921875,83881.875
1934.6725125312805,2,3113.5,14617.28125,83881.875
1935.6865043640137,2,4024.7,15917.58203125,83881.875
1936.7067122459412,2,1808.8,16088.33984375,83881.875
1937.7145085334778,2,4063.3,16356.80859375,83881.875
1938.72482919693,2,703.7,9670.140625,85929.890625
1939.733627319336,2,3497.0,9540.60546875,83881.875
1940.7475068569183,2,3754.9,10493.38671875,83881.875
1941.7662987709045,2,2848.4,10706.609375,83881.875
1942.7755043506622,2,1557.7,8626.859375,83881.875
1943.836383342743,2,3725.6,11627.3203125,83881.875
1944.857572555542,2,4417.6,12614.921875,83881.875
1945.8735094070435,2,3899.4,14500.1640625,83881.875
1946.8849420547485,2,3172.9,14714.57421875,83881.875
1947.8955087661743,2,4233.8,15932.80078125,83881.875
1948.917155265808,2,1685.7,16137.51171875,83881.875
1949.9291188716888,2,3945.7,16367.94921875,83881.875
1950.9371166229248,2,665.2,8127.01171875,83881.875
1951.9495077133179,2,3366.4,10107.984375,83881.875
1952.963506937027,2,4310.0,12036.84375,83881.875
1953.9763617515564,2,3166.9,12340.42578125,83881.875
1954.9882259368896,2,3476.8,13263.2578125,83881.875
1955.9997236728668,2,3301.7,13349.68359375,83881.875
1957.0063750743866,2,822.9,8558.51171875,83881.875
1958.0165021419525,2,3617.6,10364.078125,83881.875
1959.037514925003,2,4348.4,12038.23828125,83881.875
1960.0536770820618,2,3229.9,12408.3984375,83881.875
1961.064778804779,2,2932.4,13085.8359375,83881.875
1962.0725057125092,2,3184.7,13263.44140625,83881.875
1963.0848507881165,2,299.7,5230.52734375,76713.71875
1964.092297077179,2,102.2,4895.33984375,76713.71875
1965.1005692481995,2,103.2,4782.3125,76713.71875
