elapsed_time,nproc,cpu,mem_real,mem_virtual
3.8623809814453125e-05,1,0.0,3.83203125,7.5234375
1.0069680213928223,4,0.0,425.45703125,4189.5
2.0145819187164307,4,99.3,611.9921875,4391.5
3.0215554237365723,4,99.1,611.203125,4451.5
4.030807733535767,4,99.2,615.6171875,4451.5
5.038850545883179,4,100.1,613.859375,4451.5
6.047492980957031,4,100.2,622.40234375,4499.5
7.055764436721802,4,99.9,613.84765625,4499.5
8.066850900650024,4,98.9,595.4140625,4499.5
9.078172445297241,4,99.9,600.02734375,4499.5
10.089045286178589,4,99.9,654.32421875,4499.5
11.100524663925171,4,99.1,702.6328125,4555.5
12.110082387924194,4,98.8,752.63671875,4619.5
13.121739864349365,4,100.9,810.6328125,4705.5
14.132579565048218,4,98.9,866.640625,4705.5
15.143811225891113,4,99.8,912.640625,4801.5
16.15549945831299,4,99.8,954.640625,4801.5
17.167068481445312,2,0.0,35.51953125,51.9453125
18.17853879928589,2,0.0,290.8046875,3758.66796875
19.190194845199585,2,100.9,703.8984375,5216.69921875
20.20081400871277,2,98.9,904.078125,5856.69921875
21.211930751800537,2,99.9,1174.07421875,7136.69921875
22.222860097885132,2,100.0,1464.05078125,7136.69921875
23.233250379562378,2,99.9,1682.046875,9704.69921875
24.244271516799927,2,99.9,1971.30859375,9704.69921875
25.25540018081665,2,99.9,1907.9609375,9192.66796875
26.265997171401978,2,99.9,1905.05078125,9192.66796875
27.276745080947876,2,99.9,1905.05078125,9192.66796875
28.28758668899536,2,99.8,1902.64453125,9192.65234375
29.29915499687195,2,99.8,1892.18359375,9192.65234375
30.310930728912354,2,100.0,1884.609375,9192.65234375
31.32134437561035,2,99.9,1966.16015625,9704.68359375
32.33186459541321,2,99.9,2009.65625,9752.68359375
33.34348011016846,2,782.6,2411.33984375,13341.62890625
34.370489835739136,2,4649.7,3182.84375,14167.12890625
35.39457941055298,2,4644.2,3494.10546875,14537.62890625
36.42727541923523,2,4659.0,3689.84765625,14771.62890625
37.45348882675171,2,4748.7,3841.72265625,15033.62890625
38.48048782348633,2,4662.3,3906.890625,15160.62890625
39.50721526145935,2,4651.8,3989.83203125,15322.62890625
40.533491134643555,2,4666.2,4087.8046875,15530.62890625
41.56048631668091,2,4660.5,4095.296875,15586.62890625
42.585489988327026,2,4687.3,4161.58984375,15784.62890625
43.61035132408142,2,4621.8,4181.0546875,15816.62890625
44.63749122619629,2,4657.8,4263.48046875,15962.62890625
45.664491415023804,2,4649.5,4345.63671875,16047.62890625
46.69148588180542,2,4681.7,4310.71484375,16109.62890625
47.71649146080017,2,4631.6,4390.98828125,16205.62890625
48.74349093437195,2,4649.4,4449.515625,16324.62890625
49.76848816871643,2,4662.5,4482.078125,16372.62890625
50.795491218566895,2,4700.4,4580.0546875,16584.62890625
51.822484731674194,2,4674.1,4549.74609375,16634.62890625
52.85049033164978,2,4639.9,4576.9453125,16760.62890625
53.877496004104614,2,4665.2,4596.9453125,16864.62890625
54.904491901397705,2,4714.9,4768.98828125,16919.62890625
55.93149137496948,2,4643.8,4736.3515625,16952.62890625
56.9564905166626,2,4653.9,4628.58984375,16952.62890625
57.97448968887329,2,4649.4,4705.203125,16990.62890625
59.001497983932495,2,4681.5,4794.75,17102.62890625
60.02849578857422,2,4711.3,4718.515625,17235.62890625
61.05549240112305,2,4643.5,4670.48828125,17261.62890625
62.08148980140686,2,4630.1,4740.0078125,17301.62890625
63.108495473861694,2,4666.5,4816.4609375,17397.62890625
64.1354911327362,2,4715.5,4808.28515625,17457.62890625
65.16249418258667,2,4653.1,4794.78515625,17529.62890625
66.18749618530273,2,4611.6,4742.89453125,17787.62890625
67.21449279785156,2,4652.7,4732.4296875,17805.62890625
68.24149012565613,2,4687.3,4721.1328125,17921.62890625
69.27448391914368,2,4639.5,4658.83203125,17921.62890625
70.30149006843567,2,4617.4,4605.3359375,17933.62890625
71.32249116897583,2,4639.3,4650.0078125,17977.62890625
72.34949541091919,2,4719.9,4734.390625,18075.62890625
73.37646675109863,2,4646.7,4684.36328125,18075.62890625
74.40349292755127,2,4611.8,4667.61328125,18087.62890625
75.43048763275146,2,4644.2,4637.875,18087.62890625
76.45749235153198,2,4707.2,4767.6953125,18163.62890625
77.48449063301086,2,4654.7,5015.46875,18411.62890625
78.5104992389679,2,4609.9,5351.265625,18767.62890625
79.53749465942383,2,4657.5,5395.12109375,18871.62890625
80.56448745727539,2,4691.1,5322.09765625,18941.62890625
81.59149050712585,2,4685.5,5297.53125,18967.62890625
82.61859631538391,2,4646.2,5289.5625,18967.62890625
83.64549088478088,2,4650.3,5230.828125,18967.62890625
84.67249083518982,2,4660.1,5346.41796875,19087.62890625
85.69949007034302,2,4697.7,5378.84375,19159.62890625
86.72637748718262,2,4641.7,5397.93359375,19159.62890625
87.7544858455658,2,4655.4,5330.86328125,19171.62890625
88.7894937992096,2,4641.1,5391.17578125,19219.62890625
89.81748938560486,2,4704.2,5421.671875,19351.62890625
90.84448647499084,2,4619.0,5372.70703125,19351.62890625
91.86949014663696,2,4635.3,5429.375,19453.62890625
92.89749073982239,2,4650.9,5594.5078125,19605.62890625
93.92448997497559,2,4705.2,5496.7265625,19637.62890625
94.95149898529053,2,4637.1,5533.203125,19675.62890625
95.97649025917053,2,4617.9,5666.2734375,19759.62890625
97.00443816184998,2,4651.4,5915.28125,20007.62890625
98.03448748588562,2,4695.9,5813.4375,20007.62890625
99.06149077415466,2,4658.1,5943.7890625,20021.62890625
100.08048987388611,2,4631.3,5836.41015625,20059.62890625
101.10749077796936,2,4661.1,6082.43359375,20195.62890625
102.13448810577393,2,4707.5,6234.515625,20491.62890625
103.16149044036865,2,4646.0,6244.42578125,20491.62890625
104.18749141693115,2,4616.7,6263.9609375,20565.62890625
105.21448826789856,2,4642.2,6126.7890625,20595.62890625
106.24149441719055,2,4706.4,6039.43359375,20595.62890625
107.2684895992279,2,4647.2,6072.74609375,20645.62890625
108.29399061203003,2,4614.4,5959.94140625,20645.62890625
109.32148814201355,2,4662.5,5946.16796875,20649.62890625
110.35110664367676,2,4666.6,6199.73046875,20917.62890625
111.38249588012695,2,4655.6,6267.69921875,20917.62890625
112.41349530220032,2,4644.7,6311.25390625,20933.62890625
113.44048953056335,2,4664.0,6337.63671875,21013.62890625
114.4674870967865,2,4679.6,6392.59765625,21013.62890625
115.49448752403259,2,4688.6,6363.390625,21025.62890625
116.52348446846008,2,4641.0,6454.01953125,21097.62890625
117.55048871040344,2,4642.6,6641.703125,21257.62890625
118.57748651504517,2,4635.6,6630.6015625,21357.62890625
119.604487657547,2,4709.3,6695.20703125,21381.62890625
120.62049150466919,2,4664.1,6657.453125,21401.62890625
121.64649152755737,2,4620.8,6691.9921875,21425.62890625
122.67348504066467,2,4633.8,6625.69140625,21481.62890625
123.70049595832825,2,4698.8,6580.91015625,21481.62890625
124.72949314117432,2,4640.3,6428.96484375,21481.62890625
125.75448966026306,2,4631.0,6538.08203125,21517.62890625
126.78148651123047,2,4630.5,6789.7109375,21569.62890625
127.80943489074707,2,4689.1,6816.0390625,21611.62890625
128.83748960494995,2,4665.0,6688.9609375,21631.62890625
129.86249041557312,2,4612.4,6667.33203125,21631.62890625
130.88948726654053,2,4660.7,6873.78125,21737.62890625
131.91956686973572,2,4689.7,6972.3984375,21929.62890625
132.94649076461792,2,4674.2,6929.31640625,21945.62890625
133.97149777412415,2,4645.1,6885.72265625,21945.62890625
134.99848794937134,2,4643.5,6950.6171875,22123.62890625
136.02548718452454,2,4648.2,7088.12890625,22241.62890625
137.05248951911926,2,4696.8,7039.625,22269.62890625
138.07948970794678,2,4651.2,7010.4453125,22269.62890625
139.10443091392517,2,4633.1,7237.2890625,22515.62890625
140.1324908733368,2,4649.4,7296.4765625,22515.62890625
141.20249104499817,2,4632.4,7080.48046875,22683.62890625
142.2294909954071,2,4658.1,7012.53125,22729.62890625
143.25449657440186,2,4613.5,7000.62890625,22753.62890625
144.2813959121704,2,4630.6,6936.640625,22753.62890625
145.31349277496338,2,4682.7,6827.34375,22753.62890625
146.3420729637146,2,4649.0,6761.05859375,22753.62890625
147.36748671531677,2,4616.2,6872.48828125,22789.62890625
148.3944902420044,2,4627.7,7073.3359375,22997.62890625
149.4224874973297,2,4702.6,7029.98828125,22997.62890625
150.45149564743042,2,4662.4,7057.15234375,22997.62890625
151.47049140930176,2,4636.7,7282.82421875,23089.62890625
152.49749326705933,2,4659.2,7271.19921875,23089.62890625
153.52449250221252,2,4656.9,7504.359375,23117.62890625
154.55134463310242,2,4681.6,7389.25,23117.62890625
155.57948565483093,2,4637.9,7274.42578125,23117.62890625
156.6064898967743,2,4661.5,7275.87890625,23145.62890625
157.63348865509033,2,4640.6,7319.14453125,23145.62890625
158.66149020195007,2,4701.5,7212.859375,23145.62890625
159.68640637397766,2,4653.8,7073.57421875,23145.62890625
160.71244525909424,2,4620.7,7032.0859375,23145.62890625
161.73949575424194,2,4641.4,7106.91015625,23145.62890625
162.76748943328857,2,4683.6,6993.5390625,23175.62890625
163.7944905757904,2,4649.2,6962.62109375,23175.62890625
164.81949138641357,2,4621.8,6804.68359375,23175.62890625
165.84648942947388,2,4658.8,6761.85546875,23175.62890625
166.8744912147522,2,4703.7,6834.55078125,23175.62890625
167.90248680114746,2,4666.3,6890.16015625,23175.62890625
168.92749309539795,2,4622.3,6934.6875,23175.62890625
169.9544973373413,2,4651.6,7113.265625,23251.62890625
170.98148918151855,2,4673.5,7254.953125,23251.62890625
172.00848364830017,2,4688.0,7332.25,23519.62890625
173.03436994552612,2,4620.4,7306.91796875,23573.62890625
174.0624873638153,2,4655.2,7317.1328125,23609.62890625
175.09148645401,2,4674.8,7250.75390625,23609.62890625
176.1174886226654,2,4686.4,7237.41015625,23609.62890625
177.14450001716614,2,4603.9,7227.1171875,23609.62890625
178.17149138450623,2,4627.1,7416.796875,23829.62890625
179.19948935508728,2,4634.5,7577.53125,23941.62890625
180.2264907360077,2,4712.1,7487.15625,23941.62890625
181.25349116325378,2,4615.3,7391.42578125,23941.62890625
182.28048968315125,2,4636.1,7520.86328125,23973.62890625
183.30748438835144,2,4632.1,7563.72265625,23973.62890625
184.33449172973633,2,4691.1,7565.390625,24005.62890625
185.361487865448,2,4635.8,7590.8125,24005.62890625
186.386492729187,2,4624.4,7574.9609375,24161.62890625
187.41448378562927,2,4649.1,7655.50390625,24161.62890625
188.4414894580841,2,4704.1,7526.1796875,24209.62890625
189.4684910774231,2,4632.9,7573.2109375,24265.62890625
190.48148703575134,2,4590.7,7740.8125,24349.62890625
191.51048636436462,2,4630.9,7846.4375,24525.62890625
192.53989005088806,2,4678.8,7710.953125,24525.62890625
193.5681390762329,2,4628.0,7644.1796875,24525.62890625
194.59386825561523,2,4630.7,7634.1015625,24525.62890625
195.63248944282532,2,4629.4,7790.7890625,24613.62890625
196.65848994255066,2,4644.4,7645.21875,24613.62890625
197.68248987197876,2,4635.8,7531.62109375,24649.62890625
198.70749020576477,2,4632.8,7646.6953125,24681.62890625
199.73448848724365,2,4654.9,7888.38671875,24705.62890625
200.76148915290833,2,4652.2,7909.5703125,24769.62890625
201.78848886489868,2,4682.8,8074.8046875,24889.62890625
202.81796836853027,2,4592.4,7952.1875,24997.62890625
203.84448719024658,2,4652.5,7864.0390625,24997.62890625
204.87248611450195,2,4614.1,8064.65234375,25049.62890625
205.89949941635132,2,4663.5,8238.93359375,25049.62890625
206.92648792266846,2,4621.5,8085.36328125,25121.62890625
207.95236468315125,2,4613.1,8051.3515625,25185.62890625
208.97948932647705,2,4610.3,7935.4296875,25185.62890625
210.00648999214172,2,4691.6,7974.33984375,25185.62890625
211.03548884391785,2,4634.0,8072.3125,25185.62890625
212.0884952545166,2,4613.0,7939.13671875,25185.62890625
213.1154887676239,2,4642.6,7897.7578125,25185.62890625
214.14649105072021,2,4667.7,7878.10546875,25185.62890625
215.17348766326904,2,4629.2,7935.4296875,25185.62890625
216.198490858078,2,4635.4,7953.0390625,25313.62890625
217.226491689682,2,4658.7,8017.09765625,25505.62890625
218.2534875869751,2,4685.2,8197.55859375,25545.62890625
219.28048729896545,2,4671.9,7830.453125,25545.62890625
220.3074882030487,2,4613.3,7790.03125,25545.62890625
221.33448386192322,2,4652.5,7753.3359375,25545.62890625
222.36148881912231,2,4630.6,7723.54296875,25545.62890625
223.38848781585693,2,4685.3,7801.08984375,25617.62890625
224.4154896736145,2,4611.8,7895.875,25617.62890625
225.44249296188354,2,4628.8,8048.578125,25657.62890625
226.46948909759521,2,4660.0,8079.70703125,25657.62890625
227.49648809432983,2,4679.8,7921.21875,25657.62890625
228.52131462097168,2,4642.1,7742.8046875,25657.62890625
229.54548573493958,2,4599.3,7770.140625,25657.62890625
230.5723204612732,2,4642.1,7645.15625,25657.62890625
231.59948897361755,2,4694.9,7584.3125,25657.62890625
232.62648797035217,2,4643.3,7516.30078125,25657.62890625
233.65148854255676,2,4624.9,7539.015625,25657.62890625
234.67948508262634,2,4629.8,7710.546875,25657.62890625
235.70648884773254,2,4705.6,7834.53515625,25657.62890625
236.73449897766113,2,4652.3,7766.4296875,25657.62890625
237.75962924957275,2,4620.6,7649.89453125,25657.62890625
238.7863495349884,2,4632.3,7699.51171875,25697.62890625
239.8144872188568,2,4648.4,7710.19140625,25769.62890625
240.8414821624756,2,4631.4,7626.6015625,25813.62890625
241.86648774147034,2,4613.6,7531.890625,25813.62890625
242.89348244667053,2,4636.5,7352.41015625,25813.62890625
243.92293000221252,2,4627.9,7242.96875,25813.62890625
244.95049238204956,2,4669.8,7092.78515625,25813.62890625
245.97526597976685,2,4618.1,6963.66796875,25813.62890625
247.00349259376526,2,4642.5,6980.69921875,25813.62890625
248.0314884185791,2,4655.1,6968.16796875,25813.62890625
249.05849266052246,2,4697.8,6937.62109375,25813.62890625
250.08548593521118,2,4623.4,6988.53515625,25813.62890625
251.11249446868896,2,4657.7,6921.17578125,25813.62890625
252.14048838615417,2,4643.1,7097.41796875,25813.62890625
253.16748785972595,2,4701.7,7296.0703125,25813.62890625
254.19448614120483,2,4660.1,7345.0390625,25885.62890625
255.21949100494385,2,4615.6,7117.91796875,25885.62890625
256.2464921474457,2,4641.6,7059.4765625,25889.62890625
257.27348947525024,2,4688.1,7004.03125,25889.62890625
258.3004901409149,2,4635.0,7026.1953125,25889.62890625
259.3252227306366,2,4627.4,7175.1640625,25889.62890625
260.35348773002625,2,4598.0,7202.5390625,25969.62890625
261.38148403167725,2,4656.7,6990.203125,26041.62890625
262.4084916114807,2,4651.5,7070.19140625,26041.62890625
263.4332389831543,2,4611.6,7233.72265625,26047.62890625
264.46148657798767,2,4631.8,7365.30859375,26183.62890625
265.4884901046753,2,4701.6,7580.71484375,26215.62890625
266.51549196243286,2,4632.6,7454.70703125,26215.62890625
267.5414869785309,2,4644.1,7405.23046875,26215.62890625
268.568482875824,2,4657.6,7164.0703125,26215.62890625
269.59548807144165,2,4671.8,7393.25,26215.62890625
270.62249064445496,2,4664.9,7702.39453125,26625.62890625
271.6484878063202,2,4607.4,8096.8125,27041.62890625
272.6754915714264,2,4646.0,8597.77734375,27621.62890625
273.703488111496,2,4621.5,8823.96484375,27621.62890625
274.7304906845093,2,4663.7,8915.46484375,27621.62890625
275.7564890384674,2,4609.3,9346.4921875,28009.62890625
276.7714912891388,2,4656.6,9312.9375,28009.62890625
277.79849648475647,2,4646.7,9728.57421875,28359.62890625
278.8134922981262,2,4691.0,9797.703125,28471.62890625
279.8404905796051,2,4638.2,9669.34765625,28471.62890625
280.8654909133911,2,4616.9,9594.265625,28471.62890625
281.8924915790558,2,4642.7,9546.8125,28919.62890625
282.920485496521,2,4706.3,9525.48046875,29047.62890625
283.9474868774414,2,4659.4,9590.13671875,29047.62890625
284.97336530685425,2,4618.9,9714.65625,29047.62890625
286.000483751297,2,4647.5,9729.92578125,29047.62890625
287.03090620040894,2,4705.8,9837.875,29139.62890625
288.05849504470825,2,4675.6,9950.3359375,29139.62890625
289.07148814201355,2,4629.1,9995.51171875,29139.62890625
290.09848856925964,2,4653.1,9939.109375,29139.62890625
291.12548995018005,2,4696.0,10069.39453125,29139.62890625
292.1534903049469,2,4666.1,10296.22265625,29287.62890625
293.1804873943329,2,4623.1,10181.140625,29287.62890625
294.207492351532,2,4659.4,10111.44921875,29287.62890625
295.23448419570923,2,4672.3,10246.6015625,29287.62890625
296.2615125179291,2,4701.5,10579.46875,29375.62890625
297.2884922027588,2,4618.0,10867.59375,29511.62890625
298.3164873123169,2,4642.0,10864.01953125,29619.62890625
299.3444890975952,2,4636.1,10906.38671875,29619.62890625
300.3745663166046,2,4691.1,11030.01171875,29619.62890625
301.40148735046387,2,4640.4,10871.3671875,29619.62890625
302.42749071121216,2,4623.4,10851.0234375,29643.62890625
303.4544906616211,2,4643.4,10741.6484375,29643.62890625
304.48458766937256,2,4700.9,10791.2265625,29643.62890625
305.51480197906494,2,4647.6,10788.99609375,29643.62890625
306.5414979457855,2,4616.3,10710.8984375,29643.62890625
307.572678565979,2,4642.2,10601.16015625,29643.62890625
308.6004955768585,2,4609.6,10920.67578125,29767.62890625
309.630934715271,2,4341.3,10635.390625,29823.62890625
310.64697647094727,2,3881.5,10717.50390625,29827.62890625
311.6614968776703,2,3672.1,10800.953125,30035.62890625
312.6756501197815,2,3550.0,10758.31640625,30187.62890625
313.68943071365356,2,3317.3,10714.23046875,30243.62890625
314.70138907432556,2,3267.2,10677.51171875,30299.62890625
315.71542048454285,2,3159.7,10717.703125,30299.62890625
316.7291464805603,2,2951.3,10683.29296875,30447.62890625
317.7429702281952,2,2709.3,10893.85546875,30787.62890625
318.7527480125427,2,2463.6,10494.0,30843.62890625
319.76548647880554,2,2218.0,10591.640625,31019.62890625
320.77675127983093,2,2092.0,10419.2265625,31019.62890625
321.78871965408325,2,2021.3,10299.73046875,31019.62890625
322.79948711395264,2,1992.3,10074.34765625,31019.62890625
323.81200885772705,2,1952.2,9801.359375,31019.62890625
324.8220317363739,2,1855.0,9877.46875,31019.62890625
325.8327896595001,2,1793.9,9802.2578125,31019.62890625
326.8428809642792,2,1793.0,9706.484375,31019.62890625
327.8518455028534,2,1599.0,9585.26953125,31019.62890625
328.8612208366394,2,1597.0,9472.7890625,31019.62890625
329.87062668800354,2,1587.3,9374.47265625,31019.62890625
330.8805010318756,2,1497.5,9224.8046875,31019.62890625
331.88950276374817,2,1498.0,9151.27734375,31019.62890625
332.89808917045593,2,1497.8,9037.3515625,31019.62890625
333.9056510925293,2,1496.4,8910.16796875,31019.62890625
334.91538190841675,2,1273.7,8715.6875,31019.62890625
335.92505264282227,2,956.1,8573.66015625,31019.62890625
336.9344127178192,2,900.8,8457.68359375,31019.62890625
337.9434893131256,2,822.4,8352.54296875,31019.62890625
338.9551501274109,2,688.9,8177.2265625,31019.62890625
339.96544647216797,2,411.6,7995.33984375,31019.62890625
340.9761164188385,2,253.2,7881.23046875,31019.62890625
341.9872348308563,2,205.5,7785.66796875,31019.62890625
342.99927616119385,2,207.1,7618.44921875,31019.62890625
344.0085201263428,2,202.7,7944.12890625,31395.62890625
345.0199761390686,2,204.9,7614.37890625,31395.62890625
346.0302782058716,2,204.9,7492.7109375,31395.62890625
347.0407814979553,2,203.6,7377.375,31395.62890625
348.05232858657837,2,203.6,7285.2421875,31395.62890625
349.06405568122864,2,202.8,7163.8515625,31395.62890625
350.07498264312744,2,204.0,7068.09375,31395.62890625
351.0849754810333,2,201.0,7023.51171875,31395.62890625
352.0950927734375,2,199.8,7080.88671875,31395.62890625
353.10603737831116,2,201.6,7428.77734375,31395.62890625
354.11810064315796,2,199.9,7265.6171875,31395.62890625
355.12872290611267,2,204.8,7272.1015625,31395.62890625
356.1396918296814,2,200.8,7310.95703125,31395.62890625
357.1508045196533,2,201.6,7301.03125,31395.62890625
358.1625943183899,2,200.0,7659.046875,31395.62890625
359.172700881958,2,199.7,7998.33203125,31395.62890625
360.18439054489136,2,202.8,8076.16015625,31395.62890625
361.19543719291687,2,199.7,8343.91015625,31395.62890625
362.20669627189636,2,210.6,6916.30859375,31395.62890625
363.2179000377655,2,201.7,6895.296875,31395.62890625
364.2290709018707,2,200.7,6876.33984375,31395.62890625
365.24053502082825,2,202.7,6848.44921875,31395.62890625
366.2518005371094,2,202.7,6781.40625,31395.62890625
367.2629654407501,2,202.8,6707.328125,31395.62890625
368.27385568618774,2,203.8,6605.875,31395.62890625
369.28457617759705,2,200.6,6945.25390625,31395.62890625
370.29655385017395,2,202.8,6635.0703125,31395.62890625
371.30744457244873,2,199.9,6586.66796875,31395.62890625
372.31809639930725,2,200.6,6876.765625,31395.62890625
373.3300938606262,2,203.1,7258.9140625,31395.62890625
374.3393785953522,2,200.8,7574.30859375,31395.62890625
375.3502995967865,2,201.8,7490.5,31395.62890625
376.3613953590393,2,200.8,7046.7421875,31395.62890625
377.3721513748169,2,199.0,7408.78125,31395.62890625
378.38195753097534,2,199.8,7912.4296875,31395.62890625
379.39284896850586,2,204.8,7318.63671875,31395.62890625
380.4035382270813,2,199.8,7291.2265625,31395.62890625
381.4143991470337,2,201.0,7368.32421875,31395.62890625
382.4241235256195,2,199.6,7539.19140625,31395.62890625
383.43591594696045,2,204.6,6930.33203125,31395.62890625
384.44750022888184,2,204.7,6876.73046875,31395.62890625
385.45882415771484,2,202.5,6845.39453125,31395.62890625
386.47087812423706,2,202.7,6782.75,31395.62890625
387.4823205471039,2,204.8,6704.2421875,31395.62890625
388.49287581443787,2,203.8,6620.84375,31395.62890625
389.5036766529083,2,200.6,6617.4609375,31395.62890625
390.51540660858154,2,200.7,6975.9921875,31395.62890625
391.5270822048187,2,200.7,7213.49609375,31395.62890625
392.5386805534363,2,199.9,6695.31640625,31395.62890625
393.5493381023407,2,199.6,6687.90625,31395.62890625
394.56125473976135,2,201.6,6663.22265625,31395.62890625
395.5730276107788,2,204.9,6603.58203125,31395.62890625
396.5833284854889,2,201.8,6453.15234375,31395.62890625
397.5939884185791,2,109.8,6406.703125,31395.62890625
398.60477113723755,2,103.9,6363.59765625,31395.62890625
399.6155343055725,2,103.8,6340.921875,31395.62890625
400.6267330646515,2,102.0,6444.58203125,31395.62890625
401.636061668396,2,102.9,6718.10546875,31395.62890625
402.64718890190125,2,102.8,6907.12109375,31395.62890625
403.658935546875,2,103.9,6344.2890625,31395.62890625
404.6692864894867,2,102.9,6276.4375,31395.62890625
405.68018651008606,2,104.6,6203.015625,31395.62890625
406.6933641433716,2,103.9,6100.7890625,31395.62890625
407.7039406299591,2,102.8,6002.44140625,31395.62890625
408.7156732082367,2,102.9,5916.66015625,31395.62890625
409.7261378765106,2,99.9,5913.078125,31395.62890625
410.73731541633606,2,98.8,6034.6953125,31395.62890625
411.7490828037262,2,101.0,6188.0703125,31395.62890625
412.758682012558,2,101.1,6328.41015625,31395.62890625
413.76799511909485,2,100.9,6479.52734375,31395.62890625
414.7786285877228,2,100.0,6641.59375,31919.62890625
415.7891170978546,2,100.9,6678.29296875,31919.62890625
416.7999093532562,2,100.0,6775.1171875,31919.62890625
417.8102993965149,2,98.8,6931.3984375,31919.62890625
418.8221402168274,2,104.9,6819.89453125,31919.62890625
419.83284091949463,2,100.9,6918.08203125,31919.62890625
420.8433654308319,2,104.9,6823.58203125,31919.62890625
421.85349345207214,2,103.9,6844.7890625,31919.62890625
422.8643653392792,2,103.9,6752.35546875,31919.62890625
423.8747045993805,2,102.0,6560.47265625,31919.62890625
424.8849799633026,2,103.1,6442.2578125,31919.62890625
425.89416337013245,2,102.9,6315.25390625,31919.62890625
426.9047210216522,2,102.8,6176.05078125,31919.62890625
427.91597294807434,2,102.9,6034.40625,31919.62890625
428.9264967441559,2,103.0,5911.3984375,31919.62890625
429.936537027359,2,109.8,5174.32421875,31919.62890625
430.9471356868744,2,117.7,4871.18359375,31919.62890625
431.9578106403351,2,684.9,3703.1484375,32119.6328125
432.9696261882782,2,105.8,3531.2109375,32119.6328125
433.9812731742859,2,114.6,3272.09765625,32119.69140625
434.99322485923767,2,110.7,3103.234375,32215.71875
436.0047676563263,2,109.4,3258.13671875,32807.71875
437.01935052871704,2,1795.6,3787.203125,32807.71875
438.0290434360504,2,528.9,6060.62109375,40487.8046875
439.04057574272156,2,1974.6,3559.95703125,32807.71875
440.0534362792969,2,1264.8,3831.15234375,44071.75
441.07847833633423,2,3868.3,5574.69140625,44071.75
442.1044690608978,2,4134.1,6329.1953125,44071.75
443.11648082733154,2,2636.7,6719.125,44071.75
444.12705636024475,2,2191.1,6723.23828125,44071.75
445.1394798755646,2,1867.7,4015.91796875,44071.75
446.16148042678833,2,3788.3,6077.44921875,44099.75
447.1882781982422,2,4260.6,7622.37890625,44099.75
448.20149397850037,2,2845.6,7736.38671875,44099.75
449.21553134918213,2,3609.2,8532.9609375,44099.75
450.22547698020935,2,2599.9,8481.6328125,44099.75
451.240359544754,2,1904.2,8599.27734375,44099.75
452.25247955322266,2,3124.4,3420.98828125,42051.71875
453.2793548107147,2,4666.3,3300.51171875,42051.71875
454.30475974082947,2,4146.5,3394.78515625,42051.71875
455.32748556137085,2,4633.0,3315.4375,42051.71875
456.3523142337799,2,4516.1,3470.44921875,46147.765625
457.36241817474365,2,818.9,3226.5546875,42051.71875
458.37104654312134,2,95.1,3183.76171875,42051.71875
459.37999200820923,2,101.2,3171.3046875,42051.71875
460.3881447315216,2,124.9,3498.2734375,42121.73828125
461.3967254161835,2,99.1,3890.01171875,42121.73828125
462.40535020828247,4,93.3,4218.328125,42195.08203125
463.4325761795044,4,101.1,4491.15234375,42467.85546875
464.44179606437683,4,100.1,4725.2890625,42704.78515625
465.4512655735016,4,100.2,4934.609375,42924.5859375
466.45966362953186,4,99.9,5123.4296875,43113.43359375
467.4709048271179,4,99.8,5451.484375,43455.03515625
468.48287558555603,4,98.9,5785.41015625,43806.17578125
469.494122505188,4,99.9,6119.48046875,44140.171875
470.5046796798706,4,99.8,6450.48046875,44476.859375
471.51635336875916,4,99.9,6798.2734375,44824.77734375
472.5276577472687,4,99.9,7146.80078125,45173.2109375
473.5388391017914,4,100.1,7477.92578125,45504.37109375
474.547860622406,4,99.9,7814.7890625,45841.203125
475.55885672569275,4,99.8,8165.55078125,46191.95703125
476.5704183578491,4,99.9,8515.875,46542.32421875
477.58152318000793,4,98.9,8837.546875,46863.9453125
478.5926172733307,4,101.8,9184.4375,47213.0234375
479.6042540073395,4,98.9,9535.51171875,47564.03515625
480.6150999069214,4,100.0,9882.95703125,47912.59765625
481.62473702430725,4,99.8,10206.6015625,48236.15234375
482.6363570690155,4,99.9,10555.6953125,48585.23046875
483.64732933044434,4,99.9,10907.21484375,48936.7578125
484.6587631702423,4,100.0,11256.44921875,49286.09375
485.6691470146179,4,99.9,11580.328125,49609.90625
486.6800162792206,4,99.8,11927.89453125,49957.4375
487.69170451164246,4,99.8,12279.9453125,50309.48046875
488.70334100723267,4,99.0,12627.24609375,50656.8828125
489.71320104599,4,99.9,12950.77734375,50980.4375
490.7241384983063,4,100.9,13299.1796875,51328.7421875
491.7348289489746,4,99.9,13647.8515625,51677.43359375
492.7455780506134,4,99.0,13995.78515625,52025.3515625
493.7559189796448,4,99.9,14317.37109375,52346.97265625
494.76709485054016,4,99.9,14442.5078125,52472.140625
495.7785723209381,4,99.9,14453.828125,52488.1328125
496.78941106796265,4,100.0,14811.734375,52895.11328125
497.7997350692749,4,99.8,4103.671875,42128.80078125
498.81149411201477,5,0.0,4513.09375,42754.9296875
499.82493329048157,5,99.8,4314.53125,42361.45703125
500.83669805526733,2,94.3,3375.33984375,42633.75390625
501.84366846084595,2,1924.0,4783.85546875,43145.78515625
502.8544771671295,2,4270.1,5157.296875,47241.84765625
503.8814754486084,2,4680.0,5189.296875,47241.84765625
504.90210485458374,2,2725.5,5677.28515625,49289.87890625
505.90995359420776,2,99.2,6023.2890625,49289.87890625
506.9182024002075,2,99.2,6419.2890625,49289.87890625
507.9265184402466,4,59.5,6740.6484375,49525.12890625
508.93506503105164,4,99.1,7039.2265625,49823.8125
509.9441704750061,4,99.1,7376.2421875,50160.7734375
510.95328879356384,4,101.1,7709.6953125,50494.25390625
511.96265935897827,4,99.2,8024.3671875,50808.9296875
512.9707736968994,4,100.1,8362.68359375,51147.30859375
513.980268239975,4,99.2,8685.65234375,51470.21875
514.9888033866882,4,100.9,8994.4296875,51783.33203125
516.0001685619354,4,99.8,9298.76171875,52087.6796875
517.0123980045319,4,100.9,9612.58203125,52401.46875
518.023618221283,4,98.8,9944.53125,52733.53125
519.0354981422424,4,101.0,10260.60546875,53049.609375
520.0458037853241,4,98.9,10610.15625,53399.07421875
521.056797504425,4,99.8,10981.0390625,53770.32421875
522.0688183307648,4,99.8,11355.66796875,54145.0546875
523.080365896225,4,99.9,11707.296875,54496.58203125
524.0915791988373,4,99.8,12060.7734375,54850.171875
525.1034352779388,4,99.9,12427.0546875,55220.6484375
526.1141672134399,4,99.9,12800.54296875,55594.08984375
527.1251726150513,4,99.9,13150.46875,55944.0703125
528.1357226371765,4,99.8,13503.98046875,56297.53125
529.1478786468506,4,99.8,13874.2421875,56667.87890625
530.1603009700775,4,98.8,14248.3125,57041.96484375
531.1725161075592,4,101.0,14598.19921875,57394.0078125
532.1827607154846,4,99.9,14953.0625,57748.88671875
533.1936213970184,4,98.9,15323.7265625,58119.62109375
534.2045826911926,4,99.8,15696.50390625,58492.41796875
535.2161021232605,4,99.9,16033.6875,58829.5078125
536.2273633480072,4,99.8,16402.06640625,59197.921875
537.2390549182892,4,100.8,16775.1015625,59570.9765625
538.2512407302856,4,98.9,17149.7890625,59945.70703125
539.2623884677887,4,99.8,17492.11328125,60287.953125
540.2740817070007,4,99.8,17861.0546875,60656.8828125
541.2857253551483,4,99.8,18233.06640625,61028.90625
542.2976365089417,4,99.9,18605.5234375,61401.4453125
543.30908370018,4,99.9,18943.8671875,61739.6953125
544.3200573921204,4,99.8,19311.70703125,62107.59375
545.332257270813,4,99.8,19549.4453125,62345.296875
546.3437812328339,4,99.1,19594.48046875,62390.4140625
547.3529472351074,4,99.8,19594.48046875,62390.4140625
548.3647377490997,4,99.8,19594.54296875,62390.4140625
549.3763077259064,4,100.9,19623.76171875,62419.6328125
550.3870415687561,4,98.9,20043.828125,62965.13671875
551.3976912498474,4,100.7,20214.91015625,63119.26953125
552.410231590271,4,98.8,20232.91015625,63119.26953125
553.4225494861603,4,99.9,6505.46484375,49296.95703125
554.4339520931244,5,0.0,7010.09375,50169.44140625
555.4445869922638,5,100.8,7385.55078125,50540.984375
556.4567966461182,5,98.8,6663.72265625,49590.46875
557.4691781997681,2,88.0,5567.5,49994.7578125
558.4805874824524,2,99.9,5555.03125,49994.7578125
559.4911906719208,2,98.9,5561.73046875,49994.7578125
560.5024833679199,2,818.3,6896.765625,49482.7265625
561.5155754089355,2,160.3,7052.08984375,49482.7265625
562.5258738994598,2,213.5,7068.23046875,49482.7265625
563.5327138900757,2,577.5,7126.66015625,49482.7265625
564.5634872913361,2,1468.6,10959.3828125,49482.7265625
565.5784776210785,2,4140.5,13411.65625,49482.7265625
566.6074779033661,2,4547.1,13991.63671875,49482.7265625
567.6378462314606,2,4360.5,14395.01953125,49482.7265625
568.659476518631,2,3719.8,15295.94921875,49482.7265625
569.7034068107605,2,3612.1,14756.03515625,49482.7265625
570.7152197360992,2,2696.3,15444.0078125,49482.7265625
571.7231333255768,2,1949.1,15241.83984375,49482.7265625
572.7303202152252,2,3328.7,15339.890625,49482.7265625
573.7390971183777,2,1038.2,8121.05859375,49482.7265625
574.7475938796997,2,169.6,8002.5625,49482.7265625
575.7559030056,2,253.9,7755.8828125,49482.7265625
576.7640864849091,2,1094.7,7607.5625,49482.7265625
577.7735180854797,2,1370.3,9004.1328125,49514.7265625
578.7834808826447,2,3043.3,13003.90234375,49514.7265625
579.8044815063477,2,4504.1,13945.75390625,49514.7265625
580.8299536705017,2,4491.4,14179.27734375,55658.7265625
581.8442666530609,2,3499.1,14593.58203125,55658.7265625
582.8513858318329,2,3031.9,14833.58203125,55658.7265625
583.8619427680969,2,2998.1,15431.234375,55658.7265625
584.8685820102692,2,1482.5,15296.703125,55658.7265625
585.8763000965118,2,3694.7,15402.58984375,55658.7265625
586.8854758739471,2,872.8,8447.9375,55882.7265625
587.9045479297638,2,1077.3,8188.23828125,55882.7265625
588.9172434806824,2,1247.4,8007.4296875,55882.7265625
589.9257078170776,2,1036.3,9725.27734375,55882.7265625
590.9354801177979,2,3914.1,12368.1015625,55882.7265625
591.9564900398254,2,4598.4,13713.0625,55882.7265625
592.9844784736633,2,4365.5,13993.203125,55882.7265625
594.0045080184937,2,3561.3,14809.859375,55882.7265625
595.0494837760925,2,4093.3,13992.94140625,55882.7265625
596.0634768009186,2,2907.4,14388.375,55882.7265625
597.0746219158173,2,2436.8,14342.10546875,55882.7265625
598.0853822231293,2,2535.6,10806.1015625,55882.7265625
599.0932705402374,2,1108.0,8507.75,55882.7265625
600.1014256477356,2,1053.0,8030.8984375,55882.7265625
601.1108758449554,2,1181.5,7885.828125,55882.7265625
602.1180379390717,2,2106.1,11542.7265625,55882.7265625
603.1384780406952,2,4525.2,12369.45703125,55882.7265625
604.1590309143066,2,4399.9,13003.171875,55882.7265625
605.1684823036194,2,3807.2,13919.1328125,55882.7265625
606.1815176010132,2,4023.6,14726.2109375,55882.7265625
607.2263300418854,2,4078.8,14189.2109375,55882.7265625
608.2377989292145,2,2285.5,14313.6640625,55882.7265625
609.2510068416595,2,3178.3,14231.0546875,55882.7265625
610.261372089386,2,662.5,8347.04296875,55882.7265625
611.2695944309235,2,1295.3,8277.9375,55882.7265625
612.2763764858246,2,1399.7,8031.83984375,55882.7265625
613.2858576774597,2,1046.3,9402.93359375,55882.7265625
614.2944791316986,2,3648.0,12409.79296875,55882.7265625
615.3164911270142,2,4540.3,12892.5625,55882.7265625
616.3405773639679,2,4246.1,14001.71484375,55882.7265625
617.3525176048279,2,3541.4,14901.80859375,55882.7265625
618.3968954086304,2,4305.0,14018.125,55882.7265625
619.4054880142212,2,3083.5,14520.07421875,55882.7265625
620.4154765605927,2,2120.3,14458.34765625,55882.7265625
621.4269556999207,2,2904.6,14532.92578125,55882.7265625
622.435938835144,2,1279.1,8920.01171875,56138.7265625
623.4468100070953,2,755.8,8276.390625,56138.7265625
624.4554798603058,2,1238.9,8004.91796875,56138.7265625
625.4870872497559,2,1558.5,10802.14453125,56138.7265625
626.5014796257019,2,4350.2,12524.01953125,56138.7265625
627.514485836029,2,4518.2,14616.41015625,56138.7265625
628.5404884815216,2,4336.0,14253.52734375,56138.7265625
629.5655117034912,2,3755.9,15017.01171875,56138.7265625
630.610437631607,2,4060.1,14300.67578125,56138.7265625
631.6214859485626,2,2826.7,14699.48828125,56138.7265625
632.6473126411438,2,2518.0,14713.36328125,56138.7265625
633.6590430736542,2,2528.3,7336.9609375,56650.734375
634.6682364940643,2,1159.2,8738.58203125,56138.7265625
635.6775476932526,2,933.4,8254.82421875,56138.7265625
636.6846594810486,2,1415.2,8014.75390625,56138.7265625
637.7115161418915,2,1905.2,10254.515625,56138.7265625
638.7254781723022,2,4354.5,11664.37109375,56138.7265625
639.7458884716034,2,4377.4,12706.69140625,56138.7265625
640.7594861984253,2,3900.4,13727.69140625,56138.7265625
641.7775139808655,2,4271.9,14477.17578125,56138.7265625
642.8214802742004,2,3957.4,14004.5234375,56138.7265625
643.8406682014465,2,2297.6,14039.51171875,56138.7265625
644.8504791259766,2,3264.9,14017.73046875,56138.7265625
645.8623988628387,2,634.1,8697.46875,56138.7265625
646.8685531616211,2,1264.8,8433.8515625,56138.7265625
647.8766963481903,2,1537.9,8170.7890625,56138.7265625
648.8851680755615,2,979.1,8942.84765625,56138.7265625
649.8942410945892,2,3570.6,11698.484375,56138.7265625
650.9034869670868,2,4420.1,12884.8828125,56138.7265625
651.9304802417755,2,4301.4,13580.05078125,56138.7265625
652.9515211582184,2,3831.1,14440.609375,56138.7265625
653.9996283054352,2,4140.0,13577.0078125,56138.7265625
655.0109815597534,2,2839.2,13971.9140625,56138.7265625
656.0274512767792,2,2594.6,13995.5,56138.7265625
657.03937292099,2,2505.8,7326.62109375,56650.734375
658.048504114151,2,1308.0,8657.59765625,56138.7265625
659.0568709373474,2,892.2,8312.67578125,56138.7265625
660.0690021514893,2,1409.3,8071.4453125,56138.7265625
661.0765147209167,2,1849.0,10552.0078125,56138.7265625
662.0984811782837,2,4436.0,11698.6171875,56138.7265625
663.1155064105988,2,4411.1,12932.9609375,56138.7265625
664.1288695335388,2,3822.7,13749.6875,56138.7265625
665.1365172863007,2,4170.6,14495.109375,56138.7265625
666.1804778575897,2,3940.6,14007.390625,56138.7265625
667.1936285495758,2,2310.2,14032.265625,56138.7265625
668.2047002315521,2,3277.7,14019.5859375,56138.7265625
669.2139959335327,2,636.4,8476.1015625,56138.7265625
670.2241840362549,2,1408.6,9058.55078125,56138.7265625
671.2322628498077,2,1274.1,8211.04296875,56138.7265625
672.2400574684143,2,940.3,7967.47265625,56138.7265625
673.249514579773,2,2738.6,11727.83984375,56138.7265625
674.265291929245,2,4457.4,12593.82421875,56138.7265625
675.2854940891266,2,4438.6,13532.203125,56138.7265625
676.3004829883575,2,3770.3,14350.14453125,56138.7265625
677.319390296936,2,3944.9,15140.8046875,56138.7265625
678.3717393875122,2,3913.4,14534.00390625,56138.7265625
679.3856370449066,2,2606.4,14700.4453125,56138.7265625
680.3953170776367,2,2833.4,14614.8359375,56138.7265625
681.4058265686035,2,1337.8,7841.89453125,56138.7265625
682.4154777526855,2,1513.7,8582.125,56138.7265625
683.4237508773804,2,1172.9,7858.2890625,56138.7265625
684.4322400093079,2,1383.5,11523.95703125,56138.7265625
685.4464828968048,2,4313.7,13760.3515625,56138.7265625
686.4674868583679,2,4515.0,14143.6640625,56138.7265625
687.4955177307129,2,4502.8,14130.83984375,56138.7265625
688.5132923126221,2,3576.3,14821.0,56138.7265625
689.5225172042847,2,4551.2,15557.66015625,56138.7265625
690.5735185146332,2,4418.2,15462.59765625,56138.7265625
691.6244790554047,2,3802.9,14914.6484375,56138.7265625
692.6424443721771,2,2400.7,15056.63671875,56138.7265625
693.6513094902039,2,3317.6,15097.10546875,56138.7265625
694.6634776592255,2,1589.0,7963.59375,56138.7265625
695.6828000545502,2,1072.6,10143.0,56138.7265625
696.6913895606995,2,3650.4,13011.88671875,56138.7265625
697.7034866809845,2,4559.0,13712.9609375,56138.7265625
698.7304856777191,2,3999.3,12734.078125,56138.7265625
699.7435185909271,2,4419.1,13554.765625,56138.7265625
700.7875070571899,2,4483.6,13497.06640625,56138.7265625
701.8322546482086,2,3561.9,13269.9765625,56138.7265625
702.8404850959778,2,2583.8,13319.71484375,56138.7265625
703.8644776344299,2,2105.6,7090.609375,56138.7265625
704.8827669620514,2,1352.4,9072.9453125,56138.7265625
705.8915181159973,2,3191.9,12362.51953125,56138.7265625
706.9354922771454,2,4452.4,13201.29296875,56138.7265625
707.9614768028259,2,4201.3,12620.91796875,56138.7265625
708.9825143814087,2,4214.9,13499.5390625,56138.7265625
710.0225214958191,2,4470.3,13485.1171875,56138.7265625
711.0724773406982,2,3879.1,13195.84375,56138.7265625
712.0864794254303,2,2309.2,13289.7578125,56138.7265625
713.0970304012299,2,1913.6,6878.015625,56138.7265625
714.1060202121735,2,101.1,7462.13671875,56138.7265625
715.1147105693817,2,1464.8,8213.97265625,56138.7265625
716.1234791278839,2,1127.9,7442.59375,56138.7265625
717.1444885730743,2,3267.3,10107.421875,56138.7265625
718.1584846973419,2,4341.3,11397.53125,56138.7265625
719.1844775676727,2,4404.2,13209.0703125,56138.7265625
720.2055180072784,2,4135.3,13347.796875,56138.7265625
721.2504920959473,2,3678.8,13396.59765625,56138.7265625
722.2623994350433,2,2872.2,13878.28515625,56138.7265625
723.2864768505096,2,2392.5,13876.21875,56138.7265625
724.2980346679688,2,2323.4,7854.66796875,56650.734375
725.3063569068909,2,102.1,7812.140625,56138.7265625
726.3152194023132,2,1457.5,9033.90625,56138.7265625
727.3237404823303,2,1269.8,7763.41015625,56138.7265625
728.3384876251221,2,3291.5,10255.55078125,56138.7265625
729.3524851799011,2,4385.6,11557.13671875,56138.7265625
730.3784818649292,2,4347.9,12958.0078125,56138.7265625
731.3993248939514,2,4047.5,13118.46484375,56138.7265625
732.4087188243866,2,3654.5,13030.59375,56138.7265625
733.4174785614014,2,2972.0,13519.00390625,56138.7265625
734.4424803256989,2,2688.6,13459.46484375,56138.7265625
735.4546127319336,2,1425.9,7832.11328125,56138.7265625
736.4628694057465,2,1508.9,9039.32421875,56138.7265625
737.4709367752075,2,801.5,8195.91796875,56138.7265625
738.4816176891327,2,1246.5,7848.51171875,56138.7265625
739.4955959320068,2,3396.6,10112.16796875,56138.7265625
740.5104863643646,2,4355.9,11362.48046875,56138.7265625
741.5363385677338,2,4310.1,12696.5703125,56138.7265625
742.5504870414734,2,3651.3,13315.4453125,56138.7265625
743.5648181438446,2,3404.1,13228.125,56138.7265625
744.5761687755585,2,2874.1,13683.6796875,56138.7265625
745.5840497016907,2,2206.9,13654.265625,56138.7265625
746.5965304374695,2,2410.3,7846.19140625,56650.734375
747.6041314601898,2,1509.1,9335.3515625,56138.7265625
748.6126608848572,2,604.2,8209.23046875,56138.7265625
749.6239016056061,2,1312.4,7946.703125,56138.7265625
750.6326396465302,2,2316.4,9486.9140625,56138.7265625
751.6454908847809,2,4025.3,11295.16796875,56138.7265625
752.6696665287018,2,4455.2,13023.09375,56138.7265625
753.6951603889465,2,4422.1,13278.6015625,56138.7265625
754.7164790630341,2,4210.8,14862.5390625,56138.7265625
755.7344832420349,2,2995.3,15198.15234375,56138.7265625
756.7605056762695,2,3522.7,15595.92578125,56138.7265625
757.7691447734833,2,2641.6,16321.81640625,56138.7265625
758.7804095745087,2,1744.2,16145.7421875,56138.7265625
759.7923681735992,2,3251.1,16502.89453125,56138.7265625
760.8007965087891,2,616.7,7968.859375,56458.7265625
761.8094260692596,2,1569.1,9017.71875,56458.7265625
762.818351984024,2,813.0,8265.3828125,56458.7265625
763.8270533084869,2,1255.9,7955.78125,56458.7265625
764.8349952697754,2,2848.8,9704.08984375,56458.7265625
765.8494808673859,2,4213.1,11141.734375,56458.7265625
766.8703095912933,2,4544.0,13855.65625,56458.7265625
767.8923790454865,2,3946.2,14307.625,56458.7265625
768.9174871444702,2,4028.1,14674.1484375,56458.7265625
769.9294741153717,2,2989.1,14821.484375,56458.7265625
770.9417912960052,2,3329.1,15887.2734375,56458.7265625
771.9512107372284,2,1807.7,15729.34375,56458.7265625
772.9620878696442,2,3500.6,15897.8984375,56458.7265625
773.9741742610931,2,994.5,16325.04296875,56458.7265625
774.9817364215851,2,1552.2,8692.59765625,56458.7265625
775.9913239479065,2,655.1,8224.5,56458.7265625
777.0004827976227,2,1119.3,8011.125,56458.7265625
778.0357921123505,2,2292.7,8450.671875,56458.7265625
779.045478105545,2,3859.7,10496.32421875,56458.7265625
780.066516160965,2,4537.2,12896.546875,56458.7265625
781.081362247467,2,4255.6,13148.515625,56458.7265625
782.0931425094604,2,3330.4,13386.23046875,56458.7265625
783.1066372394562,2,3578.4,13971.20703125,56458.7265625
784.1158952713013,2,1910.0,13842.7890625,56458.7265625
785.124205827713,2,3305.3,13945.6484375,56458.7265625
786.1325542926788,2,788.0,8808.38671875,56458.7265625
787.1427750587463,2,1510.5,8396.63671875,56458.7265625
788.1544182300568,2,1052.3,8263.2890625,56458.7265625
789.1634831428528,2,2723.3,8622.48828125,56458.7265625
790.171478509903,2,3780.1,10778.70703125,56458.7265625
791.1923530101776,2,4526.9,13305.0234375,56458.7265625
792.219377040863,2,4181.4,13220.79296875,56458.7265625
793.2412314414978,2,3603.0,14411.07421875,56458.7265625
794.2594752311707,2,3619.6,13913.0,56458.7265625
795.2709765434265,2,2436.7,14413.78125,56458.7265625
796.2796597480774,2,2116.0,14397.890625,56458.7265625
797.2904517650604,2,2734.6,14539.6015625,56458.7265625
798.2985157966614,2,1553.8,8812.01171875,56458.7265625
799.3069357872009,2,647.5,8320.953125,56458.7265625
800.315502166748,2,1013.4,8077.9609375,56458.7265625
801.3254833221436,2,795.4,7853.21875,56458.7265625
802.3384850025177,2,3579.0,9934.8671875,56458.7265625
803.3584842681885,2,4403.1,11451.07421875,56458.7265625
804.3844845294952,2,4448.9,12192.62890625,56458.7265625
805.3994948863983,2,4236.3,13041.234375,56458.7265625
806.4094758033752,2,2963.0,13291.02734375,56458.7265625
807.4221341609955,2,2423.9,13829.7734375,56458.7265625
808.4320905208588,2,2394.4,13892.953125,56458.7265625
809.4446535110474,2,1937.5,7265.34375,56458.7265625
810.4540693759918,2,1504.3,9287.19140625,56458.7265625
811.4625158309937,2,883.7,8175.7265625,56458.7265625
812.4708135128021,2,768.2,8047.92578125,56458.7265625
813.4804782867432,2,2214.1,7824.22265625,56458.7265625
814.510479927063,2,3456.2,10143.4296875,56458.7265625
815.5254890918732,2,4553.4,12673.63671875,56458.7265625
816.5514800548553,2,4264.6,12908.703125,56458.7265625
817.5723421573639,2,3412.8,13166.84765625,56458.7265625
818.5847735404968,2,3549.2,13665.1015625,56458.7265625
819.6001491546631,2,1639.0,13927.77734375,56458.7265625
820.611478805542,2,3351.1,13897.88671875,56458.7265625
821.6233098506927,2,602.8,8123.23828125,56458.7265625
822.6317505836487,2,1745.6,8303.4453125,56458.7265625
823.6405394077301,2,737.9,8155.140625,56458.7265625
824.6487596035004,2,954.3,7979.4375,56458.7265625
825.6578619480133,2,2566.5,9034.34375,56458.7265625
826.6714787483215,2,4321.4,10609.265625,56458.7265625
827.6960821151733,2,4603.0,12406.328125,56458.7265625
828.7154884338379,2,4300.6,13020.07421875,56458.7265625
829.7364888191223,2,3010.6,13347.66796875,56458.7265625
830.7546365261078,2,3448.0,14112.46875,56458.7265625
831.7636561393738,2,1560.2,14013.81640625,56458.7265625
832.7718753814697,2,3464.5,14153.20703125,56458.7265625
833.7812941074371,2,422.1,8350.79296875,56458.7265625
834.7904970645905,2,1641.8,8341.1484375,56458.7265625
835.7997200489044,2,1030.6,8220.1796875,56458.7265625
836.8094806671143,2,1630.0,8038.19921875,56458.7265625
837.8574798107147,2,3476.4,10417.41796875,56458.7265625
838.8784871101379,2,4478.5,12038.71484375,56458.7265625
839.905481338501,2,4311.8,12983.44921875,56458.7265625
840.9275116920471,2,3780.3,13250.4453125,56458.7265625
841.944343328476,2,3502.1,13463.78515625,56458.7265625
842.9573986530304,2,2408.3,13784.44140625,56458.7265625
843.9684765338898,2,2772.2,13741.36328125,56458.7265625
844.9813206195831,2,1422.0,7948.9921875,56458.7265625
845.9888830184937,2,1575.1,9135.109375,56458.7265625
846.9971442222595,2,782.6,8315.203125,56458.7265625
848.0116994380951,2,1233.2,8082.515625,56458.7265625
849.0194969177246,2,3035.6,10152.84375,56458.7265625
850.0334906578064,2,4345.9,11358.1640625,56458.7265625
851.0594816207886,2,4317.3,12402.17578125,56458.7265625
852.0746335983276,2,3939.2,13412.2578125,56458.7265625
853.0864758491516,2,3316.7,13606.43359375,56458.7265625
854.098491191864,2,3143.0,14079.4609375,56458.7265625
855.1214044094086,2,2068.2,14112.75,56458.7265625
856.1329350471497,2,2699.4,7780.8359375,56458.7265625
857.1411681175232,2,1579.6,9417.4765625,56458.7265625
858.1496617794037,2,630.1,8488.359375,56458.7265625
859.1594820022583,2,1146.3,8220.94140625,56458.7265625
860.1683404445648,2,2105.3,9156.27734375,56458.7265625
861.1774795055389,2,4154.5,10930.93359375,56458.7265625
862.1984949111938,2,4439.4,13187.66015625,56458.7265625
863.2129778862,2,4165.2,13452.5546875,56458.7265625
864.2246782779694,2,3335.6,13722.68359375,56458.7265625
865.2323083877563,2,3605.2,14046.08203125,56458.7265625
866.2424771785736,2,1943.9,14139.625,56458.7265625
867.254477262497,2,3246.9,14195.3828125,56458.7265625
868.2700119018555,2,853.7,8578.34375,56458.7265625
869.279524564743,2,1673.8,8651.734375,56458.7265625
870.289192199707,2,829.3,8481.51953125,56458.7265625
871.303382396698,2,1221.5,8219.85546875,56458.7265625
872.312481880188,2,3080.1,10155.296875,56458.7265625
873.336859703064,2,4319.4,11584.953125,56458.7265625
874.3514869213104,2,4520.9,14493.90625,56458.7265625
875.3784775733948,2,4236.4,14989.02734375,56458.7265625
876.399492263794,2,4003.4,15313.375,56458.7265625
877.4101667404175,2,3344.3,15459.07421875,56458.7265625
878.4197897911072,2,3498.8,16435.3828125,56458.7265625
879.4319248199463,2,1988.0,16501.21484375,56458.7265625
880.4394791126251,2,2751.8,16655.90625,56458.7265625
881.4573969841003,2,1914.6,16808.8125,56458.7265625
882.4674780368805,2,1044.1,9066.8203125,56458.7265625
883.4894773960114,2,1157.4,8651.3125,56842.7265625
884.500422000885,2,813.9,8397.6796875,56842.7265625
885.5117757320404,2,1248.8,8194.87890625,56842.7265625
886.5250053405762,2,3239.4,10224.34765625,56842.7265625
887.5404269695282,2,4363.4,11501.65234375,56842.7265625
888.5656254291534,2,4410.9,12734.74609375,56842.7265625
889.580668926239,2,4026.4,13750.18359375,56842.7265625
890.5914871692657,2,3244.4,13833.515625,56842.7265625
891.6048021316528,2,3060.4,14416.515625,56842.7265625
892.612669467926,2,1934.9,14390.0390625,56842.7265625
893.6252324581146,2,3252.3,14434.87109375,56842.7265625
894.6326582431793,2,1452.6,9188.046875,56842.7265625
895.6496074199677,2,764.1,8603.6015625,56842.7265625
896.6572215557098,2,875.3,8366.171875,56842.7265625
897.6644794940948,2,2047.0,8231.6328125,56842.7265625
898.6864821910858,2,3361.5,10923.8828125,56842.7265625
899.6974909305573,2,4461.5,12660.98046875,56842.7265625
900.7234766483307,2,4324.0,13294.25,56842.7265625
901.7445197105408,2,3733.8,13695.4609375,56842.7265625
902.7834808826447,2,3592.9,13928.4921875,56842.7265625
903.7999086380005,2,1959.0,13999.02734375,56842.7265625
904.8103592395782,2,3096.6,14023.44921875,56842.7265625
905.8251483440399,2,1035.5,8439.19921875,56842.7265625
906.8341102600098,2,1643.9,9314.2734375,56842.7265625
907.8421325683594,2,888.5,8526.44921875,56842.7265625
908.8493678569794,2,1272.1,8281.9375,56842.7265625
909.8571281433105,2,2939.6,10291.1171875,56842.7265625
910.8714792728424,2,4273.1,11650.91015625,56842.7265625
911.8924858570099,2,4551.3,14392.9609375,56842.7265625
912.9223597049713,2,4176.7,14927.24609375,56842.7265625
913.9434888362885,2,4017.7,15261.375,56842.7265625
914.95760679245,2,3313.4,15313.40234375,56842.7265625
915.96835064888,2,3503.1,16261.75,56842.7265625
916.9821088314056,2,1899.6,16336.83984375,56842.7265625
917.9914820194244,2,2656.3,16492.04296875,56842.7265625
919.0120522975922,2,1988.3,16681.8984375,56842.7265625
920.0214803218842,2,1055.3,8772.5546875,56842.7265625
921.0410542488098,2,1139.8,8442.77734375,56842.7265625
922.049886226654,2,598.4,8282.24609375,56842.7265625
923.0575604438782,2,1319.0,8033.109375,56842.7265625
924.0688803195953,2,3117.3,10218.87109375,56842.7265625
925.0804858207703,2,4347.7,11580.8671875,56842.7265625
926.1068062782288,2,4167.3,13116.95703125,56842.7265625
927.1159405708313,2,3635.7,13463.86328125,56842.7265625
928.13112616539,2,3706.1,13786.60546875,56842.7265625
929.1428101062775,2,2310.6,14024.08203125,56842.7265625
930.15247797966,2,2728.8,14021.09765625,56842.7265625
931.1649599075317,2,1531.3,8541.19140625,56842.7265625
932.1743369102478,2,1683.2,9568.546875,56842.7265625
933.1826364994049,2,738.8,8729.65234375,56842.7265625
934.192330121994,2,1725.9,9955.05078125,56842.7265625
935.2064783573151,2,4051.3,12006.625,56842.7265625
936.2274854183197,2,4585.7,14164.0078125,56842.7265625
937.2584810256958,2,4311.0,14323.34765625,56842.7265625
938.2691521644592,2,3617.3,14343.85546875,56842.7265625
939.2780721187592,2,3710.7,14259.69921875,56842.7265625
940.2877144813538,2,3018.2,14714.2421875,56842.7265625
941.2992000579834,2,2414.1,14594.37109375,56842.7265625
942.3091986179352,2,2026.9,7962.40234375,56842.7265625
943.318498134613,2,1700.8,9883.9140625,56842.7265625
944.3267714977264,2,912.1,8628.04296875,56842.7265625
945.3378255367279,2,1451.9,11523.19140625,56842.7265625
946.3460280895233,2,4089.5,14226.26953125,56842.7265625
947.3555021286011,2,4557.8,14334.9609375,56842.7265625
948.3679986000061,2,4435.0,14035.6328125,56842.7265625
949.3801534175873,2,3863.7,15177.265625,56842.7265625
950.3925106525421,2,4435.5,15937.52734375,56842.7265625
951.4395093917847,2,4377.1,15921.9765625,56842.7265625
952.4844853878021,2,3817.7,15275.98828125,56842.7265625
953.4987506866455,2,2585.9,15530.9921875,56842.7265625
954.5064797401428,2,3101.7,15627.90625,56842.7265625
955.5178728103638,2,676.2,9050.640625,56842.7265625
956.5263636112213,2,1736.8,8638.27734375,56842.7265625
957.5363857746124,2,1079.1,8465.46484375,56842.7265625
958.5458257198334,2,3038.0,11595.63671875,56842.7265625
959.5594799518585,2,4438.4,12701.1328125,56842.7265625
960.5814986228943,2,4343.4,13835.265625,56842.7265625
961.5958683490753,2,3691.2,14730.6171875,56842.7265625
962.6075129508972,2,4456.4,15350.27734375,56842.7265625
963.6624920368195,2,3534.3,14916.703125,56842.7265625
964.6830234527588,2,2419.9,15001.3984375,56842.7265625
965.6904287338257,2,2901.1,14839.03515625,56842.7265625
966.7029757499695,2,1054.7,8807.94140625,56842.7265625
967.7116355895996,2,1823.1,8705.58984375,56842.7265625
968.7192487716675,2,1480.8,8533.75390625,56842.7265625
969.7544801235199,2,3031.7,12026.15625,56842.7265625
970.7754878997803,2,4507.3,12644.91015625,56842.7265625
971.801479101181,2,4356.4,13863.51953125,56842.7265625
972.822509765625,2,4013.5,14693.01171875,56842.7265625
973.8735837936401,2,3789.5,13819.4765625,56842.7265625
974.8864829540253,2,2984.7,14328.66796875,56842.7265625
975.9136099815369,2,2694.0,14315.92578125,56842.7265625
976.9254958629608,2,1473.8,8207.6875,56842.7265625
977.9343857765198,2,1731.2,9496.3125,56842.7265625
978.9429235458374,2,1118.2,8694.38671875,56842.7265625
979.9525136947632,2,2471.8,11519.65234375,56842.7265625
980.972286939621,2,4407.1,12401.4375,56842.7265625
981.9888551235199,2,4338.0,13444.80859375,56842.7265625
983.0029754638672,2,3997.7,14556.3984375,56842.7265625
984.013533115387,2,4351.1,15261.39453125,56842.7265625
985.0624845027924,2,3568.2,14747.04296875,56842.7265625
986.0709760189056,2,2490.1,14826.29296875,56842.7265625
987.0814778804779,2,3041.2,14746.3125,56842.7265625
988.0916097164154,2,930.8,9265.86328125,56842.7265625
989.0981924533844,2,1768.0,9194.47265625,56842.7265625
990.1151616573334,2,1142.4,8870.30859375,56842.7265625
991.1321008205414,2,2270.2,12133.6015625,56842.7265625
992.1704800128937,2,4361.6,14466.984375,56842.7265625
993.1924831867218,2,4561.3,15136.26171875,56842.7265625
994.2194821834564,2,4376.3,15241.06640625,56842.7265625
995.2405173778534,2,4075.7,16084.78515625,56842.7265625
996.2855129241943,2,4461.9,16058.30859375,56842.7265625
997.3292369842529,2,4627.1,15820.12890625,56842.7265625
998.3642768859863,2,2902.5,15692.9921875,56842.7265625
999.3729791641235,2,2391.5,15639.45703125,56842.7265625
1000.3810319900513,2,2729.0,15908.76171875,56842.7265625
1001.3884766101837,2,1577.5,9369.76953125,56842.7265625
1002.4077224731445,2,904.9,8777.83984375,56842.7265625
1003.4166250228882,2,1568.6,10413.80859375,56842.7265625
1004.4264433383942,2,3187.7,13615.3515625,56842.7265625
1005.4464862346649,2,4498.3,14358.390625,56842.7265625
1006.4718630313873,2,4548.3,15994.08203125,56842.7265625
1007.4860348701477,2,4347.8,15196.34765625,56842.7265625
1008.4945216178894,2,4032.2,16074.4296875,56842.7265625
1009.5405220985413,2,4401.7,15994.98828125,56842.7265625
1010.5897922515869,2,3721.9,15241.63671875,56842.7265625
1011.5999803543091,2,2994.5,15734.89453125,56842.7265625
1012.6107914447784,2,2707.0,15828.90625,56842.7265625
1013.6212508678436,2,1900.4,7873.4765625,56842.7265625
1014.6313683986664,2,2039.1,7711.51953125,56842.7265625
1015.6510782241821,2,2825.4,8778.33984375,56842.7265625
1016.6593101024628,2,1899.3,7379.14453125,56842.7265625
1017.6670892238617,2,719.7,8304.640625,56689.87890625
1018.6785862445831,2,2314.6,9684.40234375,56689.87890625
1019.6874783039093,2,3887.3,11444.57421875,56689.87890625
1020.7074871063232,2,4422.5,15284.0625,63857.87890625
1021.7304930686951,2,4411.3,14407.078125,63857.87890625
1022.7444789409637,2,4197.2,15404.6015625,63857.87890625
1023.7652678489685,2,2841.1,15707.3203125,63857.87890625
1024.778478384018,2,2981.7,16074.5546875,63857.87890625
1025.790471792221,2,2344.5,16926.76171875,63857.87890625
1026.8014800548553,2,1256.4,16841.4609375,63857.87890625
1027.8114800453186,2,3747.2,16978.36328125,63857.87890625
1028.8231375217438,2,979.3,15599.26953125,63857.87890625
1029.8309171199799,2,714.6,8826.28515625,63857.87890625
1030.8414778709412,2,2742.2,8959.20703125,63857.87890625
1031.8735024929047,2,2953.0,12398.8359375,63857.87890625
1032.912346124649,2,4241.4,13173.08984375,63857.87890625
1033.934489250183,2,4527.5,17359.8046875,63857.87890625
1034.961487531662,2,4572.8,22819.62109375,72097.87890625
1035.9856631755829,2,4251.9,17618.14453125,72097.87890625
1037.0144879817963,2,4325.9,18919.640625,72097.87890625
1038.0404903888702,2,3596.7,19407.859375,72097.87890625
1039.0564351081848,2,3324.6,19602.3515625,72097.87890625
1040.0664763450623,2,3000.2,19889.97265625,72097.87890625
1041.0783655643463,2,3718.7,21052.86328125,72097.87890625
1042.088338136673,2,1036.0,21110.53515625,72097.87890625
1043.0969924926758,2,1284.0,21002.6328125,72097.87890625
1044.1054866313934,2,3199.1,21271.234375,72097.87890625
1045.129387140274,2,2696.9,21493.37890625,72097.87890625
1046.1384768486023,2,499.6,7894.3046875,72097.87890625
1047.1474769115448,2,1830.0,8852.66796875,72097.87890625
1048.1803929805756,2,3084.3,11634.9765625,72097.87890625
1049.1954815387726,2,4284.6,12822.96484375,72097.87890625
1050.2164902687073,2,4538.2,16752.9375,72097.87890625
1051.2434902191162,2,4520.5,21211.58984375,72097.87890625
1052.269492149353,2,4291.9,17861.296875,72097.87890625
1053.287365913391,2,4297.5,18472.83984375,72097.87890625
1054.299898147583,2,3429.8,18758.67578125,72097.87890625
1055.3154876232147,2,2912.2,19070.03515625,72097.87890625
1056.3424780368805,2,3803.8,19729.98828125,72097.87890625
1057.3630015850067,2,2255.7,20398.04296875,72097.87890625
1058.3713998794556,2,1287.2,20296.26171875,72097.87890625
1059.3814766407013,2,1825.5,20503.5703125,72097.87890625
1060.3980042934418,2,3979.6,20655.5,72097.87890625
1061.4064977169037,2,660.1,8518.53125,74145.89453125
1062.415470123291,2,972.7,8794.2421875,72097.87890625
1063.4241020679474,2,2522.1,10516.23046875,72097.87890625
1064.4344778060913,2,4305.9,12590.19921875,72097.87890625
1065.455484867096,2,4426.4,15206.15234375,72097.87890625
1066.4801380634308,2,4555.8,20328.8203125,72097.87890625
1067.496484041214,2,4343.2,15986.5078125,72097.87890625
1068.527488231659,2,4353.1,18457.828125,72097.87890625
1069.5526695251465,2,3930.8,18739.00390625,72097.87890625
1070.5594890117645,2,3201.0,19084.40625,72097.87890625
1071.5884771347046,2,3235.3,19446.48828125,72097.87890625
1072.6033098697662,2,3239.8,20491.625,72097.87890625
1073.611536026001,2,1107.4,20389.2890625,72097.87890625
1074.6202001571655,2,1193.1,20273.38671875,72097.87890625
1075.6284835338593,2,4427.3,20509.4609375,72097.87890625
1076.6426491737366,2,1130.0,20828.34375,72097.87890625
1077.6549360752106,2,796.7,8615.1484375,72097.87890625
1078.6628046035767,2,2781.2,9026.8984375,72097.87890625
1079.670944929123,2,3087.4,12570.67578125,72097.87890625
1080.683486700058,2,4437.4,13844.54296875,72097.87890625
1081.7097344398499,2,4568.5,18575.4765625,72097.87890625
1082.7357106208801,2,4240.2,15288.421875,72097.87890625
1083.7494792938232,2,4303.7,18401.44921875,72097.87890625
1084.7714807987213,2,4426.0,18598.06640625,72097.87890625
1085.802493572235,2,2984.3,19029.51953125,72097.87890625
1086.8276770114899,2,2821.3,19156.01171875,72097.87890625
1087.839212179184,2,4020.3,20252.65234375,72097.87890625
1088.8476288318634,2,1363.2,20463.05859375,72097.87890625
1089.8548262119293,2,1192.1,20430.50390625,72097.87890625
1090.8644859790802,2,3053.3,20648.19140625,72097.87890625
1091.8776788711548,2,2559.8,20876.99609375,72097.87890625
1092.886179447174,2,468.1,8112.33203125,72097.87890625
1093.8945755958557,2,1009.0,9419.13671875,72097.87890625
1094.9034793376923,2,3609.5,9655.26171875,72097.87890625
1095.9425013065338,2,2614.1,13449.9296875,72097.87890625
1096.9574773311615,2,4298.8,14691.26953125,72097.87890625
1097.978485584259,2,4511.3,18179.40234375,72097.87890625
1099.0044860839844,2,4539.4,23115.91796875,72097.87890625
1100.0349471569061,2,4282.1,17147.859375,72097.87890625
1101.0494804382324,2,4302.4,20553.53515625,72097.87890625
1102.0704822540283,2,4414.0,20716.28125,72097.87890625
1103.092503786087,2,3210.0,21006.390625,72097.87890625
1104.1235420703888,2,3209.6,21214.98828125,72097.87890625
1105.1334800720215,2,3175.7,21576.90625,72097.87890625
1106.14870095253,2,3744.1,22746.859375,72097.87890625
1107.1554265022278,2,1106.8,22653.13671875,72097.87890625
1108.1619248390198,2,1299.6,22640.01171875,72097.87890625
1109.1694839000702,2,2898.5,22879.125,72097.87890625
1110.1819846630096,2,3138.0,23106.05859375,72097.87890625
1111.1914064884186,2,583.3,9491.17578125,74145.89453125
1112.1994688510895,2,919.8,9361.1328125,72097.87890625
1113.2084789276123,2,3079.3,9655.67578125,72097.87890625
1114.241478919983,2,2612.2,13381.31640625,72097.87890625
1115.2634825706482,2,4307.8,14608.31640625,72097.87890625
1116.285485982895,2,4490.5,17556.3203125,72097.87890625
1117.3134832382202,2,4642.8,22313.81640625,72097.87890625
1118.3414919376373,2,4325.3,16737.67578125,72097.87890625
1119.3634877204895,2,4256.0,20516.48046875,72097.87890625
1120.3878197669983,2,4470.5,20628.53125,72097.87890625
1121.4064919948578,2,3236.9,20945.98046875,72097.87890625
1122.4384863376617,2,3331.7,21161.28515625,72097.87890625
1123.4646344184875,2,2845.9,21323.44140625,72097.87890625
1124.4761638641357,2,3980.7,22464.2265625,72097.87890625
1125.4877843856812,2,1417.1,22666.0625,72097.87890625
1126.4960696697235,2,1323.3,22584.3359375,72097.87890625
1127.5034799575806,2,2317.6,22812.46484375,72097.87890625
1128.5166323184967,2,3790.7,23037.234375,72097.87890625
1129.5250091552734,2,626.6,8522.68359375,74145.89453125
1130.5344815254211,2,865.7,9175.359375,72097.87890625
1131.555480003357,2,2500.6,9612.4296875,72097.87890625
1132.606504201889,2,2689.3,12930.29296875,72097.87890625
1133.6229057312012,2,4257.0,14484.23828125,72097.87890625
1134.6314897537231,2,4386.4,16587.8203125,72097.87890625
1135.658485174179,2,4638.2,21045.484375,72097.87890625
1136.6868784427643,2,4507.1,21315.828125,72097.87890625
1137.6994833946228,2,4221.8,19785.703125,72097.87890625
1138.716839313507,2,4248.8,20558.3203125,72097.87890625
1139.7334847450256,2,3570.0,20859.15234375,72097.87890625
1140.7558407783508,2,3333.6,21061.93359375,72097.87890625
1141.765481710434,2,2691.7,21230.5078125,72097.87890625
1142.7924797534943,2,4159.5,22125.87890625,72097.87890625
1143.8079342842102,2,1669.6,22669.33984375,72097.87890625
1144.8184778690338,2,1369.5,22548.81640625,72097.87890625
1145.8257415294647,2,1566.7,22760.2421875,72097.87890625
1146.8373773097992,2,4442.2,22820.0234375,72097.87890625
1147.8464760780334,2,972.5,22511.16015625,72097.87890625
1148.8547370433807,2,612.5,8857.22265625,72097.87890625
1149.862476348877,2,1743.4,9617.703125,72097.87890625
1150.9206368923187,2,2707.4,11951.15625,72097.87890625
1151.9334795475006,2,4359.8,14453.29296875,72097.87890625
1152.960486650467,2,4379.5,15737.9765625,72097.87890625
1153.9848861694336,2,4532.1,19628.54296875,72097.87890625
1155.011489391327,2,4563.1,24775.9453125,72097.87890625
1156.0434849262238,2,4379.6,19129.8203125,72097.87890625
1157.0654878616333,2,4388.7,20454.15625,72097.87890625
1158.0898072719574,2,3781.2,20793.8359375,72097.87890625
1159.1014873981476,2,2913.7,21052.85546875,72097.87890625
1160.1268377304077,2,3367.7,21167.83984375,72097.87890625
1161.1334781646729,2,4107.1,22099.9921875,72097.87890625
1162.1534795761108,2,1834.8,22589.19921875,72097.87890625
1163.165684223175,2,1356.2,22515.7265625,72097.87890625
1164.174479007721,2,1615.8,22696.11328125,72097.87890625
1165.1844387054443,2,4465.0,22774.5625,72097.87890625
1166.1964888572693,2,895.0,23161.73828125,72097.87890625
1167.206444978714,2,600.0,8842.71875,72097.87890625
1168.2154805660248,2,1900.5,9583.62890625,72097.87890625
1169.2554755210876,2,2574.3,11957.33984375,72097.87890625
1170.2694818973541,2,4331.2,14442.90234375,72097.87890625
1171.291485786438,2,4421.4,15563.10546875,72097.87890625
1172.3184928894043,2,4578.0,20522.890625,72097.87890625
1173.3444924354553,2,4555.9,25177.46484375,72097.87890625
1174.3665006160736,2,4284.5,19159.08984375,72097.87890625
1175.3874871730804,2,4417.0,20501.3828125,72097.87890625
1176.4125826358795,2,3939.7,20803.01953125,72097.87890625
1177.4214844703674,2,2862.5,21121.63671875,72097.87890625
1178.4475002288818,2,3124.2,21224.265625,72097.87890625
1179.4704806804657,2,4042.6,22074.921875,72097.87890625
1180.4936566352844,2,2031.4,22675.70703125,72097.87890625
1181.5044813156128,2,1323.4,22650.3828125,72097.87890625
1182.5174770355225,2,1431.7,22729.33984375,72097.87890625
1183.530114889145,2,4484.9,22802.8671875,72097.87890625
1184.5423290729523,2,1048.1,23222.8125,72097.87890625
1185.5554366111755,2,607.7,8738.48828125,72097.87890625
1186.5641615390778,2,1602.9,9661.6015625,72097.87890625
1187.6150059700012,2,2743.3,11798.18359375,72097.87890625
1188.6223554611206,2,3406.4,14383.3515625,72097.87890625
1189.6464772224426,2,4114.4,15928.48828125,72097.87890625
1190.6685028076172,2,4426.2,17974.453125,72097.87890625
1191.6984882354736,2,4602.8,22537.65234375,72097.87890625
1192.7242803573608,2,4562.8,27830.625,82393.87890625
1193.7525041103363,2,4513.8,24341.19140625,82393.87890625
1194.7744903564453,2,4198.1,23197.40234375,82393.87890625
1195.7954785823822,2,4186.4,24859.9140625,82393.87890625
1196.8154828548431,2,4343.2,25110.109375,82393.87890625
1197.8396525382996,2,3925.9,25399.875,82393.87890625
1198.8482658863068,2,2782.0,25739.70703125,82393.87890625
1199.857596874237,2,3997.5,25953.078125,82393.87890625
1200.8678889274597,2,2753.8,26148.140625,82393.87890625
1201.8804805278778,2,3600.3,27467.58203125,82393.87890625
1202.901350736618,2,2534.9,28505.0625,82393.87890625
1203.9083800315857,2,1207.4,28460.984375,82393.87890625
1204.9204950332642,2,1459.0,28538.44921875,82393.87890625
1205.9293758869171,2,2420.5,28916.73046875,82393.87890625
1206.9414813518524,2,4412.6,29129.5625,82393.87890625
1207.9614861011505,2,880.1,29602.5703125,82393.87890625
1208.970433473587,2,767.8,7831.34375,84441.89453125
1209.9783148765564,2,929.4,8645.17578125,82393.87890625
1210.9884967803955,2,3011.9,10689.98828125,82393.87890625
1212.0006787776947,2,4147.4,12370.10546875,82393.87890625
1213.014488697052,2,4522.6,16582.36328125,82393.87890625
1214.0314795970917,2,4189.4,15403.8828125,82393.87890625
1215.0524966716766,2,3479.2,15697.95703125,82393.87890625
1216.0734763145447,2,2931.0,15915.44140625,82393.87890625
1217.0881555080414,2,3158.7,17110.65625,82393.87890625
1218.0963020324707,2,1276.7,16966.20703125,82393.87890625
1219.106292963028,2,3320.5,17164.73828125,82393.87890625
1220.1165578365326,2,1183.5,17526.234375,82393.87890625
1221.126148700714,2,953.2,8935.19921875,82393.87890625
1222.1344985961914,2,2632.9,10672.7890625,82393.87890625
1223.158481836319,2,4184.2,12194.53125,82393.87890625
1224.1864881515503,2,4545.8,17116.55078125,82393.87890625
1225.209490776062,2,4179.7,15282.69140625,82393.87890625
1226.23379945755,2,3585.1,15493.32421875,82393.87890625
1227.2484765052795,2,3035.2,15642.19921875,82393.87890625
1228.2630903720856,2,3252.5,16863.05078125,82393.87890625
1229.2733409404755,2,1272.4,16723.5,82393.87890625
1230.2824802398682,2,3241.7,16881.08203125,82393.87890625
1231.2939865589142,2,1251.1,17235.1484375,82393.87890625
1232.3043010234833,2,668.2,8804.296875,82393.87890625
1233.3134765625,2,1538.0,9749.66796875,82393.87890625
1234.3630759716034,2,2490.4,12269.05859375,82393.87890625
1235.3744819164276,2,4297.3,15151.65234375,82393.87890625
1236.3884830474854,2,3985.4,16072.09375,82393.87890625
1237.3984870910645,2,4489.1,18996.13671875,82393.87890625
1238.4284896850586,2,4537.9,23272.94921875,82393.87890625
1239.445485830307,2,4493.8,29061.1875,82393.87890625
1240.4784862995148,2,4253.7,19408.48828125,82393.87890625
1241.4915027618408,2,4517.4,23167.8046875,82393.87890625
1242.5094859600067,2,4214.1,24708.94140625,82393.87890625
1243.5332293510437,2,4271.7,25052.640625,82393.87890625
1244.5538685321808,2,3416.0,25435.87109375,82393.87890625
1245.5644884109497,2,3573.3,25740.9140625,82393.87890625
1246.5974345207214,2,3554.4,25890.73828125,82393.87890625
1247.6224772930145,2,3719.0,26432.2734375,82393.87890625
1248.6384763717651,2,3340.6,28073.3671875,82393.87890625
1249.6601333618164,2,1318.2,28339.86328125,82393.87890625
1250.6689400672913,2,1376.0,28221.60546875,82393.87890625
1251.6893525123596,2,930.8,28302.9453125,82393.87890625
1252.699481010437,2,3839.2,28804.05859375,82393.87890625
1253.7214963436127,2,3118.9,29293.1015625,82393.87890625
1254.7303252220154,2,640.7,29524.24609375,82393.87890625
1255.738364458084,2,494.1,7816.296875,82393.87890625
1256.748059272766,2,1087.9,9167.84375,82393.87890625
1257.7556056976318,2,2851.2,11172.41796875,82393.87890625
1258.7644774913788,2,3831.6,14182.24609375,82393.87890625
1259.7854990959167,2,4415.1,14772.2890625,82393.87890625
1260.810952425003,2,4558.0,19648.8515625,82393.87890625
1261.8384828567505,2,4576.5,24291.36328125,82393.87890625
1262.8644936084747,2,4232.9,19323.37890625,82393.87890625
1263.8844871520996,2,4385.5,20202.03125,82393.87890625
1264.9095392227173,2,3492.6,20632.55859375,82393.87890625
1265.920485496521,2,3762.1,20868.37109375,82393.87890625
1266.9473793506622,2,2930.4,21033.890625,82393.87890625
1267.9574432373047,2,3838.5,22140.91796875,82393.87890625
1268.96652841568,2,1231.7,22302.11328125,82393.87890625
1269.9789595603943,2,1311.0,22164.125,82393.87890625
1270.9904816150665,2,3634.4,22418.72265625,82393.87890625
1272.008484840393,2,2114.5,22644.70703125,82393.87890625
1273.0179941654205,2,505.8,8445.78515625,82393.87890625
1274.0262928009033,2,908.7,9948.9609375,82393.87890625
1275.0364763736725,2,3113.0,10096.390625,82393.87890625
1276.0934841632843,2,2258.1,13226.9921875,82393.87890625
1277.1114823818207,2,4246.8,16252.01171875,82393.87890625
1278.1324796676636,2,4313.7,16721.4375,82393.87890625
1279.1534943580627,2,4506.9,20318.77734375,82393.87890625
1280.1804916858673,2,4560.5,24604.74609375,82393.87890625
1281.2004868984222,2,4583.1,30183.1015625,82393.87890625
1282.231077671051,2,4185.1,20289.5078125,82393.87890625
1283.2449605464935,2,4418.7,24041.453125,82393.87890625
1284.2614901065826,2,4183.6,25647.4140625,82393.87890625
1285.2874865531921,2,4367.4,25824.83984375,82393.87890625
1286.3032131195068,2,3307.4,26236.4296875,82393.87890625
1287.3114898204803,2,2861.7,26583.65234375,82393.87890625
1288.320304632187,2,3921.8,26668.45703125,82393.87890625
1289.33163356781,2,3106.9,26873.859375,82393.87890625
1290.3434801101685,2,4182.5,28112.48046875,82393.87890625
1291.3540365695953,2,2023.7,29118.72265625,82393.87890625
1292.363026857376,2,1176.6,29057.0234375,82393.87890625
1293.3744759559631,2,1466.8,28959.9609375,82393.87890625
1294.3828961849213,2,1639.2,29090.81640625,82393.87890625
1295.3964796066284,2,4341.1,29636.859375,82393.87890625
1296.4150605201721,2,2034.4,30004.2734375,82393.87890625
1297.4235680103302,2,728.8,30363.91796875,82393.87890625
1298.433474779129,2,563.0,8547.2890625,82393.87890625
1299.4421789646149,2,988.2,9618.49609375,82393.87890625
1300.4511516094208,2,3868.5,10021.0625,82393.87890625
1301.460509777069,2,2471.0,14319.578125,82393.87890625
1302.5064804553986,2,4086.8,16083.51953125,82393.87890625
1303.527488231659,2,4381.9,16750.95703125,82393.87890625
1304.5544860363007,2,4584.0,21778.87890625,82393.87890625
1305.5814859867096,2,4614.9,27009.42578125,82393.87890625
1306.6074848175049,2,4550.2,30264.9609375,82393.87890625
1307.6365163326263,2,4196.1,22843.70703125,82393.87890625
1308.691041469574,2,4204.2,24978.93359375,82393.87890625
1309.7124817371368,2,4404.9,25177.1953125,82393.87890625
1310.7317593097687,2,4336.1,25352.30078125,82393.87890625
1311.7425141334534,2,2997.4,25601.953125,82393.87890625
1312.751485824585,2,3524.7,26021.15625,82393.87890625
1313.781550168991,2,3008.1,26072.796875,82393.87890625
1314.793476819992,2,4030.5,27381.56640625,82393.87890625
1315.8141870498657,2,2288.6,28382.421875,82393.87890625
1316.8243391513824,2,1151.1,28377.43359375,82393.87890625
1317.8337013721466,2,1432.9,28360.50390625,82393.87890625
1318.840483903885,2,1660.7,29069.9921875,82393.87890625
1319.8664808273315,2,4537.3,28937.77734375,82393.87890625
1320.8792967796326,2,1379.5,29431.0,82393.87890625
1321.8874771595001,2,811.0,29788.19921875,82393.87890625
1322.897364616394,2,563.4,8792.11328125,82393.87890625
1323.9056282043457,2,988.0,9845.609375,82393.87890625
1324.9181952476501,2,3661.2,10848.234375,82393.87890625
1325.926480770111,2,3060.8,14453.78125,82393.87890625
1326.9514484405518,2,4094.7,16075.6953125,82393.87890625
1327.9735445976257,2,4414.4,17492.953125,82393.87890625
1329.0010509490967,2,4572.9,22082.10546875,82393.87890625
1330.0234858989716,2,4584.5,27634.27734375,82393.87890625
1331.0514950752258,2,4523.3,27166.46875,82393.87890625
1332.0774941444397,2,4256.4,23254.47265625,82393.87890625
1333.1004769802094,2,4150.9,24892.64453125,82393.87890625
1334.1204805374146,2,4356.2,25095.23046875,82393.87890625
1335.1422924995422,2,4122.0,25360.05078125,82393.87890625
1336.1514887809753,2,3038.3,25798.94140625,82393.87890625
1337.1604886054993,2,3959.7,25993.99609375,82393.87890625
1338.182478427887,2,2741.6,26106.38671875,82393.87890625
1339.1986336708069,2,4090.0,27489.3828125,82393.87890625
1340.2118368148804,2,2125.3,28407.12109375,82393.87890625
1341.220492362976,2,1126.9,28360.05859375,82393.87890625
1342.2294960021973,2,1434.8,28352.3203125,82393.87890625
1343.2384769916534,2,1952.9,29040.98828125,82393.87890625
1344.2593121528625,2,4522.1,28805.671875,82393.87890625
1345.2697894573212,2,1065.0,29402.13671875,82393.87890625
1346.278082370758,2,862.8,29785.98828125,82393.87890625
1347.2887983322144,2,597.1,8882.41015625,82393.87890625
1348.2974808216095,2,1668.9,9702.703125,82393.87890625
1349.3544867038727,2,2439.6,12352.16015625,82393.87890625
1350.364420890808,2,4439.1,15180.15234375,82393.87890625
1351.3773250579834,2,4015.8,16135.578125,82393.87890625
1352.399498462677,2,4426.8,19002.1796875,82393.87890625
1353.4260902404785,2,4580.7,24241.97265625,82393.87890625
1354.4414856433868,2,4518.1,30480.90234375,82393.87890625
1355.46848154068,2,4267.7,19691.18359375,82393.87890625
1356.484254360199,2,4437.8,23460.98828125,82393.87890625
1357.49848818779,2,4185.0,25046.09765625,82393.87890625
1358.5244817733765,2,4310.4,25371.3203125,82393.87890625
1359.545231103897,2,3456.3,25664.72265625,82393.87890625
1360.556483745575,2,3395.8,26039.109375,82393.87890625
1361.5867643356323,2,3302.7,26036.83984375,82393.87890625
1362.6034908294678,2,3586.0,26465.515625,82393.87890625
1363.6163976192474,2,3629.5,27695.84375,82393.87890625
1364.6258628368378,2,1518.5,28474.45703125,82393.87890625
1365.6353015899658,2,1280.2,28444.33984375,82393.87890625
1366.6445384025574,2,1208.1,28337.828125,82393.87890625
1367.6524868011475,2,3252.3,29005.25,82393.87890625
1368.6805939674377,2,3794.5,29303.234375,82393.87890625
1369.6894927024841,2,560.5,29586.69140625,82393.87890625
1370.6975734233856,2,605.5,9499.20703125,84441.89453125
1371.7066729068756,2,730.2,9783.66015625,82393.87890625
1372.7164771556854,2,1572.1,10220.8125,82393.87890625
1373.7775995731354,2,3635.9,11368.35546875,82393.87890625
1374.7864804267883,2,3115.7,15175.15625,82393.87890625
1375.8124785423279,2,4080.9,16869.984375,82393.87890625
1376.8334884643555,2,4413.3,17087.30078125,82393.87890625
1377.8574860095978,2,4542.1,21855.890625,82393.87890625
1378.8844742774963,2,4564.4,26301.7421875,82393.87890625
1379.9160389900208,2,4552.8,31376.56640625,82393.87890625
1380.9418437480927,2,4064.2,21764.10546875,82393.87890625
1381.9709594249725,2,4486.7,25312.65625,82393.87890625
1382.986486673355,2,4268.7,26077.39453125,82393.87890625
1384.0124778747559,2,4287.4,26380.93359375,82393.87890625
1385.0319826602936,2,3113.7,26621.43359375,82393.87890625
1386.0412080287933,2,2707.9,26977.0859375,82393.87890625
1387.057051897049,2,3899.5,26920.6328125,82393.87890625
1388.0662198066711,2,3178.1,27313.953125,82393.87890625
1389.0774800777435,2,4114.4,28577.03515625,82393.87890625
1390.0899677276611,2,2127.3,29608.39453125,82393.87890625
1391.098283290863,2,1142.8,29577.45703125,82393.87890625
1392.1071906089783,2,1374.3,29480.5234375,82393.87890625
1393.1201429367065,2,824.2,29481.6796875,82393.87890625
1394.1283404827118,2,4067.5,29988.921875,82393.87890625
1395.1441102027893,2,3619.4,30532.37109375,82393.87890625
1396.1515762805939,2,561.8,30792.0625,82393.87890625
1397.1607582569122,2,603.0,9064.9453125,84441.89453125
1398.1694762706757,2,1549.1,8692.140625,82393.87890625
1399.210477590561,2,3339.6,11250.90234375,82393.87890625
1400.2314965724945,2,4387.2,13938.43359375,82393.87890625
1401.2574543952942,2,4491.3,13435.484375,82393.87890625
1402.277642250061,2,4181.2,15171.171875,82393.87890625
1403.2884848117828,2,3118.7,15473.3203125,82393.87890625
1404.314481496811,2,3441.4,16186.96875,82393.87890625
1405.3354380130768,2,1736.0,16763.58984375,82393.87890625
1406.344477891922,2,1836.9,16858.6171875,82393.87890625
1407.3572034835815,2,2843.2,17006.62109375,82393.87890625
1408.3654034137726,2,586.0,8065.03515625,82393.87890625
1409.3744773864746,2,2351.8,8877.08984375,82393.87890625
1410.3934807777405,2,3296.4,11503.55078125,82393.87890625
1411.4134857654572,2,4424.4,14899.828125,82393.87890625
1412.444487810135,2,4347.3,14062.8515625,82393.87890625
1413.4684875011444,2,4284.9,15081.453125,82393.87890625
1414.4935839176178,2,2922.5,15378.61328125,82393.87890625
1415.5014798641205,2,3492.4,16124.66015625,82393.87890625
1416.5220365524292,2,1396.4,16483.46875,82393.87890625
1417.5324800014496,2,2356.2,16654.8359375,82393.87890625
1418.5451691150665,2,2273.0,16941.3671875,82393.87890625
1419.553339958191,2,454.0,8238.7734375,82393.87890625
1420.562288761139,2,891.0,10139.359375,82393.87890625
1421.5713257789612,2,2469.2,10241.8125,82393.87890625
1422.6169912815094,2,2356.7,12896.5546875,82393.87890625
1423.6264839172363,2,4262.1,15767.65625,82393.87890625
1424.6567389965057,2,4120.3,16823.4609375,82393.87890625
1425.7084884643555,2,4333.1,18685.49609375,82393.87890625
1426.734487771988,2,4496.4,23197.8359375,82393.87890625
1427.7614884376526,2,4509.2,27528.55078125,82393.87890625
1428.78848862648,2,4627.7,30634.53125,82393.87890625
1429.8154900074005,2,4220.1,22117.5234375,82393.87890625
1430.8304812908173,2,4116.6,26314.49609375,82393.87890625
1431.8514876365662,2,4422.5,26465.28515625,82393.87890625
1432.862487077713,2,4394.9,26704.79296875,82393.87890625
1433.8884975910187,2,2796.7,27027.5546875,82393.87890625
1434.905487537384,2,3352.0,27329.7734375,82393.87890625
1435.9174845218658,2,3201.1,27404.390625,82393.87890625
1436.9494807720184,2,3946.9,27964.515625,82393.87890625
1437.9612472057343,2,3458.7,29263.3515625,82393.87890625
1438.9692862033844,2,1474.7,29995.73828125,82393.87890625
1439.9811668395996,2,1185.7,29685.24609375,82393.87890625
1440.9906899929047,2,1340.3,29594.30859375,82393.87890625
1442.0000641345978,2,1727.9,29887.05078125,82393.87890625
1443.0084805488586,2,4487.9,30257.08984375,82393.87890625
1444.0314445495605,2,2089.4,30611.10546875,82393.87890625
1445.0402338504791,2,641.0,30899.0078125,82393.87890625
1446.0495529174805,2,464.1,8229.00390625,82393.87890625
1447.0579040050507,2,973.1,9685.3046875,82393.87890625
1448.0674784183502,2,3289.1,9882.16015625,82393.87890625
1449.0915191173553,2,2296.1,13632.671875,82393.87890625
1450.1214768886566,2,4234.4,15860.59765625,82393.87890625
1451.1434834003448,2,4311.7,16324.91796875,82393.87890625
1452.1684863567352,2,4550.8,20611.02734375,82393.87890625
1453.1974873542786,2,4583.1,25534.39453125,82393.87890625
1454.2281095981598,2,4585.3,30541.796875,82393.87890625
1455.2534952163696,2,4238.5,20507.6171875,82393.87890625
1456.2804384231567,2,4184.0,24859.3203125,82393.87890625
1457.3284883499146,2,4573.5,24835.46484375,82393.87890625
1458.3704862594604,2,4187.7,25276.55078125,82393.87890625
1459.400494337082,2,3163.0,25517.69921875,82393.87890625
1460.4469847679138,2,3219.4,25968.00390625,82393.87890625
1461.4738039970398,2,2837.0,25952.55078125,82393.87890625
1462.4884786605835,2,4147.8,27127.75,82393.87890625
1463.511488199234,2,2921.6,28431.92578125,82393.87890625
1464.5201272964478,2,1094.0,28396.68359375,82393.87890625
1465.528408050537,2,1420.8,28326.6953125,82393.87890625
1466.5354793071747,2,1215.0,28543.94140625,82393.87890625
1467.5564785003662,2,4360.5,28853.8046875,82393.87890625
1468.5678071975708,2,2169.7,29393.60546875,82393.87890625
1469.5760612487793,2,650.5,29680.25,82393.87890625
1470.5847220420837,2,543.5,8413.1953125,82393.87890625
1471.592952489853,2,879.3,10051.70703125,82393.87890625
1472.6024765968323,2,2832.8,10174.6328125,82393.87890625
1473.6458613872528,2,2198.3,13200.15234375,82393.87890625
1474.658035516739,2,4502.8,15854.0625,82393.87890625
1475.6724796295166,2,4075.4,16834.87109375,82393.87890625
1476.69548869133,2,4363.3,18975.2734375,82393.87890625
1477.7301571369171,2,4594.3,23453.10546875,82393.87890625
1478.757490158081,2,4621.7,28775.0703125,82393.87890625
1479.7843565940857,2,4450.5,31698.578125,82393.87890625
1480.79550242424,2,4128.6,21616.64453125,82393.87890625
1481.826477766037,2,4111.9,25999.12109375,82393.87890625
1482.8474848270416,2,4593.8,25913.18359375,82393.87890625
1483.8634932041168,2,4204.6,26285.96484375,82393.87890625
1484.8844957351685,2,2830.5,26602.2890625,82393.87890625
1485.916491508484,2,3364.2,26890.8984375,82393.87890625
1486.9468100070953,2,3210.4,26965.8671875,82393.87890625
1487.9744772911072,2,4039.5,27580.07421875,82393.87890625
1488.9893724918365,2,3465.9,28777.6484375,82393.87890625
1489.998788356781,2,1457.3,29711.671875,82393.87890625
1491.007644891739,2,1228.2,29553.79296875,82393.87890625
1492.0155050754547,2,1370.9,29408.296875,82393.87890625
1493.029484987259,2,1794.4,30139.9765625,82393.87890625
1494.0544826984406,2,4549.2,29994.6171875,82393.87890625
1495.072289466858,2,1884.9,30550.01171875,82393.87890625
1496.0822441577911,2,651.6,30828.16015625,82393.87890625
1497.0920910835266,2,512.7,8276.56640625,82393.87890625
1498.1004700660706,2,960.2,9629.21875,82393.87890625
1499.109475851059,2,3418.6,9824.33203125,82393.87890625
1500.1417458057404,2,2303.5,13579.109375,82393.87890625
1501.1574761867523,2,4249.6,15806.0,82393.87890625
1502.1834909915924,2,4338.3,16278.3359375,82393.87890625
1503.2084877490997,2,4504.6,20899.6015625,82393.87890625
1504.2344889640808,2,4598.2,26101.125,82393.87890625
1505.2641286849976,2,4105.6,30138.890625,82393.87890625
1506.2853598594666,2,3803.4,20566.5546875,82393.87890625
1507.3107721805573,2,4415.0,24429.6640625,82393.87890625
1508.3224837779999,2,4249.7,24878.55078125,82393.87890625
1509.3483760356903,2,4214.0,25344.28125,82393.87890625
1510.374395608902,2,3352.4,25598.99609375,82393.87890625
1511.4083316326141,2,3392.1,26067.2578125,82393.87890625
1512.4344851970673,2,3115.1,26055.9765625,82393.87890625
1513.4609553813934,2,4117.0,27377.7734375,82393.87890625
1514.4702150821686,2,2929.4,28581.29296875,82393.87890625
1515.4844963550568,2,1107.9,28408.0078125,82393.87890625
1516.497794866562,2,1389.6,28393.5390625,82393.87890625
1517.5074789524078,2,1281.0,28545.3515625,82393.87890625
1518.5185222625732,2,4319.6,28788.4609375,82393.87890625
1519.5307159423828,2,2185.9,29394.6875,82393.87890625
1520.539690732956,2,694.1,29671.1875,82393.87890625
1521.5525405406952,2,550.4,8420.6796875,82393.87890625
1522.5609710216522,2,985.5,9538.171875,82393.87890625
1523.5685284137726,2,3814.5,9870.6015625,82393.87890625
1524.578486919403,2,2401.3,14380.296875,82393.87890625
1525.6014788150787,2,4105.5,16004.515625,82393.87890625
1526.6204903125763,2,4355.7,16973.73046875,82393.87890625
1527.649490594864,2,4563.6,22006.68359375,82393.87890625
1528.6794118881226,2,4577.0,27505.05078125,82393.87890625
1529.7074947357178,2,4555.1,27137.64453125,82393.87890625
1530.7204866409302,2,4150.2,23028.30078125,82393.87890625
1531.7588822841644,2,4206.0,24897.72265625,82393.87890625
1532.7784814834595,2,4376.9,25132.640625,82393.87890625
1533.7990770339966,2,4261.7,25402.13671875,82393.87890625
1534.8112704753876,2,2991.2,25806.81640625,82393.87890625
1535.82048869133,2,3912.4,25991.3671875,82393.87890625
1536.8474760055542,2,2435.3,26024.1640625,82393.87890625
1537.8594794273376,2,4229.4,27345.8203125,82393.87890625
1538.879947900772,2,2235.6,28356.4765625,82393.87890625
1539.886254310608,2,1145.5,28331.25390625,82393.87890625
1540.8991243839264,2,1426.4,28323.7265625,82393.87890625
1541.9084825515747,2,1863.7,29004.60546875,82393.87890625
1542.9574792385101,2,4408.2,28840.34765625,82393.87890625
1543.9739744663239,2,1230.6,29341.65234375,82393.87890625
1544.9830298423767,2,899.6,29726.53125,82393.87890625
1545.9913651943207,2,594.9,8795.75390625,82393.87890625
1547.0004799365997,2,1715.1,9646.5078125,82393.87890625
1548.0607767105103,2,2638.7,12025.53515625,82393.87890625
1549.07240152359,2,4405.5,14506.65234375,82393.87890625
1550.0944871902466,2,4351.3,16020.20703125,82393.87890625
1551.121487379074,2,4600.9,20824.59375,82393.87890625
1552.1492054462433,2,4575.1,23360.21875,82393.87890625
1553.174491405487,2,4353.9,19982.2890625,82393.87890625
1554.2024879455566,2,4364.1,20751.91015625,82393.87890625
1555.2276575565338,2,3715.2,21100.08203125,82393.87890625
1556.234976530075,2,2957.6,21398.171875,82393.87890625
1557.251800775528,2,3003.1,21462.51171875,82393.87890625
1558.2604768276215,2,3922.3,22282.26171875,82393.87890625
1559.2813906669617,2,2053.8,22865.58984375,82393.87890625
1560.2961626052856,2,1332.3,22854.98046875,82393.87890625
1561.3044793605804,2,1429.6,22872.79296875,82393.87890625
1562.3144791126251,2,4435.3,22914.48828125,82393.87890625
1563.3258879184723,2,1122.8,23313.890625,82393.87890625
1564.3357536792755,2,554.4,8902.87890625,82393.87890625
1565.3440902233124,2,928.4,9685.0546875,82393.87890625
1566.3523480892181,2,3945.4,10231.66015625,82393.87890625
1567.3612761497498,2,2599.5,14453.7578125,82393.87890625
1568.3754789829254,2,4146.1,16064.8125,82393.87890625
1569.426518201828,2,4388.9,17368.44140625,82393.87890625
1570.458488702774,2,4590.0,22373.27734375,82393.87890625
1571.4854865074158,2,4533.5,27600.59375,82393.87890625
1572.5124909877777,2,4271.0,28803.5078125,82393.87890625
1573.5455935001373,2,4314.1,23243.86328125,82393.87890625
1574.5827136039734,2,4171.9,25010.31640625,82393.87890625
1575.6084778308868,2,4371.7,25205.71875,82393.87890625
1576.6352305412292,2,4188.2,25479.06640625,82393.87890625
1577.6447372436523,2,2905.5,25680.36328125,82393.87890625
1578.653487920761,2,3505.5,26065.52734375,82393.87890625
1579.6714777946472,2,2767.1,26137.76171875,82393.87890625
1580.6864805221558,2,4197.1,27498.7265625,82393.87890625
1581.7074279785156,2,2357.7,28558.94921875,82393.87890625
1582.7154915332794,2,1105.4,28474.12109375,82393.87890625
1583.7242062091827,2,1497.5,28337.4453125,82393.87890625
1584.7373278141022,2,1555.7,28750.75390625,82393.87890625
1585.7463419437408,2,4444.1,29011.0234375,82393.87890625
1586.768086194992,2,1561.9,29372.6171875,82393.87890625
1587.7753400802612,2,806.4,29712.8671875,82393.87890625
1588.7844262123108,2,552.3,8620.7890625,82393.87890625
1589.7928822040558,2,960.2,9525.84375,82393.87890625
1590.8020827770233,2,3754.3,10380.7265625,82393.87890625
1591.8114876747131,2,2863.7,14365.87890625,82393.87890625
1592.82848238945,2,4122.1,15986.95703125,82393.87890625
1593.848489522934,2,4357.8,17131.4296875,82393.87890625
1594.8794889450073,2,4580.7,21829.90234375,82393.87890625
1595.906490802765,2,4607.1,27550.26953125,82393.87890625
1596.9334933757782,2,4595.5,26363.0859375,82393.87890625
1597.9515023231506,2,4216.1,23291.5703125,82393.87890625
1598.9774770736694,2,4173.7,24965.1953125,82393.87890625
1599.998479127884,2,4386.1,25176.69140625,82393.87890625
1601.0193684101105,2,4139.1,25458.56640625,82393.87890625
1602.029655456543,2,2927.9,25819.45703125,82393.87890625
1603.037488937378,2,3650.5,26045.1015625,82393.87890625
1604.067619085312,2,2471.9,26025.2265625,82393.87890625
1605.0804798603058,2,4196.0,27339.125,82393.87890625
1606.1035447120667,2,2396.6,28423.21875,82393.87890625
1607.1131463050842,2,1202.7,28293.1171875,82393.87890625
1608.1226089000702,2,1437.9,28248.2421875,82393.87890625
1609.1303141117096,2,1813.6,28974.8203125,82393.87890625
1610.1557755470276,2,4527.1,28819.4140625,82393.87890625
1611.1677584648132,2,1197.9,29325.49609375,82393.87890625
1612.1768472194672,2,829.3,29688.21484375,82393.87890625
1613.1849527359009,2,513.7,8724.578125,82393.87890625
1614.1934833526611,2,920.6,9807.3046875,82393.87890625
1615.207540512085,2,3974.0,9978.01171875,82393.87890625
1616.2665860652924,2,2206.0,13902.72265625,82393.87890625
1617.2944779396057,2,4228.3,16131.65234375,82393.87890625
1618.324488401413,2,4288.2,16585.83203125,82393.87890625
1619.3564884662628,2,4528.5,20989.66015625,82393.87890625
1620.3904869556427,2,4526.8,25671.2578125,82393.87890625
1621.4146835803986,2,4583.5,31523.8046875,82393.87890625
1622.4414880275726,2,4207.4,21194.7734375,82393.87890625
1623.4718821048737,2,4399.9,25274.8671875,82393.87890625
1624.4824867248535,2,4425.7,25489.95703125,82393.87890625
1625.504094839096,2,4154.4,25874.609375,82393.87890625
1626.5298953056335,2,2975.9,26161.32421875,82393.87890625
1627.5634891986847,2,3353.8,26465.17578125,82393.87890625
1628.590484380722,2,3238.9,26551.6484375,82393.87890625
1629.621957063675,2,3586.5,27087.5859375,82393.87890625
1630.633593082428,2,3453.5,28478.4296875,82393.87890625
1631.6419842243195,2,1587.3,29027.4375,82393.87890625
1632.6499562263489,2,1039.5,29127.83984375,82393.87890625
1633.6630833148956,2,1325.8,29028.64453125,82393.87890625
1634.6724963188171,2,2644.7,29341.82421875,82393.87890625
1635.687136888504,2,4513.6,29296.26171875,82393.87890625
1636.697476387024,2,934.1,29933.0703125,82393.87890625
1637.7085890769958,2,794.4,9337.57421875,82393.87890625
1638.7167661190033,2,855.7,8876.61328125,82393.87890625
1639.7243163585663,2,2754.9,9128.0078125,82393.87890625
1640.733479499817,2,3279.8,12221.9453125,82393.87890625
1641.7544853687286,2,4462.2,14819.7578125,82393.87890625
1642.7814865112305,2,4558.4,19956.74609375,82393.87890625
1643.8060309886932,2,4276.9,16666.859375,82393.87890625
1644.8224234580994,2,4249.4,17591.3984375,82393.87890625
1645.83749127388,2,3296.0,17903.91015625,82393.87890625
1646.8641965389252,2,3045.5,18168.2265625,82393.87890625
1647.8849937915802,2,3797.0,18966.71484375,82393.87890625
1648.8967218399048,2,1459.1,19323.6953125,82393.87890625
1649.9047503471375,2,1237.0,19183.63671875,82393.87890625
1650.913477897644,2,3839.8,19469.17578125,82393.87890625
1651.931142091751,2,1354.0,19794.29296875,82393.87890625
1652.9408557415009,2,736.9,8742.69140625,82393.87890625
1653.9494807720184,2,2217.0,9486.8671875,82393.87890625
1654.9965085983276,2,2744.8,12636.94921875,82393.87890625
1656.0142300128937,2,4246.4,14257.875,82393.87890625
1657.0234875679016,2,4533.9,16948.921875,82393.87890625
1658.049399614334,2,4609.2,21963.578125,82393.87890625
1659.076721906662,2,4343.5,16855.80859375,82393.87890625
1660.0914800167084,2,4291.5,20092.84375,82393.87890625
1661.1124806404114,2,4380.8,20225.48046875,82393.87890625
1662.1343474388123,2,3137.1,20464.3046875,82393.87890625
1663.1663432121277,2,3028.6,20670.98046875,82393.87890625
1664.1885347366333,2,3812.0,21114.1640625,82393.87890625
1665.199711561203,2,2496.5,22000.734375,82393.87890625
1666.2087121009827,2,1470.2,21940.9453125,82393.87890625
1667.2164783477783,2,1480.3,22016.5859375,82393.87890625
1668.227338552475,2,4398.5,22114.30859375,82393.87890625
1669.2343754768372,2,966.7,19824.30078125,82393.87890625
1670.2420001029968,2,714.3,8867.65234375,82393.87890625
1671.2529051303864,2,2540.9,9381.328125,82393.87890625
1672.2724885940552,2,2774.1,12967.9140625,82393.87890625
1673.288479089737,2,4291.4,14145.48046875,82393.87890625
1674.3094873428345,2,4533.3,17331.5546875,82393.87890625
1675.3344860076904,2,4543.9,22122.265625,82393.87890625
1676.3603448867798,2,4323.0,17282.23046875,82393.87890625
1677.38348031044,2,4363.1,19790.1875,82393.87890625
1678.407951593399,2,4206.8,20067.37109375,82393.87890625
1679.41770029068,2,2920.2,20305.65625,82393.87890625
1680.4257373809814,2,3134.5,20560.73046875,82393.87890625
1681.435477256775,2,3916.5,21322.89453125,82393.87890625
1682.4585902690887,2,1664.9,21843.57421875,82393.87890625
1683.4682445526123,2,1339.0,21789.36328125,82393.87890625
1684.4774816036224,2,2364.3,22042.83203125,82393.87890625
1685.4915399551392,2,3414.0,22203.9609375,82393.87890625
1686.49960398674,2,568.1,9293.8046875,84441.89453125
1687.5082380771637,2,1012.9,9043.3671875,82393.87890625
1688.5173480510712,2,2890.8,10521.09375,82393.87890625
1689.5273439884186,2,3521.8,13936.5625,82393.87890625
1690.550278186798,2,4365.8,14175.51953125,82393.87890625
1691.5624878406525,2,4520.1,19373.27734375,82393.87890625
1692.5894885063171,2,4598.2,22743.2734375,82393.87890625
1693.6134958267212,2,4282.3,19345.64453125,82393.87890625
1694.6394908428192,2,4307.4,19830.2734375,82393.87890625
1695.6581990718842,2,3331.0,20258.45703125,82393.87890625
1696.6674888134003,2,3715.4,20484.34375,82393.87890625
1697.6976845264435,2,3103.1,20675.32421875,82393.87890625
1698.70836353302,2,3610.4,21784.1796875,82393.87890625
1699.7172329425812,2,1111.9,21672.62890625,82393.87890625
1700.728188276291,2,1231.0,21723.92578125,82393.87890625
1701.7374770641327,2,3764.3,21869.109375,82393.87890625
1702.7493896484375,2,1905.3,22190.2578125,82393.87890625
1703.7585389614105,2,664.5,8333.2109375,82393.87890625
1704.767495393753,2,1590.8,9462.78515625,82393.87890625
1705.8164801597595,2,2774.5,11859.375,82393.87890625
1706.8294768333435,2,4339.1,14073.51171875,82393.87890625
1707.850486755371,2,4426.7,16326.375,82393.87890625
1708.880747795105,2,4565.4,20347.68359375,82393.87890625
1709.903489112854,2,4531.2,18508.5,82393.87890625
1710.9270992279053,2,4196.0,19947.85546875,82393.87890625
1711.9363963603973,2,4343.0,20199.8046875,82393.87890625
1712.948495388031,2,3299.3,20454.109375,82393.87890625
1713.976490020752,2,3588.7,20640.8046875,82393.87890625
1714.997332572937,2,3079.0,20900.48828125,82393.87890625
1716.0132629871368,2,3389.1,22111.015625,82393.87890625
1717.0219569206238,2,1173.2,21922.69140625,82393.87890625
1718.0294916629791,2,1266.8,21878.66796875,82393.87890625
1719.040046930313,2,4081.6,22087.8515625,82393.87890625
1720.0521793365479,2,1701.0,22473.765625,82393.87890625
1721.061360359192,2,776.3,8240.06640625,82393.87890625
1722.0700764656067,2,2483.8,8962.40234375,82393.87890625
1723.0794796943665,2,3408.7,11903.4765625,82393.87890625
1724.101496219635,2,4392.3,14613.15625,82393.87890625
1725.1255960464478,2,4438.5,19423.81640625,82393.87890625
1726.1513106822968,2,4319.9,16760.234375,82393.87890625
1727.1684849262238,2,4226.2,17406.80078125,82393.87890625
1728.1894929409027,2,3386.7,17693.6484375,82393.87890625
1729.2024080753326,2,2938.3,17980.3828125,82393.87890625
1730.2120010852814,2,3803.3,19059.60546875,82393.87890625
1731.2214963436127,2,1241.1,19112.0234375,82393.87890625
1732.2300617694855,2,1167.5,18984.49609375,82393.87890625
1733.2364773750305,2,4256.9,19174.953125,82393.87890625
1734.2468345165253,2,930.8,17859.69140625,82393.87890625
1735.254640340805,2,866.7,8900.4375,82393.87890625
1736.265406370163,2,2395.5,10216.3671875,82393.87890625
1737.2744815349579,2,4131.1,12268.6171875,82393.87890625
1738.2954864501953,2,4509.5,15569.25390625,82393.87890625
1739.3234882354736,2,4595.1,19973.4296875,82393.87890625
1740.3484103679657,2,4072.9,17435.4921875,82393.87890625
1741.3630003929138,2,4385.0,17599.76953125,82393.87890625
1742.3726420402527,2,2896.5,17906.68359375,82393.87890625
1743.381106376648,2,3436.8,18074.18359375,82393.87890625
1744.3933019638062,2,3685.8,19248.7265625,82393.87890625
1745.4014279842377,2,1037.7,19144.77734375,82393.87890625
1746.4104816913605,2,1515.5,19325.140625,82393.87890625
1747.4219844341278,2,4237.8,19519.9765625,82393.87890625
1748.4280652999878,2,630.5,8070.59765625,84441.89453125
1749.4367234706879,2,981.4,8653.73828125,82393.87890625
1750.4484877586365,2,3146.6,10660.87890625,82393.87890625
1751.4614906311035,2,4216.8,12410.953125,82393.87890625
1752.4884915351868,2,4511.0,17017.9296875,82393.87890625
1753.5014851093292,2,4124.1,15161.20703125,82393.87890625
1754.5264947414398,2,3513.9,15380.53515625,82393.87890625
1755.552476644516,2,3037.6,15564.5546875,82393.87890625
1756.5661816596985,2,3290.1,16802.49609375,82393.87890625
1757.5773413181305,2,1261.8,16682.53125,82393.87890625
1758.5862786769867,2,3203.7,16832.25,82393.87890625
1759.596992969513,2,1354.6,17150.3203125,82393.87890625
1760.603744983673,2,1365.4,8235.60546875,82393.87890625
1761.613941192627,2,2642.5,8969.38671875,82393.87890625
1762.6224789619446,2,3223.1,13052.734375,82393.87890625
1763.6518557071686,2,4351.2,14271.69140625,82393.87890625
1764.6794972419739,2,4413.8,14470.8203125,82393.87890625
1765.6955444812775,2,4258.7,16488.49609375,82393.87890625
1766.719719171524,2,3161.8,16688.83203125,82841.87890625
1767.7284862995148,2,2896.6,16990.02734375,82841.87890625
1768.7387671470642,2,3608.8,18186.5625,82841.87890625
1769.7514770030975,2,3433.1,19250.11328125,82841.87890625
1770.7597851753235,2,1319.8,19274.31640625,82841.87890625
1771.774477481842,2,4410.3,19318.59375,82841.87890625
1772.785935640335,2,1352.0,19731.0078125,82841.87890625
1773.79540681839,2,1572.4,8551.58203125,82841.87890625
1774.8041334152222,2,2397.0,9608.69921875,82841.87890625
1775.8144805431366,2,4049.1,13322.7109375,82841.87890625
1776.8354864120483,2,4445.2,15296.5078125,82841.87890625
1777.862060546875,2,4382.9,15750.28125,82841.87890625
1778.8754920959473,2,3836.1,16701.78125,82841.87890625
1779.884482383728,2,3294.3,16792.26953125,82841.87890625
1780.9101207256317,2,3270.4,17271.34375,82841.87890625
1781.9224774837494,2,4267.1,18704.34765625,82841.87890625
1782.94180560112,2,2118.7,19115.8515625,82841.87890625
1783.9504790306091,2,2772.8,19348.13671875,82841.87890625
1784.9621243476868,2,3284.5,19527.96875,82841.87890625
1785.9706015586853,2,577.3,9759.0859375,84889.89453125
1786.9787437915802,2,2157.5,8775.86328125,82841.87890625
1787.9884850978851,2,3512.4,12448.23828125,82841.87890625
1789.0054779052734,2,4296.3,13398.69140625,82841.87890625
1790.0284938812256,2,4500.0,16911.78515625,82841.87890625
1791.0444819927216,2,4188.7,16569.30859375,82841.87890625
1792.065494775772,2,3531.3,16821.43359375,82841.87890625
1793.0923461914062,2,3213.1,17128.2890625,82841.87890625
1794.101479768753,2,3628.2,17946.14453125,82841.87890625
1795.114996433258,2,3787.1,19276.28515625,82841.87890625
1796.1289031505585,2,1291.8,19092.40234375,82841.87890625
1797.1374711990356,2,4106.7,19392.3984375,82841.87890625
1798.1474273204803,2,1799.4,19614.203125,82841.87890625
1799.1559426784515,2,1239.9,8348.6640625,82841.87890625
1800.16748380661,2,2820.2,8868.08984375,82841.87890625
1801.2134804725647,2,3418.0,13211.78125,82841.87890625
1802.2224900722504,2,4399.1,14535.23046875,82841.87890625
1803.249412536621,2,4463.9,15118.1015625,82841.87890625
1804.2662448883057,2,4234.9,16569.95703125,82841.87890625
1805.2791810035706,2,3129.4,16813.453125,82841.87890625
1806.2924847602844,2,2780.9,17104.42578125,82841.87890625
1807.3110103607178,2,4190.5,18645.54296875,82841.87890625
1808.3330292701721,2,3007.7,19124.69140625,82841.87890625
1809.3424792289734,2,1704.6,19419.95703125,82841.87890625
1810.3634805679321,2,4399.0,19387.02734375,82841.87890625
1811.387767791748,2,817.1,8160.23046875,84889.89453125
1812.3966343402863,2,1957.3,8766.4375,82841.87890625
1813.4037227630615,2,2335.1,10178.7109375,82841.87890625
1814.420480966568,2,4214.4,13386.953125,82841.87890625
1815.4414868354797,2,4551.1,16244.59375,82841.87890625
1816.4684805870056,2,4210.2,16382.65625,82841.87890625
1817.487696647644,2,3658.5,16730.85546875,82841.87890625
1818.4964835643768,2,3403.0,16820.171875,82841.87890625
1819.5104789733887,2,3099.6,17351.046875,82841.87890625
1820.522483587265,2,4322.3,18729.66015625,82841.87890625
1821.5416584014893,2,1862.5,19048.7734375,82841.87890625
1822.554481267929,2,3056.4,19305.6796875,82841.87890625
1823.5662553310394,2,2865.8,19501.87890625,82841.87890625
1824.5752444267273,2,621.0,8039.8046875,82841.87890625
1825.5866832733154,2,2256.5,8835.5625,82841.87890625
1826.5974915027618,2,3660.0,12464.48828125,82841.87890625
1827.6114826202393,2,4299.3,13407.97265625,82841.87890625
1828.6324880123138,2,4476.8,16957.17578125,82841.87890625
1829.6483535766602,2,4095.8,16532.9609375,82841.87890625
1830.6754984855652,2,3575.0,16805.8203125,82841.87890625
1831.702482700348,2,3027.0,17064.46484375,82841.87890625
1832.711350440979,2,3702.2,18005.234375,82841.87890625
1833.7257182598114,2,3831.3,19140.22265625,82841.87890625
1834.73659491539,2,1322.4,19157.33203125,82841.87890625
1835.7454793453217,2,3940.0,19408.25390625,82841.87890625
1836.7563350200653,2,2055.3,19656.70703125,82841.87890625
1837.7647666931152,2,1227.9,8325.37109375,82841.87890625
1838.7754774093628,2,2812.5,8841.19921875,82841.87890625
1839.8294830322266,2,3488.2,13226.1953125,82841.87890625
1840.8453738689423,2,4370.2,14608.515625,82841.87890625
1841.8773078918457,2,4409.5,14894.546875,82841.87890625
1842.9054901599884,2,4263.1,16578.21484375,82841.87890625
1843.9314873218536,2,3184.0,16806.6171875,82841.87890625
1844.9454891681671,2,2713.5,17051.5546875,82841.87890625
1845.9664812088013,2,4299.1,18595.5625,82841.87890625
1846.9871785640717,2,2901.2,19200.3046875,82841.87890625
1847.997479915619,2,1704.8,19460.66796875,82841.87890625
1849.0154798030853,2,4441.8,19388.1328125,82841.87890625
1850.0398607254028,2,831.8,8200.79296875,84889.89453125
1851.0494782924652,2,2015.6,8673.4921875,82841.87890625
1852.0594809055328,2,2283.6,10096.6171875,82841.87890625
1853.0724818706512,2,4247.0,13368.54296875,82841.87890625
1854.0934903621674,2,4479.8,16023.59375,82841.87890625
1855.1197519302368,2,4226.3,16410.83203125,82841.87890625
1856.1309397220612,2,3720.9,16772.65234375,82841.87890625
1857.1394848823547,2,3379.9,16884.55859375,82841.87890625
1858.153477191925,2,2952.5,17322.68359375,82841.87890625
1859.1664776802063,2,4305.4,18728.7890625,82841.87890625
1860.1864955425262,2,2138.0,19212.60546875,82841.87890625
1861.1954782009125,2,2614.8,19498.78125,82841.87890625
1862.2067551612854,2,3563.9,19609.83984375,82841.87890625
1863.2164859771729,2,568.8,9484.05859375,84889.89453125
1864.2254784107208,2,2180.5,8774.88671875,82841.87890625
1865.234074831009,2,3185.7,11747.23046875,82841.87890625
1866.2484874725342,2,4274.5,13395.94921875,82841.87890625
1867.2705495357513,2,4512.6,17071.328125,82841.87890625
1868.2999579906464,2,4165.0,16526.1484375,82841.87890625
1869.3224980831146,2,3637.7,16785.0390625,82841.87890625
1870.3514840602875,2,3067.9,17060.05859375,82841.87890625
1871.3784773349762,2,3596.4,17763.93359375,82841.87890625
1872.3943755626678,2,4002.2,18943.38671875,82841.87890625
1873.403157711029,2,1500.9,19199.375,82841.87890625
1874.4114789962769,2,3615.1,19410.09765625,82841.87890625
1875.4242551326752,2,2435.5,19665.3828125,82841.87890625
1876.4333839416504,2,937.9,8187.76171875,82841.87890625
1877.4434788227081,2,2616.8,8826.4921875,82841.87890625
1878.496476650238,2,3467.2,13200.76953125,82841.87890625
1879.5264887809753,2,4356.1,14126.38671875,82841.87890625
1880.552196264267,2,4423.3,14093.078125,82841.87890625
1881.568480014801,2,4257.6,16594.23046875,82841.87890625
1882.589495897293,2,3475.5,16778.55078125,82841.87890625
1883.6163396835327,2,2803.5,17048.375,82841.87890625
1884.6275856494904,2,4077.3,18278.7109375,82841.87890625
1885.639366388321,2,3203.4,19204.73828125,82841.87890625
1886.6514863967896,2,1283.6,19223.16796875,82841.87890625
1887.6684803962708,2,4383.1,19268.015625,82841.87890625
1888.6804769039154,2,1425.5,19668.2421875,82841.87890625
1889.6907768249512,2,1595.0,8499.3515625,82841.87890625
1890.6990563869476,2,2415.3,9515.265625,82841.87890625
1891.708482503891,2,4011.5,13265.61328125,82841.87890625
1892.730488061905,2,4514.0,15329.515625,82841.87890625
1893.757113456726,2,4385.2,15741.28125,82841.87890625
1894.7697994709015,2,3902.4,16679.16015625,82841.87890625
1895.7794871330261,2,3324.3,16832.73828125,82841.87890625
1896.7990357875824,2,3199.8,17329.23828125,82841.87890625
1897.8114800453186,2,4252.4,18762.5,82841.87890625
1898.831303358078,2,2202.7,19216.33203125,82841.87890625
1899.839478969574,2,2594.6,19502.92578125,82841.87890625
1900.8569610118866,2,3489.9,19603.65234375,82841.87890625
1901.865445613861,2,587.8,9505.76953125,84889.89453125
1902.8742506504059,2,2113.8,8800.984375,82841.87890625
1903.8834819793701,2,3298.4,12035.42578125,82841.87890625
1904.903478384018,2,4282.8,13391.890625,82841.87890625
1905.9244873523712,2,4538.9,17377.96484375,82841.87890625
1906.951477766037,2,4144.8,16492.52734375,82841.87890625
1907.9724912643433,2,3590.5,16769.28515625,82841.87890625
1908.9994888305664,2,2886.8,16954.8515625,82841.87890625
1910.0230996608734,2,3543.5,17781.80078125,82841.87890625
1911.0364780426025,2,3985.1,18871.63671875,82841.87890625
1912.0551552772522,2,1409.3,19076.93359375,82841.87890625
1913.0644781589508,2,3655.2,19277.1015625,82841.87890625
1914.0781729221344,2,2311.9,19565.12109375,82841.87890625
1915.092779159546,2,1002.5,8169.078125,82841.87890625
1916.1004750728607,2,2620.1,8783.18359375,82841.87890625
1917.1204788684845,2,3394.0,13108.875,82841.87890625
1918.141497850418,2,4380.5,14133.4453125,82841.87890625
1919.16748213768,2,4459.4,14080.04296875,82841.87890625
1920.1804828643799,2,4229.4,16587.921875,82841.87890625
1921.2014963626862,2,3372.7,16801.7109375,82841.87890625
1922.2148597240448,2,2768.8,16992.72265625,82841.87890625
1923.223239660263,2,4210.1,18355.9765625,82841.87890625
1924.2414968013763,2,3076.2,19227.79296875,82841.87890625
1925.2530770301819,2,1601.1,19335.390625,82841.87890625
1926.265478849411,2,4409.2,19409.91015625,82841.87890625
1927.280319929123,2,1018.6,19786.27734375,82841.87890625
1928.2884817123413,2,1512.5,8502.84375,82841.87890625
1929.3394796848297,2,3700.0,11506.8203125,82841.87890625
1930.3603279590607,2,4443.9,12701.63671875,82841.87890625
1931.3764884471893,2,3927.3,14671.6953125,82841.87890625
1932.3870117664337,2,3084.7,14837.640625,82841.87890625
1933.3993237018585,2,4011.2,16084.31640625,82841.87890625
1934.4210288524628,2,1788.5,16241.09375,82841.87890625
1935.4296023845673,2,4115.2,16478.26953125,82841.87890625
1936.4373202323914,2,621.2,9675.71875,84889.89453125
1937.4474849700928,2,2371.6,9495.203125,82841.87890625
1938.4626886844635,2,4289.3,11641.7109375,82841.87890625
1939.4746611118317,2,4248.9,14238.30859375,82841.87890625
1940.4848327636719,2,3709.8,14566.73828125,82841.87890625
1941.4940567016602,2,3168.2,14902.4921875,82841.87890625
1942.5062515735626,2,3849.4,16270.71484375,82841.87890625
1943.5143449306488,2,2079.9,16348.29296875,82841.87890625
1944.5250906944275,2,3123.4,16533.1328125,82841.87890625
1945.5321369171143,2,1013.1,8370.546875,82841.87890625
1946.542014837265,2,3164.6,11294.6484375,82841.87890625
1947.5554859638214,2,4405.0,13330.5078125,82841.87890625
1948.5808284282684,2,4143.4,14331.0859375,82841.87890625
1949.5904841423035,2,3192.6,14612.19140625,82841.87890625
1950.6102912425995,2,3991.7,15488.27734375,82841.87890625
1951.6171803474426,2,2498.8,16149.203125,82841.87890625
1952.6274807453156,2,3224.2,16272.53515625,82841.87890625
1953.638128042221,2,1807.7,8149.76953125,84889.89453125
1954.647476196289,2,1890.2,8502.015625,82841.87890625
1955.679480791092,2,3635.1,11562.30078125,82841.87890625
1956.7003765106201,2,4370.5,12988.66015625,82841.87890625
1957.716411113739,2,3988.5,14578.78125,82841.87890625
1958.7485575675964,2,3217.7,14847.4921875,82841.87890625
1959.7592270374298,2,4076.9,16056.6796875,82841.87890625
1960.768196105957,2,1687.4,16244.12109375,82841.87890625
1961.7797186374664,2,3643.6,16571.89453125,82841.87890625
1962.7924780845642,2,884.2,8230.42578125,82841.87890625
1963.8014783859253,2,3787.9,10051.65234375,82841.87890625
1964.8154797554016,2,3590.8,10535.57421875,82841.87890625
1965.8264920711517,2,2541.7,10674.80078125,82841.87890625
1966.8344779014587,2,1723.7,8671.0390625,82841.87890625
1967.8734793663025,2,3664.8,11659.8203125,82841.87890625
1968.8933131694794,2,4397.8,12740.26171875,82841.87890625
1969.9095013141632,2,3948.6,14577.109375,82841.87890625
1970.9396841526031,2,3077.5,14781.98828125,82841.87890625
1971.9514796733856,2,4170.0,15993.796875,82841.87890625
1972.97247672081,2,1697.9,16174.125,82841.87890625
1973.9833221435547,2,3813.6,16423.44140625,82841.87890625
1974.9927246570587,2,640.4,8122.80078125,82841.87890625
1976.0034799575806,2,3305.6,10104.046875,82841.87890625
1977.0144777297974,2,4346.1,12012.296875,82841.87890625
1978.0354807376862,2,3143.7,12286.90625,82841.87890625
1979.0442588329315,2,3507.3,13220.38671875,82841.87890625
1980.0554809570312,2,3329.0,13309.703125,82841.87890625
1981.0656971931458,2,838.9,8449.31640625,82841.87890625
1982.075357913971,2,3443.1,10286.34375,82841.87890625
1983.0869355201721,2,4294.0,12037.875,82841.87890625
1984.0994839668274,2,3437.5,12416.23046875,82841.87890625
1985.1115911006927,2,2954.2,13125.94140625,82841.87890625
1986.1188428401947,2,3196.5,13272.74609375,82841.87890625
1987.1265063285828,2,363.5,5355.14453125,75673.72265625
1988.1360635757446,2,93.2,5145.16796875,75673.72265625
1989.1449058055878,2,101.2,4982.58203125,75673.72265625
