elapsed_time,nproc,cpu,mem_real,mem_virtual
3.647804260253906e-05,1,0.0,3.83984375,7.39453125
1.006810188293457,4,0.0,431.12890625,4208.01953125
2.0159876346588135,4,100.2,615.34375,4394.01953125
3.0242416858673096,4,100.1,616.859375,4454.01953125
4.033674240112305,4,99.1,619.578125,4454.01953125
5.042382717132568,4,100.0,619.90625,4454.01953125
6.052557468414307,4,98.8,626.44921875,4502.01953125
7.064878463745117,4,99.9,617.984375,4502.01953125
8.075573205947876,4,99.8,590.25,4502.01953125
9.08786129951477,4,99.9,602.3515625,4502.01953125
10.098432302474976,4,99.9,651.71484375,4502.01953125
11.10938024520874,4,98.9,703.29296875,4558.01953125
12.120910406112671,4,99.9,753.296875,4622.01953125
13.13148808479309,4,99.9,809.296875,4708.01953125
14.142677068710327,4,98.9,855.30078125,4708.01953125
15.154340982437134,4,99.8,907.3046875,4804.01953125
16.16601300239563,4,99.8,949.3046875,4804.01953125
17.177761793136597,3,6.9,46.87109375,3354.51171875
18.188602924346924,2,0.0,132.92578125,3546.640625
19.199046850204468,2,100.1,554.48828125,4732.671875
20.20787501335144,2,99.2,862.4765625,5852.671875
21.216030836105347,2,100.1,1036.65625,7132.671875
22.225151777267456,2,100.1,1316.65625,7132.671875
23.234079360961914,2,100.2,1556.65234375,9700.671875
24.24250888824463,2,99.1,1852.65234375,9700.671875
25.251161336898804,2,99.9,1875.37890625,9188.640625
26.26181674003601,2,99.9,1875.22265625,9188.640625
27.27274990081787,2,99.9,1875.22265625,9188.640625
28.283645391464233,2,99.9,1880.4921875,9188.625
29.29503631591797,2,101.0,1875.578125,9188.625
30.30496859550476,2,99.8,1875.578125,9188.625
31.31654667854309,2,98.9,1870.48046875,9188.625
32.32761287689209,2,100.9,1973.7578125,9700.65625
33.33834719657898,2,99.2,2003.9609375,9748.65625
34.34724712371826,2,2651.8,2759.61328125,13691.6015625
35.378488302230835,2,4670.2,3267.12890625,14206.6015625
36.412248611450195,2,4675.3,3487.70703125,14477.6015625
37.43911838531494,2,4708.2,3645.66015625,14670.6015625
38.46625328063965,2,4624.7,3835.9140625,14918.6015625
39.49598717689514,2,4660.5,3895.76171875,15015.6015625
40.523253440856934,2,4633.4,4036.3984375,15288.6015625
41.582263469696045,2,4718.8,4000.796875,15359.6015625
42.62423062324524,2,4660.0,3999.65234375,15424.6015625
43.65224742889404,2,4649.3,4117.1875,15666.6015625
44.68261694908142,2,4651.1,4132.6875,15755.6015625
45.711251974105835,2,4682.8,4188.1328125,15888.6015625
46.73924922943115,2,4699.9,4301.3359375,16020.6015625
47.77007269859314,2,4614.5,4302.546875,16102.6015625
48.78925132751465,2,4641.5,4363.84765625,16192.6015625
49.81725335121155,2,4647.6,4449.48046875,16327.6015625
50.847254276275635,2,4693.4,4451.8671875,16333.6015625
51.87624955177307,2,4629.7,4425.12890625,16343.6015625
52.904618978500366,2,4622.7,4487.3359375,16450.6015625
53.93725061416626,2,4634.6,4421.74609375,16514.6015625
54.969491481781006,2,4699.5,4490.4296875,16628.6015625
55.99725270271301,2,4638.1,4489.18359375,16678.6015625
57.021252393722534,2,4625.9,4516.25,16719.6015625
58.04925560951233,2,4630.5,4542.16015625,16794.6015625
59.07625102996826,2,4725.2,4454.671875,16794.6015625
60.103251218795776,2,4670.7,4570.828125,16898.6015625
61.13224959373474,2,4610.0,4587.9765625,17012.6015625
62.16238331794739,2,4661.0,4651.2109375,17141.6015625
63.19325375556946,2,4674.0,4630.421875,17203.6015625
64.2243230342865,2,4708.9,4601.69140625,17217.6015625
65.25525951385498,2,4651.9,4691.8984375,17287.6015625
66.28025650978088,2,4620.5,4686.58984375,17369.6015625
67.30719709396362,2,4639.1,4681.578125,17405.6015625
68.33525395393372,2,4704.8,4670.8671875,17501.6015625
69.36225485801697,2,4632.3,4654.96484375,17501.6015625
70.38826036453247,2,4615.3,4590.82421875,17513.6015625
71.41946268081665,2,4645.7,4646.0546875,17661.6015625
72.4472496509552,2,4734.1,4570.140625,17661.6015625
73.475252866745,2,4659.1,4641.765625,17677.6015625
74.50125885009766,2,4617.9,4740.11328125,17799.6015625
75.53119325637817,2,4650.4,4771.96875,17799.6015625
76.5582492351532,2,4666.4,4718.4453125,17843.6015625
77.58525323867798,2,4691.9,4728.80859375,17843.6015625
78.6132607460022,2,4571.7,4707.359375,17885.6015625
79.64424967765808,2,4665.6,4707.95703125,17899.6015625
80.67125296592712,2,4642.9,4682.92578125,17899.6015625
81.69824075698853,2,4699.9,4670.859375,17943.6015625
82.72624468803406,2,4640.8,4788.48828125,18021.6015625
83.75225353240967,2,4614.1,4856.171875,18085.6015625
84.77886414527893,2,4647.7,4912.0859375,18085.6015625
85.8127133846283,2,4734.6,4967.109375,18085.6015625
86.84025287628174,2,4668.2,5141.21484375,18345.6015625
87.86625099182129,2,4633.9,5024.5390625,18449.6015625
88.89315104484558,2,4665.7,4986.4921875,18461.6015625
89.92125344276428,2,4683.0,5012.80859375,18573.6015625
90.95165395736694,2,4678.1,4966.38671875,18605.6015625
91.9812502861023,2,4602.2,5044.53515625,18701.6015625
93.00821542739868,2,4659.3,5036.74609375,18701.6015625
94.03625059127808,2,4633.1,5022.77734375,18701.6015625
95.06326222419739,2,4667.4,5001.6015625,18731.6015625
96.10025310516357,2,4597.5,5240.53125,18967.6015625
97.13013076782227,2,4653.3,5158.41015625,19071.6015625
98.15725421905518,2,4661.5,5037.390625,19101.6015625
99.20627665519714,2,4697.1,5199.32421875,19145.6015625
100.23325276374817,2,4603.1,5336.31640625,19233.6015625
101.2590720653534,2,4646.8,5325.34375,19353.6015625
102.29061222076416,2,4654.9,5250.69140625,19353.6015625
103.31825399398804,2,4694.8,5206.75390625,19353.6015625
104.3462553024292,2,4612.5,5178.33984375,19353.6015625
105.37325716018677,2,4629.9,5190.8984375,19353.6015625
106.40026235580444,2,4641.8,5140.625,19353.6015625
107.42723202705383,2,4693.6,5132.32421875,19393.6015625
108.45525097846985,2,4637.6,5241.47265625,19439.6015625
109.48125267028809,2,4618.2,5285.61328125,19439.6015625
110.51148462295532,2,4649.9,5187.6328125,19439.6015625
111.54125690460205,2,4699.3,5124.765625,19443.6015625
112.56825709342957,2,4649.8,5407.69140625,19783.6015625
113.59425711631775,2,4632.1,5538.40234375,19907.6015625
114.62111043930054,2,4658.3,5580.67578125,19947.6015625
115.64925074577332,2,4636.3,5607.2421875,19979.6015625
116.67625331878662,2,4650.2,5794.125,20311.6015625
117.70225358009338,2,4605.3,6011.6875,20363.6015625
118.73235940933228,2,4671.7,5933.18359375,20377.6015625
119.75924825668335,2,4649.3,5902.73828125,20377.6015625
120.78619337081909,2,4655.5,5713.8046875,20377.6015625
121.81425857543945,2,4588.8,5721.48046875,20401.6015625
122.84225130081177,2,4651.9,5873.38671875,20457.6015625
123.87025690078735,2,4660.7,5972.02734375,20633.6015625
124.89825081825256,2,4722.6,5934.80078125,20633.6015625
125.92855381965637,2,4623.9,5996.73046875,20683.6015625
126.95446825027466,2,4612.2,6083.859375,20855.6015625
127.98325228691101,2,4646.5,6427.58984375,21175.6015625
129.01025295257568,2,4704.5,6607.546875,21277.6015625
130.03825402259827,2,4661.2,6525.23046875,21309.6015625
131.06425213813782,2,4630.5,6577.16015625,21309.6015625
132.09453058242798,2,4644.7,6479.5859375,21309.6015625
133.12325739860535,2,4637.9,6508.33984375,21309.6015625
134.150132894516,2,4703.1,6511.32421875,21309.6015625
135.17824912071228,2,4632.3,6496.5625,21405.6015625
136.2032494544983,2,4626.7,6593.2734375,21469.6015625
137.23025012016296,2,4632.7,6599.921875,21469.6015625
138.26025319099426,2,4689.4,6558.203125,21501.6015625
139.28825521469116,2,4634.2,6831.234375,21585.6015625
140.31426072120667,2,4631.9,6770.359375,21585.6015625
141.34124970436096,2,4624.1,6718.6328125,21585.6015625
142.37992668151855,2,4704.0,6737.765625,21609.6015625
143.39525151252747,2,4639.9,6850.24609375,21609.6015625
144.4222550392151,2,4604.1,6806.546875,21609.6015625
145.44925546646118,2,4664.7,6826.7890625,21761.6015625
146.47625708580017,2,4648.5,6674.80859375,21761.6015625
147.5032515525818,2,4655.7,6662.48046875,21761.6015625
148.53024864196777,2,4620.3,6549.94921875,21761.6015625
149.55525398254395,2,4657.1,6649.1875,21865.6015625
150.58224940299988,2,4643.2,6621.20703125,21865.6015625
151.60925269126892,2,4701.2,6555.1875,21893.6015625
152.63626527786255,2,4635.3,6492.50390625,21893.6015625
153.66232657432556,2,4592.2,6549.8671875,21893.6015625
154.691251039505,2,4629.3,6742.24609375,22043.6015625
155.71815633773804,2,4706.6,6793.28515625,22139.6015625
156.74525356292725,2,4669.0,6776.0546875,22231.6015625
157.7712550163269,2,4584.0,6890.609375,22231.6015625
158.80025005340576,2,4655.2,6858.0,22231.6015625
159.83324909210205,2,4677.5,6843.015625,22359.6015625
160.86024713516235,2,4679.2,6775.3828125,22359.6015625
161.8912591934204,2,4601.8,6743.859375,22359.6015625
162.91925597190857,2,4647.1,6790.578125,22359.6015625
163.94625210762024,2,4661.5,6710.61328125,22359.6015625
164.97425270080566,2,4655.6,6702.125,22359.6015625
166.00124979019165,2,4598.3,6667.39453125,22359.6015625
167.02824640274048,2,4646.4,6604.41015625,22359.6015625
168.05525422096252,2,4629.6,6466.96484375,22359.6015625
169.08325338363647,2,4691.0,6513.19921875,22391.6015625
170.11007690429688,2,4629.6,6637.91796875,22435.6015625
171.1379678249359,2,4620.8,6556.859375,22487.6015625
172.1652491092682,2,4631.0,6831.61328125,22813.6015625
173.19325494766235,2,4696.8,7195.28515625,23021.6015625
174.2202537059784,2,4645.0,7108.9375,23021.6015625
175.24725556373596,2,4616.4,7059.70703125,23021.6015625
176.27736067771912,2,4658.2,7214.015625,23095.6015625
177.30742955207825,2,4667.0,7353.98828125,23161.6015625
178.3376214504242,2,4669.7,7305.30859375,23309.6015625
179.3632493019104,2,4613.1,7316.67578125,23337.6015625
180.39539504051208,2,4639.1,7377.58984375,23337.6015625
181.42477464675903,2,4625.9,7364.37109375,23377.6015625
182.45325708389282,2,4693.5,7278.78515625,23377.6015625
183.48025012016296,2,4605.8,7291.11328125,23405.6015625
184.5072536468506,2,4659.6,7608.3671875,23457.6015625
185.5375144481659,2,4634.2,7592.57421875,23457.6015625
186.56525683403015,2,4718.0,7615.68359375,23533.6015625
187.59425044059753,2,4654.2,7594.796875,23609.6015625
188.61966753005981,2,4609.4,7715.09375,23665.6015625
189.6482539176941,2,4648.0,7843.01171875,23729.6015625
190.67625427246094,2,4673.4,7842.0390625,23813.6015625
191.70326232910156,2,4673.2,7815.515625,23813.6015625
192.7302544116974,2,4602.5,7977.72265625,24053.6015625
193.757253408432,2,4651.5,8074.3203125,24053.6015625
194.78423309326172,2,4661.4,8046.13671875,24053.6015625
195.81551122665405,2,4698.3,8075.85546875,24053.6015625
196.8442509174347,2,4641.2,8095.046875,24053.6015625
197.87025618553162,2,4603.9,8030.890625,24053.6015625
198.8972532749176,2,4645.9,7777.04296875,24053.6015625
199.92525339126587,2,4684.2,7777.67578125,24053.6015625
200.952250957489,2,4622.0,7655.66796875,24081.6015625
201.96924924850464,2,4602.5,7825.41015625,24261.6015625
202.99625492095947,2,4626.6,7855.75,24293.6015625
204.02325201034546,2,4713.0,7818.671875,24293.6015625
205.05025553703308,2,4680.9,7861.72265625,24293.6015625
206.07526111602783,2,4622.8,7809.27734375,24293.6015625
207.10325169563293,2,4646.9,7882.20703125,24321.6015625
208.13025212287903,2,4644.5,7853.46875,24321.6015625
209.1572494506836,2,4691.1,7751.08984375,24349.6015625
210.18424701690674,2,4650.2,7847.84375,24413.6015625
211.20924973487854,2,4630.0,7950.95703125,24505.6015625
212.2362585067749,2,4639.7,8218.3359375,24505.6015625
213.2572536468506,2,4667.8,8037.62109375,24561.6015625
214.28740978240967,2,4678.5,8266.453125,24561.6015625
215.3124978542328,2,4554.9,8043.640625,24561.6015625
216.34125208854675,2,4650.0,8116.125,24589.6015625
217.37165927886963,2,4632.8,8096.09375,24617.6015625
218.40024852752686,2,4638.8,8103.50390625,24617.6015625
219.42625260353088,2,4633.3,8075.95703125,24617.6015625
220.45340752601624,2,4628.8,8222.2890625,24689.6015625
221.4842517375946,2,4648.3,8262.34375,24703.6015625
222.51124835014343,2,4684.9,8225.8046875,24703.6015625
223.5402491092682,2,4636.5,8161.98046875,24763.6015625
224.56625628471375,2,4618.6,8258.9765625,24827.6015625
225.59324669837952,2,4649.8,8515.8828125,24827.6015625
226.62025046348572,2,4712.5,8537.26953125,24831.6015625
227.64825224876404,2,4641.6,8582.6171875,24919.6015625
228.6742503643036,2,4590.7,8492.0859375,25125.6015625
229.7011754512787,2,4628.8,8680.44921875,25261.6015625
230.72924947738647,2,4706.6,8721.4921875,25261.6015625
231.75625371932983,2,4649.8,8495.33203125,25261.6015625
232.7822504043579,2,4594.8,8333.03515625,25261.6015625
233.80924773216248,2,4633.9,8226.7421875,25261.6015625
234.83625030517578,2,4674.8,8486.10546875,25401.6015625
235.86325407028198,2,4662.0,9345.8671875,26083.6015625
236.8922553062439,2,4571.0,9614.61328125,26583.6015625
237.92526865005493,2,4620.3,9993.82421875,26903.6015625
238.95219349861145,2,4666.2,10071.234375,26903.6015625
239.98025107383728,2,4688.5,10359.47265625,26903.6015625
241.007253408432,2,4613.4,10897.60546875,27767.6015625
242.0352509021759,2,4652.3,10767.9140625,27767.6015625
243.0653395652771,2,4635.2,10948.79296875,27971.6015625
244.09637355804443,2,4690.4,11330.80859375,28299.6015625
245.1263473033905,2,4615.7,11337.98046875,28299.6015625
246.15125060081482,2,4600.3,11020.3828125,28299.6015625
247.1815435886383,2,4609.3,10800.61328125,28331.6015625
248.21025896072388,2,4645.9,10629.9453125,28331.6015625
249.24225282669067,2,4611.2,10608.80078125,28375.6015625
250.2790412902832,2,4601.2,10476.92578125,28375.6015625
251.30625104904175,2,4624.1,10545.44921875,28375.6015625
252.33325505256653,2,4664.9,10542.88671875,28375.6015625
253.36125230789185,2,4663.6,10491.72265625,28375.6015625
254.38926768302917,2,4607.0,10490.8984375,28375.6015625
255.41925024986267,2,4651.2,10720.09765625,28375.6015625
256.446257352829,2,4640.7,10754.87890625,28375.6015625
257.47725796699524,2,4676.9,10607.00390625,28375.6015625
258.5042517185211,2,4608.5,10441.6640625,28375.6015625
259.5353379249573,2,4631.9,10441.8125,28375.6015625
260.56216859817505,2,4626.2,10587.23046875,28407.6015625
261.59025049209595,2,4681.7,10569.2578125,28435.6015625
262.61825585365295,2,4621.6,10716.15234375,28435.6015625
263.6442503929138,2,4614.6,10904.05859375,28435.6015625
264.6743109226227,2,4633.5,11027.0703125,28435.6015625
265.7012469768524,2,4676.5,10704.98046875,28435.6015625
266.72825503349304,2,4664.4,10607.796875,28435.6015625
267.75325441360474,2,4576.5,10653.65234375,28435.6015625
268.78025221824646,2,4647.9,10678.11328125,28483.6015625
269.8082540035248,2,4645.6,10664.76953125,28483.6015625
270.8362545967102,2,4693.6,10702.28515625,28507.6015625
271.8665072917938,2,4636.2,10927.4921875,28667.6015625
272.8792533874512,2,4603.5,10963.13671875,28859.6015625
273.9111638069153,2,4641.6,10946.9453125,28859.6015625
274.94724774360657,2,4696.0,10718.19140625,28915.6015625
275.9785921573639,2,4624.2,10583.37109375,28915.6015625
276.9922573566437,2,4613.1,10690.9609375,29059.6015625
278.02435755729675,2,4611.0,10662.01171875,29063.6015625
279.051504611969,2,4665.8,10690.02734375,29067.6015625
280.08025074005127,2,4680.8,10721.3125,29067.6015625
281.10826444625854,2,4503.5,10707.23828125,29067.6015625
282.1352505683899,2,4655.9,10814.1953125,29067.6015625
283.16725635528564,2,4684.5,11153.53515625,29267.6015625
284.19525122642517,2,4675.4,10914.59765625,29267.6015625
285.2222514152527,2,4615.3,10749.1171875,29267.6015625
286.24834299087524,2,4638.7,10637.1015625,29267.6015625
287.2752523422241,2,4651.1,10740.875,29339.6015625
288.3112576007843,2,4667.2,11056.79296875,29431.6015625
289.3322548866272,2,4625.0,11139.12109375,29431.6015625
290.35825300216675,2,4659.3,11070.125,29431.6015625
291.38510298728943,2,4638.1,11172.01953125,29431.6015625
292.4162516593933,2,4659.8,11282.8203125,29431.6015625
293.45267724990845,2,4636.6,11141.88671875,29431.6015625
294.4782531261444,2,4603.4,11223.984375,29431.6015625
295.50934958457947,2,4642.1,11384.48046875,29435.6015625
296.53725242614746,2,4619.0,11522.6640625,29435.6015625
297.5642502307892,2,4667.3,11380.08984375,29435.6015625
298.59125208854675,2,4575.4,11091.9609375,29435.6015625
299.6192581653595,2,4644.7,11122.3984375,29435.6015625
300.6462516784668,2,4643.4,11174.08203125,29435.6015625
301.67525243759155,2,4709.1,11327.59375,29435.6015625
302.70535111427307,2,4634.3,11150.30859375,29435.6015625
303.7312591075897,2,4609.0,11211.73046875,29523.6015625
304.7592542171478,2,4596.9,11139.75,29579.6015625
305.7862491607666,2,4717.5,11061.74609375,29579.6015625
306.8152630329132,2,4628.2,10781.578125,29579.6015625
307.84025478363037,2,4601.5,10954.51953125,29579.6015625
308.8713936805725,2,4648.7,10931.921875,29579.6015625
309.89725708961487,2,4661.7,11121.265625,29671.6015625
310.92825078964233,2,4682.4,10854.64453125,29727.6015625
311.9582517147064,2,4594.0,11109.421875,29727.6015625
312.9851815700531,2,4658.0,11572.44140625,30071.6015625
314.01325392723083,2,4651.6,11552.17578125,30231.6015625
315.04125237464905,2,4707.6,11363.4609375,30379.6015625
316.06816720962524,2,4634.5,11240.57421875,30379.6015625
317.096346616745,2,4616.9,11351.84765625,30379.6015625
318.1222493648529,2,4645.4,11449.703125,30379.6015625
319.1492500305176,2,4668.2,11261.01171875,30379.6015625
320.17625403404236,2,4679.1,11499.23828125,30559.6015625
321.21425223350525,2,4575.3,11834.6796875,30703.6015625
322.2444496154785,2,4645.5,11705.96875,30911.6015625
323.2742512226105,2,4651.2,11529.88671875,30939.6015625
324.3043100833893,2,4668.0,11366.29296875,31107.6015625
325.33025455474854,2,4597.1,11340.5234375,31215.6015625
326.3572516441345,2,4633.8,11062.24609375,31271.6015625
327.38425302505493,2,4645.5,11081.0625,31271.6015625
328.41125440597534,2,4693.9,11023.75,31271.6015625
329.43726110458374,2,4638.8,11106.70703125,31271.6015625
330.4632525444031,2,4579.8,11252.8125,31271.6015625
331.477171421051,2,4030.2,11189.046875,31271.6015625
332.4912488460541,2,3621.5,11039.703125,31315.6015625
333.5051999092102,2,3265.7,11047.7734375,31395.6015625
334.5153477191925,2,2911.5,10786.5,31543.6015625
335.52893328666687,2,2575.3,11049.86328125,31543.6015625
336.5424077510834,2,2292.1,11210.7109375,31543.6015625
337.5549683570862,2,2109.0,10908.50390625,31543.6015625
338.5654079914093,2,2014.3,10444.64453125,31543.6015625
339.5771789550781,2,1843.0,10499.89453125,31723.6015625
340.5885841846466,2,1791.9,9988.6796875,31903.6015625
341.5998136997223,2,1795.4,9854.88671875,31903.6015625
342.6107494831085,2,1792.0,9660.75,31903.6015625
343.62244486808777,2,1792.6,9442.4609375,31903.6015625
344.6332530975342,2,1791.9,9275.1328125,31903.6015625
345.64503026008606,2,1694.3,8965.12109375,31903.6015625
346.65607500076294,2,1506.9,8859.0703125,31903.6015625
347.6674473285675,2,1178.2,9228.3046875,31903.6015625
348.6774671077728,2,1097.2,9055.8515625,31903.6015625
349.68635869026184,2,1063.6,8890.98828125,31903.6015625
350.6960964202881,2,892.5,8816.54296875,31903.6015625
351.70446157455444,2,709.0,8543.50390625,31903.6015625
352.71298718452454,2,608.7,8344.984375,31903.6015625
353.7216808795929,2,604.0,8321.1640625,31903.6015625
354.72996616363525,2,604.7,8547.42578125,31903.6015625
355.73876428604126,2,545.8,8645.95703125,31903.6015625
356.7501485347748,2,410.2,8615.81640625,31903.6015625
357.7618157863617,2,402.7,8507.23046875,31903.6015625
358.77246284484863,2,409.6,7528.80078125,31903.6015625
359.7831377983093,2,371.7,7399.39453125,31903.6015625
360.79481053352356,2,258.2,7288.5625,31903.6015625
361.80568289756775,2,203.6,7182.5703125,31903.6015625
362.81727957725525,2,203.8,7015.015625,31903.6015625
363.82790422439575,2,205.7,6887.3359375,31903.6015625
364.8389663696289,2,204.5,6751.25,31903.6015625
365.85098695755005,2,203.8,6679.05859375,31903.6015625
366.86175441741943,2,202.8,6486.859375,31903.6015625
367.8726191520691,2,154.2,6325.421875,31903.6015625
368.8845534324646,2,100.8,6515.11328125,31903.6015625
369.89629554748535,2,101.8,6946.40234375,31903.6015625
370.90771746635437,2,103.0,7175.76171875,31903.6015625
371.9175727367401,2,101.8,7120.5625,31903.6015625
372.9291162490845,2,102.9,6595.09765625,31903.6015625
373.9398341178894,2,102.9,6719.68359375,31903.6015625
374.95045161247253,2,102.9,6822.67578125,31903.6015625
375.96097326278687,2,100.9,6827.34765625,31903.6015625
376.97217297554016,2,100.8,6404.84765625,31903.6015625
377.98385787010193,2,100.8,6655.109375,31903.6015625
378.99600315093994,2,100.0,6736.87109375,31903.6015625
380.0060648918152,2,103.8,6175.2421875,31903.6015625
381.01773715019226,2,102.8,6131.60546875,31903.6015625
382.02902603149414,2,100.9,6103.23046875,31903.6015625
383.03951597213745,2,102.9,6063.7734375,31903.6015625
384.0500569343567,2,101.9,6006.1171875,31903.6015625
385.06074810028076,2,102.9,5966.01171875,31903.6015625
386.07158493995667,2,104.0,5883.00390625,31903.6015625
387.0816900730133,2,98.9,6101.6328125,31903.6015625
388.09269618988037,2,100.9,6506.8125,31903.6015625
389.1033658981323,2,98.9,6618.85546875,31903.6015625
390.1147940158844,2,100.1,6135.23828125,31903.6015625
391.1240015029907,2,101.9,6130.58984375,31903.6015625
392.13438606262207,2,103.8,6095.52734375,31903.6015625
393.1464247703552,2,102.9,6032.8203125,31903.6015625
394.1573762893677,2,103.0,5989.76171875,31903.6015625
395.16711163520813,2,102.8,5930.0390625,31903.6015625
396.17860984802246,2,102.9,5905.046875,31903.6015625
397.1892819404602,2,102.8,5855.4921875,31903.6015625
398.2012846469879,2,99.9,5990.515625,31903.6015625
399.21185636520386,2,99.8,6510.7265625,31903.6015625
400.22393465042114,2,99.8,6603.06640625,31903.6015625
401.235648393631,2,99.9,6118.77734375,31903.6015625
402.2464060783386,2,101.0,6118.77734375,31903.6015625
403.25619769096375,2,103.8,6081.109375,31903.6015625
404.2680113315582,2,101.8,6022.3984375,31903.6015625
405.2800450325012,2,102.9,5947.3046875,31903.6015625
406.2910888195038,2,102.0,5900.08984375,31903.6015625
407.30095195770264,2,99.9,5914.98046875,31903.6015625
408.31158089637756,2,99.8,6077.109375,31903.6015625
409.32316279411316,2,99.8,6223.19921875,31903.6015625
410.3348252773285,2,100.9,6370.234375,31903.6015625
411.3456575870514,2,98.8,6524.234375,31903.6015625
412.35759353637695,2,100.8,6649.92578125,32427.6015625
413.36958408355713,2,99.9,6680.6875,32427.6015625
414.38079285621643,2,101.0,6891.5390625,32427.6015625
415.3903877735138,2,98.9,6806.68359375,32427.6015625
416.4016671180725,2,102.9,6826.83203125,32427.6015625
417.4122087955475,2,103.9,6613.90625,32427.6015625
418.4231221675873,2,99.9,6781.234375,32427.6015625
419.43403363227844,2,103.8,6593.7734375,32427.6015625
420.4459662437439,2,99.9,6726.4296875,32427.6015625
421.4573199748993,2,107.7,6259.00390625,32427.6015625
422.4689893722534,2,102.1,6187.57421875,32427.6015625
423.4782655239105,2,105.7,6082.625,32427.6015625
424.4902102947235,2,103.8,6009.55078125,32427.6015625
425.5018606185913,2,103.9,5894.625,32427.6015625
426.51270866394043,2,101.9,5826.69140625,32427.6015625
427.52356481552124,2,107.9,5094.9453125,32427.6015625
428.53386211395264,2,111.8,4894.2265625,32427.6015625
429.5445022583008,2,687.5,3572.91015625,32627.609375
430.55534386634827,2,105.9,3344.09765625,32627.66796875
431.56624603271484,2,107.8,3245.78515625,32723.69140625
432.57695865631104,2,112.7,3432.97265625,33315.69140625
433.58868312835693,2,1803.1,3975.71484375,33315.69140625
434.5997259616852,2,591.3,6107.66015625,40995.77734375
435.60944414138794,2,1971.6,3690.0234375,33315.69140625
436.6222426891327,2,1204.9,3978.046875,44579.72265625
437.6572413444519,2,3887.9,5681.10546875,44579.72265625
438.68384766578674,2,4236.5,6465.1484375,44579.72265625
439.69245743751526,2,2787.4,6746.9296875,44579.72265625
440.7059500217438,2,2410.9,6717.12109375,44579.72265625
441.71966552734375,2,801.1,3634.53125,44579.72265625
442.73324036598206,2,3308.6,5421.16015625,44579.72265625
443.7702462673187,2,4404.8,6792.47265625,44607.72265625
444.78324341773987,2,3625.9,7518.47265625,44607.72265625
445.80837631225586,2,2999.0,7881.91796875,44607.72265625
446.81665682792664,2,3090.6,8490.0625,44607.72265625
447.82323837280273,2,3012.6,8475.3046875,44607.72265625
448.8340873718262,2,1473.5,8543.80859375,44607.72265625
449.84623885154724,2,2968.6,3273.31640625,42559.69140625
450.87423944473267,2,4681.6,3199.875,42559.69140625
451.9008481502533,2,4343.7,3178.19140625,42559.69140625
452.9112424850464,2,4572.6,3264.5546875,42559.69140625
453.9360065460205,2,4612.3,3243.2890625,42559.69140625
454.95742893218994,2,1432.4,3220.91796875,42559.69140625
455.96546626091003,2,95.2,3178.82421875,42559.69140625
456.9739029407501,2,100.2,3157.21484375,42559.69140625
457.981477022171,2,121.9,3479.6015625,42633.7109375
458.99014163017273,2,100.1,3843.5234375,42633.7109375
459.99951672554016,2,100.1,4172.26953125,42633.7109375
461.00870847702026,4,14.9,4454.3203125,42937.8046875
462.01670145988464,4,99.1,4657.0390625,43155.26953125
463.02580070495605,4,100.1,4868.7421875,43375.3125
464.03471207618713,4,101.1,5060.7421875,43587.25
465.04348373413086,4,100.8,5347.34765625,43878.578125
466.0557599067688,4,99.9,5693.32421875,44224.5625
467.0672583580017,4,98.8,6030.97265625,44572.73828125
468.0794711112976,4,99.9,6365.8671875,44909.296875
469.0906443595886,4,99.8,6696.1015625,45245.61328125
470.1022651195526,4,99.9,7036.125,45593.14453125
471.11330127716064,4,100.8,7386.87109375,45943.76953125
472.12517166137695,4,99.0,7717.9375,46274.9296875
473.1349890232086,4,99.8,8058.2109375,46615.62890625
474.1474814414978,4,99.9,8408.24609375,46965.609375
475.15868043899536,4,99.8,8758.05859375,47315.4609375
476.17036151885986,4,100.9,9084.875,47642.23828125
477.1816897392273,4,98.9,9429.53125,47986.93359375
478.19326758384705,4,99.8,9781.94921875,48339.36328125
479.20505571365356,4,99.8,10131.171875,48688.5703125
480.2173914909363,4,99.9,10453.4609375,49012.125
481.2279574871063,4,99.8,10800.00390625,49358.625
482.2401111125946,4,99.9,11148.54296875,49707.1875
483.25136947631836,4,99.8,11499.47265625,50058.0703125
484.2632780075073,4,99.9,11816.53125,50375.1796875
485.27410888671875,4,99.8,12167.3359375,50725.93359375
486.2858431339264,4,99.8,12517.90234375,51076.55859375
487.29795384407043,4,100.0,12865.98828125,51424.60546875
488.30811619758606,4,99.8,13188.0859375,51746.7421875
489.3200378417969,4,99.8,13536.06640625,52094.66015625
490.3318827152252,4,99.9,13885.94140625,52444.51171875
491.34327697753906,4,98.9,14234.08203125,52792.6875
492.35447669029236,4,100.9,14405.18359375,52963.74609375
493.36557960510254,4,99.9,14425.5390625,52984.11328125
494.3767340183258,4,99.8,14789.7421875,53407.0859375
495.3888716697693,4,99.0,14526.40625,53084.7578125
496.3987741470337,5,0.0,4389.74609375,43202.87109375
497.4107596874237,5,98.8,4579.234375,43398.78125
498.4226083755493,2,58.3,3158.8359375,42633.6953125
499.4342403411865,2,1623.2,4479.44921875,43657.7578125
500.45423769950867,2,3918.9,5142.17578125,47753.8203125
501.4810457229614,2,4650.5,5174.17578125,47753.8203125
502.50070357322693,2,3224.1,5617.265625,49801.8515625
503.5092544555664,2,99.1,6005.26953125,49801.8515625
504.518346786499,2,100.2,6383.26953125,49801.8515625
505.5265712738037,4,63.5,6704.21484375,50018.92578125
506.5346643924713,4,99.1,7028.578125,50343.26171875
507.5441267490387,4,100.1,7352.72265625,50667.33203125
508.55284547805786,4,99.1,7670.26953125,50984.95703125
509.5619378089905,4,101.0,8011.00390625,51325.80078125
510.57138657569885,4,99.0,8339.21484375,51653.99609375
511.5819056034088,4,99.8,8649.58984375,51964.40234375
512.5943512916565,4,100.8,8972.78515625,52289.76171875
513.6067566871643,4,99.8,9291.734375,52608.67578125
514.619176864624,4,100.0,9584.23828125,52901.1953125
515.6289167404175,4,98.9,9908.8046875,53225.78125
516.6403696537018,4,99.8,10234.453125,53551.3984375
517.6520087718964,4,100.7,10605.5703125,53922.51953125
518.6645889282227,4,99.9,10949.09375,54266.0546875
519.6755993366241,4,99.9,11311.89453125,54629.3125
520.686761379242,4,99.8,11681.5703125,54999.015625
521.6988480091095,4,99.9,12053.203125,55370.65234375
522.7099075317383,4,99.8,12391.53515625,55712.640625
523.7220132350922,4,98.8,12756.40234375,56077.4453125
524.733612537384,4,99.9,13127.140625,56448.1796875
525.7448015213013,4,100.8,13499.4375,56820.4609375
526.7563035488129,4,99.9,13852.28125,57173.40625
527.7675566673279,4,98.9,14206.1015625,57527.125
528.7786400318146,4,99.8,14572.765625,57895.5390625
529.790718793869,4,100.8,14944.609375,58267.43359375
530.8024609088898,4,99.0,15296.625,58619.4765625
531.8128952980042,4,100.8,15650.78125,58973.58203125
532.8250594139099,4,98.9,16018.21484375,59341.09375
533.8358812332153,4,99.8,16389.890625,59712.73046875
534.84810090065,4,99.3,16737.0703125,60059.875
535.8549094200134,4,99.9,17094.30078125,60417.07421875
536.865907907486,4,100.8,17461.88671875,60784.71484375
537.8773458003998,4,98.9,17832.9296875,61155.70703125
538.8881208896637,4,101.0,18176.5,61499.37109375
539.8984115123749,4,98.9,18536.4609375,61859.27734375
540.9093050956726,4,99.9,18904.4765625,62227.3046875
541.9202656745911,4,99.9,19277.28125,62600.1015625
542.9312930107117,4,100.0,19519.89453125,62842.703125
543.9416406154633,4,98.8,19579.4921875,62902.38671875
544.9532978534698,4,99.8,19579.4921875,62902.38671875
545.9653081893921,4,99.8,19579.55859375,62902.38671875
546.976934671402,4,101.0,19596.40625,62931.60546875
547.9865233898163,4,98.8,19975.66015625,63458.03125
548.9990124702454,4,99.8,20198.5703125,63631.2421875
550.0114254951477,4,99.8,20204.5703125,63631.2421875
551.0232620239258,4,99.9,19674.93359375,62997.51171875
552.0344905853271,5,0.0,6834.74609375,50589.87109375
553.0473837852478,5,99.9,7358.34375,51028.75
554.0584270954132,5,99.9,7387.890625,51052.95703125
555.0698335170746,2,57.4,5544.21875,50506.73046875
556.0798501968384,2,99.9,5541.8125,50506.73046875
557.090916633606,2,98.9,5544.94140625,50506.73046875
558.102114200592,2,773.8,6860.6171875,49994.69921875
559.1166160106659,2,169.2,7020.34375,49994.69921875
560.127519607544,2,213.8,7061.4921875,49994.69921875
561.1377458572388,2,247.0,7234.34765625,49994.69921875
562.1499419212341,2,1931.8,9076.4140625,49994.69921875
563.1632881164551,2,2676.3,13223.859375,49994.69921875
564.1841416358948,2,4416.9,13477.55859375,49994.69921875
565.1982407569885,2,4512.2,15559.4140625,49994.69921875
566.2108113765717,2,4058.6,14521.89453125,49994.69921875
567.2193322181702,2,3638.4,14655.359375,49994.69921875
568.229241847992,2,3423.5,15183.0859375,49994.69921875
569.2498323917389,2,2277.9,15388.06640625,49994.69921875
570.2598333358765,2,2321.3,15347.73828125,49994.69921875
571.2701802253723,2,2057.0,7299.5,50538.72265625
572.27881026268,2,746.1,8040.28125,50026.69921875
573.2880373001099,2,222.1,8004.62890625,50026.69921875
574.2965202331543,2,622.5,7845.76953125,50026.69921875
575.3053431510925,2,1106.6,7561.38671875,50026.69921875
576.3141651153564,2,968.8,10795.78125,50026.69921875
577.3262495994568,2,4511.4,13041.51953125,50026.69921875
578.3472509384155,2,4497.6,15320.65234375,56170.69921875
579.3722589015961,2,4198.9,14405.171875,56170.69921875
580.3839583396912,2,3042.6,14725.03515625,56170.69921875
581.4202408790588,2,3765.2,15123.81640625,56170.69921875
582.4407749176025,2,2020.8,15405.06640625,56170.69921875
583.4501419067383,2,1678.9,15348.16015625,56170.69921875
584.4653987884521,2,3203.6,15371.81640625,56170.69921875
585.474125623703,2,1298.0,8733.02734375,56394.69921875
586.4825875759125,2,754.3,8090.23046875,56394.69921875
587.4892432689667,2,1203.8,7894.578125,56394.69921875
588.5201313495636,2,1509.1,10621.65625,56394.69921875
589.5337543487549,2,4401.9,12375.9296875,56394.69921875
590.5452318191528,2,4486.8,14601.90234375,56394.69921875
591.5586738586426,2,4118.4,13980.89453125,56394.69921875
592.5663723945618,2,3759.4,14611.60546875,56394.69921875
593.5816810131073,2,4042.8,14028.04296875,56394.69921875
594.5942504405975,2,2722.4,14358.8828125,56394.69921875
595.6089282035828,2,2557.9,14340.390625,56394.69921875
596.6209080219269,2,2025.6,7006.515625,56394.69921875
597.6298577785492,2,1159.8,8550.41796875,56394.69921875
598.6378448009491,2,1138.1,7990.6796875,56394.69921875
599.6451125144958,2,1052.3,7929.015625,56394.69921875
600.6532883644104,2,2674.6,11500.40234375,56394.69921875
601.6742279529572,2,4485.2,12383.57421875,56394.69921875
602.6857635974884,2,4413.9,13388.1875,56394.69921875
603.6982481479645,2,3586.5,13991.0390625,56394.69921875
604.7172975540161,2,4348.7,14720.4140625,56394.69921875
605.7666339874268,2,3843.3,14307.8359375,56394.69921875
606.7749166488647,2,2168.4,14342.078125,56394.69921875
607.7834362983704,2,3215.7,14293.5859375,56394.69921875
608.7932424545288,2,788.4,8434.0,56394.69921875
609.8124587535858,2,1118.4,8205.85546875,56394.69921875
610.8209054470062,2,1293.2,8075.078125,56394.69921875
611.8307781219482,2,1036.7,9568.69140625,56394.69921875
612.8392434120178,2,3804.3,12430.59375,56394.69921875
613.8602473735809,2,4496.0,13513.54296875,56394.69921875
614.8853249549866,2,4224.7,14047.3671875,56394.69921875
615.9082810878754,2,3595.0,14932.140625,56394.69921875
616.9556345939636,2,4193.0,14045.74609375,56394.69921875
617.9679820537567,2,3023.4,14577.30078125,56394.69921875
618.9762389659882,2,2202.2,14508.7734375,56394.69921875
619.9876227378845,2,2865.5,14586.203125,56394.69921875
620.9953737258911,2,1227.2,8953.0859375,56650.69921875
622.0041770935059,2,809.7,8292.234375,56650.69921875
623.0172412395477,2,1354.5,8002.48046875,56650.69921875
624.0679576396942,2,1474.1,10850.6328125,56650.69921875
625.0812406539917,2,4387.8,12531.53125,56650.69921875
626.102249622345,2,4484.5,14079.61328125,56650.69921875
627.1283330917358,2,4240.2,14318.29296875,56650.69921875
628.1382868289948,2,3772.9,15133.04296875,56650.69921875
629.1764917373657,2,4035.7,14359.6796875,56650.69921875
630.1868734359741,2,2837.0,14705.953125,56650.69921875
631.2112469673157,2,2512.2,14637.765625,56650.69921875
632.2231452465057,2,2640.0,14368.90625,56650.69921875
633.2310335636139,2,1161.5,8698.0234375,56650.69921875
634.2391312122345,2,888.6,8298.65625,56650.69921875
635.2463645935059,2,1105.3,8142.0390625,56650.69921875
636.255672454834,2,1837.1,10232.625,56650.69921875
637.2692415714264,2,4363.2,11624.6953125,56650.69921875
638.289737701416,2,4426.3,12547.17578125,56650.69921875
639.3043534755707,2,4098.8,13735.0703125,56650.69921875
640.3162786960602,2,4137.2,14518.7265625,56650.69921875
641.3593785762787,2,3944.9,13851.2578125,56650.69921875
642.3752417564392,2,2536.3,14026.1015625,56650.69921875
643.3837432861328,2,3186.3,13944.33203125,56650.69921875
644.3956983089447,2,873.2,8383.08984375,56650.69921875
645.4031631946564,2,1299.4,8764.59765625,56650.69921875
646.4122462272644,2,1535.7,8166.82421875,56650.69921875
647.4753654003143,2,1006.8,8476.875,56650.69921875
648.4842400550842,2,3152.2,11683.82421875,56650.69921875
649.5042505264282,2,4478.2,12526.3828125,56650.69921875
650.5302474498749,2,4245.8,13584.26953125,56650.69921875
651.5452752113342,2,3715.3,14461.234375,56650.69921875
652.5902500152588,2,4313.2,13619.26953125,56650.69921875
653.5999670028687,2,2991.6,14056.38671875,56650.69921875
654.6088674068451,2,2274.0,13934.94140625,56650.69921875
655.6189081668854,2,2898.5,14039.37890625,56650.69921875
656.6273190975189,2,1418.0,8943.0,56650.69921875
657.6357581615448,2,725.0,8350.92578125,56650.69921875
658.644029378891,2,1136.4,8168.6484375,56650.69921875
659.65247631073,2,1587.2,10120.46484375,56650.69921875
660.6662404537201,2,4383.2,11675.0234375,56650.69921875
661.685334444046,2,4409.4,12538.171875,56650.69921875
662.6992468833923,2,4019.7,13643.50390625,56650.69921875
663.7122993469238,2,4104.8,14471.42578125,56650.69921875
664.7615554332733,2,4163.0,13865.09375,56650.69921875
665.767418384552,2,2580.9,14073.93359375,56650.69921875
666.7782437801361,2,2850.6,14072.9765625,56650.69921875
667.7897999286652,2,1264.2,8057.8515625,56650.69921875
668.7989017963409,2,1443.3,9123.9609375,56650.69921875
669.8071045875549,2,1047.4,8300.5234375,56650.69921875
670.8152754306793,2,1201.5,8116.98828125,56650.69921875
671.82399725914,2,2195.0,11765.37109375,56650.69921875
672.8442418575287,2,4453.1,12601.8125,56650.69921875
673.8649940490723,2,4413.5,13239.421875,56650.69921875
674.8822999000549,2,4027.6,14355.296875,56650.69921875
675.8942799568176,2,4088.5,15034.1015625,56650.69921875
676.9452428817749,2,4088.5,14446.49609375,56650.69921875
677.9572458267212,2,2556.3,14765.3984375,56650.69921875
678.9672389030457,2,2740.1,14735.12109375,56650.69921875
679.9810683727264,2,1586.3,7682.4921875,56650.69921875
680.9901459217072,2,1479.2,8642.609375,56650.69921875
681.9982430934906,2,1201.6,7885.0234375,56650.69921875
683.0076584815979,2,1101.7,11414.5703125,56650.69921875
684.0212423801422,2,4353.8,13776.37890625,56650.69921875
685.0424137115479,2,4500.2,13922.99609375,56650.69921875
686.0635025501251,2,4370.2,13443.98828125,56650.69921875
687.0764298439026,2,4011.6,14785.12890625,56650.69921875
688.0872757434845,2,4403.5,15529.8671875,56650.69921875
689.1353914737701,2,4410.1,15465.41796875,56650.69921875
690.1798129081726,2,3909.1,14760.5546875,56650.69921875
691.1922414302826,2,2726.2,15106.30078125,56650.69921875
692.2162442207336,2,2937.1,15223.828125,56650.69921875
693.2277238368988,2,1375.0,7509.2578125,56650.69921875
694.2382452487946,2,1855.6,9020.2578125,56650.69921875
695.2522864341736,2,2965.1,12584.375,56650.69921875
696.2711806297302,2,4495.0,13048.203125,56650.69921875
697.2992424964905,2,4136.4,12744.20703125,56650.69921875
698.3202154636383,2,4174.3,13623.3203125,56650.69921875
699.3722815513611,2,4428.6,13504.00390625,56650.69921875
700.4222412109375,2,4139.9,13056.12890625,56650.69921875
701.4344370365143,2,2232.6,13227.4296875,56650.69921875
702.4421174526215,2,2225.9,6871.171875,56650.69921875
703.4511566162109,2,1563.2,6957.296875,56650.69921875
704.4602835178375,2,2867.7,12353.0390625,56650.69921875
705.4882419109344,2,4430.1,12877.50390625,56650.69921875
706.5089218616486,2,4167.6,12602.20703125,56650.69921875
707.5192787647247,2,4234.9,13544.56640625,56650.69921875
708.5702753067017,2,4395.2,13524.23046875,56650.69921875
709.6137173175812,2,4154.6,12821.3984375,56650.69921875
710.6259138584137,2,2477.3,13224.25,56650.69921875
711.6337778568268,2,2323.1,6856.2734375,57162.70703125
712.6418471336365,2,100.1,7361.67578125,56650.69921875
713.6506972312927,2,1472.3,8240.390625,56650.69921875
714.6600098609924,2,800.1,7465.875,56650.69921875
715.6699304580688,2,2746.7,9479.015625,56650.69921875
716.6852440834045,2,4303.7,10984.21484375,56650.69921875
717.7072813510895,2,4460.9,12624.78515625,56650.69921875
718.7234723567963,2,4008.8,13322.03125,56650.69921875
719.7458918094635,2,4155.2,13310.55859375,56650.69921875
720.7587864398956,2,3098.8,13828.80078125,56650.69921875
721.7647933959961,2,1978.4,13708.09375,56650.69921875
722.7727265357971,2,2922.0,13855.27734375,56650.69921875
723.7827398777008,2,266.9,7706.72265625,56650.69921875
724.790408372879,2,1440.0,8632.18359375,56650.69921875
725.8008999824524,2,837.7,7903.078125,56650.69921875
726.8124570846558,2,2843.5,9669.078125,56650.69921875
727.8252425193787,2,4356.4,11007.0546875,56650.69921875
728.85147356987,2,4331.7,12656.26953125,56650.69921875
729.8680083751678,2,3850.5,13112.06640625,56650.69921875
730.8762359619141,2,3996.2,13068.66796875,56650.69921875
731.8847436904907,2,3101.1,13607.6484375,56650.69921875
732.8949182033539,2,2319.9,13487.796875,56650.69921875
733.9069833755493,2,2363.9,7623.82421875,57162.70703125
734.9166095256805,2,1487.7,9312.2421875,56650.69921875
735.9254999160767,2,581.6,8187.96484375,56650.69921875
736.9331104755402,2,1307.5,7925.66015625,56650.69921875
737.9425783157349,2,2552.1,9299.078125,56650.69921875
738.9562408924103,2,4389.2,10673.73046875,56650.69921875
739.982072353363,2,4389.3,11855.7109375,56650.69921875
740.9944710731506,2,4048.6,13122.7734375,56650.69921875
742.007178068161,2,3287.7,13256.578125,56650.69921875
743.0207207202911,2,3154.0,13796.90625,56650.69921875
744.0278205871582,2,1882.2,13584.953125,56650.69921875
745.036874294281,2,3254.0,13811.13671875,56650.69921875
746.048593044281,2,1333.7,8826.046875,56650.69921875
747.0568704605103,2,934.5,8277.27734375,56650.69921875
748.0660662651062,2,998.1,8135.6328125,56650.69921875
749.0759754180908,2,2435.8,8200.96875,56650.69921875
750.0852460861206,2,3106.7,11111.8828125,56650.69921875
751.1062519550323,2,4366.4,12184.84765625,56650.69921875
752.1244485378265,2,4349.6,12812.140625,56650.69921875
753.1346526145935,2,4094.5,14810.53515625,56650.69921875
754.1482453346252,2,3757.4,15687.14453125,56650.69921875
755.1864368915558,2,3109.7,15128.734375,56650.69921875
756.1971416473389,2,2812.5,16256.4140625,56650.69921875
757.2086637020111,2,1778.3,16055.8203125,56650.69921875
758.2179501056671,2,2537.9,16185.75,56650.69921875
759.2294275760651,2,2098.1,16428.91796875,56650.69921875
760.2364118099213,2,415.5,8098.625,56970.69921875
761.244918346405,2,1614.8,8227.21875,56970.69921875
762.253035068512,2,1029.7,8111.44921875,56970.69921875
763.261214017868,2,1053.5,7855.21484375,56970.69921875
764.2782475948334,2,3308.4,10328.67578125,56970.69921875
765.2962412834167,2,4277.8,11340.35546875,56970.69921875
766.3226635456085,2,4530.1,13953.75,56970.69921875
767.3372435569763,2,4134.2,14485.30078125,56970.69921875
768.3615138530731,2,3643.5,15072.65234375,56970.69921875
769.3991374969482,2,3141.8,15006.328125,56970.69921875
770.4107420444489,2,2720.4,16024.68359375,56970.69921875
771.417906999588,2,1516.3,16049.9140625,56970.69921875
772.4312431812286,2,2565.8,16109.30078125,56970.69921875
773.4517996311188,2,1995.9,16249.47265625,56970.69921875
774.4612410068512,2,625.9,8628.421875,56970.69921875
775.4805796146393,2,1463.6,8292.96484375,56970.69921875
776.4883460998535,2,1008.1,8159.49609375,56970.69921875
777.4970414638519,2,1451.6,7957.73046875,56970.69921875
778.5332396030426,2,3439.9,10405.25390625,56970.69921875
779.5552470684052,2,4407.1,11922.2578125,56970.69921875
780.582240819931,2,4343.6,13033.94140625,56970.69921875
781.6032721996307,2,3699.6,14061.46875,56970.69921875
782.6456155776978,2,3503.6,13585.44921875,56970.69921875
783.6576955318451,2,2400.9,13908.265625,56970.69921875
784.6663661003113,2,2788.4,13901.109375,56970.69921875
785.6792876720428,2,1515.9,7917.0234375,56970.69921875
786.6890907287598,2,1568.4,8443.125,56970.69921875
787.6972663402557,2,1029.4,8304.7734375,56970.69921875
788.7072424888611,2,2198.0,8049.64453125,56970.69921875
789.7392401695251,2,3407.0,10678.125,56970.69921875
790.7602496147156,2,4435.5,12298.42578125,56970.69921875
791.7862706184387,2,4393.2,12802.70703125,56970.69921875
792.8005120754242,2,4017.9,13625.875,56970.69921875
793.810956954956,2,2745.6,13876.3203125,56970.69921875
794.8230340480804,2,3152.1,14545.48828125,56970.69921875
795.8326568603516,2,1761.2,14362.18359375,56970.69921875
796.8405320644379,2,3530.1,14547.50390625,56970.69921875
797.8492438793182,2,835.1,8814.2109375,56970.69921875
798.868715763092,2,1363.0,8399.109375,56970.69921875
799.8815314769745,2,753.4,8171.2890625,56970.69921875
800.8891911506653,2,958.3,7982.90625,56970.69921875
801.8982427120209,2,2678.1,9145.0078125,56970.69921875
802.9122502803802,2,4457.9,10846.1953125,56970.69921875
803.9380593299866,2,4439.3,11427.60546875,56970.69921875
804.951242685318,2,4401.6,12920.22265625,56970.69921875
805.9732530117035,2,2805.3,13179.0703125,56970.69921875
806.992418050766,2,3174.6,13828.12890625,56970.69921875
808.0006649494171,2,1464.9,13862.05078125,56970.69921875
809.0087323188782,2,3066.0,14002.6171875,56970.69921875
810.0171661376953,2,1377.6,8703.66015625,56970.69921875
811.0291469097137,2,952.9,8123.0234375,56970.69921875
812.0392451286316,2,987.6,7962.375,56970.69921875
813.0482716560364,2,693.0,7809.6796875,56970.69921875
814.065612077713,2,3598.0,9938.203125,56970.69921875
815.0802490711212,2,4449.7,11424.08984375,56970.69921875
816.1045253276825,2,4337.5,12192.71484375,56970.69921875
817.121251821518,2,4178.2,13040.51171875,56970.69921875
818.1323206424713,2,3075.5,13337.09765625,56970.69921875
819.1462519168854,2,2510.5,13888.8046875,56970.69921875
820.1547510623932,2,2247.1,13942.02734375,56970.69921875
821.1666281223297,2,2169.8,7760.3984375,57482.70703125
822.1752398014069,2,1519.1,9343.09765625,56970.69921875
823.1831202507019,2,789.6,8221.79296875,56970.69921875
824.1911668777466,2,708.6,8099.98828125,56970.69921875
825.2001223564148,2,2283.0,7891.66015625,56970.69921875
826.247266292572,2,3580.2,10302.703125,56970.69921875
827.2682549953461,2,4404.5,12520.69921875,56970.69921875
828.2941553592682,2,4373.7,12910.57421875,56970.69921875
829.3162474632263,2,3706.8,13290.80859375,56970.69921875
830.3302397727966,2,3676.8,13805.87109375,56970.69921875
831.3509764671326,2,1828.9,14031.7578125,56970.69921875
832.3603367805481,2,2822.6,14153.7265625,56970.69921875
833.3727753162384,2,1481.0,7671.80859375,56970.69921875
834.3820729255676,2,1544.0,9393.328125,56970.69921875
835.3898766040802,2,762.4,8266.16796875,56970.69921875
836.3971431255341,2,1294.8,8013.21484375,56970.69921875
837.4042520523071,2,3156.5,10065.47265625,56970.69921875
838.4442536830902,2,4304.3,11351.8125,56970.69921875
839.4705474376678,2,4421.9,12661.625,56970.69921875
840.4845690727234,2,3872.8,13251.0234375,56970.69921875
841.5008819103241,2,3665.1,13405.80859375,56970.69921875
842.5127003192902,2,2810.5,13893.921875,56970.69921875
843.524242401123,2,2351.6,13825.02734375,56970.69921875
844.5349273681641,2,2217.3,7626.01953125,56970.69921875
845.5432684421539,2,1566.7,9556.23828125,56970.69921875
846.5523552894592,2,616.5,8452.8828125,56970.69921875
847.5613315105438,2,1285.3,8172.38671875,56970.69921875
848.5696778297424,2,2654.9,9683.19140625,56970.69921875
849.5812449455261,2,4323.9,11030.68359375,56970.69921875
850.6024942398071,2,4439.2,12110.609375,56970.69921875
851.6182742118835,2,4123.3,13388.37109375,56970.69921875
852.6310606002808,2,3374.1,13456.4921875,56970.69921875
853.6442685127258,2,3128.0,13944.95703125,56970.69921875
854.6522445678711,2,1945.2,13977.50390625,56970.69921875
855.6664483547211,2,3187.1,14040.6015625,56970.69921875
856.673177242279,2,1412.8,9077.1015625,56970.69921875
857.6833481788635,2,761.5,8519.640625,56970.69921875
858.691787481308,2,1074.2,8316.69921875,56970.69921875
859.6998736858368,2,2303.2,8314.875,56970.69921875
860.7082426548004,2,3381.2,10927.7421875,56970.69921875
861.7282557487488,2,4445.4,12994.15234375,56970.69921875
862.7542543411255,2,4181.2,13484.46484375,56970.69921875
863.7802829742432,2,3864.1,13699.33203125,56970.69921875
864.7982428073883,2,3495.1,14128.2421875,56970.69921875
865.8092379570007,2,2095.8,14258.76953125,56970.69921875
866.8181390762329,2,3002.2,14221.47265625,56970.69921875
867.8301730155945,2,1208.2,8327.87109375,56970.69921875
868.839804649353,2,1592.0,9364.8203125,56970.69921875
869.8479859828949,2,810.6,8534.7578125,56970.69921875
870.858433008194,2,1198.9,8223.6171875,56970.69921875
871.8678250312805,2,2688.7,9923.1875,56970.69921875
872.8802423477173,2,4222.0,11611.00390625,56970.69921875
873.9049925804138,2,4494.7,13834.75,56970.69921875
874.9311349391937,2,4300.3,14498.14453125,56970.69921875
875.9451594352722,2,3930.2,15159.015625,56970.69921875
876.9592542648315,2,3278.7,15274.3203125,56970.69921875
877.9889390468597,2,3510.3,15852.765625,56970.69921875
879.0080382823944,2,2038.3,16174.59375,56970.69921875
880.0212450027466,2,2049.3,16453.53125,56970.69921875
881.0395934581757,2,2825.7,16553.39453125,56970.69921875
882.048054933548,2,573.1,8050.7265625,57354.69921875
883.0565004348755,2,1609.2,9260.0390625,57354.69921875
884.0645463466644,2,675.4,8496.25,57354.69921875
885.074296951294,2,1179.4,8251.5234375,57354.69921875
886.0833082199097,2,2242.1,8993.32421875,57354.69921875
887.0922412872314,2,4053.4,10781.43359375,57354.69921875
888.1102705001831,2,4411.4,13314.5703125,57354.69921875
889.1212418079376,2,4248.4,13622.859375,57354.69921875
890.1381440162659,2,3662.5,13652.83203125,57354.69921875
891.1466882228851,2,3521.2,14166.59375,57354.69921875
892.1562552452087,2,1914.4,14319.5078125,57354.69921875
893.1642415523529,2,3194.7,14214.2109375,57354.69921875
894.1753888130188,2,918.8,8519.515625,57354.69921875
895.184446811676,2,1652.4,9301.88671875,57354.69921875
896.1924076080322,2,683.8,8458.29296875,57354.69921875
897.2029421329498,2,1256.8,8140.29296875,57354.69921875
898.216242313385,2,3010.1,10310.33203125,57354.69921875
899.2302515506744,2,4304.2,11450.66796875,57354.69921875
900.2551915645599,2,4458.0,12866.19921875,57354.69921875
901.2712459564209,2,4024.2,13503.73046875,57354.69921875
902.2817361354828,2,3461.6,13687.4609375,57354.69921875
903.2919614315033,2,2958.7,14146.25,57354.69921875
904.316240310669,2,2079.0,14146.62890625,57354.69921875
905.3279101848602,2,2753.8,7810.1015625,57866.70703125
906.3372406959534,2,1516.8,9105.140625,57354.69921875
907.3479595184326,2,705.7,8674.17578125,57354.69921875
908.3568646907806,2,1150.1,8490.4296875,57354.69921875
909.3655622005463,2,2442.0,8834.53125,57354.69921875
910.3741180896759,2,3505.3,11518.2578125,57354.69921875
911.3852469921112,2,4427.1,13064.7421875,57354.69921875
912.4112889766693,2,4464.2,13611.98046875,57354.69921875
913.4252393245697,2,4284.2,15218.27734375,57354.69921875
914.4389102458954,2,3147.3,15511.3203125,57354.69921875
915.4470646381378,2,3690.7,15884.2265625,57354.69921875
916.456303358078,2,2530.8,16515.44140625,57354.69921875
917.4650340080261,2,1404.5,16332.50390625,57354.69921875
918.4718384742737,2,3639.9,16717.578125,57354.69921875
919.4812109470367,2,646.1,7638.76171875,57354.69921875
920.4903326034546,2,1655.2,9494.23828125,57354.69921875
921.4997894763947,2,613.5,8433.5234375,57354.69921875
922.5185232162476,2,786.9,8252.03515625,57354.69921875
923.5292384624481,2,2223.5,8067.0546875,57354.69921875
924.5482404232025,2,3475.9,10641.49609375,57354.69921875
925.5672521591187,2,4468.1,12990.99609375,57354.69921875
926.5882437229156,2,4192.2,13309.09765625,57354.69921875
927.6001839637756,2,3480.4,13572.70703125,57354.69921875
928.6237237453461,2,3231.6,14158.421875,57354.69921875
929.6317193508148,2,1871.8,13990.3046875,57354.69921875
930.6410486698151,2,3295.7,14161.2265625,57354.69921875
931.6512382030487,2,1342.1,9691.79296875,57354.69921875
932.6705281734467,2,836.0,8903.16796875,57354.69921875
933.6800889968872,2,1110.6,8687.5078125,57354.69921875
934.6912825107574,2,2331.4,11244.890625,57354.69921875
935.7252411842346,2,4417.2,12093.7109375,57354.69921875
936.7472698688507,2,4377.9,13215.25390625,57354.69921875
937.7623887062073,2,3937.8,14340.48828125,57354.69921875
938.7742912769318,2,4351.2,14984.76953125,57354.69921875
939.8215708732605,2,3696.0,14536.171875,57354.69921875
940.8342146873474,2,2222.5,14654.5078125,57354.69921875
941.8421127796173,2,3151.6,14616.2421875,57354.69921875
942.8512425422668,2,1187.6,9399.44140625,57354.69921875
943.8709106445312,2,1309.0,8858.66015625,57354.69921875
944.8799934387207,2,1237.3,9357.953125,57354.69921875
945.9002933502197,2,2505.5,12940.515625,57354.69921875
946.9452373981476,2,4444.8,14325.6640625,57354.69921875
947.966246843338,2,4528.2,15496.515625,57354.69921875
948.9922468662262,2,4350.1,14987.3203125,57354.69921875
950.0182790756226,2,3923.6,15865.7890625,57354.69921875
951.0671243667603,2,4542.9,15793.62109375,57354.69921875
952.1175050735474,2,4263.4,14931.8671875,57354.69921875
953.1252405643463,2,2920.7,15429.24609375,57354.69921875
954.14954829216,2,2576.0,15500.24609375,57354.69921875
955.1612694263458,2,2355.9,7680.265625,57866.70703125
956.1696128845215,2,1727.3,9587.55078125,57354.69921875
957.1781079769135,2,827.2,8531.37890625,57354.69921875
958.1899497509003,2,1670.5,10551.43359375,57354.69921875
959.2032387256622,2,4320.3,12476.62890625,57354.69921875
960.2142522335052,2,4465.3,13962.16796875,57354.69921875
961.2522521018982,2,4222.2,14618.1796875,57354.69921875
962.266273021698,2,4086.8,15333.72265625,57354.69921875
963.3062460422516,2,3752.8,14645.97265625,57354.69921875
964.3269195556641,2,2911.1,15067.33203125,57354.69921875
965.3541181087494,2,2271.9,15036.40625,57354.69921875
966.3642520904541,2,2748.9,15102.421875,57354.69921875
967.37406873703,2,1724.6,9593.2109375,57354.69921875
968.3829565048218,2,832.5,8638.5390625,57354.69921875
969.3932821750641,2,2179.6,10506.10546875,57354.69921875
970.4142417907715,2,4483.6,12117.55859375,57354.69921875
971.4386992454529,2,4273.6,13309.0234375,57354.69921875
972.4542834758759,2,3752.5,14713.66015625,57354.69921875
973.4991817474365,2,4550.9,14587.08203125,57354.69921875
974.5494115352631,2,3162.8,14386.8984375,57354.69921875
975.5599596500397,2,2209.5,14215.046875,57354.69921875
976.5712432861328,2,2815.1,14314.37890625,57354.69921875
977.5799143314362,2,1525.1,9241.12109375,57354.69921875
978.589008808136,2,1077.4,8704.93359375,57354.69921875
979.5970361232758,2,1700.0,9008.40625,57354.69921875
980.6052374839783,2,3118.4,12354.19921875,57354.69921875
981.627249956131,2,4554.3,13176.6328125,57354.69921875
982.6532418727875,2,4290.3,14384.25390625,57354.69921875
983.6732769012451,2,3855.0,15224.28515625,57354.69921875
984.7192449569702,2,3989.5,14373.16796875,57354.69921875
985.7438662052155,2,3063.6,14801.30078125,57354.69921875
986.7538318634033,2,2076.0,14678.578125,57354.69921875
987.7642459869385,2,2936.5,14789.984375,57354.69921875
988.7742395401001,2,1609.8,9698.19140625,57354.69921875
989.7934684753418,2,948.7,8934.15234375,57354.69921875
990.8011903762817,2,1547.2,10443.69921875,57354.69921875
991.8102884292603,2,3241.1,13681.953125,57354.69921875
992.8322484493256,2,4517.6,14388.30859375,57354.69921875
993.8585126399994,2,4517.9,16041.5859375,57354.69921875
994.871246099472,2,4222.5,15178.53515625,57354.69921875
995.888281583786,2,3978.8,16057.6796875,57354.69921875
996.9369835853577,2,4481.8,16025.94140625,57354.69921875
997.9814419746399,2,3909.7,15204.83984375,57354.69921875
998.9882423877716,2,2950.2,15702.171875,57354.69921875
1000.0128610134125,2,2815.9,15747.26953125,57354.69921875
1001.0250105857849,2,1343.3,8414.28515625,57354.69921875
1002.0343120098114,2,1719.7,9842.92578125,57354.69921875
1003.043181180954,2,952.6,8718.2578125,57354.69921875
1004.0531446933746,2,1566.2,12037.984375,57354.69921875
1005.0732395648956,2,4403.4,14330.7265625,57354.69921875
1006.0942490100861,2,4565.4,14547.51953125,57354.69921875
1007.1184599399567,2,4395.5,14687.31640625,57354.69921875
1008.1392962932587,2,3743.0,16073.828125,57354.69921875
1009.1840467453003,2,4707.0,16062.3984375,57354.69921875
1010.2337584495544,2,4439.4,16004.88671875,57354.69921875
1011.2802438735962,2,3636.9,15569.265625,57354.69921875
1012.2963795661926,2,2340.8,15699.375,57354.69921875
1013.3048446178436,2,3004.9,15842.06640625,57354.69921875
1014.3141899108887,2,1863.6,7869.46875,57354.69921875
1015.3236083984375,2,2177.6,8288.52734375,57354.69921875
1016.3342447280884,2,2514.2,8836.1640625,57354.69921875
1017.3457028865814,2,731.9,9373.0234375,59249.8671875
1018.3542394638062,2,1696.9,8614.0859375,57201.8515625
1019.3837275505066,2,3138.0,10923.625,57201.8515625
1020.3972492218018,2,4256.9,13039.421875,64369.8515625
1021.4242737293243,2,4592.9,14409.35546875,64369.8515625
1022.443240404129,2,4150.9,15330.96484375,64369.8515625
1023.4642612934113,2,3269.4,15648.98046875,64369.8515625
1024.4962439537048,2,3126.4,15933.22265625,64369.8515625
1025.5095601081848,2,3362.0,17118.1953125,64369.8515625
1026.5169773101807,2,1095.8,17008.60546875,64369.8515625
1027.5271818637848,2,2290.1,17280.19140625,64369.8515625
1028.5390360355377,2,2643.1,17458.86328125,64369.8515625
1029.5468187332153,2,522.1,8148.97265625,64369.8515625
1030.5543458461761,2,1301.5,9100.140625,64369.8515625
1031.589241027832,2,3022.3,11094.7734375,64369.8515625
1032.609237909317,2,4406.6,13028.7578125,64369.8515625
1033.6302528381348,2,4350.6,15996.9453125,64369.8515625
1034.6562507152557,2,4523.3,20352.83984375,72609.8515625
1035.682989358902,2,4298.9,15887.47265625,72609.8515625
1036.6972405910492,2,4367.4,18852.8359375,72609.8515625
1037.7177710533142,2,4416.6,19075.01953125,72609.8515625
1038.731252670288,2,2797.0,19474.6796875,72609.8515625
1039.7612507343292,2,2988.7,19564.421875,72609.8515625
1040.774251461029,2,3842.3,20469.08984375,72609.8515625
1041.7828936576843,2,1973.0,21126.21875,72609.8515625
1042.7951247692108,2,1338.9,20942.73046875,72609.8515625
1043.8022406101227,2,1893.7,21160.421875,72609.8515625
1044.8153612613678,2,4219.9,21380.4375,72609.8515625
1045.8239665031433,2,632.2,8069.984375,74657.8671875
1046.8331427574158,2,933.6,8756.12890625,72609.8515625
1047.8445010185242,2,2480.5,10399.35546875,72609.8515625
1048.8532512187958,2,4182.6,12560.25,72609.8515625
1049.8742520809174,2,4372.8,15110.0859375,72609.8515625
1050.9012475013733,2,4552.4,19659.84765625,72609.8515625
1051.9282732009888,2,4419.4,15960.7890625,72609.8515625
1052.9442493915558,2,4338.6,18438.77734375,72609.8515625
1053.9645972251892,2,3843.3,18708.80078125,72609.8515625
1054.9732542037964,2,2998.9,19030.10546875,72609.8515625
1056.0034046173096,2,3338.8,19324.703125,72609.8515625
1057.015352010727,2,3413.3,20459.22265625,72609.8515625
1058.024599313736,2,1092.8,20283.14453125,72609.8515625
1059.035710811615,2,1209.9,20203.625,72609.8515625
1060.0442397594452,2,4432.4,20448.0546875,72609.8515625
1061.0557248592377,2,1162.6,20806.3046875,72609.8515625
1062.0671982765198,2,792.0,8486.80078125,72609.8515625
1063.075940132141,2,2765.8,8958.3203125,72609.8515625
1064.0832130908966,2,3072.2,12593.54296875,72609.8515625
1065.1079931259155,2,4372.7,13802.3046875,72609.8515625
1066.1328434944153,2,4575.2,18691.8203125,72609.8515625
1067.1602482795715,2,4400.4,15373.78515625,72609.8515625
1068.1762416362762,2,4331.9,18408.078125,72609.8515625
1069.1972396373749,2,4382.1,18634.79296875,72609.8515625
1070.217248916626,2,2653.7,18914.19921875,72609.8515625
1071.252247095108,2,3183.2,19033.9609375,72609.8515625
1072.261659860611,2,4044.5,20170.4921875,72609.8515625
1073.2758028507233,2,1296.2,20293.6015625,72609.8515625
1074.2832670211792,2,1226.2,20249.33203125,72609.8515625
1075.2932426929474,2,3343.3,20335.23828125,72609.8515625
1076.3112483024597,2,2287.5,20680.234375,72609.8515625
1077.319053888321,2,570.2,7986.43359375,72609.8515625
1078.3282406330109,2,1959.0,8831.77734375,72609.8515625
1079.356085062027,2,3160.9,11695.8046875,72609.8515625
1080.3712339401245,2,4195.4,12820.91796875,72609.8515625
1081.3861999511719,2,4546.7,16861.48046875,72609.8515625
1082.4142546653748,2,4538.9,20714.59375,72609.8515625
1083.4369084835052,2,4358.4,17920.40234375,72609.8515625
1084.4512491226196,2,4258.6,18489.015625,72609.8515625
1085.472263097763,2,3303.7,18795.6875,72609.8515625
1086.4992499351501,2,2993.8,19027.1796875,72609.8515625
1087.5259251594543,2,3879.7,19747.28515625,72609.8515625
1088.5382404327393,2,1991.5,20310.328125,72609.8515625
1089.5532429218292,2,1301.2,20202.91015625,72609.8515625
1090.5662424564362,2,2075.6,20521.22265625,72609.8515625
1091.580901145935,2,3661.1,20636.34375,72609.8515625
1092.5889377593994,2,668.3,8520.6328125,74657.8671875
1093.5975499153137,2,881.1,9205.6328125,72609.8515625
1094.6142365932465,2,2523.9,9634.2421875,72609.8515625
1095.665256023407,2,2668.1,12912.75,72609.8515625
1096.688241481781,2,4256.2,14573.92578125,72609.8515625
1097.7092518806458,2,4439.4,16975.9296875,72609.8515625
1098.736243724823,2,4570.6,21784.8984375,72609.8515625
1099.7642450332642,2,4396.1,22633.1796875,72609.8515625
1100.8102440834045,2,4278.1,19727.58984375,72609.8515625
1101.8332495689392,2,4380.7,20493.4765625,72609.8515625
1102.8553085327148,2,3561.5,20859.30078125,72609.8515625
1103.8642473220825,2,3114.8,21060.96484375,72609.8515625
1104.891252040863,2,2846.3,21193.09765625,72609.8515625
1105.9065580368042,2,3908.8,22150.390625,72609.8515625
1106.9167170524597,2,2028.6,22678.19140625,72609.8515625
1107.925588130951,2,1339.2,22589.00390625,72609.8515625
1108.9337975978851,2,1437.9,22707.9296875,72609.8515625
1109.9432427883148,2,4504.9,22717.6171875,72609.8515625
1110.9547612667084,2,1040.5,23174.71484375,72609.8515625
1111.963700056076,2,573.3,8509.6875,72609.8515625
1112.9722437858582,2,1392.7,9589.6875,72609.8515625
1114.0310430526733,2,2879.4,11746.57421875,72609.8515625
1115.0402436256409,2,4215.0,14442.14453125,72609.8515625
1116.0602490901947,2,4399.3,15081.12109375,72609.8515625
1117.0862472057343,2,4572.7,19464.41015625,72609.8515625
1118.1132462024689,2,4554.4,24376.71875,72609.8515625
1119.1392574310303,2,4128.9,19100.0234375,72609.8515625
1120.1762464046478,2,4299.9,20482.44921875,72609.8515625
1121.2134404182434,2,4388.0,20710.0859375,72609.8515625
1122.2301847934723,2,3073.0,20932.71484375,72609.8515625
1123.2423508167267,2,2770.9,21295.671875,72609.8515625
1124.2554776668549,2,3491.4,21728.70703125,72609.8515625
1125.2675631046295,2,2840.9,22755.36328125,72609.8515625
1126.276912689209,2,1280.1,22639.06640625,72609.8515625
1127.2846312522888,2,1156.1,22597.21484375,72609.8515625
1128.2946400642395,2,3792.3,22886.4921875,72609.8515625
1129.3073065280914,2,2236.9,23142.12109375,72609.8515625
1130.3156690597534,2,488.1,7954.1484375,72609.8515625
1131.323744058609,2,1073.9,9328.515625,72609.8515625
1132.3332426548004,2,3551.0,9625.48046875,72609.8515625
1133.3442540168762,2,2677.9,13582.41796875,72609.8515625
1134.3612430095673,2,4258.5,14708.25390625,72609.8515625
1135.3812003135681,2,4476.2,17942.12890625,72609.8515625
1136.408252954483,2,4533.8,22771.55859375,72609.8515625
1137.4346749782562,2,4279.6,16796.04296875,72609.8515625
1138.4475328922272,2,4300.3,20538.26171875,72609.8515625
1139.4572439193726,2,4395.4,20601.41015625,72609.8515625
1140.4782650470734,2,3208.2,20922.54296875,72609.8515625
1141.5051069259644,2,3700.4,21158.57421875,72609.8515625
1142.5364623069763,2,2694.3,21293.0,72609.8515625
1143.5483839511871,2,3988.1,22354.0703125,72609.8515625
1144.5567359924316,2,1386.2,22505.09375,72609.8515625
1145.5667061805725,2,1342.0,22481.30078125,72609.8515625
1146.5741488933563,2,2232.5,22759.26953125,72609.8515625
1147.5852909088135,2,3878.1,22957.03125,72609.8515625
1148.594647884369,2,646.1,8085.5390625,74657.8671875
1149.6037230491638,2,718.8,9112.8046875,72609.8515625
1150.6112384796143,2,2184.5,9633.04296875,72609.8515625
1151.6497757434845,2,2647.3,12155.09375,72609.8515625
1152.667244195938,2,4380.7,14494.86328125,72609.8515625
1153.6882519721985,2,4395.1,16191.8515625,72609.8515625
1154.7142508029938,2,4527.1,20566.18359375,72609.8515625
1155.7412524223328,2,4499.1,24240.29296875,72609.8515625
1156.763264656067,2,4332.1,19107.78125,72609.8515625
1157.7822551727295,2,4380.8,20443.390625,72609.8515625
1158.8029141426086,2,3950.4,20713.82421875,72609.8515625
1159.8129930496216,2,2907.4,20933.8359375,72609.8515625
1160.8205687999725,2,3168.8,21100.13671875,72609.8515625
1161.8304178714752,2,3909.3,21939.33984375,72609.8515625
1162.8421874046326,2,2241.6,22551.609375,72609.8515625
1163.8508744239807,2,1305.4,22532.08203125,72609.8515625
1164.859239578247,2,1198.9,22720.48046875,72609.8515625
1165.8714249134064,2,4108.7,22803.80078125,72609.8515625
1166.881783246994,2,1623.5,23075.12890625,72609.8515625
1167.8923816680908,2,489.1,8040.76953125,72609.8515625
1168.9003698825836,2,1031.8,9292.71875,72609.8515625
1169.9113845825195,2,3526.9,10029.48828125,72609.8515625
1170.9202473163605,2,2988.4,13879.12109375,72609.8515625
1171.9462454319,2,4280.2,14676.6640625,72609.8515625
1172.9792528152466,2,4572.5,18442.43359375,72609.8515625
1174.0172474384308,2,4520.8,23245.6640625,72609.8515625
1175.0415489673615,2,4202.6,16906.07421875,72609.8515625
1176.0552399158478,2,4299.1,20565.51171875,72609.8515625
1177.0762405395508,2,4462.1,20685.9765625,72609.8515625
1178.09726023674,2,3161.0,20933.9296875,72609.8515625
1179.125259399414,2,3372.3,21164.8515625,72609.8515625
1180.1442456245422,2,2813.8,21399.46484375,72609.8515625
1181.159240245819,2,3942.4,22544.3046875,72609.8515625
1182.1755812168121,2,1195.1,22582.53515625,72609.8515625
1183.1830887794495,2,1336.8,22466.2578125,72609.8515625
1184.1922495365143,2,2911.0,22733.07421875,72609.8515625
1185.2067646980286,2,3152.9,22979.76171875,72609.8515625
1186.2151594161987,2,565.6,8957.48828125,74657.8671875
1187.2247381210327,2,884.3,9348.65625,72609.8515625
1188.2672414779663,2,2849.2,9591.1171875,72609.8515625
1189.2952899932861,2,2323.7,13341.62109375,72609.8515625
1190.317242860794,2,3629.9,15660.71875,72609.8515625
1191.3402423858643,2,4290.5,16133.97265625,72609.8515625
1192.3612523078918,2,4555.4,19614.8828125,72609.8515625
1193.3902475833893,2,4507.8,24120.85546875,82849.8515625
1194.413248538971,2,4469.6,29348.84765625,82905.8515625
1195.4386637210846,2,4184.6,24147.24609375,82905.8515625
1196.4582526683807,2,4255.5,23123.33203125,82905.8515625
1197.4772400856018,2,4052.0,24797.59765625,82905.8515625
1198.4976680278778,2,4232.1,24982.00390625,82905.8515625
1199.5192413330078,2,4067.3,25246.109375,82905.8515625
1200.5274171829224,2,2919.2,25519.47265625,82905.8515625
1201.536250591278,2,3649.7,25835.9453125,82905.8515625
1202.5616612434387,2,2305.3,25890.19921875,82905.8515625
1203.5735311508179,2,3328.5,27002.2421875,82905.8515625
1204.5819873809814,2,2828.1,28037.79296875,82905.8515625
1205.590075969696,2,1142.5,28512.23828125,82905.8515625
1206.6002554893494,2,1061.8,28336.50390625,82905.8515625
1207.611778974533,2,1402.5,28359.77734375,82905.8515625
1208.6185264587402,2,1549.3,28965.171875,82905.8515625
1209.6312441825867,2,4111.2,28943.046875,82905.8515625
1210.6398763656616,2,1898.1,29424.421875,82905.8515625
1211.6482141017914,2,629.3,29707.61328125,82905.8515625
1212.6572632789612,2,435.8,8834.58984375,84953.8671875
1213.6672439575195,2,1392.7,8716.3984375,82905.8515625
1214.7292413711548,2,3362.0,11353.3203125,82905.8515625
1215.738251209259,2,4434.0,13877.3125,82905.8515625
1216.7652552127838,2,4330.2,13330.421875,82905.8515625
1217.7822506427765,2,4193.0,15351.078125,82905.8515625
1218.8032467365265,2,3148.2,15669.765625,82905.8515625
1219.8314895629883,2,3472.0,16192.7421875,82905.8515625
1220.8385372161865,2,2202.0,16936.59765625,82905.8515625
1221.8463582992554,2,1215.6,16845.82421875,82905.8515625
1222.8532574176788,2,3756.1,17238.078125,82905.8515625
1223.8608696460724,2,631.8,8972.48828125,84953.8671875
1224.8691112995148,2,1161.7,8813.515625,82905.8515625
1225.8782448768616,2,3494.2,11202.0,82905.8515625
1226.8912472724915,2,4218.0,13481.89453125,82905.8515625
1227.9142458438873,2,4411.3,13114.9765625,82905.8515625
1228.932210445404,2,4214.7,15293.90234375,82905.8515625
1229.9532551765442,2,3251.9,15571.89453125,82905.8515625
1230.97993516922,2,2876.0,15791.08984375,82905.8515625
1231.9932692050934,2,2757.3,16788.2109375,82905.8515625
1233.0062038898468,2,1265.8,16715.37890625,82905.8515625
1234.0142421722412,2,3478.4,16893.765625,82905.8515625
1235.0245292186737,2,1040.5,17319.3046875,82905.8515625
1236.0344457626343,2,668.1,9059.95703125,82905.8515625
1237.0422430038452,2,1933.3,9764.05078125,82905.8515625
1238.0756103992462,2,2421.3,12610.8515625,82905.8515625
1239.0872416496277,2,4162.8,15649.1015625,82905.8515625
1240.1072475910187,2,4270.9,16091.90625,82905.8515625
1241.1272571086884,2,4471.4,19735.859375,82905.8515625
1242.1530675888062,2,4490.2,24533.4453125,82905.8515625
1243.1762447357178,2,4442.4,29149.69140625,82905.8515625
1244.2004933357239,2,4122.9,27231.9375,82905.8515625
1245.2217671871185,2,4235.5,23104.9609375,82905.8515625
1246.2472422122955,2,4138.4,24677.85546875,82905.8515625
1247.2672429084778,2,4434.2,24897.7265625,82905.8515625
1248.2866342067719,2,4081.2,25136.21875,82905.8515625
1249.294307231903,2,2911.7,25303.16796875,82905.8515625
1250.3032524585724,2,2816.6,25692.2265625,82905.8515625
1251.328602552414,2,2675.0,25691.59375,82905.8515625
1252.3385019302368,2,3696.0,26736.1953125,82905.8515625
1253.346967458725,2,2794.7,27699.09765625,82905.8515625
1254.3562462329865,2,1065.3,28122.3125,82905.8515625
1255.3689451217651,2,825.9,28148.01171875,82905.8515625
1256.3752415180206,2,997.6,28365.99609375,82905.8515625
1257.3983192443848,2,789.2,28268.0390625,82905.8515625
1258.4067409038544,2,1174.2,28372.9140625,82905.8515625
1259.4185943603516,2,3881.4,28668.73046875,82905.8515625
1260.4298298358917,2,2357.0,29238.4375,82905.8515625
1261.4377436637878,2,577.2,29432.36328125,82905.8515625
1262.4460937976837,2,598.1,8221.921875,84953.8671875
1263.4542903900146,2,875.1,9089.171875,82905.8515625
1264.4645762443542,2,2969.5,9737.609375,82905.8515625
1265.4732496738434,2,2922.0,13649.375,82905.8515625
1266.4842510223389,2,4266.2,14335.83203125,82905.8515625
1267.5052602291107,2,4494.4,18213.93359375,82905.8515625
1268.5301077365875,2,4550.4,23013.6796875,82905.8515625
1269.5561861991882,2,4198.8,17644.71484375,82905.8515625
1270.5782480239868,2,4343.5,20215.484375,82905.8515625
1271.5992527008057,2,4353.2,20435.29296875,82905.8515625
1272.6185946464539,2,3017.0,20679.9140625,82905.8515625
1273.6264457702637,2,2695.8,20955.390625,82905.8515625
1274.6342480182648,2,3681.7,21719.87109375,82905.8515625
1275.6447155475616,2,2359.8,22345.8984375,82905.8515625
1276.6523160934448,2,1404.7,22314.65234375,82905.8515625
1277.6589019298553,2,1476.4,22387.37890625,82905.8515625
1278.6672694683075,2,4419.2,22521.83984375,82905.8515625
1279.6756055355072,2,933.3,16977.10546875,82905.8515625
1280.6838519573212,2,540.0,9261.3671875,82905.8515625
1281.6912534236908,2,965.1,10007.36328125,82905.8515625
1282.698399066925,2,3937.6,10846.8125,82905.8515625
1283.7062439918518,2,2855.4,14892.5625,82905.8515625
1284.7271857261658,2,4103.6,16493.08984375,82905.8515625
1285.747118473053,2,4360.5,16725.3359375,82905.8515625
1286.758249759674,2,4534.7,21668.609375,82905.8515625
1287.7830691337585,2,4582.3,27436.6953125,82905.8515625
1288.809198141098,2,4466.3,31628.17578125,82905.8515625
1289.8308198451996,2,3947.4,20171.3359375,82905.8515625
1290.8392701148987,2,4484.4,23918.86328125,82905.8515625
1291.866248846054,2,4168.4,25595.66015625,82905.8515625
1292.8872435092926,2,4332.4,25798.046875,82905.8515625
1293.906758069992,2,3530.2,26224.421875,82905.8515625
1294.9170818328857,2,2797.9,26487.9453125,82905.8515625
1295.9262495040894,2,3605.2,26544.9375,82905.8515625
1296.9513642787933,2,2376.0,26563.58203125,82905.8515625
1297.9602417945862,2,3896.4,27761.04296875,82905.8515625
1298.9800026416779,2,2764.5,28740.86328125,82905.8515625
1299.9922487735748,2,978.6,28967.96484375,82905.8515625
1301.0026965141296,2,832.5,28983.11328125,82905.8515625
1302.0104463100433,2,1149.0,28976.1484375,82905.8515625
1303.0182614326477,2,797.1,29062.16015625,82905.8515625
1304.0262379646301,2,2615.3,29397.0234375,82905.8515625
1305.03923869133,2,4131.8,29419.05078125,82905.8515625
1306.0543723106384,2,1147.7,29966.578125,82905.8515625
1307.0623452663422,2,721.5,30284.92578125,82905.8515625
1308.0715081691742,2,339.5,7884.45703125,82905.8515625
1309.0787785053253,2,963.4,9603.25,82905.8515625
1310.0872490406036,2,2913.6,9837.16015625,82905.8515625
1311.1372711658478,2,2357.1,13570.27734375,82905.8515625
1312.1582412719727,2,4233.8,15799.08203125,82905.8515625
1313.178246974945,2,4274.5,16264.4609375,82905.8515625
1314.2012448310852,2,4497.7,20333.296875,82905.8515625
1315.2255294322968,2,4566.9,25525.953125,82905.8515625
1316.2467968463898,2,4176.2,30693.96875,82905.8515625
1317.2682480812073,2,4263.3,20643.44921875,82905.8515625
1318.2927601337433,2,4393.8,24583.23828125,82905.8515625
1319.3032462596893,2,4322.9,24959.1640625,82905.8515625
1320.3242444992065,2,4171.8,25358.671875,82905.8515625
1321.3438119888306,2,3193.7,25623.21875,82905.8515625
1322.351583480835,2,3142.3,25959.23046875,82905.8515625
1323.3590924739838,2,3144.6,26056.3828125,82905.8515625
1324.3752374649048,2,3670.1,26576.203125,82905.8515625
1325.3851301670074,2,3351.8,28210.90234375,82905.8515625
1326.405089855194,2,1299.4,28458.94921875,82905.8515625
1327.413081407547,2,1452.9,28367.43359375,82905.8515625
1328.4200503826141,2,951.9,28345.3828125,82905.8515625
1329.4272508621216,2,3834.6,28914.87109375,82905.8515625
1330.4446728229523,2,3150.0,29406.90234375,82905.8515625
1331.4532392024994,2,647.6,29640.08984375,82905.8515625
1332.4612543582916,2,475.4,7768.8671875,82905.8515625
1333.4687759876251,2,1012.0,9598.078125,82905.8515625
1334.4772408008575,2,2762.7,9830.88671875,82905.8515625
1335.50727891922,2,2374.2,13585.03125,82905.8515625
1336.5302391052246,2,4223.4,15810.87890625,82905.8515625
1337.5502455234528,2,4247.6,16282.58984375,82905.8515625
1338.5722482204437,2,4479.1,20946.71875,82905.8515625
1339.5968215465546,2,4556.5,25272.10546875,82905.8515625
1340.6228489875793,2,4557.1,30246.9765625,82905.8515625
1341.6452679634094,2,4147.7,20605.60546875,82905.8515625
1342.6702530384064,2,4491.8,24429.18359375,82905.8515625
1343.6832492351532,2,4194.1,24910.6171875,82905.8515625
1344.7042458057404,2,4141.1,25294.18359375,82905.8515625
1345.7212584018707,2,3252.2,25555.203125,82905.8515625
1346.7479236125946,2,3210.3,25885.4140625,82905.8515625
1347.7561602592468,2,3197.7,25852.5234375,82905.8515625
1348.7646932601929,2,3760.3,26507.60546875,82905.8515625
1349.7762377262115,2,3300.1,28057.796875,82905.8515625
1350.7883830070496,2,1291.1,28466.29296875,82905.8515625
1351.7967491149902,2,1454.0,28375.4921875,82905.8515625
1352.8029294013977,2,966.0,28264.47265625,82905.8515625
1353.8112444877625,2,3864.6,28902.5390625,82905.8515625
1354.8218066692352,2,3126.0,29393.09765625,82905.8515625
1355.8302409648895,2,644.2,29633.05078125,82905.8515625
1356.8376767635345,2,489.8,8010.1484375,82905.8515625
1357.8459763526917,2,1090.4,9417.8203125,82905.8515625
1358.853994846344,2,3456.2,9970.328125,82905.8515625
1359.8632514476776,2,2562.9,14319.6875,82905.8515625
1360.884150505066,2,4110.2,15943.203125,82905.8515625
1361.9040741920471,2,4352.8,16851.24609375,82905.8515625
1362.9292466640472,2,4544.7,21919.9453125,82905.8515625
1363.9533812999725,2,4559.9,27478.6796875,82905.8515625
1364.9752576351166,2,4548.4,27714.24609375,82905.8515625
1365.9982872009277,2,4218.3,23044.9296875,82905.8515625
1367.0345849990845,2,4154.6,24822.421875,82905.8515625
1368.0547413825989,2,4383.9,25027.4609375,82905.8515625
1369.0748817920685,2,4258.4,25289.3359375,82905.8515625
1370.084879398346,2,2933.4,25472.42578125,82905.8515625
1371.0942533016205,2,3284.4,25857.9375,82905.8515625
1372.1224527359009,2,2628.8,25926.01171875,82905.8515625
1373.1469206809998,2,3976.7,27270.515625,82905.8515625
1374.1642112731934,2,2827.7,28364.328125,82905.8515625
1375.1716063022614,2,1143.3,28367.30859375,82905.8515625
1376.1801257133484,2,1513.5,28270.828125,82905.8515625
1377.1872491836548,2,1752.3,29003.68359375,82905.8515625
1378.1992506980896,2,4527.4,28799.53515625,82905.8515625
1379.2169692516327,2,1303.2,29374.515625,82905.8515625
1380.2243146896362,2,908.0,29756.63671875,82905.8515625
1381.2354032993317,2,480.7,8908.25390625,82905.8515625
1382.2422456741333,2,896.6,10095.359375,82905.8515625
1383.2502388954163,2,3596.2,10204.30859375,82905.8515625
1384.281256198883,2,2203.2,13510.125,82905.8515625
1385.3002436161041,2,4202.6,16607.11328125,82905.8515625
1386.3215072154999,2,4270.3,17052.90234375,82905.8515625
1387.3412516117096,2,4463.9,20700.890625,82905.8515625
1388.3655292987823,2,4562.6,24840.4921875,82905.8515625
1389.3882448673248,2,4561.1,30611.2890625,82905.8515625
1390.4124555587769,2,4404.3,21317.2734375,82905.8515625
1391.4292471408844,2,4280.9,24530.7109375,82905.8515625
1392.4542410373688,2,4135.9,26207.1484375,82905.8515625
1393.4732036590576,2,4364.2,26386.98046875,82905.8515625
1394.493245601654,2,3998.9,26702.56640625,82905.8515625
1395.5152633190155,2,2855.3,26804.6640625,82905.8515625
1396.536253452301,2,3152.0,27151.0,82905.8515625
1397.5640771389008,2,2637.7,27095.68359375,82905.8515625
1398.571239233017,2,4229.6,27857.421875,82905.8515625
1399.5822396278381,2,3256.0,29389.953125,82905.8515625
1400.5911490917206,2,1217.4,29548.67578125,82905.8515625
1401.5973944664001,2,1233.5,29606.73828125,82905.8515625
1402.6058990955353,2,1186.1,29577.34765625,82905.8515625
1403.614243030548,2,2820.7,30079.65234375,82905.8515625
1404.631851196289,2,4544.4,29979.66796875,82905.8515625
1405.6391656398773,2,965.5,30636.1796875,82905.8515625
1406.6501870155334,2,767.3,7729.78515625,84953.8671875
1407.6574845314026,2,930.8,8547.80859375,82905.8515625
1408.6672594547272,2,3128.1,10587.15234375,82905.8515625
1409.6782574653625,2,4212.8,12737.05078125,82905.8515625
1410.699024438858,2,4545.2,14478.09765625,82905.8515625
1411.7122473716736,2,4162.5,15071.7890625,82905.8515625
1412.7332594394684,2,3536.1,15340.45703125,82905.8515625
1413.7464718818665,2,3026.1,15695.41015625,82905.8515625
1414.7565217018127,2,2506.9,16668.54296875,82905.8515625
1415.765244960785,2,1233.5,16602.98046875,82905.8515625
1416.7729046344757,2,3707.8,17030.3984375,82905.8515625
1417.781571149826,2,650.0,8719.203125,84953.8671875
1418.7892608642578,2,1175.7,8883.640625,82905.8515625
1419.8166115283966,2,3498.5,11151.69140625,82905.8515625
1420.8252511024475,2,4262.6,13476.8671875,82905.8515625
1421.848062992096,2,4415.1,12929.92578125,82905.8515625
1422.8686835765839,2,4150.1,15037.66015625,82905.8515625
1423.8861811161041,2,3202.9,15282.87890625,82905.8515625
1424.9109814167023,2,3304.1,15738.265625,82905.8515625
1425.9167516231537,2,2121.4,16467.1640625,82905.8515625
1426.923160791397,2,1179.2,16389.28515625,82905.8515625
1427.9307329654694,2,3577.8,16863.875,82905.8515625
1428.9399509429932,2,652.8,9152.83203125,84953.8671875
1429.9479434490204,2,711.2,9628.12109375,82905.8515625
1430.9552376270294,2,1458.5,10205.91796875,82905.8515625
1431.9994099140167,2,3512.2,11520.2109375,82905.8515625
1433.0112476348877,2,3254.9,15137.62109375,82905.8515625
1434.0332415103912,2,4030.8,16799.390625,82905.8515625
1435.0522465705872,2,4389.7,17015.84765625,82905.8515625
1436.0732505321503,2,4473.6,22262.234375,82905.8515625
1437.0974895954132,2,4524.6,25640.02734375,82905.8515625
1438.1202454566956,2,4560.5,30798.25390625,82905.8515625
1439.1432440280914,2,4098.2,21278.1796875,82905.8515625
1440.1602520942688,2,4489.6,25079.203125,82905.8515625
1441.173249721527,2,4218.4,25977.9375,82905.8515625
1442.199239730835,2,4252.3,26329.9375,82905.8515625
1443.2192380428314,2,3222.5,26726.37890625,82905.8515625
1444.227251291275,2,2809.4,27034.54296875,82905.8515625
1445.2520093917847,2,3635.2,26879.15625,82905.8515625
1446.2616646289825,2,2761.2,27231.0546875,82905.8515625
1447.2722415924072,2,4148.5,28568.5546875,82905.8515625
1448.2913508415222,2,2689.0,29672.75390625,82905.8515625
1449.3005876541138,2,1107.6,29522.25390625,82905.8515625
1450.3072428703308,2,1352.5,29485.91015625,82905.8515625
1451.314125776291,2,881.9,29502.921875,82905.8515625
1452.3221135139465,2,3611.6,30139.609375,82905.8515625
1453.3437469005585,2,4138.1,30457.00390625,82905.8515625
1454.3512630462646,2,554.8,30754.8359375,82905.8515625
1455.3587589263916,2,587.0,8730.09765625,84953.8671875
1456.367268562317,2,709.8,9478.50390625,82905.8515625
1457.3752431869507,2,1961.8,9872.54296875,82905.8515625
1458.4226319789886,2,2518.7,12418.1015625,82905.8515625
1459.4312500953674,2,4302.3,15028.13671875,82905.8515625
1460.4430539608002,2,4018.5,16233.0859375,82905.8515625
1461.4630279541016,2,4432.4,19117.390625,82905.8515625
1462.4898176193237,2,4536.8,23234.8828125,82905.8515625
1463.5102453231812,2,4559.7,28755.01953125,82905.8515625
1464.5311858654022,2,4382.5,19498.390625,82905.8515625
1465.5412719249725,2,4354.8,23182.9296875,82905.8515625
1466.5672490596771,2,4176.7,24832.6015625,82905.8515625
1467.5882444381714,2,4244.2,25193.13671875,82905.8515625
1468.6072480678558,2,3459.4,25484.46484375,82905.8515625
1469.6231079101562,2,3014.1,25858.48828125,82905.8515625
1470.648879289627,2,3571.3,25730.60546875,82905.8515625
1471.655274629593,2,3061.2,26075.2734375,82905.8515625
1472.666243314743,2,4055.0,27439.3359375,82905.8515625
1473.6752462387085,2,1829.6,28291.14453125,82905.8515625
1474.6822459697723,2,1179.9,28281.5546875,82905.8515625
1475.693255662918,2,1314.6,28382.1953125,82905.8515625
1476.7032449245453,2,2267.3,28874.76953125,82905.8515625
1477.713889837265,2,4451.9,28845.4375,82905.8515625
1478.7216312885284,2,989.6,29435.359375,82905.8515625
1479.7333085536957,2,754.3,7754.40234375,84953.8671875
1480.740711927414,2,536.3,9162.58984375,82905.8515625
1481.7477123737335,2,917.7,10051.12109375,82905.8515625
1482.7562398910522,2,4158.8,10172.4375,82905.8515625
1483.794242143631,2,2190.3,14280.65625,82905.8515625
1484.8152387142181,2,4232.7,16577.75390625,82905.8515625
1485.8472566604614,2,4213.0,17046.015625,82905.8515625
1486.8652575016022,2,4501.0,21019.765625,82905.8515625
1487.8872473239899,2,4553.9,25399.515625,82905.8515625
1488.9115839004517,2,4469.2,31552.27734375,82905.8515625
1489.9322414398193,2,4317.2,21143.89453125,82905.8515625
1490.9471805095673,2,4480.8,25251.9296875,82905.8515625
1491.9612493515015,2,4182.5,26223.3046875,82905.8515625
1492.9862434864044,2,4251.7,26554.72265625,82905.8515625
1494.014198064804,2,3353.3,26887.84765625,82905.8515625
1495.0346765518188,2,2717.9,27049.87890625,82905.8515625
1496.043113708496,2,3950.5,27199.9453125,82905.8515625
1497.051058769226,2,2505.9,27174.578125,82905.8515625
1498.0651767253876,2,4153.1,28567.046875,82905.8515625
1499.0849373340607,2,2948.2,29685.97265625,82905.8515625
1500.0953433513641,2,1114.5,29507.71484375,82905.8515625
1501.1062412261963,2,1371.8,29599.9296875,82905.8515625
1502.1229252815247,2,892.6,29555.98828125,82905.8515625
1503.131245136261,2,3781.3,30163.234375,82905.8515625
1504.1452128887177,2,3996.3,30429.03515625,82905.8515625
1505.152491569519,2,566.3,30734.1875,82905.8515625
1506.1608645915985,2,589.2,9270.3671875,84953.8671875
1507.1690356731415,2,897.1,9523.77734375,82905.8515625
1508.174524307251,2,2099.1,9852.3828125,82905.8515625
1509.1892356872559,2,2390.5,12615.06640625,82905.8515625
1510.2012453079224,2,4454.8,15316.33203125,82905.8515625
1511.2182443141937,2,4002.2,16274.06640625,82905.8515625
1512.2465271949768,2,4450.6,19383.171875,82905.8515625
1513.269244670868,2,4561.1,24392.47265625,82905.8515625
1514.2932472229004,2,4567.2,29687.6953125,82905.8515625
1515.3162400722504,2,4237.0,19733.0859375,82905.8515625
1516.3332493305206,2,4463.7,23339.703125,82905.8515625
1517.3492500782013,2,4207.4,24921.91015625,82905.8515625
1518.369140625,2,4228.1,25258.67578125,82905.8515625
1519.3902487754822,2,3301.8,25530.51953125,82905.8515625
1520.4022543430328,2,3221.5,25870.8671875,82905.8515625
1521.4269196987152,2,3206.3,25800.62890625,82905.8515625
1522.4346466064453,2,3445.0,26246.2578125,82905.8515625
1523.4482400417328,2,4026.0,27523.68359375,82905.8515625
1524.4643387794495,2,1496.9,28448.46484375,82905.8515625
1525.47238945961,2,1112.0,28500.76171875,82905.8515625
1526.4812433719635,2,1416.5,28233.62109375,82905.8515625
1527.4935057163239,2,2548.4,28809.55078125,82905.8515625
1528.5042400360107,2,4375.3,28997.640625,82905.8515625
1529.5187270641327,2,763.7,29520.94140625,82905.8515625
1530.526934146881,2,649.4,8286.27734375,84953.8671875
1531.5339527130127,2,723.2,9281.95703125,82905.8515625
1532.5412385463715,2,2014.7,9779.32421875,82905.8515625
1533.5652384757996,2,2402.7,12542.734375,82905.8515625
1534.5757393836975,2,4334.7,15472.703125,82905.8515625
1535.5842454433441,2,4142.2,16181.2734375,82905.8515625
1536.6032524108887,2,4488.0,19472.859375,82905.8515625
1537.6282467842102,2,4557.2,23785.0625,82905.8515625
1538.6532454490662,2,4563.6,28585.7734375,82905.8515625
1539.681242465973,2,4120.9,19713.015625,82905.8515625
1540.6999473571777,2,4450.8,23292.63671875,82905.8515625
1541.714251756668,2,4185.0,24853.5,82905.8515625
1542.7342426776886,2,4266.0,25181.1875,82905.8515625
1543.753190279007,2,3330.4,25474.84375,82905.8515625
1544.7652549743652,2,3276.5,25781.20703125,82905.8515625
1545.7904415130615,2,3126.5,25722.125,82905.8515625
1546.799251317978,2,3385.6,26173.96875,82905.8515625
1547.8098661899567,2,4024.2,27463.8046875,82905.8515625
1548.8195230960846,2,1579.7,28399.578125,82905.8515625
1549.8277847766876,2,1130.0,28383.3515625,82905.8515625
1550.835773229599,2,1336.1,28417.453125,82905.8515625
1551.843897819519,2,2367.2,28733.6015625,82905.8515625
1552.8562417030334,2,4392.1,28955.64453125,82905.8515625
1553.8756506443024,2,984.8,29469.61328125,82905.8515625
1554.8827788829803,2,655.1,7780.01953125,84953.8671875
1555.8902351856232,2,703.2,9067.4453125,82905.8515625
1556.8972392082214,2,2231.8,9613.7109375,82905.8515625
1557.935266494751,2,2718.9,12934.3515625,82905.8515625
1558.953241109848,2,4382.8,14458.53125,82905.8515625
1559.972250699997,2,4361.2,16539.09765625,82905.8515625
1560.9972450733185,2,4553.0,21038.3671875,82905.8515625
1562.0182530879974,2,4465.4,22344.9140625,82905.8515625
1563.0332469940186,2,4309.7,19847.8359375,82905.8515625
1564.0512480735779,2,4338.4,20624.4453125,82905.8515625
1565.0637283325195,2,3532.1,20939.9453125,82905.8515625
1566.0702495574951,2,3166.3,21165.5859375,82905.8515625
1567.0952484607697,2,2901.1,21248.08984375,82905.8515625
1568.106458902359,2,3864.7,22176.5078125,82905.8515625
1569.1184384822845,2,2038.9,22715.3125,82905.8515625
1570.1260950565338,2,1368.2,22704.078125,82905.8515625
1571.1392381191254,2,1585.2,22839.828125,82905.8515625
1572.1512398719788,2,4478.0,22770.7421875,82905.8515625
1573.1636040210724,2,953.8,23232.98828125,82905.8515625
1574.1708767414093,2,559.0,8947.171875,82905.8515625
1575.177883386612,2,996.9,9842.1328125,82905.8515625
1576.1918761730194,2,3682.1,10938.390625,82905.8515625
1577.2002427577972,2,3226.0,14522.609375,82905.8515625
1578.2202434539795,2,4120.6,16067.9609375,82905.8515625
1579.239057302475,2,4353.3,17932.43359375,82905.8515625
1580.2689926624298,2,4549.5,22154.72265625,82905.8515625
1581.2902431488037,2,4556.6,27383.99609375,82905.8515625
1582.3112540245056,2,4561.4,25776.3515625,82905.8515625
1583.3342545032501,2,4187.2,23181.125,82905.8515625
1584.3612401485443,2,4178.1,24826.3515625,82905.8515625
1585.3842403888702,2,4348.4,25039.359375,82905.8515625
1586.4012484550476,2,3979.9,25399.046875,82905.8515625
1587.4259786605835,2,2766.2,25726.0546875,82905.8515625
1588.4332530498505,2,3697.1,25917.7109375,82905.8515625
1589.4579977989197,2,2532.1,25981.2734375,82905.8515625
1590.4682455062866,2,4163.2,27299.3203125,82905.8515625
1591.487368106842,2,2335.6,28379.0703125,82905.8515625
1592.496242761612,2,1180.2,28255.90625,82905.8515625
1593.5029542446136,2,1461.7,28241.5234375,82905.8515625
1594.5092458724976,2,1705.6,28955.55078125,82905.8515625
1595.5232417583466,2,4525.1,28837.515625,82905.8515625
1596.5421516895294,2,1312.4,29344.578125,82905.8515625
1597.550179719925,2,851.7,29713.2578125,82905.8515625
1598.5564575195312,2,577.9,8789.2890625,82905.8515625
1599.567139863968,2,1285.2,9751.73046875,82905.8515625
1600.618263244629,2,3155.7,11450.6953125,82905.8515625
1601.6272475719452,2,3645.5,14434.58203125,82905.8515625
1602.640240430832,2,4100.0,15966.6953125,82905.8515625
1603.659248828888,2,4360.9,17856.55859375,82905.8515625
1604.6842513084412,2,4557.7,22454.13671875,82905.8515625
1605.7083699703217,2,4562.5,28037.80859375,82905.8515625
1606.7332570552826,2,4504.6,23855.8828125,82905.8515625
1607.747251033783,2,4209.5,23162.28125,82905.8515625
1608.779240846634,2,4128.9,24834.99609375,82905.8515625
1609.7992408275604,2,4236.0,25013.19921875,82905.8515625
1610.816246509552,2,4008.7,25368.390625,82905.8515625
1611.827173948288,2,2831.9,25659.2421875,82905.8515625
1612.8362622261047,2,3937.8,25904.12109375,82905.8515625
1613.8522408008575,2,2617.9,26022.40625,82905.8515625
1614.8632440567017,2,4160.6,27305.796875,82905.8515625
1615.8779468536377,2,2131.2,28367.62109375,82905.8515625
1616.8858377933502,2,1170.4,28322.18359375,82905.8515625
1617.8914303779602,2,1453.4,28271.7265625,82905.8515625
1618.8992404937744,2,2035.9,28849.90234375,82905.8515625
1619.9150519371033,2,4538.8,28749.27734375,82905.8515625
1620.9262444972992,2,1060.4,29323.0,82905.8515625
1621.9456706047058,2,806.6,14668.984375,82905.8515625
1622.9547007083893,2,540.2,9026.140625,82905.8515625
1623.9617326259613,2,934.7,9795.625,82905.8515625
1624.970584154129,2,3967.5,10630.8203125,82905.8515625
1625.979264497757,2,2791.3,14752.79296875,82905.8515625
1626.9982409477234,2,4095.8,16372.66015625,82905.8515625
1628.0182497501373,2,4331.1,16610.76171875,82905.8515625
1629.0282497406006,2,4539.7,21462.0078125,82905.8515625
1630.0492479801178,2,4559.5,25845.30859375,82905.8515625
1631.0701406002045,2,4508.4,31001.56640625,82905.8515625
1632.0922539234161,2,4187.4,21040.7421875,82905.8515625
1633.1182515621185,2,4121.4,25394.6875,82905.8515625
1634.128247499466,2,4567.8,25354.43359375,82905.8515625
1635.150057554245,2,4152.4,25751.17578125,82905.8515625
1636.1712539196014,2,3015.9,26036.79296875,82905.8515625
1637.1922557353973,2,3347.9,26353.25,82905.8515625
1638.2169444561005,2,3099.7,26413.25,82905.8515625
1639.2432398796082,2,3631.2,26964.83984375,82905.8515625
1640.256899356842,2,3503.4,28309.2109375,82905.8515625
1641.2646174430847,2,1597.9,28958.51171875,82905.8515625
1642.2732405662537,2,1122.5,29090.75390625,82905.8515625
1643.2914865016937,2,1320.6,29033.80078125,82905.8515625
1644.300163269043,2,2578.9,29330.27734375,82905.8515625
1645.3178505897522,2,4515.3,29294.5625,82905.8515625
1646.326242685318,2,1010.7,29949.76171875,82905.8515625
1647.3409271240234,2,727.5,7745.55859375,84953.8671875
1648.349732875824,2,853.9,8914.74609375,82905.8515625
1649.3580858707428,2,2657.6,9507.8046875,82905.8515625
1650.365387916565,2,3547.2,12308.77734375,82905.8515625
1651.3732523918152,2,4456.5,15072.58203125,82905.8515625
1652.3982455730438,2,4585.1,19484.390625,82905.8515625
1653.4162483215332,2,4304.6,16739.90234375,82905.8515625
1654.4302413463593,2,4209.5,17410.20703125,82905.8515625
1655.4488189220428,2,3163.8,17705.9609375,82905.8515625
1656.474633216858,2,2940.5,17975.41015625,82905.8515625
1657.4972434043884,2,3815.4,18757.97265625,82905.8515625
1658.5158779621124,2,1512.9,19121.94140625,82905.8515625
1659.52316904068,2,1200.9,19084.54296875,82905.8515625
1660.5320751667023,2,3418.9,19222.53125,82905.8515625
1661.541969537735,2,1826.1,19577.55859375,82905.8515625
1662.5499904155731,2,660.4,8392.24609375,82905.8515625
1663.5582401752472,2,1855.0,9409.5625,82905.8515625
1664.5892579555511,2,2739.1,12589.76171875,82905.8515625
1665.61323928833,2,4323.7,14150.06640625,82905.8515625
1666.6316249370575,2,4450.2,16619.2109375,82905.8515625
1667.6529667377472,2,4548.3,20953.65625,82905.8515625
1668.6738204956055,2,4373.8,16454.37109375,82905.8515625
1669.6922388076782,2,4271.9,20030.8515625,82905.8515625
1670.7170324325562,2,4390.5,20206.42578125,82905.8515625
1671.7352559566498,2,3273.7,20480.21484375,82905.8515625
1672.757080078125,2,3254.6,20544.62890625,82905.8515625
1673.7650496959686,2,3191.8,20997.3671875,82905.8515625
1674.7750132083893,2,3251.0,22161.2109375,82905.8515625
1675.7838923931122,2,1133.8,22026.4140625,82905.8515625
1676.7900695800781,2,1234.5,22028.79296875,82905.8515625
1677.800238609314,2,3787.7,22101.77734375,82905.8515625
1678.8132677078247,2,2032.2,22453.83984375,82905.8515625
1679.8211896419525,2,658.3,8237.171875,82905.8515625
1680.8292391300201,2,1627.2,9383.9140625,82905.8515625
1681.8777844905853,2,2812.7,11843.46484375,82905.8515625
1682.8902411460876,2,4295.2,14018.3515625,82905.8515625
1683.9192490577698,2,4443.0,16718.27734375,82905.8515625
1684.9402496814728,2,4582.7,21354.54296875,82905.8515625
1685.9645800590515,2,4429.9,16428.1875,82905.8515625
1686.9762408733368,2,4271.2,19816.390625,82905.8515625
1687.9948732852936,2,4355.6,19993.4453125,82905.8515625
1689.0145361423492,2,3029.9,20193.8984375,82905.8515625
1690.0271606445312,2,3196.2,20286.9453125,82905.8515625
1691.035239458084,2,3415.5,20795.8125,82905.8515625
1692.0464231967926,2,2726.1,21811.50390625,82905.8515625
1693.0543620586395,2,1231.4,21759.49609375,82905.8515625
1694.0654616355896,2,1184.1,21781.51171875,82905.8515625
1695.07754611969,2,4482.2,21845.86328125,82905.8515625
1696.0876483917236,2,1175.3,22215.71875,82905.8515625
1697.0940670967102,2,758.8,8722.79296875,82905.8515625
1698.1012392044067,2,2502.3,9382.52734375,82905.8515625
1699.119609117508,2,2818.1,12965.0859375,82905.8515625
1700.1352427005768,2,4268.0,14138.87890625,82905.8515625
1701.1552505493164,2,4470.3,17691.6015625,82905.8515625
1702.1792483329773,2,4556.5,22851.5390625,82905.8515625
1703.2042660713196,2,4202.5,17308.28515625,82905.8515625
1704.2202408313751,2,4325.3,19804.72265625,82905.8515625
1705.2392497062683,2,4351.9,20013.45703125,82905.8515625
1706.2525951862335,2,3083.9,20216.44921875,82905.8515625
1707.2602529525757,2,2802.9,20510.89453125,82905.8515625
1708.2812435626984,2,3851.0,21100.42578125,82905.8515625
1709.3001091480255,2,1959.3,21736.171875,82905.8515625
1710.3079533576965,2,1371.8,21613.78125,82905.8515625
1711.3162426948547,2,2105.5,21941.05859375,82905.8515625
1712.3257472515106,2,3716.0,22080.44921875,82905.8515625
1713.3331348896027,2,631.5,9040.0625,84953.8671875
1714.3402433395386,2,974.9,9074.6015625,82905.8515625
1715.3465738296509,2,2963.1,10058.05078125,82905.8515625
1716.3561730384827,2,3255.1,13681.51953125,82905.8515625
1717.367250919342,2,4285.1,14255.421875,82905.8515625
1718.3872509002686,2,4493.5,18349.1640625,82905.8515625
1719.4122445583344,2,4559.6,23117.609375,82905.8515625
1720.4332551956177,2,4303.2,18860.12890625,82905.8515625
1721.4512503147125,2,4351.6,20077.90625,82905.8515625
1722.4712142944336,2,3993.1,20311.03515625,82905.8515625
1723.4795596599579,2,2908.7,20565.59765625,82905.8515625
1724.4868302345276,2,3153.8,20774.8125,82905.8515625
1725.4942438602448,2,3762.5,21449.015625,82905.8515625
1726.5134415626526,2,1982.5,22024.6796875,82905.8515625
1727.5220746994019,2,1287.4,22016.78125,82905.8515625
1728.530256986618,2,1678.1,22177.59765625,82905.8515625
1729.5392384529114,2,4393.0,22312.05859375,82905.8515625
1730.5471913814545,2,688.8,7839.6171875,84953.8671875
1731.5545887947083,2,935.2,8689.828125,82905.8515625
1732.562240600586,2,2604.0,10394.65625,82905.8515625
1733.5742497444153,2,4244.7,12160.00390625,82905.8515625
1734.5862519741058,2,4507.5,16244.15234375,82905.8515625
1735.6104304790497,2,4538.8,16311.45703125,82905.8515625
1736.6302423477173,2,4197.2,17238.87890625,82905.8515625
1737.6499643325806,2,4357.6,17465.70703125,82905.8515625
1738.671249628067,2,2750.8,17791.45703125,82905.8515625
1739.6956267356873,2,3125.8,17939.6640625,82905.8515625
1740.7053651809692,2,3374.5,19090.8984375,82905.8515625
1741.713663816452,2,1070.6,18960.76953125,82905.8515625
1742.7232406139374,2,1576.8,18957.33984375,82905.8515625
1743.73397397995,2,4023.4,19275.7265625,82905.8515625
1744.7422676086426,2,619.0,8530.75390625,84953.8671875
1745.7503261566162,2,1020.3,8731.0625,82905.8515625
1746.7580370903015,2,2911.8,10501.51953125,82905.8515625
1747.7742402553558,2,4225.3,12254.0546875,82905.8515625
1748.795247077942,2,4496.1,16196.94921875,82905.8515625
1749.8285958766937,2,4519.3,16241.2890625,82905.8515625
1750.8422436714172,2,4152.4,17363.90625,82905.8515625
1751.8612530231476,2,4362.5,17577.87109375,82905.8515625
1752.8812477588654,2,2703.4,17865.91015625,82905.8515625
1753.9062411785126,2,3131.7,18043.62890625,82905.8515625
1754.9153757095337,2,3535.8,19344.7734375,82905.8515625
1755.9249684810638,2,1117.8,19132.140625,82905.8515625
1756.9303991794586,2,1624.8,19218.0703125,82905.8515625
1757.939280986786,2,4022.5,19477.59765625,82905.8515625
1758.9467277526855,2,647.1,8517.8515625,84953.8671875
1759.9542346000671,2,1065.1,8564.87890625,82905.8515625
1760.9622476100922,2,3419.9,10872.71484375,82905.8515625
1761.977249622345,2,4199.0,12882.57421875,82905.8515625
1762.9977040290833,2,4526.6,14339.0546875,82905.8515625
1764.0152480602264,2,4170.3,15029.38671875,82905.8515625
1765.04425573349,2,3380.3,15331.62890625,82905.8515625
1766.0701079368591,2,2996.0,15573.859375,82905.8515625
1767.0795888900757,2,2912.2,16700.07421875,82905.8515625
1768.0892417430878,2,1249.0,16568.72265625,82905.8515625
1769.1002414226532,2,3261.3,16769.33984375,82905.8515625
1770.1099393367767,2,1316.0,17155.8671875,82905.8515625
1771.1158406734467,2,1579.2,8346.0703125,82905.8515625
1772.1240675449371,2,2417.6,9465.4453125,82905.8515625
1773.133240699768,2,3619.1,13178.92578125,82905.8515625
1774.160617351532,2,4436.0,14680.24609375,82905.8515625
1775.1832480430603,2,4383.9,14937.98046875,82905.8515625
1776.1972410678864,2,4166.0,16413.7265625,82905.8515625
1777.215924024582,2,3113.5,16659.7578125,82905.8515625
1778.2282454967499,2,2721.0,16896.15625,82905.8515625
1779.2501723766327,2,3609.2,18116.29296875,83353.8515625
1780.2597606182098,2,3326.7,19129.08984375,83353.8515625
1781.2692377567291,2,1348.8,19172.73828125,83353.8515625
1782.2820355892181,2,4404.6,19226.08984375,83353.8515625
1783.2923679351807,2,1301.9,19631.72265625,83353.8515625
1784.2984063625336,2,1580.5,8488.94140625,83353.8515625
1785.3064677715302,2,2450.3,9542.875,83353.8515625
1786.3152451515198,2,4031.3,13269.62890625,83353.8515625
1787.3341891765594,2,4421.3,15058.70703125,83353.8515625
1788.356251001358,2,4422.0,15598.625,83353.8515625
1789.3702495098114,2,4005.9,16590.59765625,83353.8515625
1790.3802478313446,2,3260.6,16785.53125,83353.8515625
1791.4062497615814,2,2695.5,17094.62109375,83353.8515625
1792.4272422790527,2,4223.4,18575.484375,83353.8515625
1793.4343430995941,2,2729.8,19056.578125,83353.8515625
1794.4422407150269,2,2150.3,19290.90625,83353.8515625
1795.4523167610168,2,4078.6,19447.1796875,83353.8515625
1796.4598512649536,2,660.7,8738.27734375,85401.8671875
1797.4678721427917,2,2035.1,8729.71484375,83353.8515625
1798.4762706756592,2,2859.6,11288.34375,83353.8515625
1799.4882414340973,2,4227.3,13374.50390625,83353.8515625
1800.506852388382,2,4491.2,16295.2421875,83353.8515625
1801.529245853424,2,4199.4,16326.22265625,83353.8515625
1802.5482590198517,2,3600.8,16734.203125,83353.8515625
1803.5772626399994,2,3118.6,16862.64453125,83353.8515625
1804.5841917991638,2,3172.4,17370.8203125,83353.8515625
1805.593240737915,2,4256.1,18726.8828125,83353.8515625
1806.6117556095123,2,1915.6,19049.91015625,83353.8515625
1807.620721578598,2,3064.7,19323.953125,83353.8515625
1808.6352558135986,2,2910.2,19466.0390625,83353.8515625
1809.6426186561584,2,695.4,8035.1484375,83353.8515625
1810.651243686676,2,2405.4,8809.12890625,83353.8515625
1811.6872458457947,2,3610.3,12654.3359375,83353.8515625
1812.697250843048,2,4265.4,13386.14453125,83353.8515625
1813.7172536849976,2,4441.4,16025.484375,83353.8515625
1814.7342517375946,2,4138.6,16404.5390625,83353.8515625
1815.754255771637,2,3513.6,16689.5078125,83353.8515625
1816.7812523841858,2,2933.2,17020.265625,83353.8515625
1817.8005301952362,2,3656.0,17913.8984375,83353.8515625
1818.8127505779266,2,3717.2,19048.78515625,83353.8515625
1819.81991648674,2,1205.0,18986.47265625,83353.8515625
1820.826245546341,2,4238.8,19274.9765625,83353.8515625
1821.8367743492126,2,1722.2,19551.3984375,83353.8515625
1822.844036102295,2,1360.0,8339.8671875,83353.8515625
1823.8522741794586,2,2764.1,8854.41015625,83353.8515625
1824.8635563850403,2,3487.7,13269.609375,83353.8515625
1825.875247478485,2,4442.7,14602.97265625,83353.8515625
1826.8997716903687,2,4424.4,15110.4140625,83353.8515625
1827.916249036789,2,4189.1,16618.52734375,83353.8515625
1828.937251329422,2,3162.2,16896.54296875,83353.8515625
1829.9581320285797,2,2696.2,17125.30078125,83353.8515625
1830.9672391414642,2,4190.0,18668.41015625,83353.8515625
1831.9859697818756,2,2976.1,19256.06640625,83353.8515625
1832.9956612586975,2,1788.8,19569.66015625,83353.8515625
1834.0092372894287,2,4408.6,19478.94140625,83353.8515625
1835.0280327796936,2,797.9,8107.1796875,85401.8671875
1836.0355279445648,2,1940.3,8786.97265625,83353.8515625
1837.044240951538,2,2317.3,10111.03125,83353.8515625
1838.0552418231964,2,4284.8,13367.1796875,83353.8515625
1839.074250459671,2,4447.4,15614.01171875,83353.8515625
1840.0952126979828,2,4398.4,16159.4296875,83353.8515625
1841.1072452068329,2,3739.5,16783.04296875,83353.8515625
1842.1202480793,2,3373.0,16867.64453125,83353.8515625
1843.1409509181976,2,2711.4,17210.33203125,83353.8515625
1844.1512422561646,2,4307.3,18705.1328125,83353.8515625
1845.169240951538,2,2334.8,19178.765625,83353.8515625
1846.1780591011047,2,2478.7,19359.53515625,83353.8515625
1847.188053369522,2,3698.5,19540.984375,83353.8515625
1848.1969718933105,2,637.2,9318.06640625,85401.8671875
1849.2044658660889,2,2153.0,8722.5625,83353.8515625
1850.2132620811462,2,3180.3,11716.62109375,83353.8515625
1851.2242403030396,2,4227.0,13392.49609375,83353.8515625
1852.243251800537,2,4501.0,16968.5546875,83353.8515625
1853.264015197754,2,4147.2,16503.8359375,83353.8515625
1854.2722585201263,2,3740.5,16745.8125,83353.8515625
1855.2875645160675,2,3044.8,16989.49609375,83353.8515625
1856.3000025749207,2,3421.6,17590.91796875,83353.8515625
1857.3112425804138,2,4280.0,18772.2890625,83353.8515625
1858.3297667503357,2,1633.4,19134.1484375,83353.8515625
1859.3362395763397,2,3133.8,19334.359375,83353.8515625
1860.345953464508,2,2897.0,19517.7890625,83353.8515625
1861.353348493576,2,813.3,8025.16015625,83353.8515625
1862.3622448444366,2,2367.1,8786.4375,83353.8515625
1863.3926815986633,2,3636.7,12740.0,83353.8515625
1864.404247045517,2,4277.0,13370.015625,83353.8515625
1865.4262511730194,2,4438.1,15844.2734375,83353.8515625
1866.4382474422455,2,4159.8,16580.8671875,83353.8515625
1867.4582583904266,2,3473.7,16772.625,83353.8515625
1868.4832484722137,2,2973.7,17109.703125,83353.8515625
1869.503855228424,2,3631.8,18081.27734375,83353.8515625
1870.5145795345306,2,3800.3,19363.796875,83353.8515625
1871.5262563228607,2,1305.7,19187.4375,83353.8515625
1872.5332417488098,2,3948.3,19460.1484375,83353.8515625
1873.5434963703156,2,2072.2,19698.421875,83353.8515625
1874.550952911377,2,1236.8,8327.73046875,83353.8515625
1875.5597586631775,2,2733.3,8846.31640625,83353.8515625
1876.5842425823212,2,3492.7,13177.75390625,83353.8515625
1877.6032519340515,2,4382.6,14328.25390625,83353.8515625
1878.624263048172,2,4388.8,14294.78515625,83353.8515625
1879.6402406692505,2,4176.9,16592.36328125,83353.8515625
1880.6609737873077,2,3308.3,16792.05078125,83353.8515625
1881.6682484149933,2,2806.5,16988.73828125,83353.8515625
1882.6792380809784,2,4088.7,18350.05859375,83353.8515625
1883.6912422180176,2,3199.4,19202.58203125,83353.8515625
1884.702249288559,2,1486.4,19234.73046875,83353.8515625
1885.712506055832,2,4420.1,19372.02734375,83353.8515625
1886.7224934101105,2,1217.2,19750.64453125,83353.8515625
1887.7325356006622,2,1687.7,8562.15234375,83353.8515625
1888.740597486496,2,2381.2,9642.1640625,83353.8515625
1889.7492446899414,2,4109.1,13278.78515625,83353.8515625
1890.767997264862,2,4432.5,15090.18359375,83353.8515625
1891.7895996570587,2,4440.6,15601.25390625,83353.8515625
1892.8013305664062,2,3986.2,16596.44921875,83353.8515625
1893.8102507591248,2,3199.3,16848.453125,83353.8515625
1894.8345181941986,2,2658.5,17088.24609375,83353.8515625
1895.8455729484558,2,4242.9,18730.96484375,83353.8515625
1896.856243610382,2,2721.7,19181.69921875,83353.8515625
1897.8652427196503,2,2004.5,19401.30859375,83353.8515625
1898.8782315254211,2,4341.9,19525.30078125,83353.8515625
1899.8866243362427,2,653.1,8575.93359375,85401.8671875
1900.8940241336823,2,2030.9,8769.796875,83353.8515625
1901.9022767543793,2,2748.9,11317.76953125,83353.8515625
1902.9212391376495,2,4235.5,13402.1875,83353.8515625
1903.9398086071014,2,4506.7,16344.9453125,83353.8515625
1904.9622435569763,2,4184.3,16324.45703125,83353.8515625
1905.980949163437,2,3629.5,16700.2421875,83353.8515625
1907.0067391395569,2,3192.6,16760.10546875,83353.8515625
1908.0140085220337,2,3120.6,17359.4375,83353.8515625
1909.0242416858673,2,4311.5,18658.109375,83353.8515625
1910.0440714359283,2,1863.7,19021.640625,83353.8515625
1911.0552446842194,2,2980.4,19236.61328125,83353.8515625
1912.0653550624847,2,3014.2,19485.2109375,83353.8515625
1913.0728468894958,2,611.1,7985.12109375,83353.8515625
1914.0812397003174,2,2369.5,8810.40234375,83353.8515625
1915.1294648647308,2,3633.3,12643.3828125,83353.8515625
1916.1402513980865,2,4282.1,13374.6640625,83353.8515625
1917.1612522602081,2,4496.9,16157.3046875,83353.8515625
1918.174247264862,2,4138.4,16350.265625,83353.8515625
1919.1942579746246,2,3468.6,16648.5703125,83353.8515625
1920.220247745514,2,2988.6,16935.03515625,83353.8515625
1921.2446558475494,2,3633.5,17842.45703125,83353.8515625
1922.2562417984009,2,3745.1,19041.14453125,83353.8515625
1923.2680218219757,2,1242.6,18961.0625,83353.8515625
1924.275241136551,2,4055.6,19198.37890625,83353.8515625
1925.2874219417572,2,1868.8,19505.48046875,83353.8515625
1926.2955288887024,2,1314.2,8270.30859375,83353.8515625
1927.3042495250702,2,2787.3,8754.6484375,83353.8515625
1928.345477104187,2,3462.8,13177.0625,83353.8515625
1929.353247642517,2,4399.3,14464.75390625,83353.8515625
1930.3780009746552,2,4410.1,14791.8203125,83353.8515625
1931.4172451496124,2,4190.5,16483.43359375,83353.8515625
1932.4339776039124,2,3145.8,16729.53515625,83353.8515625
1933.4542527198792,2,2657.2,16983.828125,83353.8515625
1934.475243806839,2,4182.5,18492.89453125,83353.8515625
1935.4940133094788,2,2929.0,19061.58984375,83353.8515625
1936.504240512848,2,1755.2,19335.15234375,83353.8515625
1937.5207858085632,2,4417.2,19270.6328125,83353.8515625
1938.5389580726624,2,829.4,7939.75,85401.8671875
1939.547238111496,2,1813.8,8366.1328125,83353.8515625
1940.5742666721344,2,3679.6,11447.8046875,83353.8515625
1941.5930380821228,2,4381.7,12603.26953125,83353.8515625
1942.6059002876282,2,3825.7,14436.671875,83353.8515625
1943.6135017871857,2,3095.3,14638.53515625,83353.8515625
1944.623244524002,2,3965.6,15919.61328125,83353.8515625
1945.64195394516,2,1809.9,16103.68359375,83353.8515625
1946.6490802764893,2,4081.8,16375.078125,83353.8515625
1947.6556298732758,2,712.4,9814.37109375,85401.8671875
1948.664265871048,2,2499.3,9899.93359375,83353.8515625
1949.683244228363,2,4165.5,11697.25390625,83353.8515625
1950.7020699977875,2,4297.8,13998.60546875,83353.8515625
1951.7087051868439,2,3740.1,14435.13671875,83353.8515625
1952.7160604000092,2,2910.7,14793.796875,83353.8515625
1953.7282407283783,2,3933.2,16056.32421875,83353.8515625
1954.7381870746613,2,1867.1,16264.08984375,83353.8515625
1955.748883485794,2,3480.9,16456.0703125,83353.8515625
1956.7563009262085,2,932.9,8280.6328125,83353.8515625
1957.7642450332642,2,3151.2,10990.48046875,83353.8515625
1958.7762477397919,2,4241.8,12933.359375,83353.8515625
1959.7972433567047,2,4143.8,14164.73828125,83353.8515625
1960.816023349762,2,3336.0,14402.296875,83353.8515625
1961.8252398967743,2,3436.1,15159.8046875,83353.8515625
1962.8350839614868,2,3114.5,16024.22265625,83353.8515625
1963.8422358036041,2,2611.6,16069.734375,83353.8515625
1964.8513400554657,2,2467.0,16397.41796875,83353.8515625
1965.859682559967,2,1224.1,8344.85546875,83353.8515625
1966.867243051529,2,3716.0,11245.54296875,83353.8515625
1967.8822598457336,2,4379.9,13966.88671875,83353.8515625
1968.897242307663,2,4129.0,14360.48046875,83353.8515625
1969.9092445373535,2,2914.2,14738.1171875,83353.8515625
1970.9302415847778,2,3723.1,15773.15234375,83353.8515625
1971.9487328529358,2,2348.0,16154.1953125,83353.8515625
1972.9582464694977,2,3450.4,16322.171875,83353.8515625
1973.9733929634094,2,1472.5,8597.55859375,85401.8671875
1974.9812412261963,2,2622.2,9255.92578125,83353.8515625
1975.9969041347504,2,3458.4,10180.42578125,83353.8515625
1977.0072417259216,2,3459.7,10642.2265625,83353.8515625
1978.0169324874878,2,1431.4,8426.72265625,83353.8515625
1979.0250816345215,2,3166.7,11334.4765625,83353.8515625
1980.033252954483,2,4327.2,13202.1875,83353.8515625
1981.0542440414429,2,4199.4,14372.63671875,83353.8515625
1982.072986125946,2,3141.5,14596.01953125,83353.8515625
1983.0803990364075,2,3659.8,15357.2421875,83353.8515625
1984.0891931056976,2,2957.7,16185.08203125,83353.8515625
1985.0966546535492,2,2885.8,16220.125,83353.8515625
1986.107573747635,2,2128.7,16528.4609375,83353.8515625
1987.1146445274353,2,1548.9,8699.33984375,83353.8515625
1988.125253200531,2,4327.7,11409.19140625,83353.8515625
1989.1390206813812,2,3713.0,11995.30859375,83353.8515625
1990.1476864814758,2,3472.1,12808.14453125,83353.8515625
1991.156251192093,2,2438.5,13171.51953125,83353.8515625
1992.1698627471924,2,2812.0,13217.84375,83353.8515625
1993.1802399158478,2,1684.9,8878.21484375,83353.8515625
1994.1892504692078,2,4328.9,11282.30859375,83353.8515625
1995.201984167099,2,3681.8,12031.80859375,83353.8515625
1996.2092413902283,2,3475.6,12857.2265625,83353.8515625
1997.22789478302,2,2545.1,13171.015625,83353.8515625
1998.2377576828003,2,2545.6,8266.953125,83353.8515625
1999.2463750839233,2,65.5,5160.58203125,76185.6953125
2000.2540941238403,2,102.2,5053.27734375,76185.6953125
2001.2617554664612,1,0.0,3.96484375,7.5234375
