elapsed_time,nproc,cpu,mem_real,mem_virtual
3.6716461181640625e-05,1,0.0,5.05859375,7.65234375
1.005556583404541,4,0.0,439.87109375,4205.96484375
2.01314115524292,4,100.2,617.81640625,4419.96484375
3.021242380142212,4,99.2,613.74609375,4451.96484375
4.0295867919921875,4,100.2,618.35546875,4451.96484375
5.037549734115601,4,99.2,613.25,4451.96484375
6.045411825180054,4,100.2,620.06640625,4499.96484375
7.053435802459717,4,99.2,616.1484375,4499.96484375
8.061733961105347,4,99.2,610.578125,4499.96484375
9.07024884223938,4,100.0,626.359375,4499.96484375
10.079825401306152,4,100.9,673.796875,4499.96484375
11.090250968933105,4,99.0,721.796875,4555.96484375
12.100715637207031,4,100.0,781.796875,4625.96484375
13.111155986785889,4,99.0,831.796875,4705.96484375
14.121429920196533,4,100.0,887.796875,4801.96484375
15.131465673446655,4,99.9,933.79296875,4801.96484375
16.142165899276733,4,99.9,974.12890625,4801.96484375
17.15302586555481,2,0.0,51.9296875,3427.6875
18.16318988800049,2,97.9,517.5625,4733.21875
19.1739559173584,2,99.9,509.55859375,4733.21875
20.184735536575317,2,100.1,511.55859375,4733.21875
21.193852424621582,2,99.0,513.55859375,4733.21875
22.203691244125366,2,100.1,513.68359375,4733.21875
23.21369504928589,2,2690.7,1426.35546875,8966.6640625
24.225688695907593,2,4766.5,1789.23828125,9376.6640625
25.247695207595825,2,4766.0,2108.40234375,9732.6640625
26.272704124450684,2,4770.9,2263.3203125,9935.1640625
27.297687768936157,2,4764.2,2271.68359375,10001.1484375
28.32259178161621,2,4760.6,2325.09375,10118.1484375
29.34569478034973,2,4764.3,2376.28515625,10195.1484375
30.37363600730896,2,4762.7,2392.80859375,10320.1484375
31.397828102111816,2,4760.0,2704.44921875,10699.1484375
32.42269015312195,2,4760.2,2684.51171875,10768.1484375
33.447694540023804,2,4763.5,2833.625,10975.1484375
34.47268843650818,2,4766.4,2899.921875,11072.1484375
35.49756407737732,2,4761.6,2973.99609375,11198.1484375
36.52269220352173,2,4749.3,2941.53515625,11364.1484375
37.547688007354736,2,4757.9,2985.90625,11438.1484375
38.57268166542053,2,4759.9,2974.10546875,11454.1484375
39.598689556121826,2,4757.8,3060.14453125,11575.1484375
40.62068819999695,2,4756.7,3022.39453125,11667.1484375
41.638700008392334,2,4754.1,3050.02734375,11787.1484375
42.66357469558716,2,4756.2,2977.90234375,11818.1484375
43.68868541717529,2,4755.2,3021.5546875,11922.1484375
44.71368336677551,2,4750.1,3013.5625,11936.1484375
45.738590478897095,2,4759.3,3004.71484375,11961.1484375
46.76369071006775,2,4755.9,3009.59765625,11993.1484375
47.788689851760864,2,4759.8,2997.8125,12055.1484375
48.81361722946167,2,4750.3,3062.7578125,12178.1484375
49.83869385719299,2,4744.9,3076.7109375,12248.1484375
50.863685846328735,2,4752.4,3165.6953125,12290.1484375
51.889686584472656,2,4750.9,3162.78515625,12376.1484375
52.91468572616577,2,4757.8,3142.5,12436.1484375
53.94152760505676,2,4761.4,3140.82421875,12446.1484375
54.96469235420227,2,4757.7,3107.6328125,12482.1484375
55.98854970932007,2,4746.1,3004.33203125,12506.1484375
57.01268529891968,2,4756.0,3038.45703125,12570.1484375
58.03737926483154,2,4759.9,3041.63671875,12606.1484375
59.06169152259827,2,4757.0,3001.5390625,12650.1484375
60.086689472198486,2,4751.0,3055.4765625,12686.1484375
61.111616373062134,2,4751.3,3117.94140625,12762.1484375
62.13568925857544,2,4755.8,3072.21875,12796.1484375
63.14868783950806,2,4758.3,3073.21875,12806.1484375
64.172687292099,2,4759.5,3058.1015625,12822.1484375
65.19668626785278,2,4757.2,3037.1171875,12838.1484375
66.22170066833496,2,4758.7,3085.6328125,12854.1484375
67.24668884277344,2,4762.7,3162.36328125,12880.1484375
68.26968812942505,2,4755.8,3164.16796875,12900.1484375
69.29468894004822,2,4758.3,3156.1640625,12928.1484375
70.31969404220581,2,4759.1,3199.3046875,13016.1484375
71.34469270706177,2,4756.1,3356.6015625,13110.1484375
72.36968660354614,2,4750.2,3353.8203125,13174.1484375
73.39468598365784,2,4749.5,3308.41015625,13174.1484375
74.41969347000122,2,4754.7,3271.87890625,13210.1484375
75.44369196891785,2,4758.0,3244.62109375,13266.1484375
76.46868944168091,2,4752.7,3232.11328125,13352.1484375
77.4896879196167,2,4755.5,3240.70703125,13352.1484375
78.50269865989685,2,4747.4,3237.13671875,13404.1484375
79.52669048309326,2,4750.0,3367.1875,13468.1484375
80.55169010162354,2,4753.5,3346.5859375,13504.1484375
81.57668876647949,2,4748.1,3332.52734375,13504.1484375
82.60168886184692,2,4759.1,3318.55859375,13504.1484375
83.62668967247009,2,4751.4,3291.03125,13504.1484375
84.65169072151184,2,4759.6,3308.98828125,13524.1484375
85.67569613456726,2,4752.4,3376.45703125,13538.1484375
86.70054912567139,2,4750.5,3301.50390625,13538.1484375
87.72669196128845,2,4756.9,3261.609375,13562.1484375
88.7515926361084,2,4753.5,3183.47265625,13606.1484375
89.77769184112549,2,4747.0,3192.125,13630.1484375
90.80169200897217,2,4758.0,3193.8046875,13630.1484375
91.8286862373352,2,4746.1,3223.1640625,13726.1484375
92.85068559646606,2,4759.7,3179.88671875,13726.1484375
93.87544989585876,2,4747.1,3120.53125,13738.1484375
94.90069770812988,2,4757.2,3141.8828125,13738.1484375
95.92668986320496,2,4746.6,3233.17578125,13738.1484375
96.95377206802368,2,4758.6,3289.22265625,13738.1484375
97.97769021987915,2,4754.1,3340.90625,13754.1484375
99.00222873687744,2,4758.5,3354.45703125,13754.1484375
100.0257077217102,2,4760.9,3384.51171875,13754.1484375
101.0506842136383,2,4754.9,3375.90625,13754.1484375
102.07549142837524,2,4751.5,3300.66796875,13754.1484375
103.09269094467163,2,4750.2,3304.59375,13768.1484375
104.11669087409973,2,4752.5,3313.86328125,13768.1484375
105.14269232749939,2,4757.5,3269.99609375,13768.1484375
106.16730523109436,2,4758.3,3227.296875,13768.1484375
107.19168710708618,2,4740.3,3125.6484375,13768.1484375
108.21663570404053,2,4753.1,3218.23046875,13768.1484375
109.24068808555603,2,4739.9,3213.171875,13804.1484375
110.25869250297546,2,4752.5,3310.3125,13804.1484375
111.28269815444946,2,4760.0,3352.5234375,13824.1484375
112.30769062042236,2,4760.1,3287.57421875,13852.1484375
113.3326370716095,2,4754.2,3331.75,13852.1484375
114.35669016838074,2,4753.5,3412.35546875,13896.1484375
115.38268828392029,2,4758.0,3542.77734375,13924.1484375
116.3996901512146,2,4746.6,3672.203125,14086.1484375
117.42368173599243,2,4742.5,3613.05859375,14134.1484375
118.43668818473816,2,4739.3,3718.58984375,14158.1484375
119.45369338989258,2,4750.6,3700.828125,14158.1484375
120.478182554245,2,4754.8,3669.671875,14158.1484375
121.502681016922,2,4754.9,3642.5078125,14158.1484375
122.52769231796265,2,4755.0,3640.609375,14158.1484375
123.55169034004211,2,4749.1,3635.921875,14158.1484375
124.57667899131775,2,4751.0,3642.5546875,14182.1484375
125.60169100761414,2,4758.4,3599.1640625,14182.1484375
126.6266884803772,2,4756.7,3596.046875,14206.1484375
127.65168809890747,2,4758.7,3573.9765625,14206.1484375
128.67758297920227,2,4755.8,3548.3046875,14206.1484375
129.70168733596802,2,4745.4,3521.71484375,14216.1484375
130.72659063339233,2,4754.8,3474.85546875,14256.1484375
131.75069785118103,2,4752.1,3391.4375,14256.1484375
132.77627635002136,2,4751.3,3648.52734375,14366.1484375
133.80062198638916,2,4755.1,3664.7578125,14418.1484375
134.82569026947021,2,4754.0,3601.25,14418.1484375
135.85069155693054,2,4760.6,3686.31640625,14450.1484375
136.87669038772583,2,4745.2,3777.71875,14490.1484375
137.90168857574463,2,4755.9,3838.51953125,14490.1484375
138.92568802833557,2,4760.6,3781.16015625,14490.1484375
139.95068883895874,2,4746.6,3729.26953125,14510.1484375
140.97569036483765,2,4752.0,3757.875,14534.1484375
142.00069332122803,2,4744.9,3782.6875,14534.1484375
143.0251579284668,2,4750.7,3702.265625,14534.1484375
144.05403327941895,2,4748.0,3840.90625,14756.1484375
145.06897282600403,2,4750.7,3917.0546875,14950.1484375
146.0936896800995,2,4757.6,3944.89453125,14978.1484375
147.10668969154358,2,4743.3,3902.61328125,14998.1484375
148.13138604164124,2,4756.8,3874.65625,14998.1484375
149.15557837486267,2,4756.9,4001.3828125,15018.1484375
150.1796853542328,2,4744.8,4098.03125,15206.1484375
151.20368885993958,2,4761.2,4261.84375,15258.1484375
152.2287039756775,2,4761.8,4319.3515625,15282.1484375
153.25361728668213,2,4743.3,4367.2890625,15282.1484375
154.27758359909058,2,4741.6,4440.58984375,15306.1484375
155.30282068252563,2,4717.5,4557.28515625,15306.1484375
156.3286895751953,2,4733.1,4507.0234375,15306.1484375
157.3536901473999,2,4736.5,4657.73046875,15406.1484375
158.38077569007874,2,4745.7,4651.59375,15458.1484375
159.40654301643372,2,4733.8,4714.42578125,15534.1484375
160.43068742752075,2,4736.7,4572.13671875,15534.1484375
161.45669627189636,2,4747.4,4596.68359375,15534.1484375
162.48168754577637,2,4748.7,4618.0703125,15564.1484375
163.50256299972534,2,4744.0,4631.16796875,15564.1484375
164.52768898010254,2,4740.7,4581.43359375,15616.1484375
165.55269145965576,2,4748.0,4648.390625,15644.1484375
166.57767963409424,2,4755.0,4955.3359375,15848.1484375
167.60168194770813,2,4749.8,4866.4140625,15848.1484375
168.62769436836243,2,4740.0,4828.91796875,15908.1484375
169.6526927947998,2,4743.4,4812.61328125,15908.1484375
170.67668461799622,2,4732.8,4842.29296875,15908.1484375
171.70264601707458,2,4738.7,4907.26953125,15932.1484375
172.72669053077698,2,4733.1,4768.91015625,15988.1484375
173.7516884803772,2,4725.2,5109.71875,16280.1484375
174.77668690681458,2,4720.7,5219.4453125,16462.1484375
175.80080604553223,2,4731.4,5240.828125,16462.1484375
176.82469415664673,2,4740.5,5209.43359375,16462.1484375
177.85045504570007,2,4739.5,5149.31640625,16462.1484375
178.87469005584717,2,4751.0,5121.44921875,16476.1484375
179.89969038963318,2,4734.6,5092.89453125,16500.1484375
180.9246883392334,2,4728.8,5130.375,16500.1484375
181.94969081878662,2,4729.9,5092.609375,16500.1484375
182.97668957710266,2,4734.0,5003.7421875,16500.1484375
184.00068855285645,2,4743.5,4964.578125,16500.1484375
185.02568650245667,2,4698.0,4983.92578125,16556.1484375
186.05169010162354,2,4741.7,5118.1484375,16616.1484375
187.07769131660461,2,4749.5,5500.7578125,17094.1484375
188.10165309906006,2,4743.5,5629.875,17206.1484375
189.12769055366516,2,4737.5,5710.04296875,17234.1484375
190.15469908714294,2,4730.4,5670.2578125,17234.1484375
191.18769001960754,2,4700.7,5546.6875,17234.1484375
192.21169066429138,2,4723.3,5508.71484375,17250.1484375
193.2371916770935,2,4705.8,5512.5859375,17278.1484375
194.2616903781891,2,4700.3,5533.9453125,17278.1484375
195.28668904304504,2,4719.9,5764.453125,17452.1484375
196.31169199943542,2,4720.7,6089.06640625,17664.1484375
197.3376908302307,2,4717.5,6125.7734375,17704.1484375
198.363689661026,2,4696.3,6178.44140625,17736.1484375
199.38862228393555,2,4651.2,6067.65625,17736.1484375
200.412691116333,2,4717.0,5977.64453125,17736.1484375
201.4376847743988,2,4718.3,5959.64453125,17736.1484375
202.45868730545044,2,4716.6,5945.50390625,17736.1484375
203.4836940765381,2,4723.1,5961.9140625,17824.1484375
204.50868916511536,2,4732.9,5859.12109375,17824.1484375
205.53369617462158,2,4736.3,5771.15234375,17824.1484375
206.5586895942688,2,4718.1,5825.07421875,17876.1484375
207.58369064331055,2,4726.8,5914.56640625,17876.1484375
208.60868644714355,2,4744.7,5921.91796875,17876.1484375
209.63369011878967,2,4726.3,5869.9140625,17908.1484375
210.65869164466858,2,4730.2,5891.1640625,17908.1484375
211.68368983268738,2,4724.6,5896.5703125,17908.1484375
212.7086911201477,2,4737.3,5923.56640625,17908.1484375
213.7333128452301,2,4730.5,5926.1484375,17908.1484375
214.75868821144104,2,4728.0,5911.2734375,17908.1484375
215.7836878299713,2,4701.4,5924.22265625,17928.1484375
216.8076891899109,2,4722.6,5881.6640625,17952.1484375
217.83369708061218,2,4729.3,5860.67578125,17952.1484375
218.85869002342224,2,4715.1,5985.30859375,18076.1484375
219.88368844985962,2,4735.8,6144.921875,18300.1484375
220.90864539146423,2,4734.9,6187.890625,18300.1484375
221.93268179893494,2,4727.1,6186.73046875,18300.1484375
222.9576895236969,2,4691.7,6045.23046875,18300.1484375
223.98268699645996,2,4718.9,6047.09765625,18328.1484375
225.008691072464,2,4727.8,5987.1015625,18328.1484375
226.0246729850769,2,4721.8,5974.84765625,18328.1484375
227.05068826675415,2,4722.1,6131.484375,18392.1484375
228.07465386390686,2,4721.6,6207.5,18496.1484375
229.09868502616882,2,4721.8,6144.60546875,18496.1484375
230.12469124794006,2,4724.6,6261.578125,18496.1484375
231.14961051940918,2,4710.3,6256.875,18496.1484375
232.17504262924194,2,4715.7,6213.26953125,18496.1484375
233.20457220077515,2,4716.7,6380.08984375,18500.1484375
234.22669625282288,2,4702.1,6360.875,18500.1484375
235.2526843547821,2,4698.2,6406.0546875,18532.1484375
236.27767825126648,2,4720.8,6656.02734375,18644.1484375
237.3036892414093,2,4719.1,6488.52734375,18644.1484375
238.31770181655884,2,4718.0,6466.125,18644.1484375
239.3416874408722,2,4736.8,6504.5078125,18688.1484375
240.36669254302979,2,4748.4,6584.36328125,18688.1484375
241.39268732070923,2,4742.3,6522.31640625,18688.1484375
242.41768860816956,2,4737.2,6562.921875,18688.1484375
243.4436855316162,2,4723.3,6480.1640625,18688.1484375
244.4676902294159,2,4740.7,6515.921875,18728.1484375
245.48068952560425,2,4756.7,6652.53515625,18728.1484375
246.5066864490509,2,4751.6,6809.0703125,18768.1484375
247.53127551078796,2,4741.1,6886.15234375,18970.1484375
248.5546886920929,2,4731.2,6834.60546875,19002.1484375
249.57968974113464,2,4739.1,6931.74609375,19002.1484375
250.60568976402283,2,4742.3,6998.2890625,19030.1484375
251.62268710136414,2,4731.9,6932.0859375,19030.1484375
252.64768862724304,2,4739.4,6992.80859375,19030.1484375
253.67368745803833,2,4715.2,7375.17578125,19214.1484375
254.69768238067627,2,4745.8,7871.16015625,19816.1484375
255.72468256950378,2,4733.9,8457.2578125,20200.1484375
256.7496871948242,2,4743.9,8922.42578125,20968.1484375
257.7756941318512,2,4724.0,8977.02734375,21044.1484375
258.7896921634674,2,4729.9,9273.421875,21492.1484375
259.815691947937,2,4722.7,9637.56640625,21616.1484375
260.8406491279602,2,4734.7,9730.91015625,21964.1484375
261.8650155067444,2,4737.2,9616.30859375,21964.1484375
262.8898911476135,2,4695.7,9616.19921875,22088.1484375
263.9146897792816,2,4732.1,9638.75390625,22168.1484375
264.94169068336487,2,4731.0,9679.65234375,22172.1484375
265.9666860103607,2,4739.5,9519.81640625,22172.1484375
266.99369597435,2,4743.7,9693.2890625,22172.1484375
268.0186882019043,2,4721.3,9651.05078125,22172.1484375
269.04464054107666,2,4740.3,9729.265625,22204.1484375
270.06168699264526,2,4735.1,9578.9296875,22296.1484375
271.0876874923706,2,4746.0,9569.09765625,22348.1484375
272.11168384552,2,4746.2,9610.9296875,22400.1484375
273.1376864910126,2,4750.2,9563.47265625,22404.1484375
274.1626868247986,2,4743.1,9537.5546875,22404.1484375
275.18770241737366,2,4747.9,9529.3515625,22496.1484375
276.21481013298035,2,4747.3,9385.796875,22544.1484375
277.2376878261566,2,4737.8,9466.96875,22572.1484375
278.26263451576233,2,4750.9,9445.51171875,22572.1484375
279.2866756916046,2,4742.2,9270.40625,22572.1484375
280.3126928806305,2,4729.0,9224.71875,22572.1484375
281.3366847038269,2,4742.6,9343.171875,22572.1484375
282.3616855144501,2,4738.8,9785.55859375,22700.1484375
283.38669061660767,2,4746.7,9831.828125,22700.1484375
284.4116916656494,2,4743.2,10016.765625,22860.1484375
285.43676495552063,2,4731.0,10077.59765625,22988.1484375
286.4626851081848,2,4718.5,9896.52734375,22988.1484375
287.4876446723938,2,4731.1,9703.51171875,22988.1484375
288.50168657302856,2,4722.4,9810.6640625,23108.1484375
289.52569341659546,2,4703.1,9586.0390625,23108.1484375
290.55168867111206,2,4725.6,9609.7734375,23108.1484375
291.5766885280609,2,4713.4,9758.15234375,23108.1484375
292.60168981552124,2,4737.2,9676.49609375,23108.1484375
293.62665033340454,2,4079.8,9580.24609375,23108.1484375
294.63619470596313,2,3296.7,9608.37109375,23212.1484375
295.6481297016144,2,2830.9,9560.4921875,23400.1484375
296.6602096557617,2,2706.3,9375.30078125,23400.1484375
297.672283411026,2,2680.6,9225.58984375,23400.1484375
298.6843914985657,2,2561.4,8993.8359375,23400.1484375
299.69632506370544,2,2428.2,8935.90625,23400.1484375
300.7081582546234,2,2157.2,9152.171875,23400.1484375
301.7191741466522,2,2086.6,8894.96875,23524.1484375
302.7308588027954,2,2091.0,8878.1171875,23524.1484375
303.74134516716003,2,2092.9,8951.37890625,23740.1484375
304.7519187927246,2,2090.0,8858.8203125,23892.1484375
305.762455701828,2,2018.5,8723.70703125,23892.1484375
306.7741026878357,2,1919.8,8781.74609375,24016.1484375
307.78462314605713,2,1712.0,8638.53125,24104.1484375
308.7945294380188,2,1695.4,8631.2890625,24104.1484375
309.80429100990295,2,1641.4,8447.7734375,24104.1484375
310.8138167858124,2,1598.2,8402.62890625,24104.1484375
311.8230483531952,2,1507.0,8148.75390625,24104.1484375
312.832307100296,2,1496.4,8043.6171875,24104.1484375
313.84205293655396,2,1438.7,7826.29296875,24104.1484375
314.8519959449768,2,1300.1,7827.5390625,24104.1484375
315.8611071109772,2,1300.3,7653.2890625,24104.1484375
316.8700885772705,2,1293.7,7597.37890625,24104.1484375
317.87881541252136,2,1135.3,7450.8203125,24104.1484375
318.8881974220276,2,1100.5,7293.75390625,24104.1484375
319.8968069553375,2,1101.7,7142.0078125,24104.1484375
320.90526723861694,2,1101.3,6960.15234375,24104.1484375
321.91404724121094,2,970.7,6764.94140625,24104.1484375
322.92258048057556,2,901.3,6631.3359375,24104.1484375
323.93116545677185,2,654.1,6473.16796875,24104.1484375
324.9385793209076,2,502.1,6373.71484375,24104.1484375
325.94638895988464,2,474.9,6417.44921875,24104.1484375
326.9549882411957,2,320.6,6206.51171875,24104.1484375
327.9623992443085,2,302.5,6069.11328125,24104.1484375
328.97069120407104,2,305.5,5960.33984375,24104.1484375
329.97884917259216,2,306.4,5739.8828125,24104.1484375
330.9874517917633,2,226.9,5604.96875,24104.1484375
331.99660754203796,2,204.4,5486.20703125,24104.1484375
333.00458002090454,2,203.8,5373.96875,24104.1484375
334.01051902770996,2,205.2,5232.69921875,24104.1484375
335.01932549476624,2,204.9,5162.26171875,24104.1484375
336.02977752685547,2,201.7,5096.24609375,24104.1484375
337.03637170791626,2,203.1,5003.05078125,24104.1484375
338.0454411506653,2,203.0,4800.2578125,24360.1484375
339.05517578125,2,204.8,4723.63671875,24360.1484375
340.06109285354614,2,204.7,4674.87109375,24360.1484375
341.06754088401794,2,204.4,4634.1171875,24808.1484375
342.0755069255829,2,200.4,4811.33984375,24808.1484375
343.08344173431396,2,200.5,4897.26171875,24808.1484375
344.09091687202454,2,199.5,4960.15234375,24808.1484375
345.0983784198761,2,205.4,4470.765625,24808.1484375
346.1063630580902,2,138.9,4283.640625,24808.1484375
347.11401748657227,2,103.2,4255.515625,24808.1484375
348.1213459968567,2,104.9,4220.46875,24808.1484375
349.13178396224976,2,105.0,4154.140625,24808.1484375
350.14097356796265,2,105.9,4038.95703125,24808.1484375
351.1515529155731,2,106.0,3893.90234375,24808.1484375
352.16112518310547,2,105.8,3669.41796875,24808.1484375
353.1722631454468,2,103.9,3598.24609375,24808.1484375
354.1831920146942,2,102.9,3667.546875,24808.1484375
355.19385600090027,2,100.9,3711.8125,24808.1484375
356.2051475048065,2,101.0,3695.51953125,24808.1484375
357.21484780311584,2,100.0,3620.046875,24808.1484375
358.2248475551605,2,101.0,3706.015625,24808.1484375
359.23514318466187,2,103.0,3448.83984375,24808.1484375
360.24442315101624,2,100.0,3426.28515625,24808.1484375
361.2545156478882,2,102.0,3411.15625,24808.1484375
362.26477336883545,2,101.0,3392.77734375,24808.1484375
363.27449893951416,2,101.9,3379.9375,24808.1484375
364.2857074737549,2,99.9,3481.58984375,24808.1484375
365.29646730422974,2,100.0,3410.7109375,24808.1484375
366.3069078922272,2,101.0,3410.7109375,24808.1484375
367.31670355796814,2,101.1,3384.28515625,24808.1484375
368.32606840133667,2,100.9,3366.734375,24808.1484375
369.33686423301697,2,100.0,3353.5234375,24808.1484375
370.34677171707153,2,102.0,3340.1484375,24808.1484375
371.35621452331543,2,100.9,3326.58984375,24808.1484375
372.3666846752167,2,99.9,3436.25390625,24808.1484375
373.37740564346313,2,99.9,3356.33984375,24808.1484375
374.38822317123413,2,100.0,3355.96484375,24808.1484375
375.39775824546814,2,101.0,3355.96484375,24808.1484375
376.407564163208,2,100.0,3340.27734375,24808.1484375
377.41767597198486,2,99.9,3389.23828125,24808.1484375
378.42830538749695,2,99.9,3410.81640625,24808.1484375
379.4391233921051,2,99.9,3506.328125,24808.1484375
380.45027446746826,2,100.9,3501.7578125,24808.1484375
381.46079301834106,2,100.0,3488.12890625,24808.1484375
382.47099113464355,2,100.9,3358.890625,24808.1484375
383.4818260669708,2,100.0,3359.484375,24808.1484375
384.492164850235,2,100.9,3353.94140625,24808.1484375
385.5030777454376,2,102.0,3339.671875,24808.1484375
386.51258969306946,2,101.0,3324.41796875,24808.1484375
387.5228250026703,2,99.0,3295.58984375,24808.1484375
388.53317737579346,2,288.5,2844.01171875,24808.1484375
389.54872131347656,2,538.6,3182.1875,24952.15625
390.5606138706207,2,106.8,3066.8984375,25048.2265625
391.57179379463196,2,107.9,3007.30859375,25160.2421875
392.5823655128479,2,367.0,3248.25390625,26472.2421875
393.5931580066681,2,2001.1,3873.921875,29544.26953125
394.6045677661896,2,1280.3,6466.08984375,32104.31640625
395.6142768859863,2,1281.5,3670.75,38912.2734375
396.6248276233673,2,3582.5,4810.6015625,45056.2734375
397.6376781463623,2,4616.4,6456.15234375,45056.2734375
398.6575791835785,2,3138.2,6828.87890625,45056.2734375
399.66836428642273,2,2420.8,6906.10546875,45056.2734375
400.6808271408081,2,1055.0,4047.54296875,45056.2734375
401.6926763057709,2,3538.2,5795.515625,45056.2734375
402.7126805782318,2,4575.8,7450.23046875,45056.2734375
403.73248052597046,2,3684.9,7760.1171875,45056.2734375
404.7396800518036,2,3783.9,8356.12890625,45056.2734375
405.75778460502625,2,2126.4,8440.0390625,45056.2734375
406.7685761451721,2,3593.0,8524.23046875,45056.2734375
407.77568459510803,2,1077.4,3419.23046875,43008.2421875
408.79567408561707,2,4782.7,3241.01171875,43008.2421875
409.81317496299744,2,4725.3,3189.3046875,43008.2421875
410.8316776752472,2,4231.5,3300.1953125,43008.2421875
411.850120306015,2,4732.1,3237.5390625,43008.2421875
412.86853861808777,2,3139.2,5190.30859375,47104.2890625
413.8767297267914,2,812.9,3185.640625,43008.2421875
414.8853991031647,2,101.2,3158.3125,43008.2421875
415.89319038391113,2,96.1,3166.6875,43010.26171875
416.9024577140808,2,128.1,3738.09765625,43010.26171875
417.9098393917084,2,100.1,4122.921875,43010.26171875
418.9184274673462,4,39.7,4385.20703125,43260.75
419.927197933197,4,99.2,4612.91015625,43510.8359375
420.9354763031006,4,101.2,4827.79296875,43749.95703125
421.9438707828522,4,100.2,5020.89453125,43968.46875
422.9514949321747,4,100.2,5343.19140625,44299.62890625
423.95980882644653,4,100.3,5695.8828125,44664.046875
424.9667971134186,4,100.2,6049.27734375,45028.20703125
425.974440574646,4,100.3,6413.02734375,45391.70703125
426.98145055770874,4,100.1,6777.15234375,45756.125
427.9904339313507,4,99.1,7142.02734375,46121.1875
429.00002241134644,4,100.0,7507.27734375,46486.25
430.00978231430054,4,99.0,7871.40234375,46850.15234375
431.02028799057007,4,100.0,8235.52734375,47214.44140625
432.02998518943787,4,102.1,8598.1328125,47579.76171875
433.0389382839203,4,99.0,8963.0078125,47944.6953125
434.0487976074219,4,101.1,9327.5078125,48308.85546875
435.05799531936646,4,99.0,9690.05859375,48674.3046875
436.0682339668274,4,100.0,10056.43359375,49040.52734375
437.0783007144928,4,100.1,10421.30859375,49405.4609375
438.08735871315,4,99.9,10786.18359375,49770.265625
439.0980575084686,4,99.1,11150.68359375,50134.94140625
440.10750794410706,4,101.1,11516.30859375,50500.51953125
441.1165728569031,4,100.0,11881.18359375,50865.32421875
442.12682032585144,4,99.1,12244.93359375,51228.96875
443.1359055042267,4,100.1,12609.43359375,51593.515625
444.1452612876892,4,100.1,12974.30859375,51958.44921875
445.15436148643494,4,99.1,13338.05859375,52322.22265625
446.1631715297699,4,100.1,13700.68359375,52684.70703125
447.1726894378662,4,99.9,14065.18359375,53049.3828125
448.18373131752014,4,100.0,14329.55859375,53313.76953125
449.19363832473755,4,101.0,14383.93359375,53368.296875
450.20372247695923,4,99.0,14688.8203125,53740.84375
451.21421575546265,4,100.0,14647.51171875,53631.4765625
452.22443652153015,5,0.0,4296.578125,43554.3828125
453.23587012290955,5,99.9,4539.546875,43775.7421875
454.24713921546936,2,79.2,3319.80078125,43522.27734375
455.25767993927,2,2132.6,4907.18359375,46082.33984375
456.2686779499054,2,4555.8,5090.75,48130.37109375
457.2946779727936,2,4540.6,5140.71875,48130.37109375
458.31294798851013,2,2313.0,5677.37109375,50178.40234375
459.3210549354553,2,99.2,6103.80859375,50178.40234375
460.32894468307495,2,101.2,6453.5625,50206.40234375
461.33697271347046,4,14.9,6826.27734375,50590.1796875
462.3456931114197,4,100.1,7170.09765625,50934.23828125
463.35469675064087,4,100.2,7519.97265625,51283.83203125
464.36282896995544,4,99.2,7865.22265625,51632.0234375
465.371111869812,4,100.2,8219.59765625,51986.2578125
466.3789875507355,4,101.2,8553.91015625,52326.95703125
467.3873028755188,4,99.3,8892.16015625,52665.3359375
468.39484095573425,4,100.2,9219.91015625,52992.88671875
469.403080701828,4,100.1,9542.6171875,53315.69921875
470.41225814819336,4,99.0,9883.4921875,53656.3984375
471.42211151123047,4,100.9,10223.2421875,53996.1953125
472.4326047897339,4,99.0,10609.4921875,54382.26953125
473.44300866127014,4,101.0,10994.6171875,54767.44140625
474.452570438385,4,98.9,11380.8671875,55153.90234375
475.46336007118225,4,100.9,11768.2421875,55541.265625
476.4744701385498,4,100.1,12152.21484375,55926.6953125
477.48368883132935,4,99.1,12537.71484375,56312.25390625
478.49293208122253,4,100.0,12924.33984375,56698.71484375
479.50284242630005,4,100.0,13308.71484375,57083.62890625
480.51263093948364,4,99.1,13694.21484375,57468.80078125
481.52198481559753,4,100.9,14079.33984375,57854.1015625
482.53270268440247,4,100.1,14465.21484375,58239.66015625
483.5418059825897,4,99.0,14852.21484375,58626.765625
484.55170035362244,4,99.9,15235.6484375,59012.96875
485.5626153945923,4,100.9,15621.8984375,59399.04296875
486.57303953170776,4,100.0,16008.1484375,59785.6328125
487.58331179618835,4,99.0,16395.8984375,60173.125
488.59374022483826,4,100.0,16782.1484375,60559.5859375
489.60325598716736,4,100.0,17167.6484375,60945.015625
490.61286449432373,4,100.0,17554.2734375,61331.734375
491.6225595474243,4,99.0,17941.6484375,61718.83984375
492.6329343318939,4,100.1,18327.1484375,62104.52734375
493.6417679786682,4,100.0,18712.2734375,62489.44140625
494.6518819332123,4,101.0,19097.3984375,62875.0
495.6619713306427,4,100.1,19449.1484375,63226.52734375
496.67125964164734,4,99.0,19550.3984375,63327.84765625
497.6814486980438,4,99.0,19550.3984375,63327.84765625
498.69168615341187,4,99.9,19550.3984375,63327.84765625
499.7029378414154,4,99.9,19550.3984375,63327.84765625
500.7137219905853,4,100.0,19814.01171875,63787.1328125
501.72391414642334,4,99.9,20164.8125,64056.703125
502.7347140312195,4,100.0,20176.8125,64056.703125
503.7446811199188,4,99.9,19946.96875,63724.171875
504.75574564933777,5,0.0,6743.1796875,50972.28125
505.76627707481384,5,98.9,7317.70703125,51457.91796875
506.77771377563477,5,99.8,7380.2265625,51545.5703125
507.78924345970154,2,73.3,5473.90625,50911.28125
508.79924631118774,2,100.0,5730.04296875,50911.2578125
509.8097434043884,2,825.0,6829.453125,50399.25
510.8218791484833,2,169.5,6987.42578125,50399.25
511.8308391571045,2,217.1,6998.6015625,50399.25
512.8398683071136,2,762.6,7041.859375,50399.25
513.8521876335144,2,1795.0,11159.91796875,50399.25
514.8639059066772,2,4212.9,13344.07421875,50399.25
515.8854837417603,2,4436.7,13990.796875,50399.25
516.9026818275452,2,4586.5,14332.6796875,50399.25
517.9242031574249,2,3801.8,14607.56640625,50399.25
518.9386777877808,2,3873.8,14693.10546875,50399.25
519.9490382671356,2,2947.1,15307.2578125,50399.25
520.9588770866394,2,2332.4,15267.2421875,50399.25
521.9680895805359,2,3444.4,15330.0859375,50399.25
522.9806768894196,2,1015.6,7927.1875,50399.25
523.9890630245209,2,200.6,8011.1875,50399.25
524.9962413311005,2,328.6,7786.5625,50399.25
526.0036354064941,2,1323.0,7520.54296875,50399.25
527.0768296718597,2,1002.8,10253.30078125,50399.25
528.0846781730652,2,4168.8,13017.79296875,50399.25
529.1036891937256,2,4632.2,14786.0,50399.25
530.1279792785645,2,4500.6,14486.5703125,50399.25
531.1466200351715,2,3318.5,14812.28125,50399.25
532.1556763648987,2,3934.7,15210.09765625,50399.25
533.174064874649,2,2389.1,15471.359375,50399.25
534.1816787719727,2,1977.8,15423.64453125,50399.25
535.192225933075,2,3292.5,15457.25390625,50399.25
536.1998083591461,2,1281.6,8848.05078125,50623.25
537.2078769207001,2,881.9,8174.421875,50623.25
538.2177360057831,2,1413.8,7940.8984375,50623.25
539.2249341011047,2,1699.5,10691.30859375,50623.25
540.2436780929565,2,4515.8,12329.25390625,50623.25
541.2620344161987,2,4538.1,12783.30078125,50623.25
542.2756893634796,2,4153.5,13937.15234375,50623.25
543.286717414856,2,4239.7,14711.06640625,50623.25
544.3273530006409,2,4403.9,14043.890625,50623.25
545.3345448970795,2,2765.1,14276.3203125,50623.25
546.3417978286743,2,2951.1,14219.4453125,50623.25
547.3523569107056,2,1418.8,7738.5546875,50623.25
548.3608319759369,2,1219.1,8580.98046875,50623.25
549.3682081699371,2,1633.2,7990.421875,50623.25
550.3757319450378,2,1081.2,8347.19921875,50623.25
551.384682893753,2,2982.5,12209.8125,50623.25
552.4036862850189,2,4591.4,12827.59375,50623.25
553.4246802330017,2,4524.6,13925.58203125,50623.25
554.4437284469604,2,3963.4,14808.53515625,50623.25
555.477530002594,2,4659.6,13926.92578125,50623.25
556.4866807460785,2,3497.9,14369.35546875,50623.25
557.4939115047455,2,2686.6,14168.37890625,50623.25
558.5014731884003,2,3184.2,14275.890625,50623.25
559.5098261833191,2,1182.6,8365.1796875,50623.25
560.5186784267426,2,940.4,8093.1953125,50623.25
561.5364117622375,2,1122.3,7974.09765625,50623.25
562.5440390110016,2,1217.8,10392.1875,50623.25
563.5566761493683,2,4502.9,12329.5390625,50623.25
564.5756874084473,2,4636.7,13638.6015625,50623.25
565.5999400615692,2,4322.8,13913.59765625,50623.25
566.6094570159912,2,4094.9,14751.2578125,50623.25
567.6500709056854,2,4466.7,13946.62109375,50623.25
568.6636824607849,2,2923.5,14312.28125,50623.25
569.6836774349213,2,2669.6,14342.703125,50623.25
570.6981587409973,2,2327.6,7407.109375,51135.2578125
571.7058839797974,2,1160.8,8518.15625,50879.25
572.7130570411682,2,1088.0,8034.47265625,50879.25
573.7212438583374,2,1240.2,7887.76171875,50879.25
574.7292013168335,2,2127.7,11336.44140625,50879.25
575.7486758232117,2,4552.4,12430.94140625,50879.25
576.7670187950134,2,4546.3,13013.62890625,50879.25
577.7800557613373,2,4123.4,14210.09375,50879.25
578.7897288799286,2,4274.2,14901.609375,50879.25
579.8316783905029,2,4466.1,14276.921875,50879.25
580.8426797389984,2,2844.6,14567.5625,50879.25
581.8646850585938,2,2709.3,14572.24609375,50879.25
582.879644870758,2,2234.2,7683.78515625,51391.2578125
583.8869984149933,2,1200.4,8666.16796875,50879.25
584.8942179679871,2,1102.9,8193.45703125,50879.25
585.9014670848846,2,1337.6,7972.77734375,50879.25
586.9117262363434,2,2329.0,10941.609375,50879.25
587.9482154846191,2,4489.1,11701.85546875,50879.25
588.9616751670837,2,4568.1,12909.5,50879.25
589.9765617847443,2,3925.1,13653.28125,50879.25
590.9837076663971,2,4517.0,14378.0625,50879.25
592.0250577926636,2,4086.9,14098.1015625,50879.25
593.0321426391602,2,2591.2,14000.11328125,50879.25
594.0394432544708,2,3382.0,13980.9453125,50879.25
595.0501375198364,2,890.4,8498.78125,50879.25
596.0562922954559,2,1329.9,8463.51953125,50879.25
597.0654802322388,2,1594.7,8172.71484375,50879.25
598.0737586021423,2,1015.6,8532.69140625,50879.25
599.0819780826569,2,3415.1,11663.46484375,50879.25
600.1006844043732,2,4590.4,12586.6015625,50879.25
601.1206858158112,2,4500.8,13610.9453125,50879.25
602.1397168636322,2,3893.7,14434.21875,50879.25
603.1812617778778,2,4468.1,13593.07421875,50879.25
604.1908092498779,2,3229.6,14087.78125,50879.25
605.1995983123779,2,2547.0,13838.453125,50879.25
606.2073912620544,2,3100.4,14011.2734375,50879.25
607.2139661312103,2,1420.3,8569.9140625,50879.25
608.2223505973816,2,740.7,8255.4453125,50879.25
609.2307834625244,2,1163.0,8106.80859375,50879.25
610.2385318279266,2,1535.2,10032.375,50879.25
611.2506768703461,2,4501.6,11634.30859375,50879.25
612.2689394950867,2,4533.1,12444.05859375,50879.25
613.2813763618469,2,4202.2,13598.49609375,50879.25
614.2908346652985,2,4183.0,14400.70703125,50879.25
615.3318068981171,2,4486.6,13657.7734375,50879.25
616.342681646347,2,2822.8,13943.8515625,50879.25
617.3626186847687,2,2705.4,13855.22265625,50879.25
618.3742818832397,2,2325.8,7569.0625,51391.2578125
619.3819081783295,2,1437.6,9223.5,50879.25
620.3898780345917,2,879.1,8202.4609375,50879.25
621.3966791629791,2,1410.6,7990.41015625,50879.25
622.4281184673309,2,1504.7,10861.28515625,50879.25
623.4396460056305,2,4496.7,12510.0078125,50879.25
624.4586908817291,2,4608.7,14050.9375,50879.25
625.4721384048462,2,4366.8,14243.22265625,50879.25
626.4797220230103,2,4079.5,15098.59375,50879.25
627.5216131210327,2,4445.7,14360.22265625,50879.25
628.5325827598572,2,2948.8,14710.796875,50879.25
629.5426759719849,2,2539.7,14670.13671875,50879.25
630.5513021945953,2,2905.6,14702.26171875,50879.25
631.55823969841,2,1561.0,8885.79296875,50879.25
632.5665118694305,2,835.3,7840.7109375,50879.25
633.5734207630157,2,1490.3,9665.1796875,50879.25
634.5827386379242,2,3296.5,13122.48828125,50879.25
635.618679523468,2,4583.5,13712.58203125,50879.25
636.6381387710571,2,4539.7,14973.140625,50879.25
637.6514201164246,2,4355.1,14465.6875,50879.25
638.6607222557068,2,4105.6,15504.421875,50879.25
639.7025682926178,2,4634.7,15459.3046875,50879.25
640.743212223053,2,4444.5,14686.8046875,50879.25
641.7556807994843,2,3014.9,15094.15625,50879.25
642.7776865959167,2,2759.1,15140.80078125,50879.25
643.7880916595459,2,2771.0,15270.24609375,50879.25
644.7970912456512,2,1549.4,7183.05078125,50879.25
645.803884267807,2,2802.1,12489.87890625,50879.25
646.8381435871124,2,4559.5,12967.0234375,50879.25
647.8565800189972,2,4259.9,12556.625,50879.25
648.8747253417969,2,4254.7,13460.51171875,50879.25
649.916718006134,2,4672.5,13413.91015625,50879.25
650.958034992218,2,4581.4,12683.515625,50879.25
651.9708626270294,2,2877.3,13066.12890625,50879.25
652.9789364337921,2,2478.8,13352.60546875,50879.25
653.9870390892029,2,1656.4,7459.41015625,50879.25
654.9965488910675,2,2184.9,11317.16796875,50879.25
656.0376768112183,2,4536.2,12799.0703125,50879.25
657.0560312271118,2,4381.4,12227.0078125,50879.25
658.0717222690582,2,4156.1,13412.03515625,50879.25
659.1077175140381,2,4671.8,13406.91015625,50879.25
660.1450567245483,2,4588.7,12636.45703125,50879.25
661.1566822528839,2,3026.8,13122.328125,50879.25
662.1757001876831,2,2916.1,13336.37890625,50879.25
663.1830484867096,2,389.1,7077.65234375,50879.25
664.1905746459961,2,1290.2,7822.45703125,50879.25
665.1981244087219,2,959.0,7405.36328125,50879.25
666.2138810157776,2,2511.0,9156.53125,50879.25
667.2253849506378,2,4458.1,10728.23046875,50879.25
668.2359554767609,2,4556.5,12340.82421875,50879.25
669.2487223148346,2,4091.8,13283.109375,50879.25
670.2897155284882,2,4444.6,14021.65234375,50879.25
671.3258476257324,2,3420.0,13887.88671875,50879.25
672.3333277702332,2,2418.5,13762.796875,50879.25
673.339827299118,2,3185.5,13767.296875,50879.25
674.3478274345398,2,401.8,7613.41015625,50879.25
675.3556790351868,2,1357.3,8318.68359375,50879.25
676.370255947113,2,918.5,7789.35546875,50879.25
677.3782858848572,2,2992.8,9560.92578125,50879.25
678.3970642089844,2,4460.7,11098.4609375,50879.25
679.4196765422821,2,4535.8,12947.61328125,50879.25
680.4387304782867,2,4251.5,13047.77734375,50879.25
681.4809350967407,2,4019.3,13045.46875,50879.25
682.4896805286407,2,3156.7,13443.22265625,50879.25
683.5094034671783,2,2688.3,13472.328125,50879.25
684.5205340385437,2,2097.2,7394.98046875,50879.25
685.5283806324005,2,1494.4,9314.58203125,50879.25
686.5387642383575,2,716.9,8140.6796875,50879.25
687.5476820468903,2,1344.4,7872.23828125,50879.25
688.5627036094666,2,3190.4,9845.390625,50879.25
689.5756876468658,2,4448.0,11133.70703125,50879.25
690.5964436531067,2,4473.2,12592.54296875,50879.25
691.6098439693451,2,3852.3,12951.0234375,50879.25
692.6167058944702,2,3864.5,13051.19921875,50879.25
693.6269247531891,2,3022.9,13541.51171875,50879.25
694.635589838028,2,2155.9,13490.70703125,50879.25
695.6458296775818,2,3041.3,13636.9140625,50879.25
696.654242515564,2,1513.3,8575.2578125,50879.25
697.6632969379425,2,625.3,8162.69921875,50879.25
698.670717716217,2,1157.0,7873.0,50879.25
699.6784870624542,2,2388.7,8773.765625,50879.25
700.6869924068451,2,3731.7,11150.2109375,50879.25
701.6986849308014,2,4514.3,12546.1953125,50879.25
702.723961353302,2,4445.9,13203.05078125,50879.25
703.7366826534271,2,4396.2,14723.375,50879.25
704.7555072307587,2,3485.5,15117.75,50879.25
705.7792615890503,2,3871.2,15576.61328125,50879.25
706.798680305481,2,2709.5,16159.78515625,51231.25
707.8151934146881,2,1925.2,15975.24609375,51231.25
708.8228230476379,2,3769.1,16324.96484375,51231.25
709.8310177326202,2,645.1,7496.39453125,51231.25
710.8385713100433,2,1507.6,9289.19921875,51231.25
711.8470485210419,2,779.6,8124.58984375,51231.25
712.8563115596771,2,1219.5,7858.94140625,51231.25
713.8649339675903,2,2741.2,9400.91796875,51231.25
714.8776791095734,2,4436.6,11004.1796875,51231.25
715.8966870307922,2,4604.9,13654.14453125,51231.25
716.9220895767212,2,4402.1,14315.09765625,51231.25
717.9403553009033,2,4113.4,14635.49609375,51231.25
718.9501631259918,2,3489.6,14874.49609375,51231.25
719.960711479187,2,3323.4,15876.1484375,51231.25
720.9707474708557,2,2255.6,15778.33984375,51231.25
721.9816765785217,2,3355.1,15946.15234375,51231.25
722.9920079708099,2,1452.3,16259.765625,51231.25
723.9993362426758,2,1456.1,8717.8984375,51231.25
725.0103008747101,2,795.7,8173.6796875,51231.25
726.0181849002838,2,985.5,8022.953125,51231.25
727.0258107185364,2,2387.8,7854.5625,51231.25
728.0676798820496,2,3556.4,10419.3046875,51231.25
729.0866856575012,2,4617.2,12949.65234375,51231.25
730.1108429431915,2,4374.0,13086.68359375,51231.25
731.1266815662384,2,3733.0,13318.44921875,51231.25
732.1463189125061,2,3736.2,14019.36328125,51231.25
733.1546127796173,2,2360.5,13809.98046875,51231.25
734.1603529453278,2,3521.0,13876.7109375,51231.25
735.168675661087,2,793.7,8815.6640625,51231.25
736.1851770877838,2,1416.2,8343.5234375,51231.25
737.1920766830444,2,1160.7,8176.2265625,51231.25
738.2008831501007,2,2723.9,8360.87890625,51231.25
739.2086796760559,2,3754.8,10739.29296875,51231.25
740.226907491684,2,4578.2,13387.140625,51231.25
741.2516801357269,2,4476.0,13167.21875,51231.25
742.2702775001526,2,3912.4,13643.4296875,51231.25
743.281346321106,2,3850.2,13947.44921875,51231.25
744.2917013168335,2,2531.0,14357.125,51231.25
745.3006262779236,2,2231.6,14404.49609375,51231.25
746.3109028339386,2,3019.1,14464.5625,51231.25
747.3190288543701,2,1461.9,8787.26953125,51231.25
748.330801486969,2,808.6,8234.30078125,51231.25
749.338606595993,2,1007.0,8061.625,51231.25
750.3466045856476,2,804.7,7752.52734375,51231.25
751.3531987667084,2,3703.9,10002.64453125,51231.25
752.3636813163757,2,4610.9,11420.41796875,51231.25
753.3887031078339,2,4583.5,12241.140625,51231.25
754.4031507968903,2,4237.9,12918.5234375,51231.25
755.413676738739,2,3660.4,13334.8125,51231.25
756.4237642288208,2,2436.2,13718.05078125,51231.25
757.431791305542,2,2611.3,13812.46875,51231.25
758.4426152706146,2,1943.5,7199.28515625,51231.25
759.4515359401703,2,1521.7,9303.4453125,51231.25
760.4594616889954,2,890.4,8072.75390625,51231.25
761.4680006504059,2,758.2,7967.8203125,51231.25
762.4756062030792,2,2025.9,7763.15625,51231.25
763.5053570270538,2,3700.5,10085.953125,51231.25
764.5186824798584,2,4645.0,12397.51953125,51231.25
765.5436840057373,2,4436.6,12802.63671875,51231.25
766.5636897087097,2,3760.0,13102.1875,51231.25
767.5880184173584,2,3983.7,13576.6875,51231.25
768.5955889225006,2,1883.0,13749.15234375,51231.25
769.6066806316376,2,3416.5,13823.9453125,51231.25
770.6248846054077,2,696.9,8124.1484375,51231.25
771.6334590911865,2,1757.7,8230.64453125,51231.25
772.6409826278687,2,751.6,8049.0,51231.25
773.6494853496552,2,951.2,7912.31640625,51231.25
774.6576857566833,2,2961.3,9019.91796875,51231.25
775.6706826686859,2,4459.3,10730.16796875,51231.25
776.6906843185425,2,4527.1,11321.87890625,51231.25
777.7026767730713,2,4533.5,13005.7890625,51231.25
778.7209706306458,2,3227.6,13390.79296875,51231.25
779.7406373023987,2,3657.1,14002.40625,51231.25
780.7495994567871,2,2012.0,13996.4453125,51231.25
781.7559101581573,2,3551.6,14166.16015625,51231.25
782.7628417015076,2,541.7,8617.66796875,51231.25
783.7708666324615,2,1530.8,8298.58203125,51231.25
784.7788128852844,2,1062.5,8138.45703125,51231.25
785.7876811027527,2,1837.9,7975.75,51231.25
786.8476779460907,2,3595.4,10436.27734375,51231.25
787.8666887283325,2,4548.4,12603.02734375,51231.25
788.887681722641,2,4431.1,13090.98046875,51231.25
789.906191110611,2,3984.6,13269.6484375,51231.25
790.915608882904,2,3870.5,13731.65234375,51231.25
791.9226796627045,2,2251.6,13805.203125,51231.25
792.9326798915863,2,3312.7,13833.6640625,51231.25
793.9430358409882,2,994.8,8448.94140625,51231.25
794.9511654376984,2,1604.9,8568.57421875,51231.25
795.9581172466278,2,792.8,8306.76953125,51231.25
796.9659147262573,2,1235.8,8006.56640625,51231.25
797.9740641117096,2,3467.3,10335.0703125,51231.25
798.9866893291473,2,4433.1,11464.15625,51231.25
800.0109453201294,2,4623.4,13005.90234375,51231.25
801.0281484127045,2,3926.2,13441.3515625,51231.25
802.0417971611023,2,4018.7,13564.45703125,51231.25
803.051839351654,2,2942.5,14042.890625,51231.25
804.0606772899628,2,2373.2,14009.48046875,51231.25
805.080646276474,2,2834.2,8157.8125,51231.25
806.0889093875885,2,1591.3,9003.48828125,51231.25
807.0975244045258,2,626.0,8414.5078125,51231.25
808.1055352687836,2,973.7,8194.53515625,51231.25
809.1140797138214,2,2342.1,8686.515625,51231.25
810.1226823329926,2,3907.0,10849.66796875,51231.25
811.1416938304901,2,4530.6,13084.6328125,51231.25
812.1657745838165,2,4421.5,13370.890625,51231.25
813.1840257644653,2,3727.3,13556.29296875,51231.25
814.1913497447968,2,3918.8,14030.2890625,51231.25
815.1998314857483,2,2259.2,14138.2109375,51231.25
816.2099883556366,2,3223.5,14044.64453125,51231.25
817.2303533554077,2,1255.2,8209.984375,51231.25
818.2379896640778,2,1602.8,9222.54296875,51231.25
819.2456793785095,2,763.1,8397.6015625,51231.25
820.2527930736542,2,1277.5,8161.8984375,51231.25
821.2609434127808,2,2590.3,9727.640625,51231.25
822.2726776599884,2,4430.6,11472.234375,51231.25
823.2926862239838,2,4594.8,13750.17578125,51231.25
824.3179750442505,2,4533.3,14575.2421875,51231.25
825.3312928676605,2,4120.8,15220.86328125,51231.25
826.3426847457886,2,3693.0,15448.76953125,51231.25
827.3688235282898,2,3879.8,16113.03125,51231.25
828.3766763210297,2,2277.1,16271.1875,51231.25
829.3845174312592,2,2333.9,16471.4609375,51231.25
830.397608757019,2,2953.3,16616.34375,51231.25
831.4064729213715,2,615.5,8539.0546875,51231.25
832.4156792163849,2,1721.1,8545.86328125,51615.25
833.4317047595978,2,587.1,8442.94140625,51615.25
834.4399392604828,2,1425.5,8096.9921875,51615.25
835.448682308197,2,2170.9,9310.05078125,51615.25
836.4589965343475,2,4448.8,10830.546875,51615.25
837.4731936454773,2,4552.2,11983.28125,51615.25
838.4846043586731,2,4519.8,13493.578125,51615.25
839.5016865730286,2,3625.0,13744.48046875,51615.25
840.5259153842926,2,3709.1,14349.9609375,51615.25
841.5345613956451,2,2324.2,14186.33984375,51615.25
842.5408296585083,2,3636.4,14226.80859375,51615.25
843.5499889850616,2,623.0,8973.0,51615.25
844.5578882694244,2,1519.2,9233.76171875,51615.25
845.5650036334991,2,686.3,8382.03515625,51615.25
846.5718545913696,2,1277.7,8129.1015625,51615.25
847.5797126293182,2,3077.4,10148.41015625,51615.25
848.6096913814545,2,4444.0,11378.33203125,51615.25
849.634693145752,2,4617.5,12818.97265625,51615.25
850.6476855278015,2,4081.2,13447.89453125,51615.25
851.6568553447723,2,3793.4,13546.140625,51615.25
852.6676807403564,2,3108.8,14037.60546875,51615.25
853.6876780986786,2,2089.4,13943.33984375,51615.25
854.6962387561798,2,3259.2,14061.42578125,51615.25
855.7046782970428,2,1455.0,9186.59375,51615.25
856.7211821079254,2,874.0,8524.78515625,51615.25
857.7280268669128,2,1155.7,8332.8203125,51615.25
858.7366771697998,2,2369.6,8149.49609375,51615.25
859.7856800556183,2,3339.0,11314.03515625,51615.25
860.8046860694885,2,4450.4,12746.34375,51615.25
861.8299162387848,2,4481.1,13299.33984375,51615.25
862.8406798839569,2,4379.1,15065.2109375,51615.25
863.8588328361511,2,3538.2,15251.2109375,51615.25
864.8666849136353,2,4149.0,15826.65625,51615.25
865.885502576828,2,2635.3,16480.9296875,51615.25
866.8939800262451,2,1942.3,16347.60546875,51615.25
867.9026510715485,2,3781.7,16624.31640625,51615.25
868.9108507633209,2,649.1,7673.33203125,51615.25
869.9183211326599,2,1672.0,9432.14453125,51615.25
870.9261155128479,2,629.0,8318.65234375,51615.25
871.9341394901276,2,795.6,8169.6796875,51615.25
872.9426791667938,2,2254.5,7951.6796875,51615.25
873.9576766490936,2,3576.6,10549.9296875,51615.25
874.9776885509491,2,4465.8,12905.03515625,51615.25
875.9966785907745,2,4427.7,13261.0234375,51615.25
877.0067508220673,2,3519.6,13568.73828125,51615.25
878.0152969360352,2,3441.4,14068.9140625,51615.25
879.0248820781708,2,2223.4,13981.90234375,51615.25
880.0331671237946,2,3425.4,14092.10546875,51615.25
881.0419974327087,2,1408.0,9643.44921875,51615.25
882.0592093467712,2,774.2,8815.484375,51615.25
883.0665421485901,2,1118.5,8663.0625,51615.25
884.0741062164307,2,2858.3,11203.45703125,51615.25
885.0936899185181,2,4494.7,12091.078125,51615.25
886.1134378910065,2,4533.5,13515.58203125,51615.25
887.1257245540619,2,4038.7,14961.3046875,51615.25
888.1607098579407,2,4716.7,14860.5625,51615.25
889.2013175487518,2,3581.6,14637.48046875,51615.25
890.2096772193909,2,2495.8,14428.4296875,51615.25
891.2199518680573,2,3225.3,14515.51171875,51615.25
892.2276785373688,2,1327.9,9554.97265625,51615.25
893.2442135810852,2,1314.1,8724.1015625,51615.25
894.2516782283783,2,1666.8,9210.4765625,51615.25
895.2637319564819,2,2742.7,13491.83984375,51615.25
896.2876751422882,2,4569.4,14225.61328125,51615.25
897.3066868782043,2,4628.5,16085.3984375,51615.25
898.3246865272522,2,4327.3,14982.52734375,51615.25
899.3407151699066,2,4175.0,15879.76171875,51615.25
900.3819630146027,2,4670.5,15737.71875,51615.25
901.422369480133,2,4319.1,14943.81640625,51615.25
902.4326977729797,2,3083.8,15411.484375,51615.25
903.4497866630554,2,2692.7,15417.6171875,51615.25
904.4604620933533,2,2539.6,7441.2421875,52127.2578125
905.4686951637268,2,1732.4,9035.8671875,51615.25
906.4776794910431,2,811.5,8478.07421875,51615.25
907.4883043766022,2,1695.1,10342.07421875,51615.25
908.4976823329926,2,4393.9,12412.3828125,51615.25
909.5166850090027,2,4607.2,13922.5,51615.25
910.5426788330078,2,4437.9,14680.8125,51615.25
911.5616962909698,2,4123.8,14737.74609375,51615.25
912.5726838111877,2,4130.4,14663.2109375,51615.25
913.5826864242554,2,3142.8,15119.23046875,51615.25
914.6023688316345,2,2366.8,15020.5859375,51615.25
915.6117668151855,2,3007.0,14990.9375,51615.25
916.6189162731171,2,1689.6,9076.84375,51615.25
917.6292998790741,2,841.0,8559.16796875,51615.25
918.6376202106476,2,1830.1,10450.0390625,51615.25
919.6486821174622,2,4508.0,12069.91015625,51615.25
920.6670243740082,2,4563.2,12812.47265625,51615.25
921.6807260513306,2,4016.8,14654.32421875,51615.25
922.7155961990356,2,4727.0,14507.3125,51615.25
923.7559504508972,2,3713.6,14314.6953125,51615.25
924.7629437446594,2,2431.9,14154.1484375,51615.25
925.7745666503906,2,3012.8,14234.30859375,51615.25
926.7824900150299,2,1315.0,9445.234375,51615.25
927.7931768894196,2,1235.5,8647.96875,51615.25
928.8007318973541,2,1887.9,8831.359375,51615.25
929.8106803894043,2,3141.4,12286.91796875,51615.25
930.8296854496002,2,4597.2,13165.33984375,51615.25
931.8540575504303,2,4376.7,14413.39453125,51615.25
932.8737118244171,2,4151.6,15272.75,51615.25
933.909588098526,2,4197.7,14446.43359375,51615.25
934.9179785251617,2,3232.9,14877.90234375,51615.25
935.9264681339264,2,2595.3,14657.53515625,51615.25
936.9341468811035,2,3050.2,14785.94921875,51615.25
937.9446768760681,2,1607.4,9392.9375,51615.25
938.9570198059082,2,938.5,8904.70703125,51615.25
939.9703135490417,2,1656.3,10591.27734375,51615.25
940.9787201881409,2,3513.3,13594.96484375,51615.25
942.0130605697632,2,4608.1,14324.296875,51615.25
943.0325109958649,2,4521.8,13828.6484375,51615.25
944.0466861724854,2,4295.2,15202.7421875,51615.25
945.0587227344513,2,4412.5,16030.5703125,51615.25
946.0947163105011,2,4651.4,15933.71875,51615.25
947.1363146305084,2,4279.9,15232.51953125,51615.25
948.1463847160339,2,3029.1,15607.109375,51615.25
949.1666753292084,2,2985.6,15724.5703125,51615.25
950.1769256591797,2,1519.1,8126.5390625,51615.25
951.1850528717041,2,1739.5,9374.26953125,51615.25
952.1933898925781,2,1205.4,8599.70703125,51615.25
953.2007050514221,2,2065.1,11971.41015625,51615.25
954.2362163066864,2,4470.5,14298.92578125,51615.25
955.2580623626709,2,4628.0,14871.66015625,51615.25
956.2826778888702,2,4455.9,15089.2734375,51615.25
957.3017134666443,2,4159.2,15980.71875,51615.25
958.3377141952515,2,4666.0,15921.078125,51615.25
959.373706817627,2,4771.6,15873.70703125,51615.25
960.41423869133,2,3383.3,15679.7734375,51615.25
961.4202544689178,2,2819.8,15619.2578125,51615.25
962.4282989501953,2,2997.6,15789.578125,51615.25
963.437703371048,2,1962.6,8340.55078125,51615.25
964.44544672966,2,2579.4,8320.45703125,51615.25
965.4518859386444,2,2537.9,8866.24609375,51615.25
966.4589805603027,2,501.2,7622.7734375,51422.40234375
967.4676733016968,2,2158.0,8500.8671875,51422.40234375
968.5106751918793,2,3069.8,11339.76171875,51422.40234375
969.5286893844604,2,4597.8,13749.03515625,58590.40234375
970.5542516708374,2,4475.6,13188.12109375,58630.40234375
971.5665497779846,2,4307.7,15283.546875,58630.40234375
972.5856997966766,2,3321.9,15615.0,58630.40234375
973.6108930110931,2,3240.0,15823.3671875,58630.40234375
974.6167666912079,2,3204.3,17108.046875,58630.40234375
975.625679731369,2,1650.3,16974.80078125,58630.40234375
976.6426794528961,2,2505.5,17164.890625,58630.40234375
977.6532664299011,2,2662.1,17328.2578125,58630.40234375
978.6628620624542,2,534.8,8003.734375,58630.40234375
979.6707832813263,2,1307.5,8970.6796875,58630.40234375
980.7227036952972,2,3137.3,10995.625,58630.40234375
981.7396805286407,2,4342.1,13027.92578125,58630.40234375
982.758688211441,2,4560.8,16016.0390625,66822.40234375
983.7836849689484,2,4650.3,20873.80859375,66822.40234375
984.8057005405426,2,4338.1,16054.765625,66870.40234375
985.8216755390167,2,4409.6,18768.2734375,66870.40234375
986.8399040699005,2,4298.0,18989.73828125,66870.40234375
987.858695268631,2,3015.6,19326.234375,66870.40234375
988.8839349746704,2,3624.1,19501.65234375,66870.40234375
989.8936891555786,2,4207.0,20354.796875,66870.40234375
990.91193151474,2,1997.0,20825.859375,66870.40234375
991.9209196567535,2,1805.0,20776.41796875,66870.40234375
992.9330384731293,2,1583.5,20992.2578125,66870.40234375
993.9476871490479,2,4566.6,20972.15625,66870.40234375
994.958247423172,2,1044.6,21456.07421875,66870.40234375
995.9681570529938,2,839.6,8364.3671875,66870.40234375
996.9757552146912,2,2650.7,8848.03515625,66870.40234375
997.9818828105927,2,3233.4,12318.61328125,66870.40234375
998.9900870323181,2,4401.9,13521.21875,66870.40234375
1000.0134701728821,2,4686.4,18466.43359375,66870.40234375
1001.034707069397,2,4533.4,15222.04296875,66870.40234375
1002.047634601593,2,4408.6,18353.6328125,66870.40234375
1003.0666787624359,2,4465.0,18565.05078125,66870.40234375
1004.0848672389984,2,3103.7,18971.69921875,66870.40234375
1005.1091980934143,2,3683.0,19065.16015625,66870.40234375
1006.1176798343658,2,4133.9,20256.4140625,66870.40234375
1007.1367437839508,2,1576.6,20249.1015625,66870.40234375
1008.1444687843323,2,1713.5,20270.09765625,66870.40234375
1009.1536777019501,2,2579.9,20489.203125,66870.40234375
1010.1720564365387,2,3292.3,20642.515625,66870.40234375
1011.1803271770477,2,589.9,7563.16015625,66870.40234375
1012.1896770000458,2,1387.0,8756.30859375,66870.40234375
1013.2446873188019,2,3218.9,11198.0234375,66870.40234375
1014.2566814422607,2,4391.1,12674.02734375,66870.40234375
1015.2776868343353,2,4610.2,16685.2265625,66870.40234375
1016.3034694194794,2,4664.5,21825.51171875,66870.40234375
1017.3306846618652,2,4457.4,17766.26953125,66870.40234375
1018.3556904792786,2,4336.7,18369.41015625,66870.40234375
1019.375376701355,2,3581.1,18700.75390625,66870.40234375
1020.4006896018982,2,3471.9,19017.51171875,66870.40234375
1021.426679611206,2,4172.5,19716.9140625,66870.40234375
1022.4451224803925,2,2244.0,20402.578125,66870.40234375
1023.4611723423004,2,1744.5,20327.38671875,66870.40234375
1024.4696779251099,2,1849.5,20336.50390625,66870.40234375
1025.4798216819763,2,4465.2,20630.60546875,66870.40234375
1026.4890105724335,2,667.7,8107.890625,68918.41796875
1027.4969239234924,2,914.9,8774.96875,66870.40234375
1028.5048174858093,2,2423.1,10293.46484375,66870.40234375
1029.513679742813,2,4214.6,12536.54296875,66870.40234375
1030.5326855182648,2,4494.6,14687.0,66870.40234375
1031.5536835193634,2,4695.6,19636.16796875,66870.40234375
1032.5774035453796,2,4509.2,15910.1484375,66870.40234375
1033.5926804542542,2,4412.2,18349.88671875,66870.40234375
1034.610857963562,2,4164.2,18650.44140625,66870.40234375
1035.6186950206757,2,3502.5,19026.26171875,66870.40234375
1036.6435079574585,2,3668.2,19240.37890625,66870.40234375
1037.6537551879883,2,3630.2,20512.0625,66870.40234375
1038.662759065628,2,1466.5,20326.64453125,66870.40234375
1039.6697881221771,2,1722.2,20221.6484375,66870.40234375
1040.6786801815033,2,3058.2,20526.20703125,66870.40234375
1041.6973061561584,2,2753.8,20710.10546875,66870.40234375
1042.7063567638397,2,477.5,7966.74609375,66870.40234375
1043.7137322425842,2,970.7,9244.02734375,66870.40234375
1044.721352815628,2,3477.3,9800.69140625,66870.40234375
1045.7292215824127,2,2906.9,13805.2265625,66870.40234375
1046.7466785907745,2,4366.4,14593.7578125,66870.40234375
1047.765690088272,2,4619.6,18122.83984375,66870.40234375
1048.7906820774078,2,4700.0,23146.33203125,66870.40234375
1049.8156847953796,2,4418.3,17395.90625,77110.40234375
1050.829675912857,2,4420.2,20453.12109375,77110.40234375
1051.8496758937836,2,4505.5,20657.76953125,77110.40234375
1052.8760960102081,2,3178.3,20900.58203125,77110.40234375
1053.8846912384033,2,3483.5,21101.4140625,77110.40234375
1054.911021232605,2,3194.4,21400.4921875,77110.40234375
1055.9216794967651,2,4017.0,22549.41796875,77110.40234375
1056.9296262264252,2,1580.2,22565.96484375,77110.40234375
1057.9364974498749,2,1809.5,22554.859375,77110.40234375
1058.9446773529053,2,1775.0,22750.234375,77110.40234375
1059.954725265503,2,4551.7,22775.515625,77110.40234375
1060.9796316623688,2,838.0,7584.8359375,77110.40234375
1061.987808227539,2,634.4,8860.07421875,77110.40234375
1062.9951283931732,2,1792.6,9544.7734375,77110.40234375
1064.0217978954315,2,2761.2,12013.765625,77110.40234375
1065.0323123931885,2,4468.8,14400.82421875,77110.40234375
1066.0506880283356,2,4478.3,16190.81640625,77110.40234375
1067.076683998108,2,4671.3,20244.22265625,77110.40234375
1068.101348400116,2,4707.4,22677.171875,77110.40234375
1069.1243464946747,2,4418.3,19692.75,77110.40234375
1070.1396861076355,2,4436.8,20450.07421875,77110.40234375
1071.162288427353,2,3614.1,20828.140625,77110.40234375
1072.1696872711182,2,3284.9,21085.796875,77110.40234375
1073.1942212581635,2,3279.3,21099.0546875,77110.40234375
1074.20268201828,2,3983.7,22028.05859375,77110.40234375
1075.2216880321503,2,2386.9,22580.3984375,77110.40234375
1076.230684518814,2,1659.7,22615.2578125,77110.40234375
1077.2472531795502,2,1616.1,22532.87890625,77110.40234375
1078.258374452591,2,3738.7,22691.22265625,77110.40234375
1079.2692534923553,2,2461.0,23019.609375,77110.40234375
1080.2775666713715,2,533.1,7932.19140625,77110.40234375
1081.2848825454712,2,958.7,9239.78515625,77110.40234375
1082.2925810813904,2,3478.9,9917.671875,77110.40234375
1083.3008449077606,2,3030.2,13790.078125,77110.40234375
1084.3126811981201,2,4329.3,14579.01171875,77110.40234375
1085.3311133384705,2,4616.4,18387.52734375,77110.40234375
1086.3566813468933,2,4673.7,23844.44921875,77110.40234375
1087.3813264369965,2,4375.8,17739.28125,77110.40234375
1088.3991959095001,2,4433.6,20506.89453125,77110.40234375
1089.4176845550537,2,4464.0,20720.2265625,77110.40234375
1090.437700510025,2,3162.5,20935.30078125,77110.40234375
1091.4626865386963,2,3596.8,21052.265625,77110.40234375
1092.4777550697327,2,3543.4,21539.5625,77110.40234375
1093.492680311203,2,3636.0,22656.015625,77110.40234375
1094.5061101913452,2,1536.9,22652.85546875,77110.40234375
1095.5139133930206,2,1797.4,22622.3671875,77110.40234375
1096.522688627243,2,2192.7,22865.37890625,77110.40234375
1097.5387177467346,2,4234.9,22961.95703125,77110.40234375
1098.5470724105835,2,650.8,8319.875,79158.41796875
1099.555019378662,2,742.1,9135.796875,77110.40234375
1100.5644147396088,2,2391.0,9533.8515625,77110.40234375
1101.6137115955353,2,2772.8,12836.73046875,77110.40234375
1102.636679649353,2,4417.9,14492.421875,77110.40234375
1103.6548175811768,2,4538.1,16850.46484375,77110.40234375
1104.679681777954,2,4712.3,22066.60546875,77110.40234375
1105.7044339179993,2,4676.1,18114.12890625,77110.40234375
1106.7206959724426,2,4448.9,20293.22265625,77110.40234375
1107.7336785793304,2,4315.7,20617.50390625,77110.40234375
1108.7526803016663,2,3432.7,20935.3203125,77110.40234375
1109.7671401500702,2,3594.2,21091.82421875,77110.40234375
1110.7757396697998,2,3011.6,21256.32421875,77110.40234375
1111.783681154251,2,4371.3,22180.57421875,77110.40234375
1112.8026795387268,2,2014.5,22738.3515625,77110.40234375
1113.8181624412537,2,1784.4,22636.66796875,77110.40234375
1114.8256647586823,2,1410.0,22532.55859375,77110.40234375
1115.8376770019531,2,4377.5,22847.77734375,77110.40234375
1116.8557903766632,2,1700.6,23155.796875,77110.40234375
1117.8617906570435,2,585.7,8396.49609375,77110.40234375
1118.8691215515137,2,950.2,9545.15234375,77110.40234375
1119.8894126415253,2,3246.1,11290.50390625,77110.40234375
1120.8976774215698,2,4023.1,14381.5625,77110.40234375
1121.9166851043701,2,4500.5,14619.375,77110.40234375
1122.9286885261536,2,4656.4,19573.91015625,77110.40234375
1123.9526953697205,2,4687.3,24723.6484375,77110.40234375
1124.977782011032,2,4469.9,19011.65234375,77110.40234375
1126.0026817321777,2,4437.1,20427.78125,77110.40234375
1127.0222640037537,2,4323.2,20622.5546875,77110.40234375
1128.0318186283112,2,3173.9,20834.37890625,77110.40234375
1129.040688276291,2,2920.0,21155.4140625,77110.40234375
1130.065875530243,2,4055.8,21578.7421875,77110.40234375
1131.0763969421387,2,2912.5,22608.74609375,77110.40234375
1132.0846991539001,2,1627.6,22537.76953125,77110.40234375
1133.094850063324,2,1799.7,22489.13671875,77110.40234375
1134.1016778945923,2,2814.6,22697.37109375,77110.40234375
1135.1120655536652,2,3449.2,22920.4921875,77110.40234375
1136.1195952892303,2,587.1,9269.10546875,79158.41796875
1137.1279377937317,2,899.1,9267.98046875,77110.40234375
1138.1356761455536,2,2812.8,9533.52734375,77110.40234375
1139.154112815857,2,2411.2,13290.578125,77110.40234375
1140.1616830825806,2,3830.2,15588.55078125,77110.40234375
1141.1806786060333,2,4380.8,16039.92578125,77110.40234375
1142.1996862888336,2,4609.2,19787.21484375,77110.40234375
1143.224241733551,2,4705.8,25226.1171875,77110.40234375
1144.248293876648,2,4581.3,30548.96875,89454.40234375
1145.2722244262695,2,4261.3,20576.5546875,89454.40234375
1146.2906866073608,2,4614.6,24094.03515625,89454.40234375
1147.3046855926514,2,4355.3,24906.45703125,89454.40234375
1148.3272511959076,2,4318.1,25347.0078125,89454.40234375
1149.3466997146606,2,3596.4,25573.4921875,89454.40234375
1150.3596913814545,2,3654.8,25918.8671875,89454.40234375
1151.3741297721863,2,3831.4,25925.3515625,89454.40234375
1152.38267993927,2,3629.9,26686.171875,89454.40234375
1153.3962144851685,2,3494.6,28327.109375,89454.40234375
1154.4200406074524,2,1747.7,28729.2890625,89454.40234375
1155.4361653327942,2,1727.3,28520.06640625,89454.40234375
1156.4445567131042,2,1677.3,28472.83203125,89454.40234375
1157.4526772499084,2,2947.3,28870.89453125,89454.40234375
1158.4674377441406,2,4386.0,29265.44140625,89454.40234375
1159.4756381511688,2,567.6,29546.20703125,89454.40234375
1160.4832594394684,2,676.5,7923.0,91502.41796875
1161.4927423000336,2,934.7,8563.046875,89454.40234375
1162.5026853084564,2,3194.5,10866.34765625,89454.40234375
1163.5196883678436,2,4341.2,12871.16796875,89454.40234375
1164.5438022613525,2,4646.7,13742.796875,89454.40234375
1165.5570673942566,2,4237.7,15257.953125,89454.40234375
1166.5756990909576,2,3474.0,15539.9921875,89454.40234375
1167.600681066513,2,3520.9,15825.515625,89454.40234375
1168.6120524406433,2,2919.1,16979.734375,89454.40234375
1169.6193535327911,2,1821.7,16861.1015625,89454.40234375
1170.628680229187,2,3360.5,16983.5,89454.40234375
1171.6390359401703,2,1337.3,17331.66796875,89454.40234375
1172.6454508304596,2,963.1,8756.109375,89454.40234375
1173.6536846160889,2,2533.9,10527.9609375,89454.40234375
1174.6726832389832,2,4311.5,11923.89453125,89454.40234375
1175.6916840076447,2,4648.2,17027.71484375,89454.40234375
1176.7158424854279,2,4213.6,15167.375,89454.40234375
1177.7360651493073,2,3630.3,15428.18359375,89454.40234375
1178.7476830482483,2,3400.8,15626.0,89454.40234375
1179.767647743225,2,3592.9,16696.17578125,89454.40234375
1180.7769486904144,2,1568.0,16671.3828125,89454.40234375
1181.786679983139,2,2562.6,16806.5546875,89454.40234375
1182.7972433567047,2,2360.6,17079.44921875,89454.40234375
1183.8049051761627,2,534.2,8271.87109375,89454.40234375
1184.812151670456,2,942.2,9392.8203125,89454.40234375
1185.8194189071655,2,3159.1,10988.95703125,89454.40234375
1186.8275287151337,2,3490.4,14318.6015625,89454.40234375
1187.8396801948547,2,4229.4,15819.87109375,89454.40234375
1188.858687877655,2,4465.1,17902.3125,89454.40234375
1189.8833136558533,2,4623.0,22373.71484375,89454.40234375
1190.9068639278412,2,4591.0,27681.3046875,89454.40234375
1191.9295599460602,2,4545.8,22362.87109375,89454.40234375
1192.941713809967,2,4377.0,23118.19140625,89454.40234375
1193.9676756858826,2,4293.7,24690.33203125,89454.40234375
1194.988942861557,2,4463.3,24913.79296875,89454.40234375
1196.0061168670654,2,3753.5,25288.65625,89454.40234375
1197.0136845111847,2,3346.9,25713.953125,89454.40234375
1198.0380063056946,2,4453.1,25549.8046875,89454.40234375
1199.0556881427765,2,3641.0,26110.109375,89454.40234375
1200.0706803798676,2,4143.6,27465.9375,89454.40234375
1201.083696603775,2,1640.3,28415.58203125,89454.40234375
1202.091902256012,2,1738.2,28303.42578125,89454.40234375
1203.1006832122803,2,1994.4,28156.16015625,89454.40234375
1204.108630657196,2,2232.3,28644.9375,89454.40234375
1205.1206800937653,2,4640.8,28691.74609375,89454.40234375
1206.1308567523956,2,998.7,29264.62109375,89454.40234375
1207.1400837898254,2,795.9,15197.40625,89454.40234375
1208.1476831436157,2,746.6,8966.31640625,89454.40234375
1209.1576828956604,2,2753.3,9492.69921875,89454.40234375
1210.2163021564484,2,2809.5,13253.71484375,89454.40234375
1211.2296781539917,2,4366.5,14333.28125,89454.40234375
1212.2506861686707,2,4611.7,18256.68359375,89454.40234375
1213.2873792648315,2,4656.2,23664.9296875,89454.40234375
1214.3236968517303,2,4364.6,17892.14453125,89454.40234375
1215.3356862068176,2,4452.2,20230.9921875,89454.40234375
1216.358259677887,2,4260.4,20517.5625,89454.40234375
1217.3660707473755,2,3269.8,20732.51953125,89454.40234375
1218.373741865158,2,3788.9,20847.90625,89454.40234375
1219.3836796283722,2,4186.8,21769.7265625,89454.40234375
1220.3972237110138,2,1897.6,22312.61328125,89454.40234375
1221.4059057235718,2,1822.1,22096.57421875,89454.40234375
1222.4136757850647,2,1532.5,22258.828125,89454.40234375
1223.4236783981323,2,4572.8,22196.84375,89454.40234375
1224.4366958141327,2,1129.6,22602.26953125,89454.40234375
1225.4448869228363,2,560.9,8909.48828125,89454.40234375
1226.452164888382,2,790.9,9835.7734375,89454.40234375
1227.459921836853,2,3974.1,10233.890625,89454.40234375
1228.4706861972809,2,2567.4,14295.23828125,89454.40234375
1229.5038614273071,2,4350.1,16149.80078125,89454.40234375
1230.5216884613037,2,4381.1,16622.9765625,89454.40234375
1231.5416836738586,2,4598.1,21301.53125,89454.40234375
1232.565987586975,2,4688.7,26511.8828125,89454.40234375
1233.5901386737823,2,4648.5,31621.9140625,89454.40234375
1234.6139063835144,2,4312.2,21299.90625,89454.40234375
1235.64368891716,2,4597.0,25101.56640625,89454.40234375
1236.6557834148407,2,4327.3,25584.3046875,89454.40234375
1237.6756813526154,2,4312.6,25955.875,89454.40234375
1238.6914010047913,2,2963.7,26213.3359375,89454.40234375
1239.7046933174133,2,3625.9,26446.1640625,89454.40234375
1240.7226860523224,2,4008.4,26431.4140625,89454.40234375
1241.7476811408997,2,4078.1,26954.54296875,89454.40234375
1242.7583329677582,2,3828.8,28166.68359375,89454.40234375
1243.7666041851044,2,1673.5,29126.38671875,89454.40234375
1244.7758994102478,2,1657.5,28885.55078125,89454.40234375
1245.7834532260895,2,2062.5,28856.875,89454.40234375
1246.791678905487,2,1733.2,29105.61328125,89454.40234375
1247.8020355701447,2,4466.9,29336.9453125,89454.40234375
1248.8131563663483,2,2215.5,29948.1640625,89454.40234375
1249.820386171341,2,732.0,30278.24609375,89454.40234375
1250.8285293579102,2,571.9,8425.42578125,89454.40234375
1251.8357992172241,2,899.2,9531.640625,89454.40234375
1252.8434677124023,2,3654.7,10075.41796875,89454.40234375
1253.8516881465912,2,2675.4,14376.37890625,89454.40234375
1254.8706772327423,2,4114.4,15988.96875,89454.40234375
1255.8896913528442,2,4475.2,17237.1796875,89454.40234375
1256.9146873950958,2,4659.7,21861.50390625,89454.40234375
1257.9391014575958,2,4695.5,27151.65625,89454.40234375
1258.9634346961975,2,4687.3,26919.671875,89454.40234375
1259.990483045578,2,4334.7,23259.0859375,89454.40234375
1261.0106794834137,2,4247.0,24936.8828125,89454.40234375
1262.0296790599823,2,4449.0,25136.140625,89454.40234375
1263.047819852829,2,4128.4,25392.7109375,89454.40234375
1264.0558359622955,2,3245.2,25793.38671875,89454.40234375
1265.064392566681,2,4210.4,25979.34765625,89454.40234375
1266.089344739914,2,3371.8,26072.765625,89454.40234375
1267.0996797084808,2,4264.5,27381.23046875,89454.40234375
1268.1177625656128,2,2341.1,28370.38671875,89454.40234375
1269.124047279358,2,1657.9,28419.78515625,89454.40234375
1270.1326820850372,2,2127.1,28293.96484375,89454.40234375
1271.1403810977936,2,1560.3,28382.8828125,89454.40234375
1272.1686806678772,2,4447.5,28992.22265625,89454.40234375
1273.1839129924774,2,2046.9,29353.37890625,89454.40234375
1274.1946771144867,2,754.2,29696.09375,89454.40234375
1275.202029466629,2,555.0,8522.41015625,89454.40234375
1276.209244966507,2,880.3,9530.60546875,89454.40234375
1277.2168536186218,2,3541.4,10590.58984375,89454.40234375
1278.2246868610382,2,3097.5,14377.46484375,89454.40234375
1279.2456765174866,2,4174.2,16002.51171875,89454.40234375
1280.2654194831848,2,4460.0,17669.62890625,89454.40234375
1281.2906823158264,2,4663.5,22305.58203125,89454.40234375
1282.3151540756226,2,4674.6,27475.9140625,89454.40234375
1283.3406894207,2,4549.5,24650.72265625,89454.40234375
1284.3577177524567,2,4312.7,23187.19140625,89454.40234375
1285.3786809444427,2,4237.4,24826.6796875,89454.40234375
1286.3969388008118,2,4458.4,25018.75390625,89454.40234375
1287.4152343273163,2,4021.2,25345.890625,89454.40234375
1288.4223384857178,2,3100.9,25697.66015625,89454.40234375
1289.4316940307617,2,4521.9,25960.0546875,89454.40234375
1290.4576778411865,2,3267.8,26057.8046875,89454.40234375
1291.468680381775,2,4229.2,27434.3984375,89454.40234375
1292.486728668213,2,2193.1,28357.3359375,89454.40234375
1293.494679927826,2,1688.3,28297.94140625,89454.40234375
1294.501841545105,2,2061.1,28268.984375,89454.40234375
1295.5086793899536,2,1500.3,28500.57421875,89454.40234375
1296.5246829986572,2,4463.6,28954.0546875,89454.40234375
1297.5438976287842,2,2092.0,29364.8359375,89454.40234375
1298.5513887405396,2,733.2,29708.640625,89454.40234375
1299.5593168735504,2,617.1,8485.6796875,89454.40234375
1300.5689923763275,2,867.0,9379.12890625,89454.40234375
1301.5759065151215,2,3269.8,11403.69921875,89454.40234375
1302.5846853256226,2,3802.3,14823.57421875,89454.40234375
1303.6056833267212,2,4153.5,16030.37109375,89454.40234375
1304.624094247818,2,4556.6,18536.515625,89454.40234375
1305.6479604244232,2,4664.2,23143.12890625,89454.40234375
1306.6736822128296,2,4706.9,28652.0625,89454.40234375
1307.6983683109283,2,4545.2,19472.76171875,89454.40234375
1308.70845246315,2,4402.8,23142.94140625,89454.40234375
1309.7356851100922,2,4292.1,24800.05078125,89454.40234375
1310.7556796073914,2,4361.9,25156.8125,89454.40234375
1311.7739939689636,2,3761.5,25407.3203125,89454.40234375
1312.7827003002167,2,3481.8,25861.11328125,89454.40234375
1313.807873725891,2,4128.0,25830.13671875,89454.40234375
1314.8166794776917,2,3868.3,26266.765625,89454.40234375
1315.82754611969,2,4060.1,27673.2734375,89454.40234375
1316.8348233699799,2,1631.4,28670.875,89454.40234375
1317.8450598716736,2,1750.3,28439.671875,89454.40234375
1318.8528020381927,2,1976.0,28320.734375,89454.40234375
1319.8616797924042,2,2177.5,29014.1171875,89454.40234375
1320.88068151474,2,4652.5,28801.7421875,89454.40234375
1321.8909780979156,2,1047.1,29355.73828125,89454.40234375
1322.9100279808044,2,814.3,12145.44140625,89454.40234375
1323.9180986881256,2,510.3,9049.26953125,89454.40234375
1324.925461769104,2,760.1,10036.00390625,89454.40234375
1325.9336795806885,2,3904.1,10145.7734375,89454.40234375
1326.9926941394806,2,2204.9,14256.26953125,89454.40234375
1328.010974407196,2,4364.0,16557.9140625,89454.40234375
1329.0296852588654,2,4354.1,17029.23828125,89454.40234375
1330.0490634441376,2,4598.9,21046.1640625,89454.40234375
1331.0746834278107,2,4666.3,25540.76171875,89454.40234375
1332.0993812084198,2,4669.1,31455.50390625,89454.40234375
1333.123314857483,2,4417.8,20883.69140625,89454.40234375
1334.1346833705902,2,4595.2,24676.12890625,89454.40234375
1335.1526873111725,2,4271.0,26213.078125,89454.40234375
1336.175173997879,2,4352.5,26531.3671875,89454.40234375
1337.194147348404,2,3518.2,26835.75,89454.40234375
1338.2015640735626,2,3182.0,27109.83984375,89454.40234375
1339.2086925506592,2,4140.2,27285.94140625,89454.40234375
1340.2346868515015,2,3179.1,27294.51953125,89454.40234375
1341.2578086853027,2,4333.0,28528.62890625,89454.40234375
1342.2650039196014,2,3080.1,29741.921875,89454.40234375
1343.2760801315308,2,1461.3,29651.44921875,89454.40234375
1344.2846817970276,2,1762.8,29502.14453125,89454.40234375
1345.2960941791534,2,1662.3,29542.30078125,89454.40234375
1346.3073303699493,2,1914.2,30001.63671875,89454.40234375
1347.317212820053,2,4455.5,29944.4921875,89454.40234375
1348.3283548355103,2,2302.6,30552.35546875,89454.40234375
1349.3361811637878,2,658.7,30841.4140625,89454.40234375
1350.3441305160522,2,762.0,8125.22265625,89454.40234375
1351.3520596027374,2,2423.5,8879.46875,89454.40234375
1352.3596782684326,2,3448.7,11394.59375,89454.40234375
1353.410685300827,2,4353.4,15005.44140625,89454.40234375
1354.4366874694824,2,4147.3,14112.6484375,89454.40234375
1355.4574151039124,2,3516.9,15130.8828125,89454.40234375
1356.4808835983276,2,3055.0,15435.9453125,89454.40234375
1357.5056827068329,2,3143.7,15732.453125,89454.40234375
1358.516262769699,2,2543.9,16630.6328125,89454.40234375
1359.524519443512,2,1678.8,16508.5390625,89454.40234375
1360.5326778888702,2,2849.5,16619.41015625,89454.40234375
1361.5433194637299,2,1697.7,16923.92578125,89454.40234375
1362.5522124767303,2,744.9,8176.3984375,89454.40234375
1363.5606756210327,2,2420.0,8742.421875,89454.40234375
1364.5826842784882,2,2647.9,11355.203125,89454.40234375
1365.6054635047913,2,4154.0,13947.94921875,89454.40234375
1366.6336941719055,2,4071.3,12926.59765625,89454.40234375
1367.6466839313507,2,3872.4,14936.4609375,89454.40234375
1368.6696877479553,2,3230.5,15165.65625,89454.40234375
1369.6956725120544,2,2557.9,15331.26171875,89454.40234375
1370.705674648285,2,3325.9,16486.4765625,89454.40234375
1371.7311146259308,2,1356.8,16368.90234375,89454.40234375
1372.7409000396729,2,1347.6,16482.87109375,89454.40234375
1373.7606949806213,2,2873.9,16570.72265625,89454.40234375
1374.7812786102295,2,1618.8,16787.0,89454.40234375
1375.7905957698822,2,457.4,9456.703125,91502.41796875
1376.7986016273499,2,748.8,9104.7734375,89454.40234375
1377.8094499111176,2,769.2,10001.47265625,89454.40234375
1378.8206760883331,2,2963.3,10123.50390625,89454.40234375
1379.8707497119904,2,1913.5,13302.35546875,89454.40234375
1380.8946874141693,2,4188.8,15827.82421875,89454.40234375
1381.9060366153717,2,3809.3,16754.09765625,89454.40234375
1382.9316828250885,2,4041.3,18251.09375,89454.40234375
1383.9559412002563,2,4307.5,22848.921875,89454.40234375
1384.9919304847717,2,4394.4,27884.0703125,89454.40234375
1386.0126888751984,2,4240.7,32026.9375,89454.40234375
1387.036943912506,2,4184.3,21833.89453125,89454.40234375
1388.056735277176,2,4356.7,25333.55859375,89454.40234375
1389.0706872940063,2,4037.5,26164.28125,89454.40234375
1390.0906784534454,2,4140.9,26483.88671875,89454.40234375
1391.1096849441528,2,3197.7,26770.05078125,89454.40234375
1392.13378572464,2,2826.1,26989.8671875,89454.40234375
1393.1486921310425,2,3598.1,27041.4453125,89454.40234375
1394.1722702980042,2,2888.4,26926.79296875,89454.40234375
1395.1926770210266,2,3919.1,27597.89453125,89454.40234375
1396.2060034275055,2,3427.5,28887.46875,89454.40234375
1397.2144434452057,2,1724.2,29667.98046875,89454.40234375
1398.2224810123444,2,1727.8,29446.0703125,89454.40234375
1399.2282977104187,2,2049.8,29514.828125,89454.40234375
1400.2357895374298,2,1500.2,29659.5625,89454.40234375
1401.2556788921356,2,4304.3,29885.6796875,89454.40234375
1402.2691915035248,2,3033.2,30502.66015625,89454.40234375
1403.2776792049408,2,649.1,30732.53515625,89454.40234375
1404.2875781059265,2,516.0,7829.3515625,89454.40234375
1405.2953424453735,2,1070.5,9613.97265625,89454.40234375
1406.3032381534576,2,2228.8,9820.17578125,89454.40234375
1407.3432130813599,2,2420.2,12714.7734375,89454.40234375
1408.358386039734,2,4166.5,15797.62109375,89454.40234375
1409.3766868114471,2,4236.9,16262.56640625,89454.40234375
1410.3955514431,2,4477.0,19895.8984375,89454.40234375
1411.4206817150116,2,4559.7,24327.7578125,89454.40234375
1412.445684671402,2,4553.3,30162.77734375,89454.40234375
1413.470685005188,2,4336.7,19760.15625,89454.40234375
1414.486701965332,2,4460.1,23830.140625,89454.40234375
1415.5016860961914,2,4151.4,24831.05859375,89454.40234375
1416.5226788520813,2,4324.5,25151.67578125,89454.40234375
1417.5412282943726,2,3308.4,25418.33984375,89454.40234375
1418.5506896972656,2,3430.2,25798.83984375,89454.40234375
1419.5808398723602,2,3945.7,25736.23828125,89454.40234375
1420.5892577171326,2,3492.5,26200.859375,89454.40234375
1421.6084280014038,2,4151.3,27480.796875,89454.40234375
1422.6277024745941,2,1903.0,28418.54296875,89454.40234375
1423.636465549469,2,1603.4,28280.59765625,89454.40234375
1424.647494316101,2,2021.8,28235.9140625,89454.40234375
1425.6548931598663,2,1789.6,28568.6015625,89454.40234375
1426.6645638942719,2,4548.4,28723.70703125,89454.40234375
1427.68439078331,2,1538.3,29342.3359375,89454.40234375
1428.6931147575378,2,841.7,29691.41015625,89454.40234375
1429.700609922409,2,507.2,8691.6328125,89454.40234375
1430.7080421447754,2,822.2,9992.421875,89454.40234375
1431.716679096222,2,3277.8,10113.828125,89454.40234375
1432.7514691352844,2,2201.4,13418.5625,89454.40234375
1433.7624316215515,2,4293.3,16414.80078125,89454.40234375
1434.7716808319092,2,4381.6,16892.53125,89454.40234375
1435.7906906604767,2,4528.7,19766.703125,89454.40234375
1436.8157584667206,2,4666.4,24152.765625,89454.40234375
1437.8406846523285,2,4662.5,29793.74609375,89454.40234375
1438.8656935691833,2,4419.9,25465.60546875,89454.40234375
1439.8937017917633,2,4250.3,24436.40625,89454.40234375
1440.9214234352112,2,4220.3,26165.4453125,89454.40234375
1441.9406797885895,2,4452.7,26379.5390625,89454.40234375
1442.9592337608337,2,4415.8,26565.2734375,89454.40234375
1443.968543291092,2,2746.4,26875.6484375,89454.40234375
1444.9949266910553,2,3212.4,27150.6484375,89454.40234375
1446.0036842823029,2,3475.2,27301.23046875,89454.40234375
1447.0277576446533,2,3728.3,27747.6015625,89454.40234375
1448.042679309845,2,4093.7,28963.5,89454.40234375
1449.0534362792969,2,1691.3,29624.66796875,89454.40234375
1450.0620839595795,2,1620.4,29646.296875,89454.40234375
1451.0698053836823,2,2044.0,29489.578125,89454.40234375
1452.0762329101562,2,1151.5,29471.11328125,89454.40234375
1453.0835928916931,2,4152.9,29942.7890625,89454.40234375
1454.0943987369537,2,3650.6,30478.4765625,89454.40234375
1455.1033909320831,2,568.2,30702.15234375,89454.40234375
1456.1117272377014,2,605.7,9484.09375,91502.41796875
1457.120677947998,2,1033.6,9471.7421875,89454.40234375
1458.1356797218323,2,1888.6,9813.73828125,89454.40234375
1459.154233455658,2,2418.4,12564.91796875,89454.40234375
1460.1644418239594,2,4548.5,15266.28515625,89454.40234375
1461.1826839447021,2,4108.6,16222.640625,89454.40234375
1462.2016868591309,2,4551.4,19685.13671875,89454.40234375
1463.232682466507,2,4636.5,24194.46875,89454.40234375
1464.2616844177246,2,4638.9,29641.18359375,89454.40234375
1465.2861683368683,2,4316.2,19594.49609375,89454.40234375
1466.2977724075317,2,4567.6,23523.66015625,89454.40234375
1467.3116850852966,2,4247.7,24822.40625,89454.40234375
1468.331683397293,2,4362.9,25144.31640625,89454.40234375
1469.3507680892944,2,3294.8,25483.76171875,89454.40234375
1470.3584530353546,2,3209.1,25837.39453125,89454.40234375
1471.3831460475922,2,4007.3,25950.5078125,89454.40234375
1472.3916764259338,2,2775.5,25995.19921875,89454.40234375
1473.4026794433594,2,4240.6,27355.45703125,89454.40234375
1474.421136379242,2,2385.7,28299.5234375,89454.40234375
1475.431235551834,2,1639.7,28322.4765625,89454.40234375
1476.4398651123047,2,2032.8,28252.0078125,89454.40234375
1477.4476826190948,2,1260.3,28490.82421875,89454.40234375
1478.4636845588684,2,4404.4,28728.55078125,89454.40234375
1479.474541425705,2,2572.8,29305.75390625,89454.40234375
1480.4834144115448,2,668.9,29598.16796875,89454.40234375
1481.4910361766815,2,524.9,8148.10546875,89454.40234375
1482.4988243579865,2,1036.7,9468.62109375,89454.40234375
1483.5076761245728,2,3374.7,9700.58984375,89454.40234375
1484.5666799545288,2,2453.8,13858.28515625,89454.40234375
1485.5935831069946,2,4233.7,15862.20703125,89454.40234375
1486.6036868095398,2,4393.2,16273.5859375,89454.40234375
1487.6166863441467,2,4634.3,21361.1328125,89454.40234375
1488.6426894664764,2,4592.0,26420.14453125,89454.40234375
1489.6686878204346,2,4465.8,31424.08203125,89454.40234375
1490.6856951713562,2,4312.1,20423.14453125,89454.40234375
1491.7136814594269,2,4146.9,24773.1875,89454.40234375
1492.7323596477509,2,4493.0,24914.109375,89454.40234375
1493.7416880130768,2,4406.6,25148.01953125,89454.40234375
1494.7613253593445,2,3420.2,25375.27734375,89454.40234375
1495.7886891365051,2,3473.4,25814.0,89454.40234375
1496.8142919540405,2,3287.3,25703.12890625,89454.40234375
1497.8226771354675,2,4080.0,26439.81640625,89454.40234375
1498.8333311080933,2,3166.7,28006.78515625,89454.40234375
1499.8446793556213,2,1604.1,28170.02734375,89454.40234375
1500.852063179016,2,1687.2,28319.98828125,89454.40234375
1501.8596498966217,2,1681.0,28281.12109375,89454.40234375
1502.8679423332214,2,3055.0,28703.109375,89454.40234375
1503.883679151535,2,4343.1,29141.3046875,89454.40234375
1504.8928978443146,2,540.6,29476.39453125,89454.40234375
1505.9008207321167,2,643.6,8698.96484375,91502.41796875
1506.9091324806213,2,915.8,9240.0234375,89454.40234375
1507.9186782836914,2,2452.3,9568.73828125,89454.40234375
1508.9680833816528,2,2731.2,12867.47265625,89454.40234375
1509.9809629917145,2,4351.8,14538.54296875,89454.40234375
1510.999686717987,2,4394.7,16988.0390625,89454.40234375
1512.0246858596802,2,4551.1,21737.94921875,89454.40234375
1513.0496892929077,2,4502.4,19463.640625,89454.40234375
1514.068694114685,2,4409.1,20396.40234375,89454.40234375
1515.0866775512695,2,4368.9,20727.4921875,89454.40234375
1516.1056876182556,2,3382.3,21051.1875,89454.40234375
1517.1186916828156,2,3516.2,21208.3359375,89454.40234375
1518.1322016716003,2,2617.1,21302.4609375,89454.40234375
1519.141683101654,2,2336.3,21396.18359375,89454.40234375
1520.1566877365112,2,3135.5,22060.609375,89454.40234375
1521.1776342391968,2,1638.9,22554.54296875,89454.40234375
1522.1848940849304,2,1468.5,22503.9765625,89454.40234375
1523.191329717636,2,1774.5,22460.6953125,89454.40234375
1524.2024376392365,2,2582.0,22818.01953125,89454.40234375
1525.2129168510437,2,3723.6,22950.75,89454.40234375
1526.2206978797913,2,697.5,8028.5625,91502.41796875
1527.2285850048065,2,673.8,9044.9609375,89454.40234375
1528.2366828918457,2,1058.7,9762.484375,89454.40234375
1529.2922186851501,2,3289.3,11163.09375,89454.40234375
1530.3006892204285,2,2899.5,14370.6015625,89454.40234375
1531.3331575393677,2,3845.0,15986.30078125,89454.40234375
1532.3518228530884,2,4193.4,17019.8984375,89454.40234375
1533.3786840438843,2,4319.4,22039.94140625,89454.40234375
1534.4036903381348,2,4540.6,25923.5234375,89454.40234375
1535.437689781189,2,4573.8,30751.9765625,89454.40234375
1536.458685874939,2,4271.1,20253.92578125,89454.40234375
1537.4816806316376,2,4205.2,24606.97265625,89454.40234375
1538.5003530979156,2,4416.6,24820.09375,89454.40234375
1539.5136897563934,2,4437.5,25027.73828125,89454.40234375
1540.5336983203888,2,3332.4,25287.70703125,89454.40234375
1541.560686826706,2,3283.5,25798.09765625,89454.40234375
1542.5847997665405,2,3449.7,25655.40234375,89454.40234375
1543.5930180549622,2,4083.2,26435.93359375,89454.40234375
1544.6026775836945,2,3219.7,28419.921875,89454.40234375
1545.6237869262695,2,1482.6,28303.30859375,89454.40234375
1546.634788274765,2,1656.9,28334.75,89454.40234375
1547.6431782245636,2,1691.0,28247.69140625,89454.40234375
1548.6516778469086,2,2907.2,28754.96484375,89454.40234375
1549.6701638698578,2,4398.1,29089.61328125,89454.40234375
1550.678013086319,2,573.3,29442.04296875,89454.40234375
1551.686238527298,2,652.3,8641.45703125,91502.41796875
1552.6948583126068,2,774.8,9307.24609375,89454.40234375
1553.7029266357422,2,2045.6,9641.6640625,89454.40234375
1554.7438371181488,2,2465.4,12540.65234375,89454.40234375
1555.7535712718964,2,4317.7,15624.52734375,89454.40234375
1556.7736825942993,2,4384.8,16095.4375,89454.40234375
1557.7926878929138,2,4596.8,19778.859375,89454.40234375
1558.8173208236694,2,4659.6,24846.04296875,89454.40234375
1559.842683315277,2,4676.8,30141.828125,89454.40234375
1560.8671584129333,2,4387.4,20491.2109375,89454.40234375
1561.89204788208,2,4583.4,24001.765625,89454.40234375
1562.9042541980743,2,4300.6,24794.40625,89454.40234375
1563.927852153778,2,4308.5,25172.7890625,89454.40234375
1564.9466955661774,2,3553.9,25436.4765625,89454.40234375
1565.9726901054382,2,3674.7,25766.73828125,89454.40234375
1566.9984412193298,2,3921.1,25720.4453125,89454.40234375
1568.0096764564514,2,4126.5,26466.98828125,89454.40234375
1569.0200507640839,2,3253.2,28078.2734375,89454.40234375
1570.0272965431213,2,1626.8,28271.83203125,89454.40234375
1571.0356786251068,2,1764.1,28403.71484375,89454.40234375
1572.0523524284363,2,1696.5,28122.6953125,89454.40234375
1573.0646829605103,2,3385.1,28815.640625,89454.40234375
1574.0890157222748,2,3849.9,29178.80078125,89454.40234375
1575.0969738960266,2,572.2,29446.9296875,89454.40234375
1576.105302810669,2,602.9,9448.8046875,91502.41796875
1577.1146759986877,2,919.3,9495.49609375,89454.40234375
1578.1226785182953,2,1811.4,9898.71484375,89454.40234375
1579.1730909347534,2,2436.8,12702.20703125,89454.40234375
1580.193687915802,2,4572.6,15227.28125,89454.40234375
1581.2056019306183,2,4219.4,16282.94921875,89454.40234375
1582.2236857414246,2,4455.9,18599.2578125,89454.40234375
1583.248940706253,2,4574.1,23074.90234375,89454.40234375
1584.274683713913,2,4560.3,28433.81640625,89454.40234375
1585.2992334365845,2,4639.0,24287.765625,89454.40234375
1586.3136868476868,2,4238.4,23795.82421875,89454.40234375
1587.3383944034576,2,3691.5,25452.1875,89454.40234375
1588.3576800823212,2,4029.7,25662.87890625,89454.40234375
1589.3766870498657,2,4336.5,25816.41796875,89454.40234375
1590.3962712287903,2,2804.7,26112.2265625,89454.40234375
1591.408684015274,2,3638.9,26416.0703125,89454.40234375
1592.4182319641113,2,3858.9,26411.8515625,89454.40234375
1593.426164150238,2,4249.0,27083.38671875,89454.40234375
1594.440678358078,2,3412.5,28595.27734375,89454.40234375
1595.4499707221985,2,1558.5,29080.76171875,89454.40234375
1596.4666812419891,2,1811.2,29006.4140625,89454.40234375
1597.4844558238983,2,1748.5,28844.96875,89454.40234375
1598.4926798343658,2,2550.8,29279.1015625,89454.40234375
1599.5076785087585,2,4610.0,29249.1640625,89454.40234375
1600.5186803340912,2,1075.4,29835.6640625,89454.40234375
1601.5378413200378,2,854.6,14513.11328125,89454.40234375
1602.5463116168976,2,863.8,8709.67578125,89454.40234375
1603.5535051822662,2,2560.8,9195.72265625,89454.40234375
1604.5626809597015,2,3472.5,12144.21484375,89454.40234375
1605.5816857814789,2,4472.5,14811.16015625,89454.40234375
1606.602686882019,2,4663.7,19871.0390625,89454.40234375
1607.6196029186249,2,4465.1,16672.45703125,89454.40234375
1608.633488893509,2,4327.9,17569.27734375,89454.40234375
1609.6522600650787,2,3284.6,17899.78125,89454.40234375
1610.6616914272308,2,3399.3,18089.83203125,89454.40234375
1611.686118364334,2,4003.8,18956.9140625,89454.40234375
1612.694259405136,2,1928.9,19307.57421875,89454.40234375
1613.7024986743927,2,1733.9,19321.63671875,89454.40234375
1614.711698293686,2,2882.8,19487.96484375,89454.40234375
1615.7315783500671,2,2604.7,19667.57421875,89454.40234375
1616.740315914154,2,574.7,8213.35546875,89454.40234375
1617.7486791610718,2,1241.3,9467.6875,89454.40234375
1618.7993433475494,2,2796.4,11785.11328125,89454.40234375
1619.8106799125671,2,4467.1,14017.47265625,89454.40234375
1620.8292338848114,2,4486.5,16032.3203125,89454.40234375
1621.8546814918518,2,4646.8,20369.1328125,89454.40234375
1622.879115819931,2,4585.8,19585.42578125,89454.40234375
1623.8943383693695,2,4444.5,19705.20703125,89454.40234375
1624.9076795578003,2,4323.3,20117.6015625,89454.40234375
1625.925951719284,2,3399.6,20328.21875,89454.40234375
1626.952692270279,2,4013.0,20564.890625,89454.40234375
1627.9786794185638,2,3623.7,20875.45703125,89454.40234375
1628.989598274231,2,3432.2,22047.09765625,89454.40234375
1629.9969897270203,2,1526.7,21910.85546875,89454.40234375
1631.0050315856934,2,1817.4,21845.77734375,89454.40234375
1632.0119495391846,2,2937.3,22053.41015625,89454.40234375
1633.0232717990875,2,3030.1,22328.75,89454.40234375
1634.0313255786896,2,600.7,7724.375,89454.40234375
1635.0401499271393,2,1028.9,8972.46484375,89454.40234375
1636.0481309890747,2,2645.8,11239.81640625,89454.40234375
1637.0566806793213,2,4249.5,13868.9453125,89454.40234375
1638.0756888389587,2,4499.5,15108.11328125,89454.40234375
1639.1016836166382,2,4660.2,19697.94921875,89454.40234375
1640.1263160705566,2,4660.7,20220.2265625,89454.40234375
1641.1498811244965,2,4424.1,19325.38671875,89454.40234375
1642.1636860370636,2,4293.6,19842.54296875,89454.40234375
1643.1836891174316,2,3186.0,20164.67578125,89454.40234375
1644.208862066269,2,3392.9,20277.078125,89454.40234375
1645.2159957885742,2,2914.8,20381.0234375,89454.40234375
1646.221864938736,2,4294.1,21294.76171875,89454.40234375
1647.230812549591,2,1683.4,21649.19140625,89454.40234375
1648.2390954494476,2,1823.3,21537.078125,89454.40234375
1649.2476773262024,2,2117.5,21751.3984375,89454.40234375
1650.2580168247223,2,3956.8,22004.19921875,89454.40234375
1651.2662591934204,2,645.2,8770.7265625,91502.41796875
1652.273675918579,2,948.6,8985.953125,89454.40234375
1653.2837946414948,2,2774.0,10152.4609375,89454.40234375
1654.2932052612305,2,3519.0,13556.81640625,89454.40234375
1655.3046803474426,2,4390.6,14105.6328125,89454.40234375
1656.3236892223358,2,4622.8,18778.9453125,89454.40234375
1657.353860616684,2,4700.5,23862.21484375,89454.40234375
1658.380390405655,2,4427.6,18705.58203125,89454.40234375
1659.403689622879,2,4470.2,19732.97265625,89454.40234375
1660.4286818504333,2,3530.0,20130.48046875,89454.40234375
1661.4486944675446,2,3399.7,20241.5546875,89454.40234375
1662.4742126464844,2,3575.2,20362.62890625,89454.40234375
1663.4858453273773,2,4060.4,21608.171875,89454.40234375
1664.4960429668427,2,1654.3,21542.84765625,89454.40234375
1665.505441904068,2,1788.0,21488.17578125,89454.40234375
1666.5160293579102,2,2691.8,21715.796875,89454.40234375
1667.5270085334778,2,3236.1,21978.20703125,89454.40234375
1668.535474538803,2,573.1,7654.73828125,89454.40234375
1669.5440301895142,2,1011.4,9026.91796875,89454.40234375
1670.5515723228455,2,2839.1,10879.21484375,89454.40234375
1671.5606791973114,2,3909.6,14012.92578125,89454.40234375
1672.5796914100647,2,4484.0,14570.35546875,89454.40234375
1673.5956859588623,2,4654.9,19200.95703125,89454.40234375
1674.6212866306305,2,4699.3,23753.17578125,89454.40234375
1675.6426882743835,2,4435.9,19181.75,89454.40234375
1676.6567854881287,2,4498.7,20091.46875,89454.40234375
1677.6766884326935,2,3547.7,20540.70703125,89454.40234375
1678.6964013576508,2,3441.6,20730.765625,89454.40234375
1679.7213156223297,2,3466.8,20817.75,89454.40234375
1680.7333838939667,2,4184.4,21810.06640625,89454.40234375
1681.7422432899475,2,1675.6,22090.13671875,89454.40234375
1682.7496857643127,2,1866.0,21967.4375,89454.40234375
1683.7582540512085,2,1909.8,22138.14453125,89454.40234375
1684.7689590454102,2,4373.3,22311.96875,89454.40234375
1685.7788400650024,2,682.7,8091.00390625,91502.41796875
1686.7865808010101,2,932.0,8616.51953125,89454.40234375
1687.7977185249329,2,2827.1,10385.6640625,89454.40234375
1688.8126792907715,2,4294.2,12133.984375,89454.40234375
1689.8316855430603,2,4639.8,16458.82421875,89454.40234375
1690.856402873993,2,4457.4,14263.75,89454.40234375
1691.8666758537292,2,4408.1,17091.8828125,89454.40234375
1692.8851237297058,2,4247.2,17389.26953125,89454.40234375
1693.896368265152,2,3236.1,17726.28515625,89454.40234375
1694.9054622650146,2,3849.2,18076.1328125,89454.40234375
1695.9165408611298,2,2836.9,19105.19921875,89454.40234375
1696.9266753196716,2,1685.4,18913.84765625,89454.40234375
1697.9400193691254,2,1843.0,19044.71875,89454.40234375
1698.948311328888,2,4016.2,19345.51171875,89454.40234375
1699.9560544490814,2,657.0,8691.125,91502.41796875
1700.963681936264,2,1047.8,8738.328125,89454.40234375
1701.972684621811,2,2886.6,10470.47265625,89454.40234375
1702.9866795539856,2,4331.6,12255.00390625,89454.40234375
1704.0026981830597,2,4628.2,16163.83203125,89454.40234375
1705.0272016525269,2,4628.6,15805.9140625,89454.40234375
1706.0412261486053,2,4268.2,17332.234375,89454.40234375
1707.0626657009125,2,4457.0,17544.28515625,89454.40234375
1708.0816929340363,2,3128.2,17919.0546875,89454.40234375
1709.1076776981354,2,3907.3,18232.41015625,89454.40234375
1710.1223797798157,2,3069.8,19364.4921875,89454.40234375
1711.1310584545135,2,1551.5,19191.4375,89454.40234375
1712.1412749290466,2,1626.5,19356.78515625,89454.40234375
1713.1536810398102,2,4471.8,19533.6015625,89454.40234375
1714.168294429779,2,746.8,8123.0390625,91502.41796875
1715.176298379898,2,949.7,8671.69140625,89454.40234375
1716.1846871376038,2,3164.6,10687.96875,89454.40234375
1717.1969933509827,2,4324.9,12425.4765625,89454.40234375
1718.2166910171509,2,4653.9,16372.8671875,89454.40234375
1719.2296793460846,2,4237.9,15167.3046875,89454.40234375
1720.2487199306488,2,3607.3,15392.44921875,89454.40234375
1721.2736790180206,2,3476.6,15619.95703125,89454.40234375
1722.2868852615356,2,3347.9,16719.6171875,89454.40234375
1723.2927541732788,2,1671.8,16633.97265625,89454.40234375
1724.3036794662476,2,2882.4,16803.30078125,89454.40234375
1725.318621635437,2,1950.5,17064.68359375,89454.40234375
1726.3310260772705,2,1238.4,8140.44921875,89454.40234375
1727.3396844863892,2,2788.9,8640.22265625,89454.40234375
1728.3956813812256,2,3141.0,13017.05078125,89454.40234375
1729.4192984104156,2,4490.8,14115.4375,89454.40234375
1730.445294380188,2,4535.0,13904.34765625,89454.40234375
1731.4574921131134,2,4276.8,16438.7578125,89454.40234375
1732.4687387943268,2,3545.5,16670.48828125,89902.40234375
1733.4944067001343,2,3497.5,16970.7890625,89902.40234375
1734.50319814682,2,3631.6,18042.0,89902.40234375
1735.5127818584442,2,3758.2,19278.8671875,89902.40234375
1736.5214176177979,2,1626.6,19167.49609375,89902.40234375
1737.5316829681396,2,4136.6,19500.7421875,89902.40234375
1738.5487945079803,2,1900.4,19756.734375,89902.40234375
1739.555832862854,2,1289.8,8445.02734375,89902.40234375
1740.5645728111267,2,2792.0,8883.671875,89902.40234375
1741.5946805477142,2,3594.0,13222.37109375,89902.40234375
1742.6056849956512,2,4492.9,14428.05859375,89902.40234375
1743.6316921710968,2,4540.8,14875.921875,89902.40234375
1744.648684978485,2,4302.2,16467.109375,89902.40234375
1745.6719334125519,2,3263.5,16708.015625,89902.40234375
1746.6806855201721,2,3393.8,16976.58984375,89902.40234375
1747.6926844120026,2,4390.5,18452.74609375,89902.40234375
1748.711409330368,2,3149.5,19017.00390625,89902.40234375
1749.7186789512634,2,1948.6,19032.0703125,89902.40234375
1750.7316060066223,2,4542.8,19132.7890625,89902.40234375
1751.7412254810333,2,951.4,10540.8046875,89902.40234375
1752.7491600513458,2,1884.9,8596.37109375,89902.40234375
1753.7588696479797,2,2385.4,9948.95703125,89902.40234375
1754.7698872089386,2,4378.0,13229.80078125,89902.40234375
1755.7811670303345,2,4571.7,15798.2421875,89902.40234375
1756.805696964264,2,4440.3,16144.37109375,89902.40234375
1757.8142125606537,2,3863.3,16642.890625,89902.40234375
1758.8206961154938,2,3563.0,16832.24609375,89902.40234375
1759.8386781215668,2,3544.7,17244.125,89902.40234375
1760.8496792316437,2,4500.5,18631.61328125,89902.40234375
1761.8679995536804,2,2388.7,19066.1875,89902.40234375
1762.8756828308105,2,2637.7,19333.52734375,89902.40234375
1763.8868765830994,2,3697.4,19502.27734375,89902.40234375
1764.894134759903,2,587.8,9475.59375,91950.41796875
1765.9065618515015,2,2114.8,8727.4609375,89902.40234375
1766.9154317378998,2,3284.0,11688.328125,89902.40234375
1767.9286777973175,2,4374.3,13314.26171875,89902.40234375
1768.947687625885,2,4637.2,17265.36328125,89902.40234375
1769.9722051620483,2,4260.8,16506.8828125,89902.40234375
1770.9903936386108,2,3674.4,16712.47265625,89902.40234375
1771.998853445053,2,3335.0,16934.50390625,89902.40234375
1773.0086750984192,2,3883.9,17598.26953125,89902.40234375
1774.022679567337,2,4433.7,18786.5390625,89902.40234375
1775.03590798378,2,1903.2,19137.98046875,89902.40234375
1776.0446820259094,2,3351.6,19267.52734375,89902.40234375
1777.0626802444458,2,2803.8,19504.765625,89902.40234375
1778.0706810951233,2,796.2,8047.59375,89902.40234375
1779.0796766281128,2,2369.2,8790.1796875,89902.40234375
1780.1076982021332,2,3749.0,12874.08984375,89902.40234375
1781.1196880340576,2,4375.5,13367.23828125,89902.40234375
1782.1293692588806,2,4582.9,15395.1640625,89902.40234375
1783.141678571701,2,4298.1,16474.65234375,89902.40234375
1784.1606969833374,2,3570.6,16729.96484375,89902.40234375
1785.1866872310638,2,3260.9,16970.55078125,89902.40234375
1786.2134251594543,2,4113.9,17996.9140625,89902.40234375
1787.223784685135,2,3887.4,19094.6640625,89902.40234375
1788.2316377162933,2,1625.5,19094.8203125,89902.40234375
1789.239907026291,2,4039.8,19298.69921875,89902.40234375
1790.2588505744934,2,1982.2,19553.98046875,89902.40234375
1791.2681934833527,2,1303.3,8270.69921875,89902.40234375
1792.2776772975922,2,2695.5,8762.30078125,89902.40234375
1793.3126785755157,2,3608.1,13117.109375,89902.40234375
1794.3311710357666,2,4479.2,14438.04296875,89902.40234375
1795.3553774356842,2,4533.9,14378.2109375,89902.40234375
1796.3698749542236,2,4321.3,16594.4765625,89902.40234375
1797.3886969089508,2,3503.4,16729.07421875,89902.40234375
1798.4145436286926,2,3063.4,16929.34765625,89902.40234375
1799.4236800670624,2,4235.8,18134.65625,89902.40234375
1800.434675693512,2,3605.7,19171.3515625,89902.40234375
1801.44606590271,2,1567.6,19084.6953125,89902.40234375
1802.4546859264374,2,4184.9,19377.06640625,89902.40234375
1803.4716937541962,2,1925.4,19630.859375,89902.40234375
1804.4853870868683,2,1353.0,8313.13671875,89902.40234375
1805.4946806430817,2,2786.7,8788.28125,89902.40234375
1806.5446803569794,2,3581.9,13130.52734375,89902.40234375
1807.5625474452972,2,4490.2,14644.8203125,89902.40234375
1808.587688446045,2,4514.4,14733.55859375,89902.40234375
1809.6016829013824,2,4301.7,16587.56640625,89902.40234375
1810.6208844184875,2,3360.5,16798.875,89902.40234375
1811.6316843032837,2,3262.1,17000.90234375,89902.40234375
1812.643388748169,2,4408.3,18332.6796875,89902.40234375
1813.6582753658295,2,3196.0,19208.47265625,89902.40234375
1814.6676783561707,2,1703.2,19172.69921875,89902.40234375
1815.6809358596802,2,4542.2,19241.890625,89902.40234375
1816.691617012024,2,1294.1,19682.1953125,89902.40234375
1817.6990118026733,2,1708.2,8505.3984375,89902.40234375
1818.7077586650848,2,2380.6,9544.515625,89902.40234375
1819.7166786193848,2,4143.2,13251.3515625,89902.40234375
1820.7351639270782,2,4553.8,15084.63671875,89902.40234375
1821.7601087093353,2,4510.5,15565.17578125,89902.40234375
1822.777687072754,2,4167.1,16575.859375,89902.40234375
1823.787412405014,2,3313.8,16807.91796875,89902.40234375
1824.8041896820068,2,3008.4,17084.03125,89902.40234375
1825.8174645900726,2,4412.4,18322.9453125,89902.40234375
1826.8291313648224,2,3245.6,19110.98828125,89902.40234375
1827.8355739116669,2,1608.3,19029.796875,89902.40234375
1828.8480546474457,2,4471.9,19198.46484375,89902.40234375
1829.8585810661316,2,1475.9,19641.8125,89902.40234375
1830.866661787033,2,1576.0,8417.83203125,89902.40234375
1831.8757121562958,2,2672.3,8929.5,89902.40234375
1832.8832623958588,2,3652.1,13177.05859375,89902.40234375
1833.8896853923798,2,4509.9,14563.29296875,89902.40234375
1834.9156861305237,2,4520.0,14783.44140625,89902.40234375
1835.9286835193634,2,4280.6,16570.09765625,89902.40234375
1836.947684764862,2,3435.5,16691.40234375,89902.40234375
1837.9556829929352,2,2908.3,16966.0234375,89902.40234375
1838.9720566272736,2,4107.4,18102.2109375,89902.40234375
1839.982991218567,2,3675.7,19160.3046875,89902.40234375
1840.9911894798279,2,1628.2,19048.125,89902.40234375
1842.0011746883392,2,4022.2,19262.73046875,89902.40234375
1843.0121402740479,2,2119.2,19572.046875,89902.40234375
1844.0208406448364,2,1250.1,8246.37109375,89902.40234375
1845.0306766033173,2,2668.4,8751.16796875,89902.40234375
1846.059963464737,2,3575.4,13125.2890625,89902.40234375
1847.0786845684052,2,4464.3,14200.5390625,89902.40234375
1848.1031353473663,2,4549.7,14010.578125,89902.40234375
1849.1166770458221,2,4287.4,16548.8203125,89902.40234375
1850.1349737644196,2,3592.9,16665.34765625,89902.40234375
1851.1626863479614,2,3114.1,16942.7578125,89902.40234375
1852.1739065647125,2,4325.5,18201.5,89902.40234375
1853.1848475933075,2,3436.7,19160.35546875,89902.40234375
1854.190895318985,2,1571.9,19108.47265625,89902.40234375
1855.2006402015686,2,4516.5,19251.44140625,89902.40234375
1856.2116241455078,2,1499.6,19674.1640625,89902.40234375
1857.2204270362854,2,1627.8,8461.4375,89902.40234375
1858.2292940616608,2,2558.4,9232.68359375,89902.40234375
1859.237680196762,2,3924.4,13236.35546875,89902.40234375
1860.2566883563995,2,4536.3,14965.8125,89902.40234375
1861.2822124958038,2,4505.6,15330.1328125,89902.40234375
1862.3013799190521,2,4197.0,16546.44921875,89902.40234375
1863.3103322982788,2,3285.8,16752.453125,89902.40234375
1864.323281288147,2,3284.8,16988.6015625,89902.40234375
1865.3404424190521,2,4447.7,18605.5859375,89902.40234375
1866.3525347709656,2,2948.2,18999.3125,89902.40234375
1867.3616783618927,2,2171.0,19192.0234375,89902.40234375
1868.372220993042,2,4445.2,19361.5625,89902.40234375
1869.3793046474457,2,659.6,8318.109375,91950.41796875
1870.387460231781,2,1974.1,8650.37890625,89902.40234375
1871.3967094421387,2,2665.5,10593.875,89902.40234375
1872.4106805324554,2,4365.1,13280.765625,89902.40234375
1873.4246878623962,2,4593.4,15768.765625,89902.40234375
1874.4491362571716,2,4351.3,16296.8359375,89902.40234375
1875.4676966667175,2,3760.4,16692.82421875,89902.40234375
1876.4935569763184,2,3574.8,16734.85546875,89902.40234375
1877.503674507141,2,3584.1,17284.8984375,89902.40234375
1878.5146808624268,2,4414.7,18668.46875,89902.40234375
1879.5329382419586,2,2282.0,19084.17578125,89902.40234375
1880.5389242172241,2,2717.7,19344.1953125,89902.40234375
1881.5697538852692,2,3539.6,19467.78125,89902.40234375
1882.5773367881775,2,580.5,9713.703125,91950.41796875
1883.5850677490234,2,2103.7,8686.1015625,89902.40234375
1884.594689130783,2,3539.7,12149.5546875,89902.40234375
1885.61368060112,2,4391.7,13330.33203125,89902.40234375
1886.634045600891,2,4603.4,17202.17578125,89902.40234375
1887.6526818275452,2,4288.9,16405.62890625,89902.40234375
1888.6717011928558,2,3729.1,16631.15625,89902.40234375
1889.6976845264435,2,3237.6,16907.93359375,89902.40234375
1890.7236785888672,2,4110.2,17682.88671875,89902.40234375
1891.7342162132263,2,4043.2,18921.7265625,89902.40234375
1892.74654006958,2,1800.9,18960.1796875,89902.40234375
1893.759682893753,2,3665.3,19126.26171875,89902.40234375
1894.7783551216125,2,2433.6,19469.3359375,89902.40234375
1895.7902867794037,2,975.6,8094.8359375,89902.40234375
1896.799686908722,2,3241.7,10814.9921875,89902.40234375
1897.8111054897308,2,4326.5,12977.6015625,89902.40234375
1898.835678100586,2,4295.5,14486.48828125,89902.40234375
1899.853833436966,2,3802.1,14737.9375,89902.40234375
1900.862803220749,2,4011.9,15494.5234375,89902.40234375
1901.8741087913513,2,3160.7,16445.25390625,89902.40234375
1902.8820650577545,2,2804.1,16476.37890625,89902.40234375
1903.8928649425507,2,2510.5,16772.03125,89902.40234375
1904.900446176529,2,1231.5,8654.0078125,89902.40234375
1905.9086799621582,2,3817.0,11414.98828125,89902.40234375
1906.9300656318665,2,4475.7,14010.87890625,89902.40234375
1907.9446768760681,2,4263.4,14416.97265625,89902.40234375
1908.9636900424957,2,3463.0,14631.16015625,89902.40234375
1909.9872188568115,2,4179.9,15789.6640625,89902.40234375
1910.994155883789,2,2455.2,16100.83984375,89902.40234375
1912.0030210018158,2,3834.6,16128.27734375,89902.40234375
1913.0138003826141,2,1135.7,9044.48046875,91950.41796875
1914.0227751731873,2,2093.3,8957.41015625,89902.40234375
1915.0306799411774,2,4173.2,11514.81640625,89902.40234375
1916.0496888160706,2,4501.2,13257.03515625,89902.40234375
1917.061707496643,2,4003.7,14379.02734375,89902.40234375
1918.086240530014,2,3668.3,14717.4296875,89902.40234375
1919.0966806411743,2,4121.5,16007.5,89902.40234375
1920.1056780815125,2,1953.3,16055.97265625,89902.40234375
1921.1127271652222,2,3694.4,16337.07421875,89902.40234375
1922.1194627285004,2,886.7,8115.4453125,89902.40234375
1923.1306838989258,2,3108.4,10726.0546875,89902.40234375
1924.1456508636475,2,4305.5,12480.25390625,89902.40234375
1925.1696546077728,2,4327.3,14209.8203125,89902.40234375
1926.176688194275,2,3981.0,14409.9921875,89902.40234375
1927.1887648105621,2,3892.2,15302.72265625,89902.40234375
1928.2016806602478,2,3310.2,16166.4453125,89902.40234375
1929.210228919983,2,2760.4,16245.45703125,89902.40234375
1930.2211124897003,2,2547.9,16538.71484375,89902.40234375
1931.228810787201,2,1728.6,8897.8125,89902.40234375
1932.243686914444,2,4189.6,10035.62890625,89902.40234375
1933.2571246623993,2,3303.6,10581.4765625,89902.40234375
1934.2674489021301,2,1993.3,10151.30078125,91950.41796875
1935.276406288147,2,2756.8,10041.26171875,89902.40234375
1936.2886831760406,2,4314.1,12002.52734375,89902.40234375
1937.3080263137817,2,4370.8,14217.98046875,89902.40234375
1938.3263685703278,2,3988.8,14559.21484375,89902.40234375
1939.3386764526367,2,3804.6,15115.64453125,89902.40234375
1940.349091053009,2,3659.8,16268.8125,89902.40234375
1941.3586843013763,2,2466.8,16376.59765625,89902.40234375
1942.3762481212616,2,2960.3,16528.41796875,89902.40234375
1943.3851747512817,2,1176.3,8318.68359375,89902.40234375
1944.4096887111664,2,4090.7,10591.97265625,89902.40234375
1945.435034751892,2,4103.0,12026.5,89902.40234375
1946.446153640747,2,3898.9,12559.66015625,89902.40234375
1947.4565274715424,2,2782.7,13048.34765625,89902.40234375
1948.4630017280579,2,3209.8,13285.12890625,89902.40234375
1949.4704983234406,2,1406.3,8460.2109375,89902.40234375
1950.5086903572083,2,4079.2,10822.75390625,89902.40234375
1951.5336990356445,2,4076.7,11992.1328125,89902.40234375
1952.5563127994537,2,3962.4,12566.5625,89902.40234375
1953.5672237873077,2,2472.2,12990.76171875,89902.40234375
1954.5743532180786,2,3187.6,13188.01171875,89902.40234375
1955.5829164981842,2,252.1,5039.25,82734.24609375
1956.5904421806335,2,102.2,4897.64453125,82734.24609375
1957.5984468460083,2,104.1,4804.78515625,82734.24609375
