elapsed_time,nproc,cpu,mem_real,mem_virtual
4.2438507080078125e-05,2,0.0,15.68359375,3194.8046875
1.0076885223388672,4,6.0,425.921875,4179.5
2.0159244537353516,4,100.1,604.1640625,4387.5
3.025350332260132,4,100.2,614.8046875,4447.5
4.0333356857299805,4,99.1,614.76953125,4447.5
5.04210352897644,4,100.2,617.09765625,4447.5
6.05028510093689,4,99.1,625.8203125,4495.5
7.059441566467285,4,99.9,619.9765625,4495.5
8.07040786743164,4,98.9,598.3046875,4495.5
9.08165431022644,4,99.8,606.87890625,4495.5
10.093472719192505,4,100.9,656.28515625,4495.5
11.104154348373413,4,99.8,702.19140625,4551.5
12.115700960159302,4,98.9,754.19140625,4615.5
13.126851558685303,4,99.9,810.1953125,4701.5
14.137940645217896,4,100.0,856.1953125,4701.5
15.147860765457153,4,98.9,908.19921875,4797.5
16.15924048423767,4,99.9,950.19921875,4797.5
17.170143842697144,2,0.0,21.2578125,43.48046875
18.1812903881073,2,0.0,180.8203125,3642.64453125
19.19471049308777,2,101.1,624.30078125,4896.67578125
20.20366144180298,2,99.1,870.4609375,5856.67578125
21.212586879730225,2,100.1,1100.41015625,7144.67578125
22.221607208251953,2,98.9,1382.41015625,7144.67578125
23.232458353042603,2,99.9,1611.67578125,9704.67578125
24.24358558654785,2,100.9,1905.67578125,9704.67578125
25.254275798797607,2,98.9,1905.48046875,9192.64453125
26.265657901763916,2,99.9,1905.48046875,9192.64453125
27.276857137680054,2,99.9,1905.48046875,9192.64453125
28.28808856010437,2,100.9,1902.6640625,9192.62890625
29.298933029174805,2,100.0,1895.60546875,9192.62890625
30.309417963027954,2,100.0,1884.953125,9192.62890625
31.319854497909546,2,99.9,1878.515625,9192.62890625
32.33126878738403,2,99.8,1988.21484375,9704.66015625
33.3430335521698,2,100.1,2014.0625,9752.66015625
34.35284399986267,2,3336.3,2887.90234375,13822.10546875
35.37884759902954,2,4671.1,3373.5078125,14361.60546875
36.40583896636963,2,4726.5,3514.3046875,14509.60546875
37.4328498840332,2,4681.7,3837.5703125,14875.60546875
38.45783233642578,2,4658.9,3865.109375,15000.60546875
39.485844135284424,2,4679.5,3982.421875,15181.60546875
40.51284170150757,2,4687.4,4130.34765625,15381.60546875
41.53984570503235,2,4684.1,4090.58203125,15437.60546875
42.56584620475769,2,4669.4,4161.80859375,15575.60546875
43.59284496307373,2,4680.9,4336.28125,15870.60546875
44.61984968185425,2,4675.6,4389.22265625,15961.60546875
45.64684557914734,2,4718.6,4460.60546875,16141.60546875
46.673848390579224,2,4672.9,4463.5625,16233.60546875
47.69983911514282,2,4653.4,4445.578125,16303.60546875
48.72684407234192,2,4644.6,4513.265625,16441.60546875
49.75384998321533,2,4703.1,4614.51953125,16541.60546875
50.778146266937256,2,4659.2,4615.7578125,16541.60546875
51.80084013938904,2,4633.5,4698.84765625,16597.60546875
52.827842235565186,2,4661.8,4798.1015625,16749.60546875
53.85485363006592,2,4722.2,4812.71484375,16793.60546875
54.88184881210327,2,4657.7,4814.8125,16856.60546875
55.90669560432434,2,4633.7,4808.45703125,16910.60546875
56.933844327926636,2,4652.8,4878.6875,17036.60546875
57.96084499359131,2,4706.6,4850.6171875,17126.60546875
58.987849950790405,2,4696.7,4870.875,17208.60546875
60.01584315299988,2,4645.7,4930.52734375,17294.60546875
61.04284381866455,2,4678.7,5029.84375,17468.60546875
62.07084083557129,2,4657.0,5016.3984375,17521.60546875
63.097846269607544,2,4688.4,5009.5,17557.60546875
64.12284731864929,2,4648.6,4896.86328125,17579.60546875
65.14984655380249,2,4671.5,5043.78515625,17729.60546875
66.17685222625732,2,4655.1,4836.94140625,17729.60546875
67.20384788513184,2,4696.4,4799.74609375,17853.60546875
68.23085403442383,2,4647.9,4678.3828125,17853.60546875
69.24584650993347,2,4641.2,4860.515625,18097.60546875
70.27351307868958,2,4656.7,4821.89453125,18117.60546875
71.35785245895386,2,4698.3,4819.94140625,18215.60546875
72.38684582710266,2,4631.8,4823.01953125,18253.60546875
73.41385006904602,2,4670.9,4788.44140625,18311.60546875
74.44084739685059,2,4656.4,4892.88671875,18435.60546875
75.46784782409668,2,4727.5,4837.0,18435.60546875
76.49485182762146,2,4672.4,4832.765625,18465.60546875
77.52062463760376,2,4634.6,4779.42578125,18465.60546875
78.54785776138306,2,4665.2,4850.62109375,18531.60546875
79.57466912269592,2,4709.9,4836.640625,18547.60546875
80.60284757614136,2,4663.2,4788.72265625,18583.60546875
81.63984990119934,2,4646.4,4828.65625,18639.60546875
82.66784405708313,2,4684.4,4992.8359375,18677.60546875
83.69484829902649,2,4694.9,4946.640625,18677.60546875
84.72284531593323,2,4674.3,5054.609375,18707.60546875
85.74785208702087,2,4637.0,5008.15625,18707.60546875
86.77584648132324,2,4658.1,5102.89453125,18767.60546875
87.8038477897644,2,4685.1,4998.3125,18781.60546875
88.831698179245,2,4676.0,4962.96484375,18793.60546875
89.85884475708008,2,4648.5,4934.7890625,18893.60546875
90.88684844970703,2,4653.3,4986.91015625,18943.60546875
91.91384720802307,2,4665.1,5169.51171875,19239.60546875
92.940847158432,2,4704.4,5120.5625,19259.60546875
93.967848777771,2,4642.9,5201.10546875,19323.60546875
94.99483609199524,2,4660.0,5300.41015625,19473.60546875
96.02284669876099,2,4641.9,5144.51953125,19473.60546875
97.04984307289124,2,4692.7,5223.29296875,19499.60546875
98.13084983825684,2,4635.4,5155.171875,19539.60546875
99.16118907928467,2,4645.7,5352.2265625,19643.60546875
100.18984723091125,2,4681.1,5516.61328125,19793.60546875
101.21684312820435,2,4692.7,5396.40234375,19809.60546875
102.2418475151062,2,4655.9,5479.33984375,19809.60546875
103.26884579658508,2,4679.2,5533.62109375,19809.60546875
104.29584240913391,2,4658.1,5468.7265625,19809.60546875
105.32284474372864,2,4711.2,5541.4453125,19845.60546875
106.34984612464905,2,4634.6,5527.51953125,19845.60546875
107.3768424987793,2,4667.7,5540.0703125,19897.60546875
108.40384674072266,2,4650.5,5392.15625,19929.60546875
109.4308431148529,2,4709.7,5466.11328125,20029.60546875
110.45784211158752,2,4638.6,5401.421875,20029.60546875
111.48685073852539,2,4661.6,5408.8203125,20093.60546875
112.51654100418091,2,4647.0,5619.03125,20325.60546875
113.54384779930115,2,4690.1,5653.8984375,20415.60546875
114.57085347175598,2,4632.5,5700.08984375,20415.60546875
115.59684991836548,2,4635.9,5771.6328125,20495.60546875
116.62285280227661,2,4640.0,5776.2421875,20495.60546875
117.65084338188171,2,4716.5,5748.2421875,20495.60546875
118.67785573005676,2,4668.3,5886.23828125,20577.60546875
119.70485210418701,2,4628.0,5912.8984375,20697.60546875
120.73185110092163,2,4661.9,5841.6015625,20697.60546875
121.75866055488586,2,4684.9,5984.703125,20761.60546875
122.78684782981873,2,4658.8,6322.03125,20971.60546875
123.81184792518616,2,4624.4,6312.59375,21003.60546875
124.83984780311584,2,4645.8,6208.83984375,21003.60546875
125.86684608459473,2,4688.7,6159.43359375,21003.60546875
126.89584589004517,2,4701.9,6154.42578125,21115.60546875
127.9238498210907,2,4604.7,6271.84765625,21165.60546875
128.95072388648987,2,4663.7,6387.07421875,21217.60546875
129.97884845733643,2,4684.5,6417.62109375,21245.60546875
131.0058467388153,2,4697.6,6319.0390625,21361.60546875
132.03185725212097,2,4642.8,6352.06640625,21361.60546875
133.0588481426239,2,4673.8,6337.26953125,21361.60546875
134.08684515953064,2,4637.5,6334.79296875,21377.60546875
135.10984826087952,2,4669.0,6325.47265625,21377.60546875
136.13584303855896,2,4681.8,6272.42578125,21377.60546875
137.16184496879578,2,4644.5,6234.98046875,21377.60546875
138.18883991241455,2,4663.1,6218.3828125,21377.60546875
139.21584558486938,2,4700.2,6156.7578125,21405.60546875
140.2428424358368,2,4685.3,6197.8359375,21405.60546875
141.27384614944458,2,4621.4,6312.84765625,21457.60546875
142.30084538459778,2,4661.0,6400.98046875,21497.60546875
143.32784628868103,2,4720.2,6375.234375,21497.60546875
144.35484623908997,2,4660.2,6420.4765625,21597.60546875
145.38985776901245,2,4628.8,6354.39453125,21693.60546875
146.41584992408752,2,4624.3,6287.41796875,21693.60546875
147.44284629821777,2,4679.9,6292.6875,21693.60546875
148.4698429107666,2,4678.3,6292.0,21693.60546875
149.4957892894745,2,4622.3,6244.81640625,21693.60546875
150.5228455066681,2,4641.5,6189.60546875,21693.60546875
151.54984974861145,2,4677.1,6250.61328125,21819.60546875
152.57685708999634,2,4696.3,6330.00390625,21819.60546875
153.60385036468506,2,4626.5,6346.6796875,21819.60546875
154.6318483352661,2,4654.2,6403.8046875,21887.60546875
155.65884804725647,2,4671.4,6327.9375,21963.60546875
156.68684601783752,2,4682.2,6297.7890625,21963.60546875
157.71384477615356,2,4634.1,6278.08984375,21963.60546875
158.74084401130676,2,4663.8,6297.41015625,21983.60546875
159.76784491539001,2,4653.6,6253.265625,21983.60546875
160.79484272003174,2,4707.2,6265.75,21983.60546875
161.82184171676636,2,4680.5,6492.5703125,21983.60546875
162.8468496799469,2,4634.0,6436.3125,21983.60546875
163.87478947639465,2,4653.3,6472.59375,21983.60546875
164.90284609794617,2,4710.8,6405.65234375,21983.60546875
165.92984867095947,2,4647.9,6371.734375,22043.60546875
166.9558503627777,2,4618.7,6276.890625,22043.60546875
167.98283672332764,2,4642.0,6215.546875,22043.60546875
169.01084351539612,2,4697.0,6211.12109375,22123.60546875
170.03884267807007,2,4672.0,6309.125,22123.60546875
171.064843416214,2,4633.2,6380.4140625,22155.60546875
172.09177684783936,2,4649.9,6319.30078125,22155.60546875
173.12084126472473,2,4686.7,6317.76171875,22155.60546875
174.14883017539978,2,4665.2,6370.40625,22155.60546875
175.1747019290924,2,4647.2,6568.76953125,22159.60546875
176.20184135437012,2,4668.8,6737.12890625,22367.60546875
177.22885489463806,2,4690.8,6766.515625,22367.60546875
178.25584197044373,2,4684.5,6708.96484375,22367.60546875
179.28285098075867,2,4634.3,6706.96484375,22367.60546875
180.3098464012146,2,4664.1,6635.41796875,22367.60546875
181.335844039917,2,4673.8,6616.66796875,22367.60546875
182.36484551429749,2,4672.0,6489.46484375,22367.60546875
183.39468216896057,2,4647.5,6480.51953125,22367.60546875
184.42184734344482,2,4665.3,6458.7109375,22367.60546875
185.44884634017944,2,4682.9,6375.69921875,22411.60546875
186.47584509849548,2,4687.7,6373.27734375,22411.60546875
187.5108470916748,2,4632.6,6290.828125,22411.60546875
188.53784608840942,2,4649.7,6227.3203125,22411.60546875
189.56484270095825,2,4661.2,6192.76953125,22411.60546875
190.59184288978577,2,4700.2,6231.515625,22411.60546875
191.61884689331055,2,4637.8,6330.890625,22503.60546875
192.6478476524353,2,4644.4,6267.828125,22503.60546875
193.67484259605408,2,4645.7,6293.26953125,22503.60546875
194.70184803009033,2,4669.2,6368.609375,22503.60546875
195.7338433265686,2,4631.8,6432.390625,22503.60546875
196.7518434524536,2,4655.3,6424.8359375,22503.60546875
197.80686902999878,2,4653.1,6365.76171875,22503.60546875
198.8338487148285,2,4719.4,6397.2421875,22503.60546875
199.8608434200287,2,4657.3,6399.9296875,22503.60546875
200.88584446907043,2,4634.4,6415.84765625,22503.60546875
201.91284203529358,2,4657.0,6490.76953125,22503.60546875
202.94084191322327,2,4712.8,6605.2421875,22531.60546875
203.97587156295776,2,4697.4,6810.16796875,22563.60546875
205.02384614944458,2,4650.7,6838.828125,22563.60546875
206.050856590271,2,4657.2,6902.6875,22731.60546875
207.07784390449524,2,4645.4,6894.96484375,22731.60546875
208.1048457622528,2,4696.9,6893.05078125,22731.60546875
209.13184905052185,2,4645.5,6944.87109375,22783.60546875
210.15984439849854,2,4670.3,7022.7734375,22911.60546875
211.18917798995972,2,4653.4,7262.21484375,23071.60546875
212.2194046974182,2,4701.6,7217.015625,23071.60546875
213.24584484100342,2,4618.0,6949.328125,23095.60546875
214.27484369277954,2,4672.1,6928.30078125,23123.60546875
215.30184197425842,2,4634.3,6887.36328125,23215.60546875
216.328843832016,2,4708.1,6960.00390625,23215.60546875
217.35584115982056,2,4679.1,7107.70703125,23235.60546875
218.3686878681183,2,4631.5,7161.73828125,23315.60546875
219.3988447189331,2,4651.1,7144.42578125,23315.60546875
220.42584562301636,2,4701.9,7115.234375,23347.60546875
221.4498450756073,2,4652.4,7032.23046875,23347.60546875
222.47484278678894,2,4615.9,6925.9921875,23347.60546875
223.5018413066864,2,4629.3,6788.3359375,23347.60546875
224.52884340286255,2,4702.3,6838.5625,23379.60546875
225.55584335327148,2,4689.1,7056.14453125,23431.60546875
226.58178973197937,2,4650.5,7216.54296875,23695.60546875
227.6088466644287,2,4659.7,7172.4296875,23727.60546875
228.6358413696289,2,4669.0,7270.921875,23727.60546875
229.66284441947937,2,4701.9,7527.87890625,23727.60546875
230.6918487548828,2,4630.3,7605.8671875,23783.60546875
231.72199130058289,2,4668.3,7737.57421875,23847.60546875
232.75215315818787,2,4665.3,7728.5390625,23927.60546875
233.77884483337402,2,4695.2,7921.9609375,24047.60546875
234.80684614181519,2,4615.7,7715.8046875,24071.60546875
235.83760952949524,2,4653.6,7798.79296875,24071.60546875
236.86384773254395,2,4631.1,7700.734375,24071.60546875
237.89184713363647,2,4685.8,7636.359375,24103.60546875
238.9198567867279,2,4598.2,7397.26171875,24103.60546875
239.94684505462646,2,4641.7,7296.49609375,24103.60546875
240.97383975982666,2,4636.8,7348.484375,24103.60546875
242.00084257125854,2,4683.3,7356.6171875,24199.60546875
243.02884650230408,2,4626.6,7277.25390625,24199.60546875
244.0558512210846,2,4667.8,7245.76171875,24259.60546875
245.09235072135925,2,4646.4,7390.01171875,24335.60546875
246.1208460330963,2,4702.6,7520.65234375,24395.60546875
247.14784049987793,2,4647.8,7579.8515625,24395.60546875
248.17384505271912,2,4622.8,7810.5625,24395.60546875
249.201842546463,2,4651.9,7891.9765625,24395.60546875
250.22884964942932,2,4707.8,7882.28515625,24395.60546875
251.255845785141,2,4621.0,7580.9140625,24435.60546875
252.28084659576416,2,4620.5,7543.05859375,24539.60546875
253.31123638153076,2,4650.8,7596.84375,24539.60546875
254.33984994888306,2,4700.7,7873.2890625,24571.60546875
255.36991238594055,2,4658.8,8017.25390625,24571.60546875
256.39584612846375,2,4621.8,7790.8828125,24571.60546875
257.42284965515137,2,4635.1,7850.54296875,24615.60546875
258.4541189670563,2,4685.1,7945.29296875,24615.60546875
259.482848405838,2,4659.6,7890.85546875,24703.60546875
260.50884675979614,2,4616.3,7730.48046875,24703.60546875
261.5392072200775,2,4616.6,7586.03515625,24703.60546875
262.5678493976593,2,4676.0,7481.078125,24703.60546875
263.5948441028595,2,4665.5,7339.1953125,24703.60546875
264.62084555625916,2,4624.6,7355.65625,24771.60546875
265.6509373188019,2,4657.9,7234.1015625,24771.60546875
266.6777763366699,2,4702.0,7068.73046875,24771.60546875
267.7068476676941,2,4693.7,7221.57421875,24771.60546875
268.73384380340576,2,4641.2,7123.51171875,24771.60546875
269.7650258541107,2,4656.5,7182.5,24771.60546875
270.7918462753296,2,4655.4,7254.546875,24771.60546875
271.81884360313416,2,4668.9,7117.6328125,24855.60546875
272.8458456993103,2,4631.7,7141.35546875,24899.60546875
273.8748514652252,2,4651.9,7131.21484375,24899.60546875
274.90184259414673,2,4658.0,7234.11328125,24927.60546875
275.9298572540283,2,4710.2,7299.53125,24979.60546875
276.95684337615967,2,4651.2,7119.66796875,24979.60546875
277.98285269737244,2,4645.1,7208.6484375,25007.60546875
279.01296639442444,2,4651.4,7504.61328125,25307.60546875
280.0429754257202,2,4723.9,7442.9609375,25391.60546875
281.0732488632202,2,4659.6,7390.95703125,25391.60546875
282.09948444366455,2,4610.5,7364.015625,25391.60546875
283.12684392929077,2,4654.5,7231.0703125,25391.60546875
284.1538450717926,2,4679.9,7306.50390625,25391.60546875
285.1808412075043,2,4676.6,7368.859375,25391.60546875
286.20684361457825,2,4620.6,7273.6484375,25391.60546875
287.2337064743042,2,4659.1,7665.05859375,25397.60546875
288.2618455886841,2,4664.0,7908.5703125,25549.60546875
289.28888034820557,2,4679.8,7900.796875,25549.60546875
290.31484866142273,2,4628.6,7988.75,25549.60546875
291.34357738494873,2,4641.2,7963.25,25549.60546875
292.37184619903564,2,4663.8,7944.44140625,25723.60546875
293.3998634815216,2,4703.0,7960.203125,26055.60546875
294.4148471355438,2,4670.9,7935.6875,26055.60546875
295.44001293182373,2,4620.7,7970.8046875,26055.60546875
296.45484614372253,2,4641.8,7921.20703125,26055.60546875
297.4818494319916,2,4690.3,7843.21484375,26055.60546875
298.5087766647339,2,4666.5,8115.00390625,26131.60546875
299.5358443260193,2,4630.7,8644.37109375,26841.60546875
300.56597423553467,2,4665.7,9051.90234375,27321.60546875
301.59615659713745,2,4664.4,9457.6640625,27641.60546875
302.6248457431793,2,4667.1,9582.42578125,27649.60546875
303.6508481502533,2,4615.2,9830.75390625,28033.60546875
304.68112874031067,2,4626.5,10145.21484375,28117.60546875
305.70984649658203,2,4696.0,10134.6015625,28565.60546875
306.7368428707123,2,4684.4,10444.47265625,28597.60546875
307.76385498046875,2,4620.7,10429.58203125,28625.60546875
308.79484581947327,2,4641.5,11091.26171875,29123.60546875
309.82184314727783,2,4657.9,11069.40625,29123.60546875
310.8488435745239,2,4662.0,11117.95703125,29127.60546875
311.8778450489044,2,4617.0,11107.97265625,29127.60546875
312.9047064781189,2,4126.7,10994.75390625,29127.60546875
313.9180943965912,2,3686.3,10992.1953125,29127.60546875
314.9321074485779,2,3634.5,10969.453125,29127.60546875
315.945152759552,2,3477.2,10941.44140625,29127.60546875
316.9592185020447,2,3386.9,10858.9453125,29127.60546875
317.97309827804565,2,3371.4,10732.90234375,29127.60546875
318.9869272708893,2,3300.3,10715.96875,29171.60546875
320.000474691391,2,3160.6,10591.6640625,29275.60546875
321.01100182533264,2,2927.5,10951.26953125,29435.60546875
322.0244860649109,2,2649.8,10553.34765625,29435.60546875
323.037770986557,2,2464.1,10352.28515625,29435.60546875
324.0491063594818,2,2267.1,10516.2109375,29611.60546875
325.0618574619293,2,2153.3,10795.43359375,29935.60546875
326.0742702484131,2,2035.6,10843.4140625,30235.60546875
327.08626532554626,2,1990.7,10374.421875,30291.60546875
328.09696197509766,2,1952.7,10478.234375,30583.60546875
329.1094253063202,2,1894.7,10436.4609375,30583.60546875
330.12115454673767,2,1861.9,10515.765625,30687.60546875
331.13249683380127,2,1794.6,10181.67578125,30687.60546875
332.14387464523315,2,1794.8,10005.00390625,30687.60546875
333.1557137966156,2,1793.9,9834.87890625,30687.60546875
334.16693329811096,2,1795.0,9931.890625,30687.60546875
335.17693519592285,2,1696.3,9770.23046875,30687.60546875
336.18857049942017,2,1647.8,9588.6015625,30687.60546875
337.1996281147003,2,1597.3,9592.34375,30687.60546875
338.21073389053345,2,1596.7,9559.7421875,30687.60546875
339.2222068309784,2,1543.4,9442.625,30687.60546875
340.2322840690613,2,1496.3,9409.41796875,30687.60546875
341.2448241710663,2,1498.3,9283.75,30687.60546875
342.2552671432495,2,1495.4,9183.0,30687.60546875
343.26564383506775,2,1448.8,9078.640625,30687.60546875
344.27611088752747,2,1287.6,9223.75,30927.60546875
345.2864987850189,2,1099.1,8969.93359375,30927.60546875
346.2973384857178,2,1098.5,8889.515625,30927.60546875
347.3078088760376,2,918.6,8779.7578125,30927.60546875
348.31695652008057,2,727.8,8639.18359375,30927.60546875
349.32683181762695,2,602.3,8589.3984375,30927.60546875
350.3362114429474,2,431.0,8594.76171875,30927.60546875
351.3453788757324,2,358.7,8951.671875,31303.60546875
352.3546054363251,2,303.1,8510.41015625,31303.60546875
353.36419701576233,2,304.2,8277.50390625,31303.60546875
354.3734350204468,2,306.2,8125.1640625,31303.60546875
355.38249015808105,2,304.7,7973.6015625,31303.60546875
356.39324474334717,2,303.2,7840.6953125,31303.60546875
357.40239906311035,2,305.2,7746.46484375,31303.60546875
358.41158652305603,2,306.1,7525.90234375,31303.60546875
359.4210801124573,2,302.2,7435.01171875,31303.60546875
360.4303615093231,2,301.1,7700.11328125,31303.60546875
361.43984508514404,2,301.2,7570.796875,31303.60546875
362.4491171836853,2,300.1,7699.4609375,31303.60546875
363.45883893966675,2,300.2,7826.95703125,31303.60546875
364.4681746959686,2,299.3,7682.5625,31303.60546875
365.47734451293945,2,299.9,7796.66796875,31303.60546875
366.48752617836,2,301.7,7814.28125,31303.60546875
367.495192527771,2,299.4,7807.875,31303.60546875
368.5038712024689,2,301.2,7845.296875,31303.60546875
369.51328229904175,2,305.3,7716.2890625,31303.60546875
370.52222776412964,2,308.3,7567.87890625,31303.60546875
371.53098487854004,2,301.2,7640.72265625,31303.60546875
372.5401403903961,2,301.4,7746.46875,31303.60546875
373.5487458705902,2,302.4,8123.203125,31303.60546875
374.55738067626953,2,300.9,8275.08203125,31303.60546875
375.5675935745239,2,302.3,8273.10546875,31303.60546875
376.5763838291168,2,302.3,7446.4296875,31303.60546875
377.585232257843,2,302.2,7734.28515625,31303.60546875
378.59437680244446,2,299.3,7473.91796875,31303.60546875
379.60338020324707,2,303.3,7452.83203125,31303.60546875
380.61242604255676,2,304.2,7387.29296875,31303.60546875
381.6214838027954,2,305.2,7310.57421875,31303.60546875
382.63060092926025,2,303.3,7224.1484375,31303.60546875
383.63955521583557,2,303.2,7129.11328125,31303.60546875
384.6486918926239,2,304.3,6966.6953125,31303.60546875
385.6574242115021,2,228.0,7033.421875,31303.60546875
386.6661021709442,2,200.2,6987.62109375,31303.60546875
387.6750409603119,2,201.2,7329.66796875,31303.60546875
388.68375277519226,2,200.3,7724.40234375,31303.60546875
389.69239115715027,2,201.2,7670.23828125,31303.60546875
390.7013609409332,2,203.2,7623.41015625,31303.60546875
391.71021580696106,2,203.3,7238.3125,31303.60546875
392.718514919281,2,202.1,7406.53515625,31303.60546875
393.72769689559937,2,201.4,7449.0390625,31303.60546875
394.73543977737427,2,202.2,6949.61328125,31303.60546875
395.74451780319214,2,200.2,7131.85546875,31303.60546875
396.7536790370941,2,200.2,7286.39453125,31303.60546875
397.76254653930664,2,200.5,7295.1640625,31303.60546875
398.7700548171997,2,207.1,6664.83984375,31303.60546875
399.77921533584595,2,202.1,6640.83984375,31303.60546875
400.7885217666626,2,202.2,6608.7421875,31303.60546875
401.79766488075256,2,202.2,6567.21484375,31303.60546875
402.80670046806335,2,201.0,6546.17578125,31303.60546875
403.8167064189911,2,203.1,6499.859375,31303.60546875
404.8259127140045,2,200.2,6603.3203125,31303.60546875
405.8351128101349,2,132.8,6873.6015625,31303.60546875
406.844349861145,2,101.1,6995.96875,31303.60546875
407.85320711135864,2,109.0,6407.72265625,31303.60546875
408.862122297287,2,103.1,6365.30859375,31303.60546875
409.8707938194275,2,103.1,6279.96484375,31303.60546875
410.8797676563263,2,104.1,6156.7421875,31303.60546875
411.88872170448303,2,105.1,6042.08203125,31303.60546875
412.8975386619568,2,103.1,5935.1015625,31303.60546875
413.9066755771637,2,103.0,5895.4609375,31303.60546875
414.9159154891968,2,101.1,5844.890625,31303.60546875
415.9250559806824,2,101.1,5975.1484375,31303.60546875
416.93384194374084,2,100.1,6522.171875,31303.60546875
417.9428198337555,2,101.1,6599.08203125,31303.60546875
418.95161867141724,2,102.1,6157.94140625,31303.60546875
419.9606158733368,2,100.1,6136.2421875,31303.60546875
420.96978855133057,2,103.1,6093.6328125,31303.60546875
421.9785282611847,2,104.0,6035.0,31303.60546875
422.98784160614014,2,101.1,5984.8828125,31303.60546875
423.99723052978516,2,100.1,5947.51171875,31303.60546875
425.006174325943,2,100.0,5960.109375,31303.60546875
426.01570558547974,2,100.0,6111.35546875,31303.60546875
427.025607585907,2,100.1,6261.26171875,31303.60546875
428.034387588501,2,101.1,6395.2265625,31303.60546875
429.04314136505127,2,100.2,6542.53125,31815.60546875
430.0508563518524,2,100.2,6661.55078125,31827.60546875
431.0593295097351,2,100.1,6695.125,31827.60546875
432.06828236579895,2,101.1,6857.71484375,31827.60546875
433.076833486557,2,101.1,6694.90234375,31827.60546875
434.08595752716064,2,102.1,6886.5625,31827.60546875
435.0948226451874,2,104.1,6685.5,31827.60546875
436.103529214859,2,100.1,6837.54296875,31827.60546875
437.1123902797699,2,107.0,6552.171875,31827.60546875
438.1212785243988,2,100.1,6622.828125,31827.60546875
439.1302897930145,2,103.0,6406.86328125,31827.60546875
440.1398320198059,2,102.9,6317.7109375,31827.60546875
441.15043210983276,2,103.0,6240.203125,31827.60546875
442.16001415252686,2,104.0,6155.22265625,31827.60546875
443.1691393852234,2,104.1,6058.9375,31827.60546875
444.1782491207123,2,102.1,5967.578125,31827.60546875
445.18723583221436,2,105.1,5322.890625,31827.60546875
446.19612169265747,2,112.1,5084.0703125,31827.60546875
447.20451736450195,2,670.3,3785.1328125,32027.61328125
448.21454524993896,2,113.7,3523.484375,32027.61328125
449.22563910484314,2,108.9,3396.71875,32123.69921875
450.2359712123871,2,110.1,3406.56640625,32715.69921875
451.24388575553894,2,1662.8,4060.36328125,32715.69921875
452.2549338340759,2,724.2,5495.61328125,40395.78515625
453.2680313587189,2,1869.4,6700.1796875,37835.7734375
454.2790951728821,2,885.5,3905.3828125,43979.73046875
455.29183435440063,2,3657.9,5237.00390625,43979.73046875
456.3180561065674,2,4515.0,6369.17578125,43979.73046875
457.32910919189453,2,2940.1,6715.671875,43979.73046875
458.3382775783539,2,2447.4,6755.90234375,43979.73046875
459.349538564682,2,1165.3,3955.796875,43979.73046875
460.3638324737549,2,3719.7,5705.734375,43979.73046875
461.4008369445801,2,4458.9,7563.98828125,44007.73046875
462.44106340408325,2,3084.8,7720.5234375,44007.73046875
463.4558367729187,2,3492.7,8316.48828125,44007.73046875
464.4773619174957,2,2440.3,8471.00390625,44007.73046875
465.4908068180084,2,3236.0,8536.65234375,44007.73046875
466.50183868408203,2,2025.5,3439.5390625,41959.69921875
467.52882528305054,2,4680.5,3317.078125,41959.69921875
468.55283308029175,2,4660.3,3246.1953125,41959.69921875
469.57283091545105,2,4203.5,3313.796875,41959.69921875
470.58584237098694,2,4595.5,3347.484375,41959.69921875
471.61067152023315,2,2508.5,3279.59375,41959.69921875
472.61920499801636,2,101.1,3244.578125,41959.69921875
473.62763595581055,2,100.3,3207.51171875,41959.69921875
474.63511633872986,2,124.0,3485.78515625,42029.71875
475.6428916454315,2,100.3,3816.5234375,42029.71875
476.6497268676758,2,100.1,4142.46875,42029.71875
477.6583962440491,4,26.8,4448.28515625,42300.2890625
478.66753363609314,4,101.2,4666.015625,42533.359375
479.6757390499115,4,101.1,4871.140625,42752.37109375
480.6851098537445,4,99.1,5074.921875,42961.98828125
481.69396567344666,4,99.1,5373.11328125,43265.046875
482.7027380466461,4,100.9,5692.52734375,43588.47265625
483.71341276168823,4,101.8,6019.62109375,43938.32421875
484.7256135940552,4,99.9,6363.37109375,44289.0625
485.7365117073059,4,99.9,6704.00390625,44638.3984375
486.747563123703,4,98.9,7023.3984375,44959.50390625
487.75829315185547,4,99.9,7367.15234375,45307.9375
488.769339799881,4,99.9,7718.04296875,45658.8203125
489.7802951335907,4,100.9,8047.58203125,45992.55859375
490.7913682460785,4,98.9,8384.5703125,46329.51953125
491.80231499671936,4,99.9,8734.5703125,46679.5
492.81321692466736,4,99.9,9086.18359375,47031.15625
493.8246319293976,4,99.0,9419.2578125,47364.37890625
494.8347854614258,4,100.9,9754.8828125,47700.05078125
495.84608340263367,4,99.8,10104.35546875,48049.515625
496.8576748371124,4,99.8,10455.76953125,48400.9140625
497.869535446167,4,99.0,10783.06640625,48728.20703125
498.8797695636749,4,99.9,11124.11328125,49069.29296875
499.89121866226196,4,99.8,11472.82421875,49418.62890625
500.902871131897,4,99.9,11823.7265625,49769.51171875
501.9137554168701,4,100.7,12143.2578125,50089.0703125
502.92634320259094,4,99.8,12491.578125,50437.375
503.9379298686981,4,99.9,12840.87890625,50786.7109375
504.949031829834,4,98.8,13191.9140625,51137.72265625
505.9608600139618,4,100.8,13510.0234375,51455.86328125
506.97256422042847,4,99.9,13856.7421875,51802.4921875
507.9832694530487,4,98.8,14207.01953125,52152.859375
508.9950301647186,4,99.9,14407.3984375,52353.1796875
510.0057621002197,4,99.9,14434.34765625,52380.12109375
511.017160654068,4,99.8,14799.5546875,52803.09375
512.0287709236145,4,99.9,14535.21484375,52480.765625
513.0398054122925,5,0.0,4396.7890625,42598.36328125
514.0514054298401,5,98.8,4596.0859375,42794.7890625
515.0634272098541,2,79.1,3167.51171875,42029.703125
516.0758323669434,2,1582.0,4484.265625,43053.765625
517.1018354892731,2,3981.1,5151.6640625,47149.828125
518.1269009113312,2,4664.5,5183.6640625,47149.828125
519.1514618396759,2,2962.2,5652.1015625,49197.859375
520.1596982479095,2,100.1,6046.015625,49197.859375
521.1683077812195,2,100.2,6428.0,49197.859375
522.176454782486,4,53.6,6747.0703125,49445.87109375
523.1847507953644,4,99.2,7078.0703125,49776.91015625
524.1932775974274,4,100.1,7397.265625,50096.08203125
525.2023973464966,4,100.2,7730.40625,50429.17578125
526.210786819458,4,100.1,8075.5078125,50774.7890625
527.2200524806976,4,100.1,8403.5703125,51102.85546875
528.2292382717133,4,98.9,8713.1015625,51412.359375
529.2406799793243,4,100.9,9042.0859375,51741.45703125
530.2515163421631,4,100.8,9353.359375,52062.3046875
531.2631766796112,4,99.8,9649.35546875,52358.3046875
532.2747151851654,4,99.9,9981.93359375,52690.8828125
533.2854273319244,4,98.9,10316.2109375,53025.13671875
534.296558380127,4,101.0,10681.984375,53390.84375
535.3064730167389,4,98.9,11030.94140625,53739.79296875
536.3178601264954,4,99.8,11403.52734375,54112.58984375
537.3297398090363,4,99.8,11775.47265625,54484.484375
538.3415794372559,4,100.0,12129.5546875,54838.58984375
539.3512253761292,4,99.9,12482.6796875,55194.88671875
540.362226486206,4,98.8,12855.87109375,55568.0703125
541.3739082813263,4,100.9,13226.59765625,55938.8046875
542.3853108882904,4,100.0,13577.13671875,56289.4296875
543.3955781459808,4,99.8,13940.984375,56653.203125
544.4079608917236,4,99.8,14312.81640625,57025.09765625
545.4195702075958,4,98.9,14681.64453125,57395.9609375
546.4302885532379,4,100.5,15022.80078125,57737.17578125
547.4455463886261,4,99.4,15395.4375,58109.71484375
548.4617264270782,4,100.9,15766.35546875,58480.70703125
549.4727714061737,4,99.9,16138.30859375,58852.6015625
550.4833900928497,4,98.8,16480.44921875,59194.71875
551.4952867031097,4,99.8,16851.5078125,59565.83984375
552.5071532726288,4,100.8,17226.28125,59940.5703125
553.5185942649841,4,99.0,17594.6796875,60308.984375
554.5284600257874,4,100.8,17939.1796875,60653.55078125
555.5400788784027,4,98.9,18311.24609375,61025.57421875
556.5510799884796,4,99.9,18684.1171875,61398.5
557.5622234344482,4,99.9,19037.1875,61751.4453125
558.5730726718903,4,98.9,19394.78125,62109.16015625
559.5843553543091,4,100.8,19567.40234375,62281.765625
560.5960340499878,4,99.8,19584.015625,62298.39453125
561.6080968379974,4,99.8,19584.015625,62298.39453125
562.6199779510498,4,99.9,19584.08203125,62298.39453125
563.6309285163879,4,98.9,19692.6015625,62427.53125
564.6421456336975,4,99.9,20176.4375,62998.03515625
565.6534337997437,4,100.0,20210.4375,63027.25
566.6639528274536,4,99.8,20164.65234375,62881.1640625
567.6756591796875,4,99.9,6495.0859375,49204.9375
568.6868627071381,5,0.0,7155.0625,50142.42578125
569.6977815628052,5,98.8,7380.953125,50448.96484375
570.7100009918213,2,16.8,5531.30859375,49902.73828125
571.7225868701935,2,98.9,5557.453125,49902.73828125
572.7334215641022,2,99.9,5548.859375,49902.73828125
573.7442102432251,2,100.0,5555.4296875,49902.73828125
574.754029750824,2,818.3,6915.0078125,49390.70703125
575.7658405303955,2,150.5,7067.80078125,49390.70703125
576.7758214473724,2,215.1,7087.60546875,49390.70703125
577.7848646640778,2,469.9,7133.98046875,49390.70703125
578.7968549728394,2,1748.5,11167.8671875,49390.70703125
579.8138318061829,2,4154.9,13423.4765625,49390.70703125
580.8388311862946,2,4562.3,14139.69921875,49390.70703125
581.8608393669128,2,4379.0,14473.6484375,49390.70703125
582.881520986557,2,3542.7,14725.89453125,49390.70703125
583.8918328285217,2,3817.5,14873.44140625,49390.70703125
584.903844833374,2,2740.3,15439.359375,49390.70703125
585.9278333187103,2,1763.2,15293.74609375,49390.70703125
586.9358570575714,2,3325.6,15422.66015625,49390.70703125
587.9452292919159,2,950.3,8099.5234375,49390.70703125
588.9532954692841,2,180.5,8057.86328125,49390.70703125
589.9613962173462,2,247.8,7831.7421875,49390.70703125
590.970107793808,2,1062.6,7627.6953125,49390.70703125
591.9780249595642,2,1375.6,9502.41796875,49422.70703125
592.9868352413177,2,3302.0,13066.5390625,49422.70703125
594.0078389644623,2,4540.4,14151.8125,49422.70703125
595.0337150096893,2,4506.2,14284.859375,55566.70703125
596.0551996231079,2,3354.9,14545.23046875,55566.70703125
597.0668318271637,2,3424.6,14830.8359375,55566.70703125
598.0803880691528,2,2521.1,15357.87890625,55566.70703125
599.0921761989594,2,1592.2,15374.18359375,55566.70703125
600.1046116352081,2,3489.3,15450.45703125,55566.70703125
601.1118335723877,2,1177.1,8490.03515625,55790.70703125
602.1279346942902,2,862.4,8163.18359375,55790.70703125
603.1358351707458,2,1223.6,7893.81640625,55790.70703125
604.167501449585,2,1357.3,10546.0625,55790.70703125
605.1817033290863,2,4395.9,12379.09765625,55790.70703125
606.1958436965942,2,4576.1,13787.18359375,55790.70703125
607.2222604751587,2,4189.0,13954.71484375,55790.70703125
608.2333295345306,2,3790.2,14277.2890625,55790.70703125
609.2548260688782,2,3954.8,13991.12890625,55790.70703125
610.2673079967499,2,2870.3,14303.9765625,55790.70703125
611.2888340950012,2,2665.1,14296.9921875,55790.70703125
612.3008511066437,2,1766.1,7371.43359375,55790.70703125
613.3096196651459,2,1184.6,8593.16796875,55790.70703125
614.3178417682648,2,1387.4,8075.4609375,55790.70703125
615.3567500114441,2,891.4,7880.48046875,55790.70703125
616.3728559017181,2,2911.7,12228.671875,55790.70703125
617.4008331298828,2,4516.0,12722.8671875,55790.70703125
618.4271910190582,2,4394.5,13837.01171875,55790.70703125
619.4348754882812,2,3660.3,14799.88671875,55790.70703125
620.480884552002,2,4431.3,14685.8203125,55790.70703125
621.5254149436951,2,3403.3,14455.44921875,55790.70703125
622.5366969108582,2,2145.3,14302.6328125,55790.70703125
623.547322511673,2,3059.8,14432.58984375,55790.70703125
624.5548324584961,2,1271.3,8464.953125,55790.70703125
625.5629110336304,2,766.3,8154.234375,55790.70703125
626.577835559845,2,1239.4,7924.93359375,55790.70703125
627.6117486953735,2,1566.6,10742.45703125,55790.70703125
628.6247539520264,2,4418.7,12396.20703125,55790.70703125
629.6663846969604,2,4492.4,13803.44140625,55790.70703125
630.6815741062164,2,3997.4,13994.91015625,55790.70703125
631.6924242973328,2,3869.0,14746.26171875,55790.70703125
632.7148396968842,2,4276.1,13971.91796875,55790.70703125
633.730836391449,2,2657.3,14355.09375,55790.70703125
634.7560431957245,2,2715.9,14338.0234375,55790.70703125
635.7699937820435,2,1406.2,7895.9609375,55790.70703125
636.7788314819336,2,1207.0,8643.2890625,55790.70703125
637.7863781452179,2,1264.2,8133.3671875,55790.70703125
638.7941229343414,2,1160.5,7915.6015625,55790.70703125
639.805027961731,2,2926.1,11691.92578125,55790.70703125
640.8192491531372,2,4373.9,12653.1953125,55790.70703125
641.8418335914612,2,4506.8,13581.5625,55790.70703125
642.8586916923523,2,3813.5,14244.47265625,55790.70703125
643.8688893318176,2,4324.1,14967.046875,55790.70703125
644.9183342456818,2,3917.7,14559.51953125,55790.70703125
645.9294171333313,2,2279.2,14598.30859375,55790.70703125
646.9400782585144,2,3278.9,14469.0234375,55790.70703125
647.9524056911469,2,671.0,8423.23046875,56046.70703125
648.9612529277802,2,1332.3,8420.68359375,56046.70703125
649.9730849266052,2,1302.7,8148.875,56046.70703125
650.980854511261,2,1439.7,8280.03515625,56046.70703125
651.988719701767,2,3055.8,11648.5,56046.70703125
653.0108420848846,2,4492.3,12450.56640625,56046.70703125
654.0364286899567,2,4291.9,13605.625,56046.70703125
655.0488705635071,2,3780.3,14490.4921875,56046.70703125
656.0948441028595,2,4212.9,13672.578125,56046.70703125
657.1109449863434,2,2973.5,14109.46484375,56046.70703125
658.1183948516846,2,2592.9,14056.71875,56046.70703125
659.1304256916046,2,2604.0,12052.71484375,56046.70703125
660.1387522220612,2,1229.4,8761.25,56046.70703125
661.1481750011444,2,957.8,8336.92578125,56046.70703125
662.1557533740997,2,1293.7,8080.37890625,56046.70703125
663.1648712158203,2,2064.9,11118.0625,56046.70703125
664.1918330192566,2,4413.6,11773.84375,56046.70703125
665.2106323242188,2,4479.0,12997.50390625,56046.70703125
666.2227039337158,2,3721.3,13621.0625,56046.70703125
667.2308735847473,2,4275.0,14409.84375,56046.70703125
668.2836947441101,2,3748.4,13920.84375,56046.70703125
669.2923736572266,2,2232.3,13949.33984375,56046.70703125
670.3030400276184,2,3278.9,14037.1953125,56046.70703125
671.3118348121643,2,700.4,8660.09375,56046.70703125
672.3310070037842,2,1301.1,8383.16796875,56046.70703125
673.3409721851349,2,1476.3,8191.66796875,56046.70703125
674.3494338989258,2,1009.3,8824.73046875,56046.70703125
675.3598346710205,2,3540.4,11699.078125,56046.70703125
676.3738417625427,2,4523.3,12833.84765625,56046.70703125
677.401524066925,2,4433.6,13539.1484375,56046.70703125
678.4287073612213,2,3648.7,14464.63671875,56046.70703125
679.4708361625671,2,4080.1,13580.890625,56046.70703125
680.4875586032867,2,2864.5,13996.46484375,56046.70703125
681.5157589912415,2,2671.0,13916.23046875,56046.70703125
682.5285680294037,2,2328.2,7460.53125,56558.71484375
683.5360221862793,2,1411.6,9265.8203125,56046.70703125
684.5468375682831,2,797.3,8258.4609375,56046.70703125
685.5568478107452,2,1228.8,8025.171875,56046.70703125
686.5806188583374,2,1512.7,10855.421875,56046.70703125
687.5958344936371,2,4415.0,12574.8359375,56046.70703125
688.616317987442,2,4505.2,14606.8828125,56046.70703125
689.6298396587372,2,4351.3,14172.22265625,56046.70703125
690.6398701667786,2,3664.1,15030.9140625,56046.70703125
691.6897387504578,2,3966.2,14240.5234375,56046.70703125
692.7018346786499,2,2931.1,14645.3515625,56046.70703125
693.7248334884644,2,2588.8,14631.96875,56046.70703125
694.7367963790894,2,2378.2,7357.05859375,56558.71484375
695.7462193965912,2,1442.5,8598.58984375,56046.70703125
696.7562386989594,2,972.2,7875.44921875,56046.70703125
697.765344619751,2,1278.1,10619.921875,56046.70703125
698.7738063335419,2,3776.9,13161.65625,56046.70703125
699.7888419628143,2,4510.6,13755.390625,56046.70703125
700.8140180110931,2,4420.2,13405.4609375,56046.70703125
701.8287007808685,2,4000.2,14660.22265625,56046.70703125
702.8398714065552,2,4161.7,15604.69921875,56046.70703125
703.9008765220642,2,4347.2,15531.234375,56046.70703125
704.9518311023712,2,4214.7,14793.3671875,56046.70703125
705.9638338088989,2,2821.3,15153.5234375,56046.70703125
706.9838390350342,2,2785.8,15190.140625,56046.70703125
707.9958333969116,2,1783.1,7642.69921875,56046.70703125
709.0152533054352,2,1611.2,9307.9296875,56046.70703125
710.0228703022003,2,3224.4,12635.28125,56046.70703125
711.0638446807861,2,4453.2,13345.3984375,56046.70703125
712.0897498130798,2,4152.5,12772.0078125,56046.70703125
713.1118719577789,2,4206.2,13628.19140625,56046.70703125
714.1618890762329,2,4551.4,13531.00390625,56046.70703125
715.2058343887329,2,3886.0,13229.7109375,56046.70703125
716.2208340167999,2,2322.9,13324.9609375,56046.70703125
717.2338328361511,2,2078.1,7229.48828125,56046.70703125
718.2540674209595,2,1662.8,8917.5625,56046.70703125
719.2628726959229,2,3050.8,12383.87890625,56046.70703125
720.281866312027,2,4489.8,12902.51953125,56046.70703125
721.2948327064514,2,4398.4,12639.4375,56046.70703125
722.316880941391,2,4183.9,13526.0078125,56046.70703125
723.3597905635834,2,4381.0,13501.0390625,56046.70703125
724.408834695816,2,3987.7,13059.50390625,56046.70703125
725.4189078807831,2,2285.4,13222.06640625,56046.70703125
726.4265611171722,2,2145.6,6810.2890625,56046.70703125
727.4333207607269,2,100.1,7410.5859375,56046.70703125
728.4424996376038,2,1461.2,8556.38671875,56046.70703125
729.4519395828247,2,1036.1,7480.75,56046.70703125
730.4608678817749,2,3135.1,10000.95703125,56046.70703125
731.4808428287506,2,4371.9,11314.2421875,56046.70703125
732.50683426857,2,4398.1,13182.69140625,56046.70703125
733.5160684585571,2,4019.5,13319.5859375,56046.70703125
734.531439781189,2,3846.3,13327.01171875,56046.70703125
735.5421514511108,2,3010.5,13848.82421875,56046.70703125
736.5508348941803,2,2239.6,13804.93359375,56046.70703125
737.5623459815979,2,2667.2,13550.60546875,56046.70703125
738.5696532726288,2,103.1,7741.44140625,56046.70703125
739.5788068771362,2,1450.5,9054.69921875,56046.70703125
740.5881068706512,2,1086.5,7817.20703125,56046.70703125
741.6006681919098,2,3413.9,10157.109375,56046.70703125
742.6128425598145,2,4366.0,11566.6328125,56046.70703125
743.6450927257538,2,4363.4,13003.30859375,56046.70703125
744.6595592498779,2,3959.1,13098.23046875,56046.70703125
745.6673035621643,2,3790.2,13116.4296875,56046.70703125
746.6778335571289,2,2954.9,13518.125,56046.70703125
747.6936955451965,2,2664.8,13417.34375,56046.70703125
748.7061920166016,2,1468.8,7844.61328125,56046.70703125
749.7149453163147,2,1516.7,8966.05859375,56046.70703125
750.723153591156,2,874.7,8166.00390625,56046.70703125
751.731386423111,2,1435.4,7852.0703125,56046.70703125
752.7648317813873,2,3524.8,10303.78125,56046.70703125
753.785845041275,2,4431.5,11608.54296875,56046.70703125
754.8128345012665,2,4318.4,12807.0390625,56046.70703125
755.8338580131531,2,3916.0,13832.0,56046.70703125
756.8828320503235,2,3414.3,13242.6953125,56046.70703125
757.8945000171661,2,2500.6,13604.86328125,56046.70703125
758.9044892787933,2,2639.1,13564.671875,56046.70703125
759.9147219657898,2,1800.6,7367.9921875,56046.70703125
760.9236872196198,2,1515.3,9265.171875,56046.70703125
761.9327063560486,2,679.4,8148.06640625,56046.70703125
762.9409556388855,2,1212.5,7898.30859375,56046.70703125
763.950385093689,2,2491.4,9480.23828125,56046.70703125
764.9638369083405,2,4045.3,11315.0703125,56046.70703125
765.9748430252075,2,4514.1,13408.85546875,56046.70703125
767.0018408298492,2,4438.2,14179.9296875,56046.70703125
768.0236315727234,2,4120.7,14946.734375,56046.70703125
769.0368452072144,2,3217.0,15307.3984375,56046.70703125
770.0639097690582,2,3276.5,15665.53515625,56046.70703125
771.0745451450348,2,2392.0,16297.0234375,56046.70703125
772.0824475288391,2,1771.2,16161.796875,56046.70703125
773.0937747955322,2,3270.9,16467.53125,56046.70703125
774.1019277572632,2,589.2,8071.0234375,56366.70703125
775.1116518974304,2,1607.9,8410.65625,56366.70703125
776.1186156272888,2,826.9,8193.796875,56366.70703125
777.1309700012207,2,1217.5,7921.0234375,56366.70703125
778.138839006424,2,3461.1,10360.62109375,56366.70703125
779.1568434238434,2,4195.5,11282.35546875,56366.70703125
780.1758074760437,2,4503.6,14354.8828125,56366.70703125
781.1868357658386,2,4055.4,14415.546875,56366.70703125
782.2078831195831,2,3802.7,15666.6015625,56366.70703125
783.2478313446045,2,3332.3,15068.30078125,56366.70703125
784.2630753517151,2,2854.4,16097.875,56366.70703125
785.2725489139557,2,1734.6,16019.47265625,56366.70703125
786.281436920166,2,3751.4,16241.76171875,56366.70703125
787.2882926464081,2,657.4,7866.01953125,56878.71484375
788.2968623638153,2,1533.0,9408.64453125,56366.70703125
789.3066430091858,2,643.6,8319.74609375,56366.70703125
790.3158400058746,2,1322.1,7978.19921875,56366.70703125
791.3386607170105,2,2212.5,9190.203125,56366.70703125
792.3538343906403,2,4405.6,10719.20703125,56366.70703125
793.3781723976135,2,4404.4,11796.71484375,56366.70703125
794.3914465904236,2,4259.4,13156.41796875,56366.70703125
795.4021592140198,2,3339.9,13301.78515625,56366.70703125
796.4135475158691,2,3304.3,13932.515625,56366.70703125
797.4218330383301,2,1978.6,13937.41015625,56366.70703125
798.4321212768555,2,3095.1,14043.1015625,56366.70703125
799.4438316822052,2,1512.3,8885.5625,56366.70703125
800.4599368572235,2,746.2,8372.6953125,56366.70703125
801.470300912857,2,1187.1,8116.67578125,56366.70703125
802.4769561290741,2,3174.5,9778.796875,56366.70703125
803.4908356666565,2,4377.0,11234.34375,56366.70703125
804.516265630722,2,4453.8,11701.93359375,56366.70703125
805.5318462848663,2,4279.9,13315.50390625,56366.70703125
806.5448477268219,2,3188.8,13813.37109375,56366.70703125
807.5658326148987,2,3717.1,14399.4765625,56366.70703125
808.5789160728455,2,1761.9,14338.2109375,56366.70703125
809.5879058837891,2,3114.3,14378.82421875,56366.70703125
810.5999171733856,2,1210.0,7952.6328125,56366.70703125
811.6080238819122,2,1600.4,8416.6953125,56366.70703125
812.6165254116058,2,748.3,8282.109375,56366.70703125
813.6255028247833,2,763.1,8113.66015625,56366.70703125
814.6348354816437,2,2660.8,7856.87890625,56366.70703125
815.6828355789185,2,3470.0,10220.8984375,56366.70703125
816.7001194953918,2,4554.2,12976.2265625,56366.70703125
817.7188351154327,2,4427.0,12882.0,56366.70703125
818.7394731044769,2,3587.0,13174.58203125,56366.70703125
819.7548325061798,2,3455.3,13878.21484375,56366.70703125
820.7659516334534,2,1437.5,13811.8125,56366.70703125
821.7739517688751,2,3255.3,13996.23046875,56366.70703125
822.7830011844635,2,803.2,8582.80078125,56366.70703125
823.7929441928864,2,1370.2,8194.95703125,56366.70703125
824.8021492958069,2,812.7,8023.390625,56366.70703125
825.8098769187927,2,929.5,7883.5,56366.70703125
826.8184962272644,2,2878.7,9147.94140625,56366.70703125
827.8314409255981,2,4398.1,10854.7265625,56366.70703125
828.8448231220245,2,4386.6,11519.52734375,56366.70703125
829.859836101532,2,4460.5,13014.82421875,56366.70703125
830.8798408508301,2,2851.3,13299.33984375,56366.70703125
831.9061949253082,2,2980.1,13933.05859375,56366.70703125
832.9180111885071,2,1872.4,13978.59765625,56366.70703125
833.930153131485,2,2683.3,14107.37890625,56366.70703125
834.9399843215942,2,1527.8,8712.4296875,56366.70703125
835.951833486557,2,855.6,8189.7109375,56366.70703125
836.9727029800415,2,715.1,8080.72265625,56366.70703125
837.9828360080719,2,1935.4,7882.2890625,56366.70703125
839.0308330059052,2,3581.6,10197.74609375,56366.70703125
840.0518424510956,2,4505.1,12405.7109375,56366.70703125
841.0788326263428,2,4397.7,12910.125,56366.70703125
842.0978698730469,2,3780.2,13247.1015625,56366.70703125
843.1158316135406,2,3270.9,13644.953125,56366.70703125
844.1274003982544,2,2322.7,13984.79296875,56366.70703125
845.1368334293365,2,2399.4,14046.09765625,56366.70703125
846.15105509758,2,2008.1,7304.671875,56366.70703125
847.1593043804169,2,1546.3,9380.6171875,56366.70703125
848.1687800884247,2,656.6,8285.6796875,56366.70703125
849.1831955909729,2,1262.7,8027.83984375,56366.70703125
850.1938300132751,2,2776.7,9457.3046875,56366.70703125
851.2098433971405,2,4398.1,11043.98046875,56366.70703125
852.2354142665863,2,4434.8,12238.046875,56366.70703125
853.2538328170776,2,4021.9,13233.0234375,56366.70703125
854.2658414840698,2,3332.4,13324.234375,56366.70703125
855.2828526496887,2,3160.3,13870.2421875,56366.70703125
856.3069875240326,2,2075.4,13899.29296875,56366.70703125
857.3188695907593,2,2726.6,7702.2109375,56878.71484375
858.3272964954376,2,1566.4,9529.25390625,56366.70703125
859.3359441757202,2,634.1,8440.0078125,56366.70703125
860.3453698158264,2,1124.5,8234.7578125,56366.70703125
861.3545784950256,2,2290.2,9487.796875,56366.70703125
862.371835231781,2,4392.6,10983.4609375,56366.70703125
863.3970332145691,2,4391.4,11912.265625,56366.70703125
864.4103469848633,2,4260.8,13267.3203125,56366.70703125
865.4234774112701,2,3327.2,13483.125,56366.70703125
866.4324038028717,2,3231.5,14096.9375,56366.70703125
867.4418344497681,2,2006.7,13967.5,56366.70703125
868.4501209259033,2,3251.5,14041.41796875,56366.70703125
869.4588346481323,2,1111.7,8940.48828125,56366.70703125
870.4785575866699,2,1104.0,8477.28125,56366.70703125
871.4875674247742,2,896.4,8317.52734375,56366.70703125
872.4968349933624,2,2008.1,8132.6796875,56366.70703125
873.5378377437592,2,3433.8,10886.48828125,56366.70703125
874.5498449802399,2,4470.2,12520.0546875,56366.70703125
875.573938369751,2,4327.3,13358.04296875,56366.70703125
876.5948956012726,2,3586.4,14385.2265625,56366.70703125
877.6213726997375,2,3774.1,13920.8828125,56366.70703125
878.6314287185669,2,2333.4,14228.27734375,56366.70703125
879.6390116214752,2,2749.5,14236.19140625,56366.70703125
880.6517019271851,2,1719.9,7921.49609375,56366.70703125
881.660918712616,2,1581.6,9306.5234375,56366.70703125
882.6693842411041,2,654.8,8501.98828125,56366.70703125
883.6789605617523,2,1363.3,8232.109375,56366.70703125
884.6882042884827,2,2293.3,9749.64453125,56366.70703125
885.7018356323242,2,4335.4,11558.35546875,56366.70703125
886.7168414592743,2,4473.7,13650.34765625,56366.70703125
887.7474277019501,2,4353.6,14329.39453125,56366.70703125
888.7696526050568,2,4176.1,15124.953125,56366.70703125
889.7822575569153,2,3186.1,15465.74609375,56366.70703125
890.7918355464935,2,3751.7,15994.9765625,56366.70703125
891.8088989257812,2,2223.9,16366.9765625,56366.70703125
892.8188333511353,2,2145.0,16622.15625,56366.70703125
893.8325777053833,2,2739.9,16677.8046875,56366.70703125
894.8408644199371,2,580.6,8652.94921875,56366.70703125
895.8501393795013,2,1704.4,8633.4296875,56750.70703125
896.8592472076416,2,661.9,8451.69140625,56750.70703125
897.8746473789215,2,1312.0,8214.23828125,56750.70703125
898.8837513923645,2,2544.0,9562.359375,56750.70703125
899.899543762207,2,4400.7,11083.046875,56750.70703125
900.9123072624207,2,4431.7,12187.65625,56750.70703125
901.930680513382,2,4375.1,13626.7890625,56750.70703125
902.9431419372559,2,3203.7,13785.08203125,56750.70703125
903.9598572254181,2,3444.6,14452.57421875,56750.70703125
904.9680013656616,2,1986.4,14323.4765625,56750.70703125
905.9758894443512,2,3312.4,14368.640625,56750.70703125
906.9848339557648,2,1169.4,9054.86328125,56750.70703125
908.0028989315033,2,1029.1,8608.83203125,56750.70703125
909.0144834518433,2,873.6,8441.66015625,56750.70703125
910.021782875061,2,1840.8,8205.92578125,56750.70703125
911.0955209732056,2,3457.4,10877.359375,56750.70703125
912.1168472766876,2,4451.2,12627.34765625,56750.70703125
913.1433815956116,2,4262.5,13328.25390625,56750.70703125
914.1518988609314,2,3832.8,14286.23046875,56750.70703125
915.200834274292,2,3581.8,14027.46484375,56750.70703125
916.2198631763458,2,2095.3,14103.70703125,56750.70703125
917.2315094470978,2,3029.8,14036.0390625,56750.70703125
918.2439565658569,2,1161.5,8454.03515625,56750.70703125
919.2519626617432,2,1648.4,9387.85546875,56750.70703125
920.2603640556335,2,878.4,8562.01171875,56750.70703125
921.2689442634583,2,1250.5,8262.03125,56750.70703125
922.2788414955139,2,3127.0,10251.12890625,56750.70703125
923.2977013587952,2,4312.9,11647.77734375,56750.70703125
924.3168430328369,2,4541.8,14559.73046875,56750.70703125
925.3428378105164,2,4078.7,14912.69921875,56750.70703125
926.3671238422394,2,3948.7,15251.703125,56750.70703125
927.3785061836243,2,3231.7,15467.2578125,56750.70703125
928.3896059989929,2,3524.5,16444.4765625,56750.70703125
929.3968017101288,2,1862.8,16369.08984375,56750.70703125
930.406834602356,2,2792.3,16408.7265625,56750.70703125
931.425838470459,2,1870.8,16708.02734375,56750.70703125
932.4355957508087,2,1258.7,9099.69921875,56750.70703125
933.4565210342407,2,866.7,8403.75,56750.70703125
934.4648370742798,2,815.3,8259.38671875,56750.70703125
935.4742431640625,2,1401.0,8035.8359375,56750.70703125
936.5048344135284,2,3602.7,10538.70703125,56750.70703125
937.5288405418396,2,4406.8,12277.65234375,56750.70703125
938.5548465251923,2,4271.8,13162.015625,56750.70703125
939.5768551826477,2,3587.9,13440.890625,56750.70703125
940.5878324508667,2,3677.9,14047.2109375,56750.70703125
941.6042492389679,2,1813.7,14023.30859375,56750.70703125
942.6158366203308,2,3492.7,14121.2265625,56750.70703125
943.6250569820404,2,920.6,9290.9375,56750.70703125
944.6352880001068,2,1306.6,8928.9453125,56750.70703125
945.6524267196655,2,1088.2,8731.38671875,56750.70703125
946.6613023281097,2,2192.6,10700.2265625,56750.70703125
947.6760954856873,2,4462.8,12000.4140625,56750.70703125
948.6890468597412,2,4390.3,13058.76953125,56750.70703125
949.7036983966827,2,4041.7,14325.7890625,56750.70703125
950.7168629169464,2,4278.1,14920.75390625,56750.70703125
951.7659497261047,2,3865.0,14463.296875,56750.70703125
952.7851028442383,2,2231.9,14607.91796875,56750.70703125
953.7944400310516,2,3159.4,14573.1015625,56750.70703125
954.8028469085693,2,1215.4,9297.51171875,56750.70703125
955.8223841190338,2,1195.9,8797.46484375,56750.70703125
956.8298664093018,2,1062.5,8513.07421875,56750.70703125
957.8369379043579,2,2607.6,12415.32421875,56750.70703125
958.8588328361511,2,4409.4,14271.55859375,56750.70703125
959.8758437633514,2,4487.2,15311.51953125,56750.70703125
960.902836561203,2,4264.1,15037.5234375,56750.70703125
961.9254431724548,2,4062.8,15922.09765625,56750.70703125
962.9708032608032,2,4532.8,15901.2578125,56750.70703125
964.0015859603882,2,4322.0,14995.33984375,56750.70703125
965.0127739906311,2,2903.2,15587.83984375,56750.70703125
966.0208323001862,2,2636.1,15590.59765625,56750.70703125
967.033035993576,2,2321.3,7728.35546875,57262.71484375
968.0405492782593,2,1725.4,9638.20703125,56750.70703125
969.0490438938141,2,852.4,8542.03515625,56750.70703125
970.0624334812164,2,1807.0,10641.265625,56750.70703125
971.0768365859985,2,4384.3,12429.3828125,56750.70703125
972.0978398323059,2,4529.0,14242.0078125,56750.70703125
973.1218428611755,2,4332.2,14578.58984375,56750.70703125
974.1408786773682,2,3963.3,15376.0078125,56750.70703125
975.1868350505829,2,3732.4,14626.8671875,56750.70703125
976.1988427639008,2,3031.6,15051.2890625,56750.70703125
977.2299237251282,2,2402.6,14988.4765625,56750.70703125
978.2425694465637,2,2116.7,7748.27734375,56750.70703125
979.2510957717896,2,1688.2,9785.07421875,56750.70703125
980.2598617076874,2,1002.1,8552.16015625,56750.70703125
981.2688775062561,2,2509.2,11333.42578125,56750.70703125
982.2924814224243,2,4427.2,12242.81640625,56750.70703125
983.3128397464752,2,4375.8,13630.87109375,56750.70703125
984.3278770446777,2,3784.8,14689.16015625,56750.70703125
985.3723635673523,2,4413.8,13812.15234375,56750.70703125
986.3844237327576,2,3067.7,14332.58203125,56750.70703125
987.3924622535706,2,2128.4,14228.421875,56750.70703125
988.4010224342346,2,2802.1,14345.19140625,56750.70703125
989.4080703258514,2,1783.0,9224.37109375,56750.70703125
990.4178419113159,2,809.9,8726.76953125,56750.70703125
991.4264717102051,2,1581.1,10226.9765625,56750.70703125
992.4368352890015,2,4201.8,12382.69921875,56750.70703125
993.4537119865417,2,4557.0,13937.33203125,56750.70703125
994.480838060379,2,4309.0,14442.34765625,56750.70703125
995.496883392334,2,3915.5,15199.62109375,56750.70703125
996.5548048019409,2,3746.5,14432.42578125,56750.70703125
997.5678417682648,2,3043.3,14831.06640625,56750.70703125
998.5896782875061,2,2522.4,14762.07421875,56750.70703125
999.6054177284241,2,1682.0,8411.84765625,56750.70703125
1000.6135697364807,2,1722.4,9675.65625,56750.70703125
1001.6221072673798,2,1125.2,8822.375,56750.70703125
1002.6368870735168,2,1906.3,12076.48046875,56750.70703125
1003.6831831932068,2,4330.9,14366.1953125,56750.70703125
1004.7058429718018,2,4648.0,14779.9296875,56750.70703125
1005.7362248897552,2,4421.2,15090.5,56750.70703125
1006.7468817234039,2,3863.3,16030.4375,56750.70703125
1007.7916066646576,2,4566.7,15495.78515625,56750.70703125
1008.803873538971,2,4480.7,15913.49609375,56750.70703125
1009.8543803691864,2,3464.1,15670.91796875,56750.70703125
1010.8642919063568,2,2355.6,15626.640625,56750.70703125
1011.8746514320374,2,2863.3,15839.46875,56750.70703125
1012.8838336467743,2,1449.2,9562.47265625,56750.70703125
1013.9036908149719,2,1113.8,8774.546875,56750.70703125
1014.9238345623016,2,1449.6,9240.94921875,56750.70703125
1015.9568824768066,2,2626.3,13617.91796875,56750.70703125
1016.9978325366974,2,4494.9,14368.828125,56750.70703125
1018.0208427906036,2,4541.8,16112.62890625,56750.70703125
1019.0468406677246,2,4348.6,15217.64453125,56750.70703125
1020.0728831291199,2,4160.2,16089.56640625,56750.70703125
1021.1238706111908,2,4392.4,15993.94140625,56750.70703125
1022.1648428440094,2,4073.4,15259.0859375,56750.70703125
1023.1830670833588,2,2912.9,15695.8125,56750.70703125
1024.1958317756653,2,2696.3,15731.51953125,56750.70703125
1025.2102749347687,2,2213.5,7952.9609375,57262.71484375
1026.218497991562,2,1827.0,7534.96875,56750.70703125
1027.2313659191132,2,3035.6,8742.5234375,56750.70703125
1028.2393810749054,2,1946.4,9003.59375,56750.70703125
1029.2485213279724,2,745.1,8216.7421875,56557.859375
1030.2565095424652,2,2247.9,9508.671875,56597.859375
1031.265835762024,2,3749.2,11462.33203125,56597.859375
1032.2868449687958,2,4555.4,15122.96875,63765.859375
1033.3138468265533,2,4416.0,14400.375,63765.859375
1034.324836730957,2,4108.3,15424.0078125,63765.859375
1035.3490197658539,2,2886.6,15660.671875,63765.859375
1036.3748331069946,2,3301.4,16402.8828125,63765.859375
1037.4064700603485,2,2086.2,16986.12109375,63765.859375
1038.4149293899536,2,1221.5,16910.46484375,63765.859375
1039.4227678775787,2,3989.3,17310.4609375,63765.859375
1040.4316728115082,2,650.6,8678.18359375,65813.875
1041.4399247169495,2,930.6,9074.0078125,63765.859375
1042.4490563869476,2,2990.9,9367.1640625,63765.859375
1043.4584872722626,2,3320.3,12740.09765625,63765.859375
1044.4878368377686,2,4268.3,13529.90234375,63765.859375
1045.5133788585663,2,4567.1,18063.8828125,72005.859375
1046.541399717331,2,4552.7,20563.69140625,72005.859375
1047.5648410320282,2,4359.0,18269.00390625,72005.859375
1048.584840297699,2,4256.8,18980.015625,72005.859375
1049.5995419025421,2,3261.9,19223.4140625,72005.859375
1050.6275887489319,2,3060.3,19475.79296875,72005.859375
1051.6358377933502,2,3615.4,19924.87109375,72005.859375
1052.6478374004364,2,3044.7,21046.2421875,72005.859375
1053.65660405159,2,1104.0,20870.33984375,72005.859375
1054.664481639862,2,1211.1,20931.76171875,72005.859375
1055.6758391857147,2,3936.6,21134.16015625,72005.859375
1056.6892321109772,2,1926.0,21454.2734375,72005.859375
1057.6973495483398,2,649.4,8049.62109375,72005.859375
1058.7068343162537,2,2318.0,8796.921875,72005.859375
1059.7588443756104,2,3105.2,12118.21484375,72005.859375
1060.7738342285156,2,4252.1,12780.91796875,72005.859375
1061.7948434352875,2,4535.0,17183.5625,72005.859375
1062.8218512535095,2,4396.6,18867.484375,72005.859375
1063.8369281291962,2,4216.2,18211.9921875,72005.859375
1064.8458318710327,2,4375.2,18506.08984375,72005.859375
1065.8665008544922,2,3279.1,18751.015625,72005.859375
1066.874843597412,2,3175.9,19020.16015625,72005.859375
1067.8888354301453,2,3919.3,19830.7421875,72005.859375
1068.9007985591888,2,1690.0,20304.10546875,72005.859375
1069.910920381546,2,1344.9,20197.12890625,72005.859375
1070.9178364276886,2,3085.8,20410.546875,72005.859375
1071.931721687317,2,2589.6,20739.98046875,72005.859375
1072.938669681549,2,556.1,7987.5625,72005.859375
1073.9478311538696,2,2025.0,8842.94140625,72005.859375
1075.0028049945831,2,3119.2,11685.421875,72005.859375
1076.0248365402222,2,4300.3,12810.76171875,72005.859375
1077.0495159626007,2,4563.0,17427.21484375,72005.859375
1078.077844619751,2,4608.8,18896.52734375,72005.859375
1079.097170829773,2,4283.7,18109.2265625,72005.859375
1080.1058344841003,2,4245.8,18506.30078125,72005.859375
1081.126357793808,2,3346.1,18731.796875,72005.859375
1082.1358420848846,2,3193.4,19091.859375,72005.859375
1083.1468346118927,2,3908.8,19821.91015625,72005.859375
1084.1668367385864,2,1677.4,20279.82421875,72005.859375
1085.1825807094574,2,1303.4,20284.484375,72005.859375
1086.193841457367,2,2879.5,20569.34765625,72005.859375
1087.2141513824463,2,2722.8,20704.828125,72005.859375
1088.2258327007294,2,546.2,7937.55078125,72005.859375
1089.2368292808533,2,1868.3,8876.64453125,72005.859375
1090.2817194461823,2,3107.1,11643.97265625,72005.859375
1091.3008337020874,2,4254.5,12845.80078125,72005.859375
1092.3218433856964,2,4557.5,17027.82421875,72005.859375
1093.3538434505463,2,4496.0,20527.09765625,72005.859375
1094.3668489456177,2,4258.2,17928.73828125,72005.859375
1095.3838486671448,2,4294.0,18438.078125,72005.859375
1096.410852432251,2,3496.4,18722.78515625,72005.859375
1097.4428434371948,2,3037.1,19093.515625,72005.859375
1098.4730937480927,2,3973.7,19799.203125,72005.859375
1099.494901895523,2,1658.1,20362.1171875,72005.859375
1100.5043201446533,2,1362.0,20168.01953125,72005.859375
1101.5148417949677,2,2567.8,20428.6640625,72005.859375
1102.5269796848297,2,3034.2,20657.55859375,72005.859375
1103.536280632019,2,582.2,7770.15625,72005.859375
1104.5445108413696,2,1004.3,9313.94921875,72005.859375
1105.5528304576874,2,3384.5,9598.3203125,72005.859375
1106.6251454353333,2,2619.7,13413.5703125,72005.859375
1107.6448333263397,2,4308.9,14675.04296875,72005.859375
1108.6758480072021,2,4566.9,18172.79296875,72005.859375
1109.7059397697449,2,4587.7,22793.40625,72005.859375
1110.7318441867828,2,4375.5,17048.04296875,72005.859375
1111.7458357810974,2,4326.4,20480.97265625,72005.859375
1112.7668390274048,2,4468.5,20689.4296875,72005.859375
1113.779846906662,2,3285.1,20917.23046875,72005.859375
1114.807391166687,2,3132.1,20955.1328125,72005.859375
1115.819152355194,2,3095.5,21452.890625,72005.859375
1116.8308217525482,2,3777.1,22627.4140625,72005.859375
1117.8389036655426,2,1081.5,22665.69140625,72005.859375
1118.851422071457,2,1308.2,22481.18359375,72005.859375
1119.862842798233,2,2872.8,22693.3828125,72005.859375
1120.877985715866,2,3158.9,22974.19140625,72005.859375
1121.885775089264,2,587.7,9414.68359375,74053.875
1122.894662618637,2,989.9,9264.31640625,72005.859375
1123.9038331508636,2,3056.2,9564.87890625,72005.859375
1124.935869693756,2,2535.6,13317.375,72005.859375
1125.9768385887146,2,4331.0,14557.62890625,72005.859375
1126.9928431510925,2,4485.8,17485.70703125,72005.859375
1128.0238416194916,2,4598.3,21859.4375,72005.859375
1129.0508477687836,2,4270.6,16742.390625,72005.859375
1130.062654018402,2,4267.2,20526.1328125,72005.859375
1131.0768349170685,2,4507.6,20611.7421875,72005.859375
1132.0975790023804,2,3276.0,20952.54296875,72005.859375
1133.1128482818604,2,3337.8,21146.92578125,72005.859375
1134.144217967987,2,2566.4,21319.38671875,72005.859375
1135.1564829349518,2,4276.7,22257.44140625,72005.859375
1136.1631731987,2,1329.2,22609.1171875,72005.859375
1137.1698422431946,2,1347.6,22576.796875,72005.859375
1138.1838343143463,2,2137.9,22710.18359375,72005.859375
1139.201464176178,2,4029.8,22963.6640625,72005.859375
1140.2105042934418,2,673.2,8319.76171875,74053.875
1141.219072818756,2,748.8,9142.69140625,72005.859375
1142.2278308868408,2,2375.6,9571.36328125,72005.859375
1143.2598586082458,2,2714.6,12879.21484375,72005.859375
1144.2820527553558,2,4353.8,14481.61328125,72005.859375
1145.288726568222,2,4409.7,16687.921875,72005.859375
1146.3158407211304,2,4649.5,21063.27734375,72005.859375
1147.3428466320038,2,4569.0,21286.96484375,72005.859375
1148.3623094558716,2,4303.0,19920.70703125,72005.859375
1149.376844882965,2,4286.0,20614.87109375,72005.859375
1150.4028902053833,2,3524.8,20887.296875,72005.859375
1151.4108459949493,2,3349.6,21088.98046875,72005.859375
1152.4280331134796,2,2816.2,21323.0,72005.859375
1153.4388363361359,2,4260.5,22260.75390625,72005.859375
1154.4684245586395,2,1560.7,22684.46875,72005.859375
1155.4755697250366,2,1343.5,22657.609375,72005.859375
1156.487833738327,2,1800.1,22891.28515625,72005.859375
1157.5028371810913,2,4381.0,22967.29296875,72005.859375
1158.5130467414856,2,661.6,7932.07421875,74053.875
1159.522526025772,2,702.9,9045.85546875,72005.859375
1160.5308361053467,2,2051.8,9631.34375,72005.859375
1161.5718846321106,2,2682.1,12128.7734375,72005.859375
1162.5908346176147,2,4399.4,14464.23046875,72005.859375
1163.6118450164795,2,4371.9,16474.22265625,72005.859375
1164.642230272293,2,4585.7,20596.33984375,72005.859375
1165.6698486804962,2,4562.7,22107.578125,72005.859375
1166.685842514038,2,4377.2,19728.9921875,72005.859375
1167.7002530097961,2,4337.2,20556.9453125,72005.859375
1168.710198879242,2,3558.2,20822.61328125,72005.859375
1169.7248544692993,2,3291.0,20992.5625,72005.859375
1170.7397906780243,2,3137.8,21236.26953125,72005.859375
1171.767837047577,2,4279.4,22147.87109375,72005.859375
1172.7868673801422,2,1354.7,22582.4375,72005.859375
1173.795835018158,2,1382.1,22469.52734375,72005.859375
1174.8037586212158,2,1928.1,22733.66796875,72005.859375
1175.8162508010864,2,4306.8,22914.5390625,72005.859375
1176.823391199112,2,657.9,7974.65625,74053.875
1177.8325998783112,2,699.7,9065.8046875,72005.859375
1178.8428378105164,2,2194.2,9573.0390625,72005.859375
1179.8728539943695,2,2669.0,12088.9140625,72005.859375
1180.897835969925,2,4365.1,14428.84765625,72005.859375
1181.9188487529755,2,4432.4,16522.0546875,72005.859375
1182.9468417167664,2,4609.2,20856.6015625,72005.859375
1183.969844341278,2,4487.5,21639.1484375,72005.859375
1184.9888410568237,2,4345.0,19905.26953125,72005.859375
1186.0158421993256,2,4337.5,20582.79296875,72005.859375
1187.041011095047,2,3502.7,20841.4296875,72005.859375
1188.0511918067932,2,3252.3,21079.81640625,72005.859375
1189.0640132427216,2,2580.5,21222.03125,72005.859375
1190.0748341083527,2,4156.1,22131.28515625,72005.859375
1191.0953233242035,2,1778.6,22610.59375,72005.859375
1192.103836297989,2,1317.9,22556.00390625,72005.859375
1193.1132988929749,2,1580.6,22789.35546875,72005.859375
1194.127845287323,2,4513.5,22855.83203125,72005.859375
1195.1525809764862,2,828.1,21948.0859375,72005.859375
1196.160790681839,2,604.0,8864.63671875,72005.859375
1197.1728398799896,2,1908.9,9612.4921875,72005.859375
1198.223829984665,2,2306.0,12378.24609375,72005.859375
1199.2356805801392,2,3970.4,14983.4296875,72005.859375
1200.2488341331482,2,4058.8,16024.56640625,72005.859375
1201.2697620391846,2,4485.6,19259.421875,72005.859375
1202.2998430728912,2,4573.0,23303.51171875,82245.859375
1203.3268406391144,2,4593.5,28613.62109375,82301.859375
1204.3529922962189,2,4248.3,19480.17578125,82301.859375
1205.3615789413452,2,4556.2,23229.5390625,82301.859375
1206.3778433799744,2,4220.8,24824.83984375,82301.859375
1207.3988349437714,2,4262.5,25202.4921875,82301.859375
1208.4194042682648,2,3457.6,25524.67578125,82301.859375
1209.4318480491638,2,3556.8,25896.05078125,82301.859375
1210.4707498550415,2,3462.9,25896.92578125,82301.859375
1211.479840040207,2,3341.3,26457.984375,82301.859375
1212.4906594753265,2,3843.8,27743.3203125,82301.859375
1213.497474193573,2,1537.6,28563.4765625,82301.859375
1214.5055737495422,2,1277.1,28574.703125,82301.859375
1215.5148782730103,2,1253.1,28420.37890625,82301.859375
1216.5238373279572,2,3725.1,28863.1796875,82301.859375
1217.541760444641,2,3320.5,29431.59375,82301.859375
1218.5498638153076,2,566.8,29647.0078125,82301.859375
1219.559049129486,2,674.7,7849.5234375,82301.859375
1220.5688331127167,2,2161.7,8745.31640625,82301.859375
1221.6026861667633,2,3288.9,11464.24609375,82301.859375
1222.6248471736908,2,4470.2,14598.453125,82301.859375
1223.650844335556,2,4525.9,14331.77734375,82301.859375
1224.66583776474,2,4212.9,15393.5234375,82301.859375
1225.685179233551,2,3090.8,15688.80078125,82301.859375
1226.699836730957,2,3405.7,16426.83984375,82301.859375
1227.7238438129425,2,1595.6,16843.76953125,82301.859375
1228.736832857132,2,1529.8,16937.70703125,82301.859375
1229.7474954128265,2,3230.5,17259.375,82301.859375
1230.7562336921692,2,602.2,9944.24609375,84349.875
1231.7648315429688,2,2071.9,8839.28515625,82301.859375
1232.8215267658234,2,3281.7,11521.85546875,82301.859375
1233.8448429107666,2,4471.8,14451.26171875,82301.859375
1234.8708453178406,2,4488.4,14292.7109375,82301.859375
1235.8948457241058,2,4254.0,15315.2578125,82301.859375
1236.906837463379,2,2960.0,15548.30859375,82301.859375
1237.9328372478485,2,3540.2,16280.47265625,82301.859375
1238.9535822868347,2,1689.0,16888.09375,82301.859375
1239.9618356227875,2,1754.5,16887.05859375,82301.859375
1240.9734513759613,2,3066.0,17137.4765625,82301.859375
1241.9819340705872,2,597.4,9889.86328125,84349.875
1242.9912102222443,2,998.0,9514.34765625,82301.859375
1244.0008344650269,2,3359.0,9770.5390625,82301.859375
1245.0088407993317,2,2412.8,14312.90625,82301.859375
1246.036833524704,2,4086.0,15918.6640625,82301.859375
1247.0578424930573,2,4422.4,16810.98828125,82301.859375
1248.0848422050476,2,4536.1,21614.390625,82301.859375
1249.113520860672,2,4555.7,26561.4453125,82301.859375
1250.1394846439362,2,4474.8,28458.13671875,82301.859375
1251.1558675765991,2,4184.6,21820.125,82301.859375
1252.1838386058807,2,4163.8,24768.58984375,82301.859375
1253.2048408985138,2,4372.6,24982.25390625,82301.859375
1254.225688457489,2,4502.1,25146.49609375,82301.859375
1255.2393102645874,2,2991.5,25394.1484375,82301.859375
1256.2488448619843,2,3631.3,25825.26171875,82301.859375
1257.281269788742,2,2545.9,25866.05859375,82301.859375
1258.2946517467499,2,4259.1,27244.5859375,82301.859375
1259.3185629844666,2,2323.7,28265.6640625,82301.859375
1260.3248331546783,2,1190.8,28247.2265625,82301.859375
1261.3323285579681,2,1447.6,28227.25,82301.859375
1262.339846611023,2,2174.1,28818.51171875,82301.859375
1263.3547806739807,2,4494.0,28711.0390625,82301.859375
1264.3644998073578,2,992.6,29382.84765625,82301.859375
1265.377150774002,2,730.4,7811.80078125,82301.859375
1266.3860194683075,2,814.1,9049.30078125,82301.859375
1267.4028415679932,2,2756.9,9552.6328125,82301.859375
1268.4428572654724,2,2804.9,13261.00390625,82301.859375
1269.4598360061646,2,4311.4,14413.7890625,82301.859375
1270.4808464050293,2,4536.0,18362.0390625,82301.859375
1271.5058336257935,2,4576.4,23089.703125,82301.859375
1272.532868862152,2,4368.3,17703.7265625,82301.859375
1273.5468368530273,2,4393.2,20264.55078125,82301.859375
1274.5678341388702,2,4363.0,20477.4765625,82301.859375
1275.5775949954987,2,2950.7,20753.26171875,82301.859375
1276.588846206665,2,3114.4,20944.20703125,82301.859375
1277.6168360710144,2,3925.7,21732.7421875,82301.859375
1278.6375069618225,2,1787.5,22213.23828125,82301.859375
1279.646642923355,2,1306.0,22187.8203125,82301.859375
1280.658833026886,2,1902.9,22347.2578125,82301.859375
1281.6766774654388,2,4147.0,22489.98046875,82301.859375
1282.6852023601532,2,618.4,8238.53515625,84349.875
1283.6942052841187,2,630.9,9387.1875,82301.859375
1284.7028307914734,2,1455.7,10088.828125,82301.859375
1285.7588698863983,2,3240.7,11739.26953125,82301.859375
1286.7657413482666,2,3595.7,14936.98046875,82301.859375
1287.7878351211548,2,4154.0,16472.23046875,82301.859375
1288.8108468055725,2,4408.4,18428.546875,82301.859375
1289.8414874076843,2,4529.8,22694.5,82301.859375
1290.8686242103577,2,4568.2,27752.453125,82301.859375
1291.8958895206451,2,4524.7,28279.73828125,82301.859375
1292.9098427295685,2,4257.8,23346.66796875,82301.859375
1293.9478344917297,2,4176.0,25539.5,82301.859375
1294.9678347110748,2,4329.3,25750.8515625,82301.859375
1295.9888446331024,2,4405.7,25941.3828125,82301.859375
1297.0138506889343,2,3064.6,26244.83203125,82301.859375
1298.0458459854126,2,3293.0,26690.546875,82301.859375
1299.0711798667908,2,3020.2,26708.01953125,82301.859375
1300.0827417373657,2,4150.1,27949.21484375,82301.859375
1301.0911586284637,2,3003.9,29086.4765625,82301.859375
1302.1001653671265,2,1163.5,28999.16796875,82301.859375
1303.1127569675446,2,1448.5,28967.0078125,82301.859375
1304.1208345890045,2,1270.1,29143.84765625,82301.859375
1305.1428365707397,2,4366.8,29513.3359375,82301.859375
1306.1588020324707,2,2585.1,29989.47265625,82301.859375
1307.1675159931183,2,650.5,30274.3203125,82301.859375
1308.1759579181671,2,514.2,8318.78515625,82301.859375
1309.1852991580963,2,995.9,9594.76171875,82301.859375
1310.194831609726,2,3616.3,9826.39453125,82301.859375
1311.2328391075134,2,2386.8,14400.0703125,82301.859375
1312.2588350772858,2,4130.3,16061.44921875,82301.859375
1313.2786474227905,2,4359.0,16893.51953125,82301.859375
1314.3068430423737,2,4572.7,21786.44140625,82301.859375
1315.333842754364,2,4619.3,27211.453125,82301.859375
1316.3597922325134,2,4566.9,27733.875,82301.859375
1317.382845401764,2,4147.8,23337.953125,82301.859375
1318.4231314659119,2,4166.5,25027.015625,82301.859375
1319.4448328018188,2,4299.2,25244.40234375,82301.859375
1320.4652898311615,2,4388.8,25439.48828125,82301.859375
1321.4739606380463,2,2986.9,25689.546875,82301.859375
1322.4828462600708,2,3800.7,26025.609375,82301.859375
1323.5129866600037,2,2555.2,26060.9453125,82301.859375
1324.5248379707336,2,4241.2,27392.68359375,82301.859375
1325.5455737113953,2,2232.7,28424.35546875,82301.859375
1326.5528032779694,2,1174.4,28404.8984375,82301.859375
1327.5618393421173,2,1493.7,28318.1015625,82301.859375
1328.5700573921204,2,2115.8,28928.0,82301.859375
1329.5886869430542,2,4492.1,28873.93359375,82301.859375
1330.6008348464966,2,1029.7,29452.28515625,82301.859375
1331.6091964244843,2,790.4,7773.71484375,84349.875
1332.61749625206,2,637.9,9091.421875,82301.859375
1333.627831697464,2,1589.4,9836.3125,82301.859375
1334.6835267543793,2,2751.9,12159.546875,82301.859375
1335.6927893161774,2,4189.7,15135.4140625,82301.859375
1336.7058622837067,2,4074.9,16182.453125,82301.859375
1337.72984457016,2,4454.2,18825.9453125,82301.859375
1338.7568485736847,2,4606.7,23356.02734375,82301.859375
1339.7838406562805,2,4620.7,28700.87890625,82301.859375
1340.8103919029236,2,4201.6,19605.89453125,82301.859375
1341.8208391666412,2,4469.1,23326.26171875,82301.859375
1342.8378412723541,2,4211.4,24907.09765625,82301.859375
1343.8648397922516,2,4277.4,25217.2734375,82301.859375
1344.8855555057526,2,3470.2,25494.68359375,82301.859375
1345.8938462734222,2,3259.0,25897.76953125,82301.859375
1346.920841217041,2,3480.2,25919.01171875,82301.859375
1347.950989484787,2,3980.4,26492.55859375,82301.859375
1348.9638330936432,2,3510.7,28151.5703125,82301.859375
1349.9830589294434,2,1407.5,28655.6171875,82301.859375
1350.9968945980072,2,1259.4,28573.62109375,82301.859375
1352.0077109336853,2,1196.7,28408.12109375,82301.859375
1353.0178430080414,2,3427.5,29058.1640625,82301.859375
1354.0339369773865,2,3680.2,29353.85546875,82301.859375
1355.0421574115753,2,565.5,29616.9375,82301.859375
1356.0501747131348,2,589.3,9647.5546875,84349.875
1357.0581650733948,2,1001.9,9451.46484375,82301.859375
1358.0678353309631,2,2982.6,9726.796875,82301.859375
1359.1018340587616,2,2405.3,13476.109375,82301.859375
1360.1268332004547,2,4309.5,15706.5625,82301.859375
1361.1468422412872,2,4262.5,16178.50390625,82301.859375
1362.1688432693481,2,4473.0,21258.8984375,82301.859375
1363.1958425045013,2,4625.4,25842.7890625,82301.859375
1364.2258520126343,2,4596.8,30657.07421875,82301.859375
1365.2482266426086,2,4180.7,20494.8515625,82301.859375
1366.278980255127,2,4135.2,24828.42578125,82301.859375
1367.2997663021088,2,4484.3,24946.09765625,82301.859375
1368.3098449707031,2,4385.6,25219.7109375,82301.859375
1369.3308522701263,2,3155.9,25500.53125,82301.859375
1370.3628511428833,2,3143.4,25941.83984375,82301.859375
1371.3957870006561,2,3117.6,26020.05078125,82301.859375
1372.4203972816467,2,4058.0,27406.41796875,82301.859375
1373.4316556453705,2,2685.7,28503.48046875,82301.859375
1374.440218925476,2,1164.0,28481.27734375,82301.859375
1375.4505140781403,2,1490.3,28326.52734375,82301.859375
1376.4589476585388,2,1729.9,29026.1328125,82301.859375
1377.4708335399628,2,4562.9,28853.296875,82301.859375
1378.4848511219025,2,1281.5,29395.56640625,82301.859375
1379.4936611652374,2,851.6,29768.14453125,82301.859375
1380.5023760795593,2,486.0,8856.12109375,82301.859375
1381.51065325737,2,890.7,10108.30078125,82301.859375
1382.5198318958282,2,3559.3,10221.05078125,82301.859375
1383.557870388031,2,2087.0,13527.55859375,82301.859375
1384.5748348236084,2,4218.0,16617.8828125,82301.859375
1385.6018385887146,2,4332.9,17061.59765625,82301.859375
1386.6228461265564,2,4557.0,20277.90625,82301.859375
1387.6488614082336,2,4600.4,24561.83984375,82301.859375
1388.675844669342,2,4611.1,30035.01171875,82301.859375
1389.7026965618134,2,4523.1,20625.8203125,82301.859375
1390.7248702049255,2,4382.7,24467.3828125,82301.859375
1391.7398388385773,2,4131.1,26171.90234375,82301.859375
1392.7640898227692,2,4357.4,26372.37890625,82301.859375
1393.7901825904846,2,3878.9,26619.65625,82301.859375
1394.7981462478638,2,3069.4,26757.28515625,82301.859375
1395.8068463802338,2,2951.5,27163.6796875,82301.859375
1396.8492982387543,2,2733.8,27157.43359375,82301.859375
1397.865834236145,2,4276.2,28408.62109375,82301.859375
1398.886833190918,2,3341.0,29909.22265625,82301.859375
1399.909345149994,2,1053.7,29566.44921875,82301.859375
1400.9188358783722,2,1402.2,29486.0390625,82301.859375
1401.9345631599426,2,973.2,29488.60546875,82301.859375
1402.9428417682648,2,3330.0,30029.2421875,82301.859375
1403.9548363685608,2,4352.6,30353.51171875,82301.859375
1404.9714801311493,2,630.5,30764.3828125,82301.859375
1405.9816858768463,2,666.0,8191.37109375,84349.875
1406.9906368255615,2,978.5,8575.61328125,82301.859375
1407.9995799064636,2,3544.4,10918.46484375,82301.859375
1409.0148520469666,2,4289.7,13269.328125,82301.859375
1410.040851354599,2,4450.5,13046.36328125,82301.859375
1411.0555894374847,2,4210.0,15166.765625,82301.859375
1412.0648441314697,2,3264.2,15468.54296875,82301.859375
1413.086835384369,2,3388.4,16129.3359375,82301.859375
1414.107498884201,2,2115.8,16688.19140625,82301.859375
1415.118839263916,2,1463.4,16849.40234375,82301.859375
1416.1358511447906,2,3300.5,17050.203125,82301.859375
1417.1437501907349,2,576.0,9694.9765625,84349.875
1418.1524362564087,2,1769.7,8898.66796875,82301.859375
1419.1798322200775,2,3435.8,11540.37109375,82301.859375
1420.2008464336395,2,4491.7,14338.06640625,82301.859375
1421.2268493175507,2,4400.9,13680.66015625,82301.859375
1422.249837398529,2,4194.2,15151.6953125,82301.859375
1423.2648508548737,2,3310.4,15424.4609375,82301.859375
1424.285835981369,2,3396.0,16174.65234375,82301.859375
1425.305181503296,2,1501.3,16556.90234375,82301.859375
1426.3148076534271,2,2003.2,16665.60546875,82301.859375
1427.3268356323242,2,2749.6,16914.4453125,82301.859375
1428.3366975784302,2,444.2,8092.234375,82301.859375
1429.3450973033905,2,987.4,10133.3828125,82301.859375
1430.353786945343,2,2189.4,10238.9140625,82301.859375
1431.4067964553833,2,2559.5,12672.49609375,82301.859375
1432.4148466587067,2,3989.6,15461.94921875,82301.859375
1433.4323732852936,2,4070.6,16841.91796875,82301.859375
1434.4448411464691,2,4415.0,18333.54296875,82301.859375
1435.4738402366638,2,4599.6,22630.2421875,82301.859375
1436.4988462924957,2,4533.0,27788.078125,82301.859375
1437.5258445739746,2,4581.8,32107.265625,82301.859375
1438.5518491268158,2,4145.6,21545.96875,82301.859375
1439.573834180832,2,4207.8,25881.0,82301.859375
1440.5848453044891,2,4585.5,25845.3359375,82301.859375
1441.6109538078308,2,4213.6,26234.34375,82301.859375
1442.6358587741852,2,2865.3,26577.88671875,82301.859375
1443.666847229004,2,3378.1,26913.30078125,82301.859375
1444.693766593933,2,3366.2,26885.49609375,82301.859375
1445.7028341293335,2,3686.0,27456.875,82301.859375
1446.7188353538513,2,4058.5,28691.04296875,82301.859375
1447.7310700416565,2,1509.3,29527.69921875,82301.859375
1448.737378358841,2,1081.7,29517.6015625,82301.859375
1449.7460453510284,2,1439.3,29557.05078125,82301.859375
1450.7541935443878,2,1766.1,29857.09765625,82301.859375
1451.7648358345032,2,4473.6,30197.05859375,82301.859375
1452.7897453308105,2,2073.6,30579.07421875,82301.859375
1453.7996010780334,2,747.7,30931.45703125,82301.859375
1454.8107252120972,2,506.8,8525.921875,82301.859375
1455.8188319206238,2,965.3,9707.9140625,82301.859375
1456.8286180496216,2,3747.8,9904.76171875,82301.859375
1457.8968703746796,2,2454.1,14383.42578125,82301.859375
1458.948299407959,2,4207.5,16022.29296875,82301.859375
1459.9568815231323,2,4269.6,16395.7578125,82301.859375
1460.9688432216644,2,4550.5,21402.30859375,82301.859375
1461.9958391189575,2,4646.4,26384.37890625,82301.859375
1463.0228402614594,2,4617.6,31234.5859375,82301.859375
1464.0469799041748,2,4160.9,20779.20703125,82301.859375
1465.0628356933594,2,4122.9,24907.671875,82301.859375
1466.083874464035,2,4364.9,25108.78515625,82301.859375
1467.094844341278,2,4451.9,25318.88671875,82301.859375
1468.1158511638641,2,3258.2,25578.5859375,82301.859375
1469.1508469581604,2,3257.8,26046.984375,82301.859375
1470.181072473526,2,2648.1,26077.84765625,82301.859375
1471.1937491893768,2,4154.4,27461.3359375,82301.859375
1472.205157995224,2,2812.4,28520.390625,82301.859375
1473.21199965477,2,1100.3,28468.234375,82301.859375
1474.2208364009857,2,1493.1,28316.85546875,82301.859375
1475.2333571910858,2,1321.0,28574.55078125,82301.859375
1476.2448389530182,2,4430.4,29025.76953125,82301.859375
1477.2654919624329,2,1895.1,29407.56640625,82301.859375
1478.2748003005981,2,760.3,29724.8984375,82301.859375
1479.283617258072,2,471.1,8591.46875,82301.859375
1480.2919495105743,2,911.8,10061.625,82301.859375
1481.3018317222595,2,3264.7,10180.45703125,82301.859375
1482.3588440418243,2,2216.2,13487.421875,82301.859375
1483.3748335838318,2,4207.4,16585.390625,82301.859375
1484.3958377838135,2,4278.3,17021.4765625,82301.859375
1485.4168462753296,2,4546.3,20120.6484375,82301.859375
1486.443843126297,2,4566.9,24283.546875,82301.859375
1487.4683253765106,2,4576.5,29706.2109375,82301.859375
1488.4956991672516,2,4468.0,23673.96875,82301.859375
1489.5147941112518,2,4334.6,24500.50390625,82301.859375
1490.5478339195251,2,4222.6,26172.14453125,82301.859375
1491.566835641861,2,4388.8,26328.93359375,82301.859375
1492.5873928070068,2,3972.5,26569.07421875,82301.859375
1493.5988533496857,2,2963.8,26708.80859375,82301.859375
1494.6298451423645,2,3120.2,27066.7890625,82301.859375
1495.6550867557526,2,2948.0,27095.9921875,82301.859375
1496.6828353404999,2,4244.4,28309.2578125,82301.859375
1497.7033734321594,2,3398.7,29512.5859375,82301.859375
1498.7116222381592,2,951.6,29556.58984375,82301.859375
1499.7204308509827,2,1173.0,29676.99609375,82301.859375
1500.7289078235626,2,1173.8,29585.6171875,82301.859375
1501.7378342151642,2,2947.6,30040.140625,82301.859375
1502.7490992546082,2,4399.0,30074.87109375,82301.859375
1503.7575664520264,2,1065.3,30664.109375,82301.859375
1504.7676939964294,2,682.9,7903.74609375,84349.875
1505.776492357254,2,624.7,9137.0546875,82301.859375
1506.785058259964,2,1373.0,9872.26953125,82301.859375
1507.8147563934326,2,3252.6,11539.1484375,82301.859375
1508.8248431682587,2,3603.5,15015.8515625,82301.859375
1509.8374481201172,2,4036.6,16136.41015625,82301.859375
1510.8567991256714,2,4390.1,18633.5625,82301.859375
1511.8718430995941,2,4636.0,22435.63671875,82301.859375
1512.8988440036774,2,4616.7,27801.77734375,82301.859375
1513.9231142997742,2,3799.5,28029.70703125,82301.859375
1514.9638693332672,2,4232.6,23190.0234375,82301.859375
1515.9948360919952,2,4234.3,24854.79296875,82301.859375
1517.0158326625824,2,4356.0,25068.51171875,82301.859375
1518.0364155769348,2,4144.3,25347.82421875,82301.859375
1519.0449571609497,2,3029.0,25663.57421875,82301.859375
1520.0545508861542,2,4032.9,26012.17578125,82301.859375
1521.063833475113,2,2767.9,26137.02734375,82301.859375
1522.0788366794586,2,4106.5,27557.11328125,82301.859375
1523.099835395813,2,2057.0,28393.70703125,82301.859375
1524.1078219413757,2,1134.5,28364.58984375,82301.859375
1525.1144623756409,2,1428.0,28304.91796875,82301.859375
1526.1258335113525,2,2045.2,28783.76953125,82301.859375
1527.1438348293304,2,4601.3,28832.11328125,82301.859375
1528.1551260948181,2,898.2,29372.578125,82301.859375
1529.1636650562286,2,878.3,29742.390625,82301.859375
1530.1713445186615,2,647.7,8867.15234375,82301.859375
1531.179506778717,2,1373.2,9808.453125,82301.859375
1532.2602167129517,2,2994.3,11763.38671875,82301.859375
1533.2690393924713,2,3866.6,14952.9375,82301.859375
1534.283834695816,2,4133.4,16153.3515625,82301.859375
1535.3048496246338,2,4434.9,18159.5546875,82301.859375
1536.321846961975,2,4553.4,22377.35546875,82301.859375
1537.3488457202911,2,4543.3,28801.5234375,82301.859375
1538.375704050064,2,4581.4,19561.54296875,82301.859375
1539.3858387470245,2,4259.0,23242.71875,82301.859375
1540.412842988968,2,4164.0,24893.9765625,82301.859375
1541.4381380081177,2,4275.4,25237.90234375,82301.859375
1542.4518504142761,2,3712.7,25485.87890625,82301.859375
1543.4638421535492,2,3241.3,25904.578125,82301.859375
1544.4898438453674,2,3686.8,25912.5,82301.859375
1545.5208451747894,2,3710.5,26457.94921875,82301.859375
1546.5338320732117,2,3519.6,28088.2421875,82301.859375
1547.5533576011658,2,1429.8,28553.6640625,82301.859375
1548.5617780685425,2,1278.8,28548.34765625,82301.859375
1549.570461511612,2,1202.2,28350.22265625,82301.859375
1550.5778379440308,2,3366.0,29017.3046875,82301.859375
1551.6018528938293,2,3685.5,29302.16796875,82301.859375
1552.6106975078583,2,564.0,29552.75390625,82301.859375
1553.6196374893188,2,580.7,9552.8984375,84349.875
1554.6287596225739,2,954.1,9379.7421875,82301.859375
1555.637830734253,2,3250.3,9674.41796875,82301.859375
1556.704476594925,2,2763.4,13654.98828125,82301.859375
1557.722835302353,2,4333.0,14745.94921875,82301.859375
1558.7438507080078,2,4495.9,17833.34765625,82301.859375
1559.770843744278,2,4580.2,22915.7578125,82301.859375
1560.7968726158142,2,4408.5,17244.22265625,82301.859375
1561.8138356208801,2,4355.1,20611.98046875,82301.859375
1562.8348410129547,2,4407.8,20800.62890625,82301.859375
1563.8600251674652,2,3162.8,21039.0078125,82301.859375
1564.8688445091248,2,3214.2,21139.51171875,82301.859375
1565.8768334388733,2,3331.2,21624.94140625,82301.859375
1566.8888711929321,2,3457.8,22779.8984375,82301.859375
1567.89772439003,2,1100.4,22663.765625,82301.859375
1568.905483007431,2,1299.8,22563.98828125,82301.859375
1569.9148378372192,2,2763.0,22824.13671875,82301.859375
1570.9300699234009,2,3263.7,23084.04296875,82301.859375
1571.9390189647675,2,579.6,9503.9765625,84349.875
1572.9482026100159,2,898.4,9662.12109375,82301.859375
1573.9568355083466,2,2254.4,9860.75390625,82301.859375
1574.9808320999146,2,2438.4,12757.16796875,82301.859375
1575.9968347549438,2,4309.4,15835.640625,82301.859375
1577.0178463459015,2,4317.5,16298.2890625,82301.859375
1578.0388429164886,2,4504.3,20241.62109375,82301.859375
1579.065839290619,2,4572.1,25123.921875,82301.859375
1580.0928411483765,2,4575.4,29635.03515625,82301.859375
1581.1194756031036,2,4230.5,19897.18359375,82301.859375
1582.135846376419,2,4471.9,23838.53515625,82301.859375
1583.1518425941467,2,4225.7,24842.64453125,82301.859375
1584.1770870685577,2,4277.1,25248.39453125,82301.859375
1585.188847541809,2,3260.1,25513.75390625,82301.859375
1586.2158451080322,2,3516.5,25850.01953125,82301.859375
1587.245941400528,2,2990.5,25896.734375,82301.859375
1588.2725129127502,2,3974.4,26472.1953125,82301.859375
1589.2851746082306,2,3298.1,27972.86328125,82301.859375
1590.2956149578094,2,1435.7,28322.2890625,82301.859375
1591.303834438324,2,1396.7,28531.11328125,82301.859375
1592.3246791362762,2,941.1,28344.640625,82301.859375
1593.3338379859924,2,3704.6,28717.515625,82301.859375
1594.3528020381927,2,3338.1,29301.2421875,82301.859375
1595.3611285686493,2,566.3,29530.609375,82301.859375
1596.369369983673,2,575.6,7758.91796875,82301.859375
1597.3770434856415,2,971.1,9523.0859375,82301.859375
1598.3868308067322,2,2933.3,9758.04296875,82301.859375
1599.4428594112396,2,2394.4,13506.30859375,82301.859375
1600.4668369293213,2,4223.4,15723.58203125,82301.859375
1601.4878461360931,2,4256.2,16199.3046875,82301.859375
1602.5138459205627,2,4582.7,20326.9140625,82301.859375
1603.5398452281952,2,4600.2,25343.46875,82301.859375
1604.5658495426178,2,4333.9,29900.3828125,82301.859375
1605.5838479995728,2,4225.0,20510.859375,82301.859375
1606.60977602005,2,4316.7,24723.5703125,82301.859375
1607.6198461055756,2,4496.5,24819.89453125,82301.859375
1608.6408462524414,2,4189.4,25267.55859375,82301.859375
1609.6668615341187,2,3282.5,25501.19140625,82301.859375
1610.6993870735168,2,3514.5,25949.6796875,82301.859375
1611.7275640964508,2,2832.5,25939.80859375,82301.859375
1612.7378346920013,2,4079.0,27103.2265625,82301.859375
1613.7622117996216,2,3034.2,28367.52734375,82301.859375
1614.7694900035858,2,1088.5,28326.54296875,82301.859375
1615.777248620987,2,1376.0,28265.9453125,82301.859375
1616.7845215797424,2,1083.8,28485.64453125,82301.859375
1617.7968363761902,2,4417.1,28765.84375,82301.859375
1618.8123881816864,2,2344.0,29317.359375,82301.859375
1619.8207952976227,2,636.2,29594.70703125,82301.859375
1620.8298201560974,2,501.8,8265.5390625,82301.859375
1621.838208913803,2,935.3,9799.48828125,82301.859375
1622.8478307724,2,3216.2,9970.4453125,82301.859375
1623.880912065506,2,2247.3,13098.921875,82301.859375
1624.8958358764648,2,4250.2,16114.828125,82301.859375
1625.9168429374695,2,4329.7,16587.87890625,82301.859375
1626.9428429603577,2,4520.6,20396.08203125,82301.859375
1627.9685480594635,2,4563.9,25482.890625,82301.859375
1628.9948399066925,2,4584.9,30584.8828125,82301.859375
1630.0228452682495,2,4310.3,20505.140625,82301.859375
1631.0388419628143,2,4485.5,24494.296875,82301.859375
1632.0538418293,2,4238.4,25475.47265625,82301.859375
1633.079041481018,2,4248.3,25793.1875,82301.859375
1634.1025004386902,2,3324.0,26165.84375,82301.859375
1635.1217441558838,2,2996.8,26412.30859375,82301.859375
1636.146960735321,2,3540.5,26361.63671875,82301.859375
1637.1558346748352,2,3617.2,26821.5078125,82301.859375
1638.1717545986176,2,4128.8,28107.25390625,82301.859375
1639.1874392032623,2,1562.1,28883.15234375,82301.859375
1640.1972959041595,2,1121.2,28943.28125,82301.859375
1641.2103555202484,2,1422.0,28847.1328125,82301.859375
1642.2198419570923,2,1875.1,29440.078125,82301.859375
1643.231837272644,2,4534.8,29507.9140625,82301.859375
1644.2527050971985,2,1572.9,29879.859375,82301.859375
1645.2614831924438,2,814.5,30240.53125,82301.859375
1646.2708423137665,2,759.4,8589.12890625,82301.859375
1647.2788326740265,2,2384.1,8960.7734375,82301.859375
1648.300835609436,2,3203.9,12235.4375,82301.859375
1649.3218703269958,2,4452.0,14459.8984375,82301.859375
1650.3477568626404,2,4569.5,18814.09375,82301.859375
1651.3748366832733,2,4353.2,16567.8046875,82301.859375
1652.4088373184204,2,4274.3,17551.890625,82301.859375
1653.4326951503754,2,3364.6,17834.09765625,82301.859375
1654.4647579193115,2,3067.5,17966.26171875,82301.859375
1655.4728364944458,2,3639.2,18815.17578125,82301.859375
1656.4938361644745,2,1928.3,19252.6953125,82301.859375
1657.5061547756195,2,1243.2,19163.171875,82301.859375
1658.516839504242,2,2989.2,19325.484375,82301.859375
1659.5292854309082,2,2264.2,19623.21875,82301.859375
1660.5378239154816,2,619.8,8278.38671875,82301.859375
1661.5468332767487,2,1538.6,9490.77734375,82301.859375
1662.6078462600708,2,2811.8,11825.68359375,82301.859375
1663.632836341858,2,4375.1,14083.546875,82301.859375
1664.6458451747894,2,4444.1,16638.5625,82301.859375
1665.6762828826904,2,4586.1,21286.55078125,82301.859375
1666.6995549201965,2,4394.6,16618.19921875,82301.859375
1667.7118377685547,2,4317.2,20196.8515625,82301.859375
1668.7328374385834,2,4474.1,20339.56640625,82301.859375
1669.7538497447968,2,3228.0,20614.57421875,82301.859375
1670.7808439731598,2,3304.9,20705.37109375,82301.859375
1671.7988369464874,2,3300.2,21134.4765625,82301.859375
1672.8100328445435,2,3131.3,22168.34765625,82301.859375
1673.8225784301758,2,1224.7,22131.1015625,82301.859375
1674.8301603794098,2,1189.7,22052.703125,82301.859375
1675.840490579605,2,4306.4,22382.93359375,82301.859375
1676.8586313724518,2,1473.4,22661.421875,82301.859375
1677.8670182228088,2,700.2,8668.625,82301.859375
1678.8778302669525,2,2183.6,9509.859375,82301.859375
1679.9218347072601,2,2804.2,12640.25,82301.859375
1680.9398341178894,2,4315.3,14163.4375,82301.859375
1681.9588446617126,2,4477.2,17328.71875,82301.859375
1683.0609114170074,2,4579.1,23040.484375,82301.859375
1684.0948390960693,2,4441.6,17338.19921875,82301.859375
1685.113841533661,2,4388.0,19737.39453125,82301.859375
1686.134173154831,2,4203.0,20001.92578125,82301.859375
1687.1459500789642,2,2912.4,20161.5703125,82301.859375
1688.1558468341827,2,3286.4,20372.06640625,82301.859375
1689.171835899353,2,4135.8,21310.96484375,82301.859375
1690.1858351230621,2,1444.1,21695.77734375,82301.859375
1691.1978442668915,2,1316.1,21631.6640625,82301.859375
1692.2088396549225,2,2554.7,21870.0390625,82301.859375
1693.2207667827606,2,3190.0,22120.06640625,82301.859375
1694.2278761863708,2,579.0,9474.01171875,84349.875
1695.2348375320435,2,1050.5,9059.4609375,82301.859375
1696.2439563274384,2,2737.5,10961.421875,82301.859375
1697.2558326721191,2,3828.3,13954.79296875,82301.859375
1698.2768445014954,2,4406.5,14749.2265625,82301.859375
1699.3038425445557,2,4600.6,19337.38671875,82301.859375
1700.3308410644531,2,4607.2,21971.62109375,82301.859375
1701.3538508415222,2,4210.2,19288.578125,82301.859375
1702.3788459300995,2,4288.5,19875.2890625,82301.859375
1703.4037883281708,2,3258.7,20192.046875,82301.859375
1704.4128561019897,2,3880.3,20382.5390625,82301.859375
1705.4432957172394,2,3225.3,20644.7890625,82301.859375
1706.4608352184296,2,3308.8,21696.9140625,82301.859375
1707.4698405265808,2,1244.8,21624.48046875,82301.859375
1708.4789831638336,2,1167.0,21585.3671875,82301.859375
1709.486650466919,2,4305.7,21744.7734375,82301.859375
1710.498440027237,2,1371.3,22225.94921875,82301.859375
1711.5053219795227,2,717.2,8670.3828125,82301.859375
1712.515831708908,2,2269.0,9447.44140625,82301.859375
1713.564091682434,2,2783.8,12657.84375,82301.859375
1714.577140569687,2,4284.2,14283.828125,82301.859375
1715.5928490161896,2,4518.8,16910.29296875,82301.859375
1716.6258668899536,2,4579.9,21359.359375,82301.859375
1717.6499605178833,2,4350.3,16934.2578125,82301.859375
1718.6768362522125,2,4306.2,20076.91796875,82301.859375
1719.6978373527527,2,4461.6,20263.5234375,82301.859375
1720.7222309112549,2,3227.1,20476.2578125,82301.859375
1721.7497005462646,2,2790.8,20716.0546875,82301.859375
1722.776537656784,2,3839.2,21181.140625,82301.859375
1723.7897057533264,2,2498.2,22066.37890625,82301.859375
1724.7998385429382,2,1357.2,22023.9296875,82301.859375
1725.820839881897,2,1488.3,22126.16015625,82301.859375
1726.8332569599152,2,4482.8,22076.47265625,82301.859375
1727.8415081501007,2,938.4,17723.66015625,82301.859375
1728.848602771759,2,882.5,8699.1796875,82301.859375
1729.858336687088,2,2370.8,10299.24609375,82301.859375
1730.8708362579346,2,4310.0,12150.4765625,82301.859375
1731.8948426246643,2,4522.3,15950.609375,82301.859375
1732.9161987304688,2,4520.7,17517.75,82301.859375
1733.939834356308,2,4137.1,17157.83984375,82301.859375
1734.9608454704285,2,4452.5,17365.04296875,82301.859375
1735.9856989383698,2,2754.2,17725.6015625,82301.859375
1737.011517047882,2,3260.1,17974.30859375,82301.859375
1738.0236892700195,2,3274.7,19066.28125,82301.859375
1739.03124666214,2,1191.0,18976.5859375,82301.859375
1740.0418674945831,2,1759.9,19172.73046875,82301.859375
1741.058840751648,2,3677.0,19379.296875,82301.859375
1742.0725674629211,2,584.6,9151.64453125,84349.875
1743.081749200821,2,1098.0,8798.828125,82301.859375
1744.0913128852844,2,3107.9,10966.82421875,82301.859375
1745.1068351268768,2,4245.3,12344.5234375,82301.859375
1746.127845287323,2,4609.8,16591.74609375,82301.859375
1747.158085346222,2,4434.5,14445.6484375,82301.859375
1748.1768367290497,2,4232.1,17289.796875,82301.859375
1749.2009570598602,2,4257.9,17551.53125,82301.859375
1750.2108442783356,2,3098.5,17907.8984375,82301.859375
1751.2368340492249,2,3529.3,18189.48828125,82301.859375
1752.2470092773438,2,2597.0,19064.4765625,82301.859375
1753.2584371566772,2,1325.4,19000.4453125,82301.859375
1754.2738342285156,2,2189.0,19260.640625,82301.859375
1755.2856726646423,2,3103.5,19467.9765625,82301.859375
1756.2953581809998,2,563.5,7737.51171875,82301.859375
1757.3038330078125,2,2084.7,8673.69921875,82301.859375
1758.3608334064484,2,3365.8,11416.3828125,82301.859375
1759.381841659546,2,4451.9,14198.41796875,82301.859375
1760.4078602790833,2,4446.6,13651.1484375,82301.859375
1761.4238348007202,2,4260.4,15320.0234375,82301.859375
1762.4448385238647,2,3159.7,15588.20703125,82301.859375
1763.4708347320557,2,3288.4,16235.953125,82301.859375
1764.4918355941772,2,2085.6,16789.6640625,82301.859375
1765.5029606819153,2,1161.6,16726.1953125,82301.859375
1766.510175228119,2,3797.0,17115.11328125,82301.859375
1767.5183453559875,2,636.7,8667.68359375,84349.875
1768.5266635417938,2,2015.9,8623.60546875,82301.859375
1769.5357151031494,2,2797.0,11193.50390625,82301.859375
1770.5538311004639,2,3865.2,13184.8984375,82301.859375
1771.5698459148407,2,4483.3,15612.3515625,82301.859375
1772.5963473320007,2,4449.6,16099.16015625,82301.859375
1773.6030004024506,2,3782.6,16625.5546875,82301.859375
1774.6108260154724,2,3359.5,16796.07421875,82301.859375
1775.6338336467743,2,2744.1,17210.59375,82301.859375
1776.6428360939026,2,3882.0,18703.37109375,82749.859375
1777.6634058952332,2,2559.6,19198.23046875,82749.859375
1778.6718418598175,2,2343.7,19378.82421875,82749.859375
1779.6844084262848,2,3818.8,19597.03125,82749.859375
1780.6924061775208,2,653.3,9159.48828125,84797.875
1781.7011320590973,2,2045.6,8806.55859375,82749.859375
1782.710384130478,2,3037.7,11689.50390625,82749.859375
1783.7238366603851,2,4328.1,13449.48828125,82749.859375
1784.7444653511047,2,4509.6,17135.51171875,82749.859375
1785.769835472107,2,4123.6,16550.55859375,82749.859375
1786.7928643226624,2,3581.2,16824.55078125,82749.859375
1787.8198385238647,2,3274.0,17072.6953125,82749.859375
1788.84667634964,2,3697.4,17864.59375,82749.859375
1789.859727859497,2,3890.5,19046.76953125,82749.859375
1790.868804693222,2,1366.9,19208.265625,82749.859375
1791.8808364868164,2,4018.5,19500.3671875,82749.859375
1792.9006090164185,2,1900.4,19696.11328125,82749.859375
1793.909824371338,2,1097.2,8350.9140625,82749.859375
1794.9198291301727,2,2734.5,8916.34375,82749.859375
1795.9468343257904,2,3542.9,13245.2109375,82749.859375
1796.9678437709808,2,4366.6,14437.5859375,82749.859375
1797.9957947731018,2,4436.2,14569.86328125,82749.859375
1799.008733034134,2,4245.6,16531.3828125,82749.859375
1800.0339057445526,2,3149.1,16782.61328125,82749.859375
1801.0399987697601,2,2784.9,17020.84765625,82749.859375
1802.0528473854065,2,4230.2,18498.08203125,82749.859375
1803.062480688095,2,3060.6,19095.328125,82749.859375
1804.0697519779205,2,1845.8,19252.88671875,82749.859375
1805.0838358402252,2,4347.3,19342.44921875,82749.859375
1806.0990114212036,2,803.2,8063.65234375,84797.875
1807.1074056625366,2,1974.4,8711.08984375,82749.859375
1808.1218950748444,2,2399.3,10144.0078125,82749.859375
1809.1368339061737,2,4209.3,13378.5546875,82749.859375
1810.157840013504,2,4503.5,16106.86328125,82749.859375
1811.184838294983,2,4349.5,16421.6328125,82749.859375
1812.2058546543121,2,3624.9,16736.7265625,82749.859375
1813.239381313324,2,3396.1,16845.5234375,82749.859375
1814.2484910488129,2,3131.4,17441.49609375,82749.859375
1815.2618350982666,2,4345.6,18785.36328125,82749.859375
1816.274837732315,2,1782.4,19144.55859375,82749.859375
1817.282832622528,2,3090.6,19381.265625,82749.859375
1818.2973766326904,2,2846.6,19499.8984375,82749.859375
1819.3071880340576,2,778.1,8091.21875,82749.859375
1820.317833185196,2,2344.1,8881.234375,82749.859375
1821.3548645973206,2,3695.8,12941.99609375,82749.859375
1822.3688428401947,2,4329.5,13417.74609375,82749.859375
1823.380844116211,2,4526.6,13958.36328125,82749.859375
1824.3927240371704,2,4153.5,16571.41015625,82749.859375
1825.4059269428253,2,3504.1,16812.3046875,82749.859375
1826.4168498516083,2,3168.1,16929.6875,82749.859375
1827.4275164604187,2,3814.6,18069.90625,82749.859375
1828.4405913352966,2,3548.4,19198.390625,82749.859375
1829.4485681056976,2,1235.6,19130.40234375,82749.859375
1830.455836057663,2,4432.9,19280.42578125,82749.859375
1831.4708080291748,2,1464.8,19648.73046875,82749.859375
1832.478273153305,2,1293.3,8366.9765625,82749.859375
1833.4888339042664,2,2836.0,8823.48828125,82749.859375
1834.518836259842,2,3478.1,13232.50390625,82749.859375
1835.5328435897827,2,4362.6,14555.6328125,82749.859375
1836.563010931015,2,4426.7,14952.40234375,82749.859375
1837.5788435935974,2,4307.8,16615.42578125,82749.859375
1838.6048610210419,2,3195.9,16913.546875,82749.859375
1839.6351780891418,2,2744.2,17207.98828125,82749.859375
1840.6548347473145,2,4344.3,18704.68359375,82749.859375
1841.679836511612,2,2893.7,19314.03125,82749.859375
1842.6878345012665,2,1792.9,19491.60546875,82749.859375
1843.70578622818,2,4431.6,19568.69921875,82749.859375
1844.717767715454,2,768.0,8417.6953125,84797.875
1845.7267899513245,2,2008.8,8841.69140625,82749.859375
1846.7378778457642,2,2485.9,10168.22265625,82749.859375
1847.7518351078033,2,4260.5,13440.2734375,82749.859375
1848.7728407382965,2,4542.0,16100.7734375,82749.859375
1849.7988333702087,2,4325.8,16430.6171875,82749.859375
1850.819855928421,2,3656.8,16839.25390625,82749.859375
1851.8467116355896,2,3404.5,16913.59375,82749.859375
1852.858073234558,2,3438.5,17547.24609375,82749.859375
1853.8708326816559,2,4315.7,18830.12890625,82749.859375
1854.8937113285065,2,1686.3,19136.4921875,82749.859375
1855.9028317928314,2,3120.2,19407.12109375,82749.859375
1856.9187660217285,2,2883.7,19585.81640625,82749.859375
1857.9277679920197,2,793.2,8058.01953125,82749.859375
1858.9376475811005,2,2352.9,8813.59765625,82749.859375
1859.9591491222382,2,3694.1,12765.34765625,82749.859375
1860.972841501236,2,4356.3,13394.5234375,82749.859375
1861.9978013038635,2,4377.1,15319.79296875,82749.859375
1863.0138471126556,2,4212.8,16531.95703125,82749.859375
1864.0378515720367,2,3477.6,16831.2734375,82749.859375
1865.0593209266663,2,3022.6,16994.203125,82749.859375
1866.067046403885,2,3827.7,18145.640625,82749.859375
1867.079086780548,2,3599.1,19222.0,82749.859375
1868.0866978168488,2,1216.3,19166.41015625,82749.859375
1869.0978376865387,2,4367.7,19444.66796875,82749.859375
1870.1115441322327,2,1605.4,19704.37890625,82749.859375
1871.1198494434357,2,1474.6,8414.9453125,82749.859375
1872.1290757656097,2,2738.9,8976.79296875,82749.859375
1873.1378343105316,2,3559.2,13320.20703125,82749.859375
1874.1578431129456,2,4471.7,14562.18359375,82749.859375
1875.188095331192,2,4391.5,15091.58984375,82749.859375
1876.2038445472717,2,4240.9,16628.4296875,82749.859375
1877.217839717865,2,3026.0,16812.05078125,82749.859375
1878.2438352108002,2,2770.3,17151.2734375,82749.859375
1879.267837047577,2,4273.6,18683.421875,82749.859375
1880.2884666919708,2,2858.4,19283.3046875,82749.859375
1881.2948350906372,2,1806.1,19398.70703125,82749.859375
1882.31183552742,2,4430.8,19480.73828125,82749.859375
1883.328575372696,2,780.5,8372.53125,84797.875
1884.336843252182,2,2041.4,8792.9765625,82749.859375
1885.3438715934753,2,2459.5,10267.6875,82749.859375
1886.357833147049,2,4284.6,13419.55859375,82749.859375
1887.3788421154022,2,4536.9,15962.49609375,82749.859375
1888.4058349132538,2,4187.7,16289.28125,82749.859375
1889.4268429279327,2,3686.4,16670.90234375,82749.859375
1890.440324306488,2,3279.3,16737.50390625,82749.859375
1891.4505512714386,2,3441.3,17369.53515625,82749.859375
1892.4628338813782,2,4310.2,18691.15234375,82749.859375
1893.4819567203522,2,1837.0,19084.54296875,82749.859375
1894.490347146988,2,2964.4,19253.67578125,82749.859375
1895.5018680095673,2,3095.8,19537.265625,82749.859375
1896.5098090171814,2,573.1,7918.4296875,82749.859375
1897.5182893276215,2,2237.5,8706.5859375,82749.859375
1898.5278406143188,2,3656.8,12405.67578125,82749.859375
1899.543832063675,2,4313.8,13365.83984375,82749.859375
1900.5658628940582,2,4453.5,16782.70703125,82749.859375
1901.5808429718018,2,4217.8,16375.51953125,82749.859375
1902.6068544387817,2,3633.9,16633.51171875,82749.859375
1903.6388447284698,2,3101.2,16965.4375,82749.859375
1904.6638696193695,2,3633.2,17924.56640625,82749.859375
1905.6764931678772,2,3688.7,19105.62890625,82749.859375
1906.6843829154968,2,1219.7,19028.015625,82749.859375
1907.694834470749,2,4134.3,19233.07421875,82749.859375
1908.7078351974487,2,1781.4,19585.1875,82749.859375
1909.7181332111359,2,1330.7,8376.36328125,82749.859375
1910.7282257080078,2,2764.9,8927.14453125,82749.859375
1911.7378470897675,2,3489.7,13265.02734375,82749.859375
1912.7608442306519,2,4449.3,14773.08203125,82749.859375
1913.7911369800568,2,4499.1,15063.03125,82749.859375
1914.8041977882385,2,4204.0,16541.7734375,82749.859375
1915.8148438930511,2,3076.0,16759.125,82749.859375
1916.8399949073792,2,2719.6,17074.8125,82749.859375
1917.8537502288818,2,4358.7,18679.4765625,82749.859375
1918.875307559967,2,2626.1,19116.45703125,82749.859375
1919.882162809372,2,2109.6,19266.14453125,82749.859375
1920.8937320709229,2,4135.7,19444.67578125,82749.859375
1921.902865409851,2,644.2,8679.6953125,84797.875
1922.9118301868439,2,2014.6,8744.390625,82749.859375
1923.921846628189,2,2767.3,11285.2578125,82749.859375
1924.9398403167725,2,4272.3,13386.70703125,82749.859375
1925.9608571529388,2,4540.8,16588.6796875,82749.859375
1926.985345363617,2,4207.3,16368.59765625,82749.859375
1927.9988548755646,2,3673.3,16750.36328125,82749.859375
1929.0308451652527,2,3103.0,17005.57421875,82749.859375
1930.0567762851715,2,3618.7,17716.30078125,82749.859375
1931.0687546730042,2,4124.5,18836.984375,82749.859375
1932.0771708488464,2,1505.0,19143.84765625,82749.859375
1933.0838091373444,2,3501.6,19320.265625,82749.859375
1934.0946300029755,2,2515.0,19632.03515625,82749.859375
1935.1020810604095,2,763.6,8190.3828125,82749.859375
1936.1117932796478,2,3173.0,10836.98046875,82749.859375
1937.12584066391,2,4253.1,12863.9140625,82749.859375
1938.1468358039856,2,4114.7,14490.62890625,82749.859375
1939.167531967163,2,3433.9,14637.83984375,82749.859375
1940.1765582561493,2,3769.1,15531.37890625,82749.859375
1941.188449382782,2,2880.1,16365.08984375,82749.859375
1942.1973676681519,2,2805.1,16371.2109375,82749.859375
1943.2088613510132,2,2222.5,16720.56640625,82749.859375
1944.2188403606415,2,1548.1,8528.85546875,82749.859375
1945.27383351326,2,3683.6,11502.82421875,82749.859375
1946.2946922779083,2,4399.4,12560.40234375,82749.859375
1947.311840057373,2,3955.0,14511.859375,82749.859375
1948.323239326477,2,3128.6,14706.02734375,82749.859375
1949.3318343162537,2,4018.9,15989.875,82749.859375
1950.3525006771088,2,1757.7,16123.9296875,82749.859375
1951.3611357212067,2,4117.7,16429.15625,82749.859375
1952.3709213733673,2,623.8,9971.63671875,84797.875
1953.3797969818115,2,2654.7,9936.2734375,82749.859375
1954.395836353302,2,4234.2,11923.2890625,82749.859375
1955.420925617218,2,4347.5,14187.16015625,82749.859375
1956.4408485889435,2,3709.6,14511.41015625,82749.859375
1957.456832408905,2,3131.4,15052.40234375,82749.859375
1958.4689943790436,2,3552.5,16298.08984375,82749.859375
1959.477835893631,2,2262.4,16429.9453125,82749.859375
1960.4893536567688,2,2824.7,16597.75390625,82749.859375
1961.496717453003,2,1164.5,8474.67578125,82749.859375
1962.5068349838257,2,3277.8,11363.6953125,82749.859375
1963.5318489074707,2,4443.2,13823.33203125,82749.859375
1964.5598366260529,2,4171.4,14462.484375,82749.859375
1965.5758426189423,2,3105.3,14757.1015625,82749.859375
1966.6022737026215,2,3724.9,15701.73046875,82749.859375
1967.6113188266754,2,2519.3,16231.98828125,82749.859375
1968.6198365688324,2,3162.5,16398.7265625,82749.859375
1969.6366229057312,2,1777.2,8375.875,82749.859375
1970.6458349227905,2,2358.3,9090.16015625,82749.859375
1971.663146495819,2,3750.8,10175.19921875,82749.859375
1972.6747789382935,2,3459.2,10657.14453125,82749.859375
1973.6872086524963,2,1473.3,8497.94921875,82749.859375
1974.6978373527527,2,3202.8,11454.97265625,82749.859375
1975.718841791153,2,4415.1,13327.1171875,82749.859375
1976.7467260360718,2,4152.1,14400.61328125,82749.859375
1977.7578444480896,2,3168.2,14627.16015625,82749.859375
1978.7778356075287,2,4133.3,15745.93359375,82749.859375
1979.7983837127686,2,2454.2,16141.3671875,82749.859375
1980.8068387508392,2,3470.4,16221.6640625,82749.859375
1981.8193032741547,2,1414.9,8629.50390625,84797.875
1982.8284075260162,2,2223.7,9651.6796875,82749.859375
1983.8418369293213,2,4313.8,11297.01171875,82749.859375
1984.8558373451233,2,3448.7,12143.72265625,82749.859375
1985.88046336174,2,3882.9,12952.75390625,82749.859375
1986.889771938324,2,2522.4,13217.60546875,82749.859375
1987.9000327587128,2,1692.4,9382.43359375,84797.875
1988.907380580902,2,2559.1,10191.00390625,82749.859375
1989.9155867099762,2,4434.8,11871.16796875,82749.859375
1990.92821931839,2,3462.5,12260.63671875,82749.859375
1991.936602115631,2,3749.1,13295.859375,82749.859375
1992.9498331546783,2,2754.3,13273.19140625,82749.859375
1993.9608569145203,2,1260.0,5259.60546875,75581.703125
1994.969453573227,2,68.3,5003.1484375,75581.703125
1995.9794325828552,2,103.0,4865.02734375,75581.703125
