elapsed_time,nproc,cpu,mem_real,mem_virtual
3.6716461181640625e-05,1,0.0,5.03125,7.5234375
1.00516676902771,4,0.0,433.42578125,4204.9140625
2.0127620697021484,4,100.2,621.37890625,4418.9140625
3.0211341381073,4,100.1,620.3984375,4450.9140625
4.029784202575684,4,99.2,618.6484375,4450.9140625
5.0382349491119385,4,100.2,619.08203125,4450.9140625
6.04636812210083,4,99.1,627.71875,4498.9140625
7.055064916610718,4,100.1,619.1328125,4498.9140625
8.063624143600464,4,99.2,588.8125,4498.9140625
9.071948766708374,4,100.0,607.9765625,4498.9140625
10.08202862739563,4,99.9,656.9609375,4498.9140625
11.092929124832153,4,99.0,704.9609375,4554.9140625
12.102818250656128,4,99.0,764.9609375,4624.9140625
13.113011837005615,4,101.0,814.95703125,4704.9140625
14.122615575790405,4,99.1,872.95703125,4800.9140625
15.132210493087769,4,100.9,916.95703125,4800.9140625
16.14345955848694,4,99.0,959.765625,4800.9140625
17.15390419960022,2,0.0,70.33203125,3446.5703125
18.16372275352478,2,98.9,529.91796875,4733.6015625
19.174432039260864,2,100.9,509.91796875,4733.6015625
20.18506932258606,2,100.1,509.91796875,4733.6015625
21.194438219070435,2,99.1,510.04296875,4733.6015625
22.203680276870728,2,99.9,556.546875,5349.6328125
23.215171337127686,2,3625.3,1513.08984375,9069.046875
24.235175609588623,2,4725.3,1898.546875,9481.546875
25.255178928375244,2,4720.1,2186.2734375,9799.546875
26.28017258644104,2,4729.6,2283.13671875,9977.546875
27.296743869781494,2,4700.6,2297.26953125,10060.53125
28.3221755027771,2,4672.5,2383.55859375,10191.53125
29.352173328399658,2,4675.4,2499.3515625,10379.53125
30.384239673614502,2,4728.5,2467.8671875,10466.53125
31.407193899154663,2,4697.5,2519.03125,10598.53125
32.43199300765991,2,4740.9,2531.87890625,10755.53125
33.44846701622009,2,4687.1,2614.63671875,10862.53125
34.47417163848877,2,4676.0,2546.1875,10872.53125
35.498860359191895,2,4662.4,2544.75,10917.53125
36.524176836013794,2,4667.3,2518.515625,10942.53125
37.545000076293945,2,4672.0,2587.0234375,10972.53125
38.57017278671265,2,4748.5,2544.09375,11028.53125
39.59517860412598,2,4674.0,2511.984375,11045.53125
40.62018013000488,2,4669.6,2610.8671875,11115.53125
41.64518713951111,2,4673.7,2587.00390625,11191.53125
42.67117691040039,2,4661.8,2653.6015625,11279.53125
43.69317126274109,2,4660.9,2738.0625,11373.53125
44.71717071533203,2,4752.2,2799.40234375,11423.53125
45.74217462539673,2,4659.4,2734.16015625,11437.53125
46.767178773880005,2,4675.8,2758.0390625,11457.53125
47.793174505233765,2,4678.6,2766.328125,11487.53125
48.817933559417725,2,4754.6,2681.640625,11487.53125
49.84217643737793,2,4748.5,2760.2265625,11564.53125
50.867170572280884,2,4659.6,2818.9765625,11644.53125
51.89217567443848,2,4680.9,2750.8828125,11666.53125
52.919187784194946,2,4684.6,2762.8359375,11692.53125
53.94217801094055,2,4738.9,2868.671875,11826.53125
54.96717619895935,2,4689.7,2890.35546875,11898.53125
55.99117636680603,2,4739.7,2953.25,11996.53125
57.01617670059204,2,4674.5,2983.55859375,12028.53125
58.04116988182068,2,4697.4,3049.3046875,12160.53125
59.06580352783203,2,4727.7,3085.69921875,12252.53125
60.09039282798767,2,4688.0,3135.91796875,12362.53125
61.107176303863525,2,4715.7,3145.1953125,12402.53125
62.132174253463745,2,4665.6,3218.828125,12522.53125
63.15717577934265,2,4671.8,3258.85546875,12552.53125
64.18217062950134,2,4674.5,3338.9765625,12612.53125
65.20717453956604,2,4711.4,3317.4140625,12664.53125
66.22018218040466,2,4706.9,3270.6875,12676.53125
67.24517369270325,2,4713.2,3405.0390625,12912.53125
68.27018022537231,2,4700.9,3366.19921875,12970.53125
69.2951729297638,2,4674.8,3409.95703125,12990.53125
70.32117915153503,2,4670.6,3465.56640625,13038.53125
71.34718155860901,2,4711.2,3525.78515625,13078.53125
72.36917352676392,2,4690.6,3672.80859375,13172.53125
73.39392638206482,2,4734.6,3624.390625,13172.53125
74.42017459869385,2,4680.2,3608.3125,13202.53125
75.44517421722412,2,4669.2,3632.6484375,13226.53125
76.46997904777527,2,4664.4,3811.9609375,13472.53125
77.49517488479614,2,4669.0,3773.19140625,13576.53125
78.52118372917175,2,4736.8,3802.9140625,13576.53125
79.54607081413269,2,4671.4,3748.62890625,13612.53125
80.57017731666565,2,4655.3,3824.125,13822.53125
81.59517502784729,2,4660.6,3664.328125,13916.53125
82.62017583847046,2,4663.7,3655.02734375,13958.53125
83.6449191570282,2,4751.0,3659.60546875,13958.53125
84.6701717376709,2,4657.9,3831.97265625,14110.53125
85.69595980644226,2,4745.8,3809.13671875,14126.53125
86.72086310386658,2,4655.6,3820.8046875,14162.53125
87.74617576599121,2,4672.2,3875.50390625,14250.53125
88.77117228507996,2,4658.2,3914.3203125,14338.53125
89.7841739654541,2,4745.1,3778.0078125,14338.53125
90.80917501449585,2,4673.6,3828.01171875,14394.53125
91.83417534828186,2,4737.9,3768.8203125,14446.53125
92.85882806777954,2,4664.5,3720.51953125,14446.53125
93.88417506217957,2,4663.7,3706.140625,14492.53125
94.90940427780151,2,4643.9,3680.87109375,14530.53125
95.93517565727234,2,4663.4,3651.8671875,14544.53125
96.95980525016785,2,4664.3,3733.296875,14600.53125
97.98517417907715,2,4663.7,3777.859375,14686.53125
99.00998520851135,2,4672.7,4025.8125,14894.53125
100.03467583656311,2,4659.3,4072.3359375,14918.53125
101.06017303466797,2,4691.3,4064.12109375,14998.53125
102.08417630195618,2,4712.6,4098.8671875,15014.53125
103.1091775894165,2,4696.4,4106.890625,15030.53125
104.13390040397644,2,4709.6,4061.62109375,15030.53125
105.15856981277466,2,4665.1,4144.90625,15050.53125
106.17804980278015,2,4653.5,4257.04296875,15162.53125
107.20160293579102,2,4711.4,4233.16015625,15162.53125
108.22717666625977,2,4708.6,4205.125,15162.53125
109.25217318534851,2,4712.8,4237.97265625,15218.53125
110.27696871757507,2,4693.7,4319.921875,15272.53125
111.30218625068665,2,4667.8,4346.1328125,15288.53125
112.32685422897339,2,4653.6,4642.625,15636.53125
113.35217547416687,2,4702.3,4733.15234375,15732.53125
114.37718319892883,2,4690.2,4721.0625,15776.53125
115.40201568603516,2,4729.1,4677.328125,15776.53125
116.42717242240906,2,4696.8,4722.7578125,15796.53125
117.45217037200928,2,4730.1,4686.62890625,15796.53125
118.4771716594696,2,4672.9,4632.5703125,15816.53125
119.50217008590698,2,4657.9,5001.31640625,16086.53125
120.52717781066895,2,4654.2,5021.7578125,16198.53125
121.55190420150757,2,4649.7,4973.96484375,16198.53125
122.57717561721802,2,4643.7,5010.28125,16198.53125
123.60217618942261,2,4667.9,5152.15625,16278.53125
124.62704730033875,2,4749.9,5172.80859375,16322.53125
125.65217804908752,2,4668.3,5203.06640625,16398.53125
126.67517757415771,2,4751.7,5224.23046875,16398.53125
127.7001736164093,2,4654.0,5247.55859375,16428.53125
128.72517466545105,2,4660.4,5302.45703125,16480.53125
129.75070190429688,2,4653.0,5278.3671875,16492.53125
130.7764892578125,2,4663.7,5302.84375,16536.53125
131.80018401145935,2,4666.8,5291.4140625,16536.53125
132.82506728172302,2,4732.9,5247.859375,16536.53125
133.85017156600952,2,4664.7,5227.09765625,16536.53125
134.87517380714417,2,4663.6,5248.9921875,16536.53125
135.8999297618866,2,4666.4,5225.54296875,16536.53125
136.92518496513367,2,4678.1,5293.671875,16610.53125
137.95017409324646,2,4735.2,5313.296875,16642.53125
138.97517323493958,2,4653.1,5236.03125,16642.53125
140.00017404556274,2,4663.1,5261.5703125,16666.53125
141.0251762866974,2,4664.9,5335.171875,16666.53125
142.0500557422638,2,4691.9,5407.0859375,16776.53125
143.07517218589783,2,4707.1,5312.37109375,16776.53125
144.10027647018433,2,4661.6,5240.55078125,16776.53125
145.12517070770264,2,4651.3,5177.84765625,16776.53125
146.14990234375,2,4652.3,5208.3359375,16776.53125
147.1751708984375,2,4668.3,5221.34765625,16776.53125
148.20017313957214,2,4707.9,5210.48046875,16776.53125
149.22698879241943,2,4702.9,5197.078125,16800.53125
150.25018000602722,2,4664.5,5257.015625,16848.53125
151.27476000785828,2,4636.2,5170.8046875,16848.53125
152.30018496513367,2,4663.1,5204.421875,16848.53125
153.32617378234863,2,4669.0,5269.58203125,16848.53125
154.35092854499817,2,4714.9,5239.828125,16852.53125
155.37917304039001,2,4683.8,5161.15625,16852.53125
156.40396308898926,2,4669.6,5457.484375,17202.53125
157.4274046421051,2,4671.9,5768.453125,17470.53125
158.4521780014038,2,4653.1,5918.71484375,17530.53125
159.47626852989197,2,4732.9,5954.35546875,17530.53125
160.5021734237671,2,4674.6,6114.4609375,17658.53125
161.5269718170166,2,4725.3,6106.31640625,17710.53125
162.55217599868774,2,4666.6,6084.93359375,17838.53125
163.5771701335907,2,4663.7,5956.890625,17838.53125
164.60200428962708,2,4665.4,6014.1015625,17858.53125
165.62717533111572,2,4742.7,5977.203125,17882.53125
166.6521737575531,2,4664.8,5869.66796875,17910.53125
167.67717576026917,2,4658.5,5954.8125,17910.53125
168.70217490196228,2,4647.5,5842.76953125,17910.53125
169.71893882751465,2,4670.5,5850.08984375,17942.53125
170.74417638778687,2,4669.0,5897.05078125,17942.53125
171.7691776752472,2,4751.1,5928.41796875,17942.53125
172.7921760082245,2,4695.5,5905.85546875,17990.53125
173.81691694259644,2,4661.7,5805.2265625,17990.53125
174.84217739105225,2,4660.1,5888.85546875,18130.53125
175.86696791648865,2,4658.4,6067.4921875,18300.53125
176.8915445804596,2,4652.9,5939.6640625,18452.53125
177.91717433929443,2,4680.8,5880.4296875,18452.53125
178.94217467308044,2,4725.1,5821.21484375,18484.53125
179.96717309951782,2,4647.4,5811.859375,18484.53125
180.99217581748962,2,4653.7,5750.3359375,18484.53125
182.01717400550842,2,4647.4,5771.03125,18488.53125
183.04217314720154,2,4691.3,5738.1171875,18560.53125
184.06652688980103,2,4707.8,5706.1953125,18584.53125
185.0921790599823,2,4653.9,5709.3046875,18584.53125
186.11817860603333,2,4649.1,5730.21484375,18584.53125
187.14324569702148,2,4661.9,5913.09765625,18584.53125
188.16817617416382,2,4667.2,5941.22265625,18628.53125
189.19417810440063,2,4704.7,6084.40625,18628.53125
190.21818017959595,2,4710.7,6047.3125,18628.53125
191.2429838180542,2,4711.0,6043.4140625,18628.53125
192.26817870140076,2,4692.2,6075.74609375,18628.53125
193.29317378997803,2,4666.2,6014.015625,18628.53125
194.31817626953125,2,4661.4,6031.94921875,18628.53125
195.3431704044342,2,4705.0,6006.06640625,18648.53125
196.36817741394043,2,4691.7,5963.68359375,18648.53125
197.39240622520447,2,4650.7,5933.26953125,18648.53125
198.42117309570312,2,4650.7,6021.46484375,18648.53125
199.45917439460754,2,4655.8,5985.3984375,18648.53125
200.48781037330627,2,4673.0,6026.2734375,18648.53125
201.51563096046448,2,4666.4,6082.4453125,18648.53125
202.5395393371582,2,4653.9,6068.43359375,18648.53125
203.56417155265808,2,4669.5,6240.3125,18688.53125
204.5890154838562,2,4660.1,6456.25,18760.53125
205.61418557167053,2,4679.1,6420.21484375,18760.53125
206.63917446136475,2,4728.7,6291.6171875,18792.53125
207.6521773338318,2,4661.8,6364.6484375,18796.53125
208.67717480659485,2,4738.4,6373.8828125,18828.53125
209.70285987854004,2,4742.0,6424.3125,18828.53125
210.72317695617676,2,4651.4,6700.08984375,19016.53125
211.74817037582397,2,4746.3,6836.34375,19176.53125
212.7729594707489,2,4633.3,6594.11328125,19176.53125
213.79817581176758,2,4724.3,6552.40234375,19236.53125
214.82317447662354,2,4647.4,6473.00390625,19236.53125
215.84902811050415,2,4651.7,6423.765625,19292.53125
216.87417793273926,2,4645.4,6582.1484375,19476.53125
217.89917063713074,2,4636.1,6594.890625,19476.53125
218.9239137172699,2,4648.0,6598.359375,19476.53125
219.94917678833008,2,4669.0,6726.62109375,19644.53125
220.9741735458374,2,4721.1,6863.61328125,19692.53125
222.00417137145996,2,4652.8,6915.3828125,20002.53125
223.03017735481262,2,4644.8,6857.33984375,20002.53125
224.05517625808716,2,4701.8,6819.171875,20174.53125
225.08016991615295,2,4678.1,6475.13671875,20334.53125
226.1051745414734,2,4714.3,6454.6484375,20334.53125
227.12999391555786,2,4656.0,6442.3984375,20338.53125
228.15817523002625,2,4647.1,6323.5703125,20338.53125
229.1861720085144,2,4692.0,6320.40234375,20342.53125
230.211008310318,2,4694.6,6683.86328125,20342.53125
231.23617386817932,2,4702.5,7101.28515625,20640.53125
232.26117706298828,2,4669.9,7537.1640625,21056.53125
233.28617668151855,2,4629.7,7890.65234375,21632.53125
234.31116890907288,2,4628.9,8183.1640625,21824.53125
235.3281762599945,2,4647.4,8393.828125,21824.53125
236.3531732559204,2,4639.6,8874.93359375,22676.53125
237.38081240653992,2,4644.2,8923.9140625,22932.53125
238.40575742721558,2,4629.0,8867.52734375,22932.53125
239.4311716556549,2,4633.2,8734.35546875,22932.53125
240.45581102371216,2,4667.0,8807.0859375,22932.53125
241.4811704158783,2,4638.2,8713.71875,22932.53125
242.5066978931427,2,4726.6,8697.51953125,22932.53125
243.53217029571533,2,4657.9,8617.0703125,22960.53125
244.55687928199768,2,4727.9,8484.6875,23000.53125
245.58217477798462,2,4675.7,8532.24609375,23000.53125
246.60817527770996,2,4660.0,8745.42578125,23000.53125
247.65718603134155,2,4747.6,8812.4921875,23032.53125
248.6820948123932,2,4670.1,8754.33984375,23032.53125
249.7071762084961,2,4721.2,8788.97265625,23032.53125
250.73317098617554,2,4652.0,8939.68359375,23032.53125
251.75917792320251,2,4655.7,8773.22265625,23032.53125
252.78479933738708,2,4648.4,8713.16015625,23032.53125
253.80917167663574,2,4721.0,8993.703125,23076.53125
254.83017253875732,2,4659.9,9303.390625,23236.53125
255.85517358779907,2,4726.2,9329.75,23236.53125
256.8801746368408,2,4657.8,9129.04296875,23236.53125
257.9061722755432,2,4721.4,9071.890625,23236.53125
258.9309287071228,2,4651.4,8984.7109375,23236.53125
259.9561767578125,2,4644.4,8982.078125,23296.53125
260.9811773300171,2,4646.9,8936.28125,23296.53125
262.0061762332916,2,4660.1,8905.51171875,23296.53125
263.03217577934265,2,4655.2,8876.9375,23296.53125
264.0591788291931,2,4685.3,8926.03125,23296.53125
265.08397030830383,2,4713.0,8817.875,23296.53125
266.1081838607788,2,4696.4,8783.890625,23296.53125
267.1342761516571,2,4710.3,8744.4609375,23296.53125
268.16018056869507,2,4644.1,8639.81640625,23344.53125
269.1851761341095,2,4708.6,8506.4296875,23344.53125
270.21000242233276,2,4707.5,8477.51171875,23344.53125
271.23517370224,2,4703.1,8406.05859375,23344.53125
272.2601754665375,2,4694.0,8403.6328125,23372.53125
273.28517627716064,2,4658.7,8476.11328125,23452.53125
274.3099226951599,2,4667.5,8527.45703125,23484.53125
275.33468317985535,2,4672.6,8745.50390625,23484.53125
276.36017417907715,2,4671.4,8937.1015625,23484.53125
277.3851718902588,2,4658.0,8967.1796875,23484.53125
278.41017389297485,2,4726.1,8851.69921875,23484.53125
279.43587255477905,2,4671.5,9055.203125,23484.53125
280.4611747264862,2,4650.5,8991.53515625,23484.53125
281.48617362976074,2,4718.4,8869.9453125,23484.53125
282.511652469635,2,4667.0,8871.234375,23512.53125
283.5371747016907,2,4732.6,8868.8984375,23512.53125
284.56216502189636,2,4677.5,8929.1640625,23540.53125
285.5871772766113,2,4662.9,9349.25390625,23564.53125
286.61303329467773,2,4658.2,9629.015625,23692.53125
287.6381709575653,2,4656.3,9591.66015625,23788.53125
288.66317987442017,2,4741.0,9685.25,23864.53125
289.6881740093231,2,4665.2,9597.21875,23864.53125
290.7151732444763,2,4740.1,9590.6484375,23864.53125
291.74017548561096,2,4654.7,9714.66796875,23896.53125
292.7646734714508,2,4662.3,9565.7734375,23956.53125
293.79017448425293,2,4651.7,9488.85546875,23980.53125
294.8151762485504,2,4714.4,9603.00390625,23980.53125
295.83617424964905,2,4709.6,9435.52734375,23980.53125
296.8611636161804,2,4337.5,9389.79296875,24132.53125
297.8749771118164,2,3833.2,9452.3359375,24132.53125
298.88494753837585,2,3561.4,9280.4921875,24180.53125
299.8972227573395,2,3542.8,9091.703125,24180.53125
300.90915870666504,2,3366.8,8873.78125,24180.53125
301.92108130455017,2,3240.3,8752.0,24180.53125
302.9330198764801,2,3019.3,8661.51953125,24240.53125
303.9448506832123,2,2810.9,8789.75,24516.53125
304.9566264152527,2,2779.1,8670.3515625,24764.53125
305.968079328537,2,2685.4,8448.7265625,24764.53125
306.9798467159271,2,2411.0,8341.5078125,24976.53125
307.99146246910095,2,2318.3,8667.375,25096.53125
309.0029854774475,2,2193.4,8659.71875,25184.53125
310.01419496536255,2,2185.8,8242.21875,25400.53125
311.0257306098938,2,2184.2,8187.38671875,25400.53125
312.03710317611694,2,2135.3,8411.796875,25492.53125
313.0481815338135,2,2094.1,8269.9765625,25492.53125
314.05861353874207,2,2079.5,8166.2890625,25492.53125
315.0698997974396,2,1958.2,7960.69921875,25492.53125
316.0800054073334,2,1894.3,8062.33203125,25492.53125
317.09145951271057,2,1892.1,7931.3046875,25492.53125
318.10199761390686,2,1893.4,7710.640625,25492.53125
319.11284589767456,2,1808.9,7964.90625,25492.53125
320.1228585243225,2,1796.1,7777.453125,25492.53125
321.13284969329834,2,1794.3,7877.01953125,25492.53125
322.14325642585754,2,1797.0,7703.984375,25492.53125
323.1532850265503,2,1672.7,7561.5546875,25492.53125
324.1636390686035,2,1597.1,7491.21875,25492.53125
325.1735668182373,2,1595.8,7369.57421875,25492.53125
326.1830859184265,2,1526.7,7179.0234375,25492.53125
327.19180274009705,2,1204.2,7018.26953125,25492.53125
328.19991731643677,2,1063.8,6983.58984375,25492.53125
329.2085349559784,2,896.0,6894.12890625,25492.53125
330.2174725532532,2,793.3,6613.10546875,25748.53125
331.22594594955444,2,667.8,6518.6171875,25748.53125
332.23375511169434,2,502.2,6349.11328125,25748.53125
333.2394380569458,2,218.3,6355.73046875,25748.53125
334.2470805644989,2,208.3,6515.9921875,25748.53125
335.25519609451294,2,208.2,6461.6015625,25748.53125
336.2640416622162,2,213.2,5770.62890625,25748.53125
337.27262926101685,2,213.2,5405.01953125,25748.53125
338.2808487415314,2,207.4,4944.68359375,25748.53125
339.2887222766876,2,111.1,4707.234375,25748.53125
340.2966616153717,2,109.8,4489.9375,25748.53125
341.3074712753296,2,110.0,4295.9765625,25748.53125
342.3169331550598,2,106.8,4153.0625,25748.53125
343.32777404785156,2,107.8,3964.0703125,25748.53125
344.33850860595703,2,106.0,3733.66015625,25748.53125
345.3479714393616,2,105.8,3570.04296875,25748.53125
346.3589913845062,2,101.0,3834.71875,25748.53125
347.3690330982208,2,101.0,3806.69921875,25748.53125
348.37934947013855,2,101.0,3777.65234375,25748.53125
349.3889660835266,2,100.0,3603.6953125,25748.53125
350.3988742828369,2,102.0,3713.00390625,25748.53125
351.4088943004608,2,100.9,3459.64453125,25748.53125
352.41997241973877,2,102.0,3434.62890625,25748.53125
353.4300801753998,2,102.0,3428.2421875,25748.53125
354.4401385784149,2,102.1,3404.23828125,25748.53125
355.4494378566742,2,103.0,3366.2734375,25748.53125
356.45904207229614,2,101.0,3322.01953125,25748.53125
357.4693982601166,2,100.0,3538.79296875,25748.53125
358.4797043800354,2,101.0,3391.10546875,25748.53125
359.4900710582733,2,100.9,3391.10546875,25748.53125
360.5006048679352,2,101.0,3368.0390625,25748.53125
361.5105679035187,2,101.1,3329.91796875,25748.53125
362.51966762542725,2,101.0,3278.6484375,25748.53125
363.52913641929626,2,101.0,3260.93359375,25748.53125
364.53893065452576,2,101.0,3276.19140625,25748.53125
365.5484459400177,2,100.1,3453.69140625,25748.53125
366.5576801300049,2,99.9,3343.64453125,25748.53125
367.5684244632721,2,100.0,3343.64453125,25748.53125
368.5782136917114,2,101.0,3343.64453125,25748.53125
369.5877170562744,2,101.1,3330.125,25748.53125
370.5962383747101,2,101.1,3306.421875,25748.53125
371.60487604141235,2,100.1,3513.87109375,25748.53125
372.61426877975464,2,104.0,3358.62109375,25748.53125
373.6240677833557,2,99.1,3523.20703125,25748.53125
374.63349199295044,2,101.0,3533.12109375,25748.53125
375.64323472976685,2,100.9,3468.578125,25748.53125
376.65412616729736,2,100.0,3549.72265625,25748.53125
377.66422152519226,2,100.9,3406.53515625,25748.53125
378.67541909217834,2,102.0,3387.41015625,25748.53125
379.685359954834,2,101.0,3354.0390625,25748.53125
380.6956145763397,2,101.0,3319.328125,25748.53125
381.70553851127625,2,101.9,3281.9375,25748.53125
382.7161989212036,2,114.8,2742.41015625,25748.53125
383.726922750473,2,693.4,3175.453125,25892.5390625
384.73640537261963,2,113.9,3041.453125,25892.5390625
385.746173620224,2,105.8,3032.70703125,25988.625
386.7571756839752,2,108.0,3118.52734375,26580.625
387.7667896747589,2,1752.2,3813.5390625,27948.625
388.7769441604614,2,555.5,6212.34765625,35628.7109375
389.7867856025696,2,2072.7,3494.23046875,27948.625
390.8001699447632,2,1668.6,3630.4921875,39852.65625
391.82916498184204,2,3952.8,5865.328125,45996.65625
392.8536705970764,2,4097.1,6310.59375,45996.65625
393.86032700538635,2,2656.2,6650.21484375,45996.65625
394.8670563697815,2,2277.7,6716.20703125,45996.65625
395.87772846221924,2,1184.4,3992.48046875,45996.65625
396.88516330718994,2,3713.1,5720.46484375,45996.65625
397.90316581726074,2,4468.5,7611.32421875,45996.65625
398.92054557800293,2,3285.5,7697.8828125,45996.65625
399.9371643066406,2,3807.1,8351.9140625,45996.65625
400.95466446876526,2,2617.3,8587.30078125,45996.65625
401.9675500392914,2,2933.0,8599.5703125,45996.65625
402.97716426849365,2,2028.8,3453.8515625,43948.625
404.00216150283813,2,4744.3,3332.66015625,43948.625
405.0269298553467,2,4764.7,3220.9609375,43948.625
406.04516077041626,2,4418.3,3301.08984375,43948.625
407.0631642341614,2,4718.1,3305.296875,43948.625
408.08065581321716,2,2052.6,3271.046875,43976.625
409.0886471271515,2,101.1,3183.8984375,43976.625
410.09744787216187,2,101.1,3160.55859375,43976.625
411.10592007637024,2,122.1,3437.7734375,43978.64453125
412.113219499588,2,101.2,3800.16015625,43978.64453125
413.1212990283966,2,100.3,4111.78515625,43978.64453125
414.12855553627014,4,3.0,4437.28515625,44320.40625
415.1369082927704,4,100.2,4669.9765625,44569.32421875
416.14535093307495,4,100.2,4889.85546875,44797.1171875
417.1530110836029,4,99.2,5102.8359375,45022.57421875
418.16098976135254,4,101.0,5437.4296875,45381.8359375
419.1713500022888,4,100.0,5800.0546875,45744.578125
420.18084931373596,4,100.0,6163.8046875,46108.22265625
421.1912145614624,4,99.9,6526.8046875,46471.078125
422.2018051147461,4,99.9,6886.69921875,46833.8203125
423.2125127315521,4,99.1,7249.32421875,47196.5625
424.22140645980835,4,101.1,7613.44921875,47560.46484375
425.23032569885254,4,99.0,7976.07421875,47923.3359375
426.24010848999023,4,100.0,8338.69921875,48285.94921875
427.24973154067993,4,100.0,8702.82421875,48649.8515625
428.25994634628296,4,100.0,9066.94921875,49014.140625
429.2697105407715,4,100.0,9431.07421875,49378.171875
430.280170917511,4,100.1,9794.07421875,49741.04296875
431.2891812324524,4,100.1,10157.44921875,50104.55859375
432.29847383499146,4,100.0,10521.57421875,50468.84765625
433.3083758354187,4,99.0,10884.94921875,50831.9765625
434.31850838661194,4,100.0,11248.32421875,51195.36328125
435.32882738113403,4,100.0,11610.94921875,51558.234375
436.3390328884125,4,100.0,11975.44921875,51922.65234375
437.3488166332245,4,99.0,12338.44921875,52285.39453125
438.35857224464417,4,100.0,12700.69921875,52648.0078125
439.3681263923645,4,100.1,13063.32421875,53010.234375
440.37705755233765,4,100.9,13426.69921875,53373.62109375
441.38802456855774,4,98.9,13789.32421875,53736.36328125
442.39895009994507,4,99.9,14151.19921875,54098.33203125
443.41002106666565,4,99.9,14365.32421875,54312.4453125
444.420658826828,4,99.9,14389.32421875,54336.6796875
445.4316554069519,4,100.0,14754.32421875,54759.63671875
446.44172954559326,4,99.0,14490.4296875,54437.3125
447.45154333114624,5,0.0,4475.7109375,44618.56640625
448.4621059894562,2,12.9,3282.3671875,44664.9609375
449.4715049266815,2,530.3,4005.04296875,45002.69140625
450.4841642379761,2,3452.6,5088.84765625,49098.75390625
451.5091609954834,2,4726.3,5120.84765625,49098.75390625
452.52687191963196,2,4725.8,5168.27734375,51146.78515625
453.53496503829956,2,127.0,5874.2109375,51146.78515625
454.54247069358826,2,100.2,6294.2109375,51146.78515625
455.5507102012634,4,70.4,6643.421875,51343.90625
456.5589668750763,4,99.2,6980.4921875,51680.875
457.56706738471985,4,100.2,7331.1171875,52031.7578125
458.57553458213806,4,100.1,7676.8671875,52377.484375
459.58428025245667,4,99.3,8031.2265625,52731.60546875
460.5917901992798,4,101.2,8382.9765625,53083.390625
461.59997177124023,4,99.2,8714.8515625,53415.32421875
462.60848331451416,4,100.2,9050.1015625,53752.80078125
463.6167812347412,4,100.0,9378.2265625,54081.125
464.62694811820984,4,99.0,9707.69140625,54410.51171875
465.6372163295746,4,101.0,10049.31640625,54752.11328125
466.6469991207123,4,99.9,10408.94140625,55111.76171875
467.65780901908875,4,99.9,10796.69140625,55499.51171875
468.6690204143524,4,99.0,11184.44140625,55887.1328125
469.6791741847992,4,100.0,11572.19140625,56274.75390625
470.6893084049225,4,100.0,11958.06640625,56660.828125
471.699595451355,4,99.0,12345.44140625,57048.3203125
472.70925402641296,4,101.0,12729.05078125,57436.0703125
473.71946573257446,4,100.0,13116.80078125,57823.8203125
474.72948479652405,4,101.0,13501.92578125,58208.86328125
475.73924589157104,4,100.1,13890.05078125,58596.87109375
476.7486197948456,4,99.1,14276.30078125,58983.07421875
477.7580635547638,4,99.7,14659.17578125,59366.18359375
478.77113342285156,4,99.9,15041.67578125,59748.51953125
479.78168845176697,4,100.1,15426.7578125,60136.01171875
480.7910809516907,4,100.0,15813.7578125,60523.375
481.80098581314087,4,99.0,16200.0078125,60909.3203125
482.8115003108978,4,101.0,16587.0078125,61296.5546875
483.8211884498596,4,99.0,16975.5078125,61684.94921875
484.83169317245483,4,100.1,17362.5078125,62072.18359375
485.840628862381,4,100.0,17747.6328125,62457.09765625
486.8509097099304,4,100.0,18133.8828125,62843.30078125
487.86094188690186,4,100.0,18521.6328125,63231.05078125
488.8713593482971,4,100.0,18907.5078125,63617.125
489.88106179237366,4,99.9,19294.1328125,64003.19921875
490.89166164398193,4,100.0,19521.3828125,64230.71875
491.90135979652405,4,99.0,19558.8828125,64268.23046875
492.9118220806122,4,99.9,19558.8828125,64268.23046875
493.92260241508484,4,99.9,19558.8828125,64268.23046875
494.9336311817169,4,100.0,19589.140625,64298.4453125
495.94349217414856,4,98.9,20083.35546875,64912.3515625
496.95436811447144,4,100.0,20185.3515625,64997.0859375
497.96420073509216,4,100.0,20139.73046875,64938.6484375
498.97404289245605,4,99.9,6448.2421875,51154.0
499.9850971698761,5,0.0,7133.85546875,52098.33984375
500.9962913990021,5,100.9,7337.36328125,52398.30078125
502.0076570510864,2,26.7,5494.796875,51851.6640625
503.01769518852234,2,100.0,5497.30078125,51851.6640625
504.028067111969,2,754.1,6861.046875,51339.6328125
505.0399897098541,2,236.2,6893.89453125,51339.6328125
506.0517327785492,2,219.9,6995.625,51339.6328125
507.0614697933197,2,240.6,7081.27734375,51339.6328125
508.071412563324,2,1809.6,9469.6796875,51339.6328125
509.0821225643158,2,2959.6,13284.8125,51339.6328125
510.09379053115845,2,4598.6,13411.7265625,51339.6328125
511.11746621131897,2,4545.7,13446.12890625,51339.6328125
512.1321349143982,2,3773.5,14523.08203125,51339.6328125
513.1408307552338,2,3665.8,14598.703125,51339.6328125
514.1504061222076,2,3634.9,15093.0390625,51339.6328125
515.1689043045044,2,2337.5,15245.23046875,51339.6328125
516.181164264679,2,2478.4,15317.2265625,51339.6328125
517.1915962696075,2,2335.1,7489.765625,51851.640625
518.1991305351257,2,786.0,7945.09375,51339.6328125
519.2067065238953,2,227.4,7926.2421875,51339.6328125
520.2141654491425,2,882.7,7657.67578125,51339.6328125
521.2714893817902,2,808.5,7529.17578125,51339.6328125
522.280026435852,2,2105.0,11465.06640625,51339.6328125
523.2921636104584,2,4516.8,12982.12890625,51339.6328125
524.3101873397827,2,4594.6,15585.8046875,51339.6328125
525.3251757621765,2,4426.8,14347.37109375,51339.6328125
526.3451664447784,2,2912.5,14655.6875,51339.6328125
527.3561635017395,2,4097.5,15111.26171875,51339.6328125
528.3712358474731,2,1801.8,15233.22265625,51339.6328125
529.3815498352051,2,2368.1,15283.58203125,51339.6328125
530.3922619819641,2,2736.6,15342.9140625,51339.6328125
531.4007611274719,2,1128.0,8483.30078125,51563.6328125
532.408697605133,2,1054.6,8000.3125,51563.6328125
533.4167945384979,2,1241.1,7866.29296875,51563.6328125
534.4252049922943,2,2150.7,11383.87890625,51563.6328125
535.4601631164551,2,4478.4,12310.4921875,51563.6328125
536.4778072834015,2,4539.4,13028.23828125,51563.6328125
537.4896981716156,2,3909.1,14068.140625,51563.6328125
538.5002114772797,2,3951.0,14791.8125,51563.6328125
539.5366644859314,2,4081.2,14008.0546875,51563.6328125
540.5471649169922,2,2832.4,14308.74609375,51563.6328125
541.5661616325378,2,2811.8,14326.734375,51563.6328125
542.5765297412872,2,1688.9,7350.41796875,51563.6328125
543.5847110748291,2,1208.6,8471.83984375,51563.6328125
544.5941908359528,2,1425.4,7924.78125,51563.6328125
545.6341633796692,2,1050.8,7731.89453125,51563.6328125
546.6501886844635,2,2893.8,11695.25,51563.6328125
547.6677289009094,2,4436.1,12522.26953125,51563.6328125
548.6791732311249,2,4480.8,13366.08984375,51563.6328125
549.6919581890106,2,3823.3,14044.66796875,51563.6328125
550.6991908550262,2,4336.2,14778.4296875,51563.6328125
551.7351641654968,2,3867.0,14218.10546875,51563.6328125
552.7485134601593,2,2527.3,14350.4765625,51563.6328125
553.757649898529,2,3181.2,14278.12109375,51563.6328125
554.7678391933441,2,921.3,8274.05078125,51563.6328125
555.7795007228851,2,1278.0,8275.76171875,51819.6328125
556.7879874706268,2,1638.1,7982.046875,51819.6328125
557.7964286804199,2,1068.6,8584.2109375,51819.6328125
558.8042695522308,2,3069.0,12213.7734375,51819.6328125
559.8104696273804,2,4541.7,12837.33203125,51819.6328125
560.8646376132965,2,4402.4,13955.30078125,51819.6328125
561.8711884021759,2,3913.6,14824.34765625,51819.6328125
562.9072065353394,2,4443.2,14723.4921875,51819.6328125
563.9476602077484,2,3626.8,14427.5078125,51819.6328125
564.9556982517242,2,2183.0,14358.5,51819.6328125
565.9662907123566,2,3288.8,14356.203125,51819.6328125
566.9741640090942,2,964.8,8473.00390625,51819.6328125
567.9921674728394,2,1067.3,8184.97265625,51819.6328125
569.0105741024017,2,1398.7,8017.4921875,51819.6328125
570.0185413360596,2,1089.4,9220.84765625,51819.6328125
571.0312554836273,2,3445.6,12385.6171875,51819.6328125
572.0485730171204,2,4522.9,13003.453125,51819.6328125
573.0644264221191,2,4488.6,14073.3984375,51819.6328125
574.0741531848907,2,3547.0,14180.97265625,51819.6328125
575.0832068920135,2,4522.2,14916.01953125,51819.6328125
576.1236090660095,2,4199.1,14475.0546875,51819.6328125
577.1335773468018,2,2340.7,14534.6484375,51819.6328125
578.1456909179688,2,3182.5,14472.046875,51819.6328125
579.1563069820404,2,1333.1,7756.48046875,51819.6328125
580.164276599884,2,1256.9,8675.65234375,51819.6328125
581.1715686321259,2,1259.7,8052.74609375,51819.6328125
582.1805853843689,2,1181.3,7960.609375,51819.6328125
583.1882138252258,2,2621.5,10949.23828125,51819.6328125
584.2061657905579,2,4415.9,11805.3359375,51819.6328125
585.2172436714172,2,4564.9,13130.20703125,51819.6328125
586.2311687469482,2,3606.0,13637.30078125,51819.6328125
587.2492010593414,2,4263.2,14307.15234375,51819.6328125
588.3211677074432,2,3932.4,13815.28125,51819.6328125
589.3277313709259,2,2556.7,13861.07421875,51819.6328125
590.3369832038879,2,3268.8,13791.7265625,51819.6328125
591.347382068634,2,1348.6,7877.21875,51819.6328125
592.3556594848633,2,1310.8,8686.99609375,51819.6328125
593.3627269268036,2,1259.5,8150.46484375,51819.6328125
594.370276927948,2,1039.6,8011.37890625,51819.6328125
595.379097700119,2,2937.2,11084.45703125,51819.6328125
596.3920805454254,2,4409.3,12123.234375,51819.6328125
597.4160354137421,2,4436.0,13305.40625,51819.6328125
598.428228855133,2,3524.7,13587.91796875,51819.6328125
599.4392068386078,2,4222.2,14337.25390625,51819.6328125
600.4826784133911,2,4128.3,13827.5,51819.6328125
601.4928448200226,2,2354.0,13851.44140625,51819.6328125
602.500515460968,2,3329.2,13810.40234375,51819.6328125
603.5109755992889,2,1091.5,7987.94140625,51819.6328125
604.5204150676727,2,1404.1,8620.9609375,51819.6328125
605.5293736457825,2,1252.1,8120.5390625,51819.6328125
606.5378706455231,2,1077.1,8031.91015625,51819.6328125
607.5457363128662,2,2892.0,11060.3046875,51819.6328125
608.5571708679199,2,4460.2,11842.0,51819.6328125
609.5764327049255,2,4507.9,13250.8671875,51819.6328125
610.5879809856415,2,3570.3,13668.58984375,51819.6328125
611.5942018032074,2,4137.8,14347.859375,51819.6328125
612.6354970932007,2,3875.0,13718.80078125,51819.6328125
613.6457841396332,2,2639.4,13936.58984375,51819.6328125
614.6527531147003,2,3024.1,13801.5078125,51819.6328125
615.6633455753326,2,1244.7,7892.578125,51819.6328125
616.6712741851807,2,1469.0,8954.58984375,51819.6328125
617.6780781745911,2,1086.2,8209.37890625,51819.6328125
618.6899287700653,2,1295.1,8027.359375,51819.6328125
619.6992080211639,2,1955.9,10856.3359375,51819.6328125
620.7181649208069,2,4414.3,12547.0,51819.6328125
621.7369163036346,2,4472.3,13125.1640625,51819.6328125
622.7478718757629,2,4209.9,14339.15625,51819.6328125
623.7562026977539,2,3734.5,15177.05078125,51819.6328125
624.792174577713,2,3989.0,14339.2734375,51819.6328125
625.8111681938171,2,3172.7,14750.69140625,51819.6328125
626.8217508792877,2,2316.8,14558.75,51819.6328125
627.8299562931061,2,3510.5,14648.67578125,51819.6328125
628.8381609916687,2,1446.5,8309.03125,51819.6328125
629.8544588088989,2,862.1,7982.78515625,51819.6328125
630.8647937774658,2,1209.0,7729.1640625,51819.6328125
631.8742003440857,2,2610.5,11556.8203125,51851.6328125
632.8860263824463,2,4406.8,13757.16796875,51851.6328125
633.9042551517487,2,4548.9,15052.96875,51851.6328125
634.9291627407074,2,4308.9,14470.27734375,51851.6328125
635.9471864700317,2,3650.6,15462.47265625,51851.6328125
636.9841871261597,2,4655.8,15420.83203125,51851.6328125
638.019406080246,2,4679.3,15353.62109375,51851.6328125
639.055163860321,2,3504.7,15056.4140625,51851.6328125
640.0683472156525,2,2533.7,15008.96484375,51851.6328125
641.0769326686859,2,3449.5,15023.890625,51851.6328125
642.0876321792603,2,1690.0,7635.62109375,51851.6328125
643.0982739925385,2,1317.0,10048.97265625,51851.6328125
644.1058208942413,2,3724.2,12931.16796875,51851.6328125
645.1171724796295,2,4521.7,13619.46875,51851.6328125
646.1370437145233,2,4231.4,12700.89453125,51851.6328125
647.1462073326111,2,4310.2,13513.4296875,51851.6328125
648.182208776474,2,4470.7,13488.18359375,51851.6328125
649.2176909446716,2,4056.7,13175.63671875,51851.6328125
650.2245516777039,2,2329.8,13214.828125,51851.6328125
651.231552362442,2,2246.1,6863.12890625,51851.6328125
652.242155790329,2,1842.1,8019.7578125,51851.6328125
653.2522051334381,2,2926.7,12286.81640625,51851.6328125
654.2871153354645,2,4491.3,12829.19140625,51851.6328125
655.3104693889618,2,4215.0,12560.35546875,51851.6328125
656.3278164863586,2,4213.4,13474.84375,51851.6328125
657.3691983222961,2,4595.1,13457.64453125,51851.6328125
658.4051675796509,2,4177.3,12752.26171875,51851.6328125
659.4154858589172,2,2675.3,13149.7109375,51851.6328125
660.423264503479,2,2372.2,13491.96484375,51851.6328125
661.4336721897125,2,182.4,7267.0390625,51851.6328125
662.4422903060913,2,1475.7,8468.91796875,51851.6328125
663.4506115913391,2,1045.0,7411.17578125,51851.6328125
664.4811596870422,2,2886.6,9547.8125,51851.6328125
665.4961297512054,2,4354.6,10906.44921875,51851.6328125
666.5151665210724,2,4599.1,12676.92578125,51851.6328125
667.5282075405121,2,3851.3,13235.1015625,51851.6328125
668.5626649856567,2,4134.7,13210.85546875,51851.6328125
669.5721635818481,2,3418.9,13714.6484375,51851.6328125
670.5810475349426,2,2142.4,13606.421875,51851.6328125
671.592612028122,2,3427.8,13622.26171875,51851.6328125
672.6011760234833,2,450.1,7395.328125,51851.6328125
673.6101653575897,2,1118.1,8237.25,51851.6328125
674.6231861114502,2,963.5,7790.7734375,51851.6328125
675.6308844089508,2,2545.4,8811.609375,51851.6328125
676.6401629447937,2,4196.3,10492.7890625,51851.6328125
677.6577637195587,2,4406.5,11785.85546875,51851.6328125
678.6719818115234,2,4006.5,12845.21484375,51851.6328125
679.6822097301483,2,4121.3,13691.80859375,51851.6328125
680.7181646823883,2,3513.3,13178.12890625,51851.6328125
681.7309548854828,2,2336.4,13305.41796875,51851.6328125
682.743599653244,2,3455.6,13357.81640625,51851.6328125
683.7529139518738,2,502.4,8296.30078125,51851.6328125
684.7622156143188,2,1531.3,8218.1875,51851.6328125
685.7696924209595,2,1112.1,8021.23046875,51851.6328125
686.7771637439728,2,1702.6,7807.3984375,51851.6328125
687.836165189743,2,3514.9,10198.42578125,51851.6328125
688.8538303375244,2,4515.0,11807.92578125,51851.6328125
689.8781657218933,2,4205.0,12731.625,51851.6328125
690.8962092399597,2,3749.7,13800.30859375,51851.6328125
691.9317820072174,2,3955.7,13189.9140625,51851.6328125
692.9427888393402,2,2725.2,13601.69140625,51851.6328125
693.9533565044403,2,2454.6,13519.078125,51851.6328125
694.964079618454,2,2497.6,7673.96484375,52363.640625
695.9721791744232,2,1525.5,9204.78125,51851.6328125
696.9802868366241,2,619.1,8126.2578125,51851.6328125
697.988208770752,2,1282.5,7829.1875,51851.6328125
699.0110628604889,2,2315.1,8970.1796875,51851.6328125
700.0194342136383,2,3858.5,11033.7578125,51851.6328125
701.0325462818146,2,4389.4,12576.7734375,51851.6328125
702.0535535812378,2,4362.0,12979.26953125,51851.6328125
703.0656578540802,2,4294.9,14797.55078125,51851.6328125
704.0837888717651,2,3708.8,15019.5078125,51851.6328125
705.0925269126892,2,3352.9,15235.0078125,51851.6328125
706.1030552387238,2,2818.9,16278.42578125,51851.6328125
707.1101026535034,2,2067.0,16140.625,51851.6328125
708.1201658248901,2,3493.4,16352.0546875,51851.6328125
709.1337330341339,2,1308.9,16647.28125,52171.6328125
710.1397762298584,2,1436.9,8701.1015625,52171.6328125
711.1461033821106,2,777.9,8257.234375,52171.6328125
712.1540501117706,2,1083.8,8096.2109375,52171.6328125
713.1631643772125,2,2529.7,7811.7890625,52171.6328125
714.1945486068726,2,3339.6,10820.64453125,52171.6328125
715.2131705284119,2,4384.3,12436.28515625,52171.6328125
716.233160495758,2,4344.3,12853.2734375,52171.6328125
717.2481637001038,2,4257.4,14544.36328125,52171.6328125
718.2661762237549,2,3178.4,14865.609375,52171.6328125
719.2927379608154,2,3818.8,15010.12890625,52171.6328125
720.3028256893158,2,2600.5,15930.86328125,52171.6328125
721.3087136745453,2,1693.7,15844.4609375,52171.6328125
722.3181643486023,2,4050.4,16058.0078125,52171.6328125
723.329247713089,2,663.5,7168.12890625,52171.6328125
724.3372490406036,2,1541.3,9334.4375,52171.6328125
725.3461134433746,2,635.0,8162.3125,52171.6328125
726.3540341854095,2,1203.7,7933.08984375,52171.6328125
727.362649679184,2,2283.8,8483.11328125,52171.6328125
728.37016248703,2,3968.4,10442.9609375,52171.6328125
729.3881738185883,2,4519.8,12868.41796875,52171.6328125
730.4101634025574,2,4317.4,13126.2109375,52171.6328125
731.4278779029846,2,3593.0,13276.8515625,52171.6328125
732.4369411468506,2,3738.7,13811.56640625,52171.6328125
733.4436590671539,2,2112.4,13876.515625,52171.6328125
734.4506075382233,2,3247.5,13837.53125,52171.6328125
735.4607267379761,2,1377.8,8030.7734375,52171.6328125
736.4687139987946,2,1542.9,9060.06640625,52171.6328125
737.475962638855,2,982.8,8254.75,52683.6640625
738.4841637611389,2,2043.2,8008.33984375,52171.6328125
739.5431640148163,2,3399.7,10636.47265625,52171.6328125
740.5611703395844,2,4443.2,11866.93359375,52171.6328125
741.5801692008972,2,4578.4,12309.46875,52171.6328125
742.5953934192657,2,4140.9,13609.04296875,52171.6328125
743.6081728935242,2,3437.4,13772.61328125,52171.6328125
744.6327862739563,2,3448.5,14351.5546875,52171.6328125
745.6420652866364,2,2019.8,14252.234375,52171.6328125
746.6495714187622,2,3406.9,14274.87890625,52171.6328125
747.6596701145172,2,1275.3,7820.125,52171.6328125
748.6671142578125,2,1599.4,8314.16015625,52171.6328125
749.6755990982056,2,805.0,8174.77734375,52171.6328125
750.6830887794495,2,773.5,8058.55859375,52171.6328125
751.6921617984772,2,2424.4,7804.9921875,52171.6328125
752.7407968044281,2,3559.5,10129.875,52171.6328125
753.7587714195251,2,4570.9,12797.69140625,52171.6328125
754.7845802307129,2,4532.7,12806.5625,52171.6328125
755.8030323982239,2,3370.3,13076.1015625,52171.6328125
756.8270673751831,2,4013.7,13632.296875,52171.6328125
757.8336064815521,2,1804.0,13810.65625,52171.6328125
758.8432338237762,2,3503.7,13863.0546875,52171.6328125
759.8541202545166,2,692.3,8055.45703125,52171.6328125
760.8631644248962,2,1768.9,8147.79296875,52171.6328125
761.8808989524841,2,824.7,7975.28125,52171.6328125
762.888519525528,2,668.5,7840.26171875,52171.6328125
763.8982810974121,2,2758.6,8050.15234375,52171.6328125
764.9055705070496,2,3827.8,10132.7578125,52171.6328125
765.9221820831299,2,4602.8,13220.12109375,52171.6328125
766.9354722499847,2,4307.6,12795.6796875,52171.6328125
767.9551720619202,2,3462.5,13062.5703125,52171.6328125
768.9800910949707,2,3751.2,13789.53125,52171.6328125
769.9870865345001,2,1762.9,13808.66796875,52171.6328125
770.9970214366913,2,3540.9,13947.28515625,52171.6328125
772.0049579143524,2,486.2,8277.73046875,52171.6328125
773.0149722099304,2,1745.0,8211.02734375,52171.6328125
774.0240652561188,2,770.2,8092.53125,52171.6328125
775.03160405159,2,996.3,7914.3203125,52171.6328125
776.0394666194916,2,2788.2,8990.7734375,52171.6328125
777.0571649074554,2,4357.8,10536.1953125,52171.6328125
778.0741696357727,2,4582.8,13069.5078125,52171.6328125
779.0896735191345,2,4342.0,12969.8515625,52171.6328125
780.1000287532806,2,3419.8,13416.55859375,52171.6328125
781.1251635551453,2,3814.2,13965.60546875,52171.6328125
782.1328461170197,2,1777.5,13985.41015625,52171.6328125
783.1401610374451,2,3228.0,14026.921875,52171.6328125
784.1502685546875,2,1178.5,7843.015625,52171.6328125
785.158175945282,2,1571.5,9377.64453125,52171.6328125
786.1667323112488,2,748.9,8219.10546875,52683.6640625
787.1737246513367,2,1258.6,7980.4921875,52171.6328125
788.1814305782318,2,2979.7,9431.3984375,52171.6328125
789.198174238205,2,4340.5,10831.3984375,52171.6328125
790.2181005477905,2,4548.5,12044.13671875,52171.6328125
791.2302105426788,2,4175.2,13226.1015625,52171.6328125
792.2441704273224,2,3509.3,13361.75,52171.6328125
793.2635836601257,2,3262.5,13874.55078125,52171.6328125
794.2706077098846,2,2132.2,13724.1875,52171.6328125
795.277102470398,2,3556.4,13808.1484375,52171.6328125
796.2854056358337,2,1172.0,9034.2265625,52171.6328125
797.2913782596588,2,1024.9,8422.5,52683.6640625
798.2983894348145,2,1023.3,8269.2265625,52171.6328125
799.3071613311768,2,1940.8,8080.01953125,52171.6328125
800.3671646118164,2,3507.3,10741.7734375,52171.6328125
801.3847825527191,2,4496.6,12463.5546875,52171.6328125
802.4085114002228,2,4442.0,13152.5625,52171.6328125
803.429212808609,2,3691.4,14155.69921875,52171.6328125
804.4691605567932,2,3434.5,13576.828125,52171.6328125
805.4790847301483,2,2700.9,13965.5625,52171.6328125
806.4899921417236,2,2364.6,13905.40625,52171.6328125
807.5001275539398,2,2768.0,7665.546875,52683.640625
808.5079627037048,2,1608.7,8956.71875,52171.6328125
809.5156021118164,2,635.9,8352.8203125,52171.6328125
810.523606300354,2,1013.8,8200.9609375,52171.6328125
811.5316932201385,2,2337.2,8238.625,52171.6328125
812.5451638698578,2,3390.2,10848.4296875,52171.6328125
813.5708229541779,2,4565.3,12718.95703125,52171.6328125
814.594354391098,2,4391.6,13286.37109375,52171.6328125
815.6062123775482,2,3901.1,14286.421875,52171.6328125
816.640561580658,2,3465.8,13729.96875,52171.6328125
817.6506643295288,2,2763.6,14185.6171875,52171.6328125
818.6596972942352,2,2303.4,14207.71875,52171.6328125
819.6739785671234,2,3051.9,14214.9140625,52171.6328125
820.6821830272675,2,1326.8,8963.53515625,52171.6328125
821.6897671222687,2,926.5,8497.59765625,52171.6328125
822.6991710662842,2,1092.9,8258.80859375,52171.6328125
823.7281653881073,2,2020.2,8144.890625,52171.6328125
824.7721643447876,2,3177.0,11291.7578125,52171.6328125
825.7901737689972,2,4466.9,12103.0234375,52171.6328125
826.8101141452789,2,4336.5,14762.96875,52171.6328125
827.8201715946198,2,4338.3,14830.76953125,52171.6328125
828.8292081356049,2,3619.2,15891.91796875,52171.6328125
829.8719475269318,2,3263.8,15196.58984375,52171.6328125
830.8821284770966,2,3469.6,16311.07421875,52171.6328125
831.8890438079834,2,2139.5,16153.625,52171.6328125
832.8948030471802,2,3019.8,16281.08203125,52171.6328125
833.9105958938599,2,1920.6,16599.66015625,52171.6328125
834.9191644191742,2,1079.4,8910.83984375,52171.6328125
835.936286687851,2,1052.5,8492.1640625,52555.6328125
836.9452004432678,2,815.7,8319.45703125,52555.6328125
837.9516711235046,2,1284.3,8130.32421875,52555.6328125
838.9593060016632,2,2746.9,9598.890625,52555.6328125
839.9711925983429,2,4421.9,11122.875,52555.6328125
840.9919707775116,2,4373.4,12054.65234375,52555.6328125
842.0035591125488,2,4393.7,13463.55859375,52555.6328125
843.0197830200195,2,3100.6,13667.97265625,52555.6328125
844.0432386398315,2,3846.4,14112.3828125,52555.6328125
845.050164937973,2,2146.2,14174.47265625,52555.6328125
846.0573356151581,2,3241.9,14080.8671875,52555.6328125
847.0677399635315,2,1480.1,8137.73828125,52555.6328125
848.075692653656,2,1661.2,9558.2578125,52555.6328125
849.0839715003967,2,711.6,8386.421875,52555.6328125
850.091569185257,2,1177.0,8205.58203125,52555.6328125
851.1000926494598,2,2019.9,9357.3515625,52555.6328125
852.1085221767426,2,4354.7,10843.984375,52555.6328125
853.1174545288086,2,4494.0,11949.9375,52555.6328125
854.1283690929413,2,4394.1,13369.41015625,52555.6328125
855.1472733020782,2,3395.9,13660.02734375,52555.6328125
856.1667456626892,2,3928.9,14134.859375,52555.6328125
857.1740574836731,2,2054.4,14149.43359375,52555.6328125
858.1833641529083,2,3344.7,14031.34765625,52555.6328125
859.1934676170349,2,1252.0,8244.25390625,52555.6328125
860.2021820545197,2,1640.0,9322.40234375,52555.6328125
861.2126677036285,2,785.6,8542.29296875,52555.6328125
862.2207193374634,2,1372.4,8233.7890625,52555.6328125
863.2291100025177,2,2315.0,9724.484375,52555.6328125
864.2411639690399,2,4329.6,11531.828125,52555.6328125
865.2591707706451,2,4474.1,13507.734375,52555.6328125
866.2841663360596,2,4524.7,14318.03515625,52555.6328125
867.3032619953156,2,4133.7,15090.76171875,52555.6328125
868.313170671463,2,3162.2,15468.046875,52555.6328125
869.3326063156128,2,3776.9,15509.52734375,52555.6328125
870.3417067527771,2,2668.5,16292.81640625,52555.6328125
871.3497383594513,2,1712.1,16180.19140625,52555.6328125
872.3573565483093,2,3896.9,16532.10546875,52555.6328125
873.3656497001648,2,647.9,7514.05859375,52555.6328125
874.3735160827637,2,1673.0,9396.8203125,52555.6328125
875.3821675777435,2,665.7,8291.078125,52555.6328125
876.4098474979401,2,836.0,8153.42578125,52555.6328125
877.432165145874,2,1962.3,7937.51171875,52555.6328125
878.463166475296,2,3445.2,10561.17578125,52555.6328125
879.4811704158783,2,4505.2,12745.28515625,52555.6328125
880.4971752166748,2,4194.5,13173.47265625,52555.6328125
881.5187747478485,2,3523.2,13427.66796875,52555.6328125
882.52916431427,2,3647.9,13783.2890625,52555.6328125
883.5617339611053,2,2351.1,13965.421875,52555.6328125
884.5711658000946,2,3008.5,13943.5546875,52555.6328125
885.5814828872681,2,1398.4,8684.18359375,52555.6328125
886.5895602703094,2,1681.3,9501.8125,52555.6328125
887.5965797901154,2,828.8,8669.21484375,52555.6328125
888.6089470386505,2,1706.9,10141.73046875,52555.6328125
889.6171643733978,2,4313.8,11940.76953125,52555.6328125
890.6351690292358,2,4610.8,14284.078125,52555.6328125
891.6621644496918,2,4362.7,14155.609375,52555.6328125
892.6771957874298,2,4158.2,14972.8671875,52555.6328125
893.7150750160217,2,3672.5,14170.34765625,52555.6328125
894.7271764278412,2,3039.8,14610.24609375,52555.6328125
895.7465498447418,2,2470.4,14458.21875,52555.6328125
896.7647860050201,2,2265.2,7774.1171875,52555.6328125
897.7732353210449,2,1724.4,9811.43359375,52555.6328125
898.7822692394257,2,994.0,8574.38671875,53067.6640625
899.7924966812134,2,1491.3,11560.87109375,52555.6328125
900.8001646995544,2,4316.6,14157.28515625,52555.6328125
901.8181703090668,2,4528.5,14358.078125,52555.6328125
902.8341979980469,2,4416.6,13960.05859375,52555.6328125
903.8489439487457,2,3822.1,15119.78125,52555.6328125
904.8571109771729,2,4570.1,15883.66015625,52555.6328125
905.8972001075745,2,4444.8,15844.1953125,52555.6328125
906.9339973926544,2,3836.1,15090.98046875,52555.6328125
907.9432611465454,2,2784.8,15420.203125,52555.6328125
908.9512460231781,2,3048.8,15463.96484375,52555.6328125
909.9622735977173,2,934.9,8533.43359375,52555.6328125
910.970819234848,2,1802.6,9239.61328125,52555.6328125
911.978276014328,2,1160.2,8446.5625,52555.6328125
912.9882080554962,2,2433.2,10661.9453125,52555.6328125
913.9991617202759,2,4475.7,12382.87109375,52555.6328125
915.0171761512756,2,4430.5,14495.4453125,52555.6328125
916.0351712703705,2,4346.1,14545.4609375,52555.6328125
917.0482378005981,2,3744.8,15353.8125,52555.6328125
918.0828402042389,2,3697.5,14544.9765625,52555.6328125
919.0919828414917,2,3169.1,15079.1015625,52555.6328125
920.0985260009766,2,2275.5,14789.9375,52555.6328125
921.1072599887848,2,3045.0,14914.9609375,52555.6328125
922.1159687042236,2,1526.6,9042.875,52555.6328125
923.1234273910522,2,1005.9,8536.49609375,52555.6328125
924.1314995288849,2,1655.5,9785.41015625,52555.6328125
925.1391654014587,2,3982.6,12056.59765625,52555.6328125
926.1591753959656,2,4500.8,13524.5859375,52555.6328125
927.1715948581696,2,4210.6,13757.19140625,52555.6328125
928.1822009086609,2,3859.9,14482.48046875,52555.6328125
929.2187016010284,2,4018.2,13766.81640625,52555.6328125
930.2295155525208,2,2844.0,14121.046875,52555.6328125
931.2357380390167,2,2904.9,14115.78125,52555.6328125
932.2465999126434,2,1440.9,8291.86328125,52555.6328125
933.2549233436584,2,1762.5,9349.92578125,52555.6328125
934.2630703449249,2,1173.0,8569.09765625,52555.6328125
935.2712028026581,2,2385.2,11350.87890625,52555.6328125
936.309161901474,2,4497.3,12346.97265625,52555.6328125
937.3348708152771,2,4481.5,13334.125,52555.6328125
938.3486495018005,2,4051.0,14496.94140625,52555.6328125
939.3592174053192,2,4240.2,15167.92578125,52555.6328125
940.3958239555359,2,3983.7,14536.9140625,52555.6328125
941.406167268753,2,2650.7,14778.59375,52555.6328125
942.4136497974396,2,2940.2,14639.921875,52555.6328125
943.4241909980774,2,1181.1,9079.2265625,52555.6328125
944.4316167831421,2,1784.5,9689.1640625,52555.6328125
945.4392282962799,2,1270.5,8803.20703125,52555.6328125
946.4482204914093,2,2030.7,12055.05078125,52555.6328125
947.4862844944,2,4367.8,14329.640625,52555.6328125
948.5041737556458,2,4577.3,14823.86328125,52555.6328125
949.5305144786835,2,4405.3,14864.83203125,52555.6328125
950.5426394939423,2,3764.0,16104.08984375,52555.6328125
951.5831823348999,2,4666.9,16027.29296875,52555.6328125
952.6233239173889,2,4372.3,15958.5859375,52555.6328125
953.6590497493744,2,3565.5,15390.74609375,52555.6328125
954.6688086986542,2,2794.8,15716.0078125,52555.6328125
955.676836013794,2,3122.1,15801.23828125,52555.6328125
956.6871032714844,2,976.0,8845.25390625,52555.6328125
957.6963229179382,2,1752.6,9432.91796875,52555.6328125
958.7044632434845,2,1226.7,8669.5,52555.6328125
959.7128074169159,2,2207.2,12019.78125,52555.6328125
960.7431750297546,2,4373.5,14339.71484375,52555.6328125
961.7611756324768,2,4569.2,14904.69140625,52555.6328125
962.7861166000366,2,4375.5,15001.1875,52555.6328125
963.7932040691376,2,3846.6,16061.9453125,52555.6328125
964.8291883468628,2,4736.0,16051.19921875,52555.6328125
965.8692982196808,2,4605.3,15924.3828125,52555.6328125
966.9101614952087,2,3688.5,15646.40625,52555.6328125
967.9241647720337,2,2425.6,15659.09375,52555.6328125
968.9336569309235,2,3252.2,15830.3125,52555.6328125
969.9425041675568,2,1810.4,7844.9375,52555.6328125
970.9487187862396,2,2291.6,8243.640625,52555.6328125
971.9550457000732,2,2392.4,8787.484375,52555.6328125
972.9659097194672,2,1178.7,8749.25390625,54410.80078125
973.974029302597,2,1082.7,8536.5078125,52362.78515625
974.9871764183044,2,3228.9,10572.19921875,52362.78515625
976.0001730918884,2,4250.4,12263.83984375,59530.78515625
977.0200610160828,2,4613.6,17082.3515625,59570.78515625
978.0440182685852,2,4138.1,15238.21484375,59570.78515625
979.0622973442078,2,3637.6,15497.625,59570.78515625
980.0691773891449,2,3382.3,15627.25390625,59570.78515625
981.0801637172699,2,3596.5,16555.4453125,59570.78515625
982.0951204299927,2,1382.3,16984.58984375,59570.78515625
983.1041648387909,2,1712.3,17086.39453125,59570.78515625
984.1220450401306,2,3652.8,17368.5390625,59570.78515625
985.1340870857239,2,627.6,9133.2109375,61618.80078125
986.1425492763519,2,989.2,9062.1015625,59570.78515625
987.1505229473114,2,2835.9,10065.02734375,59570.78515625
988.1591651439667,2,3710.7,12958.59375,59570.78515625
989.1771814823151,2,4409.1,14469.0390625,59570.78515625
990.1971650123596,2,4578.1,19323.7734375,67762.78515625
991.222198009491,2,4403.6,18876.68359375,67810.78515625
992.2351739406586,2,4224.4,18305.50390625,67810.78515625
993.2521739006042,2,4316.7,18890.32421875,67810.78515625
994.2708697319031,2,3357.9,19189.51171875,67810.78515625
995.2966802120209,2,3329.7,19292.40625,67810.78515625
996.305511713028,2,3084.1,19673.14453125,67810.78515625
997.3156099319458,2,3782.7,20847.89453125,67810.78515625
998.3239238262177,2,1303.8,20896.61328125,67810.78515625
999.3321640491486,2,1567.6,20780.35546875,67810.78515625
1000.3389184474945,2,2775.3,21076.6015625,67810.78515625
1001.3501226902008,2,3302.9,21298.91015625,67810.78515625
1002.3584854602814,2,599.1,9282.328125,69858.80078125
1003.3667025566101,2,1054.4,8685.87890625,67810.78515625
1004.3749611377716,2,3139.1,10986.1640625,67810.78515625
1005.3901641368866,2,4304.5,12652.33203125,67810.78515625
1006.4081740379333,2,4468.3,15900.28125,67810.78515625
1007.4331738948822,2,4572.2,20948.8046875,67810.78515625
1008.4540119171143,2,4277.8,17127.95703125,67810.78515625
1009.4891724586487,2,4370.8,18281.26953125,67810.78515625
1010.5117661952972,2,3517.3,18702.14453125,67810.78515625
1011.5206506252289,2,3578.2,18901.15234375,67810.78515625
1012.5291624069214,2,3606.4,19366.41796875,67810.78515625
1013.5395283699036,2,2960.6,20326.96484375,67810.78515625
1014.545905828476,2,1284.1,20163.47265625,67810.78515625
1015.5552904605865,2,1346.7,20161.37890625,67810.78515625
1016.5651633739471,2,4108.5,20426.3203125,67810.78515625
1017.5828776359558,2,1541.6,20703.09375,67810.78515625
1018.590785741806,2,801.9,8418.8515625,67810.78515625
1019.5984215736389,2,2685.1,8800.4140625,67810.78515625
1020.6081705093384,2,3151.0,12259.47265625,67810.78515625
1021.6201765537262,2,4334.6,13413.7890625,67810.78515625
1022.6443176269531,2,4572.3,18028.27734375,67810.78515625
1023.6686880588531,2,4419.3,15132.91015625,67810.78515625
1024.688167333603,2,4331.8,18306.91796875,67810.78515625
1025.7061655521393,2,4434.1,18534.89453125,67810.78515625
1026.72385764122,2,3132.0,18932.89453125,67810.78515625
1027.736080646515,2,3259.7,18973.88671875,67810.78515625
1028.7455415725708,2,4191.0,19951.67578125,67810.78515625
1029.7640027999878,2,1542.4,20406.17578125,67810.78515625
1030.7753510475159,2,1580.0,20264.046875,67810.78515625
1031.7854104042053,2,2202.2,20495.1953125,67810.78515625
1032.7967808246613,2,3695.8,20734.0546875,67810.78515625
1033.802582025528,2,595.9,9023.765625,69858.80078125
1034.8147282600403,2,1033.8,8808.8359375,67810.78515625
1035.8231637477875,2,2805.0,10768.25,67810.78515625
1036.835079908371,2,4381.8,12578.61328125,67810.78515625
1037.8481743335724,2,4406.2,15742.91015625,67810.78515625
1038.874176979065,2,4588.6,20773.3046875,67810.78515625
1039.8987441062927,2,4316.2,17173.44140625,67810.78515625
1040.9181706905365,2,4371.0,18318.625,67810.78515625
1041.9374959468842,2,3694.2,18634.3515625,67810.78515625
1042.946185350418,2,3385.3,18913.69921875,67810.78515625
1043.9715747833252,2,3021.7,19016.55078125,67810.78515625
1044.9821631908417,2,3902.8,20097.32421875,67810.78515625
1045.9912204742432,2,1234.9,20197.61328125,67810.78515625
1047.000854730606,2,1519.3,20008.375,67810.78515625
1048.0085308551788,2,3041.2,20363.8359375,67810.78515625
1049.019163608551,2,2720.9,20570.8515625,67810.78515625
1050.0283598899841,2,502.2,7854.91015625,67810.78515625
1051.0378544330597,2,1025.4,9264.9765625,67810.78515625
1052.0462918281555,2,3483.5,9704.3046875,67810.78515625
1053.0551714897156,2,2832.9,13820.0234375,67810.78515625
1054.0751640796661,2,4336.8,14642.93359375,67810.78515625
1055.0931735038757,2,4536.2,18200.1875,67810.78515625
1056.1198358535767,2,4602.7,23143.33984375,67810.78515625
1057.1432015895844,2,4392.8,17173.3515625,78050.78515625
1058.1571624279022,2,4383.3,20546.45703125,78050.78515625
1059.1751689910889,2,4407.0,20737.7734375,78050.78515625
1060.194176197052,2,3262.0,20940.3828125,78050.78515625
1061.2211759090424,2,3429.0,21148.1953125,78050.78515625
1062.2464263439178,2,2974.8,21352.0703125,78050.78515625
1063.256464958191,2,4067.5,22588.08203125,78050.78515625
1064.2737832069397,2,1457.6,22659.984375,78050.78515625
1065.28018116951,2,1598.3,22608.16796875,78050.78515625
1066.2874307632446,2,2140.4,22869.79296875,78050.78515625
1067.3052361011505,2,4191.8,22975.0390625,78050.78515625
1068.3146660327911,2,652.8,8138.71875,80098.80078125
1069.322565793991,2,725.4,9127.68359375,78050.78515625
1070.3302772045135,2,2221.5,9589.47265625,78050.78515625
1071.3742179870605,2,2737.3,12911.28515625,78050.78515625
1072.4011640548706,2,4398.3,14438.78125,78050.78515625
1073.4191765785217,2,4364.7,16447.3359375,78050.78515625
1074.4451704025269,2,4634.0,21209.8671875,78050.78515625
1075.4697487354279,2,4528.6,21212.921875,78050.78515625
1076.4881722927094,2,4428.3,19876.2734375,78050.78515625
1077.501172542572,2,4292.9,20646.96484375,78050.78515625
1078.521169424057,2,3586.3,20933.62109375,78050.78515625
1079.5341861248016,2,3215.9,21129.40625,78050.78515625
1080.5594685077667,2,3119.5,21178.48828125,78050.78515625
1081.567111492157,2,3966.4,22114.4765625,78050.78515625
1082.5852587223053,2,2359.0,22633.64453125,78050.78515625
1083.5944938659668,2,1457.1,22711.7421875,78050.78515625
1084.6040437221527,2,1369.4,22572.7265625,78050.78515625
1085.6111636161804,2,4211.4,22768.73828125,78050.78515625
1086.6243302822113,2,1887.8,23120.875,78050.78515625
1087.6327595710754,2,627.4,8283.09375,78050.78515625
1088.6401393413544,2,935.8,9286.10546875,78050.78515625
1089.647868156433,2,3362.6,10707.046875,78050.78515625
1090.6568341255188,2,3557.1,13998.5390625,78050.78515625
1091.6673448085785,2,4289.5,14634.57421875,78050.78515625
1092.6861772537231,2,4524.8,18629.34375,78050.78515625
1093.7101743221283,2,4668.7,23850.50390625,78050.78515625
1094.735587835312,2,4363.5,17696.23046875,78050.78515625
1095.7471623420715,2,4348.8,20446.21875,78050.78515625
1096.7651724815369,2,4411.2,20613.90234375,78050.78515625
1097.785181760788,2,3089.4,20849.69921875,78050.78515625
1098.8109290599823,2,3450.0,20887.80859375,78050.78515625
1099.819581747055,2,3080.8,21286.48828125,78050.78515625
1100.8298168182373,2,3959.3,22545.015625,78050.78515625
1101.838255405426,2,1260.4,22513.0390625,78050.78515625
1102.8450722694397,2,1575.8,22441.046875,78050.78515625
1103.8551664352417,2,2421.2,22692.1171875,78050.78515625
1104.8651299476624,2,3861.2,22904.14453125,78050.78515625
1105.872728586197,2,663.0,8527.8359375,80098.80078125
1106.881162405014,2,910.7,9120.796875,78050.78515625
1107.8871631622314,2,2404.2,9538.98828125,78050.78515625
1108.9355063438416,2,2725.7,12859.35546875,78050.78515625
1109.9527118206024,2,4333.5,14519.09375,78050.78515625
1110.9711730480194,2,4510.4,16715.48046875,78050.78515625
1111.99116563797,2,4598.7,21657.8984375,78050.78515625
1113.011183977127,2,4659.5,19846.36328125,78050.78515625
1114.0271754264832,2,4360.7,19933.4296875,78050.78515625
1115.0441646575928,2,4266.3,20610.18359375,78050.78515625
1116.0621755123138,2,3514.2,20938.8359375,78050.78515625
1117.082046508789,2,3403.7,21074.79296875,78050.78515625
1118.1074919700623,2,2888.7,21096.1953125,78050.78515625
1119.1142904758453,2,3771.4,21968.6953125,78050.78515625
1120.1261992454529,2,2521.4,22548.7421875,78050.78515625
1121.132165670395,2,1547.2,22487.5625,78050.78515625
1122.1485497951508,2,1303.6,22403.109375,78050.78515625
1123.1561694145203,2,4005.7,22650.2734375,78050.78515625
1124.1667459011078,2,2089.2,23003.92578125,78050.78515625
1125.1746091842651,2,614.5,8136.97265625,78050.78515625
1126.1819713115692,2,966.0,9240.36328125,78050.78515625
1127.1903574466705,2,3342.8,10560.3359375,78050.78515625
1128.1997005939484,2,3492.6,13983.26953125,78050.78515625
1129.212174654007,2,4304.7,14631.0703125,78050.78515625
1130.232172012329,2,4556.5,18860.83203125,78050.78515625
1131.2581691741943,2,4578.4,24555.8125,78050.78515625
1132.2831366062164,2,4376.5,17788.2890625,78050.78515625
1133.3081667423248,2,4396.6,20546.578125,78050.78515625
1134.3261322975159,2,4447.5,20707.08984375,78050.78515625
1135.353181362152,2,3201.7,20890.2421875,78050.78515625
1136.3918623924255,2,3100.8,20994.19921875,78050.78515625
1137.4021611213684,2,3057.2,21361.765625,78050.78515625
1138.4131679534912,2,3913.4,22481.1484375,78050.78515625
1139.4303741455078,2,1332.0,22514.1875,78050.78515625
1140.4371716976166,2,1550.4,22558.9140625,78050.78515625
1141.4450709819794,2,2334.4,22664.0234375,78050.78515625
1142.45530295372,2,4004.7,22921.04296875,78050.78515625
1143.4630196094513,2,680.7,8264.6953125,80098.80078125
1144.470786333084,2,743.7,9116.69140625,78050.78515625
1145.4811656475067,2,2202.7,9552.1796875,78050.78515625
1146.5270438194275,2,2301.1,12453.26171875,78050.78515625
1147.5381693840027,2,3965.0,15108.15234375,78050.78515625
1148.570167541504,2,4054.2,16029.98046875,78050.78515625
1149.5771729946136,2,4467.1,19303.0859375,78050.78515625
1150.6031675338745,2,4580.2,23519.328125,78050.78515625
1151.628169298172,2,4597.2,29138.8359375,78050.78515625
1152.6671752929688,2,4144.8,19446.25390625,78106.78515625
1153.683195590973,2,4366.3,23086.65625,78106.78515625
1154.7101650238037,2,4184.9,24762.4140625,78106.78515625
1155.7281692028046,2,4346.8,25120.5703125,78106.78515625
1156.7458238601685,2,3648.8,25452.15234375,78106.78515625
1157.7571692466736,2,3383.9,25759.515625,78106.78515625
1158.7827043533325,2,4035.0,25857.35546875,78106.78515625
1159.7909173965454,2,2783.3,25902.6875,78106.78515625
1160.801216840744,2,3579.1,27299.58203125,78106.78515625
1161.8134932518005,2,2933.7,28392.8671875,78106.78515625
1162.8223235607147,2,1365.3,28384.328125,78106.78515625
1163.8316469192505,2,1838.5,28358.8984375,78106.78515625
1164.8400604724884,2,1723.5,28691.38671875,78106.78515625
1165.8490233421326,2,4613.9,28799.27734375,78106.78515625
1166.8595683574677,2,1497.6,29422.640625,78106.78515625
1167.8677351474762,2,849.5,29765.8046875,78106.78515625
1168.8742470741272,2,900.0,8515.9140625,78106.78515625
1169.8889107704163,2,2405.4,10010.66796875,78106.78515625
1170.9031672477722,2,4300.3,11766.14453125,78106.78515625
1171.9221699237823,2,4552.7,16972.25,78106.78515625
1172.9341650009155,2,3940.5,15299.3359375,78106.78515625
1173.9518640041351,2,3753.1,15526.921875,78106.78515625
1174.9601747989655,2,3176.7,15756.015625,78106.78515625
1175.9861612319946,2,3628.9,16955.21875,78106.78515625
1177.0028743743896,2,1303.0,16893.68359375,78106.78515625
1178.0092158317566,2,2299.0,17111.5859375,78106.78515625
1179.0211663246155,2,2688.4,17271.53515625,78106.78515625
1180.0297439098358,2,584.4,8132.3046875,78106.78515625
1181.0381162166595,2,2338.6,8825.76171875,78106.78515625
1182.06711935997,2,3354.2,11530.49609375,78106.78515625
1183.0851180553436,2,4497.1,14860.73828125,78106.78515625
1184.1121995449066,2,4466.6,14293.87109375,78106.78515625
1185.1291654109955,2,4204.4,15243.34765625,78106.78515625
1186.1511178016663,2,2997.4,15529.2890625,78106.78515625
1187.1747479438782,2,3413.0,16235.51953125,78106.78515625
1188.1879789829254,2,2105.5,16726.17578125,78106.78515625
1189.1958558559418,2,1408.8,16579.83203125,78106.78515625
1190.2028968334198,2,3879.9,17021.85546875,78106.78515625
1191.2103447914124,2,669.3,8478.60546875,80154.80078125
1192.2188036441803,2,855.5,9313.41796875,78106.78515625
1193.2351632118225,2,2411.0,9709.234375,78106.78515625
1194.2781701087952,2,2379.1,13391.89453125,78106.78515625
1195.3031647205353,2,4271.7,15574.453125,78106.78515625
1196.3201751708984,2,4314.6,16050.26171875,78106.78515625
1197.339471578598,2,4512.0,20919.44921875,78106.78515625
1198.3641707897186,2,4569.9,25536.44140625,78106.78515625
1199.39218211174,2,4575.9,29670.765625,78106.78515625
1200.4051978588104,2,4248.7,20551.48828125,78106.78515625
1201.4357371330261,2,4554.8,24345.984375,78106.78515625
1202.4481728076935,2,4231.5,24777.1015625,78106.78515625
1203.4681644439697,2,4267.0,25236.0625,78106.78515625
1204.4861748218536,2,3354.7,25396.94921875,78106.78515625
1205.4961824417114,2,3474.8,25733.1796875,78106.78515625
1206.5221765041351,2,3418.7,25848.76953125,78106.78515625
1207.5421617031097,2,4022.1,26413.8125,78106.78515625
1208.5563836097717,2,3411.8,27839.8359375,78106.78515625
1209.563406944275,2,1600.9,28269.21484375,78106.78515625
1210.5721364021301,2,1751.4,28188.20703125,78106.78515625
1211.5811834335327,2,1258.5,28132.640625,78106.78515625
1212.5911631584167,2,4281.1,28652.1875,78106.78515625
1213.6044375896454,2,2776.4,29270.99609375,78106.78515625
1214.6128025054932,2,657.2,29516.85546875,78106.78515625
1215.6201059818268,2,586.7,8167.703125,78106.78515625
1216.628165960312,2,1322.7,9495.5625,78106.78515625
1217.676765203476,2,2848.8,11894.0625,78106.78515625
1218.6881654262543,2,4376.0,14124.734375,78106.78515625
1219.7061738967896,2,4391.7,16100.71875,78106.78515625
1220.7308144569397,2,4641.2,20778.25,78106.78515625
1221.75617313385,2,4579.7,16687.7265625,78106.78515625
1222.7681958675385,2,4174.4,20196.31640625,78106.78515625
1223.7778074741364,2,4390.5,20425.58984375,78106.78515625
1224.795815229416,2,3365.9,20625.58984375,78106.78515625
1225.8231751918793,2,3433.9,20837.15625,78106.78515625
1226.8468475341797,2,3596.6,21076.00390625,78106.78515625
1227.8574523925781,2,3824.2,22229.6484375,78106.78515625
1228.8659572601318,2,1241.0,22228.69140625,78106.78515625
1229.8741645812988,2,1599.3,22031.1484375,78106.78515625
1230.8813219070435,2,3382.9,22299.4609375,78106.78515625
1231.898576259613,2,2627.9,22528.16015625,78106.78515625
1232.90500664711,2,454.5,8147.12109375,78106.78515625
1233.9126768112183,2,931.5,9892.21484375,78106.78515625
1234.9201700687408,2,2687.2,10043.2265625,78106.78515625
1235.976479768753,2,2324.7,13101.375,78106.78515625
1236.9876568317413,2,4219.5,16174.53125,78106.78515625
1238.0060153007507,2,4326.7,16617.875,78106.78515625
1239.0245826244354,2,4561.0,20066.37890625,78106.78515625
1240.0501732826233,2,4606.8,24148.73046875,78106.78515625
1241.074300289154,2,4593.0,30226.23046875,78106.78515625
1242.0985832214355,2,4250.5,20115.82421875,90394.78515625
1243.116174697876,2,4541.5,23900.59765625,90394.78515625
1244.139170408249,2,4219.5,25554.41796875,90394.78515625
1245.1581692695618,2,4391.5,25710.3515625,90394.78515625
1246.1775155067444,2,3498.3,26190.60546875,90394.78515625
1247.1870396137238,2,3079.5,26503.0625,90394.78515625
1248.1933093070984,2,4109.6,26620.92578125,90394.78515625
1249.2184598445892,2,2861.2,26561.8984375,90394.78515625
1250.2435665130615,2,4225.7,27872.96875,90394.78515625
1251.2526316642761,2,3040.8,28982.65625,90394.78515625
1252.2601659297943,2,1281.6,28905.2890625,90394.78515625
1253.266827583313,2,1570.1,29000.2421875,90394.78515625
1254.2756280899048,2,1175.9,28960.96875,90394.78515625
1255.2841701507568,2,3730.9,29625.72265625,90394.78515625
1256.2979826927185,2,3889.2,29872.7109375,90394.78515625
1257.3070812225342,2,564.1,30162.51953125,90394.78515625
1258.3156974315643,2,612.4,9185.875,92442.80078125
1259.3231992721558,2,926.1,9560.80859375,90394.78515625
1260.3311624526978,2,2304.7,9802.17578125,90394.78515625
1261.3491637706757,2,2339.7,12754.69921875,90394.78515625
1262.3611664772034,2,4241.1,15776.69140625,90394.78515625
1263.3801753520966,2,4277.1,16252.07421875,90394.78515625
1264.4024062156677,2,4501.2,20190.67578125,90394.78515625
1265.4271793365479,2,4655.0,24695.828125,90394.78515625
1266.4517772197723,2,4627.8,30107.33984375,90394.78515625
1267.4771716594696,2,4321.9,20519.48046875,90394.78515625
1268.4931943416595,2,4525.2,24118.88671875,90394.78515625
1269.5071749687195,2,4301.5,24829.8125,90394.78515625
1270.52716422081,2,4221.4,25263.16796875,90394.78515625
1271.5448353290558,2,3330.1,25496.2109375,90394.78515625
1272.5711765289307,2,3500.9,25859.234375,90394.78515625
1273.5881805419922,2,3199.2,25850.37109375,90394.78515625
1274.6118564605713,2,3564.1,26196.41015625,90394.78515625
1275.622165441513,2,4120.2,27537.078125,90394.78515625
1276.632797718048,2,1545.3,28452.99609375,90394.78515625
1277.6408922672272,2,1361.4,28402.25,90394.78515625
1278.648767709732,2,1693.2,28366.16015625,90394.78515625
1279.6601707935333,2,2288.2,28873.76171875,90394.78515625
1280.6781623363495,2,4560.2,28752.9453125,90394.78515625
1281.6922407150269,2,972.6,29390.3125,90394.78515625
1282.7017991542816,2,825.8,17437.90234375,90394.78515625
1283.7093274593353,2,594.7,9027.6640625,90394.78515625
1284.717162847519,2,1508.8,9792.8515625,90394.78515625
1285.7671394348145,2,2781.2,12080.5234375,90394.78515625
1286.778179883957,2,4138.1,14955.03515625,90394.78515625
1287.7941658496857,2,4135.7,16157.73828125,90394.78515625
1288.8141739368439,2,4446.2,19071.90234375,90394.78515625
1289.8521716594696,2,4571.9,23423.88671875,90394.78515625
1290.8768615722656,2,4585.2,29278.26953125,90394.78515625
1291.9008157253265,2,4463.9,19500.67578125,90394.78515625
1292.913197517395,2,4398.6,23184.9296875,90394.78515625
1293.9398860931396,2,4210.0,24839.33203125,90394.78515625
1294.959166765213,2,4319.0,25211.16015625,90394.78515625
1295.9771699905396,2,3544.1,25478.92578125,90394.78515625
1296.9941716194153,2,2965.1,25856.171875,90394.78515625
1298.018414258957,2,4206.1,25966.7890625,90394.78515625
1299.0451636314392,2,3254.6,26082.80859375,90394.78515625
1300.056165933609,2,4138.2,27308.8984375,90394.78515625
1301.0738351345062,2,2269.0,28342.17578125,90394.78515625
1302.0821633338928,2,1417.5,28270.22265625,90394.78515625
1303.089506149292,2,1750.3,28301.09375,90394.78515625
1304.0972411632538,2,1981.3,28995.796875,90394.78515625
1305.1161646842957,2,4614.5,28758.8046875,90394.78515625
1306.1282095909119,2,1130.8,29370.125,90394.78515625
1307.1360983848572,2,879.4,29739.890625,90394.78515625
1308.1425116062164,2,621.5,8761.2109375,90394.78515625
1309.1501631736755,2,1487.4,9662.6953125,90394.78515625
1310.1985075473785,2,2470.8,12308.2734375,90394.78515625
1311.2081668376923,2,4462.5,15127.109375,90394.78515625
1312.2212250232697,2,3994.7,16069.57421875,90394.78515625
1313.2331726551056,2,4498.8,19394.16796875,90394.78515625
1314.2581729888916,2,4579.4,23652.75390625,90394.78515625
1315.2881741523743,2,4583.8,29018.01953125,90394.78515625
1316.3115742206573,2,4294.3,19631.74609375,90394.78515625
1317.322658777237,2,4495.9,23255.8515625,90394.78515625
1318.338172197342,2,4261.1,24858.7265625,90394.78515625
1319.357492685318,2,4344.2,25215.1171875,90394.78515625
1320.3761756420135,2,3429.6,25515.0546875,90394.78515625
1321.3843467235565,2,3391.9,25939.6484375,90394.78515625
1322.4093108177185,2,3973.4,25754.828125,90394.78515625
1323.4167482852936,2,3355.4,26161.5859375,90394.78515625
1324.42760014534,2,4111.0,27534.91796875,90394.78515625
1325.4381642341614,2,1963.1,28385.76171875,90394.78515625
1326.4522070884705,2,1321.4,28335.53515625,90394.78515625
1327.459642648697,2,1716.5,28313.24609375,90394.78515625
1328.4691667556763,2,2114.6,28754.6875,90394.78515625
1329.4852361679077,2,4560.6,28739.4453125,90394.78515625
1330.4954352378845,2,1001.9,29239.44140625,90394.78515625
1331.5043222904205,2,966.4,29737.3359375,90394.78515625
1332.5133030414581,2,484.4,8943.0234375,90394.78515625
1333.5206787586212,2,818.2,10059.2265625,90394.78515625
1334.5281674861908,2,3696.0,10174.4375,90394.78515625
1335.5551919937134,2,2226.0,14242.7890625,90394.78515625
1336.5851666927338,2,4230.9,16580.05078125,90394.78515625
1337.603865146637,2,4293.4,17016.12109375,90394.78515625
1338.623173236847,2,4490.7,20344.2734375,90394.78515625
1339.6481614112854,2,4578.4,24414.69140625,90394.78515625
1340.6725282669067,2,4578.1,29871.328125,90394.78515625
1341.6972091197968,2,4492.8,20518.10546875,90394.78515625
1342.7062015533447,2,4374.4,24393.03125,90394.78515625
1343.7351689338684,2,4285.6,26093.625,90394.78515625
1344.7531678676605,2,4372.1,26305.2734375,90394.78515625
1345.7723064422607,2,3921.9,26580.46484375,90394.78515625
1346.7821824550629,2,3110.6,26810.69921875,90394.78515625
1347.808693408966,2,3465.0,27170.14453125,90394.78515625
1348.8340301513672,2,3047.1,27072.61328125,90394.78515625
1349.8476886749268,2,3960.0,27736.19140625,90394.78515625
1350.861844778061,2,3478.7,29083.3984375,90394.78515625
1351.8692491054535,2,1547.0,29829.16015625,90394.78515625
1352.877163887024,2,1364.2,29513.71875,90394.78515625
1353.8849384784698,2,1714.2,29504.39453125,90394.78515625
1354.8961653709412,2,1539.7,29724.87109375,90394.78515625
1355.9116582870483,2,4378.0,30064.71875,90394.78515625
1356.921875,2,2713.3,30567.09375,90394.78515625
1357.9308032989502,2,661.3,30848.67578125,90394.78515625
1358.9379007816315,2,622.1,8024.84375,90394.78515625
1359.9457368850708,2,2536.3,8658.02734375,90394.78515625
1360.955164194107,2,3349.3,11409.37109375,90394.78515625
1361.9731709957123,2,4524.7,15235.5546875,90394.78515625
1362.998453617096,2,4481.0,14451.4609375,90394.78515625
1364.0100848674774,2,4156.8,15205.9609375,90394.78515625
1365.0183863639832,2,2985.1,15456.46484375,90394.78515625
1366.0261633396149,2,3583.9,16262.4609375,90394.78515625
1367.0428340435028,2,1598.7,16704.53515625,90394.78515625
1368.0511617660522,2,2233.3,16756.11328125,90394.78515625
1369.0633840560913,2,2770.8,16992.171875,90394.78515625
1370.0727384090424,2,601.8,8155.62890625,90394.78515625
1371.0813999176025,2,2535.4,8836.8671875,90394.78515625
1372.0891644954681,2,3372.2,11500.08984375,90394.78515625
1373.105786561966,2,4531.1,15057.40625,90394.78515625
1374.1301691532135,2,4416.3,14331.265625,90394.78515625
1375.1451706886292,2,4231.1,15048.5,90394.78515625
1376.1651768684387,2,2991.4,15257.80078125,90394.78515625
1377.1768927574158,2,3492.8,16026.54296875,90394.78515625
1378.1848196983337,2,1751.0,16488.55859375,90394.78515625
1379.1944942474365,2,1776.2,16476.9765625,90394.78515625
1380.2034659385681,2,3193.5,16777.171875,90394.78515625
1381.2113630771637,2,593.5,7709.921875,90394.78515625
1382.2189071178436,2,928.4,9774.32421875,90394.78515625
1383.2251670360565,2,1654.0,10145.546875,90394.78515625
1384.2688868045807,2,2948.7,12210.5859375,90394.78515625
1385.2781665325165,2,3762.7,15254.23828125,90394.78515625
1386.2989118099213,2,4196.6,16796.6015625,90394.78515625
1387.3161752223969,2,4372.4,17805.62109375,90394.78515625
1388.337168455124,2,4601.7,22524.1796875,90394.78515625
1389.36181473732,2,4607.6,27456.17578125,90394.78515625
1390.3861706256866,2,4600.5,32971.90625,90394.78515625
1391.4060275554657,2,4298.9,21771.9921875,90394.78515625
1392.4312589168549,2,4339.5,25941.8515625,90394.78515625
1393.4410655498505,2,4490.4,26045.73046875,90394.78515625
1394.4671657085419,2,4234.9,26334.46484375,90394.78515625
1395.4911572933197,2,2818.5,26639.953125,90394.78515625
1396.4991807937622,2,3257.3,26922.7421875,90394.78515625
1397.5251705646515,2,3895.9,26720.484375,90394.78515625
1398.5451655387878,2,2910.2,27021.97265625,90394.78515625
1399.5561683177948,2,4199.2,28444.578125,90394.78515625
1400.573949098587,2,2809.9,29539.83984375,90394.78515625
1401.583203792572,2,1316.7,29465.87890625,90394.78515625
1402.5924544334412,2,1618.8,29454.94140625,90394.78515625
1403.5999279022217,2,1143.6,29483.0546875,90394.78515625
1404.6111669540405,2,3466.2,29907.5546875,90394.78515625
1405.6251621246338,2,4396.8,30355.66015625,90394.78515625
1406.6348958015442,2,580.0,30702.953125,90394.78515625
1407.6435408592224,2,674.7,8355.42578125,92442.80078125
1408.6513285636902,2,710.9,9275.515625,90394.78515625
1409.6591711044312,2,1504.3,9829.7265625,90394.78515625
1410.6946198940277,2,2969.1,11863.83203125,90394.78515625
1411.7031762599945,2,4034.6,14968.5703125,90394.78515625
1412.7261621952057,2,4044.7,16181.1875,90394.78515625
1413.7481744289398,2,4454.9,18647.01953125,90394.78515625
1414.7741720676422,2,4627.4,23048.875,90394.78515625
1415.799123764038,2,4625.8,28294.6171875,90394.78515625
1416.8234446048737,2,4533.8,19450.828125,90394.78515625
1417.8331696987152,2,4345.7,23119.15625,90394.78515625
1418.8601744174957,2,4289.1,24765.1875,90394.78515625
1419.8796842098236,2,4234.1,25102.5703125,90394.78515625
1420.89817070961,2,3556.6,25345.75,90394.78515625
1421.9111711978912,2,2952.4,25736.8359375,90394.78515625
1422.9452357292175,2,4444.6,25848.48046875,90394.78515625
1423.9539484977722,2,2782.9,25950.54296875,90394.78515625
1424.965166091919,2,4160.2,27284.09765625,90394.78515625
1425.9829053878784,2,2435.9,28406.83984375,90394.78515625
1426.993176460266,2,1371.4,28253.140625,90394.78515625
1428.0001771450043,2,1778.7,28312.25,90394.78515625
1429.008053302765,2,1715.6,28454.3828125,90394.78515625
1430.017165184021,2,4488.0,28965.484375,90394.78515625
1431.0348362922668,2,1622.0,29340.59765625,90394.78515625
1432.045173883438,2,809.1,29691.6484375,90394.78515625
1433.0550136566162,2,504.4,8658.765625,90394.78515625
1434.0621058940887,2,836.0,10005.78515625,90394.78515625
1435.0701656341553,2,3337.4,10122.1796875,90394.78515625
1436.0996525287628,2,2207.0,13424.0078125,90394.78515625
1437.1110382080078,2,4265.2,16527.55078125,90394.78515625
1438.1301743984222,2,4335.2,16968.30859375,90394.78515625
1439.1491703987122,2,4519.4,20065.04296875,90394.78515625
1440.1737990379333,2,4608.9,24440.96484375,90394.78515625
1441.199167251587,2,4580.3,29630.60546875,90394.78515625
1442.2191789150238,2,4418.0,25104.87109375,90394.78515625
1443.235199689865,2,4335.1,24313.62109375,90394.78515625
1444.2631623744965,2,4206.9,26014.91015625,90394.78515625
1445.280161857605,2,4421.3,26212.859375,90394.78515625
1446.29816532135,2,4407.6,26373.82421875,90394.78515625
1447.3070135116577,2,2721.8,26673.58984375,90394.78515625
1448.3326597213745,2,3197.9,26965.23828125,90394.78515625
1449.341713666916,2,3637.8,27039.2421875,90394.78515625
1450.368400812149,2,4017.5,27500.1640625,90394.78515625
1451.3787007331848,2,3876.6,28748.81640625,90394.78515625
1452.3866667747498,2,1536.9,29586.9140625,90394.78515625
1453.395156621933,2,1287.1,29438.90234375,90394.78515625
1454.4051411151886,2,1751.0,29414.53515625,90394.78515625
1455.4201645851135,2,1248.2,29638.80859375,90394.78515625
1456.437937259674,2,4429.3,30015.11328125,90394.78515625
1457.4481797218323,2,2908.8,30640.68359375,90394.78515625
1458.467390537262,2,624.9,30797.796875,90394.78515625
1459.4754209518433,2,469.6,8048.02734375,90394.78515625
1460.4828083515167,2,972.3,9617.375,90394.78515625
1461.4906923770905,2,3037.8,9816.44921875,90394.78515625
1462.5321869850159,2,2393.5,13562.23828125,90394.78515625
1463.5501639842987,2,4256.8,15790.65625,90394.78515625
1464.5681705474854,2,4279.5,16259.1484375,90394.78515625
1465.588176727295,2,4516.4,20967.828125,90394.78515625
1466.6131165027618,2,4577.0,25142.28515625,90394.78515625
1467.6379806995392,2,4669.8,30261.73046875,90394.78515625
1468.6631863117218,2,4349.7,20529.16796875,90394.78515625
1469.6874492168427,2,4146.6,24848.94921875,90394.78515625
1470.7001762390137,2,4579.9,24800.703125,90394.78515625
1471.7121753692627,2,4176.2,25247.64453125,90394.78515625
1472.7315130233765,2,3160.9,25474.796875,90394.78515625
1473.7561781406403,2,3707.0,25912.78125,90394.78515625
1474.8597433567047,2,3279.2,25775.625,90394.78515625
1475.8675830364227,2,4250.9,26539.94140625,90394.78515625
1476.8778398036957,2,3105.9,28288.09765625,90394.78515625
1477.8864517211914,2,1437.5,28344.140625,90394.78515625
1478.8951315879822,2,1670.7,28296.125,90394.78515625
1479.9030725955963,2,1188.4,28236.4453125,90394.78515625
1480.9094908237457,2,3895.7,28844.62890625,90394.78515625
1481.928504705429,2,3166.0,29308.4453125,90394.78515625
1482.9371633529663,2,659.5,29513.48046875,90394.78515625
1483.9497838020325,2,524.1,7808.40625,90394.78515625
1484.957245349884,2,1004.9,9468.296875,90394.78515625
1485.9651634693146,2,2967.1,9709.90625,90394.78515625
1486.9801723957062,2,2398.4,13465.9609375,90394.78515625
1487.9961643218994,2,4324.5,15683.9453125,90394.78515625
1489.014170885086,2,4290.0,16160.43359375,90394.78515625
1490.034172296524,2,4520.7,20643.01171875,90394.78515625
1491.0582945346832,2,4609.6,25664.4765625,90394.78515625
1492.0828273296356,2,4605.0,29764.56640625,90394.78515625
1493.108201265335,2,4283.9,20484.94921875,90394.78515625
1494.1421670913696,2,4159.1,24842.74609375,90394.78515625
1495.1631705760956,2,4598.9,24792.1328125,90394.78515625
1496.1991617679596,2,4189.0,25236.12109375,90394.78515625
1497.2211809158325,2,3320.3,25442.72265625,90394.78515625
1498.248167514801,2,3307.9,25835.40625,90394.78515625
1499.2663385868073,2,3424.9,25834.15234375,90394.78515625
1500.275160074234,2,3749.3,26399.5078125,90394.78515625
1501.2891628742218,2,3357.9,27771.23828125,90394.78515625
1502.3071639537811,2,1551.2,28202.98828125,90394.78515625
1503.3193490505219,2,1400.2,28414.22265625,90394.78515625
1504.330701828003,2,1470.8,28214.41015625,90394.78515625
1505.3381621837616,2,3445.8,28922.03515625,90394.78515625
1506.3587954044342,2,3805.9,29207.7890625,90394.78515625
1507.3667106628418,2,559.7,29476.9765625,90394.78515625
1508.3744735717773,2,590.3,9327.25,92442.80078125
1509.3824515342712,2,944.0,9288.234375,90394.78515625
1510.3901662826538,2,3091.6,9593.0546875,90394.78515625
1511.443597793579,2,2704.0,13418.0625,90394.78515625
1512.456562757492,2,4286.7,14649.578125,90394.78515625
1513.4731740951538,2,4582.4,17729.1875,90394.78515625
1514.4941682815552,2,4602.1,22813.828125,90394.78515625
1515.5185837745667,2,4495.0,17161.171875,90394.78515625
1516.5311675071716,2,4330.2,20593.359375,90394.78515625
1517.548870563507,2,4422.8,20753.15234375,90394.78515625
1518.5671739578247,2,3265.6,21003.27734375,90394.78515625
1519.5941858291626,2,3366.0,21166.16015625,90394.78515625
1520.6194386482239,2,2789.9,21295.1484375,90394.78515625
1521.640729188919,2,4322.8,22220.1640625,90394.78515625
1522.6583416461945,2,1474.6,22644.57421875,90394.78515625
1523.6659805774689,2,1566.4,22546.0546875,90394.78515625
1524.6728253364563,2,1481.2,22704.2265625,90394.78515625
1525.6808829307556,2,4494.9,22750.87890625,90394.78515625
1526.6911296844482,2,1185.6,23197.9921875,90394.78515625
1527.6982834339142,2,574.7,8767.4921875,90394.78515625
1528.7056248188019,2,845.6,9587.18359375,90394.78515625
1529.7133066654205,2,3780.0,10482.3828125,90394.78515625
1530.7211699485779,2,2912.7,14406.3203125,90394.78515625
1531.7391629219055,2,4199.9,16026.48046875,90394.78515625
1532.7571756839752,2,4372.3,17529.2734375,90394.78515625
1533.782169342041,2,4664.7,22166.515625,90394.78515625
1534.807280778885,2,4567.3,27123.85546875,90394.78515625
1535.8311734199524,2,4539.8,26666.66015625,90394.78515625
1536.8501980304718,2,4187.7,23089.05078125,90394.78515625
1537.8861620426178,2,4166.6,24749.9765625,90394.78515625
1538.9031631946564,2,4367.9,24939.8984375,90394.78515625
1539.9208204746246,2,4192.5,25165.6640625,90394.78515625
1540.931806564331,2,3132.5,25364.890625,90394.78515625
1541.9402649402618,2,3199.8,25763.83984375,90394.78515625
1542.9651708602905,2,3138.6,25700.62109375,90394.78515625
1543.9811625480652,2,4042.8,26419.0078125,90394.78515625
1544.9914047718048,2,3131.2,28332.08203125,90394.78515625
1546.0031089782715,2,1393.2,28248.55078125,90394.78515625
1547.0107176303864,2,1677.7,28231.79296875,90394.78515625
1548.0179951190948,2,1189.2,28162.3203125,90394.78515625
1549.025410413742,2,3863.4,28744.91796875,90394.78515625
1550.0368525981903,2,3263.2,29266.546875,90394.78515625
1551.0448973178864,2,595.0,29485.58984375,90394.78515625
1552.0567591190338,2,550.3,7797.73828125,90394.78515625
1553.0650992393494,2,1003.6,9467.36328125,90394.78515625
1554.0731654167175,2,2933.9,9682.94921875,90394.78515625
1555.0961706638336,2,2365.8,13434.8125,90394.78515625
1556.1141650676727,2,4300.9,15663.1484375,90394.78515625
1557.132171869278,2,4327.8,16135.84375,90394.78515625
1558.1521744728088,2,4554.1,20765.1484375,90394.78515625
1559.1764278411865,2,4628.2,26156.921875,90394.78515625
1560.2006285190582,2,4570.9,29304.703125,90394.78515625
1561.2141783237457,2,4241.1,20433.953125,90394.78515625
1562.2389385700226,2,4221.2,24759.24609375,90394.78515625
1563.2471616268158,2,4600.9,24718.12890625,90394.78515625
1564.2664623260498,2,4239.9,25154.2421875,90394.78515625
1565.2861909866333,2,3256.8,25452.94140625,90394.78515625
1566.311597108841,2,3324.4,25750.34765625,90394.78515625
1567.3211748600006,2,3373.7,25873.5625,90394.78515625
1568.3467645645142,2,3830.6,26350.87109375,90394.78515625
1569.3574805259705,2,3422.5,27783.33984375,90394.78515625
1570.3662447929382,2,1655.4,28397.75390625,90394.78515625
1571.3750615119934,2,1568.3,28372.20703125,90394.78515625
1572.3837506771088,2,1493.0,28176.02734375,90394.78515625
1573.392171382904,2,3354.8,28868.29296875,90394.78515625
1574.411964416504,2,3845.6,29186.26953125,90394.78515625
1575.4199576377869,2,575.5,29468.8515625,90394.78515625
1576.4277341365814,2,612.7,9137.46484375,92442.80078125
1577.4363310337067,2,797.6,9504.125,90394.78515625
1578.4471621513367,2,1872.4,9914.96484375,90394.78515625
1579.4974756240845,2,2526.0,12527.015625,90394.78515625
1580.5069289207458,2,4324.3,15329.8828125,90394.78515625
1581.5191717147827,2,4192.3,16321.9765625,90394.78515625
1582.530174255371,2,4389.8,18879.45703125,90394.78515625
1583.5561697483063,2,4589.5,23152.87109375,90394.78515625
1584.5808432102203,2,4609.0,28308.671875,90394.78515625
1585.6121759414673,2,4635.4,22935.8515625,90394.78515625
1586.633175611496,2,4261.3,23652.4921875,90394.78515625
1587.6591663360596,2,4182.5,25300.2265625,90394.78515625
1588.6771659851074,2,4347.6,25515.28515625,90394.78515625
1589.6951694488525,2,3970.1,25840.8515625,90394.78515625
1590.7128269672394,2,3150.3,25999.00390625,90394.78515625
1591.7261826992035,2,3169.9,26394.08984375,90394.78515625
1592.751207113266,2,3467.8,26383.09375,90394.78515625
1593.758876800537,2,4238.1,27099.828125,90394.78515625
1594.7684063911438,2,3137.2,28874.4453125,90394.78515625
1595.7797796726227,2,1410.8,28789.640625,90394.78515625
1596.78622174263,2,1396.1,28831.1875,90394.78515625
1597.7947578430176,2,1429.4,28831.31640625,90394.78515625
1598.803167104721,2,2850.0,29317.84375,90394.78515625
1599.8306710720062,2,4408.1,29440.4375,90394.78515625
1600.8535377979279,2,939.1,29948.75390625,90394.78515625
1601.8610286712646,2,664.2,7844.15625,92442.80078125
1602.8681783676147,2,849.5,8853.1484375,90394.78515625
1603.877030134201,2,2571.8,9592.91796875,90394.78515625
1604.8897941112518,2,3697.5,12267.53515625,90394.78515625
1605.9006288051605,2,4461.0,14815.60546875,90394.78515625
1606.9244644641876,2,4465.3,19581.484375,90394.78515625
1607.9483535289764,2,4364.3,16841.83203125,90394.78515625
1608.967163324356,2,4302.2,17470.04296875,90394.78515625
1609.9871838092804,2,3197.1,17765.38671875,90394.78515625
1611.0116543769836,2,3017.8,17972.0,90394.78515625
1612.0195937156677,2,4132.8,18788.65625,90394.78515625
1613.0373883247375,2,1744.6,19209.796875,90394.78515625
1614.0439076423645,2,1519.3,19150.921875,90394.78515625
1615.0521745681763,2,3124.3,19330.3515625,90394.78515625
1616.067309141159,2,2246.4,19627.0390625,90394.78515625
1617.07541680336,2,628.3,8242.140625,90394.78515625
1618.0831751823425,2,1484.9,9416.15234375,90394.78515625
1619.1348791122437,2,2807.9,11828.48046875,90394.78515625
1620.1464941501617,2,4395.4,14005.72265625,90394.78515625
1621.1651690006256,2,4439.3,16295.4296875,90394.78515625
1622.1905086040497,2,4615.8,20989.23046875,90394.78515625
1623.215187072754,2,4552.1,18380.265625,90394.78515625
1624.229495048523,2,4356.5,19888.12109375,90394.78515625
1625.2411663532257,2,4280.2,20231.58203125,90394.78515625
1626.2592551708221,2,3273.6,20471.1328125,90394.78515625
1627.2865216732025,2,3861.6,20611.44140625,90394.78515625
1628.3151624202728,2,3075.3,20771.91015625,90394.78515625
1629.325615644455,2,3957.7,21877.88671875,90394.78515625
1630.3351638317108,2,1353.4,21840.2890625,90394.78515625
1631.3462462425232,2,1552.8,21839.2578125,90394.78515625
1632.354080438614,2,3201.3,22116.2421875,90394.78515625
1633.370985031128,2,2781.2,22289.14453125,90394.78515625
1634.378799200058,2,503.3,7803.50390625,90394.78515625
1635.3881573677063,2,1083.1,8916.5625,90394.78515625
1636.3971638679504,2,2739.1,11478.734375,90394.78515625
1637.4091665744781,2,4373.5,13854.71484375,90394.78515625
1638.4271750450134,2,4385.7,15525.10546875,90394.78515625
1639.4531707763672,2,4626.3,20171.70703125,90394.78515625
1640.4775054454803,2,4590.8,19310.80859375,90394.78515625
1641.4908695220947,2,4347.1,19592.6953125,90394.78515625
1642.5024409294128,2,4239.7,20021.35546875,90394.78515625
1643.5197913646698,2,3351.2,20275.30078125,90394.78515625
1644.5461666584015,2,3660.3,20519.0859375,90394.78515625
1645.5731625556946,2,3020.7,20664.1015625,90394.78515625
1646.5857512950897,2,3873.6,21781.58984375,90394.78515625
1647.5971717834473,2,1297.9,21850.87890625,90394.78515625
1648.605848312378,2,1528.6,21711.5390625,90394.78515625
1649.6151695251465,2,3214.0,21868.1484375,90394.78515625
1650.629925251007,2,2685.4,22117.875,90394.78515625
1651.6393563747406,2,494.3,7907.875,90394.78515625
1652.6467580795288,2,1084.7,8970.74609375,90394.78515625
1653.6571669578552,2,2863.6,11531.34765625,90394.78515625
1654.6681623458862,2,4359.2,13857.453125,90394.78515625
1655.686173915863,2,4405.9,15514.37890625,90394.78515625
1656.7121703624725,2,4579.8,20275.94140625,90394.78515625
1657.7363936901093,2,4561.5,19223.546875,90394.78515625
1658.7501170635223,2,4335.2,19576.30078125,90394.78515625
1659.7631616592407,2,4250.0,19986.734375,90394.78515625
1660.7801797389984,2,3277.3,20249.65625,90394.78515625
1661.7981686592102,2,3618.3,20466.9609375,90394.78515625
1662.8235547542572,2,3680.3,20733.10546875,90394.78515625
1663.8341038227081,2,3573.6,21952.43359375,90394.78515625
1664.8416228294373,2,1308.6,21802.80078125,90394.78515625
1665.8488914966583,2,1493.9,21821.5390625,90394.78515625
1666.8581681251526,2,3625.5,21928.65234375,90394.78515625
1667.8676934242249,2,2261.0,22270.08203125,90394.78515625
1668.875953912735,2,599.5,8248.03515625,90394.78515625
1669.8841626644135,2,1361.6,9486.65625,90394.78515625
1670.9341218471527,2,2821.4,11801.68359375,90394.78515625
1671.9501640796661,2,4360.0,14069.34765625,90394.78515625
1672.9681746959686,2,4389.2,15973.796875,90394.78515625
1674.0096383094788,2,4592.4,20032.73828125,90394.78515625
1675.0341725349426,2,4570.8,19784.81640625,90394.78515625
1676.0471832752228,2,4319.0,19688.3515625,90394.78515625
1677.0611732006073,2,4246.9,20103.89453125,90394.78515625
1678.0681126117706,2,3214.3,20382.41015625,90394.78515625
1679.080426454544,2,3515.6,20525.421875,90394.78515625
1680.0921771526337,2,2905.0,20542.46484375,90394.78515625
1681.1001648902893,2,4124.0,21512.203125,90394.78515625
1682.120878458023,2,1751.5,22015.9609375,90394.78515625
1683.1365885734558,2,1644.0,21832.296875,90394.78515625
1684.1481637954712,2,2245.7,22017.97265625,90394.78515625
1685.1595258712769,2,3821.7,22285.66015625,90394.78515625
1686.1672449111938,2,656.7,8593.20703125,92442.80078125
1687.175318479538,2,1077.7,8594.9140625,90394.78515625
1688.1842012405396,2,2983.4,10767.625,90394.78515625
1689.197167634964,2,4246.2,12127.3046875,90394.78515625
1690.215175151825,2,4547.9,16752.16015625,90394.78515625
1691.2421708106995,2,4404.3,14394.23046875,90394.78515625
1692.253051519394,2,4315.8,17165.31640625,90394.78515625
1693.2711741924286,2,4204.3,17408.5859375,90394.78515625
1694.2801775932312,2,3059.2,17761.4296875,90394.78515625
1695.3061623573303,2,3511.2,17939.9375,90394.78515625
1696.320093870163,2,3243.9,19024.73046875,90394.78515625
1697.3321633338928,2,1382.2,18998.0625,90394.78515625
1698.348739862442,2,2030.5,19164.94140625,90394.78515625
1699.3667442798615,2,3695.8,19308.37109375,90394.78515625
1700.3723652362823,2,615.9,9091.22265625,92442.80078125
1701.3805747032166,2,1056.6,8675.99609375,90394.78515625
1702.3881640434265,2,3292.4,10839.82421875,90394.78515625
1703.4051640033722,2,4312.3,12229.48828125,90394.78515625
1704.4239037036896,2,4584.0,16863.53125,90394.78515625
1705.4491698741913,2,4483.6,14534.8984375,90394.78515625
1706.4661645889282,2,4344.1,17314.76171875,90394.78515625
1707.48397731781,2,4253.7,17591.1875,90394.78515625
1708.4911768436432,2,2963.0,17839.5625,90394.78515625
1709.5161588191986,2,3628.8,18139.05859375,90394.78515625
1710.5296700000763,2,3216.0,19191.9609375,90394.78515625
1711.5381660461426,2,1403.6,19157.14453125,90394.78515625
1712.5579273700714,2,1912.6,19226.14453125,90394.78515625
1713.5686223506927,2,3926.5,19420.90625,90394.78515625
1714.576248407364,2,650.5,8590.8046875,92442.80078125
1715.5847337245941,2,1134.9,8517.6171875,90394.78515625
1716.592169046402,2,3322.5,10718.34375,90394.78515625
1717.604173898697,2,4248.7,12608.3125,90394.78515625
1718.623782634735,2,4568.0,15324.46875,90394.78515625
1719.6451625823975,2,4159.5,15100.09765625,90394.78515625
1720.6629502773285,2,3487.9,15386.98046875,90394.78515625
1721.6831901073456,2,2991.3,15600.515625,90394.78515625
1722.693547487259,2,3680.0,16770.54296875,90394.78515625
1723.699500799179,2,1366.7,16708.57421875,90394.78515625
1724.7071647644043,2,2762.1,16825.77734375,90394.78515625
1725.7173027992249,2,2083.7,17147.23046875,90394.78515625
1726.7249417304993,2,1138.4,8110.4765625,90394.78515625
1727.7341651916504,2,2725.7,8665.19140625,90394.78515625
1728.7663323879242,2,3064.9,12859.00390625,90394.78515625
1729.773422241211,2,4311.4,13242.79296875,90394.78515625
1730.7851734161377,2,4532.8,14844.2578125,90394.78515625
1731.7981674671173,2,4234.4,16324.328125,90394.78515625
1732.8161888122559,2,3478.4,16620.88671875,90394.78515625
1733.8431713581085,2,3571.2,16869.46875,90394.78515625
1734.863212108612,2,3162.5,17541.390625,90394.78515625
1735.8711669445038,2,4010.9,18689.1328125,90394.78515625
1736.8888161182404,2,1835.1,19044.55859375,90842.78515625
1737.8991644382477,2,3212.8,19304.3359375,90842.78515625
1738.9126954078674,2,2836.4,19507.02734375,90842.78515625
1739.9219288825989,2,629.6,7952.7109375,90842.78515625
1740.933162689209,2,2344.6,8773.171875,90842.78515625
1741.9815311431885,2,3719.2,12526.2109375,90842.78515625
1742.9931735992432,2,4322.7,13326.51171875,90842.78515625
1744.0125012397766,2,4549.2,15995.921875,90842.78515625
1745.0249910354614,2,4233.8,16417.125,90842.78515625
1746.0436811447144,2,3567.0,16680.08203125,90842.78515625
1747.0563435554504,2,3064.3,16958.3125,90842.78515625
1748.0676898956299,2,3580.1,17582.58984375,90842.78515625
1749.0811660289764,2,4344.8,18754.74609375,90842.78515625
1750.0941298007965,2,1648.3,19098.3046875,90842.78515625
1751.1031646728516,2,3391.9,19322.50390625,90842.78515625
1752.1136403083801,2,2734.7,19573.7421875,90842.78515625
1753.1224040985107,2,631.5,8044.4765625,90842.78515625
1754.131271123886,2,2338.5,8832.3046875,90842.78515625
1755.170838356018,2,3704.5,12637.4453125,90842.78515625
1756.1831707954407,2,4336.6,13344.8984375,90842.78515625
1757.2031757831573,2,4537.6,15794.94140625,90842.78515625
1758.2171640396118,2,4229.9,16489.3359375,90842.78515625
1759.233974456787,2,3551.8,16778.14453125,90842.78515625
1760.2415866851807,2,3296.8,16992.95703125,90842.78515625
1761.2581651210785,2,4031.9,17831.921875,90842.78515625
1762.268836736679,2,4169.5,18779.16015625,90842.78515625
1763.2776551246643,2,1672.7,19082.29296875,90842.78515625
1764.2861642837524,2,3476.5,19282.7578125,90842.78515625
1765.2967619895935,2,2704.5,19577.69140625,90842.78515625
1766.3053832054138,2,809.2,8091.4140625,90842.78515625
1767.3141679763794,2,2584.8,8809.15234375,90842.78515625
1768.3611640930176,2,3585.8,13137.74609375,90842.78515625
1769.378179550171,2,4428.9,13910.66796875,90842.78515625
1770.3991804122925,2,4446.5,13827.390625,90842.78515625
1771.4113039970398,2,4228.9,16449.859375,90842.78515625
1772.4311814308167,2,3515.6,16690.1328125,90842.78515625
1773.4478147029877,2,3259.5,17022.8125,90842.78515625
1774.4741144180298,2,3884.9,17803.62890625,90842.78515625
1775.4841661453247,2,3900.7,18926.87109375,90842.78515625
1776.4921653270721,2,1599.6,19009.05078125,90842.78515625
1777.500163078308,2,3730.3,19246.42578125,90842.78515625
1778.510461807251,2,2404.6,19536.87109375,90842.78515625
1779.518440246582,2,1038.4,8110.609375,90842.78515625
1780.5271644592285,2,2600.1,8750.1953125,90842.78515625
1781.5721642971039,2,3537.4,13091.3046875,90842.78515625
1782.590171098709,2,4381.7,13998.64453125,90842.78515625
1783.6132566928864,2,4579.9,14013.046875,90842.78515625
1784.6260871887207,2,4225.2,16516.66015625,90842.78515625
1785.6371862888336,2,3562.2,16712.46484375,90842.78515625
1786.6631717681885,2,3084.1,17023.0390625,90842.78515625
1787.6761660575867,2,3703.6,17876.625,90842.78515625
1788.6868619918823,2,3943.2,19019.6171875,90842.78515625
1789.6935629844666,2,1556.9,19098.06640625,90842.78515625
1790.7021653652191,2,3796.0,19342.375,90842.78515625
1791.7126295566559,2,2273.4,19610.5,90842.78515625
1792.7201662063599,2,1033.7,8225.20703125,90842.78515625
1793.7293739318848,2,2564.3,8832.7578125,90842.78515625
1794.7851645946503,2,3490.7,13187.4609375,90842.78515625
1795.80317902565,2,4400.8,13846.50390625,90842.78515625
1796.8283665180206,2,4570.7,13875.01171875,90842.78515625
1797.8411779403687,2,4216.8,16528.5,90842.78515625
1798.8604369163513,2,3617.3,16745.7734375,90842.78515625
1799.8701729774475,2,3103.1,17089.94921875,90842.78515625
1800.8911635875702,2,3647.6,17762.296875,90842.78515625
1801.9020745754242,2,4158.5,18760.90625,90842.78515625
1802.9108836650848,2,1702.1,19040.89453125,90842.78515625
1803.9179182052612,2,3658.1,19248.96484375,90842.78515625
1804.9286844730377,2,2511.0,19540.29296875,90842.78515625
1805.9364669322968,2,954.6,8044.2265625,90842.78515625
1806.9461686611176,2,2509.4,8759.734375,90842.78515625
1808.002923965454,2,3542.4,13112.7578125,90842.78515625
1809.0189137458801,2,4468.5,13801.125,90842.78515625
1810.0428309440613,2,4508.0,13844.46484375,90842.78515625
1811.0561726093292,2,4264.1,16528.87890625,90842.78515625
1812.0783607959747,2,3475.8,16732.74609375,90842.78515625
1813.1078610420227,2,3007.4,17019.9921875,90842.78515625
1814.1295456886292,2,3999.4,17920.5390625,90842.78515625
1815.1421790122986,2,4016.3,19061.64453125,90842.78515625
1816.1599142551422,2,1590.2,19089.046875,90842.78515625
1817.1696999073029,2,3699.5,19264.8828125,90842.78515625
1818.1808006763458,2,2518.4,19569.890625,90842.78515625
1819.1892828941345,2,961.7,8090.6328125,90842.78515625
1820.1991612911224,2,2505.7,8793.80859375,90842.78515625
1821.2505128383636,2,3504.6,13128.58984375,90842.78515625
1822.259167432785,2,4450.1,13677.046875,90842.78515625
1823.2789583206177,2,4524.6,13805.7890625,90842.78515625
1824.2912912368774,2,4255.0,16487.75,90842.78515625
1825.3026714324951,2,3565.2,16736.8671875,90842.78515625
1826.3246412277222,2,3217.6,17039.09375,90842.78515625
1827.3496007919312,2,3865.1,17831.0,90842.78515625
1828.3603768348694,2,3968.7,18983.4609375,90842.78515625
1829.3714656829834,2,1662.1,19143.84375,90842.78515625
1830.3791666030884,2,3524.9,19311.09765625,90842.78515625
1831.3897244930267,2,2722.1,19589.57421875,90842.78515625
1832.3987846374512,2,876.2,8097.52734375,90842.78515625
1833.4077780246735,2,2435.1,8790.4765625,90842.78515625
1834.424572467804,2,3697.2,12900.078125,90842.78515625
1835.435105085373,2,4295.4,13403.69140625,90842.78515625
1836.4491832256317,2,4534.7,15008.234375,90842.78515625
1837.4661662578583,2,4237.7,16554.34765625,90842.78515625
1838.4921839237213,2,3561.8,16783.05859375,90842.78515625
1839.5170557498932,2,3140.2,17037.9765625,90842.78515625
1840.5248246192932,2,3588.2,17662.34375,90842.78515625
1841.5361721515656,2,4325.3,18821.30859375,90842.78515625
1842.5540130138397,2,1785.4,19148.41796875,90842.78515625
1843.5621650218964,2,3226.3,19329.484375,90842.78515625
1844.5727379322052,2,2925.0,19527.1484375,90842.78515625
1845.5804326534271,2,750.4,8008.3046875,90842.78515625
1846.589379310608,2,2359.4,8764.19140625,90842.78515625
1847.6320955753326,2,3692.2,12626.13671875,90842.78515625
1848.645173549652,2,4314.8,13347.859375,90842.78515625
1849.6646382808685,2,4580.6,15951.9140625,90842.78515625
1850.681163072586,2,4194.6,16441.5390625,90842.78515625
1851.6989369392395,2,3590.9,16728.27734375,90842.78515625
1852.7074677944183,2,3056.3,16971.8671875,90842.78515625
1853.720600605011,2,3440.3,17449.01171875,90842.78515625
1854.732165813446,2,4248.4,18679.8046875,90842.78515625
1855.7424566745758,2,2169.0,19058.90234375,90842.78515625
1856.7501714229584,2,2819.9,19276.546875,90842.78515625
1857.7611725330353,2,3510.4,19488.19140625,90842.78515625
1858.7694776058197,2,610.0,9435.1328125,92890.80078125
1859.7775344848633,2,2163.0,8676.08984375,90842.78515625
1860.7871894836426,2,3211.7,11666.3828125,90842.78515625
1861.7981641292572,2,4295.9,13291.78125,90842.78515625
1862.8158259391785,2,4600.7,17255.77734375,90842.78515625
1863.8411657810211,2,4194.8,16423.29296875,90842.78515625
1864.8588976860046,2,3703.8,16701.578125,90842.78515625
1865.8674840927124,2,3268.2,16769.75390625,90842.78515625
1866.8752813339233,2,3724.7,17408.53125,90842.78515625
1867.8854637145996,2,4282.7,18703.36328125,90842.78515625
1868.8976156711578,2,2183.9,19056.48046875,90842.78515625
1869.9051694869995,2,2858.9,19241.38671875,90842.78515625
1870.9154980182648,2,3408.9,19468.53125,90842.78515625
1871.921226978302,2,605.9,9604.796875,92890.80078125
1872.9295301437378,2,2156.2,8667.78125,90842.78515625
1873.9371664524078,2,3391.4,11899.05859375,90842.78515625
1874.9531648159027,2,4352.6,13303.03125,90842.78515625
1875.971172094345,2,4509.5,17237.3359375,90842.78515625
1876.992166519165,2,4199.3,16388.203125,90842.78515625
1878.0101826190948,2,3624.7,16637.27734375,90842.78515625
1879.0348269939423,2,3177.3,16869.734375,90842.78515625
1880.0478727817535,2,3464.0,17342.1328125,90842.78515625
1881.0585033893585,2,4334.6,18499.9375,90842.78515625
1882.0721235275269,2,2176.8,18974.40625,90842.78515625
1883.0781710147858,2,2684.6,19232.99609375,90842.78515625
1884.0884821414948,2,3679.4,19382.1328125,90842.78515625
1885.0942270755768,2,604.4,9266.04296875,92890.80078125
1886.1017270088196,2,2117.0,8657.2265625,90842.78515625
1887.1099128723145,2,3245.2,11624.78515625,90842.78515625
1888.122164964676,2,4283.3,13290.23828125,90842.78515625
1889.139797925949,2,4546.3,17191.125,90842.78515625
1890.1639909744263,2,4215.7,16392.5390625,90842.78515625
1891.171178817749,2,3707.9,16715.6484375,90842.78515625
1892.1972918510437,2,3371.7,16791.296875,90842.78515625
1893.2053318023682,2,3411.6,17326.875,90842.78515625
1894.216164112091,2,4406.7,18628.703125,90842.78515625
1895.2338287830353,2,2248.9,19077.96484375,90842.78515625
1896.240169763565,2,2605.2,19333.94921875,90842.78515625
1897.2538590431213,2,3638.3,19429.94140625,90842.78515625
1898.2601346969604,2,627.6,9186.5390625,92890.80078125
1899.2690138816833,2,2195.9,9059.70703125,90842.78515625
1900.2801616191864,2,4221.9,11433.984375,90842.78515625
1901.2981750965118,2,4402.4,13415.7734375,90842.78515625
1902.3121800422668,2,4021.3,14484.9296875,90842.78515625
1903.3385055065155,2,3059.6,14740.265625,90842.78515625
1904.3471648693085,2,4358.5,15922.125,90842.78515625
1905.364845752716,2,1634.3,16216.0703125,90842.78515625
1906.3726482391357,2,4232.1,16466.2890625,90842.78515625
1907.3803601264954,2,685.7,9846.30859375,92890.80078125
1908.3882002830505,2,2513.7,9712.4609375,90842.78515625
1909.4034259319305,2,4245.8,11535.9140625,90842.78515625
1910.4141073226929,2,4478.7,13841.91796875,90842.78515625
1911.4251790046692,2,3737.1,14360.00390625,90842.78515625
1912.4508745670319,2,2956.1,14599.51953125,90842.78515625
1913.4621634483337,2,4252.2,15820.640625,90842.78515625
1914.4798023700714,2,1677.1,15976.859375,90842.78515625
1915.4871652126312,2,4209.5,16263.00390625,90842.78515625
1916.4955122470856,2,665.5,9582.26171875,92890.80078125
1917.5037496089935,2,2446.5,9195.4375,90842.78515625
1918.5171616077423,2,4247.0,11478.82421875,90842.78515625
1919.5361704826355,2,4477.5,13804.1015625,90842.78515625
1920.5477406978607,2,3764.9,14402.7265625,90842.78515625
1921.5731666088104,2,3611.6,14777.78125,90842.78515625
1922.5833292007446,2,3996.1,16165.3046875,90842.78515625
1923.6011650562286,2,1943.1,16314.69140625,90842.78515625
1924.6187899112701,2,3681.5,16389.015625,90842.78515625
1925.6287369728088,2,848.3,8129.72265625,90842.78515625
1926.6361706256866,2,3105.9,10734.21484375,90842.78515625
1927.6484634876251,2,4253.9,12501.640625,90842.78515625
1928.6691682338715,2,4361.6,14098.92578125,90842.78515625
1929.6781644821167,2,3628.7,14459.875,90842.78515625
1930.6936781406403,2,3131.7,14784.22265625,90842.78515625
1931.7071659564972,2,3928.5,16059.83984375,90842.78515625
1932.7153782844543,2,1840.8,16276.0625,90842.78515625
1933.7328786849976,2,3687.4,16421.5,90842.78515625
1934.7397229671478,2,770.0,8065.59765625,90842.78515625
1935.7491657733917,2,4117.9,9957.78125,90842.78515625
1936.7615609169006,2,3636.1,10414.33203125,90842.78515625
1937.7699086666107,2,3169.4,10679.58203125,90842.78515625
1938.777335882187,2,1219.5,8552.6953125,90842.78515625
1939.7851672172546,2,3687.2,11382.43359375,90842.78515625
1940.8041758537292,2,4392.1,14006.8828125,90842.78515625
1941.8301644325256,2,4184.7,14410.12109375,90842.78515625
1942.847827911377,2,3137.1,14649.5078125,90842.78515625
1943.871850013733,2,4312.7,15418.203125,90842.78515625
1944.8825013637543,2,2736.4,16202.51953125,90842.78515625
1945.895165681839,2,3258.4,16076.59375,90842.78515625
1946.9130923748016,2,1926.2,15636.109375,90842.78515625
1947.9212629795074,2,1709.1,8723.515625,90842.78515625
1948.9319446086884,2,4400.1,11257.7734375,90842.78515625
1949.9437217712402,2,3907.7,12058.78515625,90842.78515625
1950.9561667442322,2,3943.3,12797.734375,90842.78515625
1951.972072839737,2,2472.6,13194.87109375,90842.78515625
1952.982495546341,2,2843.8,13293.5625,90842.78515625
1953.9898219108582,2,1584.0,8713.234375,90842.78515625
1954.9967148303986,2,4296.1,11286.28125,90842.78515625
1956.0211760997772,2,3990.7,11999.10546875,90842.78515625
1957.0336921215057,2,3944.4,12679.6875,90842.78515625
1958.045252084732,2,2459.4,13082.74609375,90842.78515625
1959.0547997951508,2,3119.5,13204.08203125,90842.78515625
1960.0665254592896,2,245.1,5037.79296875,83674.62890625
1961.0739929676056,2,102.1,4979.8515625,83674.62890625
1962.082331418991,2,106.1,5.40625,7.65234375
