elapsed_time,nproc,cpu,mem_real,mem_virtual
3.2901763916015625e-05,1,0.0,5.03125,7.65234375
1.0054757595062256,4,0.0,440.78515625,4206.59375
2.013984203338623,4,99.3,620.38671875,4420.59375
3.021423101425171,4,99.2,615.64453125,4452.59375
4.029720783233643,4,100.2,611.1328125,4452.59375
5.037653207778931,4,100.2,613.515625,4452.59375
6.046013116836548,4,99.2,623.92578125,4500.59375
7.054273366928101,4,100.3,617.05078125,4500.59375
8.061388969421387,4,99.2,602.984375,4500.59375
9.069028377532959,4,99.2,617.21875,4500.59375
10.07709288597107,4,100.3,674.7109375,4500.59375
11.08455204963684,4,100.0,720.7109375,4556.59375
12.094865083694458,4,99.0,776.7109375,4620.59375
13.10496973991394,4,100.0,828.7109375,4706.59375
14.114658832550049,4,98.9,874.7109375,4706.59375
15.125671625137329,4,100.0,928.7109375,4802.59375
16.13520574569702,4,99.9,972.7109375,4802.59375
17.146026849746704,2,0.0,167.34375,244.078125
18.15574884414673,2,0.0,365.73046875,3875.359375
19.165014028549194,2,99.9,509.94921875,4733.390625
20.1757071018219,2,100.1,511.94921875,4733.390625
21.184697151184082,2,100.1,513.94921875,4733.390625
22.193668603897095,2,99.2,513.69921875,4733.390625
23.20264220237732,2,2013.2,1393.0,8932.8359375
24.22264814376831,2,4758.3,1753.89453125,9339.3359375
25.23964810371399,2,4766.5,2154.61328125,9776.3359375
26.26398539543152,2,4772.5,2273.3359375,9921.3359375
27.287642240524292,2,4767.0,2338.05859375,10096.3203125
28.312093019485474,2,4761.6,2344.6796875,10155.3203125
29.336645126342773,2,4757.7,2525.33203125,10392.3203125
30.36164426803589,2,4761.1,2506.5625,10465.3203125
31.37796401977539,2,4754.7,2493.21875,10579.3203125
32.40264058113098,2,4759.9,2557.421875,10676.3203125
33.42705965042114,2,4750.9,2675.84375,10873.3203125
34.452311277389526,2,4765.3,2833.390625,11000.3203125
35.4776496887207,2,4764.8,2861.234375,11108.3203125
36.50164771080017,2,4756.2,2759.49609375,11128.3203125
37.52617168426514,2,4748.0,2824.60546875,11197.3203125
38.54364490509033,2,4765.2,2847.50390625,11280.3203125
39.5686457157135,2,4754.1,2809.9375,11344.3203125
40.593212604522705,2,4757.6,2905.2578125,11440.3203125
41.617648124694824,2,4753.0,2885.70703125,11509.3203125
42.641645431518555,2,4759.8,2870.40234375,11575.3203125
43.666648864746094,2,4753.4,2917.140625,11647.3203125
44.69116711616516,2,4755.9,2914.6484375,11694.3203125
45.71564030647278,2,4755.4,2894.8203125,11701.3203125
46.74115324020386,2,4755.1,2878.3046875,11739.3203125
47.76464295387268,2,4746.6,2949.09765625,11829.3203125
48.78864049911499,2,4760.0,2957.03125,11850.3203125
49.81316137313843,2,4757.5,2935.70703125,11882.3203125
50.837648153305054,2,4752.8,2972.3515625,12024.3203125
51.861648082733154,2,4754.7,2882.30078125,12024.3203125
52.885645151138306,2,4755.0,2986.328125,12164.3203125
53.910651206970215,2,4755.6,2918.76953125,12214.3203125
54.935646533966064,2,4754.9,2866.0390625,12256.3203125
55.9592010974884,2,4753.8,2750.31640625,12256.3203125
56.98365116119385,2,4763.8,2806.07421875,12310.3203125
58.00805735588074,2,4755.2,2763.0078125,12348.3203125
59.032642126083374,2,4761.4,2736.34375,12360.3203125
60.05764627456665,2,4760.7,2789.98046875,12376.3203125
61.08218812942505,2,4760.8,2870.4375,12376.3203125
62.10615253448486,2,4759.7,3009.49609375,12482.3203125
63.13064098358154,2,4756.7,2975.87109375,12502.3203125
64.1556441783905,2,4759.2,3018.37890625,12598.3203125
65.17917013168335,2,4755.0,3012.73046875,12598.3203125
66.20365715026855,2,4758.3,3050.1015625,12598.3203125
67.2276439666748,2,4756.4,3083.5234375,12686.3203125
68.24900841712952,2,4760.2,3106.55078125,12730.3203125
69.2731499671936,2,4754.2,3136.21484375,12790.3203125
70.29464650154114,2,4754.9,3212.0546875,12878.3203125
71.3176441192627,2,4751.4,3323.87890625,12974.3203125
72.3429548740387,2,4753.3,3319.328125,13018.3203125
73.3676450252533,2,4756.5,3318.0390625,13018.3203125
74.3886444568634,2,4754.2,3310.84765625,13034.3203125
75.41438031196594,2,4748.8,3308.04296875,13120.3203125
76.43716335296631,2,4752.3,3340.96875,13232.3203125
77.45864200592041,2,4756.2,3343.6015625,13274.3203125
78.4827492237091,2,4754.4,3449.62890625,13330.3203125
79.50764441490173,2,4751.1,3339.69140625,13350.3203125
80.53207349777222,2,4752.4,3485.81640625,13556.3203125
81.5566475391388,2,4756.8,3479.234375,13606.3203125
82.58164644241333,2,4757.2,3413.07421875,13606.3203125
83.60564470291138,2,4755.7,3436.8359375,13646.3203125
84.63064360618591,2,4747.6,3519.2734375,13750.3203125
85.653644323349,2,4755.4,3443.2265625,13868.3203125
86.67864418029785,2,4754.0,3489.76171875,13896.3203125
87.70264673233032,2,4753.7,3423.09375,13924.3203125
88.72764849662781,2,4761.1,3383.48046875,13924.3203125
89.75164604187012,2,4743.4,3353.57421875,13968.3203125
90.76464653015137,2,4754.9,3354.65234375,14020.3203125
91.7886471748352,2,4752.9,3407.5,14048.3203125
92.80964350700378,2,4749.3,3250.44140625,14048.3203125
93.83364796638489,2,4761.8,3275.29296875,14062.3203125
94.85865473747253,2,4755.9,3276.99609375,14110.3203125
95.88332462310791,2,4748.5,3353.66015625,14136.3203125
96.90764331817627,2,4738.5,3335.30859375,14186.3203125
97.93164396286011,2,4753.3,3351.5390625,14186.3203125
98.95564937591553,2,4756.2,3324.2109375,14186.3203125
99.98064494132996,2,4760.2,3265.19140625,14186.3203125
101.00464415550232,2,4762.5,3385.953125,14186.3203125
102.02907276153564,2,4755.2,3576.26171875,14284.3203125
103.05264902114868,2,4754.2,3663.61328125,14312.3203125
104.07764077186584,2,4754.3,3665.31640625,14326.3203125
105.10213494300842,2,4748.8,3702.9140625,14350.3203125
106.1266438961029,2,4752.9,3719.91796875,14404.3203125
107.15064668655396,2,4759.3,3757.06640625,14424.3203125
108.17564225196838,2,4746.6,3797.1015625,14564.3203125
109.19964575767517,2,4759.6,3737.4921875,14608.3203125
110.2257866859436,2,4752.7,3696.2734375,14608.3203125
111.2502613067627,2,4749.3,3720.12109375,14608.3203125
112.27464318275452,2,4758.7,4072.265625,14830.3203125
113.29864716529846,2,4749.7,4188.46875,14998.3203125
114.32315921783447,2,4748.4,4100.16796875,14998.3203125
115.34464693069458,2,4752.3,4088.96875,15022.3203125
116.36863970756531,2,4754.2,4070.953125,15022.3203125
117.39264726638794,2,4742.0,4036.16796875,15022.3203125
118.41664791107178,2,4741.3,4077.76953125,15066.3203125
119.44164085388184,2,4746.2,4131.07421875,15066.3203125
120.46564531326294,2,4759.7,4141.69921875,15066.3203125
121.49064064025879,2,4747.3,4131.78515625,15066.3203125
122.51464319229126,2,4744.1,4139.46875,15066.3203125
123.53824830055237,2,4751.0,4207.015625,15080.3203125
124.56225252151489,2,4760.1,4449.0703125,15292.3203125
125.58664107322693,2,4756.3,4534.078125,15408.3203125
126.61112236976624,2,4750.3,4575.015625,15528.3203125
127.63464260101318,2,4754.8,4557.6015625,15528.3203125
128.6586492061615,2,4751.2,4446.8984375,15528.3203125
129.68411135673523,2,4756.2,4417.0859375,15528.3203125
130.70821690559387,2,4745.3,4506.23828125,15616.3203125
131.7326579093933,2,4752.8,4561.28125,15648.3203125
132.7566475868225,2,4755.7,4894.6328125,15956.3203125
133.78064560890198,2,4754.1,5040.28125,16192.3203125
134.80464720726013,2,4754.1,5066.078125,16192.3203125
135.82964634895325,2,4743.1,5019.67578125,16224.3203125
136.85364532470703,2,4748.9,4925.39453125,16224.3203125
137.88020038604736,2,4748.8,4900.39453125,16224.3203125
138.90364718437195,2,4741.4,4905.625,16224.3203125
139.92464327812195,2,4750.1,4970.5625,16276.3203125
140.9496431350708,2,4741.3,5021.40625,16300.3203125
141.97364687919617,2,4752.7,5073.87890625,16300.3203125
142.99864792823792,2,4753.3,5032.5546875,16300.3203125
144.02364802360535,2,4740.6,5072.15625,16360.3203125
145.03664684295654,2,4744.0,5092.91015625,16360.3203125
146.05964612960815,2,4746.0,5087.5625,16360.3203125
147.08407473564148,2,4728.0,5044.14453125,16432.3203125
148.10764169692993,2,4730.9,4999.03515625,16556.3203125
149.13208150863647,2,4751.9,4890.296875,16556.3203125
150.1566445827484,2,4737.8,4766.37109375,16556.3203125
151.18064308166504,2,4738.5,4750.08203125,16556.3203125
152.20500922203064,2,4744.4,4623.25,16560.3203125
153.22964239120483,2,4732.0,4649.4609375,16620.3203125
154.24265575408936,2,4753.2,5016.50390625,16952.3203125
155.26709651947021,2,4746.3,5326.5703125,17240.3203125
156.29064798355103,2,4758.6,5328.02734375,17300.3203125
157.3150806427002,2,4749.5,5368.23828125,17300.3203125
158.33964157104492,2,4740.8,5472.44140625,17354.3203125
159.36408233642578,2,4740.2,5472.8671875,17354.3203125
160.38864588737488,2,4739.6,5360.453125,17354.3203125
161.41412782669067,2,4735.6,5368.44921875,17354.3203125
162.44355964660645,2,4738.4,5477.11328125,17476.3203125
163.46864700317383,2,4730.3,5309.8984375,17476.3203125
164.49264788627625,2,4749.5,5393.515625,17476.3203125
165.51764369010925,2,4755.7,5377.28515625,17476.3203125
166.5416464805603,2,4746.2,5413.1640625,17548.3203125
167.56464385986328,2,4742.0,5335.30078125,17612.3203125
168.58864212036133,2,4743.0,5292.6015625,17612.3203125
169.61302256584167,2,4743.5,5322.1875,17612.3203125
170.6376440525055,2,4746.8,5284.6015625,17612.3203125
171.66208791732788,2,4754.5,5335.8515625,17652.3203125
172.6861755847931,2,4752.8,5315.0234375,17652.3203125
173.71019077301025,2,4754.5,5336.7109375,17712.3203125
174.73464465141296,2,4752.4,5329.58203125,17784.3203125
175.758642911911,2,4743.6,5202.85546875,17784.3203125
176.78365397453308,2,4742.5,5159.6640625,17784.3203125
177.8081135749817,2,4750.8,5139.6640625,17784.3203125
178.8326449394226,2,4759.7,5344.2890625,17936.3203125
179.85664582252502,2,4737.4,5361.390625,17936.3203125
180.88203287124634,2,4749.6,5586.48828125,18040.3203125
181.90664339065552,2,4754.1,5607.34375,18072.3203125
182.9309275150299,2,4743.8,5559.0546875,18072.3203125
183.95464205741882,2,4742.2,5605.75,18100.3203125
184.9676444530487,2,4743.7,5880.20703125,18180.3203125
185.99264907836914,2,4742.8,6320.84375,18602.3203125
187.01703715324402,2,4746.6,6432.359375,18714.3203125
188.04165387153625,2,4715.4,6436.19921875,18714.3203125
189.0656440258026,2,4746.4,6397.15234375,18714.3203125
190.08264088630676,2,4737.9,6391.21484375,18742.3203125
191.10764169692993,2,4727.4,6455.4765625,18742.3203125
192.1276397705078,2,4733.4,6449.10546875,18742.3203125
193.15563941001892,2,4737.8,6390.22265625,18742.3203125
194.1801233291626,2,4747.2,6354.265625,18742.3203125
195.2047233581543,2,4746.6,6605.60546875,18854.3203125
196.2290449142456,2,4743.4,6587.859375,18988.3203125
197.25213050842285,2,4738.1,6317.51171875,18988.3203125
198.27764010429382,2,4739.5,6356.9140625,18988.3203125
199.302640914917,2,4740.1,6293.203125,18988.3203125
200.3276424407959,2,4744.5,6343.09765625,19020.3203125
201.35208415985107,2,4726.2,6327.9765625,19060.3203125
202.37663865089417,2,4742.0,6269.9140625,19060.3203125
203.40105509757996,2,4731.1,6076.84375,19060.3203125
204.42724347114563,2,4740.6,6146.67578125,19080.3203125
205.45165491104126,2,4746.1,6182.5703125,19108.3203125
206.47664713859558,2,4749.0,6195.8203125,19212.3203125
207.50064301490784,2,4746.8,6200.390625,19296.3203125
208.52464818954468,2,4734.2,6384.9296875,19356.3203125
209.549640417099,2,4734.7,6285.43359375,19356.3203125
210.57518768310547,2,4748.9,6333.67578125,19356.3203125
211.59864211082458,2,4735.6,6360.70703125,19356.3203125
212.6236424446106,2,4731.5,6270.7109375,19356.3203125
213.64819049835205,2,4739.4,6262.1875,19356.3203125
214.6726450920105,2,4729.4,6234.3828125,19396.3203125
215.69664692878723,2,4740.1,6180.19140625,19396.3203125
216.72106790542603,2,4743.6,6252.02734375,19396.3203125
217.74564743041992,2,4748.7,6180.15234375,19396.3203125
218.76964569091797,2,4733.7,6023.3046875,19396.3203125
219.7946436405182,2,4737.1,6082.6875,19396.3203125
220.81913423538208,2,4742.0,5979.890625,19428.3203125
221.84364128112793,2,4746.0,6028.3046875,19428.3203125
222.86764097213745,2,4737.3,5928.19921875,19432.3203125
223.8930938243866,2,4744.1,6112.5703125,19484.3203125
224.91764760017395,2,4745.8,6030.765625,19484.3203125
225.94221711158752,2,4740.2,5990.03125,19484.3203125
226.96664476394653,2,4739.3,5892.61328125,19484.3203125
227.99064540863037,2,4743.6,5918.3828125,19484.3203125
229.01514792442322,2,4738.7,5910.65234375,19544.3203125
230.03964686393738,2,4744.0,5878.8828125,19544.3203125
231.06064462661743,2,4736.7,5869.59375,19544.3203125
232.08464527130127,2,4739.2,5925.6640625,19544.3203125
233.10828256607056,2,4742.2,5839.98828125,19544.3203125
234.13264417648315,2,4752.1,5826.0546875,19568.3203125
235.15730261802673,2,4740.5,5784.484375,19568.3203125
236.18164372444153,2,4752.9,5785.984375,19568.3203125
237.20564365386963,2,4751.0,5926.12890625,19572.3203125
238.22965693473816,2,4741.0,5988.15234375,19692.3203125
239.25364232063293,2,4749.3,6107.04296875,19692.3203125
240.27864718437195,2,4760.8,6061.90625,19732.3203125
241.30164432525635,2,4735.9,6065.26953125,19764.3203125
242.3266477584839,2,4735.8,6026.8984375,19764.3203125
243.34664630889893,2,4729.6,6048.5703125,19764.3203125
244.36664652824402,2,4740.1,6475.6953125,19968.3203125
245.37847781181335,2,4744.4,6481.12890625,20016.3203125
246.40264415740967,2,4713.8,6410.25390625,20176.3203125
247.42702722549438,2,4734.3,6471.140625,20176.3203125
248.45063948631287,2,4733.3,6498.5390625,20204.3203125
249.4756441116333,2,4742.3,6485.02734375,20204.3203125
250.50433945655823,2,4737.7,6610.3125,20228.3203125
251.52864384651184,2,4734.1,6514.9140625,20228.3203125
252.55364394187927,2,4735.0,6534.73828125,20228.3203125
253.57763957977295,2,4743.9,6630.28125,20228.3203125
254.60264492034912,2,4741.3,6693.87890625,20256.3203125
255.62713980674744,2,4735.0,6601.98046875,20284.3203125
256.6486439704895,2,4715.5,6490.51171875,20284.3203125
257.67463994026184,2,4745.5,6427.02734375,20284.3203125
258.69901728630066,2,4736.9,6371.72265625,20284.3203125
259.7226424217224,2,4742.3,6439.54296875,20340.3203125
260.7470541000366,2,4750.2,6367.46875,20340.3203125
261.7696430683136,2,4751.9,6409.2578125,20368.3203125
262.7946436405182,2,4742.2,6642.1328125,20368.3203125
263.81881952285767,2,4752.7,6785.40625,20368.3203125
264.8436470031738,2,4740.5,6798.26171875,20368.3203125
265.8646423816681,2,4737.5,6771.9921875,20368.3203125
266.88264560699463,2,4739.6,6865.7734375,20368.3203125
267.90664076805115,2,4734.7,6813.54296875,20368.3203125
268.931645154953,2,4745.1,6862.38671875,20372.3203125
269.95664715766907,2,4717.0,6691.33203125,20372.3203125
270.98064613342285,2,4717.3,6859.83203125,20436.3203125
272.0049819946289,2,4747.1,6994.82421875,20644.3203125
273.02915811538696,2,4744.0,7079.87890625,20740.3203125
274.0536437034607,2,4753.4,7029.7265625,20740.3203125
275.0781533718109,2,4748.7,6936.66796875,20740.3203125
276.10263752937317,2,4745.6,6932.28125,20740.3203125
277.12763953208923,2,4744.8,7109.0859375,20860.3203125
278.1520667076111,2,4742.6,7298.69921875,21132.3203125
279.17619037628174,2,4746.3,7483.35546875,21236.3203125
280.2006425857544,2,4742.4,7618.16015625,21240.3203125
281.2256429195404,2,4741.8,7758.2890625,21368.3203125
282.2501184940338,2,4754.2,7702.140625,21528.3203125
283.27465295791626,2,4737.5,7845.08984375,21532.3203125
284.29864144325256,2,4727.0,7653.4765625,21536.3203125
285.318642616272,2,4738.0,7564.50390625,21536.3203125
286.3436427116394,2,4720.4,7543.828125,21536.3203125
287.36813497543335,2,4726.3,7365.828125,21536.3203125
288.3929033279419,2,4717.6,7400.34375,21612.3203125
289.4156413078308,2,4692.5,7255.60546875,21664.3203125
290.44063925743103,2,4693.6,7293.74609375,21708.3203125
291.4656414985657,2,4710.5,7328.01953125,21812.3203125
292.4906406402588,2,4734.3,7295.30078125,21816.3203125
293.5141613483429,2,4589.8,7312.55859375,21888.3203125
294.53081703186035,2,3975.5,7393.36328125,22062.3203125
295.54218673706055,2,3390.1,7349.75,22170.3203125
296.55010414123535,2,2954.0,7087.42578125,22226.3203125
297.56164360046387,2,2875.8,7040.42578125,22274.3203125
298.5731887817383,2,2727.3,7537.07421875,22578.3203125
299.5844261646271,2,2385.1,8037.3203125,23248.3203125
300.59570026397705,2,2332.8,9015.5078125,24632.3203125
301.6060473918915,2,2282.2,8885.65234375,24632.3203125
302.61736154556274,2,2285.2,9402.2734375,25712.3203125
303.628769159317,2,2288.3,9377.7734375,25832.3203125
304.6381630897522,2,2288.3,9393.76171875,25888.3203125
305.6463222503662,2,2270.5,9165.0703125,25888.3203125
306.6553473472595,2,2095.9,9005.484375,25888.3203125
307.6644217967987,2,1992.0,9023.19140625,26012.3203125
308.6725347042084,2,1996.5,8901.71484375,26068.3203125
309.6833498477936,2,1876.4,8554.0859375,26068.3203125
310.69321298599243,2,1761.9,8430.09765625,26068.3203125
311.7046070098877,2,1698.3,8323.01171875,26068.3203125
312.71504950523376,2,1694.2,8297.83984375,26068.3203125
313.72614574432373,2,1695.2,8147.44921875,26068.3203125
314.7360723018646,2,1623.2,7953.7109375,26068.3203125
315.746440410614,2,1499.2,7828.0234375,26068.3203125
316.7568998336792,2,1387.0,7661.390625,26068.3203125
317.76628041267395,2,1236.2,7396.90625,26068.3203125
318.77664828300476,2,1157.4,7439.703125,26068.3203125
319.78750586509705,2,1092.8,7218.63671875,26068.3203125
320.79684805870056,2,1000.9,7053.21484375,26068.3203125
321.8079309463501,2,835.6,6808.01953125,26068.3203125
322.81790804862976,2,603.9,6533.96484375,26068.3203125
323.827974319458,2,414.8,6364.16015625,26068.3203125
324.8380904197693,2,305.2,6209.859375,26068.3203125
325.84738779067993,2,304.9,6067.85546875,26068.3203125
326.8576090335846,2,289.4,6094.28515625,26068.3203125
327.8667061328888,2,204.0,5926.09765625,26068.3203125
328.87633061408997,2,204.9,5828.35546875,26068.3203125
329.8864085674286,2,204.0,5712.54296875,26068.3203125
330.89606261253357,2,203.9,5611.171875,26068.3203125
331.90657353401184,2,202.9,5517.0,26068.3203125
332.9167013168335,2,204.1,5413.78515625,26068.3203125
333.92579340934753,2,202.0,5334.02734375,26068.3203125
334.9358866214752,2,202.0,5281.5234375,26068.3203125
335.9457356929779,2,201.1,5240.515625,26068.3203125
336.95512413978577,2,199.1,5212.45703125,26068.3203125
337.96459913253784,2,201.1,5192.265625,26068.3203125
338.97401690483093,2,200.1,5169.30859375,26068.3203125
339.98366498947144,2,200.0,5156.2734375,26068.3203125
340.9938986301422,2,200.2,5156.76953125,26068.3203125
342.00276732444763,2,200.1,5144.51171875,26068.3203125
343.01215529441833,2,200.2,5136.4453125,26068.3203125
344.0211229324341,2,199.9,5125.76953125,26068.3203125
345.03170013427734,2,121.8,5020.1015625,26068.3203125
346.04117488861084,2,102.9,5003.82421875,26068.3203125
347.05179476737976,2,101.1,4993.90625,26068.3203125
348.0602807998657,2,103.0,4967.56640625,26068.3203125
349.06971502304077,2,102.9,4907.41015625,26068.3203125
350.0799584388733,2,103.0,4814.359375,26068.3203125
351.08928298950195,2,103.1,4738.65234375,26068.3203125
352.09836602211,2,102.0,4671.27734375,26068.3203125
353.10836601257324,2,101.0,4625.3984375,26068.3203125
354.11799216270447,2,101.1,4600.5859375,26068.3203125
355.12689089775085,2,101.0,4716.59375,26068.3203125
356.13634610176086,2,100.0,4731.29296875,26068.3203125
357.14619398117065,2,99.0,4646.109375,26292.3203125
358.15651392936707,2,105.0,4653.16015625,26292.3203125
359.1660192012787,2,102.9,4627.34375,26292.3203125
360.17625617980957,2,103.9,4677.640625,26292.3203125
361.18636107444763,2,100.0,4981.6171875,26292.3203125
362.1965594291687,2,99.0,5067.33203125,26292.3203125
363.20660614967346,2,101.0,5201.12109375,26292.3203125
364.2167317867279,2,111.8,4526.25390625,26292.3203125
365.22739481925964,2,102.1,4499.90234375,26292.3203125
366.2364900112152,2,102.0,4466.765625,26292.3203125
367.2466552257538,2,101.1,4409.86328125,26292.3203125
368.25570583343506,2,102.0,4350.109375,26292.3203125
369.2657401561737,2,102.0,4295.62109375,26292.3203125
370.27547788619995,2,102.0,4241.4140625,26292.3203125
371.28483843803406,2,101.9,4256.94921875,26292.3203125
372.2954292297363,2,101.1,4112.1640625,26292.3203125
373.30479764938354,2,101.0,4228.1640625,26292.3203125
374.31493163108826,2,100.0,4441.92578125,26292.3203125
375.32464933395386,2,103.0,4299.52734375,26292.3203125
376.33396911621094,2,100.0,4450.98828125,26292.3203125
377.3444538116455,2,100.0,4338.515625,26292.3203125
378.354679107666,2,100.0,4451.80078125,26292.3203125
379.36459517478943,2,102.0,4235.5703125,26292.3203125
380.3743374347687,2,102.0,4196.0390625,26292.3203125
381.3839223384857,2,102.0,4176.390625,26292.3203125
382.3934590816498,2,101.0,4142.8671875,26292.3203125
383.4036569595337,2,102.0,4121.44140625,26292.3203125
384.41342663764954,2,101.0,4103.75390625,26292.3203125
385.4230806827545,2,100.1,4287.91796875,26292.3203125
386.4323048591614,2,102.0,4158.34765625,26292.3203125
387.44191455841064,2,101.9,4134.7109375,26292.3203125
388.45232462882996,2,101.1,4102.796875,26292.3203125
389.46090364456177,2,101.0,4069.109375,26292.3203125
390.4711363315582,2,101.0,4047.2890625,26292.3203125
391.4805600643158,2,102.0,4022.2265625,26292.3203125
392.4899263381958,2,101.0,4033.50390625,26292.3203125
393.4998161792755,2,100.1,4199.54296875,26292.3203125
394.5091631412506,2,100.0,4152.28515625,26292.3203125
395.5196578502655,2,100.0,4151.16015625,26292.3203125
396.52922105789185,2,101.1,4141.0546875,26292.3203125
397.53787112236023,2,101.2,4115.0390625,26292.3203125
398.5461251735687,2,101.1,4081.2421875,26292.3203125
399.5555226802826,2,99.9,4278.1171875,26292.3203125
400.5662236213684,2,101.1,4221.80078125,26292.3203125
401.5753445625305,2,100.9,4178.2265625,26292.3203125
402.58592343330383,2,100.0,4289.47265625,26292.3203125
403.59609293937683,2,99.1,4251.171875,26292.3203125
404.60568046569824,2,100.1,4173.63671875,26292.3203125
405.6149055957794,2,102.1,4155.20703125,26292.3203125
406.62337279319763,2,101.1,4124.1875,26292.3203125
407.63219809532166,2,102.0,4106.73828125,26292.3203125
408.6417398452759,2,101.0,4081.56640625,26292.3203125
409.65165066719055,2,101.9,4058.1328125,26292.3203125
410.66197443008423,2,236.6,3389.8046875,26292.3203125
411.67191910743713,2,699.6,3855.58203125,26436.328125
412.68250703811646,2,105.0,3735.7265625,26436.38671875
413.6920030117035,2,111.9,3664.55859375,26644.41015625
414.70167994499207,2,112.9,3727.09375,27980.41015625
415.7114279270172,2,2206.5,4427.2890625,28492.41015625
416.7197904586792,2,686.0,6731.75390625,33612.484375
417.73302936553955,2,1554.4,4688.56640625,32588.45703125
418.74298429489136,2,2038.6,4150.05078125,41164.44140625
419.75342321395874,2,4140.1,6678.33203125,41164.44140625
420.76626443862915,2,3802.6,6565.4453125,41164.44140625
421.774751663208,2,2703.7,6815.3515625,41164.44140625
422.78340220451355,2,2221.4,3923.66796875,43212.45703125
423.7935483455658,2,1701.7,4216.7578125,41164.44140625
424.8042314052582,2,4002.7,6029.2890625,47308.44140625
425.8286352157593,2,4519.4,7546.203125,47308.44140625
426.84745621681213,2,3365.7,7806.11328125,47308.44140625
427.859139919281,2,3651.9,8596.359375,47308.44140625
428.8684809207916,2,2354.5,8599.60546875,47308.44140625
429.880606174469,2,2429.6,8587.14453125,47308.44140625
430.88963747024536,2,2991.2,3371.703125,45260.41015625
431.9170229434967,2,4721.2,3310.71484375,45260.41015625
432.9392726421356,2,4643.7,3225.59375,45260.41015625
433.94763016700745,2,4537.6,3326.1953125,45260.41015625
434.9666337966919,2,4656.9,3315.92578125,45260.41015625
435.9843747615814,2,1717.4,3240.28515625,45288.41015625
436.991694688797,2,101.3,3207.1875,45288.41015625
437.9990003108978,2,100.2,3172.796875,45288.41015625
439.0067687034607,2,127.1,3487.82421875,45290.4296875
440.01418018341064,2,101.2,3838.375,45290.4296875
441.02217268943787,3,98.3,4131.1796875,45297.64453125
442.0292618274689,4,0.0,4461.0703125,45639.66796875
443.03666043281555,4,100.1,4703.10546875,45888.0703125
444.0452537536621,4,100.3,4920.203125,46115.734375
445.0526633262634,4,101.2,5149.6484375,46351.50390625
446.06060004234314,4,99.3,5508.8984375,46710.89453125
447.0676095485687,4,101.0,5870.0234375,47072.08984375
448.07797837257385,4,100.0,6221.64453125,47434.1875
449.0881814956665,4,100.1,6582.39453125,47794.8515625
450.09678840637207,4,99.1,6941.33203125,48154.7578125
451.1053695678711,4,100.1,7301.70703125,48515.4375
452.11410880088806,4,100.1,7663.95703125,48877.79296875
453.12291979789734,4,100.1,8025.45703125,49238.98828125
454.132159948349,4,99.0,8391.92578125,49598.5078125
455.1421871185303,4,100.1,8752.67578125,49959.31640625
456.15118932724,4,100.0,9113.80078125,50320.25390625
457.1608428955078,4,100.0,9472.67578125,50681.19140625
458.17053389549255,4,100.0,9833.42578125,51041.87109375
459.1802134513855,4,99.0,10194.55078125,51403.1953125
460.1898138523102,4,101.1,10556.05078125,51764.6484375
461.19848585128784,4,100.1,10917.17578125,52125.5859375
462.2076630592346,4,99.1,11277.92578125,52486.265625
463.21641850471497,4,100.0,11639.05078125,52847.4609375
464.22624468803406,4,100.0,12003.92578125,53208.52734375
465.23630023002625,4,100.1,12364.67578125,53569.3359375
466.24534845352173,4,100.1,12724.67578125,53929.5
467.2547469139099,4,100.0,13085.05078125,54289.79296875
468.2646424770355,4,99.2,13446.17578125,54650.73046875
469.273090839386,4,100.1,13806.55078125,55011.28125
470.28214478492737,4,99.1,14166.92578125,55371.57421875
471.2916531562805,4,101.0,14404.67578125,55609.40625
472.3013732433319,4,100.0,14443.67578125,55648.46484375
473.31094217300415,4,98.9,14806.4375,56071.421875
474.32156801223755,4,99.9,14582.98046875,55781.09765625
475.3321690559387,5,0.0,4517.2421875,45924.03515625
476.34286284446716,2,7.9,4104.7734375,45464.71484375
477.35272431373596,2,497.8,3978.875,46314.4765625
478.3630349636078,2,2959.6,5142.8359375,50410.5390625
479.3886206150055,2,4786.6,5142.8359375,50410.5390625
480.4060015678406,2,4723.0,5200.82421875,50410.5390625
481.4238488674164,2,894.3,5861.13671875,52458.5703125
482.43124318122864,2,99.3,6271.7734375,52458.5703125
483.4379551410675,4,93.3,6589.94140625,52538.90234375
484.44534850120544,4,99.2,6973.546875,52917.37890625
485.45317554473877,4,101.2,7323.421875,53267.359375
486.46105694770813,4,99.2,7668.796875,53612.5703125
487.4689881801605,4,100.3,8020.90625,53964.7578125
488.4764382839203,4,99.3,8373.40625,54317.05859375
489.48397397994995,4,100.1,8709.40625,54653.24609375
490.49264764785767,4,100.2,9042.40625,54988.2734375
491.5002484321594,4,99.2,9372.03125,55317.62890625
492.5084705352783,4,101.2,9696.99609375,55642.890625
493.51683235168457,4,99.2,10036.8125,55985.91015625
494.5250141620636,4,100.2,10382.5625,56331.5078125
495.5330901145935,4,100.2,10760.81640625,56718.61328125
496.5406036376953,4,99.0,11147.81640625,57105.71875
497.55046939849854,4,100.0,11532.94140625,57492.4375
498.5602459907532,4,100.0,11919.56640625,57879.4140625
499.5697946548462,4,100.1,12308.06640625,58267.55078125
500.5784869194031,4,99.1,12695.44140625,58654.9140625
501.58733916282654,4,100.0,13082.06640625,59041.890625
502.5968539714813,4,100.0,13470.19140625,59429.3828125
503.60672307014465,4,100.1,13857.94140625,59817.390625
504.6153721809387,4,100.0,14244.94140625,60204.3671875
505.6253159046173,4,100.0,14627.54296875,60590.5703125
506.6349425315857,4,99.1,15014.54296875,60977.67578125
507.6442768573761,4,100.0,15400.296875,61366.19921875
508.65378427505493,4,100.1,15787.671875,61753.69140625
509.6628351211548,4,100.1,16174.671875,62140.5390625
510.67170453071594,4,100.0,16562.046875,62528.16015625
511.68166041374207,4,100.1,16950.546875,62916.5546875
512.6909186840057,4,100.1,17337.921875,63303.91796875
513.6994616985321,4,99.1,17724.171875,63690.37890625
514.708466053009,4,100.0,18111.171875,64076.96875
515.7180013656616,4,100.0,18507.546875,64464.07421875
516.7281694412231,4,100.2,18893.796875,64850.27734375
517.7364947795868,4,100.0,19280.046875,65236.48046875
518.7465817928314,4,100.0,19562.046875,65518.78515625
519.756908416748,4,100.1,19623.171875,65580.015625
520.7657754421234,4,100.0,19623.171875,65580.015625
521.7760319709778,4,99.0,19623.171875,65580.015625
522.7860524654388,4,100.0,19644.74609375,65609.234375
523.7964239120483,4,99.9,20031.55859375,66136.2890625
524.8070757389069,4,100.0,20241.70703125,66308.87109375
525.8172688484192,4,100.0,20259.08203125,66308.87109375
526.8270397186279,4,99.0,19669.71875,65616.74609375
527.8370442390442,5,0.0,7046.55859375,53344.08984375
528.8471007347107,5,99.9,7405.18359375,53710.0859375
529.8576810359955,3,0.0,6522.2734375,52465.78515625
530.8671565055847,2,97.0,5568.80078125,53163.44921875
531.8778638839722,2,204.0,6646.36328125,52651.41796875
532.8877353668213,2,767.3,7043.2265625,52651.41796875
533.8964004516602,2,221.1,7077.2421875,52651.41796875
534.9056451320648,2,312.6,7161.97265625,52651.41796875
535.9158115386963,2,1868.7,9884.71875,52651.41796875
536.9266321659088,2,3047.2,13398.01953125,52651.41796875
537.9394290447235,2,4650.1,13486.2890625,52651.41796875
538.9628319740295,2,4591.5,13719.953125,52651.41796875
539.9766335487366,2,3722.2,15515.515625,52651.41796875
540.9956429004669,2,4064.8,14886.73046875,52651.41796875
542.0194730758667,2,3526.5,15572.75,52651.41796875
543.0279517173767,2,2442.2,15447.51171875,52651.41796875
544.0352008342743,2,3349.2,15433.9375,52651.41796875
545.0454165935516,2,1078.8,8111.48828125,52651.41796875
546.0538125038147,2,632.8,8246.44921875,52651.41796875
547.060539484024,2,240.3,8097.70703125,52651.41796875
548.0676355361938,2,1122.6,7753.96484375,52651.41796875
549.0767786502838,2,1396.0,9134.80859375,52651.41796875
550.0832195281982,2,2810.8,13087.80078125,52651.41796875
551.0936365127563,2,4604.3,13758.10546875,52651.41796875
552.1146502494812,2,4612.0,14186.77734375,52651.41796875
553.1266453266144,2,3797.9,14687.87890625,52651.41796875
554.1376316547394,2,3702.9,14947.44140625,52651.41796875
555.1479671001434,2,2942.0,15490.859375,52651.41796875
556.1556453704834,2,1919.4,15455.2421875,52651.41796875
557.1632442474365,2,3908.9,15466.55859375,52651.41796875
558.1715559959412,2,634.6,8570.25390625,52875.41796875
559.179981470108,2,1335.6,8280.59765625,52907.41796875
560.1997656822205,2,1367.0,8062.62109375,52907.41796875
561.2070236206055,2,1070.8,9653.421875,52907.41796875
562.2156369686127,2,3875.2,12410.69140625,52907.41796875
563.2346410751343,2,4652.7,13037.63671875,52907.41796875
564.2546389102936,2,4516.5,14017.9453125,52907.41796875
565.2733972072601,2,4039.6,14901.9140625,52907.41796875
566.3122668266296,2,4409.4,14039.54296875,52907.41796875
567.3210031986237,2,3074.0,14442.76171875,52907.41796875
568.3316378593445,2,2590.1,14377.8359375,52907.41796875
569.3410460948944,2,2949.0,14426.44921875,52907.41796875
570.3485405445099,2,1237.7,8606.99609375,52907.41796875
571.3566555976868,2,1003.6,8150.70703125,52907.41796875
572.3690831661224,2,1267.8,7974.921875,52907.41796875
573.3796772956848,2,2051.7,11555.37890625,52907.41796875
574.4116320610046,2,4530.5,12405.7265625,52907.41796875
575.429628610611,2,4593.7,13091.6953125,52907.41796875
576.4416394233704,2,4079.6,13982.1640625,52907.41796875
577.4546778202057,2,4441.4,14784.7578125,52907.41796875
578.4926328659058,2,4334.1,14310.11328125,52907.41796875
579.5106554031372,2,2597.1,14334.3046875,52907.41796875
580.521318435669,2,3099.0,14290.56640625,52907.41796875
581.531729221344,2,1117.5,8026.94921875,52907.41796875
582.5391223430634,2,1292.5,8250.890625,52907.41796875
583.5457556247711,2,1611.6,7994.73046875,52907.41796875
584.5540456771851,2,1068.2,8783.796875,52907.41796875
585.5616331100464,2,3218.3,12397.65234375,52907.41796875
586.5687248706818,2,4635.3,13114.4453125,52907.41796875
587.5886335372925,2,4505.6,13997.62890625,52907.41796875
588.6076774597168,2,3983.5,14914.78515625,52907.41796875
589.6413841247559,2,4535.9,14005.8515625,52907.41796875
590.6513724327087,2,3323.7,14489.0078125,52907.41796875
591.6607232093811,2,2528.6,14256.58984375,52907.41796875
592.6675882339478,2,3111.4,14437.3046875,52907.41796875
593.6766340732574,2,1285.5,8501.6640625,52907.41796875
594.6884002685547,2,796.3,8231.76953125,52907.41796875
595.6967535018921,2,1165.8,8087.46484375,52907.41796875
596.7046377658844,2,1258.6,10500.83984375,52907.41796875
597.7166335582733,2,4518.7,12519.91015625,52907.41796875
598.7346405982971,2,4611.7,13636.66796875,52907.41796875
599.7593312263489,2,4501.5,14298.32421875,52907.41796875
600.7786757946014,2,3886.9,15155.515625,52907.41796875
601.8139188289642,2,4406.1,14268.6953125,52907.41796875
602.8241264820099,2,3124.4,14782.40234375,52907.41796875
603.8338615894318,2,2622.7,14587.69921875,52907.41796875
604.8415675163269,2,3140.5,14756.00390625,52907.41796875
605.8489880561829,2,1371.8,8991.9921875,53163.41796875
606.85715675354,2,841.9,8366.03125,53163.41796875
607.8644254207611,2,1184.8,8149.30078125,53163.41796875
608.8722584247589,2,1460.6,10032.08984375,53163.41796875
609.8839356899261,2,4502.9,11662.04296875,53163.41796875
610.9025645256042,2,4554.7,12763.3203125,53163.41796875
611.9156477451324,2,4251.8,13727.0234375,53163.41796875
612.9276878833771,2,4153.8,14538.50390625,53163.41796875
613.9636337757111,2,4495.0,13711.75390625,53163.41796875
614.9733507633209,2,2895.3,14087.921875,53163.41796875
615.9916949272156,2,2857.8,13941.203125,53163.41796875
617.0020015239716,2,1833.9,7620.38671875,53163.41796875
618.0094585418701,2,1300.3,8810.39453125,53163.41796875
619.0162107944489,2,1195.4,8238.87890625,53163.41796875
620.0260417461395,2,1033.1,7998.73046875,53163.41796875
621.0346357822418,2,3000.9,11484.69140625,53163.41796875
622.0476403236389,2,4481.9,12285.63671875,53163.41796875
623.0676341056824,2,4536.3,13631.60546875,53163.41796875
624.0856719017029,2,3858.1,14429.46875,53163.41796875
625.1196806430817,2,4717.6,14358.4296875,53163.41796875
626.1554396152496,2,3545.0,14120.21484375,53163.41796875
627.1621441841125,2,2576.9,13949.91015625,53163.41796875
628.1696543693542,2,3263.9,14048.23828125,53163.41796875
629.1775372028351,2,1078.7,8864.71484375,53163.41796875
630.1852269172668,2,1088.4,8402.62890625,53163.41796875
631.1912832260132,2,1357.4,8245.96875,53163.41796875
632.1991238594055,2,1025.6,9455.53515625,53163.41796875
633.2076342105865,2,4098.5,11716.57421875,53163.41796875
634.2256414890289,2,4587.8,13450.9921875,53163.41796875
635.2456393241882,2,4466.6,13648.0625,53163.41796875
636.2656662464142,2,3903.4,14494.57421875,53163.41796875
637.3003351688385,2,4444.3,13654.3515625,53163.41796875
638.3136503696442,2,2980.7,14027.59765625,53163.41796875
639.3342506885529,2,2576.8,13962.2734375,53163.41796875
640.3432307243347,2,2958.2,14053.421875,53163.41796875
641.3529946804047,2,1538.0,8828.640625,53163.41796875
642.3616347312927,2,618.6,8364.98046875,53163.41796875
643.3685040473938,2,1274.3,8182.55078125,53163.41796875
644.3760733604431,2,1082.9,10243.80078125,53163.41796875
645.3836352825165,2,4227.2,12612.3046875,53163.41796875
646.4016401767731,2,4604.4,13252.8671875,53163.41796875
647.4211020469666,2,4489.9,14304.1875,53163.41796875
648.4316644668579,2,3892.2,15179.5234375,53163.41796875
649.4670279026031,2,4473.2,14280.83984375,53163.41796875
650.4874608516693,2,3465.1,14787.71484375,53163.41796875
651.4961431026459,2,2621.6,14603.39453125,53163.41796875
652.5034806728363,2,3328.1,14663.50390625,53163.41796875
653.5126307010651,2,1392.0,8657.41796875,53163.41796875
654.5298635959625,2,845.6,8010.98046875,53675.44921875
655.536126613617,2,1233.8,7902.94140625,53163.41796875
656.5456840991974,2,2633.4,12326.73046875,53163.41796875
657.581634759903,2,4526.4,13806.9453125,53163.41796875
658.5994825363159,2,4618.1,15096.62890625,53163.41796875
659.6236410140991,2,4211.4,14511.4921875,53163.41796875
660.6429541110992,2,4002.9,15515.87890625,53163.41796875
661.688146352768,2,4628.4,15433.82421875,53163.41796875
662.7243723869324,2,4652.3,14585.82421875,53163.41796875
663.735755443573,2,3327.8,15082.1953125,53163.41796875
664.7453715801239,2,2748.4,15013.8671875,53163.41796875
665.7522156238556,2,3221.3,15239.234375,53163.41796875
666.7604374885559,2,1727.9,8187.94140625,53163.41796875
667.7686705589294,2,1544.7,11040.21484375,53163.41796875
668.7866337299347,2,4470.5,13062.4609375,53163.41796875
669.8045535087585,2,4654.0,11939.58984375,53163.41796875
670.8186771869659,2,4127.8,13671.4609375,53163.41796875
671.8546807765961,2,4657.0,13634.9765625,53163.41796875
672.8885917663574,2,4772.3,13549.359375,53163.41796875
673.9246423244476,2,2991.6,13257.6171875,53163.41796875
674.943600654602,2,3294.6,13426.6640625,53163.41796875
675.9518301486969,2,1715.3,7310.09375,53163.41796875
676.963632106781,2,1060.2,10809.1328125,53163.41796875
677.9796361923218,2,4458.2,12910.4765625,53163.41796875
678.9936382770538,2,4714.8,14178.1171875,53163.41796875
680.0136799812317,2,4081.6,13551.16796875,53163.41796875
681.047030210495,2,4681.0,12807.20703125,53163.41796875
682.0576772689819,2,4746.5,13491.5234375,53163.41796875
683.0936410427094,2,3142.4,13174.34375,53163.41796875
684.1135129928589,2,3321.1,13282.2890625,53163.41796875
685.1236941814423,2,795.2,7029.98046875,53163.41796875
686.1321623325348,2,600.8,7852.078125,53163.41796875
687.1409821510315,2,1227.7,7601.5625,53163.41796875
688.150114774704,2,2751.2,7986.4375,53163.41796875
689.1586329936981,2,3500.8,10717.71875,53163.41796875
690.1772274971008,2,4605.2,12161.66796875,53163.41796875
691.1904580593109,2,4268.2,13292.1484375,53163.41796875
692.199688911438,2,4226.1,14170.6875,53163.41796875
693.2376325130463,2,4082.3,13811.3671875,53163.41796875
694.2495319843292,2,2347.2,13893.4375,53163.41796875
695.25763463974,2,3379.4,13853.984375,53163.41796875
696.2703065872192,2,601.2,7539.78515625,53163.41796875
697.2796745300293,2,838.4,8555.33984375,53163.41796875
698.2886483669281,2,1118.3,8006.19140625,53163.41796875
699.2999210357666,2,2675.4,8703.0078125,53163.41796875
700.3086321353912,2,4034.4,10600.265625,53163.41796875
701.3276546001434,2,4546.6,12007.56640625,53163.41796875
702.3410174846649,2,4184.1,13151.07421875,53163.41796875
703.3596594333649,2,4430.3,13904.40234375,53163.41796875
704.3954699039459,2,3377.0,13621.2265625,53163.41796875
705.4025957584381,2,2421.8,13512.4921875,53163.41796875
706.4092800617218,2,2928.4,13597.84765625,53163.41796875
707.4156472682953,2,1361.3,9155.06640625,53163.41796875
708.4338645935059,2,943.2,8280.53515625,53163.41796875
709.4420006275177,2,1027.5,8064.86328125,53163.41796875
710.449319601059,2,2410.2,8394.5625,53163.41796875
711.4576351642609,2,3959.1,10404.859375,53163.41796875
712.4755742549896,2,4507.8,11574.01953125,53163.41796875
713.4849405288696,2,4519.8,13022.98828125,53163.41796875
714.4976382255554,2,3523.3,13268.65234375,53163.41796875
715.5167353153229,2,3556.9,13844.296875,53163.41796875
716.5239255428314,2,2354.9,13648.0078125,53163.41796875
717.5307683944702,2,3606.0,13716.22265625,53163.41796875
718.5403368473053,2,596.8,8677.96875,53163.41796875
719.548978805542,2,1444.7,8397.984375,53163.41796875
720.5566444396973,2,1051.4,8203.34375,53163.41796875
721.563633441925,2,1606.6,7902.953125,53163.41796875
722.6217348575592,2,3137.8,10660.515625,53163.41796875
723.6346387863159,2,4319.4,11651.47265625,53163.41796875
724.6546449661255,2,4703.0,14470.5546875,53163.41796875
725.666633605957,2,4341.5,14509.72265625,53163.41796875
726.6856844425201,2,3966.9,15673.63671875,53163.41796875
727.7196245193481,2,3773.6,14975.5546875,53163.41796875
728.7296841144562,2,3075.1,16014.82421875,53163.41796875
729.7383589744568,2,2251.8,15995.44140625,53163.41796875
730.7456347942352,2,3255.3,16032.40625,53163.41796875
731.7553963661194,2,1699.1,16431.62890625,53163.41796875
732.7666337490082,2,1359.6,8617.58984375,53163.41796875
733.7828764915466,2,924.0,8210.04296875,53163.41796875
734.7904071807861,2,1063.8,8104.21875,53163.41796875
735.7980563640594,2,2514.1,7881.1484375,53163.41796875
736.8326380252838,2,3391.2,10869.875,53163.41796875
737.8526422977448,2,4474.7,12588.8359375,53163.41796875
738.8726372718811,2,4376.7,13086.296875,53163.41796875
739.8928644657135,2,4369.5,14686.90234375,53163.41796875
740.9036431312561,2,3482.8,15105.19140625,53163.41796875
741.9234175682068,2,3955.5,15720.91796875,53163.41796875
742.930445432663,2,2229.8,15945.71875,53163.41796875
743.9395318031311,2,2437.2,16049.890625,53163.41796875
744.9502387046814,2,2705.4,16260.0,53163.41796875
745.9580361843109,2,667.9,8698.26171875,53483.41796875
746.974839925766,2,1426.6,8345.90625,53483.41796875
747.9855449199677,2,938.3,8165.71875,53483.41796875
748.9958655834198,2,1403.6,7986.48046875,53483.41796875
750.0223340988159,2,3617.0,10390.2109375,53483.41796875
751.0401470661163,2,4543.5,11824.42578125,53483.41796875
752.0606451034546,2,4409.5,13105.47265625,53483.41796875
753.0806827545166,2,4025.2,14159.875,53483.41796875
754.1208539009094,2,3929.5,13815.890625,53483.41796875
755.1317849159241,2,2570.4,13964.16796875,53483.41796875
756.1406359672546,2,3092.3,13933.22265625,53483.41796875
757.1508584022522,2,1380.0,8172.25,53483.41796875
758.1594378948212,2,1625.2,8506.41015625,53483.41796875
759.1722598075867,2,964.3,8344.51953125,53483.41796875
760.1802339553833,2,2500.3,8098.8359375,53483.41796875
761.2345960140228,2,3506.1,10699.34375,53483.41796875
762.2486419677734,2,4474.2,12542.2265625,53483.41796875
763.2682554721832,2,4454.7,13055.28125,53483.41796875
764.2749364376068,2,3937.3,13675.68359375,53483.41796875
765.2846307754517,2,3835.6,13806.63671875,53483.41796875
766.2958598136902,2,3033.4,14401.5859375,53483.41796875
767.3046369552612,2,1920.1,14239.41015625,53483.41796875
768.3129489421844,2,3564.1,14483.34765625,53483.41796875
769.3206830024719,2,1058.5,9038.92578125,53483.41796875
770.3286826610565,2,1331.6,8295.08984375,53483.41796875
771.336498260498,2,668.1,8125.65625,53483.41796875
772.3438336849213,2,962.2,7906.80859375,53483.41796875
773.3509650230408,2,3215.8,9577.08984375,53483.41796875
774.3686425685883,2,4515.3,11166.859375,53483.41796875
775.388637304306,2,4587.3,11807.21484375,53483.41796875
776.4010481834412,2,4359.7,13018.125,53483.41796875
777.4116322994232,2,3582.5,13237.203125,53483.41796875
778.4214737415314,2,2706.4,13890.51171875,53483.41796875
779.4306395053864,2,2396.9,13936.46484375,53483.41796875
780.4440801143646,2,2504.9,7332.9765625,53995.42578125
781.4519715309143,2,1522.0,9244.57421875,53483.41796875
782.4605269432068,2,880.7,8110.328125,53483.41796875
783.4676566123962,2,763.3,7995.02734375,53483.41796875
784.4766340255737,2,1795.2,7811.83203125,53483.41796875
785.5281898975372,2,3719.4,10070.546875,53483.41796875
786.5446407794952,2,4592.7,12476.51953125,53483.41796875
787.5642621517181,2,4521.5,12892.203125,53483.41796875
788.583642244339,2,3775.5,13199.71875,53483.41796875
789.6081919670105,2,3962.9,13859.69921875,53483.41796875
790.6181416511536,2,1868.0,13927.55859375,53483.41796875
791.6293046474457,2,3423.2,13994.46484375,53483.41796875
792.6433477401733,2,708.9,8179.31640625,53483.41796875
793.6518878936768,2,1624.7,8317.4609375,53483.41796875
794.6601023674011,2,880.4,8182.27734375,53483.41796875
795.671638250351,2,901.8,8024.890625,53483.41796875
796.6979513168335,2,2658.7,8866.28515625,53483.41796875
797.706634759903,2,4320.5,10505.79296875,53483.41796875
798.7176463603973,2,4629.0,12556.53125,53483.41796875
799.7436375617981,2,4437.8,13062.765625,53483.41796875
800.7618174552917,2,3431.5,13434.80078125,53483.41796875
801.7767863273621,2,3635.1,14114.703125,53483.41796875
802.7874991893768,2,2038.0,14055.77734375,53483.41796875
803.7962915897369,2,3597.6,14225.359375,53483.41796875
804.8055620193481,2,492.1,8333.359375,53483.41796875
805.813481092453,2,1669.0,8423.37109375,53483.41796875
806.8216359615326,2,1086.9,8276.33984375,53483.41796875
807.8386409282684,2,1712.3,8072.21484375,53483.41796875
808.8956341743469,2,3572.9,10559.74609375,53483.41796875
809.9136402606964,2,4548.5,12364.828125,53483.41796875
810.9388933181763,2,4269.9,13057.3203125,53483.41796875
811.9563977718353,2,4015.5,14018.87890625,53483.41796875
812.9916412830353,2,3885.6,13769.33203125,53483.41796875
814.0012667179108,2,2288.5,13904.13671875,53483.41796875
815.0093340873718,2,3097.1,13824.74609375,53483.41796875
816.019647359848,2,1332.0,8211.32421875,53483.41796875
817.027018070221,2,1618.6,9201.390625,53483.41796875
818.0348057746887,2,770.0,8356.0,53483.41796875
819.0412473678589,2,1291.4,8094.203125,53483.41796875
820.0486445426941,2,3268.9,10240.23828125,53483.41796875
821.0678193569183,2,4442.4,11471.6640625,53483.41796875
822.0876455307007,2,4606.3,13105.078125,53483.41796875
823.1013376712799,2,3933.3,13497.015625,53483.41796875
824.1083219051361,2,3978.3,13558.34375,53483.41796875
825.1219160556793,2,3024.7,14061.484375,53483.41796875
826.1286377906799,2,2359.9,14074.0,53483.41796875
827.1479728221893,2,2773.7,7714.375,53995.42578125
828.1558876037598,2,1613.6,9237.6328125,53483.41796875
829.1635966300964,2,643.8,8436.0859375,53483.41796875
830.1746542453766,2,1040.2,8174.9609375,53483.41796875
831.1939995288849,2,2255.1,8932.46875,53483.41796875
832.2026333808899,2,4039.5,10920.3203125,53483.41796875
833.220460653305,2,4601.0,12938.39453125,53483.41796875
834.2441980838776,2,4454.3,13405.14453125,53483.41796875
835.2636406421661,2,3634.7,13608.25,53483.41796875
836.2834436893463,2,3816.6,14230.80078125,53483.41796875
837.2936511039734,2,2263.7,14154.31640625,53483.41796875
838.3026320934296,2,3533.1,14062.03125,53483.41796875
839.3172700405121,2,743.4,8609.8671875,53483.41796875
840.3259282112122,2,1701.3,8637.71875,53483.41796875
841.3333239555359,2,852.5,8411.6328125,53483.41796875
842.3386971950531,2,1289.2,8184.14453125,53483.41796875
843.3466579914093,2,3061.6,10140.23828125,53483.41796875
844.3936364650726,2,4416.2,11568.5546875,53483.41796875
845.4026427268982,2,4607.1,14432.26171875,53483.41796875
846.4226367473602,2,4320.1,14854.1953125,53483.41796875
847.443642616272,2,4086.7,15199.484375,53483.41796875
848.454647064209,2,3641.9,15392.6015625,53483.41796875
849.4749321937561,2,3703.3,16384.078125,53483.41796875
850.4831192493439,2,2214.5,16230.65625,53483.41796875
851.4917633533478,2,2721.4,16398.375,53483.41796875
852.5022485256195,2,2328.5,16674.10546875,53483.41796875
853.5096335411072,2,908.4,8942.3125,53483.41796875
854.5268640518188,2,1216.4,8608.81640625,53483.41796875
855.5354151725769,2,826.0,8368.6796875,53483.41796875
856.5438950061798,2,1365.2,8151.8984375,53483.41796875
857.5656657218933,2,2950.2,9914.23828125,53483.41796875
858.5765643119812,2,4452.9,11393.25390625,53483.41796875
859.599632024765,2,4597.6,12527.26953125,53483.41796875
860.610273361206,2,4280.0,13671.80078125,53483.41796875
861.619811296463,2,3721.2,13830.69921875,53483.41796875
862.6394739151001,2,3197.5,14427.15234375,53483.41796875
863.6489391326904,2,2313.7,14250.15625,53483.41796875
864.6566364765167,2,3377.2,14273.09765625,53483.41796875
865.664632320404,2,1336.0,9313.55078125,53483.41796875
866.6808133125305,2,930.0,8525.6171875,53483.41796875
867.6872081756592,2,851.5,8328.0,53483.41796875
868.6946356296539,2,1848.8,8175.73046875,53483.41796875
869.7527604103088,2,3458.1,10849.76953125,53483.41796875
870.7705497741699,2,4558.0,12592.1328125,53483.41796875
871.7941012382507,2,4480.9,13364.90234375,53483.41796875
872.8119449615479,2,3960.0,13637.30078125,53483.41796875
873.8316352367401,2,3864.4,14082.34375,53483.41796875
874.8402528762817,2,2375.5,14131.3515625,53483.41796875
875.8496334552765,2,2903.9,14149.03125,53483.41796875
876.8645102977753,2,1675.4,8018.5390625,53483.41796875
877.8727829456329,2,1633.4,9754.84765625,53483.41796875
878.8817358016968,2,699.2,8603.16796875,53483.41796875
879.8900518417358,2,1347.4,8313.125,53483.41796875
880.8980312347412,2,2262.3,9815.87890625,53483.41796875
881.9086339473724,2,4396.0,11679.1484375,53483.41796875
882.9216434955597,2,4600.1,13717.5546875,53483.41796875
883.9464547634125,2,4173.2,14278.7265625,53483.41796875
884.9634182453156,2,4182.8,15058.0234375,53483.41796875
885.9736444950104,2,3688.2,15409.99609375,53483.41796875
886.9936335086823,2,4022.8,15992.51171875,53483.41796875
888.0086510181427,2,2261.9,16290.14453125,53483.41796875
889.0163569450378,2,2322.1,16405.46484375,53483.41796875
890.0280818939209,2,2912.7,16588.3203125,53483.41796875
891.0360097885132,2,642.1,8417.54296875,53483.41796875
892.0446312427521,2,1655.9,9022.13671875,53483.41796875
893.0514495372772,2,604.9,8311.0078125,53483.41796875
894.0597541332245,2,1239.9,8159.26171875,53483.41796875
895.0689129829407,2,2296.8,9383.39453125,53483.41796875
896.079845905304,2,4438.6,11056.0625,53483.41796875
897.0988981723785,2,4597.2,12429.15625,53483.41796875
898.1107485294342,2,4160.9,13523.4375,53483.41796875
899.1204528808594,2,3752.9,13691.60546875,53483.41796875
900.1301009654999,2,2944.7,14171.78515625,53483.41796875
901.1416320800781,2,2293.7,14214.0390625,53483.41796875
902.1555199623108,2,2823.3,9642.08984375,53483.41796875
903.1627366542816,2,1677.6,9998.75,53483.41796875
904.1707468032837,2,414.8,8815.7109375,53483.41796875
905.178466796875,2,2043.1,8635.14453125,53483.41796875
906.2086334228516,2,3194.0,11958.89453125,53483.41796875
907.2265517711639,2,4599.6,13427.65234375,53483.41796875
908.2502043247223,2,4453.2,14275.87890625,53483.41796875
909.260669708252,2,4229.2,15089.359375,53483.41796875
910.3007159233093,2,4243.0,14259.19140625,53483.41796875
911.32164478302,2,3098.0,14622.41796875,53483.41796875
912.3423416614532,2,2534.6,14576.76171875,53483.41796875
913.3523101806641,2,2484.0,8224.2734375,53995.42578125
914.3610501289368,2,1722.6,9813.91796875,53483.41796875
915.370059967041,2,944.2,8673.60546875,53483.41796875
916.3772382736206,2,1506.8,11462.578125,53483.41796875
917.384640455246,2,4275.7,14085.515625,53483.41796875
918.3976397514343,2,4542.6,14293.84375,53483.41796875
919.4066345691681,2,4571.9,14008.79296875,53483.41796875
920.4235723018646,2,3980.7,15227.90234375,53483.41796875
921.4296793937683,2,4737.6,15882.703125,53483.41796875
922.4656779766083,2,4632.7,15806.66796875,53483.41796875
923.5016362667084,2,4107.2,15382.75390625,53483.41796875
924.5196423530579,2,2824.1,15512.7421875,53483.41796875
925.5286321640015,2,3279.4,15522.16015625,53483.41796875
926.5387382507324,2,755.2,8639.3984375,53483.41796875
927.5491337776184,2,1740.3,8627.8984375,53483.41796875
928.5603578090668,2,1151.6,8445.734375,53483.41796875
929.5688467025757,2,3138.0,11574.47265625,53483.41796875
930.5806303024292,2,4503.9,12646.55078125,53483.41796875
931.5997867584229,2,4545.7,13872.203125,53483.41796875
932.6126852035522,2,4018.4,15381.359375,53483.41796875
933.645674943924,2,4720.3,15364.21484375,53483.41796875
934.6811995506287,2,3936.3,15014.35546875,53483.41796875
935.6907894611359,2,2477.1,15062.37890625,53483.41796875
936.6993486881256,2,3149.8,14893.6640625,53483.41796875
937.709260225296,2,1047.2,8824.078125,53483.41796875
938.7165298461914,2,1788.2,8731.84765625,53483.41796875
939.7269771099091,2,1474.7,8503.98046875,53483.41796875
940.7591547966003,2,3165.2,11996.8671875,53483.41796875
941.7727556228638,2,4561.3,12645.92578125,53483.41796875
942.7948479652405,2,4475.6,13895.97265625,53483.41796875
943.8085730075836,2,4232.5,14656.5390625,53483.41796875
944.8386330604553,2,4137.9,13890.76953125,53483.41796875
945.8496344089508,2,3118.3,14318.296875,53483.41796875
946.8696446418762,2,2729.6,14344.6875,53483.41796875
947.8803503513336,2,1939.1,7988.96484375,53867.41796875
948.8878910541534,2,1756.8,9872.6484375,53867.41796875
949.8961839675903,2,1090.8,8649.36328125,53867.41796875
950.9178078174591,2,2250.9,10658.0390625,53867.41796875
951.9314911365509,2,4510.3,12359.24609375,53867.41796875
952.9496395587921,2,4538.3,13354.44140625,53867.41796875
953.9632487297058,2,4189.3,14500.703125,53867.41796875
954.9726777076721,2,4497.1,15156.48828125,53867.41796875
956.011773109436,2,3982.0,14729.22265625,53867.41796875
957.0191650390625,2,2762.9,14823.6328125,53867.41796875
958.0296347141266,2,2977.1,14709.32421875,53867.41796875
959.0404131412506,2,1282.1,9053.7109375,53867.41796875
960.0479421615601,2,1830.1,9099.078125,53867.41796875
961.0561845302582,2,1155.5,8861.96484375,53867.41796875
962.0646719932556,2,2396.0,12144.79296875,53867.41796875
963.0984892845154,2,4460.9,14483.68359375,53867.41796875
964.116405248642,2,4669.3,15132.31640625,53867.41796875
965.1416330337524,2,4348.5,15309.62109375,53867.41796875
966.1595416069031,2,4200.9,16144.80078125,53867.41796875
967.1986784934998,2,4699.3,16099.890625,53867.41796875
968.2346625328064,2,4766.5,15744.859375,53867.41796875
969.2565383911133,2,3160.7,15753.03515625,53867.41796875
970.2658877372742,2,2802.2,15685.734375,53867.41796875
971.2737822532654,2,2856.2,15923.15234375,53867.41796875
972.2816708087921,2,1571.3,9354.4140625,53867.41796875
973.292373418808,2,1037.9,8760.29296875,53867.41796875
974.3010404109955,2,1602.0,10646.5,53867.41796875
975.3091135025024,2,3653.4,13621.6875,53867.41796875
976.3285963535309,2,4610.8,14359.33984375,53867.41796875
977.3476433753967,2,4543.2,13868.46484375,53867.41796875
978.3596487045288,2,4273.5,15184.7734375,53867.41796875
979.3706722259521,2,4488.4,16018.23046875,53867.41796875
980.4066705703735,2,4669.1,15945.03125,53867.41796875
981.4422211647034,2,4260.4,15224.43359375,53867.41796875
982.4526517391205,2,3013.8,15664.44921875,53867.41796875
983.474057674408,2,2959.5,15706.109375,53867.41796875
984.4847202301025,2,2028.0,7660.1796875,53867.41796875
985.4976348876953,2,2247.2,7960.23046875,53867.41796875
986.5112738609314,2,2337.1,8754.1171875,53867.41796875
987.5184578895569,2,1743.0,7936.66796875,55722.5859375
988.526953458786,2,949.7,8524.0390625,53674.5703125
989.5356585979462,2,2833.1,10412.69921875,53674.5703125
990.5509016513824,2,4306.6,11671.1796875,60842.5703125
991.5616421699524,2,4654.9,16905.1875,60882.5703125
992.5871498584747,2,4241.3,15305.91015625,60882.5703125
993.6056451797485,2,3958.9,15543.55078125,60882.5703125
994.6191174983978,2,3500.8,15724.9296875,60882.5703125
995.6272029876709,2,3628.6,16542.828125,60882.5703125
996.6357192993164,2,1604.0,16936.41015625,60882.5703125
997.6466355323792,2,1958.4,17057.8828125,60882.5703125
998.6650960445404,2,3610.7,17305.375,60882.5703125
999.6725234985352,2,591.6,9375.90625,62930.5859375
1000.6798968315125,2,986.6,9014.12890625,60882.5703125
1001.6874828338623,2,2849.9,10261.59765625,60882.5703125
1002.6966361999512,2,3931.3,12965.99609375,60882.5703125
1003.7147550582886,2,4492.1,14588.40234375,60882.5703125
1004.7356402873993,2,4648.3,19281.38671875,69074.5703125
1005.7603988647461,2,4409.4,17133.87890625,69122.5703125
1006.7752838134766,2,4230.9,18894.609375,69122.5703125
1007.7851440906525,2,4564.4,18977.81640625,69122.5703125
1008.8034498691559,2,3461.5,19277.09375,69122.5703125
1009.8291583061218,2,3603.5,19592.23046875,69122.5703125
1010.8534200191498,2,3814.7,20373.88671875,69122.5703125
1011.8655622005463,2,2589.1,20929.65234375,69122.5703125
1012.8726460933685,2,1777.4,20961.23828125,69122.5703125
1013.8791625499725,2,1549.6,20848.5625,69122.5703125
1014.8866336345673,2,4143.0,21100.5625,69122.5703125
1015.89692902565,2,1783.8,21449.73828125,69122.5703125
1016.9050078392029,2,741.5,8161.14453125,69122.5703125
1017.9126319885254,2,2343.5,8807.5859375,69122.5703125
1018.9537236690521,2,3208.2,12123.2734375,69122.5703125
1019.9726324081421,2,4301.0,12775.18359375,69122.5703125
1020.990642786026,2,4626.0,18002.75,69122.5703125
1022.0160603523254,2,4654.5,16721.14453125,69122.5703125
1023.0366351604462,2,4262.4,18527.2109375,69122.5703125
1024.0546321868896,2,4533.3,18672.37109375,69122.5703125
1025.0726399421692,2,3121.5,19096.421875,69122.5703125
1026.095726966858,2,3756.9,19108.6484375,69122.5703125
1027.1056327819824,2,4258.8,20039.43359375,69122.5703125
1028.1186690330505,2,1594.5,20346.69921875,69122.5703125
1029.1263847351074,2,1823.1,20201.015625,69122.5703125
1030.132639169693,2,2330.1,20364.32421875,69122.5703125
1031.1434681415558,2,3606.8,20636.44140625,69122.5703125
1032.1521580219269,2,572.8,9342.296875,71170.5859375
1033.159430027008,2,1027.2,8737.98828125,69122.5703125
1034.1670625209808,2,3115.5,10746.33203125,69122.5703125
1035.1836340427399,2,4396.6,12650.6640625,69122.5703125
1036.2026505470276,2,4535.2,15666.875,69122.5703125
1037.2226412296295,2,4661.8,21480.68359375,69122.5703125
1038.2476699352264,2,4456.9,17335.890625,69122.5703125
1039.2685606479645,2,4442.8,18471.640625,69122.5703125
1040.2920818328857,2,3585.5,18866.33984375,69122.5703125
1041.3157739639282,2,3735.1,19086.22265625,69122.5703125
1042.3259427547455,2,4096.4,19661.7421875,69122.5703125
1043.333595275879,2,2516.9,20353.48828125,69122.5703125
1044.345017194748,2,1693.4,20357.36328125,69122.5703125
1045.3534367084503,2,1583.4,20363.51171875,69122.5703125
1046.3666362762451,2,4586.1,20331.5390625,69122.5703125
1047.3767800331116,2,1064.0,20792.7734375,69122.5703125
1048.3846323490143,2,937.9,8587.2109375,69122.5703125
1049.3928813934326,2,2474.1,9638.7734375,69122.5703125
1050.402645111084,2,3706.5,12547.62890625,69122.5703125
1051.4206500053406,2,4502.5,14546.07421875,69122.5703125
1052.4406402111053,2,4662.9,19033.4140625,69122.5703125
1053.4647686481476,2,4464.0,15855.44140625,69122.5703125
1054.4782037734985,2,4434.6,18359.5703125,69122.5703125
1055.49631857872,2,4185.8,18641.14453125,69122.5703125
1056.5056490898132,2,3489.6,19044.23828125,69122.5703125
1057.5306334495544,2,3705.5,19273.546875,69122.5703125
1058.5403020381927,2,3632.5,20435.12109375,69122.5703125
1059.5469427108765,2,1476.0,20348.4765625,69122.5703125
1060.5566337108612,2,1735.0,20262.69921875,69122.5703125
1061.5696349143982,2,3419.3,20448.30859375,69122.5703125
1062.585056066513,2,2345.2,20828.875,69122.5703125
1063.593321800232,2,563.0,8253.81640625,69122.5703125
1064.6004748344421,2,928.8,9347.79296875,69122.5703125
1065.6083779335022,2,3487.7,10452.90234375,69122.5703125
1066.6176431179047,2,3361.4,13998.44921875,69122.5703125
1067.6326310634613,2,4382.5,14676.38671875,69122.5703125
1068.658626794815,2,4597.3,18637.13671875,69122.5703125
1069.685638666153,2,4657.9,24079.80078125,69122.5703125
1070.7220602035522,2,4435.8,17818.62890625,79362.5703125
1071.7356312274933,2,4420.2,20593.05078125,79362.5703125
1072.7536420822144,2,4497.3,20709.3125,79362.5703125
1073.7736568450928,2,3195.7,20901.54296875,79362.5703125
1074.7980461120605,2,3393.8,21103.140625,79362.5703125
1075.8066341876984,2,4046.1,21573.0078125,79362.5703125
1076.816999912262,2,3194.0,22678.16796875,79362.5703125
1077.8249456882477,2,1615.9,22523.88671875,79362.5703125
1078.8312456607819,2,1858.7,22458.37109375,79362.5703125
1079.8436377048492,2,2820.8,22735.6875,79362.5703125
1080.8539853096008,2,3412.4,22963.2890625,79362.5703125
1081.8614156246185,2,637.4,9309.0546875,81410.5859375
1082.87011885643,2,902.5,9276.0390625,79362.5703125
1083.8796348571777,2,2959.3,9564.53125,79362.5703125
1084.9076404571533,2,2736.5,13310.97265625,79362.5703125
1085.9198384284973,2,4366.0,14622.84765625,79362.5703125
1086.92764377594,2,4595.4,17310.7421875,79362.5703125
1087.9476373195648,2,4689.7,22448.0546875,79362.5703125
1088.9720306396484,2,4489.9,16898.77734375,79362.5703125
1089.9876341819763,2,4414.2,20613.54296875,79362.5703125
1091.0138065814972,2,4535.2,20787.984375,79362.5703125
1092.0326540470123,2,3363.1,21019.9296875,79362.5703125
1093.0586369037628,2,3392.1,21204.98046875,79362.5703125
1094.0786383152008,2,3357.0,21340.7265625,79362.5703125
1095.089021205902,2,4194.4,22351.75,79362.5703125
1096.0971529483795,2,1657.6,22645.93359375,79362.5703125
1097.1066360473633,2,1811.2,22687.74609375,79362.5703125
1098.1228275299072,2,1586.1,22726.36328125,79362.5703125
1099.1386361122131,2,4582.9,22728.421875,79362.5703125
1100.1486349105835,2,1208.6,23139.35546875,79362.5703125
1101.156949520111,2,606.7,8695.859375,79362.5703125
1102.164108991623,2,1506.4,9564.0,79362.5703125
1103.2156326770782,2,2765.1,11893.5,79362.5703125
1104.2256338596344,2,4448.9,14426.37109375,79362.5703125
1105.2446475028992,2,4483.6,15531.0,79362.5703125
1106.2656433582306,2,4663.8,20202.484375,79362.5703125
1107.2897245883942,2,4643.1,25133.234375,79362.5703125
1108.3080744743347,2,4433.0,19276.70703125,79362.5703125
1109.3216416835785,2,4468.0,20614.6796875,79362.5703125
1110.3410911560059,2,3968.0,20927.63671875,79362.5703125
1111.349044561386,2,3020.5,21174.796875,79362.5703125
1112.3577382564545,2,3792.8,21293.4609375,79362.5703125
1113.3676357269287,2,4106.5,22182.234375,79362.5703125
1114.3866438865662,2,2333.5,22736.41796875,79362.5703125
1115.3944659233093,2,1593.8,22795.6171875,79362.5703125
1116.4020533561707,2,1711.0,22617.41796875,79362.5703125
1117.408635377884,2,3532.0,22873.74609375,79362.5703125
1118.4234158992767,2,2682.9,23072.55078125,79362.5703125
1119.4319474697113,2,487.5,7951.64453125,79362.5703125
1120.439139842987,2,990.8,9291.28515625,79362.5703125
1121.4464678764343,2,3514.0,9842.30859375,79362.5703125
1122.4540629386902,2,2945.3,13862.88671875,79362.5703125
1123.4666345119476,2,4357.6,14641.6015625,79362.5703125
1124.4856429100037,2,4614.7,18136.66796875,79362.5703125
1125.5101852416992,2,4671.7,23235.09375,79362.5703125
1126.5376448631287,2,4477.6,17785.6171875,79362.5703125
1127.5536341667175,2,4443.7,20511.515625,79362.5703125
1128.5716433525085,2,4515.2,20720.97265625,79362.5703125
1129.5916566848755,2,3214.9,20945.69921875,79362.5703125
1130.6162464618683,2,3421.2,20957.1328125,79362.5703125
1131.6266362667084,2,3559.8,21449.71875,79362.5703125
1132.6408956050873,2,3716.0,22626.5,79362.5703125
1133.6490519046783,2,1524.4,22546.05859375,79362.5703125
1134.660641670227,2,1867.1,22422.921875,79362.5703125
1135.6766331195831,2,2016.4,22661.703125,79362.5703125
1136.7074151039124,2,4420.3,22889.61328125,79362.5703125
1137.7153761386871,2,681.0,7957.17578125,81410.5859375
1138.7226696014404,2,702.2,9065.14453125,79362.5703125
1139.7316336631775,2,2236.8,9559.23046875,79362.5703125
1140.7797458171844,2,2754.7,12883.03125,79362.5703125
1141.798639535904,2,4434.3,14505.74609375,79362.5703125
1142.806639432907,2,4516.3,16701.66796875,79362.5703125
1143.830757856369,2,4668.6,21264.5234375,79362.5703125
1144.8506395816803,2,4652.9,19618.85546875,79362.5703125
1145.8651485443115,2,4441.3,20238.3828125,79362.5703125
1146.8836324214935,2,4368.9,20577.328125,79362.5703125
1147.9026386737823,2,3431.4,20898.33984375,79362.5703125
1148.9155135154724,2,3573.0,21034.87109375,79362.5703125
1149.9246408939362,2,3470.1,21226.15625,79362.5703125
1150.948875427246,2,4373.1,22158.859375,79362.5703125
1151.9596333503723,2,1696.2,22660.51171875,79362.5703125
1152.974844455719,2,1781.3,22544.2265625,79362.5703125
1153.9836583137512,2,1540.4,22710.57421875,79362.5703125
1155.0016367435455,2,4573.6,22775.29296875,79362.5703125
1156.01860165596,2,1254.6,23136.24609375,79362.5703125
1157.0266342163086,2,633.6,8686.25,79362.5703125
1158.0346355438232,2,1371.5,9616.19921875,79362.5703125
1159.0830104351044,2,2707.4,12048.38671875,79362.5703125
1160.0905122756958,2,3822.1,14807.10546875,79362.5703125
1161.1053941249847,2,4164.6,15944.43359375,79362.5703125
1162.1116471290588,2,4516.2,18642.9453125,79362.5703125
1163.1362166404724,2,4661.4,22662.0625,79362.5703125
1164.1596584320068,2,4642.1,27979.140625,79418.5703125
1165.1806464195251,2,4401.8,24878.71875,79418.5703125
1166.1936690807343,2,4266.2,23099.890625,79418.5703125
1167.2176342010498,2,4273.6,24757.515625,79418.5703125
1168.2366337776184,2,4507.5,24959.3046875,79418.5703125
1169.2547087669373,2,4004.8,25271.109375,79418.5703125
1170.2613728046417,2,3174.3,25778.89453125,79418.5703125
1171.2806878089905,2,4645.8,25623.16796875,79418.5703125
1172.289632320404,2,3510.6,26055.91796875,79418.5703125
1173.3046352863312,2,3666.9,27414.51171875,79418.5703125
1174.3165340423584,2,2307.7,28412.48046875,79418.5703125
1175.3239414691925,2,1747.5,28388.1875,79418.5703125
1176.3294405937195,2,2070.7,28422.828125,79418.5703125
1177.3368122577667,2,1890.3,28571.390625,79418.5703125
1178.3489863872528,2,4504.9,29075.34375,79418.5703125
1179.3669893741608,2,1579.6,29432.90625,79418.5703125
1180.3753066062927,2,757.1,29729.8984375,79418.5703125
1181.3818011283875,2,731.5,8286.734375,79418.5703125
1182.3894119262695,2,2125.6,9612.44140625,79418.5703125
1183.397438287735,2,4069.4,11549.71875,79418.5703125
1184.4151735305786,2,4631.7,16056.19140625,79418.5703125
1185.43896484375,2,4261.0,15079.87109375,79418.5703125
1186.4486396312714,2,4067.1,15507.76953125,79418.5703125
1187.4626441001892,2,3161.3,15699.34765625,79418.5703125
1188.4786367416382,2,3754.5,16657.94140625,79418.5703125
1189.4925510883331,2,1534.7,16835.42578125,79418.5703125
1190.4995732307434,2,2040.4,16912.22265625,79418.5703125
1191.5084087848663,2,3135.2,17223.5703125,79418.5703125
1192.5159499645233,2,595.8,8004.28515625,79418.5703125
1193.5246365070343,2,2163.7,8825.4453125,79418.5703125
1194.5526323318481,2,3383.3,11518.234375,79418.5703125
1195.5707235336304,2,4559.8,14970.15234375,79418.5703125
1196.5901155471802,2,4514.8,14370.02734375,79418.5703125
1197.6027963161469,2,4286.9,15424.64453125,79418.5703125
1198.6125421524048,2,3149.0,15663.859375,79418.5703125
1199.6361336708069,2,3743.6,16358.13671875,79418.5703125
1200.6540286540985,2,2037.1,16815.42578125,79418.5703125
1201.6626365184784,2,1558.6,16702.97265625,79418.5703125
1202.671065568924,2,3852.4,17142.15234375,79418.5703125
1203.6784253120422,2,657.4,8685.5234375,81466.5859375
1204.6870205402374,2,874.0,9429.65625,79418.5703125
1205.6956310272217,2,2471.2,9737.46484375,79418.5703125
1206.7393577098846,2,2406.2,13456.25,79418.5703125
1207.752632856369,2,4346.7,15614.90625,79418.5703125
1208.7706408500671,2,4383.1,16086.390625,79418.5703125
1209.790641784668,2,4588.9,20509.140625,79418.5703125
1210.810636997223,2,4649.3,25851.30859375,79418.5703125
1211.8306024074554,2,4615.6,31205.1953125,79418.5703125
1212.8541219234467,2,4261.3,20559.765625,79418.5703125
1213.8786375522614,2,4216.7,24844.17578125,79418.5703125
1214.8967306613922,2,4682.8,24798.34375,79418.5703125
1215.9166359901428,2,4362.0,25220.59765625,79418.5703125
1216.9352831840515,2,3637.2,25466.11328125,79418.5703125
1217.9614975452423,2,3709.5,25850.6171875,79418.5703125
1218.9856429100037,2,3485.8,25905.33203125,79418.5703125
1219.9982221126556,2,4182.6,27269.83203125,79418.5703125
1221.016154050827,2,2850.6,28373.43359375,79418.5703125
1222.02463388443,2,1693.2,28205.390625,79418.5703125
1223.0371363162994,2,1868.5,28293.953125,79418.5703125
1224.0476031303406,2,1315.4,28195.1640625,79418.5703125
1225.054636478424,2,4246.7,28713.82421875,79418.5703125
1226.0646679401398,2,2802.9,29261.140625,79418.5703125
1227.0727925300598,2,643.9,29524.02734375,79418.5703125
1228.080632686615,2,481.5,7999.8359375,79418.5703125
1229.0880115032196,2,1057.1,9098.71484375,79418.5703125
1230.0945346355438,2,2795.9,11707.73046875,79418.5703125
1231.1066329479218,2,4446.2,14130.2734375,79418.5703125
1232.1246421337128,2,4482.0,15989.53515625,79418.5703125
1233.14963722229,2,4653.9,20156.9609375,79418.5703125
1234.1696457862854,2,4632.6,19452.71484375,79418.5703125
1235.1883473396301,2,4443.2,19952.51953125,79418.5703125
1236.200633764267,2,4307.3,20382.0390625,79418.5703125
1237.218658208847,2,3620.8,20644.2578125,79418.5703125
1238.244832277298,2,4138.7,20720.6875,79418.5703125
1239.2530844211578,2,3731.8,21296.9296875,79418.5703125
1240.2640266418457,2,3184.7,22343.0078125,79418.5703125
1241.2716348171234,2,1657.7,22172.27734375,79418.5703125
1242.2777762413025,2,1747.9,22172.40234375,79418.5703125
1243.285790681839,2,3624.2,22303.3828125,79418.5703125
1244.2961039543152,2,2416.0,22634.79296875,79418.5703125
1245.3050618171692,2,479.6,8345.04296875,79418.5703125
1246.3121399879456,2,963.8,9934.45703125,79418.5703125
1247.3206329345703,2,2819.0,10071.1015625,79418.5703125
1248.3606369495392,2,2329.7,13178.32421875,79418.5703125
1249.3716340065002,2,4295.4,16206.50390625,79418.5703125
1250.390635251999,2,4372.8,16674.0546875,79418.5703125
1251.3996403217316,2,4599.7,20424.12109375,79418.5703125
1252.4196379184723,2,4661.7,23925.625,79418.5703125
1253.4446420669556,2,4656.2,29461.7109375,79418.5703125
1254.468715429306,2,4132.2,19980.66015625,79418.5703125
1255.4866740703583,2,4605.6,23799.4921875,79418.5703125
1256.5136365890503,2,4262.9,25420.07421875,79418.5703125
1257.5326371192932,2,4441.7,25571.19921875,79418.5703125
1258.5513517856598,2,3541.2,26023.86328125,79418.5703125
1259.5586478710175,2,3182.4,26456.9921875,79418.5703125
1260.5708351135254,2,4623.8,26518.80078125,79418.5703125
1261.5966324806213,2,3484.9,26698.53125,79418.5703125
1262.6076383590698,2,4259.9,27931.5625,79418.5703125
1263.626102924347,2,2160.1,29002.57421875,79418.5703125
1264.6333377361298,2,1711.7,28949.81640625,79418.5703125
1265.6396343708038,2,1973.0,28880.53515625,79418.5703125
1266.6516726016998,2,1222.7,28850.625,79418.5703125
1267.6596369743347,2,3849.2,29503.96875,79418.5703125
1268.709326505661,2,3520.3,29884.54296875,79418.5703125
1269.718636751175,2,591.6,30141.4453125,79418.5703125
1270.7302255630493,2,595.4,8319.23828125,81466.5859375
1271.7377908229828,2,722.4,9326.37109375,79418.5703125
1272.7446370124817,2,1874.9,9820.00390625,79418.5703125
1273.7930054664612,2,2453.6,12582.05859375,79418.5703125
1274.8071556091309,2,4449.6,15507.29296875,79418.5703125
1275.8151714801788,2,4235.5,16247.203125,79418.5703125
1276.8336424827576,2,4588.6,19472.62890625,79418.5703125
1277.8536367416382,2,4666.6,24577.42578125,79418.5703125
1278.8786375522614,2,4668.7,30359.4140625,79418.5703125
1279.9099481105804,2,4295.0,20000.40234375,79418.5703125
1280.9226424694061,2,4592.5,24001.52734375,79418.5703125
1281.9427936077118,2,4323.5,24998.3515625,79418.5703125
1282.9626443386078,2,4375.6,25338.609375,79418.5703125
1283.978896856308,2,3506.3,25632.55859375,79418.5703125
1285.0056507587433,2,3738.3,25978.23828125,79418.5703125
1286.0306415557861,2,3970.4,26076.83203125,79418.5703125
1287.055634021759,2,4008.5,26618.6328125,79418.5703125
1288.0706326961517,2,3415.2,28284.03515625,79418.5703125
1289.0884637832642,2,1755.6,28436.3984375,79418.5703125
1290.094943523407,2,1706.2,28553.93359375,79418.5703125
1291.1023375988007,2,1675.7,28557.88671875,79418.5703125
1292.110867023468,2,3336.1,28820.3046875,79418.5703125
1293.1236097812653,2,4065.2,29291.3046875,79418.5703125
1294.1313166618347,2,529.8,29587.50390625,79418.5703125
1295.1391415596008,2,680.0,7889.125,81466.5859375
1296.1464281082153,2,662.4,9137.69140625,79418.5703125
1297.1535212993622,2,1573.9,9792.6015625,79418.5703125
1298.202481508255,2,2575.4,12370.25,79418.5703125
1299.2106654644012,2,4453.3,15263.43359375,79418.5703125
1300.2416381835938,2,4130.1,16207.16015625,79418.5703125
1301.2606444358826,2,4598.4,19372.41015625,79418.5703125
1302.2853317260742,2,4668.9,23893.7734375,79418.5703125
1303.30863904953,2,4679.6,29622.171875,79418.5703125
1304.3283779621124,2,4399.2,19740.24609375,79418.5703125
1305.346654176712,2,4587.0,23534.41796875,79418.5703125
1306.3624229431152,2,4287.3,24935.20703125,79418.5703125
1307.3859250545502,2,4363.2,25267.44921875,79418.5703125
1308.404326915741,2,3536.5,25588.5625,79418.5703125
1309.430647611618,2,3710.1,25897.7109375,79418.5703125
1310.4556057453156,2,3929.6,25913.95703125,79418.5703125
1311.468632221222,2,4021.0,26437.34375,79418.5703125
1312.4826338291168,2,3527.7,28085.859375,79418.5703125
1313.5004267692566,2,1761.5,28586.765625,79418.5703125
1314.5084688663483,2,1873.6,28561.2890625,79418.5703125
1315.517335176468,2,1687.6,28528.5859375,79418.5703125
1316.5276327133179,2,2745.8,28760.46484375,79418.5703125
1317.542308807373,2,4465.5,29076.8125,79418.5703125
1318.549479007721,2,797.5,29486.16796875,79418.5703125
1319.5564215183258,2,664.0,26135.57421875,79418.5703125
1320.563819885254,2,608.7,8942.0078125,79418.5703125
1321.5716331005096,2,1827.5,9677.90234375,79418.5703125
1322.6146311759949,2,2402.2,12486.515625,79418.5703125
1323.6250829696655,2,4463.0,15356.71484375,79418.5703125
1324.6320805549622,2,4243.4,16099.375,79418.5703125
1325.650638103485,2,4551.4,19485.140625,79418.5703125
1326.6704168319702,2,4704.6,24071.32421875,79418.5703125
1327.6943244934082,2,4682.3,29045.6640625,79418.5703125
1328.7200779914856,2,4293.6,19824.08984375,79418.5703125
1329.7319781780243,2,4598.0,23828.4375,79418.5703125
1330.7434763908386,2,4270.3,24817.6640625,79418.5703125
1331.7626430988312,2,4365.8,25150.890625,79418.5703125
1332.7826550006866,2,3575.3,25465.26171875,79418.5703125
1333.8086504936218,2,3736.4,25811.62890625,79418.5703125
1334.8333115577698,2,3813.2,25878.77734375,79418.5703125
1335.8426327705383,2,4172.1,26431.26953125,79418.5703125
1336.8534009456635,2,3479.9,27901.61328125,79418.5703125
1337.8671011924744,2,1591.8,28591.94140625,79418.5703125
1338.875636100769,2,1992.6,28286.59765625,79418.5703125
1339.8885765075684,2,1683.6,28298.453125,79418.5703125
1340.899634361267,2,2826.5,28922.54296875,79418.5703125
1341.917641401291,2,4346.7,29154.42578125,79418.5703125
1342.9359023571014,2,707.0,29520.8203125,79418.5703125
1343.94424700737,2,684.6,22928.5546875,79418.5703125
1344.9520354270935,2,484.6,9005.5390625,79418.5703125
1345.9590895175934,2,771.6,10069.91015625,79418.5703125
1346.9661157131195,2,3859.0,10176.31640625,79418.5703125
1347.993332862854,2,2232.3,14284.3125,79418.5703125
1349.0085110664368,2,4299.6,16576.53515625,79418.5703125
1350.0266377925873,2,4354.2,17021.5,79418.5703125
1351.0456409454346,2,4568.0,20357.6640625,79418.5703125
1352.0655839443207,2,4668.9,25164.2265625,79418.5703125
1353.0896348953247,2,4689.1,30175.72265625,79418.5703125
1354.111644268036,2,4395.7,23173.421875,91706.5703125
1355.1277272701263,2,4338.1,24399.4765625,91706.5703125
1356.154634475708,2,4251.8,26095.6328125,91706.5703125
1357.1737170219421,2,4452.7,26261.046875,91706.5703125
1358.191637992859,2,4119.0,26570.94140625,91706.5703125
1359.2116494178772,2,3132.9,26740.70703125,91706.5703125
1360.2368466854095,2,3521.0,27170.73828125,91706.5703125
1361.2614960670471,2,3481.5,27077.171875,91706.5703125
1362.2714676856995,2,4467.7,27891.83203125,91706.5703125
1363.279018163681,2,3291.2,29393.01953125,91706.5703125
1364.2870411872864,2,1421.0,29707.34375,91706.5703125
1365.2953372001648,2,1645.8,29571.06640625,91706.5703125
1366.3036315441132,2,2012.2,29426.96875,91706.5703125
1367.3166370391846,2,1760.4,29607.53125,91706.5703125
1368.326637506485,2,4113.4,29949.0859375,91706.5703125
1369.3371126651764,2,2744.5,30521.59765625,91706.5703125
1370.3453695774078,2,572.8,30735.1796875,91706.5703125
1371.3527319431305,2,608.4,9093.69140625,93754.5859375
1372.3606352806091,2,1576.5,8656.53125,91706.5703125
1373.3896329402924,2,3444.5,11336.1484375,91706.5703125
1374.407348394394,2,4571.8,13642.4296875,91706.5703125
1375.4311306476593,2,4537.6,13426.578125,91706.5703125
1376.4443612098694,2,4304.8,15128.8203125,91706.5703125
1377.4625499248505,2,3354.1,15416.7734375,91706.5703125
1378.4746358394623,2,3811.3,16153.171875,91706.5703125
1379.4926493167877,2,2048.5,16578.2890625,91706.5703125
1380.5025289058685,2,1520.8,16580.015625,91706.5703125
1381.5096349716187,2,3676.5,16961.3984375,91706.5703125
1382.5194087028503,2,578.3,9376.55078125,93754.5859375
1383.5276446342468,2,1639.1,8816.2890625,91706.5703125
1384.5516338348389,2,3441.6,11424.2890625,91706.5703125
1385.5697824954987,2,4566.2,14005.5234375,91706.5703125
1386.5895175933838,2,4534.9,13449.390625,91706.5703125
1387.6106328964233,2,4264.6,15141.40234375,91706.5703125
1388.6216518878937,2,3378.7,15371.15234375,91706.5703125
1389.6464848518372,2,3729.3,16185.69140625,91706.5703125
1390.6534752845764,2,1919.3,16525.14453125,91706.5703125
1391.663296699524,2,1529.9,16621.15234375,91706.5703125
1392.6758856773376,2,3638.2,16837.265625,91706.5703125
1393.6836540699005,2,606.5,9286.70703125,93754.5859375
1394.6909697055817,2,708.7,9687.921875,91706.5703125
1395.6983935832977,2,1361.9,10203.5234375,91706.5703125
1396.7474210262299,2,3455.0,11632.38671875,91706.5703125
1397.7556555271149,2,3418.7,15113.6796875,91706.5703125
1398.7746341228485,2,4177.7,16796.76953125,91706.5703125
1399.7946436405182,2,4444.3,17392.14453125,91706.5703125
1400.8146398067474,2,4621.2,22453.0546875,91706.5703125
1401.8345139026642,2,4653.1,27673.96484375,91706.5703125
1402.8586401939392,2,4578.2,33133.26953125,91706.5703125
1403.8786652088165,2,4213.1,21887.109375,91706.5703125
1404.9064700603485,2,4596.3,25460.34375,91706.5703125
1405.9186415672302,2,4329.9,26247.08984375,91706.5703125
1406.9386339187622,2,4370.2,26563.16796875,91706.5703125
1407.9566950798035,2,3164.2,26927.27734375,91706.5703125
1408.9656405448914,2,2942.2,27284.12890625,91706.5703125
1409.9847831726074,2,4556.7,27180.8359375,91706.5703125
1410.9966320991516,2,3391.5,27511.4921875,91706.5703125
1412.0096380710602,2,4268.0,28737.953125,91706.5703125
1413.0278904438019,2,2495.6,29805.234375,91706.5703125
1414.0367884635925,2,1679.0,29646.890625,91706.5703125
1415.0426349639893,2,1861.9,29550.44921875,91706.5703125
1416.0551183223724,2,1320.8,29696.5,91706.5703125
1417.0636341571808,2,2916.1,29981.28515625,91706.5703125
1418.0756349563599,2,4473.1,29950.078125,91706.5703125
1419.0858345031738,2,1028.1,30553.6875,91706.5703125
1420.0933883190155,2,789.2,30868.88671875,91706.5703125
1421.1006355285645,2,488.6,8449.640625,91706.5703125
1422.1077210903168,2,878.6,9643.82421875,91706.5703125
1423.1156344413757,2,3807.9,9846.40625,91706.5703125
1424.1736435890198,2,2413.8,14374.09375,91706.5703125
1425.2016332149506,2,4183.7,16078.51953125,91706.5703125
1426.2196428775787,2,4444.0,16839.953125,91706.5703125
1427.2406466007233,2,4661.8,21770.68359375,91706.5703125
1428.260636806488,2,4669.8,26949.4375,91706.5703125
1429.2848689556122,2,4525.8,29145.6953125,91706.5703125
1430.3046448230743,2,4334.3,22339.5078125,91706.5703125
1431.3316361904144,2,4269.4,24863.37109375,91706.5703125
1432.349543094635,2,4457.2,25068.42578125,91706.5703125
1433.3676407337189,2,4426.2,25281.4765625,91706.5703125
1434.3778896331787,2,3292.7,25531.52734375,91706.5703125
1435.385983467102,2,3749.7,25958.29296875,91706.5703125
1436.4105217456818,2,3468.3,25917.3046875,91706.5703125
1437.4196372032166,2,4279.5,27367.5546875,91706.5703125
1438.437640428543,2,2640.5,28402.67578125,91706.5703125
1439.4460067749023,2,1674.9,28388.7109375,91706.5703125
1440.4543960094452,2,2044.9,28286.04296875,91706.5703125
1441.4636435508728,2,1307.2,28504.70703125,91706.5703125
1442.483638048172,2,4462.5,28761.05078125,91706.5703125
1443.5006098747253,2,2451.0,29350.015625,91706.5703125
1444.5085988044739,2,648.4,29615.53125,91706.5703125
1445.515861272812,2,439.3,7957.77734375,91706.5703125
1446.5242276191711,2,896.3,10032.47265625,91706.5703125
1447.5326430797577,2,2009.5,10158.31640625,91706.5703125
1448.5728890895844,2,2669.3,12635.5859375,91706.5703125
1449.5816564559937,2,4221.8,15713.7421875,91706.5703125
1450.5946321487427,2,4223.7,16793.67578125,91706.5703125
1451.612645149231,2,4443.7,18380.51171875,91706.5703125
1452.638442516327,2,4661.7,23391.26171875,91706.5703125
1453.6626365184784,2,4664.6,29257.38671875,91706.5703125
1454.6876599788666,2,4556.8,30696.4140625,91706.5703125
1455.7056376934052,2,4357.8,21878.7265625,91706.5703125
1456.7306356430054,2,4256.6,26290.3203125,91706.5703125
1457.7486329078674,2,4661.6,26253.95703125,91706.5703125
1458.7586398124695,2,4271.6,26655.859375,91706.5703125
1459.7808918952942,2,2974.2,26869.9375,91706.5703125
1460.8076524734497,2,3584.4,27116.26953125,91706.5703125
1461.832599401474,2,3906.0,27118.70703125,91706.5703125
1462.8556370735168,2,4122.7,27650.65625,91706.5703125
1463.8704075813293,2,4033.8,28857.234375,91706.5703125
1464.8765397071838,2,1443.5,29602.7734375,91706.5703125
1465.8851861953735,2,1555.0,29535.62890625,91706.5703125
1466.8935723304749,2,1808.9,29484.75,91706.5703125
1467.9026341438293,2,1314.5,29652.06640625,91706.5703125
1468.9191076755524,2,2901.6,29998.20703125,91706.5703125
1469.9376318454742,2,4221.7,29964.23828125,91706.5703125
1470.954170703888,2,1160.0,30507.921875,91706.5703125
1471.962723016739,2,760.3,30832.65625,91706.5703125
1472.9715218544006,2,486.5,8321.65234375,91706.5703125
1473.9787364006042,2,899.1,9632.52734375,91706.5703125
1474.9866306781769,2,3576.8,9830.421875,91706.5703125
1476.0446419715881,2,2402.3,13578.625,91706.5703125
1477.064633846283,2,4335.7,15796.74609375,91706.5703125
1478.0826377868652,2,4371.2,16272.69140625,91706.5703125
1479.1026439666748,2,4600.0,20628.0546875,91706.5703125
1480.1226375102997,2,4687.0,25881.69921875,91706.5703125
1481.1426420211792,2,4612.6,30667.7890625,91706.5703125
1482.1626408100128,2,4388.1,20573.51953125,91706.5703125
1483.1852824687958,2,4246.0,24920.03125,91706.5703125
1484.203449010849,2,4444.7,25106.19921875,91706.5703125
1485.2112231254578,2,4490.4,25316.21484375,91706.5703125
1486.2306532859802,2,3380.0,25534.0546875,91706.5703125
1487.2566452026367,2,3693.0,25989.03515625,91706.5703125
1488.280924320221,2,3325.1,25967.9765625,91706.5703125
1489.300565481186,2,4246.7,27305.87109375,91706.5703125
1490.3081860542297,2,3017.8,28353.87890625,91706.5703125
1491.320279121399,2,1578.7,28326.078125,91706.5703125
1492.3296339511871,2,1974.6,28247.734375,91706.5703125
1493.3446350097656,2,1293.2,28254.05078125,91706.5703125
1494.351634979248,2,4005.9,28733.83984375,91706.5703125
1495.3806006908417,2,3009.3,29304.83203125,91706.5703125
1496.388488292694,2,590.0,29515.96875,91706.5703125
1497.3969531059265,2,593.1,9393.96875,93754.5859375
1498.4051883220673,2,905.6,9507.9765625,91706.5703125
1499.4136369228363,2,2517.4,9729.58203125,91706.5703125
1500.456659078598,2,2435.7,12887.765625,91706.5703125
1501.4736335277557,2,4281.2,15715.74609375,91706.5703125
1502.4926340579987,2,4376.2,16190.515625,91706.5703125
1503.510570049286,2,4618.5,20024.421875,91706.5703125
1504.5346448421478,2,4665.7,24813.71875,91706.5703125
1505.5596475601196,2,4516.8,29695.2265625,91706.5703125
1506.579672574997,2,4262.2,20437.69140625,91706.5703125
1507.5999548435211,2,4620.6,24270.671875,91706.5703125
1508.6213777065277,2,4289.9,24766.17578125,91706.5703125
1509.641636133194,2,4287.4,25165.34765625,91706.5703125
1510.6568613052368,2,3630.8,25448.171875,91706.5703125
1511.6654887199402,2,3680.9,25813.91015625,91706.5703125
1512.6749651432037,2,3780.8,25765.359375,91706.5703125
1513.6846299171448,2,4151.8,26473.25,91706.5703125
1514.6944270133972,2,3155.1,28107.0390625,91706.5703125
1515.70263671875,2,1686.9,28236.12890625,91706.5703125
1516.7099890708923,2,1691.7,28370.0390625,91706.5703125
1517.7183895111084,2,1670.6,28375.875,91706.5703125
1518.7257821559906,2,3132.7,28744.5234375,91706.5703125
1519.7355861663818,2,4274.1,29183.125,91706.5703125
1520.7442586421967,2,532.8,29467.32421875,91706.5703125
1521.7519879341125,2,668.8,7876.703125,93754.5859375
1522.7597107887268,2,705.4,9079.56640625,91706.5703125
1523.7666335105896,2,2166.6,9618.078125,91706.5703125
1524.801257610321,2,2785.9,12937.89453125,91706.5703125
1525.817947626114,2,4387.3,14552.1640625,91706.5703125
1526.8266434669495,2,4514.8,16928.3515625,91706.5703125
1527.850991010666,2,4688.0,21197.06640625,91706.5703125
1528.875240802765,2,4625.5,20526.21875,91706.5703125
1529.890640258789,2,4445.8,20015.67578125,91706.5703125
1530.9066410064697,2,4329.3,20706.984375,91706.5703125
1531.925677061081,2,3515.4,20975.48828125,91706.5703125
1532.9339649677277,2,3587.5,21204.125,91706.5703125
1533.9616403579712,2,3151.4,21330.38671875,91706.5703125
1534.9826517105103,2,4380.0,22260.83203125,91706.5703125
1536.0016341209412,2,1892.8,22735.78125,91706.5703125
1537.014004945755,2,1766.1,22652.23828125,91706.5703125
1538.0202240943909,2,1365.5,22587.8671875,91706.5703125
1539.02663564682,2,4156.4,22855.015625,91706.5703125
1540.038635969162,2,1954.9,23193.91796875,91706.5703125
1541.051337480545,2,540.1,8430.9609375,91706.5703125
1542.0584156513214,2,888.2,9631.69921875,91706.5703125
1543.066078901291,2,3808.0,9832.66015625,91706.5703125
1544.1156377792358,2,2387.8,14224.85546875,91706.5703125
1545.1350495815277,2,4186.5,16050.75,91706.5703125
1546.1536421775818,2,4486.0,16766.44140625,91706.5703125
1547.1778981685638,2,4660.7,21987.12109375,91706.5703125
1548.198637008667,2,4668.0,27314.57421875,91706.5703125
1549.2182157039642,2,4543.5,30041.15625,91706.5703125
1550.233057975769,2,4245.0,20755.73046875,91706.5703125
1551.2456336021423,2,4229.9,24839.98828125,91706.5703125
1552.2646431922913,2,4447.6,25066.21875,91706.5703125
1553.283641576767,2,4501.4,25257.50390625,91706.5703125
1554.3036494255066,2,3288.5,25509.65234375,91706.5703125
1555.3288283348083,2,3716.8,25936.265625,91706.5703125
1556.3536369800568,2,3489.5,25960.80859375,91706.5703125
1557.3786334991455,2,4191.7,27321.76171875,91706.5703125
1558.396636247635,2,2837.8,28332.0859375,91706.5703125
1559.407300710678,2,1658.1,28274.09375,91706.5703125
1560.4196355342865,2,1907.7,28355.78125,91706.5703125
1561.4357993602753,2,1273.4,28242.05859375,91706.5703125
1562.4424757957458,2,4270.7,28770.85546875,91706.5703125
1563.4525072574615,2,2833.3,29329.38671875,91706.5703125
1564.4636352062225,2,663.6,29607.89453125,91706.5703125
1565.471626996994,2,449.9,8048.0234375,91706.5703125
1566.4786348342896,2,965.3,9494.12890625,91706.5703125
1567.4866316318512,2,3399.1,9722.74609375,91706.5703125
1568.5436425209045,2,2409.3,13556.5234375,91706.5703125
1569.56063246727,2,4327.6,15697.24609375,91706.5703125
1570.5716400146484,2,4344.7,16180.89453125,91706.5703125
1571.5836381912231,2,4636.3,21105.59375,91706.5703125
1572.607706785202,2,4682.3,26451.390625,91706.5703125
1573.6276438236237,2,4520.5,30070.51953125,91706.5703125
1574.6476395130157,2,4322.5,21516.8828125,91706.5703125
1575.6754350662231,2,4243.6,24827.3125,91706.5703125
1576.6936373710632,2,4405.6,25045.64453125,91706.5703125
1577.7128059864044,2,4482.6,25226.7265625,91706.5703125
1578.7318992614746,2,3501.8,25486.81640625,91706.5703125
1579.7416512966156,2,3710.2,25939.55859375,91706.5703125
1580.766449213028,2,3392.2,25950.53125,91706.5703125
1581.790634393692,2,4168.6,27291.2734375,91706.5703125
1582.8086349964142,2,2790.9,28323.1640625,91706.5703125
1583.8156695365906,2,1622.4,28317.8125,91706.5703125
1584.8271815776825,2,1908.0,28355.78125,91706.5703125
1585.836582183838,2,1292.5,28231.60546875,91706.5703125
1586.8446338176727,2,4217.0,28743.68359375,91706.5703125
1587.8551421165466,2,2838.7,29295.83984375,91706.5703125
1588.8635489940643,2,592.6,29465.125,91706.5703125
1589.8710639476776,2,627.0,7606.8046875,91706.5703125
1590.8790197372437,2,986.0,9669.12109375,91706.5703125
1591.8871383666992,2,1965.0,9937.375,91706.5703125
1592.9065999984741,2,2442.2,12706.4296875,91706.5703125
1593.9156501293182,2,4546.5,15259.39453125,91706.5703125
1594.9276342391968,2,4130.7,16321.3984375,91706.5703125
1595.9455001354218,2,4449.2,18852.1953125,91706.5703125
1596.9696431159973,2,4658.8,23538.25390625,91706.5703125
1597.9938082695007,2,4669.9,28763.95703125,91706.5703125
1599.0186438560486,2,4481.6,26078.64453125,91706.5703125
1600.0316660404205,2,4307.6,23810.7265625,91706.5703125
1601.0523545742035,2,4226.9,25475.453125,91706.5703125
1602.0706350803375,2,4460.4,25647.64453125,91706.5703125
1603.0885672569275,2,4349.5,25861.4296875,91706.5703125
1604.0986528396606,2,3291.1,26088.51953125,91706.5703125
1605.1246478557587,2,3732.7,26518.85546875,91706.5703125
1606.1484570503235,2,3341.1,26537.51171875,91706.5703125
1607.161635875702,2,4321.4,27628.91015625,91706.5703125
1608.1776366233826,2,3060.6,28854.59765625,91706.5703125
1609.1835327148438,2,1467.6,28875.70703125,91706.5703125
1610.1916394233704,2,1685.3,29003.64453125,91706.5703125
1611.2078433036804,2,1645.4,28857.37109375,91706.5703125
1612.2166321277618,2,3053.9,29240.66015625,91706.5703125
1613.2336359024048,2,4452.7,29456.4140625,91706.5703125
1614.2528173923492,2,657.6,29880.9765625,91706.5703125
1615.2593433856964,2,775.0,30192.2734375,91706.5703125
1616.2658865451813,2,730.5,8647.71875,91706.5703125
1617.2733771800995,2,2672.9,8894.8828125,91706.5703125
1618.3216350078583,2,3235.6,12174.15234375,91706.5703125
1619.3406398296356,2,4492.3,14713.59765625,91706.5703125
1620.3596396446228,2,4689.9,19877.4921875,91706.5703125
1621.3837325572968,2,4339.9,16610.39453125,91706.5703125
1622.4016330242157,2,4330.2,17592.546875,91706.5703125
1623.4196455478668,2,3381.4,17898.33984375,91706.5703125
1624.4352142810822,2,3205.2,18085.9765625,91706.5703125
1625.4446334838867,2,4054.3,18906.609375,91706.5703125
1626.4626505374908,2,1828.3,19366.92578125,91706.5703125
1627.4704501628876,2,1834.8,19168.296875,91706.5703125
1628.4771196842194,2,2507.1,19447.86328125,91706.5703125
1629.495225429535,2,2878.2,19554.6953125,91706.5703125
1630.5029106140137,2,600.7,8025.203125,91706.5703125
1631.5102388858795,2,1034.0,9090.609375,91706.5703125
1632.5179901123047,2,2688.3,11619.54296875,91706.5703125
1633.5266335010529,2,4389.7,14047.24609375,91706.5703125
1634.544641494751,2,4484.2,15208.8515625,91706.5703125
1635.5656402111053,2,4644.3,19872.8359375,91706.5703125
1636.5906484127045,2,4637.3,21923.12890625,91706.5703125
1637.6035940647125,2,4408.5,19507.3515625,91706.5703125
1638.6155381202698,2,4374.5,20181.8046875,91706.5703125
1639.6239080429077,2,3515.8,20493.29296875,91706.5703125
1640.6306419372559,2,4040.5,20702.140625,91706.5703125
1641.6506350040436,2,3660.8,20924.8671875,91706.5703125
1642.6609694957733,2,3915.8,22148.78125,91706.5703125
1643.668078660965,2,1498.6,22050.7890625,91706.5703125
1644.674391746521,2,1760.8,22073.73828125,91706.5703125
1645.6824386119843,2,2481.2,22184.05859375,91706.5703125
1646.693196773529,2,3684.9,22401.9609375,91706.5703125
1647.7009410858154,2,585.8,9146.1796875,93754.5859375
1648.7098321914673,2,953.9,9049.9296875,91706.5703125
1649.7174079418182,2,2764.0,10561.09375,91706.5703125
1650.7249054908752,2,3639.2,13923.765625,91706.5703125
1651.7360365390778,2,4498.5,14161.14453125,91706.5703125
1652.747639656067,2,4642.6,19070.75,91706.5703125
1653.7718160152435,2,4696.2,22638.66796875,91706.5703125
1654.7886502742767,2,4448.9,19328.65234375,91706.5703125
1655.8041911125183,2,4318.9,19927.62890625,91706.5703125
1656.8139443397522,2,3406.9,20211.765625,91706.5703125
1657.8216524124146,2,3850.9,20453.0078125,91706.5703125
1658.8457176685333,2,3792.2,20655.98046875,91706.5703125
1659.856085062027,2,3754.6,21846.80078125,91706.5703125
1660.8641166687012,2,1479.5,21786.5390625,91706.5703125
1661.8725867271423,2,1779.6,21651.02734375,91706.5703125
1662.8816356658936,2,2817.5,21830.7109375,91706.5703125
1663.8957433700562,2,3038.4,22092.1796875,91706.5703125
1664.9039969444275,2,604.9,7803.84765625,91706.5703125
1665.9124467372894,2,1033.0,9026.38671875,91706.5703125
1666.9192538261414,2,2660.0,11525.90234375,91706.5703125
1667.9276311397552,2,4415.3,13941.66015625,91706.5703125
1668.9456434249878,2,4473.6,15560.4609375,91706.5703125
1669.9702689647675,2,4660.5,20044.328125,91706.5703125
1670.9946410655975,2,4643.4,19159.5625,91706.5703125
1672.0117449760437,2,4400.9,19599.87890625,91706.5703125
1673.0193390846252,2,4377.5,19969.36328125,91706.5703125
1674.0376501083374,2,3382.9,20226.53125,91706.5703125
1675.0646493434906,2,4099.3,20447.26171875,91706.5703125
1676.0893440246582,2,3742.8,20903.734375,91706.5703125
1677.1021978855133,2,2931.7,21930.5859375,91706.5703125
1678.1105999946594,2,1610.6,21746.94140625,91706.5703125
1679.1171233654022,2,1730.3,21680.16796875,91706.5703125
1680.123634338379,2,3779.5,21845.3125,91706.5703125
1681.140558719635,2,2006.5,22178.03515625,91706.5703125
1682.1480872631073,2,710.1,8336.7734375,91706.5703125
1683.1556434631348,2,1563.6,9474.8828125,91706.5703125
1684.2046587467194,2,2896.2,11842.41015625,91706.5703125
1685.2236337661743,2,4470.3,14065.66015625,91706.5703125
1686.2436406612396,2,4464.2,16185.54296875,91706.5703125
1687.268522977829,2,4667.4,21115.2890625,91706.5703125
1688.291306734085,2,4523.9,16544.234375,91706.5703125
1689.2996454238892,2,4280.3,20120.796875,91706.5703125
1690.3181297779083,2,4524.7,20304.984375,91706.5703125
1691.3366527557373,2,3367.2,20567.0078125,91706.5703125
1692.3619847297668,2,4036.0,20656.27734375,91706.5703125
1693.3706345558167,2,3544.2,21181.6640625,91706.5703125
1694.381109714508,2,3315.4,22263.70703125,91706.5703125
1695.3872277736664,2,1550.4,22235.4375,91706.5703125
1696.3967516422272,2,1790.9,22187.3359375,91706.5703125
1697.4034450054169,2,3150.3,22467.75390625,91706.5703125
1698.4355340003967,2,2772.3,22592.44921875,91706.5703125
1699.4436309337616,2,584.6,8072.21484375,91706.5703125
1700.451631784439,2,2084.2,8929.765625,91706.5703125
1701.4955151081085,2,3327.6,11905.53515625,91706.5703125
1702.5016407966614,2,4408.7,13855.265625,91706.5703125
1703.521642446518,2,4664.2,19043.68359375,91706.5703125
1704.5416376590729,2,4445.8,16335.09765625,91706.5703125
1705.5559358596802,2,4331.0,17292.94921875,91706.5703125
1706.5746557712555,2,3641.0,17508.5078125,91706.5703125
1707.600644826889,2,3707.5,17706.34765625,91706.5703125
1708.6256330013275,2,4066.3,18604.90625,91706.5703125
1709.6361224651337,2,1626.9,18871.52734375,91706.5703125
1710.6434471607208,2,1681.7,18823.7265625,91706.5703125
1711.6489341259003,2,3344.6,18977.40234375,91706.5703125
1712.6593961715698,2,1967.1,19356.3125,91706.5703125
1713.6688754558563,2,860.5,8253.734375,91706.5703125
1714.6766335964203,2,2566.4,8785.7890625,91706.5703125
1715.710637331009,2,3222.4,12045.75,91706.5703125
1716.732650756836,2,4494.3,14588.9609375,91706.5703125
1717.750637769699,2,4658.7,19673.01953125,91706.5703125
1718.7716720104218,2,4426.0,16562.24609375,91706.5703125
1719.7916357517242,2,4348.4,17554.2734375,91706.5703125
1720.8116490840912,2,3527.9,17871.5546875,91706.5703125
1721.83615732193,2,3657.8,18110.1953125,91706.5703125
1722.8499071598053,2,4098.5,18920.703125,91706.5703125
1723.8596324920654,2,1593.8,19298.60546875,91706.5703125
1724.8676331043243,2,1713.8,19237.92578125,91706.5703125
1725.875409603119,2,3150.8,19456.8828125,91706.5703125
1726.8901979923248,2,2258.6,19687.01953125,91706.5703125
1727.8985967636108,2,740.5,8285.1328125,91706.5703125
1728.9060883522034,2,2440.2,8963.34375,91706.5703125
1729.913635969162,2,3552.6,11531.2421875,91706.5703125
1730.93164229393,2,4592.2,15449.15625,91706.5703125
1731.9566407203674,2,4499.8,14506.15234375,91706.5703125
1732.9716410636902,2,4264.7,15248.73828125,91706.5703125
1733.9916508197784,2,3134.7,15501.703125,91706.5703125
1735.0076351165771,2,3816.3,16250.453125,91706.5703125
1736.025507926941,2,1752.7,16654.22265625,91706.5703125
1737.033550977707,2,1548.4,16587.16015625,91706.5703125
1738.041701078415,2,3782.4,16949.90625,91706.5703125
1739.049792766571,2,639.0,8852.859375,93754.5859375
1740.05748295784,2,2043.1,8561.91015625,91706.5703125
1741.0656368732452,2,2922.5,11313.95703125,91706.5703125
1742.0776331424713,2,3996.3,13192.4453125,91706.5703125
1743.0956404209137,2,4601.9,16169.19921875,91706.5703125
1744.11514878273,2,4353.6,16227.58984375,91706.5703125
1745.132871389389,2,3708.1,16546.453125,92154.5703125
1746.140042066574,2,3786.6,16622.546875,92154.5703125
1747.1512138843536,2,3292.4,17219.17578125,92154.5703125
1748.1606347560883,2,4027.6,18670.734375,92154.5703125
1749.1786284446716,2,2633.9,19162.15625,92154.5703125
1750.1842486858368,2,2447.5,19356.890625,92154.5703125
1751.202256679535,2,4049.5,19492.796875,92154.5703125
1752.2095754146576,2,652.1,8890.5078125,94202.5859375
1753.2170722484589,2,2046.0,8721.984375,92154.5703125
1754.2245571613312,2,2968.8,11502.1171875,92154.5703125
1755.2366349697113,2,4349.8,13379.94921875,92154.5703125
1756.257643699646,2,4618.8,16857.88671875,92154.5703125
1757.29590010643,2,4301.7,16462.78515625,92154.5703125
1758.3127226829529,2,3695.6,16714.875,92154.5703125
1759.319723367691,2,3339.4,16919.9765625,92154.5703125
1760.3277292251587,2,4077.7,17623.203125,92154.5703125
1761.338636636734,2,4385.9,18758.0703125,92154.5703125
1762.3472385406494,2,1838.5,19044.50390625,92154.5703125
1763.354633808136,2,3297.3,19294.953125,92154.5703125
1764.367647409439,2,2847.0,19483.859375,92154.5703125
1765.3862688541412,2,781.3,8074.48046875,92154.5703125
1766.3956332206726,2,2497.4,8832.04296875,92154.5703125
1767.4436354637146,2,3585.5,13179.01953125,92154.5703125
1768.4616448879242,2,4482.9,13925.79296875,92154.5703125
1769.4816448688507,2,4561.5,13976.69140625,92154.5703125
1770.4946365356445,2,4352.1,16537.50390625,92154.5703125
1771.51256108284,2,3519.1,16746.515625,92154.5703125
1772.5206089019775,2,3458.1,16957.078125,92154.5703125
1773.5275344848633,2,4170.6,18116.453125,92154.5703125
1774.5386445522308,2,3545.2,19165.01953125,92154.5703125
1775.5479893684387,2,1549.8,19072.38671875,92154.5703125
1776.5546345710754,2,4353.2,19325.31640625,92154.5703125
1777.5647988319397,2,1660.8,19634.25390625,92154.5703125
1778.5719401836395,2,1516.8,8456.203125,92154.5703125
1779.5801167488098,2,2558.5,9180.84375,92154.5703125
1780.5896310806274,2,3821.4,13308.921875,92154.5703125
1781.6076407432556,2,4559.5,15038.73828125,92154.5703125
1782.632372379303,2,4512.8,15330.15234375,92154.5703125
1783.644002199173,2,4239.0,16612.6640625,92154.5703125
1784.6532521247864,2,3301.7,16815.765625,92154.5703125
1785.6706366539001,2,3268.4,17111.84375,92154.5703125
1786.6956346035004,2,4471.7,18618.52734375,92154.5703125
1787.7025396823883,2,2904.3,19150.546875,92154.5703125
1788.7096455097198,2,1969.2,19381.7421875,92154.5703125
1789.7286341190338,2,4540.2,19314.42578125,92154.5703125
1790.7466595172882,2,781.9,8070.75390625,94202.5859375
1791.7544043064117,2,1985.4,8696.44921875,92154.5703125
1792.765659570694,2,2425.9,10122.8828125,92154.5703125
1793.779848575592,2,4349.5,13341.91015625,92154.5703125
1794.7976295948029,2,4599.0,16093.078125,92154.5703125
1795.8216338157654,2,4354.3,16320.5625,92154.5703125
1796.839637517929,2,3819.7,16681.83984375,92154.5703125
1797.84863615036,2,3648.3,16850.51171875,92154.5703125
1798.8716304302216,2,3510.8,17305.9375,92154.5703125
1799.8826353549957,2,4460.3,18705.74609375,92154.5703125
1800.9004878997803,2,2271.7,19105.55859375,92154.5703125
1801.9086384773254,2,2885.9,19345.30859375,92154.5703125
1802.918594121933,2,3362.3,19565.26171875,92154.5703125
1803.9258120059967,2,602.5,9899.51953125,94202.5859375
1804.9333038330078,2,2186.3,8776.13671875,92154.5703125
1805.9406361579895,2,3504.5,12204.83203125,92154.5703125
1806.9546332359314,2,4360.0,13416.98046875,92154.5703125
1807.973641872406,2,4610.2,17261.9296875,92154.5703125
1808.9866366386414,2,4290.7,16524.75,92154.5703125
1810.0056598186493,2,3755.1,16810.26171875,92154.5703125
1811.0308320522308,2,3132.6,17019.8125,92154.5703125
1812.0424041748047,2,3897.1,17636.609375,92154.5703125
1813.0536427497864,2,4419.0,18833.2890625,92154.5703125
1814.0652408599854,2,1822.8,19166.35546875,92154.5703125
1815.0720798969269,2,3110.2,19366.1171875,92154.5703125
1816.0827114582062,2,3077.2,19583.90625,92154.5703125
1817.0906202793121,2,737.6,8048.1875,92154.5703125
1818.0996408462524,2,2319.6,8814.2734375,92154.5703125
1819.1356353759766,2,3759.5,12764.22265625,92154.5703125
1820.1476397514343,2,4374.9,13401.32421875,92154.5703125
1821.166567325592,2,4587.6,15317.59375,92154.5703125
1822.1796340942383,2,4291.9,16558.26953125,92154.5703125
1823.198650598526,2,3571.0,16798.5390625,92154.5703125
1824.2227256298065,2,3335.9,17096.15234375,92154.5703125
1825.2436351776123,2,4038.2,18039.71484375,92154.5703125
1826.2538495063782,2,3921.5,19337.68359375,92154.5703125
1827.271847486496,2,1684.5,19181.97265625,92154.5703125
1828.2826354503632,2,3748.1,19364.0078125,92154.5703125
1829.2925860881805,2,2416.4,19675.6875,92154.5703125
1830.3005583286285,2,1060.2,8202.671875,92154.5703125
1831.3116335868835,2,2602.8,8806.00390625,92154.5703125
1832.3366360664368,2,3586.7,13176.86328125,92154.5703125
1833.3556435108185,2,4458.8,14199.0625,92154.5703125
1834.3749542236328,2,4560.0,14061.77734375,92154.5703125
1835.386634349823,2,4314.8,16595.1015625,92154.5703125
1836.4046483039856,2,3539.0,16796.265625,92154.5703125
1837.430640220642,2,3280.0,17044.4921875,92154.5703125
1838.44158411026,2,4319.3,18273.234375,92154.5703125
1839.4518060684204,2,3462.6,19253.671875,92154.5703125
1840.4598529338837,2,1522.8,19213.640625,92154.5703125
1841.46963763237,2,4368.4,19380.9921875,92154.5703125
1842.4865169525146,2,1709.5,19754.15625,92154.5703125
1843.494228363037,2,1530.5,8501.09765625,92154.5703125
1844.5024700164795,2,2592.3,9138.38671875,92154.5703125
1845.5116336345673,2,3775.8,13343.47265625,92154.5703125
1846.5296440124512,2,4557.5,14927.70703125,92154.5703125
1847.5545053482056,2,4525.9,15160.30859375,92154.5703125
1848.5655319690704,2,4290.3,16624.2421875,92154.5703125
1849.5756347179413,2,3239.2,16817.109375,92154.5703125
1850.5945868492126,2,3060.0,17099.953125,92154.5703125
1851.6006500720978,2,4470.7,18610.77734375,92154.5703125
1852.6118853092194,2,3234.3,19160.85546875,92154.5703125
1853.618631362915,2,1746.4,19178.953125,92154.5703125
1854.628633737564,2,4557.4,19341.03125,92154.5703125
1855.642508506775,2,1219.4,19759.37890625,92154.5703125
1856.6508085727692,2,1800.6,8656.328125,92154.5703125
1857.6598145961761,2,2245.0,9913.5859375,92154.5703125
1858.67263174057,2,4389.5,13328.75,92154.5703125
1859.69864153862,2,4546.9,15596.0390625,92154.5703125
1860.718641281128,2,4475.9,16167.06640625,92154.5703125
1861.7297263145447,2,3862.2,16790.26171875,92154.5703125
1862.7386422157288,2,3478.3,16912.96484375,92154.5703125
1863.7582445144653,2,3382.8,17217.2890625,92154.5703125
1864.769633769989,2,4497.8,18748.10546875,92154.5703125
1865.7876365184784,2,2688.7,19232.4375,92154.5703125
1866.7943794727325,2,2263.6,19409.40234375,92154.5703125
1867.804400920868,2,4317.4,19615.07421875,92154.5703125
1868.8120300769806,2,644.8,8744.92578125,94202.5859375
1869.8200232982635,2,2044.6,8801.67578125,92154.5703125
1870.8276407718658,2,2826.8,11297.734375,92154.5703125
1871.8416368961334,2,4343.2,13385.8359375,92154.5703125
1872.8596444129944,2,4529.5,16523.171875,92154.5703125
1873.8846428394318,2,4295.2,16328.8671875,92154.5703125
1874.9046533107758,2,3728.9,16706.0078125,92154.5703125
1875.932864665985,2,3428.8,16792.97265625,92154.5703125
1876.941547870636,2,3803.2,17465.70703125,92154.5703125
1877.951870918274,2,4424.2,18714.6328125,92154.5703125
1878.9731965065002,2,1927.6,19022.93359375,92154.5703125
1879.9806332588196,2,3238.8,19235.90625,92154.5703125
1880.9978125095367,2,2851.7,19383.4375,92154.5703125
1882.0058846473694,2,825.0,8028.89453125,92154.5703125
1883.0146367549896,2,2390.4,8786.79296875,92154.5703125
1884.0406329631805,2,3751.2,12875.3046875,92154.5703125
1885.0536377429962,2,4349.5,13359.0546875,92154.5703125
1886.0643639564514,2,4564.4,13849.01953125,92154.5703125
1887.0766444206238,2,4306.2,16556.7421875,92154.5703125
1888.0850987434387,2,3601.1,16775.55859375,92154.5703125
1889.1111705303192,2,3502.5,16978.21875,92154.5703125
1890.119912147522,2,4178.1,18191.8515625,92154.5703125
1891.1313292980194,2,3642.7,19206.36328125,92154.5703125
1892.1377005577087,2,1636.3,19102.8046875,92154.5703125
1893.1456334590912,2,4108.3,19336.12109375,92154.5703125
1894.1556766033173,2,1920.5,19594.8203125,92154.5703125
1895.1673426628113,2,1300.2,8382.078125,92154.5703125
1896.1760272979736,2,2797.0,8841.7421875,92154.5703125
1897.1836338043213,2,3585.2,13190.98828125,92154.5703125
1898.191644191742,2,4499.5,14592.984375,92154.5703125
1899.2163455486298,2,4553.9,14874.62890625,92154.5703125
1900.2376408576965,2,4321.6,16521.37109375,92154.5703125
1901.256936788559,2,3215.2,16726.5,92154.5703125
1902.2635598182678,2,3185.1,16950.08984375,92154.5703125
1903.2704501152039,2,4423.7,18330.07421875,92154.5703125
1904.2776350975037,2,3190.5,19080.62890625,92154.5703125
1905.2856340408325,2,1675.4,19075.15234375,92154.5703125
1906.29678440094,2,4536.5,19176.2265625,92154.5703125
1907.3146526813507,2,1179.5,19593.41796875,92154.5703125
1908.3217816352844,2,1680.8,8392.78125,92154.5703125
1909.4076364040375,2,3776.6,11451.51171875,92154.5703125
1910.4258754253387,2,4448.7,12739.88671875,92154.5703125
1911.4406394958496,2,4076.8,14658.6640625,92154.5703125
1912.451146364212,2,3672.5,14790.36328125,92154.5703125
1913.4586358070374,2,4357.1,16118.92578125,92154.5703125
1914.4765858650208,2,1882.6,16326.9140625,92154.5703125
1915.4841887950897,2,4152.4,16620.09375,92154.5703125
1916.492301940918,2,650.7,10201.609375,94202.5859375
1917.5022511482239,2,2639.6,10044.0234375,92154.5703125
1918.5146358013153,2,4332.7,11900.5625,92154.5703125
1919.5333342552185,2,4400.6,14305.47265625,92154.5703125
1920.5516347885132,2,4043.8,14589.9921875,92154.5703125
1921.568258523941,2,3784.5,15184.63671875,92154.5703125
1922.578289270401,2,3528.3,16323.94140625,92154.5703125
1923.5866374969482,2,2496.3,16421.4609375,92154.5703125
1924.59699010849,2,2956.3,16580.96484375,92154.5703125
1925.6045408248901,2,1281.4,8522.12890625,92154.5703125
1926.6156301498413,2,3316.2,11374.71484375,92154.5703125
1927.633627653122,2,4486.6,13759.17578125,92154.5703125
1928.6571807861328,2,4291.7,14448.390625,92154.5703125
1929.6756422519684,2,3599.7,14728.58203125,92154.5703125
1930.6922256946564,2,4254.1,15780.07421875,92154.5703125
1931.7102489471436,2,2596.1,16225.3125,92154.5703125
1932.7186360359192,2,3515.8,16244.61328125,92154.5703125
1933.7325110435486,2,1542.8,8542.6015625,94202.5859375
1934.73961019516,2,2025.3,8643.48046875,92154.5703125
1935.754632949829,2,3896.0,11551.6953125,92154.5703125
1936.763603925705,2,4514.8,13085.98828125,92154.5703125
1937.7756550312042,2,4011.1,14386.36328125,92154.5703125
1938.7999060153961,2,3471.8,14637.15625,92154.5703125
1939.810269832611,2,4236.6,15949.8515625,92154.5703125
1940.8186326026917,2,1926.3,16130.16015625,92154.5703125
1941.8286476135254,2,3845.0,16353.4453125,92154.5703125
1942.83571267128,2,838.2,8144.2265625,92154.5703125
1943.8441064357758,2,3978.3,10014.875,92154.5703125
1944.8506348133087,2,4034.3,10581.65234375,92154.5703125
1945.8605716228485,2,2677.4,10743.3828125,92154.5703125
1946.8682353496552,2,1737.5,8639.54296875,92154.5703125
1947.8882536888123,2,3790.1,11631.96484375,92154.5703125
1948.9071538448334,2,4488.7,12670.35546875,92154.5703125
1949.9196560382843,2,4016.7,14499.546875,92154.5703125
1950.9441571235657,2,3667.3,14746.390625,92154.5703125
1951.9596350193024,2,4370.2,15960.03125,92154.5703125
1952.972517490387,2,1760.6,16118.234375,92154.5703125
1953.9796824455261,2,4149.0,16393.765625,92154.5703125
1954.987337589264,2,658.2,10049.4140625,94202.5859375
1955.9966297149658,2,3282.4,10056.43359375,92154.5703125
1957.0226354599,2,4399.7,12065.1171875,92154.5703125
1958.0406935214996,2,3636.7,12360.296875,92154.5703125
1959.050216436386,2,3756.5,13326.98828125,92154.5703125
1960.058636188507,2,3393.6,13424.7265625,92154.5703125
1961.0666825771332,2,874.4,8601.578125,92154.5703125
1962.0746355056763,2,3523.3,10450.3359375,92154.5703125
1963.0886328220367,2,4420.3,12104.3046875,92154.5703125
1964.1066331863403,2,3611.9,12426.19921875,92154.5703125
1965.1166007518768,2,3468.9,13186.859375,92154.5703125
1966.1235592365265,2,3433.7,13252.93359375,92154.5703125
1967.131087064743,2,410.7,5035.68359375,84986.4140625
1968.139344215393,2,90.3,4795.77734375,84986.4140625
1969.147052526474,2,104.2,4656.45703125,84986.4140625
