elapsed_time,nproc,cpu,mem_real,mem_virtual
3.719329833984375e-05,1,0.0,5.03125,7.5234375
1.005133867263794,4,0.0,438.9765625,4204.37890625
2.013551950454712,4,100.3,617.4453125,4418.37890625
3.0209507942199707,4,99.3,613.39453125,4450.37890625
4.028273582458496,4,100.2,615.39453125,4450.37890625
5.036538124084473,4,99.3,615.828125,4450.37890625
6.044090270996094,4,99.2,624.40234375,4498.37890625
7.052364349365234,4,100.2,617.37890625,4498.37890625
8.060393810272217,4,100.2,611.03515625,4498.37890625
9.0682852268219,4,99.2,623.8203125,4498.37890625
10.076278924942017,4,99.9,676.5390625,4498.37890625
11.087393760681152,4,99.9,724.5390625,4554.37890625
12.097986698150635,4,99.0,780.5390625,4618.37890625
13.108016014099121,4,100.0,832.5390625,4704.37890625
14.117981672286987,4,99.9,882.5390625,4704.37890625
15.128540992736816,4,99.9,930.5390625,4800.37890625
16.139230012893677,4,98.9,975.34765625,4800.37890625
17.15027642250061,2,0.0,167.1796875,244.48828125
18.160536527633667,2,0.0,529.921875,4733.55859375
19.170868158340454,2,100.1,511.921875,4733.55859375
20.18021559715271,2,100.1,511.921875,4733.55859375
21.189133882522583,2,100.0,512.046875,4733.55859375
22.19931125640869,2,99.0,564.17578125,5357.58984375
23.208987951278687,2,3779.1,1522.1015625,9089.00390625
24.231509923934937,2,4768.2,1901.16015625,9490.50390625
25.249348878860474,2,4771.8,2171.6171875,9800.00390625
26.274348258972168,2,4765.4,2398.6796875,10092.00390625
27.299345016479492,2,4766.5,2424.46875,10170.98828125
28.327770948410034,2,4752.7,2486.4296875,10325.98828125
29.352503538131714,2,4760.0,2598.0703125,10504.98828125
30.37705898284912,2,4765.4,2548.57421875,10592.98828125
31.401330947875977,2,4757.1,2726.44921875,10788.48828125
32.42634606361389,2,4759.6,2753.6328125,10882.48828125
33.45165824890137,2,4751.6,2841.6875,11054.48828125
34.47748827934265,2,4768.7,2786.734375,11077.48828125
35.5011191368103,2,4753.4,2742.5859375,11091.48828125
36.5292272567749,2,4756.7,2818.23828125,11223.48828125
37.55409789085388,2,4761.8,2844.11328125,11301.48828125
38.578346729278564,2,4757.0,2865.546875,11390.48828125
39.60334348678589,2,4752.1,2877.84765625,11514.48828125
40.62814140319824,2,4752.6,2805.328125,11558.48828125
41.65334963798523,2,4763.2,2872.71484375,11646.48828125
42.677977323532104,2,4759.0,2838.30078125,11697.48828125
43.70277118682861,2,4750.9,2908.96484375,11753.48828125
44.72834610939026,2,4762.4,2942.44921875,11820.48828125
45.75315451622009,2,4756.1,2905.515625,11832.48828125
46.77834415435791,2,4752.4,3039.12890625,11918.48828125
47.80334234237671,2,4759.6,3124.75390625,12063.48828125
48.82734298706055,2,4754.3,3099.91796875,12132.48828125
49.8513457775116,2,4758.5,3099.50390625,12142.48828125
50.87596106529236,2,4754.9,3072.7265625,12172.48828125
51.90134811401367,2,4754.6,2999.421875,12182.48828125
52.925918102264404,2,4750.0,3172.54296875,12342.48828125
53.95134878158569,2,4751.3,3127.9453125,12416.48828125
54.97575068473816,2,4754.8,3195.1484375,12514.48828125
56.001346588134766,2,4754.0,3239.375,12598.48828125
57.01834845542908,2,4759.2,3260.53125,12798.48828125
58.04334330558777,2,4760.6,3108.7109375,12798.48828125
59.068344593048096,2,4745.1,3092.0390625,12828.48828125
60.08834910392761,2,4753.8,3152.85546875,12852.48828125
61.10834884643555,2,4755.9,3083.09375,12852.48828125
62.12834405899048,2,4749.0,3040.55078125,12852.48828125
63.14749574661255,2,4761.0,3029.31640625,12894.48828125
64.1603467464447,2,4760.3,3042.16796875,12894.48828125
65.18534445762634,2,4756.4,3121.22265625,12966.48828125
66.20996522903442,2,4755.5,3069.22265625,13010.48828125
67.23534965515137,2,4755.7,3105.10546875,13030.48828125
68.26034736633301,2,4751.1,3291.02734375,13146.48828125
69.28534531593323,2,4753.7,3215.0625,13156.48828125
70.30780005455017,2,4755.4,3313.2109375,13230.48828125
71.3323438167572,2,4753.9,3281.2421875,13250.48828125
72.35778522491455,2,4750.0,3251.10546875,13260.48828125
73.38134574890137,2,4763.8,3253.09765625,13260.48828125
74.40575361251831,2,4755.7,3265.48046875,13260.48828125
75.41834545135498,2,4754.8,3369.765625,13320.48828125
76.44288372993469,2,4762.1,3264.59375,13334.48828125
77.46834516525269,2,4753.2,3319.5703125,13394.48828125
78.49283576011658,2,4759.5,3346.22265625,13394.48828125
79.5173454284668,2,4761.5,3347.88671875,13454.48828125
80.54234766960144,2,4753.3,3392.05859375,13538.48828125
81.56678485870361,2,4757.9,3516.484375,13626.48828125
82.59234571456909,2,4751.0,3547.91015625,13626.48828125
83.61334800720215,2,4749.7,3510.5546875,13626.48828125
84.63776874542236,2,4748.1,3481.234375,13626.48828125
85.66134548187256,2,4756.1,3470.421875,13626.48828125
86.68671822547913,2,4741.8,3333.0390625,13626.48828125
87.71121287345886,2,4752.7,3355.66796875,13626.48828125
88.73634648323059,2,4763.5,3445.9375,13654.48828125
89.76080989837646,2,4744.6,3679.0078125,13860.48828125
90.78533720970154,2,4756.1,3715.6796875,13926.48828125
91.81034708023071,2,4761.3,3634.7578125,13926.48828125
92.83534407615662,2,4757.2,3640.64453125,14014.48828125
93.85980725288391,2,4748.2,3544.71875,14014.48828125
94.88535928726196,2,4742.5,3582.9375,14028.48828125
95.91134595870972,2,4751.6,3698.37890625,14102.48828125
96.93619060516357,2,4750.2,3832.58203125,14102.48828125
97.96056652069092,2,4751.0,3952.30859375,14206.48828125
98.9863486289978,2,4754.2,4076.9453125,14266.48828125
100.01085996627808,2,4740.6,4123.7578125,14340.48828125
101.03334450721741,2,4747.4,4084.21484375,14412.48828125
102.0573422908783,2,4752.4,4127.78515625,14472.48828125
103.08192825317383,2,4733.0,4241.3515625,14656.48828125
104.10734462738037,2,4747.4,4359.27734375,14692.48828125
105.13185262680054,2,4739.5,4336.93359375,14746.48828125
106.15734338760376,2,4753.1,4352.34765625,14746.48828125
107.1820502281189,2,4734.8,4475.79296875,14776.48828125
108.20509958267212,2,4742.6,4449.94921875,14872.48828125
109.22670030593872,2,4755.6,4464.890625,14896.48828125
110.25234198570251,2,4745.2,4382.75390625,14934.48828125
111.27734994888306,2,4747.9,4420.10546875,14962.48828125
112.30234551429749,2,4745.1,4345.203125,15030.48828125
113.3267982006073,2,4746.4,4278.8515625,15054.48828125
114.35234594345093,2,4747.0,4184.1640625,15054.48828125
115.37334394454956,2,4745.8,4302.7265625,15078.48828125
116.3933436870575,2,4742.2,4179.9765625,15078.48828125
117.4183440208435,2,4739.0,4060.671875,15106.48828125
118.44234561920166,2,4737.5,4030.890625,15134.48828125
119.46734642982483,2,4753.9,4072.54296875,15154.48828125
120.49334454536438,2,4747.1,4212.69921875,15278.48828125
121.51034545898438,2,4749.9,4153.49609375,15306.48828125
122.53535294532776,2,4760.7,4210.890625,15306.48828125
123.56034731864929,2,4753.5,4278.43359375,15318.48828125
124.5863471031189,2,4733.4,4160.8984375,15318.48828125
125.61134481430054,2,4751.4,4108.328125,15318.48828125
126.63711619377136,2,4743.6,4007.828125,15318.48828125
127.66100692749023,2,4751.9,4027.83984375,15318.48828125
128.68534564971924,2,4745.2,4015.375,15318.48828125
129.71111249923706,2,4738.7,4089.1640625,15342.48828125
130.73607182502747,2,4749.1,4127.9921875,15342.48828125
131.76035809516907,2,4750.7,4221.7578125,15342.48828125
132.7853503227234,2,4743.4,4306.48046875,15448.48828125
133.81034302711487,2,4748.9,4218.62890625,15448.48828125
134.83534359931946,2,4746.5,4226.703125,15448.48828125
135.86034512519836,2,4739.2,4156.2421875,15448.48828125
136.88634538650513,2,4751.7,4111.3671875,15448.48828125
137.9103446006775,2,4759.3,4122.70703125,15448.48828125
138.93474054336548,2,4736.1,4098.07421875,15448.48828125
139.9573459625244,2,4751.7,4159.5625,15514.48828125
140.98234462738037,2,4752.3,4115.06640625,15538.48828125
142.00695657730103,2,4763.3,4077.81640625,15538.48828125
143.03234601020813,2,4755.5,4075.21484375,15538.48828125
144.05699586868286,2,4744.3,4088.5546875,15554.48828125
145.07434606552124,2,4745.7,4039.61328125,15554.48828125
146.09894251823425,2,4742.0,4147.171875,15614.48828125
147.12334561347961,2,4747.1,4151.80859375,15614.48828125
148.14834547042847,2,4747.9,4130.5234375,15614.48828125
149.16934156417847,2,4757.8,4198.5390625,15674.48828125
150.1937460899353,2,4740.9,4252.3046875,15688.48828125
151.21434211730957,2,4746.0,4260.18359375,15688.48828125
152.2393515110016,2,4742.5,4232.3359375,15688.48828125
153.25234508514404,2,4749.5,4310.6796875,15688.48828125
154.27734279632568,2,4744.2,4343.82421875,15688.48828125
155.30235290527344,2,4744.2,4290.7734375,15688.48828125
156.3141806125641,2,4745.0,4475.47265625,15840.48828125
157.33821654319763,2,4749.9,4572.3203125,15840.48828125
158.36334991455078,2,4753.5,4518.8828125,15840.48828125
159.38434648513794,2,4740.7,4350.73828125,15840.48828125
160.40897798538208,2,4749.1,4381.61328125,15840.48828125
161.43435525894165,2,4746.0,4380.51171875,15840.48828125
162.45734810829163,2,4748.1,4362.11328125,15840.48828125
163.48243737220764,2,4748.7,4285.39453125,15840.48828125
164.50694727897644,2,4751.1,4211.80859375,15840.48828125
165.53234481811523,2,4740.5,4276.68359375,15884.48828125
166.55734491348267,2,4746.1,4269.234375,15884.48828125
167.58234810829163,2,4740.6,4112.26171875,15884.48828125
168.6069622039795,2,4750.7,4141.98828125,15884.48828125
169.63164615631104,2,4750.8,4214.390625,15884.48828125
170.65634441375732,2,4744.6,4261.41796875,15916.48828125
171.67434191703796,2,4741.1,4171.31640625,15916.48828125
172.69934368133545,2,4738.9,4089.234375,15916.48828125
173.7239055633545,2,4752.2,4206.84765625,15916.48828125
174.74935054779053,2,4745.9,4090.74609375,15976.48828125
175.77398109436035,2,4753.7,4069.7890625,16012.48828125
176.79935836791992,2,4751.1,4223.26953125,16088.48828125
177.82434821128845,2,4754.3,4144.3125,16088.48828125
178.84934544563293,2,4754.1,4202.5625,16140.48828125
179.8743462562561,2,4761.7,4081.26953125,16172.48828125
180.8987271785736,2,4748.6,4166.31640625,16172.48828125
181.92342281341553,2,4749.5,4124.51171875,16172.48828125
182.94834089279175,2,4768.9,4158.08984375,16224.48828125
183.97334027290344,2,4733.7,4093.53125,16224.48828125
184.99775218963623,2,4748.7,4050.27734375,16224.48828125
186.02334094047546,2,4740.4,4211.99609375,16376.48828125
187.0483431816101,2,4746.9,4196.08203125,16376.48828125
188.073344707489,2,4749.1,4091.6640625,16376.48828125
189.0863494873047,2,4753.5,4008.296875,16376.48828125
190.11095237731934,2,4743.1,4067.84765625,16406.48828125
191.13634371757507,2,4764.2,4172.76171875,16406.48828125
192.16076374053955,2,4753.0,4271.98828125,16406.48828125
193.18384861946106,2,4746.4,4212.14453125,16406.48828125
194.20846700668335,2,4756.7,4257.6640625,16406.48828125
195.2333483695984,2,4742.0,4191.82421875,16406.48828125
196.25834774971008,2,4750.2,4144.59375,16406.48828125
197.2833445072174,2,4750.6,4113.55078125,16406.48828125
198.30734062194824,2,4756.9,4149.69140625,16406.48828125
199.33034086227417,2,4757.7,4219.72265625,16406.48828125
200.3553445339203,2,4749.4,4299.921875,16426.48828125
201.38007259368896,2,4744.4,4148.5078125,16426.48828125
202.40534448623657,2,4744.0,4166.9296875,16446.48828125
203.43134880065918,2,4741.8,4138.86328125,16498.48828125
204.45635104179382,2,4752.0,4055.19140625,16498.48828125
205.47735381126404,2,4751.7,4043.83984375,16498.48828125
206.50189924240112,2,4743.9,4057.796875,16498.48828125
207.5274260044098,2,4739.5,4076.60546875,16498.48828125
208.55234742164612,2,4766.0,4240.98828125,16498.48828125
209.5773479938507,2,4724.5,4174.58984375,16498.48828125
210.60187911987305,2,4738.3,4306.5390625,16498.48828125
211.6262583732605,2,4760.6,4436.89453125,16530.48828125
212.65134239196777,2,4735.1,4350.078125,16562.48828125
213.67582964897156,2,4740.3,4330.99609375,16562.48828125
214.70023941993713,2,4757.7,4312.40234375,16562.48828125
215.72534203529358,2,4749.7,4348.40234375,16562.48828125
216.75034952163696,2,4755.5,4376.23046875,16562.48828125
217.77534675598145,2,4749.2,4378.0859375,16582.48828125
218.79534316062927,2,4759.9,4469.33203125,16602.48828125
219.81974816322327,2,4752.2,4400.14453125,16602.48828125
220.84534573554993,2,4757.4,4702.55078125,16754.48828125
221.86987447738647,2,4759.4,4670.74609375,16754.48828125
222.89534831047058,2,4748.9,4645.8125,16838.48828125
223.92657613754272,2,4735.0,4703.33203125,16894.48828125
224.95034408569336,2,4733.2,4820.74609375,17110.48828125
225.97534370422363,2,4754.8,4811.8984375,17158.48828125
227.00034523010254,2,4745.9,4823.2109375,17166.48828125
228.02509212493896,2,4745.4,4731.0546875,17214.48828125
229.05034971237183,2,4740.0,5612.984375,17984.48828125
230.07034254074097,2,4744.9,5655.76953125,18258.48828125
231.09482192993164,2,4743.8,5631.97265625,18258.48828125
232.11934399604797,2,4735.0,5672.13671875,18258.48828125
233.14434599876404,2,4731.9,5737.9140625,18262.48828125
234.16934394836426,2,4742.5,5776.03515625,18302.48828125
235.19375562667847,2,4742.4,5774.97265625,18302.48828125
236.21835780143738,2,4744.2,5815.44140625,18302.48828125
237.24400234222412,2,4738.8,5891.0625,18302.48828125
238.26835751533508,2,4740.7,5859.47265625,18302.48828125
239.2928729057312,2,4717.2,5864.765625,18302.48828125
240.31834316253662,2,4750.5,5890.09765625,18306.48828125
241.3427755832672,2,4744.1,6282.6953125,18642.48828125
242.36677980422974,2,4739.4,6209.65234375,18642.48828125
243.39113402366638,2,4725.8,6212.7109375,18646.48828125
244.41634607315063,2,4745.9,6168.51171875,18646.48828125
245.4413459300995,2,4735.5,6340.921875,18710.48828125
246.46634697914124,2,4741.4,6370.46484375,18710.48828125
247.49134159088135,2,4739.1,6338.9453125,18710.48828125
248.5159728527069,2,4741.0,6391.078125,18710.48828125
249.54134368896484,2,4739.8,6325.49609375,18710.48828125
250.56634545326233,2,4739.6,6246.015625,18710.48828125
251.59134435653687,2,4738.1,6268.30078125,18710.48828125
252.6163465976715,2,4732.7,6245.96875,18794.48828125
253.64065504074097,2,4746.4,6222.6171875,18794.48828125
254.66534185409546,2,4731.6,6256.47265625,18834.48828125
255.69034624099731,2,4745.9,6270.73828125,18834.48828125
256.71476125717163,2,4749.4,6224.31640625,18862.48828125
257.7393493652344,2,4753.3,6299.46875,18862.48828125
258.764347076416,2,4774.2,6530.93359375,19036.48828125
259.78862285614014,2,4683.0,6312.78125,19036.48828125
260.81434321403503,2,4741.4,6255.921875,19036.48828125
261.8393404483795,2,4748.7,6091.62109375,19036.48828125
262.86434292793274,2,4739.5,6043.5859375,19056.48828125
263.8889183998108,2,4751.2,6092.80078125,19056.48828125
264.91773438453674,2,4742.0,6291.2578125,19136.48828125
265.9394311904907,2,4732.9,6697.63671875,19512.48828125
266.96534490585327,2,4748.9,7274.734375,20294.48828125
267.9911415576935,2,4738.0,7783.2109375,20710.48828125
269.0158348083496,2,4734.4,8208.5546875,21262.48828125
270.04034423828125,2,4735.8,8300.734375,21262.48828125
271.0649914741516,2,4721.0,8599.85546875,21646.48828125
272.0903446674347,2,4731.0,9024.6953125,22154.48828125
273.11495327949524,2,4738.7,9026.0,22158.48828125
274.1403441429138,2,4716.0,9578.00390625,22572.48828125
275.1653552055359,2,4719.1,9849.6484375,22856.48828125
276.1823480129242,2,4703.5,10029.29296875,22860.48828125
277.20734190940857,2,4748.2,10347.65625,22940.48828125
278.23234462738037,2,4724.3,10308.08984375,22968.48828125
279.25699639320374,2,4204.7,10320.62109375,22968.48828125
280.2689251899719,2,3566.8,10294.17578125,23144.48828125
281.2804853916168,2,3472.9,10229.38671875,23144.48828125
282.2923002243042,2,3294.3,10078.19140625,23144.48828125
283.30405712127686,2,3178.6,10056.39453125,23144.48828125
284.31583046913147,2,3153.7,10082.140625,23220.48828125
285.32734417915344,2,3039.7,9902.203125,23268.48828125
286.3389356136322,2,2893.4,9728.2578125,23268.48828125
287.35056042671204,2,2862.1,9851.82421875,23732.48828125
288.3620467185974,2,2780.7,9916.375,24072.48828125
289.3733093738556,2,2712.7,9750.37890625,24120.48828125
290.3848524093628,2,2579.4,9670.8046875,24244.48828125
291.3963623046875,2,2495.2,9712.53125,24364.48828125
292.40788412094116,2,2282.3,9853.93359375,24452.48828125
293.4182357788086,2,2172.0,9499.1171875,24588.48828125
294.4283449649811,2,2088.8,9542.3671875,24896.48828125
295.43855452537537,2,2089.6,9512.49609375,25188.48828125
296.44880986213684,2,2092.0,9383.37109375,25236.48828125
297.4593288898468,2,2040.8,9126.01171875,25236.48828125
298.46968603134155,2,1989.6,9198.7109375,25236.48828125
299.4809498786926,2,1989.9,9022.9609375,25236.48828125
300.49104142189026,2,1991.6,8965.765625,25236.48828125
301.5007927417755,2,1991.6,8778.33203125,25236.48828125
302.5110912322998,2,1990.4,8780.8671875,25236.48828125
303.52196431159973,2,1991.1,9061.94921875,25524.48828125
304.53143644332886,2,1995.9,8872.21875,25524.48828125
305.5415201187134,2,1993.0,8747.64453125,25524.48828125
306.55207109451294,2,1992.6,8711.15234375,25524.48828125
307.56333684921265,2,1945.4,8560.41015625,25524.48828125
308.5733423233032,2,1894.5,8441.40625,25524.48828125
309.58312463760376,2,1894.3,8370.99609375,25524.48828125
310.59404039382935,2,1826.4,8204.37109375,25524.48828125
311.6036238670349,2,1528.2,8080.2578125,25524.48828125
312.6133334636688,2,1431.0,8131.29296875,25524.48828125
313.6224355697632,2,1296.6,7916.8671875,25524.48828125
314.63118529319763,2,1007.9,7782.8125,25524.48828125
315.63921880722046,2,796.8,7640.65625,25524.48828125
316.6482217311859,2,520.7,7459.296875,25524.48828125
317.6564495563507,2,404.6,7319.62890625,25524.48828125
318.6647791862488,2,405.9,7141.62109375,25524.48828125
319.6724772453308,2,405.7,7157.2265625,25524.48828125
320.680504322052,2,405.1,6961.73046875,25524.48828125
321.68776416778564,2,405.9,6654.36328125,25524.48828125
322.69543504714966,2,404.9,6483.40625,25524.48828125
323.7031292915344,2,402.8,6321.01953125,25524.48828125
324.71106910705566,2,402.1,6235.15625,25524.48828125
325.7183051109314,2,405.6,6080.4140625,25524.48828125
326.72675228118896,2,400.2,6359.67578125,25684.48828125
327.7338583469391,2,401.9,6010.73828125,25684.48828125
328.7415339946747,2,402.0,5947.74609375,25684.48828125
329.75143933296204,2,382.4,5845.76953125,25684.48828125
330.7607629299164,2,299.8,5881.8046875,25684.48828125
331.7714641094208,2,301.8,5903.32421875,25684.48828125
332.7819061279297,2,302.0,5955.1953125,25684.48828125
333.7919657230377,2,305.8,5655.3203125,25684.48828125
334.80242347717285,2,302.1,5851.35546875,25684.48828125
335.81200551986694,2,303.1,5831.71875,25684.48828125
336.8214967250824,2,302.1,6064.01171875,25684.48828125
337.83099484443665,2,301.8,6197.09375,25940.48828125
338.84158539772034,2,236.6,6133.765625,25940.48828125
339.8516607284546,2,209.8,5530.015625,25940.48828125
340.8620090484619,2,203.9,5554.12109375,25940.48828125
341.8723499774933,2,205.1,5305.01171875,25940.48828125
342.8816204071045,2,203.1,5212.80859375,25940.48828125
343.8910140991211,2,203.1,5081.92578125,25940.48828125
344.90019941329956,2,203.9,4945.1953125,25940.48828125
345.91066694259644,2,203.9,4810.41015625,25940.48828125
346.92107224464417,2,203.9,4704.90625,25940.48828125
347.9314835071564,2,200.0,4585.57421875,25940.48828125
348.941636800766,2,201.8,4619.71484375,25940.48828125
349.95253229141235,2,199.9,4862.70703125,25940.48828125
350.96303701400757,2,200.1,4841.33203125,25940.48828125
351.9724609851837,2,200.9,4823.59375,25940.48828125
352.98278403282166,2,199.9,4634.31640625,25940.48828125
353.9933829307556,2,200.9,4762.37890625,25940.48828125
355.00375509262085,2,201.0,4508.05078125,25940.48828125
356.01349925994873,2,201.0,4728.54296875,25940.48828125
357.0234706401825,2,201.9,4646.05859375,25940.48828125
358.0338091850281,2,201.0,4578.046875,25940.48828125
359.043612241745,2,200.0,4567.37109375,25940.48828125
360.0535137653351,2,201.9,4515.890625,25940.48828125
361.0638909339905,2,200.1,4686.03125,25940.48828125
362.0735909938812,2,203.0,4463.1484375,25940.48828125
363.08337020874023,2,200.1,4407.42578125,25940.48828125
364.0930953025818,2,201.0,4366.484375,25940.48828125
365.1032757759094,2,200.0,4314.72265625,25940.48828125
366.1134955883026,2,201.1,4291.9296875,25940.48828125
367.12295031547546,2,201.0,4257.00390625,25940.48828125
368.13268971443176,2,200.1,4237.59765625,25940.48828125
369.14229345321655,2,199.0,4485.73046875,25940.48828125
370.1523017883301,2,200.9,4333.80859375,25940.48828125
371.1628816127777,2,199.1,4328.6484375,25940.48828125
372.1725561618805,2,200.9,4309.83984375,25940.48828125
373.1829035282135,2,201.9,4091.9765625,25940.48828125
374.19338369369507,2,100.0,4167.48046875,25940.48828125
375.2037136554718,2,100.9,4302.9296875,25940.48828125
376.2143669128418,2,103.1,4264.8515625,25940.48828125
377.2235541343689,2,103.9,4109.65625,25940.48828125
378.23435854911804,2,106.0,4151.19921875,25940.48828125
379.24423003196716,2,104.0,4022.24609375,25940.48828125
380.25391817092896,2,104.9,3826.7890625,25940.48828125
381.264545917511,2,102.0,3762.1640625,25940.48828125
382.27476167678833,2,104.9,3691.7578125,25940.48828125
383.2855303287506,2,105.0,3615.94921875,25940.48828125
384.2951731681824,2,102.0,3565.58984375,25940.48828125
385.3048825263977,2,102.9,3511.53515625,25940.48828125
386.31512117385864,2,138.6,2739.140625,25940.48828125
387.32540011405945,2,690.7,3258.5234375,26084.49609375
388.33597683906555,2,108.0,3187.59765625,26180.578125
389.3452868461609,2,108.9,3484.46875,26580.578125
390.3557047843933,2,725.5,3740.78125,28140.578125
391.3673961162567,2,1702.4,4456.95703125,33772.66015625
392.3793361186981,2,1888.4,6698.68359375,33260.65234375
393.39019536972046,2,985.6,3898.984375,40044.609375
394.40133476257324,2,3748.6,5285.1640625,46188.609375
395.4257502555847,2,4483.1,6498.80859375,46188.609375
396.4354546070099,2,3070.9,6915.37109375,46188.609375
397.44397807121277,2,2413.3,6903.22265625,46188.609375
398.4545931816101,2,1044.9,3855.05859375,46188.609375
399.4652109146118,2,3531.4,5641.90625,46188.609375
400.47925567626953,2,4567.8,7301.53125,46188.609375
401.5027494430542,2,3630.2,7551.91796875,46188.609375
402.5201551914215,2,3639.5,8272.25390625,46188.609375
403.533075094223,2,2581.6,8435.40234375,46188.609375
404.54488921165466,2,3114.4,8480.33203125,46188.609375
405.55633330345154,2,2273.1,3295.73828125,44140.578125
406.58133840560913,2,4741.1,3202.796875,44140.578125
407.5950047969818,2,4766.6,3149.046875,44140.578125
408.6108100414276,2,4274.8,3230.43359375,44140.578125
409.62933802604675,2,4570.5,3239.95703125,44140.578125
410.6474006175995,2,2764.1,3359.7265625,44140.578125
411.6670207977295,2,423.5,3152.7421875,44140.578125
412.6752007007599,2,100.2,3128.03125,44140.578125
413.68289375305176,2,124.9,3388.0390625,44146.59765625
414.69135093688965,2,101.3,3758.296875,44146.59765625
415.69855403900146,2,99.2,4183.8984375,44146.59765625
416.70686316490173,4,22.8,4419.33984375,44434.734375
417.7150638103485,4,99.2,4657.578125,44684.16796875
418.7233715057373,4,101.3,4879.95703125,44921.62890625
419.73080563545227,4,99.2,5091.328125,45135.7421875
420.7391860485077,4,101.2,5424.7265625,45485.8515625
421.74709844589233,4,100.3,5779.48046875,45848.46484375
422.7538230419159,4,100.3,6129.19140625,46211.8515625
423.7604658603668,4,101.2,6491.3671875,46574.3203125
424.76860761642456,4,98.4,6846.44140625,46935.7734375
425.7751908302307,4,101.0,7203.81640625,47298.7734375
426.78489804267883,4,99.1,7567.94140625,47662.93359375
427.7943489551544,4,101.1,7930.19140625,48025.2890625
428.8030319213867,4,99.1,8292.06640625,48387.2578125
429.81212854385376,4,99.1,8655.44140625,48750.64453125
430.8215229511261,4,101.0,9016.68359375,49114.93359375
431.8309350013733,4,99.1,9379.296875,49478.19140625
432.84015822410583,4,100.0,9742.671875,49841.44921875
433.8502333164215,4,100.0,10106.421875,50205.22265625
434.86015272140503,4,100.1,10470.921875,50569.640625
435.869647026062,4,100.1,10830.9765625,50932.8984375
436.87816309928894,4,100.1,11193.9765625,51295.640625
437.88676261901855,4,99.1,11557.3515625,51659.02734375
438.89573073387146,4,101.0,11921.8515625,52023.4453125
439.9055278301239,4,100.0,12285.2265625,52386.9609375
440.9155309200287,4,99.1,12647.8515625,52749.703125
441.92505288124084,4,100.1,13010.4765625,53112.1875
442.9340252876282,4,100.1,13373.8515625,53475.703125
443.942839384079,4,99.0,13737.2265625,53838.83203125
444.95259976387024,4,100.1,14098.7265625,54200.4140625
445.9616792201996,4,100.0,14354.1015625,54455.90625
446.97166538238525,4,100.0,14402.8515625,54504.6328125
447.98205494880676,4,99.9,14733.9453125,54889.42578125
448.9926726818085,4,100.0,14666.328125,54767.8125
450.0028021335602,5,0.0,4348.9296875,44711.91796875
451.013365983963,5,99.9,4194.7421875,44386.7265625
452.02457213401794,2,442.4,3573.0,44686.61328125
453.03733587265015,2,2137.8,5104.61328125,49294.70703125
454.0623219013214,2,4784.3,5104.61328125,49294.70703125
455.0864861011505,2,4736.8,5152.61328125,49294.70703125
456.10447883605957,2,1847.2,5724.43359375,51342.73828125
457.1118607521057,2,99.2,6146.359375,51342.73828125
458.1201591491699,2,100.2,6464.4296875,51342.73828125
459.1284370422363,4,7.9,6878.5,51762.49609375
460.13690519332886,4,101.2,7217.375,52101.640625
461.14525628089905,4,99.2,7564.25,52448.3984375
462.15304374694824,4,100.3,7914.9140625,52799.5546875
463.16034841537476,4,99.3,8268.9140625,53153.40234375
464.1678626537323,4,100.2,8609.4140625,53493.97265625
465.1756594181061,4,100.3,8942.0390625,53829.64453125
466.182998418808,4,99.3,9271.2890625,54159.0
467.19036984443665,4,101.0,9596.25390625,54483.74609375
468.2006959915161,4,100.0,9937.50390625,54825.21875
469.2106354236603,4,98.9,10278.75390625,55166.17578125
470.22170519828796,4,100.9,10666.12890625,55553.5390625
471.232302904129,4,99.1,11052.37890625,55939.7421875
472.2416160106659,4,100.0,11439.75390625,56327.36328125
473.2519509792328,4,99.1,11824.50390625,56712.01953125
474.26141905784607,4,100.0,12212.25390625,57099.640625
475.27134919166565,4,100.1,12595.34765625,57485.97265625
476.2803978919983,4,100.0,12983.09765625,57873.59375
477.2904715538025,4,100.0,13367.47265625,58257.9921875
478.30001497268677,4,100.1,13753.72265625,58644.32421875
479.3088011741638,4,100.0,14139.97265625,59030.52734375
480.31829810142517,4,100.1,14525.84765625,59416.6015625
481.32703280448914,4,99.1,14910.22265625,59800.7421875
482.3358178138733,4,100.0,15295.26171875,60188.10546875
483.3455958366394,4,100.0,15681.88671875,60574.82421875
484.35563611984253,4,100.1,16069.26171875,60962.31640625
485.36444878578186,4,100.0,16454.38671875,61347.23046875
486.37489581108093,4,99.1,16841.38671875,61734.3359375
487.3836188316345,4,100.0,17228.01171875,62121.0546875
488.39352226257324,4,101.1,17614.26171875,62507.2578125
489.402245759964,4,99.1,17999.01171875,62892.04296875
490.4111943244934,4,99.9,18386.38671875,63279.53515625
491.42175006866455,4,100.0,18772.26171875,63665.22265625
492.4316318035126,4,100.1,19157.01171875,64050.13671875
493.44051861763,4,99.1,19485.51171875,64378.71875
494.44967555999756,4,99.9,19571.01171875,64464.18359375
495.46029448509216,4,100.0,19571.01171875,64464.18359375
496.4699592590332,4,100.0,19571.01171875,64464.18359375
497.480105638504,4,99.9,19576.5546875,64493.40234375
498.4910442829132,4,99.9,19923.1015625,64978.03125
499.50214982032776,4,99.9,20189.515625,65193.0390625
500.5131902694702,4,99.0,20197.515625,65193.0390625
501.5229640007019,4,99.9,19608.15234375,64500.9140625
502.53377318382263,5,0.0,6957.56640625,52222.71484375
503.5450539588928,5,100.0,7343.484375,52594.25390625
504.5552122592926,5,99.9,6714.2578125,51643.73828125
505.5658690929413,2,96.0,5508.453125,52047.6171875
506.57584142684937,2,209.9,6582.32421875,51535.5859375
507.58595752716064,2,712.5,6862.73828125,51535.5859375
508.59779238700867,2,217.1,7051.96875,51535.5859375
509.6065208911896,2,252.3,7070.2421875,51535.5859375
510.6172742843628,2,1885.8,9207.69921875,51535.5859375
511.6293547153473,2,2649.1,13164.78125,51535.5859375
512.6528401374817,2,4590.3,13421.12890625,51535.5859375
513.664523601532,2,4524.1,13403.58984375,51535.5859375
514.6763393878937,2,3822.3,14502.04296875,51535.5859375
515.6938710212708,2,4057.9,14631.4609375,51535.5859375
516.7051782608032,2,3759.5,15302.3046875,51535.5859375
517.7134256362915,2,2303.2,15308.28125,51535.5859375
518.7203345298767,2,2731.7,15288.72265625,51535.5859375
519.7380096912384,2,1843.5,7497.109375,51535.5859375
520.7456727027893,2,763.4,7975.203125,51535.5859375
521.7542130947113,2,245.3,7992.515625,51535.5859375
522.7611203193665,2,922.3,7752.515625,51535.5859375
523.7703351974487,2,1013.5,7453.73828125,51535.5859375
524.790379524231,2,2676.0,12852.34765625,51535.5859375
525.8102822303772,2,4610.2,13063.34375,51535.5859375
526.820333480835,2,4575.2,13557.1953125,51535.5859375
527.8356673717499,2,4009.3,14466.99609375,51535.5859375
528.8442227840424,2,3541.1,14686.9375,51535.5859375
529.8523449897766,2,3290.5,15297.19921875,51535.5859375
530.8594999313354,2,1951.5,15201.13671875,51535.5859375
531.8658812046051,2,3469.9,15266.54296875,51535.5859375
532.8778874874115,2,1047.3,8115.59375,51759.5859375
533.8860447406769,2,1296.2,8203.515625,51759.5859375
534.8921494483948,2,1536.5,7956.05859375,51759.5859375
535.9002301692963,2,1060.5,9043.859375,51759.5859375
536.9083361625671,2,3502.2,12314.12890625,51759.5859375
537.9273409843445,2,4628.4,12688.40625,51759.5859375
538.9483389854431,2,4482.8,13894.50390625,51759.5859375
539.9573836326599,2,3986.1,14717.69921875,51759.5859375
540.9933423995972,2,4528.4,13920.93359375,51759.5859375
542.0122368335724,2,3276.3,14367.796875,51759.5859375
543.020359992981,2,2472.6,14244.7109375,51759.5859375
544.0314230918884,2,3043.5,14363.03125,51759.5859375
545.0402293205261,2,1314.1,8755.76171875,51759.5859375
546.0491509437561,2,892.2,8107.16015625,51759.5859375
547.0595874786377,2,1384.3,7894.4375,51759.5859375
548.0683841705322,2,1744.9,10682.23828125,51759.5859375
549.0863361358643,2,4475.7,12337.93359375,51759.5859375
550.1052091121674,2,4584.2,12767.75,51759.5859375
551.1175439357758,2,4125.2,13893.21484375,51759.5859375
552.1283810138702,2,4270.8,14659.72265625,51759.5859375
553.1669723987579,2,4370.2,14038.46875,51759.5859375
554.1783535480499,2,2805.0,14257.96875,51759.5859375
555.1873331069946,2,2825.9,14238.00390625,51759.5859375
556.1974911689758,2,1591.4,7516.17578125,51759.5859375
557.2058296203613,2,1216.4,8463.65234375,51759.5859375
558.2129576206207,2,1549.6,7910.90625,51759.5859375
559.2443468570709,2,1159.2,8982.0078125,51759.5859375
560.264554977417,2,2914.1,12255.91796875,51759.5859375
561.2763409614563,2,4535.1,12806.4921875,51759.5859375
562.2973434925079,2,4497.7,13858.703125,51759.5859375
563.3153793811798,2,3891.4,14751.33203125,51759.5859375
564.3511321544647,2,4729.5,14501.19140625,51759.5859375
565.3665640354156,2,3512.3,14385.4296875,51759.5859375
566.3760137557983,2,2560.9,14248.1015625,51759.5859375
567.3835873603821,2,3176.7,14374.33984375,51759.5859375
568.3913352489471,2,1193.7,8784.046875,52015.5859375
569.4082524776459,2,867.9,8252.65234375,52527.6171875
570.4180684089661,2,1256.1,8069.0,52015.5859375
571.425375699997,2,1115.7,10206.75,52015.5859375
572.434333562851,2,4354.5,12477.1640625,52015.5859375
573.4523410797119,2,4611.7,13971.796875,52015.5859375
574.4765813350677,2,4488.8,14219.77734375,52015.5859375
575.4953866004944,2,3922.7,15080.46484375,52015.5859375
576.5303423404694,2,4479.5,14260.53515625,52015.5859375
577.5417175292969,2,3388.4,14663.8984375,52015.5859375
578.5506184101105,2,2516.6,14475.640625,52015.5859375
579.5575222969055,2,3222.4,14621.51171875,52015.5859375
580.5648732185364,2,1161.1,8633.05859375,52015.5859375
581.5725021362305,2,920.9,8285.44140625,52015.5859375
582.57923412323,2,1369.2,8067.9140625,52015.5859375
583.5877797603607,2,1104.4,9715.1640625,52015.5859375
584.5955355167389,2,4374.9,11650.15625,52015.5859375
585.6141932010651,2,4588.1,13543.8359375,52015.5859375
586.6286675930023,2,4323.1,13653.1328125,52015.5859375
587.6363563537598,2,4068.9,14459.4140625,52015.5859375
588.6776151657104,2,4492.0,13663.390625,52015.5859375
589.6923356056213,2,2901.0,14052.11328125,52015.5859375
590.7123348712921,2,2876.4,14014.04296875,52015.5859375
591.7233533859253,2,2103.5,7309.6484375,52015.5859375
592.7310435771942,2,1266.3,8748.0390625,52015.5859375
593.7379348278046,2,1091.2,8216.875,52527.6171875
594.7442367076874,2,1174.3,8065.55078125,52015.5859375
595.7519242763519,2,2788.0,11138.90625,52015.5859375
596.7633397579193,2,4478.0,11763.1953125,52015.5859375
597.7793378829956,2,4514.8,13573.9140625,52015.5859375
598.7903797626495,2,3859.0,14495.99609375,52015.5859375
599.8258237838745,2,4748.1,14455.6484375,52015.5859375
600.8653111457825,2,3542.6,14099.7109375,52015.5859375
601.871728181839,2,2571.7,13946.09765625,52015.5859375
602.8794248104095,2,3289.8,14046.9765625,52015.5859375
603.8874592781067,2,1080.3,8791.87109375,52015.5859375
604.89368891716,2,1007.8,8370.24609375,52015.5859375
605.899819612503,2,1408.2,8171.046875,52015.5859375
606.9081737995148,2,1033.9,9456.46484375,52015.5859375
607.9163370132446,2,4147.1,11619.3828125,52015.5859375
608.9353404045105,2,4613.5,13469.09375,52015.5859375
609.9551558494568,2,4474.5,13615.171875,52015.5859375
610.9664642810822,2,3889.4,14538.39453125,52015.5859375
612.0013451576233,2,4421.6,13654.38671875,52015.5859375
613.0213332176208,2,2940.8,14060.2734375,52015.5859375
614.0394697189331,2,2678.2,13969.84765625,52015.5859375
615.0494349002838,2,2627.0,10772.16015625,52015.5859375
616.0572991371155,2,1441.1,9327.25,52015.5859375
617.064888715744,2,759.1,8333.95703125,52015.5859375
618.0726108551025,2,1100.6,8047.26953125,52015.5859375
619.0802109241486,2,1611.0,10711.8125,52015.5859375
620.0915133953094,2,4494.9,12570.06640625,52015.5859375
621.1003422737122,2,4602.9,13882.22265625,52015.5859375
622.127144575119,2,4486.0,14243.3125,52015.5859375
623.1358208656311,2,3962.3,15044.25390625,52015.5859375
624.1748342514038,2,4396.2,14244.68359375,52015.5859375
625.1879317760468,2,3026.0,14654.953125,52015.5859375
626.2013370990753,2,2504.8,14573.33984375,52015.5859375
627.2125155925751,2,3102.3,14646.34765625,52015.5859375
628.2230153083801,2,1605.6,8547.18359375,52015.5859375
629.2306337356567,2,748.1,7885.98046875,52015.5859375
630.2426183223724,2,1551.9,9507.91015625,52015.5859375
631.2573757171631,2,3165.1,13109.1015625,52015.5859375
632.292186498642,2,4577.8,13677.546875,52015.5859375
633.3102855682373,2,4617.9,15279.046875,52015.5859375
634.32231092453,2,4423.6,14460.3203125,52015.5859375
635.3293988704681,2,4109.0,15532.609375,52047.5859375
636.3768417835236,2,4652.5,15499.984375,52047.5859375
637.4133415222168,2,4457.7,14633.68359375,52047.5859375
638.4293365478516,2,3027.8,15050.40234375,52047.5859375
639.4485561847687,2,2702.9,15101.8828125,52047.5859375
640.4576358795166,2,2994.1,15260.80078125,52047.5859375
641.4653494358063,2,1578.0,7867.953125,52047.5859375
642.4736313819885,2,2448.0,12410.0546875,52047.5859375
643.513335943222,2,4534.3,13054.55078125,52047.5859375
644.5315911769867,2,4364.9,12414.515625,52047.5859375
645.5433735847473,2,4147.6,13529.9765625,52047.5859375
646.5793817043304,2,4649.8,13447.4609375,52047.5859375
647.6202912330627,2,4608.0,12700.90234375,52047.5859375
648.6312584877014,2,2964.8,13164.77734375,52047.5859375
649.6498682498932,2,2866.6,13415.0625,52047.5859375
650.6575608253479,2,1797.4,7825.26171875,52047.5859375
651.6656785011292,2,1510.4,10739.63671875,52047.5859375
652.7008891105652,2,4464.6,12860.1015625,52047.5859375
653.720338344574,2,4468.7,11705.6484375,52047.5859375
654.7315108776093,2,4112.8,13480.6015625,52047.5859375
655.7711181640625,2,4655.6,13464.125,52047.5859375
656.8088490962982,2,4772.9,13444.8046875,52047.5859375
657.8481993675232,2,2968.6,13167.65625,52047.5859375
658.8666474819183,2,3110.1,13386.796875,52047.5859375
659.8751621246338,2,436.6,7073.43359375,52047.5859375
660.8833343982697,2,1137.2,8157.11328125,52047.5859375
661.9004104137421,2,954.7,7473.39453125,52047.5859375
662.9090366363525,2,2492.6,8855.13671875,52047.5859375
663.9173355102539,2,4320.7,10637.953125,52047.5859375
664.9346611499786,2,4519.6,12043.95703125,52047.5859375
665.952339887619,2,4099.0,13195.2421875,52047.5859375
666.9623789787292,2,4450.0,14009.62109375,52047.5859375
668.0034127235413,2,3640.3,13869.66796875,52047.5859375
669.0138127803802,2,2323.8,13724.53125,52047.5859375
670.0194141864777,2,3223.7,13767.109375,52047.5859375
671.0278992652893,2,411.9,7519.609375,52047.5859375
672.0363323688507,2,1297.0,8345.48046875,52047.5859375
673.0438599586487,2,952.2,7819.6171875,52047.5859375
674.0543501377106,2,2816.8,9474.71875,52047.5859375
675.0663406848907,2,4447.5,10896.34375,52047.5859375
676.0773739814758,2,4614.3,12706.61328125,52047.5859375
677.0893714427948,2,4195.3,13014.51953125,52047.5859375
678.115788936615,2,4120.8,12990.609375,52047.5859375
679.1245868206024,2,3104.2,13395.140625,52047.5859375
680.1339271068573,2,2588.8,13366.51171875,52047.5859375
681.1440713405609,2,2609.7,7415.53125,52559.59375
682.1517481803894,2,1537.3,8969.7421875,52047.5859375
683.1600108146667,2,579.8,8189.359375,52047.5859375
684.1689791679382,2,1325.6,7858.8515625,52047.5859375
685.1775076389313,2,2736.3,9255.02734375,52047.5859375
686.1883437633514,2,4431.6,10780.38671875,52047.5859375
687.210366487503,2,4592.5,11972.63671875,52047.5859375
688.2243392467499,2,4168.4,13050.5078125,52047.5859375
689.2354459762573,2,3709.3,13229.578125,52047.5859375
690.2453446388245,2,3194.5,13661.5703125,52047.5859375
691.2535574436188,2,2165.3,13617.046875,52047.5859375
692.2700545787811,2,3241.0,13720.734375,52047.5859375
693.2803335189819,2,1415.9,8868.10546875,52047.5859375
694.2973530292511,2,835.6,8243.13671875,52047.5859375
695.3048868179321,2,1195.3,7992.90234375,52047.5859375
696.3130099773407,2,2367.3,8718.27734375,52047.5859375
697.32133436203,2,3689.4,11086.26171875,52047.5859375
698.3353445529938,2,4430.4,12586.19921875,52047.5859375
699.3550932407379,2,4265.9,13016.50390625,52047.5859375
700.3703374862671,2,4387.2,14797.1796875,52047.5859375
701.3866398334503,2,3665.7,15015.9375,52047.5859375
702.3965499401093,2,3860.0,15258.84375,52047.5859375
703.4073402881622,2,2781.3,16109.953125,52367.5859375
704.4254672527313,2,2005.7,16142.3671875,52367.5859375
705.434552192688,2,3875.3,16424.1875,52367.5859375
706.4414138793945,2,657.4,7172.3046875,52367.5859375
707.4498491287231,2,1543.9,9347.87890625,52367.5859375
708.4583079814911,2,648.4,8189.0546875,52367.5859375
709.4747493267059,2,1322.7,7925.46875,52367.5859375
710.4832234382629,2,2461.1,9319.34765625,52367.5859375
711.4943368434906,2,4424.5,11068.29296875,52367.5859375
712.5103416442871,2,4615.2,13719.12890625,52367.5859375
713.5358700752258,2,4030.8,14361.41015625,52367.5859375
714.5436046123505,2,4195.6,14777.765625,52367.5859375
715.5563426017761,2,3547.3,15017.4296875,52367.5859375
716.5760209560394,2,3509.7,15999.6953125,52367.5859375
717.5847718715668,2,2132.7,15904.32421875,52367.5859375
718.5933375358582,2,3115.2,15935.6796875,52367.5859375
719.603462934494,2,1797.2,16235.546875,52367.5859375
720.6110098361969,2,1386.3,9046.3046875,52367.5859375
721.6276593208313,2,830.1,8233.23828125,52367.5859375
722.6353356838226,2,1167.4,8056.85546875,52367.5859375
723.6435730457306,2,2157.9,7893.55078125,52367.5859375
724.6947245597839,2,3486.0,10462.3671875,52367.5859375
725.7088778018951,2,4630.1,12861.640625,52367.5859375
726.7327976226807,2,4438.2,13115.67578125,52367.5859375
727.7439823150635,2,3775.0,13294.75390625,52367.5859375
728.7509713172913,2,3912.3,13932.1328125,52367.5859375
729.75781083107,2,2211.6,13860.41796875,52367.5859375
730.7643394470215,2,3489.5,13842.37890625,52367.5859375
731.7762131690979,2,684.0,8557.99609375,52367.5859375
732.783239364624,2,1631.0,8454.87890625,52367.5859375
733.7911591529846,2,1269.6,8201.59375,52367.5859375
734.8176064491272,2,2689.2,8183.1875,52367.5859375
735.8283331394196,2,3502.3,10759.12109375,52367.5859375
736.8469052314758,2,4565.8,13108.2578125,52367.5859375
737.8710968494415,2,4524.6,13184.49609375,52367.5859375
738.8893783092499,2,3924.2,13842.4453125,52367.5859375
739.9143326282501,2,3875.7,13931.29296875,52367.5859375
740.9243505001068,2,2535.3,14377.17578125,52367.5859375
741.9311561584473,2,2152.8,14319.83203125,52367.5859375
742.9411611557007,2,3088.0,14468.15625,52367.5859375
743.9513325691223,2,1440.4,8870.24609375,52367.5859375
744.9682919979095,2,853.6,8218.38671875,52367.5859375
745.9756517410278,2,1002.7,8018.0703125,52367.5859375
746.9828748703003,2,816.6,7772.20703125,52367.5859375
747.9907240867615,2,3683.6,10019.46484375,52367.5859375
749.0033421516418,2,4616.0,11598.484375,52367.5859375
750.022851228714,2,4621.6,12732.16015625,52367.5859375
751.0416035652161,2,4154.5,13002.5390625,52367.5859375
752.0517115592957,2,3693.6,13429.48828125,52367.5859375
753.0625107288361,2,2421.8,13833.46875,52367.5859375
754.0713450908661,2,2891.0,13903.765625,52367.5859375
755.0861957073212,2,1620.0,7457.4296875,52367.5859375
756.0940778255463,2,1522.1,9292.33984375,52367.5859375
757.1025335788727,2,884.1,8101.34375,52367.5859375
758.1102948188782,2,774.6,7972.5546875,52367.5859375
759.1184887886047,2,2466.6,7771.671875,52367.5859375
760.1678953170776,2,3623.5,10149.65234375,52367.5859375
761.1793420314789,2,4684.5,12949.0390625,52367.5859375
762.1963438987732,2,4443.3,12870.47265625,52367.5859375
763.2163462638855,2,3623.8,13212.2421875,52367.5859375
764.2368161678314,2,3746.5,13911.08984375,52367.5859375
765.2435667514801,2,1954.4,13820.546875,52367.5859375
766.2515914440155,2,3402.5,14056.99609375,52367.5859375
767.2603347301483,2,639.2,8581.4453125,52367.5859375
768.2771289348602,2,1557.2,8278.41796875,52367.5859375
769.2852485179901,2,895.2,8097.73046875,52367.5859375
770.2927932739258,2,1001.6,7944.125,52367.5859375
771.2982504367828,2,3512.5,9636.81640625,52367.5859375
772.3123450279236,2,4459.8,11214.16015625,52367.5859375
773.3323380947113,2,4548.4,11760.12890625,52367.5859375
774.3443684577942,2,4349.9,13100.79296875,52367.5859375
775.3543212413788,2,3328.2,13388.63671875,52367.5859375
776.3652782440186,2,3228.7,14015.65625,52367.5859375
777.3723049163818,2,1812.6,14002.53125,52367.5859375
778.3802447319031,2,3458.2,14105.61328125,52367.5859375
779.3933367729187,2,966.6,8677.41796875,52367.5859375
780.4102947711945,2,1214.7,8277.79296875,52367.5859375
781.4170818328857,2,1240.3,8121.39453125,52367.5859375
782.4233345985413,2,2331.1,7993.42578125,52367.5859375
783.4573345184326,2,3514.1,10522.33203125,52367.5859375
784.476354598999,2,4599.9,12776.1015625,52367.5859375
785.4993381500244,2,4439.7,13114.640625,52367.5859375
786.5423431396484,2,3706.7,13353.50390625,52367.5859375
787.5670232772827,2,3455.0,13899.640625,52367.5859375
788.5761027336121,2,2396.0,13816.96875,52367.5859375
789.5853364467621,2,3430.9,13962.2109375,52367.5859375
790.5919876098633,2,1006.6,8995.50390625,52367.5859375
791.6083500385284,2,1167.2,8586.8671875,52367.5859375
792.614937543869,2,1026.7,8340.5703125,52367.5859375
793.6249849796295,2,2157.7,8126.32421875,52367.5859375
794.6653380393982,2,3456.2,10828.21875,52367.5859375
795.6743338108063,2,4584.1,12749.23046875,52367.5859375
796.6983342170715,2,4366.0,13174.078125,52367.5859375
797.7165966033936,2,3957.3,13339.296875,52367.5859375
798.7253358364105,2,3915.2,13852.03515625,52367.5859375
799.7391693592072,2,2276.1,13928.12109375,52367.5859375
800.7486979961395,2,3160.8,13851.7734375,52367.5859375
801.7589962482452,2,1308.4,8122.48828125,52367.5859375
802.7661583423615,2,1599.1,9116.109375,52367.5859375
803.77419257164,2,703.5,8320.125,52367.5859375
804.7813425064087,2,1348.5,8004.5078125,52367.5859375
805.8053674697876,2,3119.2,10280.21484375,52367.5859375
806.8233437538147,2,4419.2,11440.6015625,52367.5859375
807.835348367691,2,4612.5,12532.5625,52367.5859375
808.8521723747253,2,4135.8,13601.56640625,52367.5859375
809.8623421192169,2,3626.3,13762.34765625,52367.5859375
810.8733470439911,2,3207.0,14226.8984375,52367.5859375
811.8943502902985,2,2234.5,14168.046875,52367.5859375
812.9033331871033,2,3427.9,14306.234375,52367.5859375
813.9121263027191,2,1145.4,9362.578125,52367.5859375
814.9203350543976,2,1133.6,8587.44140625,52367.5859375
815.927342414856,2,1101.6,8387.5390625,52367.5859375
816.9543361663818,2,2059.4,8206.6484375,52367.5859375
817.9833333492279,2,3262.5,11371.640625,52367.5859375
819.004346370697,2,4481.1,12269.36328125,52367.5859375
820.023886680603,2,4332.8,14530.89453125,52367.5859375
821.0383479595184,2,4311.8,15021.8515625,52367.5859375
822.0568997859955,2,4015.7,16024.11328125,52367.5859375
823.0911338329315,2,3797.0,15498.3125,52367.5859375
824.1010930538177,2,2996.3,16462.1640625,52367.5859375
825.1095416545868,2,2226.6,16266.66015625,52367.5859375
826.1193335056305,2,3374.2,16367.87109375,52367.5859375
827.1329109668732,2,1447.8,16737.8828125,52367.5859375
828.1398961544037,2,1353.9,9106.4609375,52751.5859375
829.1496496200562,2,781.6,8462.47265625,52751.5859375
830.1613342761993,2,985.6,8308.5703125,52751.5859375
831.1723353862762,2,1568.0,8102.10546875,52751.5859375
832.2215640544891,2,3563.5,10576.62109375,52751.5859375
833.2397758960724,2,4523.8,12326.85546875,52751.5859375
834.2643346786499,2,4523.3,13421.35546875,52751.5859375
835.2833776473999,2,3941.5,14450.03125,52751.5859375
836.3204400539398,2,4055.9,13870.5,52751.5859375
837.3303618431091,2,2624.2,14306.8828125,52751.5859375
838.3372058868408,2,2506.9,14282.5078125,52751.5859375
839.3476390838623,2,2456.6,8265.77734375,53263.59375
840.3553805351257,2,1649.6,9219.26171875,52751.5859375
841.3640847206116,2,685.8,8476.23046875,52751.5859375
842.3733372688293,2,1136.0,8282.9921875,52751.5859375
843.4057450294495,2,2013.2,9053.94140625,52751.5859375
844.4171416759491,2,4111.3,10887.05078125,52751.5859375
845.4351663589478,2,4462.9,12777.25390625,52751.5859375
846.4503381252289,2,4444.8,13356.8515625,52751.5859375
847.4613411426544,2,3552.8,13597.83203125,52751.5859375
848.4833381175995,2,3522.6,14128.95703125,52751.5859375
849.490513086319,2,2337.9,14030.61328125,52751.5859375
850.4978930950165,2,3583.9,14097.81640625,52751.5859375
851.506591796875,2,559.2,9065.8203125,52751.5859375
852.5152003765106,2,1627.4,8665.05078125,52751.5859375
853.5235135555267,2,1101.4,8461.484375,52751.5859375
854.5323359966278,2,1507.9,8222.9921875,52751.5859375
855.5909595489502,2,3432.9,11050.66015625,52751.5859375
856.6033363342285,2,4318.4,12001.65625,52751.5859375
857.619339466095,2,4565.0,14525.62890625,52751.5859375
858.6386120319366,2,4358.8,14846.26171875,52751.5859375
859.6458880901337,2,3956.9,15954.01953125,52751.5859375
860.6848351955414,2,3789.0,15380.50390625,52751.5859375
861.6948466300964,2,3013.6,16309.58984375,52751.5859375
862.7023358345032,2,2270.6,16183.09375,52751.5859375
863.7089488506317,2,3421.3,16363.9375,52751.5859375
864.7199594974518,2,1375.2,16699.015625,52751.5859375
865.7263340950012,2,1480.0,8929.29296875,52751.5859375
866.7446582317352,2,577.6,8332.56640625,52751.5859375
867.7541482448578,2,885.6,8180.71484375,52751.5859375
868.7623341083527,2,1823.9,7972.7265625,52751.5859375
869.8217825889587,2,3515.6,10582.25,52751.5859375
870.8303446769714,2,4582.1,12692.98046875,52751.5859375
871.8498799800873,2,4299.7,13271.734375,52751.5859375
872.8587582111359,2,3659.2,13539.26171875,52751.5859375
873.883127450943,2,3598.5,14137.453125,52751.5859375
874.8917407989502,2,2183.1,13939.13671875,52751.5859375
875.8989684581757,2,3610.9,14043.5703125,52751.5859375
876.9073340892792,2,978.9,9251.85546875,52751.5859375
877.9243850708008,2,1253.8,8837.2578125,52751.5859375
878.9315550327301,2,1142.9,8663.9140625,52751.5859375
879.9413828849792,2,2688.6,11152.640625,52751.5859375
880.9746160507202,2,4496.0,11970.0859375,52751.5859375
881.9850618839264,2,4580.6,13503.734375,52751.5859375
882.9965672492981,2,4044.2,15092.35546875,52751.5859375
884.0356018543243,2,4700.8,14952.4453125,52751.5859375
885.0745077133179,2,3610.8,14723.953125,52751.5859375
886.0813336372375,2,2417.1,14500.8984375,52751.5859375
887.0923352241516,2,3242.7,14537.3515625,52751.5859375
888.0999443531036,2,1261.5,9455.36328125,52751.5859375
889.108206987381,2,1414.6,8717.66796875,52751.5859375
890.1155438423157,2,1653.2,9265.9375,52751.5859375
891.1348469257355,2,2685.1,13555.90234375,52751.5859375
892.1693351268768,2,4552.4,14251.09375,52751.5859375
893.1873478889465,2,4562.3,16170.40625,52751.5859375
894.2033410072327,2,4475.7,14991.5859375,52751.5859375
895.21737241745,2,4182.0,15843.265625,52751.5859375
896.2593750953674,2,4646.5,15805.43359375,52751.5859375
897.2981991767883,2,4297.0,15061.7109375,52751.5859375
898.3083350658417,2,3107.3,15477.29296875,52751.5859375
899.3223352432251,2,2864.4,15519.2265625,52751.5859375
900.3332631587982,2,1975.5,7519.74609375,52751.5859375
901.340749502182,2,1756.7,9618.2890625,52751.5859375
902.3482768535614,2,956.5,8515.33984375,52751.5859375
903.3563320636749,2,2127.1,10694.15234375,52751.5859375
904.3663368225098,2,4468.5,12416.59765625,52751.5859375
905.3853445053101,2,4613.9,14463.38671875,52751.5859375
906.3974485397339,2,4370.3,14681.734375,52751.5859375
907.4062061309814,2,4213.2,15353.875,52751.5859375
908.4457921981812,2,4094.8,14702.0703125,52751.5859375
909.4563360214233,2,3056.7,15137.7578125,52751.5859375
910.4763343334198,2,2380.5,15025.92578125,52751.5859375
911.4862053394318,2,2738.2,15001.96875,52751.5859375
912.4941158294678,2,1732.2,9098.9921875,52751.5859375
913.5009305477142,2,754.9,8509.5703125,52751.5859375
914.5103633403778,2,2107.3,10453.66796875,52751.5859375
915.5453343391418,2,4532.7,12034.61328125,52751.5859375
916.5629568099976,2,4545.4,13007.37890625,52751.5859375
917.5753877162933,2,4004.6,14664.08984375,52751.5859375
918.6113765239716,2,4716.5,14569.94140625,52751.5859375
919.643194437027,2,3395.6,14399.875,52751.5859375
920.6526441574097,2,2494.9,14234.1484375,52751.5859375
921.6598501205444,2,3008.4,14320.91015625,52751.5859375
922.667334318161,2,1502.6,9567.5234375,52751.5859375
923.6843113899231,2,1156.1,8657.64453125,52751.5859375
924.6919059753418,2,1751.4,9345.78515625,52751.5859375
925.6996235847473,2,3536.5,12344.60546875,52751.5859375
926.7093405723572,2,4608.2,13407.02734375,52751.5859375
927.7303421497345,2,4395.1,14471.41796875,52751.5859375
928.7393789291382,2,4208.2,15172.7734375,52751.5859375
929.7803440093994,2,4173.1,14432.765625,52751.5859375
930.8003420829773,2,3165.4,14818.11328125,52751.5859375
931.821569442749,2,2473.3,14635.08203125,52751.5859375
932.829432964325,2,3055.2,14787.4296875,52751.5859375
933.8359270095825,2,1604.6,9521.9609375,52751.5859375
934.8435859680176,2,940.0,8899.32421875,52751.5859375
935.8554489612579,2,1619.0,10757.54296875,52751.5859375
936.8643863201141,2,3677.6,13652.8828125,52751.5859375
937.8775868415833,2,4582.9,14327.96875,52751.5859375
938.8967862129211,2,4540.6,13865.01953125,52751.5859375
939.9090254306793,2,4288.1,15148.19140625,52751.5859375
940.9193770885468,2,4474.7,15983.91015625,52751.5859375
941.9553742408752,2,4678.5,15949.9296875,52751.5859375
942.9952747821808,2,4211.6,15210.94140625,52751.5859375
944.005185842514,2,3014.2,15605.53125,52751.5859375
945.0250318050385,2,2969.0,15713.44140625,52751.5859375
946.0348043441772,2,1474.2,8172.875,52751.5859375
947.042032957077,2,1761.8,9371.41796875,52751.5859375
948.0513381958008,2,1199.2,8608.7734375,52751.5859375
949.0729131698608,2,1945.6,12003.21875,52751.5859375
950.1114978790283,2,4434.2,14347.0859375,52751.5859375
951.1303436756134,2,4667.8,14762.98828125,52751.5859375
952.1433534622192,2,4528.6,15116.3515625,52751.5859375
953.1563880443573,2,4188.9,16008.421875,52751.5859375
954.1942529678345,2,4681.3,15993.53515625,52751.5859375
955.2343738079071,2,4752.6,15945.22265625,52751.5859375
956.2736504077911,2,3403.5,15733.3828125,52751.5859375
957.2820725440979,2,2795.6,15685.78125,52751.5859375
958.288571357727,2,2998.7,15836.19140625,52751.5859375
959.2950427532196,2,1880.1,8437.890625,52751.5859375
960.3035037517548,2,2616.4,8404.4140625,52751.5859375
961.3122446537018,2,2521.5,8891.6953125,52751.5859375
962.3198685646057,2,413.0,7533.43359375,52558.73828125
963.3303363323212,2,1999.7,8503.91796875,52558.73828125
964.3788154125214,2,3156.8,11215.19921875,52558.73828125
965.396894454956,2,4480.1,13373.28125,59726.73828125
966.4206659793854,2,4521.3,13034.9921875,59766.73828125
967.4350399971008,2,4302.7,15292.80078125,59766.73828125
968.4532315731049,2,3446.0,15591.6953125,59766.73828125
969.463053226471,2,3451.1,15812.5078125,59766.73828125
970.4727795124054,2,3289.3,17033.05078125,59766.73828125
971.4803509712219,2,1520.8,16980.16015625,59766.73828125
972.4883387088776,2,2385.4,17045.859375,59766.73828125
973.4993376731873,2,2829.4,17298.56640625,59766.73828125
974.5065767765045,2,567.7,7981.3203125,59766.73828125
975.5193300247192,2,1380.8,8982.12890625,59766.73828125
976.593875169754,2,3114.8,11023.1875,59766.73828125
977.6053347587585,2,4419.9,12936.0546875,59766.73828125
978.6163403987885,2,4492.8,15789.47265625,67958.73828125
979.6363387107849,2,4638.1,20777.015625,67958.73828125
980.6606869697571,2,4359.4,16145.90234375,68006.73828125
981.6743359565735,2,4386.2,18804.21484375,68006.73828125
982.6933405399323,2,4479.4,19026.9296875,68006.73828125
983.7123582363129,2,3068.6,19413.375,68006.73828125
984.7373461723328,2,3537.2,19608.671875,68006.73828125
985.7573380470276,2,4285.4,20485.6328125,68006.73828125
986.7745785713196,2,1775.5,20938.4765625,68006.73828125
987.7833359241486,2,1777.4,20791.48828125,68006.73828125
988.795346736908,2,1426.4,21033.0,68006.73828125
989.809339761734,2,4576.2,20990.51171875,68006.73828125
990.8236474990845,2,1222.6,21475.328125,68006.73828125
991.8317527770996,2,815.3,8496.78515625,68006.73828125
992.8386960029602,2,2589.0,9180.5703125,68006.73828125
993.8473336696625,2,3399.5,12500.93359375,68006.73828125
994.8645956516266,2,4476.7,14176.453125,68006.73828125
995.8893375396729,2,4676.3,19158.2890625,68006.73828125
996.9093382358551,2,4502.5,15472.4375,68006.73828125
997.9213354587555,2,4419.4,18344.30859375,68006.73828125
998.942565202713,2,4464.8,18552.44140625,68006.73828125
999.9523494243622,2,3142.5,18962.94140625,68006.73828125
1000.9800541400909,2,3593.3,19141.84765625,68006.73828125
1001.9901897907257,2,3981.4,20422.76953125,68006.73828125
1002.9960014820099,2,1505.7,20432.46875,68006.73828125
1004.0040996074677,2,1760.1,20241.60546875,68006.73828125
1005.0097680091858,2,3057.4,20532.50390625,68006.73828125
1006.0209629535675,2,2801.3,20724.546875,68006.73828125
1007.0300042629242,2,542.0,7909.8515625,68006.73828125
1008.0413341522217,2,1909.3,8818.6015625,68006.73828125
1009.0897784233093,2,3218.2,11677.54296875,68006.73828125
1010.1077342033386,2,4340.3,12751.5,68006.73828125
1011.1263432502747,2,4633.5,17204.078125,68006.73828125
1012.1463527679443,2,4643.0,18725.27734375,68006.73828125
1013.1598978042603,2,4462.6,18127.65625,68006.73828125
1014.1723380088806,2,4346.9,18475.96875,68006.73828125
1015.1895987987518,2,3533.1,18764.37890625,68006.73828125
1016.1983418464661,2,3661.9,19080.45703125,68006.73828125
1017.2230389118195,2,4113.5,19896.66015625,68006.73828125
1018.2313351631165,2,1927.2,20294.55078125,68006.73828125
1019.2382311820984,2,1695.6,20267.0,68006.73828125
1020.2466480731964,2,2126.3,20469.578125,68006.73828125
1021.278133392334,2,4007.3,20602.94140625,68006.73828125
1022.2862496376038,2,652.9,8657.37109375,70054.75390625
1023.2940413951874,2,972.4,8742.453125,68006.73828125
1024.3031735420227,2,2688.7,10631.5859375,68006.73828125
1025.3133363723755,2,4467.8,12521.45703125,68006.73828125
1026.3316004276276,2,4487.4,15613.6171875,68006.73828125
1027.352341413498,2,4665.4,20472.6328125,68006.73828125
1028.3723013401031,2,4430.1,17157.5703125,68006.73828125
1029.3853409290314,2,4456.5,18279.8828125,68006.73828125
1030.4045479297638,2,3728.9,18662.703125,68006.73828125
1031.4143543243408,2,3859.4,18847.06640625,68006.73828125
1032.4323348999023,2,3821.4,19401.9375,68006.73828125
1033.44282913208,2,2819.7,20250.11328125,68006.73828125
1034.4488348960876,2,1577.3,20248.2421875,68006.73828125
1035.457534790039,2,1611.3,20235.9296875,68006.73828125
1036.4653327465057,2,4214.1,20369.36328125,68006.73828125
1037.479469537735,2,1523.3,20742.08203125,68006.73828125
1038.4869372844696,2,632.4,8515.58203125,68006.73828125
1039.494338274002,2,1293.3,9569.92578125,68006.73828125
1040.5435001850128,2,2798.2,11817.453125,68006.73828125
1041.5523371696472,2,4393.9,14405.03515625,68006.73828125
1042.5713477134705,2,4486.0,15248.296875,68006.73828125
1043.5954804420471,2,4646.5,19628.35546875,68006.73828125
1044.6197311878204,2,4672.8,24981.87890625,78246.73828125
1045.6434128284454,2,4432.8,19108.26171875,78246.73828125
1046.6688268184662,2,4479.5,20422.671875,78246.73828125
1047.6880774497986,2,3951.3,20726.48046875,78246.73828125
1048.6983630657196,2,3018.3,20971.76953125,78246.73828125
1049.7063450813293,2,3699.4,21212.3125,78246.73828125
1050.7313351631165,2,3897.7,21991.04296875,78246.73828125
1051.7497625350952,2,2461.2,22544.89453125,78246.73828125
1052.7597074508667,2,1724.8,22498.6015625,78246.73828125
1053.7673847675323,2,1610.2,22530.84765625,78246.73828125
1054.775337934494,2,3383.8,22684.66015625,78246.73828125
1055.78835105896,2,2836.9,22953.66015625,78246.73828125
1056.8058750629425,2,509.6,7824.05859375,78246.73828125
1057.8144323825836,2,995.5,9257.046875,78246.73828125
1058.8230695724487,2,3506.2,9653.97265625,78246.73828125
1059.8323571681976,2,2702.2,13379.9140625,78246.73828125
1060.845337152481,2,4343.8,14640.44921875,78246.73828125
1061.8663458824158,2,4616.1,18252.98828125,78246.73828125
1062.885336637497,2,4694.4,23229.140625,78246.73828125
1063.905351638794,2,4443.1,17142.17578125,78246.73828125
1064.9253330230713,2,4436.5,20526.4609375,78246.73828125
1065.9433364868164,2,4493.4,20715.37109375,78246.73828125
1066.9623498916626,2,3314.7,20936.2265625,78246.73828125
1067.9740705490112,2,3473.0,21113.83203125,78246.73828125
1068.9991059303284,2,3280.1,21385.3125,78246.73828125
1070.0093343257904,2,3992.4,22632.8359375,78246.73828125
1071.0177602767944,2,1578.0,22621.86328125,78246.73828125
1072.024050951004,2,1866.6,22611.703125,78246.73828125
1073.0306763648987,2,2008.9,22869.6328125,78246.73828125
1074.0492527484894,2,4463.2,22928.36328125,78246.73828125
1075.0562946796417,2,647.2,7943.60546875,80294.75390625
1076.0636386871338,2,698.8,9084.40234375,78246.73828125
1077.0703320503235,2,2233.2,9560.75390625,78246.73828125
1078.1123714447021,2,2757.7,12884.109375,78246.73828125
1079.13249874115,2,4417.7,14537.87109375,78246.73828125
1080.1403458118439,2,4552.1,16674.6484375,78246.73828125
1081.1646256446838,2,4665.9,21386.30859375,78246.73828125
1082.189134836197,2,4564.3,20524.87109375,78246.73828125
1083.2019736766815,2,4433.3,19943.91796875,78246.73828125
1084.2163405418396,2,4352.0,20575.62890625,78246.73828125
1085.2351236343384,2,3548.6,20858.7421875,78246.73828125
1086.2443454265594,2,3532.7,21070.0546875,78246.73828125
1087.2693421840668,2,3228.4,21212.97265625,78246.73828125
1088.2930362224579,2,4397.1,22158.05859375,78246.73828125
1089.3111217021942,2,1899.9,22534.29296875,78246.73828125
1090.3190507888794,2,1721.2,22608.36328125,78246.73828125
1091.3276016712189,2,1426.0,22534.671875,78246.73828125
1092.3393380641937,2,4475.8,22820.83984375,78246.73828125
1093.3541719913483,2,1596.5,23114.75390625,78246.73828125
1094.3618052005768,2,582.8,8423.859375,78246.73828125
1095.369336605072,2,1212.9,9558.90234375,78246.73828125
1096.420758008957,2,2936.1,11720.1171875,78246.73828125
1097.432333946228,2,4306.5,14407.59375,78246.73828125
1098.4506134986877,2,4480.6,15011.9453125,78246.73828125
1099.4703397750854,2,4651.8,20188.43359375,78246.73828125
1100.4903590679169,2,4686.1,25630.1796875,78246.73828125
1101.510022163391,2,4414.0,19220.0390625,78246.73828125
1102.5293397903442,2,4447.6,20638.98828125,78246.73828125
1103.5486686229706,2,4094.5,20970.26171875,78246.73828125
1104.572684288025,2,3040.7,21211.2421875,78246.73828125
1105.5817213058472,2,3347.4,21448.4921875,78246.73828125
1106.6066026687622,2,4039.8,22086.390625,78246.73828125
1107.6138637065887,2,2589.5,22812.5234375,78246.73828125
1108.6243340969086,2,1634.8,22678.91796875,78246.73828125
1109.6315875053406,2,1758.5,22664.66015625,78246.73828125
1110.639766216278,2,3308.2,22802.6640625,78246.73828125
1111.668338060379,2,2845.0,23051.37109375,78246.73828125
1112.6850244998932,2,512.0,7873.9140625,78246.73828125
1113.692787885666,2,990.4,9320.03125,78246.73828125
1114.7005598545074,2,3481.0,9676.54296875,78246.73828125
1115.7103416919708,2,2853.8,13854.83984375,78246.73828125
1116.73033452034,2,4366.2,14634.828125,78246.73828125
1117.7483451366425,2,4609.7,18143.15625,78246.73828125
1118.7726216316223,2,4667.7,23469.83984375,78246.73828125
1119.7969381809235,2,4354.4,17221.1015625,78246.73828125
1120.8179183006287,2,4408.2,20603.66796875,78246.73828125
1121.836343050003,2,4492.2,20816.77734375,78246.73828125
1122.8553478717804,2,3352.8,21042.04296875,78246.73828125
1123.8743648529053,2,3612.1,21197.171875,78246.73828125
1124.8853342533112,2,3415.9,21486.4375,78246.73828125
1125.9000532627106,2,3873.8,22738.83984375,78246.73828125
1126.907483100891,2,1530.1,22705.078125,78246.73828125
1127.9163341522217,2,1797.6,22620.05859375,78246.73828125
1128.926337480545,2,1844.7,22804.5703125,78246.73828125
1129.936737537384,2,4545.7,22928.046875,78246.73828125
1130.9468874931335,2,747.6,7684.5390625,80294.75390625
1131.9539861679077,2,658.3,8985.125,78246.73828125
1132.9612214565277,2,1847.9,9611.6328125,78246.73828125
1133.9732780456543,2,2389.0,12360.640625,78246.73828125
1134.983350276947,2,4076.5,14804.8828125,78246.73828125
1135.9953317642212,2,4141.5,16005.22265625,78246.73828125
1137.0133440494537,2,4520.8,18626.828125,78246.73828125
1138.0377871990204,2,4691.3,23392.828125,78246.73828125
1139.0617852210999,2,4599.7,28720.03515625,78246.73828125
1140.085819721222,2,4412.5,19570.66015625,78302.73828125
1141.0943722724915,2,4442.9,23244.58203125,78302.73828125
1142.1203424930573,2,4299.1,24909.88671875,78302.73828125
1143.140335559845,2,4416.8,25282.59765625,78302.73828125
1144.1575937271118,2,3618.6,25576.54296875,78302.73828125
1145.1638715267181,2,3550.2,25893.77734375,78302.73828125
1146.1888947486877,2,4041.8,25882.3515625,78302.73828125
1147.1973345279694,2,3626.4,26329.4609375,78302.73828125
1148.2143378257751,2,3971.8,27663.5703125,78302.73828125
1149.235486984253,2,1893.3,28619.2421875,78302.73828125
1150.2446582317352,2,1596.0,28413.53515625,78302.73828125
1151.254117012024,2,2043.3,28396.58984375,78302.73828125
1152.2623851299286,2,1766.4,28885.27734375,78302.73828125
1153.2727890014648,2,4654.3,28922.94921875,78302.73828125
1154.2839970588684,2,1449.4,29441.72265625,78302.73828125
1155.2917788028717,2,864.5,29788.265625,78302.73828125
1156.2981452941895,2,918.8,8583.578125,78302.73828125
1157.3059849739075,2,2530.1,10414.0625,78302.73828125
1158.3233320713043,2,4323.6,12076.20703125,78302.73828125
1159.3449726104736,2,4643.8,16962.3671875,78302.73828125
1160.3676319122314,2,4223.7,15359.52734375,78302.73828125
1161.3877413272858,2,3578.9,15598.55078125,78302.73828125
1162.414347410202,2,3326.3,15833.515625,78302.73828125
1163.4342815876007,2,3485.7,17023.83984375,78302.73828125
1164.4425189495087,2,1608.2,16899.0390625,78302.73828125
1165.451333284378,2,2813.7,16986.42578125,78302.73828125
1166.4691355228424,2,2027.5,17339.4609375,78302.73828125
1167.4765956401825,2,845.3,8497.96875,78302.73828125
1168.484901189804,2,2068.8,9793.68359375,78302.73828125
1169.4933326244354,2,4134.1,11643.953125,78302.73828125
1170.5113399028778,2,4630.6,16297.8203125,78302.73828125
1171.5358214378357,2,4388.1,15066.609375,78302.73828125
1172.545340538025,2,4040.1,15430.16796875,78302.73828125
1173.5678493976593,2,3215.2,15620.9453125,78302.73828125
1174.5748252868652,2,3782.2,16511.26171875,78302.73828125
1175.5913376808167,2,1577.8,16697.57421875,78302.73828125
1176.5983457565308,2,2238.5,16840.28125,78302.73828125
1177.6090323925018,2,2830.6,17068.98828125,78302.73828125
1178.6198031902313,2,570.0,8108.8125,78302.73828125
1179.6301004886627,2,1008.2,9460.37890625,78302.73828125
1180.637954711914,2,3193.8,10420.859375,78302.73828125
1181.646073102951,2,2993.0,14299.421875,78302.73828125
1182.659984588623,2,4183.9,15873.37109375,78302.73828125
1183.6780433654785,2,4449.7,17288.8984375,78302.73828125
1184.703340291977,2,4659.2,22146.8828125,78302.73828125
1185.7232360839844,2,4683.2,27379.76171875,78302.73828125
1186.7471206188202,2,4625.2,24674.58203125,78302.73828125
1187.7630550861359,2,4337.5,23119.0625,78302.73828125
1188.7897939682007,2,4253.6,24713.2890625,78302.73828125
1189.8078281879425,2,4465.0,24917.9296875,78302.73828125
1190.825757265091,2,3999.8,25253.64453125,78302.73828125
1191.835402727127,2,3076.8,25690.765625,78302.73828125
1192.8453464508057,2,4592.1,25856.8671875,78302.73828125
1193.8703346252441,2,3449.1,25958.140625,78302.73828125
1194.8907992839813,2,4168.0,27353.234375,78302.73828125
1195.908340215683,2,2025.0,28219.30859375,78302.73828125
1196.9143333435059,2,1628.5,28187.02734375,78302.73828125
1197.9212832450867,2,2052.7,28131.9296875,78302.73828125
1198.9292991161346,2,1796.3,28489.0703125,78302.73828125
1199.939556837082,2,4597.3,28683.44140625,78302.73828125
1200.9505486488342,2,1451.3,29239.16015625,78302.73828125
1201.9576625823975,2,838.2,29594.5390625,78302.73828125
1202.9658634662628,2,716.5,8678.13671875,78302.73828125
1203.9743328094482,2,2300.0,9477.04296875,78302.73828125
1205.0133419036865,2,2803.5,13109.0546875,78302.73828125
1206.0283365249634,2,4370.2,14305.890625,78302.73828125
1207.0473408699036,2,4583.3,17254.94140625,78302.73828125
1208.0673367977142,2,4659.5,22257.88671875,78302.73828125
1209.0876145362854,2,3954.1,16950.26953125,78302.73828125
1210.1003348827362,2,4390.9,20196.16015625,78302.73828125
1211.1186175346375,2,4512.1,20377.29296875,78302.73828125
1212.1383576393127,2,3519.2,20619.953125,78302.73828125
1213.16441988945,2,3510.8,20871.05078125,78302.73828125
1214.1886825561523,2,4113.2,21624.91796875,78302.73828125
1215.2065887451172,2,2477.5,22159.46484375,78302.73828125
1216.2143378257751,2,1774.2,22201.6171875,78302.73828125
1217.2333512306213,2,1500.2,22028.11328125,78302.73828125
1218.246144771576,2,4230.8,22309.2421875,78302.73828125
1219.2652604579926,2,1635.0,22610.5234375,78302.73828125
1220.2730090618134,2,561.0,8704.625,78302.73828125
1221.2802493572235,2,840.5,9867.8125,78302.73828125
1222.2879657745361,2,3852.7,10021.671875,78302.73828125
1223.3394553661346,2,2322.4,13949.921875,78302.73828125
1224.3533329963684,2,4291.4,16169.31640625,78302.73828125
1225.371339559555,2,4363.3,16632.8984375,78302.73828125
1226.391340970993,2,4602.2,21179.4609375,78302.73828125
1227.4113376140594,2,4662.0,26507.08984375,78302.73828125
1228.4313380718231,2,4678.5,31666.8671875,90590.73828125
1229.451344013214,2,4276.4,21191.51171875,90590.73828125
1230.471289396286,2,4470.4,25108.6640625,90590.73828125
1231.4813394546509,2,4449.2,25424.40625,90590.73828125
1232.5023415088654,2,4266.0,25828.15625,90590.73828125
1233.520833015442,2,3152.4,26070.26953125,90590.73828125
1234.5465977191925,2,3660.1,26398.73046875,90590.73828125
1235.572346687317,2,4024.6,26515.75,90590.73828125
1236.5970704555511,2,4105.8,27068.47265625,90590.73828125
1237.6113336086273,2,3515.4,28650.98046875,90590.73828125
1238.6296303272247,2,1794.8,28977.4609375,90590.73828125
1239.6362397670746,2,1577.4,28986.22265625,90590.73828125
1240.645446062088,2,1961.6,28970.9296875,90590.73828125
1241.6539282798767,2,1908.6,29139.6328125,90590.73828125
1242.663334608078,2,4530.0,29408.05078125,90590.73828125
1243.6774928569794,2,1860.1,29966.66796875,90590.73828125
1244.6848313808441,2,750.2,30303.13671875,90590.73828125
1245.6925780773163,2,570.9,8606.41015625,90590.73828125
1246.6997921466827,2,880.4,9537.93359375,90590.73828125
1247.7073919773102,2,3548.0,10806.33984375,90590.73828125
1248.7163407802582,2,3222.8,14380.921875,90590.73828125
1249.7333307266235,2,4200.7,15999.70703125,90590.73828125
1250.7543425559998,2,4460.1,17750.50390625,90590.73828125
1251.7730441093445,2,4666.5,22078.39453125,90590.73828125
1252.797339439392,2,4671.5,27590.23828125,90590.73828125
1253.8183517456055,2,4627.7,22670.69140625,90590.73828125
1254.8423478603363,2,4331.5,23274.61328125,90590.73828125
1255.8677597045898,2,4286.0,24929.08984375,90590.73828125
1256.8855621814728,2,4464.7,25159.234375,90590.73828125
1257.9035995006561,2,3856.0,25499.7578125,90590.73828125
1258.911342382431,2,3256.6,25961.55859375,90590.73828125
1259.9356071949005,2,4477.9,25843.484375,90590.73828125
1260.9548635482788,2,3579.7,26369.015625,90590.73828125
1261.973337650299,2,4145.9,27638.2421875,90590.73828125
1262.9907534122467,2,1904.6,28535.6953125,90590.73828125
1263.999210357666,2,1633.6,28378.7265625,90590.73828125
1265.0062847137451,2,2042.9,28365.02734375,90590.73828125
1266.0141038894653,2,1942.8,29062.26171875,90590.73828125
1267.0323367118835,2,4644.3,28891.51953125,90590.73828125
1268.0424461364746,2,1287.1,29403.65234375,90590.73828125
1269.0507454872131,2,862.8,29762.70703125,90590.73828125
1270.056747674942,2,580.9,8853.953125,90590.73828125
1271.0643360614777,2,1128.9,9789.48828125,90590.73828125
1272.1047666072845,2,3167.1,11639.3046875,90590.73828125
1273.112338066101,2,3871.4,14831.50390625,90590.73828125
1274.1312112808228,2,4183.0,16043.27734375,90590.73828125
1275.142341852188,2,4482.4,18018.1484375,90590.73828125
1276.1623394489288,2,4664.1,23122.41015625,90590.73828125
1277.1873474121094,2,4671.5,29316.78125,90590.73828125
1278.209344625473,2,4637.2,21304.6171875,90590.73828125
1279.2283418178558,2,4441.2,23339.34765625,90590.73828125
1280.2543365955353,2,4282.8,24989.42578125,90590.73828125
1281.2732512950897,2,4347.2,25330.24609375,90590.73828125
1282.2833406925201,2,3800.3,25671.91015625,90590.73828125
1283.3033487796783,2,3422.4,26012.1875,90590.73828125
1284.33074092865,2,4200.8,25943.36328125,90590.73828125
1285.3393440246582,2,3917.0,26359.4140625,90590.73828125
1286.3523361682892,2,4067.4,27676.32421875,90590.73828125
1287.3614852428436,2,1617.8,28644.640625,90590.73828125
1288.36896443367,2,1757.6,28520.72265625,90590.73828125
1289.377102136612,2,1954.6,28371.00390625,90590.73828125
1290.3893342018127,2,2066.8,29061.6484375,90590.73828125
1291.406333208084,2,4654.4,28810.05078125,90590.73828125
1292.4166061878204,2,1063.5,29287.2890625,90590.73828125
1293.42498087883,2,943.1,28672.5625,90590.73828125
1294.4317276477814,2,604.6,8961.83203125,90590.73828125
1295.4389486312866,2,1811.0,9698.75390625,90590.73828125
1296.4838030338287,2,2448.4,12592.0546875,90590.73828125
1297.496341228485,2,4307.7,15686.0390625,90590.73828125
1298.515340089798,2,4362.0,16159.5234375,90590.73828125
1299.533341884613,2,4617.5,20061.84765625,90590.73828125
1300.5533437728882,2,4690.0,24728.640625,90590.73828125
1301.578340291977,2,4653.8,30331.26171875,90590.73828125
1302.5983366966248,2,4362.8,20218.47265625,90590.73828125
1303.615862607956,2,4625.1,24002.6875,90590.73828125
1304.627609014511,2,4299.7,24897.45703125,90590.73828125
1305.6473383903503,2,4355.3,25275.87890625,90590.73828125
1306.6653547286987,2,3618.0,25537.32421875,90590.73828125
1307.6923496723175,2,3675.4,25914.5,90590.73828125
1308.7169361114502,2,3931.2,25852.25390625,90590.73828125
1309.72585272789,2,4181.6,26584.046875,90590.73828125
1310.7365715503693,2,3238.5,28192.6484375,90590.73828125
1311.7434434890747,2,1631.0,28359.6171875,90590.73828125
1312.7519681453705,2,1673.7,28518.0,90590.73828125
1313.7603380680084,2,1807.0,28363.1640625,90590.73828125
1314.7733414173126,2,3365.7,28935.48828125,90590.73828125
1315.7928266525269,2,3878.6,29291.72265625,90590.73828125
1316.8002161979675,2,555.9,29558.8671875,90590.73828125
1317.807544708252,2,595.5,9394.71875,92638.75390625
1318.8151149749756,2,702.4,9750.4765625,90590.73828125
1319.824577331543,2,1380.2,10185.6171875,90590.73828125
1320.8715136051178,2,3499.6,11592.13671875,90590.73828125
1321.8793396949768,2,3358.6,15141.421875,90590.73828125
1322.8963363170624,2,4210.8,16835.39453125,90590.73828125
1323.9146597385406,2,4441.3,17158.27734375,90590.73828125
1324.9260845184326,2,4635.6,22408.60546875,90590.73828125
1325.9513397216797,2,4667.6,27233.82421875,90590.73828125
1326.9713351726532,2,4663.1,33060.39453125,90590.73828125
1327.9913413524628,2,4382.0,21872.60546875,90590.73828125
1329.0112619400024,2,4492.1,25901.1875,90590.73828125
1330.0213372707367,2,4373.0,26235.97265625,90590.73828125
1331.0413360595703,2,4287.4,26570.42578125,90590.73828125
1332.0633566379547,2,2807.3,26804.5078125,90590.73828125
1333.0783417224884,2,3105.5,27093.09765625,90590.73828125
1334.1024255752563,2,4444.1,26916.90625,90590.73828125
1335.113558292389,2,3427.1,27284.90234375,90590.73828125
1336.12433552742,2,4228.5,28553.921875,90590.73828125
1337.142571926117,2,2363.3,29563.80078125,90590.73828125
1338.148333311081,2,1654.1,29480.296875,90590.73828125
1339.1623404026031,2,1831.3,29450.79296875,90590.73828125
1340.1733074188232,2,1273.1,29645.328125,90590.73828125
1341.1809556484222,2,3102.2,30072.15625,90590.73828125
1342.1948828697205,2,4513.7,30185.28125,90590.73828125
1343.2133502960205,2,984.6,30697.171875,90590.73828125
1344.219702243805,2,656.9,7926.92578125,92638.75390625
1345.227407693863,2,898.2,8536.58984375,90590.73828125
1346.2351019382477,2,3378.0,10813.359375,90590.73828125
1347.246339559555,2,4315.7,12853.64453125,90590.73828125
1348.2679116725922,2,4567.2,12852.609375,90590.73828125
1349.2803337574005,2,4319.4,15024.1484375,90590.73828125
1350.298356294632,2,3470.0,15294.83203125,90590.73828125
1351.3243322372437,2,3520.3,15701.46484375,90590.73828125
1352.3342118263245,2,2570.9,16585.85546875,90590.73828125
1353.344697713852,2,1679.6,16535.91796875,90590.73828125
1354.3514800071716,2,3676.9,16790.03515625,90590.73828125
1355.3701350688934,2,811.7,8035.140625,92638.75390625
1356.3776938915253,2,891.2,8693.3515625,90590.73828125
1357.3863444328308,2,3336.8,10884.58984375,90590.73828125
1358.3972566127777,2,4319.2,12838.07421875,90590.73828125
1359.4207944869995,2,4574.4,12848.4140625,90590.73828125
1360.4393339157104,2,4281.2,15014.7734375,90590.73828125
1361.4577765464783,2,3497.4,15280.0703125,90590.73828125
1362.4660506248474,2,3824.7,15749.30078125,90590.73828125
1363.4763338565826,2,2413.1,16531.58984375,90590.73828125
1364.4885206222534,2,1605.3,16526.48828125,90590.73828125
1365.4968757629395,2,3804.3,16940.78515625,90590.73828125
1366.5056614875793,2,647.5,8405.55859375,92638.75390625
1367.5140044689178,2,605.7,9478.11328125,90590.73828125
1368.521220445633,2,736.1,10130.14453125,90590.73828125
1369.5306816101074,2,4160.2,10693.56640625,90590.73828125
1370.539340019226,2,2577.8,14304.3515625,90590.73828125
1371.559332370758,2,4298.0,16581.27734375,90590.73828125
1372.5773484706879,2,4333.8,17036.01953125,90590.73828125
1373.5983443260193,2,4567.7,21449.83984375,90590.73828125
1374.6227550506592,2,4648.8,26475.375,90590.73828125
1375.645822763443,2,4615.3,31870.734375,90590.73828125
1376.6697936058044,2,4305.9,21191.99609375,90590.73828125
1377.6883473396301,2,4605.0,25186.546875,90590.73828125
1378.7023396492004,2,4287.4,26137.79296875,90590.73828125
1379.72234249115,2,4331.9,26360.1171875,90590.73828125
1380.7397079467773,2,3288.5,26680.90625,90590.73828125
1381.7469749450684,2,3114.4,26980.15234375,90590.73828125
1382.7579369544983,2,4619.0,27058.2265625,90590.73828125
1383.783332824707,2,3364.6,27174.94921875,90590.73828125
1384.7983357906342,2,4291.2,28512.02734375,90590.73828125
1385.8168683052063,2,2563.5,29567.1015625,90590.73828125
1386.8246693611145,2,1638.9,29445.4765625,90590.73828125
1387.830337047577,2,1719.7,29665.171875,90590.73828125
1388.8473632335663,2,1480.3,29512.48828125,90590.73828125
1389.856341123581,2,2838.7,29954.8984375,90590.73828125
1390.870334148407,2,4659.3,29951.609375,90590.73828125
1391.883337020874,2,1028.3,30532.5703125,90590.73828125
1392.8986945152283,2,804.3,14114.7890625,90590.73828125
1393.9067239761353,2,539.1,8986.37890625,90590.73828125
1394.9139676094055,2,1098.7,9842.921875,90590.73828125
1395.9669938087463,2,3398.4,11422.7265625,90590.73828125
1396.9763436317444,2,3675.6,14648.26171875,90590.73828125
1397.9923355579376,2,4206.0,16080.0,90590.73828125
1399.0095727443695,2,4465.4,18197.15625,90590.73828125
1400.034341096878,2,4707.2,23366.57421875,90590.73828125
1401.0593366622925,2,4719.3,29267.171875,90590.73828125
1402.0809791088104,2,4639.5,19638.1640625,90590.73828125
1403.0913729667664,2,4318.3,23317.40625,90590.73828125
1404.1063368320465,2,4254.8,24990.6015625,90590.73828125
1405.1236355304718,2,4428.5,25209.55078125,90590.73828125
1406.1301612854004,2,3618.1,25532.20703125,90590.73828125
1407.1370749473572,2,2860.2,25842.5,90590.73828125
1408.14635181427,2,4680.3,26035.1875,90590.73828125
1409.1711041927338,2,3365.0,26211.3203125,90590.73828125
1410.1823360919952,2,4198.2,27529.09765625,90590.73828125
1411.2013354301453,2,2089.0,28419.09765625,90590.73828125
1412.2091369628906,2,1644.8,28403.5703125,90590.73828125
1413.22026014328,2,2077.8,28368.3203125,90590.73828125
1414.22647023201,2,1551.0,28479.8125,90590.73828125
1415.2322981357574,2,4509.8,29005.36328125,90590.73828125
1416.2504787445068,2,1873.0,29384.1328125,90590.73828125
1417.2588789463043,2,765.5,29689.9609375,90590.73828125
1418.2660853862762,2,499.5,8579.171875,90590.73828125
1419.2732305526733,2,839.4,10014.8203125,90590.73828125
1420.2803330421448,2,3231.3,10141.453125,90590.73828125
1421.3242177963257,2,2200.8,13436.86328125,90590.73828125
1422.3343369960785,2,4314.5,16546.0,90590.73828125
1423.3523392677307,2,4379.3,16985.93359375,90590.73828125
1424.3713419437408,2,4483.9,20157.12109375,90590.73828125
1425.3954820632935,2,4653.8,24903.7421875,90590.73828125
1426.4196372032166,2,4669.0,30024.00390625,90590.73828125
1427.4436371326447,2,4650.8,22055.640625,90590.73828125
1428.4603564739227,2,4374.5,24305.22265625,90590.73828125
1429.491333246231,2,4271.0,25981.16796875,90590.73828125
1430.5103323459625,2,4458.7,26131.8125,90590.73828125
1431.5283389091492,2,4063.8,26460.3203125,90590.73828125
1432.5433521270752,2,3192.5,26608.45703125,90590.73828125
1433.5693430900574,2,3639.8,27038.20703125,90590.73828125
1434.5944423675537,2,3432.6,27024.6484375,90590.73828125
1435.6140668392181,2,4389.4,28163.1015625,90590.73828125
1436.621497631073,2,3427.4,29677.19140625,90590.73828125
1437.6396276950836,2,1571.0,29432.02734375,90590.73828125
1438.6478502750397,2,1795.0,29387.62109375,90590.73828125
1439.660650253296,2,1673.8,29501.80078125,90590.73828125
1440.6684594154358,2,2400.4,29910.66015625,90590.73828125
1441.6823377609253,2,4652.7,30006.61328125,90590.73828125
1442.69850897789,2,1400.3,30508.0703125,90590.73828125
1443.7059433460236,2,864.5,30881.6953125,90590.73828125
1444.712331533432,2,529.3,8702.3515625,90590.73828125
1445.7194299697876,2,822.8,9612.296875,90590.73828125
1446.727035522461,2,3812.0,10372.671875,90590.73828125
1447.7353377342224,2,2834.1,14428.93359375,90590.73828125
1448.7544870376587,2,4203.8,16050.73828125,90590.73828125
1449.77334523201,2,4432.8,17445.16015625,90590.73828125
1450.7980136871338,2,4664.7,22197.70703125,90590.73828125
1451.8223369121552,2,4671.7,27448.33203125,90590.73828125
1452.8423464298248,2,4662.4,25682.32421875,90590.73828125
1453.8663442134857,2,4377.5,23258.90625,90590.73828125
1454.8933329582214,2,4267.4,24929.33984375,90590.73828125
1455.9123373031616,2,4453.0,25152.53515625,90590.73828125
1456.9298493862152,2,3997.0,25496.796875,90590.73828125
1457.936511516571,2,3103.6,25791.46484375,90590.73828125
1458.944352388382,2,4387.0,25996.5859375,90590.73828125
1459.9693353176117,2,3446.5,26140.8671875,90590.73828125
1460.9823501110077,2,4169.9,27537.29296875,90590.73828125
1461.9996745586395,2,2261.3,28443.796875,90590.73828125
1463.0101027488708,2,1686.4,28346.4296875,90590.73828125
1464.0174832344055,2,2085.6,28263.56640625,90590.73828125
1465.0301494598389,2,1541.1,28430.0546875,90590.73828125
1466.040539264679,2,4479.2,28981.1328125,90590.73828125
1467.0590870380402,2,1953.1,29332.07421875,90590.73828125
1468.067369222641,2,755.1,29672.9453125,90590.73828125
1469.0750958919525,2,589.8,8517.99609375,90590.73828125
1470.0822734832764,2,885.3,9496.90234375,90590.73828125
1471.0898840427399,2,3570.1,10644.015625,90590.73828125
1472.0983419418335,2,3106.5,14352.24609375,90590.73828125
1473.1147441864014,2,4215.8,15980.02734375,90590.73828125
1474.1334512233734,2,4476.8,17545.78125,90590.73828125
1475.1593446731567,2,4665.4,22548.765625,90590.73828125
1476.1843481063843,2,4670.3,27937.39453125,90590.73828125
1477.2093436717987,2,4661.2,25155.296875,90590.73828125
1478.235366821289,2,4315.5,23103.578125,90590.73828125
1479.2631916999817,2,4288.6,24769.76171875,90590.73828125
1480.282336473465,2,4452.0,24950.46484375,90590.73828125
1481.300867319107,2,3927.7,25281.33984375,90590.73828125
1482.3144929409027,2,3090.7,25742.77734375,90590.73828125
1483.3263499736786,2,4609.5,25838.03515625,90590.73828125
1484.3480024337769,2,3374.9,26021.3046875,90590.73828125
1485.3583359718323,2,4225.6,27384.61328125,90590.73828125
1486.3765697479248,2,2067.7,28242.80859375,90590.73828125
1487.3828682899475,2,1683.5,28250.04296875,90590.73828125
1488.3897004127502,2,2069.8,28194.58203125,90590.73828125
1489.3974735736847,2,1550.0,28356.453125,90590.73828125
1490.4074125289917,2,4457.3,28955.21875,90590.73828125
1491.4256145954132,2,1950.4,29327.43359375,90590.73828125
1492.4329657554626,2,759.9,29669.6796875,90590.73828125
1493.4409954547882,2,600.7,8488.38671875,90590.73828125
1494.4493358135223,2,1281.1,9598.60546875,90590.73828125
1495.5003340244293,2,2767.5,11918.45703125,90590.73828125
1496.5123360157013,2,4464.2,14460.58984375,90590.73828125
1497.5313444137573,2,4477.9,15526.5,90590.73828125
1498.5513381958008,2,4662.5,20279.22265625,90590.73828125
1499.5713353157043,2,4675.3,25228.26953125,90590.73828125
1500.5910642147064,2,4454.7,19351.859375,90590.73828125
1501.6043419837952,2,4464.5,20654.91796875,90590.73828125
1502.623548746109,2,3986.6,20951.796875,90590.73828125
1503.6325573921204,2,3033.6,21256.703125,90590.73828125
1504.6393435001373,2,3334.0,21401.796875,90590.73828125
1505.6589152812958,2,4078.0,21886.1640625,90590.73828125
1506.6680979728699,2,2600.9,22676.93359375,90590.73828125
1507.680076122284,2,1680.7,22629.63671875,90590.73828125
1508.6898839473724,2,1690.3,22673.9921875,90590.73828125
1509.6973345279694,2,3371.5,22759.5390625,90590.73828125
1510.7108640670776,2,2804.1,23045.42578125,90590.73828125
1511.7236568927765,2,544.7,7920.09375,90590.73828125
1512.7312655448914,2,942.8,9646.7265625,90590.73828125
1513.7393414974213,2,2827.0,9848.265625,90590.73828125
1514.7894427776337,2,2407.4,13601.66796875,90590.73828125
1515.8053359985352,2,4342.1,15831.921875,90590.73828125
1516.8243446350098,2,4397.5,16305.6015625,90590.73828125
1517.8443462848663,2,4613.1,20931.45703125,90590.73828125
1518.864339351654,2,4695.0,25814.109375,90590.73828125
1519.8899397850037,2,4544.6,29620.69921875,90590.73828125
1520.9003462791443,2,4111.3,20463.0078125,90590.73828125
1521.9202420711517,2,4501.3,24413.0078125,90590.73828125
1522.9323415756226,2,4447.0,24752.69921875,90590.73828125
1523.9603369235992,2,4262.2,25176.60546875,90590.73828125
1524.9788262844086,2,3219.7,25379.05078125,90590.73828125
1525.9873487949371,2,3437.9,25707.6171875,90590.73828125
1527.0121011734009,2,3830.2,25783.17578125,90590.73828125
1528.03733086586,2,4142.9,26419.53515625,90590.73828125
1529.0471720695496,2,3304.5,28078.3359375,90590.73828125
1530.0529873371124,2,1628.4,28276.95703125,90590.73828125
1531.0607028007507,2,1661.7,28387.26953125,90590.73828125
1532.0693526268005,2,1676.5,28365.46484375,90590.73828125
1533.0785512924194,2,3222.6,28675.015625,90590.73828125
1534.0929520130157,2,4157.9,29184.39453125,90590.73828125
1535.1001570224762,2,573.6,29475.140625,90590.73828125
1536.1078753471375,2,607.5,8845.43359375,92638.75390625
1537.115335226059,2,898.9,9308.42578125,90590.73828125
1538.1303405761719,2,2179.2,9678.8125,90590.73828125
1539.1707684993744,2,2424.1,12635.2265625,90590.73828125
1540.1861734390259,2,4315.5,15665.27734375,90590.73828125
1541.2043359279633,2,4399.1,16129.7265625,90590.73828125
1542.2233526706696,2,4622.9,20239.00390625,90590.73828125
1543.2479856014252,2,4647.4,24542.421875,90590.73828125
1544.272486448288,2,4674.6,30067.6328125,90590.73828125
1545.2983734607697,2,4332.6,20441.55859375,90590.73828125
1546.3311748504639,2,4609.5,24278.765625,90590.73828125
1547.3427755832672,2,4311.1,24760.7265625,90590.73828125
1548.362342119217,2,4277.9,25205.94140625,90590.73828125
1549.382360458374,2,3523.0,25459.171875,90590.73828125
1550.407108783722,2,3700.6,25930.8671875,90590.73828125
1551.4312479496002,2,3782.2,25817.171875,90590.73828125
1552.4442460536957,2,4033.1,26766.4453125,90590.73828125
1553.4533360004425,2,3295.9,28612.390625,90590.73828125
1554.4705791473389,2,1551.1,28289.48828125,90590.73828125
1555.4783380031586,2,1790.1,28458.375,90590.73828125
1556.4878346920013,2,1540.0,28234.2578125,90590.73828125
1557.4943425655365,2,3449.0,28915.953125,90590.73828125
1558.5141777992249,2,3753.1,29233.31640625,90590.73828125
1559.5227575302124,2,559.8,29495.6171875,90590.73828125
1560.5301377773285,2,618.8,9477.51953125,92638.75390625
1561.5419533252716,2,890.9,9617.74609375,90590.73828125
1562.5497200489044,2,1940.2,9885.9453125,90590.73828125
1563.5651950836182,2,2350.2,12701.9453125,90590.73828125
1564.5734548568726,2,4564.8,15359.5703125,90590.73828125
1565.5853381156921,2,4136.2,16430.4296875,90590.73828125
1566.604342699051,2,4548.7,19391.96875,90590.73828125
1567.6295244693756,2,4667.7,23910.57421875,90590.73828125
1568.6543364524841,2,4675.5,29513.81640625,90590.73828125
1569.674345254898,2,4592.2,21594.78515625,90590.73828125
1570.6933493614197,2,4317.3,23704.74609375,90590.73828125
1571.7143354415894,2,4256.8,25373.1484375,90590.73828125
1572.7333347797394,2,4421.5,25563.984375,90590.73828125
1573.752345085144,2,3864.3,25876.88671875,90590.73828125
1574.7653739452362,2,3256.3,26192.81640625,90590.73828125
1575.7742257118225,2,4242.9,26444.37890625,90590.73828125
1576.7994365692139,2,3366.3,26485.24609375,90590.73828125
1577.8103394508362,2,4298.0,27796.0625,90590.73828125
1578.8287262916565,2,2672.3,28871.9375,90590.73828125
1579.8374292850494,2,1592.1,28800.80078125,90590.73828125
1580.8455007076263,2,1858.2,28749.42578125,90590.73828125
1581.85333776474,2,1357.3,28720.5625,90590.73828125
1582.8623514175415,2,3274.5,29221.78125,90590.73828125
1583.8788282871246,2,4351.9,29669.65234375,90590.73828125
1584.8880066871643,2,548.1,30019.28125,90590.73828125
1585.8968169689178,2,669.7,8683.75390625,92638.75390625
1586.904648065567,2,936.8,8858.45703125,90590.73828125
1587.9157764911652,2,2517.7,10395.875,90590.73828125
1588.9251317977905,2,4352.7,12340.421875,90590.73828125
1589.9314546585083,2,4589.3,15589.3125,90590.73828125
1590.956345319748,2,4665.5,18691.00390625,90590.73828125
1591.970337152481,2,4248.0,17388.58203125,90590.73828125
1592.989341020584,2,4476.7,17586.12890625,90590.73828125
1594.0076658725739,2,2810.6,17929.390625,90590.73828125
1595.0173344612122,2,3762.2,18055.47265625,90590.73828125
1596.0275468826294,2,3950.9,19277.26171875,90590.73828125
1597.0363554954529,2,1357.4,19268.9921875,90590.73828125
1598.0440566539764,2,1663.7,19084.0390625,90590.73828125
1599.0533385276794,2,3787.8,19196.29296875,90590.73828125
1600.0632712841034,2,1578.3,19596.86328125,90590.73828125
1601.07097697258,2,733.7,8558.50390625,90590.73828125
1602.0783371925354,2,2149.8,9376.171875,90590.73828125
1603.1273369789124,2,2741.4,12568.78125,90590.73828125
1604.1453375816345,2,4368.0,14190.0546875,90590.73828125
1605.1643426418304,2,4596.0,16923.75390625,90590.73828125
1606.188615322113,2,4668.7,22108.2265625,90590.73828125
1607.2125227451324,2,4471.5,16868.91796875,90590.73828125
1608.227332353592,2,4403.2,20050.2578125,90590.73828125
1609.24534034729,2,4490.4,20221.08203125,90590.73828125
1610.2643609046936,2,3380.9,20401.3125,90590.73828125
1611.290833234787,2,3526.0,20659.8828125,90590.73828125
1612.3102905750275,2,4104.7,21293.58203125,90590.73828125
1613.3179726600647,2,2560.0,21932.125,90590.73828125
1614.3254163265228,2,1692.0,21935.5859375,90590.73828125
1615.3330686092377,2,1662.3,21799.7734375,90590.73828125
1616.3423357009888,2,4075.6,22004.4921875,90590.73828125
1617.3534286022186,2,1855.4,22407.1484375,90590.73828125
1618.3600449562073,2,673.2,8309.79296875,90590.73828125
1619.3693335056305,2,1849.5,9303.40625,90590.73828125
1620.406381368637,2,2857.3,12458.4140625,90590.73828125
1621.4243350028992,2,4406.0,13972.19921875,90590.73828125
1622.4423384666443,2,4557.6,16772.87109375,90590.73828125
1623.4623427391052,2,4664.8,21678.328125,90590.73828125
1624.4823672771454,2,4478.5,16679.74609375,90590.73828125
1625.49933218956,2,4416.6,19805.05078125,90590.73828125
1626.5183424949646,2,4484.2,19980.9921875,90590.73828125
1627.5376813411713,2,3512.7,20216.67578125,90590.73828125
1628.5643475055695,2,3507.0,20544.58984375,90590.73828125
1629.5886023044586,2,4149.6,21312.96484375,90590.73828125
1630.5967926979065,2,2211.6,21780.99609375,90590.73828125
1631.6036915779114,2,1771.2,21795.91015625,90590.73828125
1632.6114084720612,2,1848.7,21775.6484375,90590.73828125
1633.6253378391266,2,4485.8,21978.03125,90590.73828125
1634.638584136963,2,736.3,7884.8359375,92638.75390625
1635.6462461948395,2,861.6,8985.0,90590.73828125
1636.6536276340485,2,2809.6,9456.96875,90590.73828125
1637.662292957306,2,2966.4,13478.2578125,90590.73828125
1638.675128698349,2,4379.6,14097.125,90590.73828125
1639.693344116211,2,4614.9,18127.03125,90590.73828125
1640.7183434963226,2,4665.9,22608.328125,90590.73828125
1641.7393462657928,2,4392.9,18652.25390625,90590.73828125
1642.7613441944122,2,4446.1,19786.05859375,90590.73828125
1643.7806651592255,2,3810.7,20110.25390625,90590.73828125
1644.7877035140991,2,3648.2,20410.5625,90590.73828125
1645.8133318424225,2,3577.5,20504.55859375,90590.73828125
1646.8247799873352,2,4127.7,21581.5390625,90590.73828125
1647.8339865207672,2,1666.5,21751.01171875,90590.73828125
1648.8409759998322,2,1777.0,21828.9921875,90590.73828125
1649.850338459015,2,2619.9,22070.7578125,90590.73828125
1650.8677115440369,2,3358.2,22169.15234375,90590.73828125
1651.8749821186066,2,581.2,7689.42578125,92638.75390625
1652.8832468986511,2,1015.2,9122.5234375,90590.73828125
1653.8900363445282,2,2843.5,10751.26171875,90590.73828125
1654.8993337154388,2,3724.1,14056.4765625,90590.73828125
1655.9163448810577,2,4502.1,14298.23828125,90590.73828125
1656.9263434410095,2,4635.8,19204.97265625,90590.73828125
1657.951342344284,2,4670.6,24575.51171875,90590.73828125
1658.9723443984985,2,4450.3,18874.10546875,90590.73828125
1659.9953434467316,2,4462.2,19981.64453125,90590.73828125
1661.0156452655792,2,3520.8,20366.37109375,90590.73828125
1662.0223424434662,2,3596.2,20543.09375,90590.73828125
1663.0473465919495,2,3622.4,20653.02734375,90590.73828125
1664.0561075210571,2,4212.5,21610.15234375,90590.73828125
1665.063568353653,2,1653.3,21986.734375,90590.73828125
1666.0713331699371,2,1909.1,21841.96875,90590.73828125
1667.079097032547,2,2064.0,22165.9375,90590.73828125
1668.0893495082855,2,4164.8,22279.71484375,90590.73828125
1669.0973937511444,2,650.8,8406.6796875,92638.75390625
1670.1052672863007,2,973.5,8636.09765625,90590.73828125
1671.120008945465,2,3016.7,10800.8125,90590.73828125
1672.1343355178833,2,4326.4,12162.5859375,90590.73828125
1673.1533436775208,2,4635.8,17101.4140625,90590.73828125
1674.1733379364014,2,4481.8,14489.125,90590.73828125
1675.1851148605347,2,4412.0,17244.8671875,90590.73828125
1676.2033400535583,2,4137.3,17533.359375,90590.73828125
1677.2183408737183,2,3330.9,17847.60546875,90590.73828125
1678.2380483150482,2,3925.7,18199.8125,90590.73828125
1679.2488420009613,2,2569.2,19066.37109375,90590.73828125
1680.25506234169,2,1604.9,19068.8125,90590.73828125
1681.2613356113434,2,2042.2,19151.08984375,90590.73828125
1682.271654844284,2,3803.6,19382.85546875,90590.73828125
1683.2790038585663,2,653.7,9029.73046875,92638.75390625
1684.2870571613312,2,1010.4,8765.3125,90590.73828125
1685.2953608036041,2,3208.3,10892.34765625,90590.73828125
1686.306336402893,2,4349.3,12283.5,90590.73828125
1687.3253436088562,2,4634.0,16766.8984375,90590.73828125
1688.346342086792,2,4566.1,14612.4296875,90590.73828125
1689.365338087082,2,4388.6,17327.69921875,90590.73828125
1690.3836126327515,2,4278.2,17615.3984375,90590.73828125
1691.3923544883728,2,3212.1,17937.6953125,90590.73828125
1692.4143373966217,2,3867.0,18245.9453125,90590.73828125
1693.4246997833252,2,2912.9,19322.2734375,90590.73828125
1694.4333353042603,2,1691.1,19238.00390625,90590.73828125
1695.451333284378,2,1912.4,19201.94921875,90590.73828125
1696.4590311050415,2,4092.5,19492.6640625,90590.73828125
1697.46763753891,2,622.7,8702.03125,92638.75390625
1698.4760947227478,2,1006.1,8580.46484375,90590.73828125
1699.4838619232178,2,3587.8,10921.10546875,90590.73828125
1700.495510816574,2,4316.4,12988.6640625,90590.73828125
1701.5152716636658,2,4559.8,12906.79296875,90590.73828125
1702.526343345642,2,4348.1,15057.69921875,90590.73828125
1703.5463604927063,2,3511.7,15334.9453125,90590.73828125
1704.5725190639496,2,3425.5,15665.09375,90590.73828125
1705.5827441215515,2,2817.2,16728.73828125,90590.73828125
1706.5899393558502,2,1774.2,16536.1875,90590.73828125
1707.598340511322,2,3022.7,16813.41796875,90590.73828125
1708.6133344173431,2,1701.3,17087.1953125,90590.73828125
1709.6194698810577,2,1369.4,8173.984375,90590.73828125
1710.628083229065,2,2663.2,8883.71484375,90590.73828125
1711.6363372802734,2,3314.9,13002.6328125,90590.73828125
1712.653645992279,2,4495.3,14225.28515625,90590.73828125
1713.6752421855927,2,4564.9,14451.5546875,90590.73828125
1714.6890823841095,2,4319.5,16503.0390625,90590.73828125
1715.708354473114,2,3535.9,16686.640625,90590.73828125
1716.724591255188,2,3288.0,17029.9140625,90590.73828125
1717.73153424263,2,3834.2,18150.125,91038.73828125
1718.741782426834,2,3542.2,19236.71484375,91038.73828125
1719.7491836547852,2,1570.7,19142.54296875,91038.73828125
1720.7573359012604,2,4365.0,19383.98046875,91038.73828125
1721.7675833702087,2,1653.7,19686.93359375,91038.73828125
1722.7760348320007,2,1384.5,8415.64453125,91038.73828125
1723.7844564914703,2,2640.0,9075.3125,91038.73828125
1724.7919523715973,2,3706.5,13303.23046875,91038.73828125
1725.8033430576324,2,4562.4,14749.8046875,91038.73828125
1726.8299133777618,2,4529.8,15083.7734375,91038.73828125
1727.844351530075,2,4301.9,16582.55859375,91038.73828125
1728.8543417453766,2,3204.9,16747.57421875,91038.73828125
1729.8735892772675,2,3318.7,17031.359375,91038.73828125
1730.8853390216827,2,4429.2,18566.609375,91038.73828125
1731.9037461280823,2,3105.9,19099.6328125,91038.73828125
1732.912736415863,2,1939.2,19312.66796875,91038.73828125
1733.926340341568,2,4540.2,19290.4296875,91038.73828125
1734.9449837207794,2,854.0,7953.6796875,93086.75390625
1735.9529540538788,2,1940.9,8634.484375,91038.73828125
1736.9673385620117,2,2454.2,10073.23046875,91038.73828125
1737.981333732605,2,4355.5,13321.07421875,91038.73828125
1739.0003399848938,2,4611.4,16204.8671875,91038.73828125
1740.0213351249695,2,4387.9,16389.18359375,91038.73828125
1741.0387780666351,2,3782.4,16761.27734375,91038.73828125
1742.0465261936188,2,3652.6,16908.00390625,91038.73828125
1743.066333770752,2,3390.8,17351.328125,91038.73828125
1744.077335357666,2,4488.8,18745.27734375,91038.73828125
1745.0910308361053,2,2354.8,19185.78515625,91038.73828125
1746.0979416370392,2,2760.4,19500.93359375,91038.73828125
1747.1283493041992,2,3543.4,19652.1171875,91038.73828125
1748.1357073783875,2,609.3,9683.96875,93086.75390625
1749.143466949463,2,2124.9,8793.10546875,91038.73828125
1750.1533377170563,2,3430.7,11999.0078125,91038.73828125
1751.1653339862823,2,4310.7,13401.73828125,91038.73828125
1752.184342622757,2,4618.7,17458.92578125,91038.73828125
1753.204333782196,2,4255.9,16500.9453125,91038.73828125
1754.2233531475067,2,3674.0,16727.62109375,91038.73828125
1755.2503900527954,2,3284.8,16977.1640625,91038.73828125
1756.2710366249084,2,4062.8,17714.2890625,91038.73828125
1757.285346031189,2,4112.5,18879.26953125,91038.73828125
1758.303477048874,2,1799.9,19070.55078125,91038.73828125
1759.3125984668732,2,3625.8,19200.23046875,91038.73828125
1760.3231337070465,2,2524.4,19536.7734375,91038.73828125
1761.3314547538757,2,980.7,8088.10546875,91038.73828125
1762.3403329849243,2,2561.6,8758.890625,91038.73828125
1763.3813366889954,2,3604.7,13089.51171875,91038.73828125
1764.4013407230377,2,4489.2,14017.51953125,91038.73828125
1765.4213273525238,2,4505.8,14017.296875,91038.73828125
1766.4333319664001,2,4284.8,16558.6796875,91038.73828125
1767.4513523578644,2,3551.8,16687.7890625,91038.73828125
1768.4763436317444,2,3351.0,16953.17578125,91038.73828125
1769.4897952079773,2,4343.4,18244.109375,91038.73828125
1770.5003366470337,2,3355.8,19135.72265625,91038.73828125
1771.5123372077942,2,1694.6,19174.96484375,91038.73828125
1772.5240240097046,2,4528.7,19248.37109375,91038.73828125
1773.534660100937,2,1247.2,19639.1015625,91038.73828125
1774.5448746681213,2,1699.7,8545.30859375,91038.73828125
1775.5533106327057,2,2356.0,9626.04296875,91038.73828125
1776.5623319149017,2,4206.8,13271.0546875,91038.73828125
1777.5796930789948,2,4553.3,15046.18359375,91038.73828125
1778.6066966056824,2,4547.0,15732.90625,91038.73828125
1779.618005514145,2,4022.0,16725.05859375,91038.73828125
1780.6263389587402,2,3376.0,16894.0546875,91038.73828125
1781.6493408679962,2,3258.1,17144.3046875,91038.73828125
1782.669335603714,2,4432.2,18728.97265625,91038.73828125
1783.675837278366,2,2912.4,19209.23046875,91038.73828125
1784.683336019516,2,2094.4,19369.71484375,91038.73828125
1785.7131016254425,2,4514.0,19487.20703125,91038.73828125
1786.7232813835144,2,759.4,8381.85546875,93086.75390625
1787.7318234443665,2,2025.4,8717.875,91038.73828125
1788.7403383255005,2,2615.5,10795.46484375,91038.73828125
1789.7573337554932,2,4359.1,13375.55078125,91038.73828125
1790.7713432312012,2,4606.9,16290.52734375,91038.73828125
1791.7913360595703,2,4322.9,16421.8359375,91038.73828125
1792.8097512722015,2,3741.3,16798.35546875,91038.73828125
1793.81733751297,2,3585.9,16962.21484375,91038.73828125
1794.83646941185,2,3514.4,17393.55078125,91038.73828125
1795.8468115329742,2,4489.9,18778.52734375,91038.73828125
1796.8645360469818,2,2340.3,19238.67578125,91038.73828125
1797.874344587326,2,2494.2,19416.375,91038.73828125
1798.8859841823578,2,3941.8,19643.6015625,91038.73828125
1799.893551826477,2,662.5,9244.6171875,93086.75390625
1800.9017910957336,2,2100.6,8768.87109375,91038.73828125
1801.9113459587097,2,3140.4,11595.2734375,91038.73828125
1802.9233374595642,2,4344.6,13375.765625,91038.73828125
1803.9423432350159,2,4611.4,16870.0,91038.73828125
1804.9667415618896,2,4284.3,16481.4921875,91038.73828125
1805.9958291053772,2,3767.6,16738.14453125,91038.73828125
1807.0039167404175,2,3337.5,16891.171875,91038.73828125
1808.0113363265991,2,3834.8,17540.44921875,91038.73828125
1809.0223364830017,2,4423.8,18726.75,91038.73828125
1810.0396053791046,2,1956.6,19031.25,91038.73828125
1811.0494573116302,2,2944.0,19292.85546875,91038.73828125
1812.060034751892,2,3319.4,19484.4453125,91038.73828125
1813.0685501098633,2,606.8,7874.11328125,91038.73828125
1814.0770280361176,2,2203.3,8683.87890625,91038.73828125
1815.0873420238495,2,3663.6,12379.19140625,91038.73828125
1816.0993325710297,2,4363.1,13361.22265625,91038.73828125
1817.118355512619,2,4609.6,17406.421875,91038.73828125
1818.1353356838226,2,4266.9,16464.28515625,91038.73828125
1819.1543502807617,2,3707.5,16750.484375,91038.73828125
1820.1813442707062,2,3169.9,17010.85546875,91038.73828125
1821.2057163715363,2,4009.7,17736.5078125,91038.73828125
1822.2183918952942,2,4132.4,18900.76171875,91038.73828125
1823.2283351421356,2,1857.8,19057.625,91038.73828125
1824.2383382320404,2,3410.5,19248.4765625,91038.73828125
1825.2583367824554,2,2811.5,19536.8828125,91038.73828125
1826.2673377990723,2,880.6,8060.5859375,91038.73828125
1827.276342868805,2,2512.6,8780.48046875,91038.73828125
1828.3293373584747,2,3587.3,13158.47265625,91038.73828125
1829.347341299057,2,4480.6,13837.09765625,91038.73828125
1830.3673481941223,2,4571.8,13890.796875,91038.73828125
1831.380341053009,2,4306.8,16502.48046875,91038.73828125
1832.3993537425995,2,3565.8,16729.15234375,91038.73828125
1833.42373919487,2,3287.8,16845.03515625,91038.73828125
1834.4345326423645,2,4230.3,18044.7734375,91038.73828125
1835.4453370571136,2,3613.3,19122.99609375,91038.73828125
1836.453229188919,2,1558.1,19058.13671875,91038.73828125
1837.4613354206085,2,4211.9,19358.8359375,91038.73828125
1838.4710805416107,2,1917.7,19614.01171875,91038.73828125
1839.4796028137207,2,1358.3,8299.6796875,91038.73828125
1840.4881792068481,2,2762.0,8814.5234375,91038.73828125
1841.4960250854492,2,3614.6,13106.0234375,91038.73828125
1842.5023455619812,2,4484.4,14599.65625,91038.73828125
1843.5280425548553,2,4544.7,14995.05078125,91038.73828125
1844.5413365364075,2,4206.3,16492.68359375,91038.73828125
1845.5598585605621,2,3232.2,16684.55078125,91038.73828125
1846.569088459015,2,3245.7,16954.8203125,91038.73828125
1847.576177597046,2,4483.2,18315.15234375,91038.73828125
1848.5843362808228,2,3205.4,19011.90625,91038.73828125
1849.5914521217346,2,1808.2,19074.62890625,91038.73828125
1850.603333234787,2,4544.3,19170.796875,91038.73828125
1851.6147921085358,2,1090.1,19582.36328125,91038.73828125
1852.620965719223,2,1733.4,8496.7734375,91038.73828125
1853.629487991333,2,2285.2,9816.0,91038.73828125
1854.6413369178772,2,4391.5,13208.6015625,91038.73828125
1855.6603422164917,2,4535.7,15552.03515625,91038.73828125
1856.680016040802,2,4492.2,15907.73046875,91038.73828125
1857.698337316513,2,3875.4,16729.1640625,91038.73828125
1858.7078893184662,2,3452.5,16849.98828125,91038.73828125
1859.7163352966309,2,3423.1,17169.015625,91038.73828125
1860.7263352870941,2,4488.5,18734.80078125,91038.73828125
1861.7446439266205,2,2662.8,19191.01171875,91038.73828125
1862.7527132034302,2,2305.8,19396.51171875,91038.73828125
1863.7634177207947,2,4175.0,19568.95703125,91038.73828125
1864.7709341049194,2,681.9,8772.734375,93086.75390625
1865.7783403396606,2,2015.4,8764.6015625,91038.73828125
1866.7893736362457,2,2870.2,11259.50390625,91038.73828125
1867.8023357391357,2,4353.2,13347.62109375,91038.73828125
1868.8203427791595,2,4621.4,16618.09765625,91038.73828125
1869.8449249267578,2,4311.2,16382.37890625,91038.73828125
1870.8633522987366,2,3704.8,16738.80078125,91038.73828125
1871.889258146286,2,3563.4,16931.5625,91038.73828125
1872.900336265564,2,3848.0,17510.640625,91038.73828125
1873.91033577919,2,4406.4,18742.234375,91038.73828125
1874.92862534523,2,1965.1,19129.25,91038.73828125
1875.9383537769318,2,2963.8,19340.06640625,91038.73828125
1876.9487221240997,2,3246.9,19475.41796875,91038.73828125
1877.9563500881195,2,600.2,9910.5703125,93086.75390625
1878.9642567634583,2,2743.7,9943.45703125,91038.73828125
1879.9763367176056,2,4314.8,11973.23828125,91038.73828125
1880.996791601181,2,4344.3,14188.7890625,91038.73828125
1882.0153450965881,2,4035.9,14531.44140625,91038.73828125
1883.0318236351013,2,3789.3,15139.09765625,91038.73828125
1884.0417618751526,2,3558.5,16309.375,91038.73828125
1885.0489301681519,2,2293.3,16327.7265625,91038.73828125
1886.0595240592957,2,3116.5,16639.64453125,91038.73828125
1887.0668773651123,2,1167.9,8473.2265625,91038.73828125
1888.0763347148895,2,3262.6,11360.3828125,91038.73828125
1889.0943427085876,2,4464.5,13378.484375,91038.73828125
1890.1143355369568,2,4258.8,14415.5,91038.73828125
1891.1243414878845,2,3541.5,14640.27734375,91038.73828125
1892.1420984268188,2,4321.7,15587.36328125,91038.73828125
1893.1486563682556,2,2728.4,16174.1796875,91038.73828125
1894.1567211151123,2,3162.8,16308.76171875,91038.73828125
1895.1671378612518,2,2003.3,16582.28125,91038.73828125
1896.1753342151642,2,1675.4,8485.1953125,91038.73828125
1897.2133338451385,2,3772.2,11473.60546875,91038.73828125
1898.233348608017,2,4489.6,12538.9140625,91038.73828125
1899.2463369369507,2,4039.1,14448.9453125,91038.73828125
1900.2603406906128,2,3624.9,14514.703125,91038.73828125
1901.2697722911835,2,4273.5,15829.71875,91038.73828125
1902.2779104709625,2,1967.5,16096.1875,91038.73828125
1903.286128282547,2,4127.1,16282.31640625,91038.73828125
1904.2920360565186,2,801.3,9529.30859375,93086.75390625
1905.3023436069489,2,2419.5,9396.6796875,91038.73828125
1906.3156683444977,2,4333.0,11454.8125,91038.73828125
1907.325893163681,2,4504.0,13929.20703125,91038.73828125
1908.3368289470673,2,3949.0,14508.32421875,91038.73828125
1909.3453056812286,2,3720.2,14982.7265625,91038.73828125
1910.3569557666779,2,3798.2,16218.3125,91038.73828125
1911.365077495575,2,2227.2,16294.46484375,91038.73828125
1912.3751590251923,2,3342.4,16545.921875,91038.73828125
1913.3812651634216,2,1130.1,8154.765625,91038.73828125
1914.4013357162476,2,4222.7,10065.10546875,91038.73828125
1915.4132401943207,2,3558.3,10653.61328125,91038.73828125
1916.4208569526672,2,2399.7,8894.75390625,93086.75390625
1917.4285004138947,2,2049.7,8907.83203125,91038.73828125
1918.4373338222504,2,4027.6,11639.01171875,91038.73828125
1919.4548075199127,2,4503.3,13125.19140625,91038.73828125
1920.4673590660095,2,4035.7,14386.18359375,91038.73828125
1921.4929132461548,2,3574.4,14626.5625,91038.73828125
1922.5028276443481,2,4198.1,15869.65625,91038.73828125
1923.5133483409882,2,1968.7,16084.375,91038.73828125
1924.52579331398,2,3749.1,16365.66015625,91038.73828125
1925.533305644989,2,843.1,8083.49609375,91038.73828125
1926.5423340797424,2,3491.6,10029.921875,91038.73828125
1927.5613384246826,2,4391.4,11944.390625,91038.73828125
1928.5787689685822,2,3619.8,12297.984375,91038.73828125
1929.5903317928314,2,3537.5,13128.1875,91038.73828125
1930.6014380455017,2,3427.1,13291.015625,91038.73828125
1931.609719991684,2,902.3,8500.51953125,91038.73828125
1932.6193327903748,2,3684.9,10328.5390625,91038.73828125
1933.63733792305,2,4403.7,11977.67578125,91038.73828125
1934.6519362926483,2,3603.0,12338.296875,91038.73828125
1935.6621525287628,2,3319.8,13044.8046875,91038.73828125
1936.6723325252533,2,3353.2,13153.1796875,91038.73828125
1937.6815783977509,2,388.8,5190.05078125,83870.58203125
1938.6898384094238,2,93.3,4976.2734375,83870.58203125
1939.6971309185028,2,103.2,4840.765625,83870.58203125
