elapsed_time,nproc,cpu,mem_real,mem_virtual
4.410743713378906e-05,2,0.0,16.07421875,3194.8125
1.0078675746917725,4,5.9,434.625,4208.0390625
2.0174179077148438,4,99.1,607.0859375,4394.0390625
3.0263187885284424,4,99.1,621.12109375,4454.0390625
4.035407066345215,4,100.1,625.26171875,4454.0390625
5.044598817825317,4,99.1,620.765625,4454.0390625
6.054034948348999,4,99.9,629.3515625,4502.0390625
7.065173864364624,4,98.9,621.125,4502.0390625
8.07642149925232,4,100.8,598.39453125,4502.0390625
9.087865591049194,4,99.0,601.0546875,4502.0390625
10.098063468933105,4,99.8,646.65625,4502.0390625
11.110066890716553,4,99.8,699.484375,4558.0390625
12.121948003768921,4,98.9,747.8125,4622.0390625
13.133228302001953,4,99.9,799.81640625,4628.0390625
14.14449954032898,4,99.8,843.81640625,4708.0390625
15.156594038009644,4,98.9,903.7890625,4804.0390625
16.167362928390503,4,100.9,941.78125,4804.0390625
17.178497791290283,4,99.0,976.44921875,4804.0390625
18.18830966949463,2,0.0,47.578125,3427.13671875
19.20000648498535,2,97.7,319.94140625,3880.63671875
20.21284294128418,2,100.0,727.93359375,5212.66796875
21.222683668136597,2,98.9,896.11328125,5852.66796875
22.233432054519653,2,99.8,1158.11328125,7132.66796875
23.245249032974243,2,99.8,1444.11328125,7132.66796875
24.2574245929718,2,100.0,1688.109375,9700.66796875
25.266979455947876,2,99.0,1966.109375,9700.66796875
26.277512311935425,2,100.8,1872.67578125,9188.63671875
27.289275407791138,2,99.8,1872.67578125,9188.63671875
28.301320791244507,2,99.9,1872.67578125,9188.62109375
29.312753677368164,2,99.9,1875.01171875,9188.62109375
30.3232638835907,2,99.8,1875.01171875,9188.62109375
31.334858179092407,2,99.9,1869.92578125,9188.62109375
32.34599828720093,2,99.9,1921.78125,9700.65234375
33.356550216674805,2,99.9,1987.1796875,9700.65234375
34.36749315261841,2,99.9,2009.73828125,9748.65234375
35.37965655326843,2,3950.0,2942.45703125,13863.09765625
36.40564775466919,2,4686.5,3344.0,14339.59765625
37.43156838417053,2,4623.4,3577.00390625,14593.59765625
38.458662033081055,2,4620.9,3689.65625,14820.59765625
39.4856595993042,2,4631.7,3868.9921875,15138.59765625
40.51266074180603,2,4723.8,3947.734375,15273.59765625
41.54283666610718,2,4667.9,4030.30078125,15446.59765625
42.57302379608154,2,4600.0,4092.76171875,15530.59765625
43.60166049003601,2,4663.4,4102.40234375,15620.59765625
44.62865614891052,2,4667.8,4280.28515625,15941.59765625
45.65665912628174,2,4710.6,4222.8828125,16021.59765625
46.68966484069824,2,4634.2,4310.7421875,16095.59765625
47.73989748954773,2,4604.6,4315.91015625,16101.59765625
48.769654750823975,2,4655.0,4407.09765625,16169.59765625
49.79666256904602,2,4710.7,4391.40625,16297.59765625
50.82357931137085,2,4661.3,4436.51171875,16416.59765625
51.85066080093384,2,4595.4,4511.484375,16442.59765625
52.87766122817993,2,4667.5,4717.7265625,16648.59765625
53.90665555000305,2,4670.9,4796.1171875,16837.59765625
54.93649768829346,2,4716.2,4815.7421875,16967.59765625
55.96681332588196,2,4603.5,4830.7890625,17091.59765625
56.99265956878662,2,4614.8,4856.03515625,17209.59765625
58.01965808868408,2,4641.7,5033.82421875,17318.59765625
59.05216646194458,2,4701.0,4959.53125,17318.59765625
60.080655097961426,2,4633.6,4856.70703125,17326.59765625
61.10665535926819,2,4593.7,4890.84375,17402.59765625
62.136967420578,2,4655.3,4910.4765625,17552.59765625
63.16565728187561,2,4681.0,4885.171875,17649.59765625
64.19576978683472,2,4666.6,4883.92578125,17659.59765625
65.22165870666504,2,4606.7,4879.64453125,17659.59765625
66.25166583061218,2,4656.4,5092.93359375,17799.59765625
67.28185153007507,2,4627.4,5049.87890625,17843.59765625
68.31065893173218,2,4694.5,5057.84765625,17957.59765625
69.33665537834167,2,4611.0,4967.390625,17957.59765625
70.36265301704407,2,4622.0,4948.79296875,18015.59765625
71.3906557559967,2,4645.1,5001.83984375,18087.59765625
72.41665768623352,2,4669.3,4841.796875,18137.59765625
73.44365692138672,2,4653.0,4783.44921875,18137.59765625
74.47160720825195,2,4610.9,4768.828125,18181.59765625
75.50117206573486,2,4654.8,4834.62890625,18295.59765625
76.5296618938446,2,4634.1,4861.07421875,18337.59765625
77.5566554069519,2,4651.6,4760.6796875,18337.59765625
78.58266711235046,2,4601.5,4793.6953125,18337.59765625
79.60965490341187,2,4669.1,4835.58203125,18337.59765625
80.64066004753113,2,4646.3,4816.32421875,18337.59765625
81.67104959487915,2,4683.5,4770.96875,18353.59765625
82.68859314918518,2,4615.7,4872.4921875,18469.59765625
83.71465373039246,2,4612.5,4891.0546875,18533.59765625
84.74358463287354,2,4654.5,5030.19921875,18665.59765625
85.77290415763855,2,4669.5,5025.6796875,18681.59765625
86.80165338516235,2,4650.6,4963.23828125,18681.59765625
87.83365893363953,2,4576.7,4985.49609375,18765.59765625
88.87642765045166,2,4630.3,4837.6328125,18765.59765625
89.90365886688232,2,4675.1,4831.93359375,18765.59765625
90.93605494499207,2,4712.0,4775.33984375,18765.59765625
91.9626579284668,2,4613.5,4779.60546875,18785.59765625
92.98865580558777,2,4614.1,4791.12109375,18785.59765625
94.0187599658966,2,4639.9,4842.9296875,18813.59765625
95.04873299598694,2,4716.9,4770.76953125,18905.59765625
96.07906651496887,2,4661.7,4984.44140625,19025.59765625
97.10565567016602,2,4595.0,4871.64453125,19025.59765625
98.13590693473816,2,4652.7,4866.2421875,19097.59765625
99.16465926170349,2,4690.8,4867.9296875,19149.59765625
100.19165825843811,2,4706.6,5071.93359375,19317.59765625
101.21865820884705,2,4602.1,4997.91796875,19359.59765625
102.2446563243866,2,4614.7,5040.99609375,19359.59765625
103.27472281455994,2,4655.6,4996.54296875,19359.59765625
104.30165910720825,2,4719.0,5017.1484375,19359.59765625
105.33179664611816,2,4653.8,4911.73046875,19359.59765625
106.35766124725342,2,4613.9,5045.75390625,19359.59765625
107.38465690612793,2,4660.9,5269.484375,19419.59765625
108.41155672073364,2,4664.1,5240.3359375,19419.59765625
109.43965697288513,2,4688.4,5248.171875,19419.59765625
110.46465802192688,2,4604.2,5189.16015625,19419.59765625
111.489661693573,2,4601.8,5312.453125,19489.59765625
112.52076005935669,2,4635.1,5235.57421875,19535.59765625
113.54865407943726,2,4648.5,5348.31640625,19643.59765625
114.57365536689758,2,4625.8,5275.6796875,19687.59765625
115.59965801239014,2,4616.9,5254.24609375,19687.59765625
116.62665677070618,2,4652.7,5353.83984375,19745.59765625
117.65365219116211,2,4688.2,5487.6796875,19745.59765625
118.68065333366394,2,4690.8,5420.0703125,19765.59765625
119.70765781402588,2,4587.5,5387.29296875,19765.59765625
120.73679757118225,2,4646.0,5357.515625,19765.59765625
121.76465606689453,2,4656.1,5383.0625,19827.59765625
122.7950029373169,2,4639.4,5355.9140625,19827.59765625
123.8246591091156,2,4631.9,5474.40234375,19963.59765625
124.85065269470215,2,4599.4,5522.57421875,20039.59765625
125.87765455245972,2,4634.7,5843.4296875,20271.59765625
126.9046688079834,2,4677.2,6175.8828125,20643.59765625
127.93263483047485,2,4697.1,6004.64453125,20667.59765625
128.96165800094604,2,4578.5,6059.56640625,20775.59765625
129.99177980422974,2,4657.8,6059.84375,20847.59765625
131.02273631095886,2,4642.3,5927.54296875,20879.59765625
132.0519881248474,2,4703.7,6060.5625,20931.59765625
133.0826587677002,2,4618.4,5947.140625,20931.59765625
134.10365319252014,2,4587.5,6141.72265625,20955.59765625
135.13165426254272,2,4627.3,5973.0234375,20955.59765625
136.15958857536316,2,4679.6,5930.90625,20969.59765625
137.18765664100647,2,4684.7,5914.828125,20993.59765625
138.21545696258545,2,4578.2,5857.078125,20993.59765625
139.24365282058716,2,4658.3,6001.765625,21025.59765625
140.27365922927856,2,4630.2,5979.02734375,21025.59765625
141.30065441131592,2,4700.4,5883.59375,21025.59765625
142.3270869255066,2,4611.4,5839.32421875,21025.59765625
143.35411143302917,2,4621.0,5813.73046875,21025.59765625
144.38165736198425,2,4633.6,5795.1015625,21025.59765625
145.40865516662598,2,4695.6,5695.4140625,21037.59765625
146.4389626979828,2,4625.8,5714.921875,21037.59765625
147.46732378005981,2,4604.9,5709.5390625,21123.59765625
148.493656873703,2,4652.5,5803.01171875,21123.59765625
149.52065587043762,2,4700.7,5835.484375,21123.59765625
150.54865765571594,2,4672.4,5848.33984375,21153.59765625
151.57456016540527,2,4596.3,5852.0078125,21153.59765625
152.6026747226715,2,4619.6,5861.9140625,21153.59765625
153.62966084480286,2,4638.8,6020.94921875,21185.59765625
154.65973615646362,2,4672.8,6116.375,21277.59765625
155.68665766716003,2,4592.7,6088.875,21277.59765625
156.71465635299683,2,4657.0,6153.37109375,21307.59765625
157.7426586151123,2,4646.0,6150.77734375,21307.59765625
158.76965832710266,2,4717.3,6024.77734375,21447.59765625
159.7966592311859,2,4635.0,5968.8828125,21447.59765625
160.82265901565552,2,4590.9,5951.41015625,21447.59765625
161.84967136383057,2,4649.3,5836.03515625,21479.59765625
162.87765550613403,2,4656.1,5804.17578125,21479.59765625
163.90460395812988,2,4685.2,5803.90625,21499.59765625
164.93443989753723,2,4579.8,5790.703125,21583.59765625
165.9616572856903,2,4663.1,6001.859375,21583.59765625
166.98865795135498,2,4650.5,5957.19921875,21583.59765625
168.01565742492676,2,4707.9,5999.5234375,21583.59765625
169.0457682609558,2,4620.6,5954.1953125,21583.59765625
170.07185196876526,2,4610.7,5919.0703125,21687.59765625
171.1016082763672,2,4646.6,5864.18359375,21687.59765625
172.12865614891052,2,4702.1,6009.03515625,21839.59765625
173.15665411949158,2,4657.7,6170.3828125,22075.59765625
174.18365788459778,2,4597.6,6309.12890625,22075.59765625
175.2106602191925,2,4642.3,6201.37890625,22075.59765625
176.237651348114,2,4661.4,6290.02734375,22149.59765625
177.26566672325134,2,4679.4,6192.4375,22149.59765625
178.2906563282013,2,4592.8,6097.54296875,22149.59765625
179.3176577091217,2,4627.3,6130.26171875,22149.59765625
180.3480806350708,2,4629.9,6066.36328125,22149.59765625
181.37666010856628,2,4685.7,6143.7109375,22149.59765625
182.4046597480774,2,4601.0,6152.296875,22177.59765625
183.4306604862213,2,4605.2,6146.5546875,22177.59765625
184.45765852928162,2,4647.0,6100.87890625,22177.59765625
185.4846556186676,2,4663.9,6056.25390625,22177.59765625
186.51165652275085,2,4659.6,5889.31640625,22177.59765625
187.53765678405762,2,4594.1,5877.140625,22221.59765625
188.5677788257599,2,4667.8,5902.97265625,22221.59765625
189.5946671962738,2,4653.3,5907.4609375,22221.59765625
190.62265610694885,2,4688.2,5887.4296875,22253.59765625
191.64951920509338,2,4592.4,6042.203125,22429.59765625
192.67383646965027,2,4642.7,5937.87890625,22429.59765625
193.70385837554932,2,4642.5,5809.08984375,22429.59765625
194.73265647888184,2,4655.4,5854.7734375,22429.59765625
195.7596583366394,2,4635.1,5997.76171875,22449.59765625
196.77667474746704,2,4622.3,6046.85546875,22449.59765625
197.80707788467407,2,4617.0,6045.20703125,22481.59765625
198.83565640449524,2,4680.6,6053.73828125,22481.59765625
199.86365795135498,2,4682.7,6205.58203125,22505.59765625
200.88895964622498,2,4583.3,6270.8125,22533.59765625
201.9198863506317,2,4634.9,6351.3359375,22729.59765625
202.9475338459015,2,4632.5,6398.9921875,22729.59765625
203.97866582870483,2,4698.0,6396.0546875,22729.59765625
205.0238733291626,2,4627.4,6334.27734375,22729.59765625
206.0486650466919,2,4612.2,6217.4140625,22793.59765625
207.07871055603027,2,4651.0,6171.453125,22809.59765625
208.10765266418457,2,4690.9,6195.71875,22809.59765625
209.13465404510498,2,4661.4,6174.46875,22809.59765625
210.16113018989563,2,4572.2,6084.953125,22809.59765625
211.18865823745728,2,4650.8,6040.40234375,22841.59765625
212.20416235923767,2,4639.5,6220.2421875,22901.59765625
213.23265671730042,2,4677.1,6218.22265625,22929.59765625
214.25878429412842,2,4611.9,6115.2734375,22929.59765625
215.27065753936768,2,4613.0,5976.50390625,22929.59765625
216.34893035888672,2,4619.8,6189.81640625,22929.59765625
217.364661693573,2,4697.9,6237.0625,22929.59765625
218.39542150497437,2,4633.4,6565.70703125,22929.59765625
219.4206554889679,2,4565.8,6525.2734375,22929.59765625
220.44865345954895,2,4652.4,6702.57421875,22973.59765625
221.4756383895874,2,4665.2,6696.5078125,22973.59765625
222.50366020202637,2,4675.5,6724.265625,22973.59765625
223.52965903282166,2,4586.0,6753.4375,23077.59765625
224.60427689552307,2,4637.7,6959.80078125,23289.59765625
225.63265419006348,2,4630.3,6710.890625,23289.59765625
226.6596531867981,2,4702.6,6698.06640625,23289.59765625
227.68765926361084,2,4627.0,6642.078125,23289.59765625
228.7136607170105,2,4598.1,6552.04296875,23313.59765625
229.74376893043518,2,4635.9,6532.16796875,23341.59765625
230.7706503868103,2,4707.7,6689.1953125,23549.59765625
231.79757499694824,2,4666.3,6735.98828125,23549.59765625
232.8236563205719,2,4585.7,6722.87109375,23549.59765625
233.8549039363861,2,4663.6,6818.125,23549.59765625
234.88265681266785,2,4657.8,6707.765625,23605.59765625
235.9096553325653,2,4706.1,7078.640625,23845.59765625
236.9366533756256,2,4617.5,7143.6796875,24027.59765625
237.96265578269958,2,4617.7,7174.32421875,24027.59765625
238.99066710472107,2,4634.7,7197.87890625,24027.59765625
240.02079677581787,2,4702.9,7346.5625,24055.59765625
241.04765582084656,2,4636.7,7379.77734375,24055.59765625
242.07367491722107,2,4602.7,7381.03125,24055.59765625
243.1037459373474,2,4631.0,7311.17578125,24055.59765625
244.13160252571106,2,4683.2,7376.02734375,24083.59765625
245.1606547832489,2,4679.4,7309.6796875,24083.59765625
246.1876516342163,2,4591.0,7420.30078125,24231.59765625
247.21566033363342,2,4641.5,7471.47265625,24263.59765625
248.2468400001526,2,4633.5,7461.35546875,24263.59765625
249.2736554145813,2,4670.2,7672.98828125,24263.59765625
250.29965734481812,2,4634.7,7648.2265625,24263.59765625
251.32566165924072,2,4588.9,7667.671875,24263.59765625
252.3526587486267,2,4638.9,7516.6953125,24263.59765625
253.3806586265564,2,4706.0,7514.453125,24263.59765625
254.40865802764893,2,4653.6,7694.04296875,24263.59765625
255.4346570968628,2,4595.5,7822.015625,24411.59765625
256.46365904808044,2,4656.5,7590.62890625,24439.59765625
257.4906585216522,2,4642.4,7652.16796875,24439.59765625
258.51865673065186,2,4693.7,7609.26953125,24439.59765625
259.54566168785095,2,4590.6,7488.81640625,24439.59765625
260.57103419303894,2,4612.7,7528.87109375,24439.59765625
261.5996561050415,2,4633.8,7478.9453125,24439.59765625
262.62781262397766,2,4698.4,7533.11328125,24439.59765625
263.6545374393463,2,4623.0,7388.29296875,24439.59765625
264.6826593875885,2,4604.4,7432.1953125,24587.59765625
265.7136571407318,2,4650.1,7229.52734375,24587.59765625
266.74158787727356,2,4681.0,7175.66796875,24587.59765625
267.7696576118469,2,4667.8,7007.26171875,24587.59765625
268.79551815986633,2,4602.8,6916.359375,24587.59765625
269.8256549835205,2,4653.4,6834.4296875,24587.59765625
270.85265946388245,2,4634.7,6984.12890625,24759.59765625
271.8796589374542,2,4686.2,7030.64453125,24759.59765625
272.9066569805145,2,4622.9,7081.515625,24759.59765625
273.93365836143494,2,4620.8,7099.796875,24851.59765625
274.9640829563141,2,4650.6,7123.75390625,24907.59765625
275.9926700592041,2,4661.0,7413.296875,25031.59765625
277.02865743637085,2,4635.9,7359.2578125,25031.59765625
278.05465388298035,2,4611.1,7273.47265625,25031.59765625
279.0816581249237,2,4632.9,7347.7109375,25107.59765625
280.10865592956543,2,4658.8,7248.734375,25211.59765625
281.13666105270386,2,4663.9,7219.8359375,25211.59765625
282.1626582145691,2,4586.0,7715.6796875,25395.59765625
283.19278216362,2,4660.3,7577.203125,25395.59765625
284.2195317745209,2,4644.5,7556.19140625,25395.59765625
285.2476589679718,2,4691.1,7726.0546875,25563.59765625
286.27256870269775,2,4619.1,7459.41796875,25563.59765625
287.2983093261719,2,4621.4,7508.88671875,25563.59765625
288.3285665512085,2,4635.8,7433.1171875,25563.59765625
289.35466051101685,2,4715.2,7529.85546875,25563.59765625
290.38477516174316,2,4657.5,7613.03125,25563.59765625
291.4106583595276,2,4605.0,7813.3359375,25563.59765625
292.4449577331543,2,4658.4,7598.4453125,25563.59765625
293.4756600856781,2,4668.8,7725.62109375,25563.59765625
294.50265169143677,2,4678.7,7607.46875,25563.59765625
295.52865958213806,2,4629.3,7460.453125,25563.59765625
296.55465626716614,2,4615.0,7443.5546875,25563.59765625
297.5806519985199,2,4630.4,7523.38671875,25619.59765625
298.60865592956543,2,4707.6,7868.32421875,25619.59765625
299.6266567707062,2,4641.0,8033.16015625,25731.59765625
300.65265941619873,2,4594.2,8203.98046875,25931.59765625
301.679660320282,2,4652.2,8485.66796875,25937.59765625
302.7236602306366,2,4656.3,8782.41015625,26125.59765625
303.74965262413025,2,4653.9,8699.2578125,26229.59765625
304.7766535282135,2,4579.8,8538.77734375,26229.59765625
305.80265760421753,2,4626.2,8638.51953125,26233.59765625
306.81764960289,2,4622.9,8700.16015625,26273.59765625
307.8507225513458,2,4664.6,9115.91015625,26863.59765625
308.87665700912476,2,4587.7,9143.765625,26863.59765625
309.90266013145447,2,4595.3,9065.21875,26891.59765625
310.9296576976776,2,4621.9,9019.30859375,26891.59765625
311.95665669441223,2,4687.0,9224.703125,26963.59765625
312.98671412467957,2,4652.6,9142.3203125,26963.59765625
314.013658285141,2,4551.2,9511.5625,27039.59765625
315.04065895080566,2,4642.4,9695.90234375,27143.59765625
316.06864953041077,2,4653.8,10017.66015625,27371.59765625
317.0956561565399,2,4660.9,9741.765625,27419.59765625
318.12265610694885,2,4580.3,10029.62890625,27725.59765625
319.14952635765076,2,4642.6,10153.40625,27949.59765625
320.1776533126831,2,4630.0,10239.984375,28045.59765625
321.2046570777893,2,4686.2,9730.69921875,28045.59765625
322.2352731227875,2,4647.1,9653.78515625,28045.59765625
323.26265478134155,2,4583.0,9583.90625,28225.59765625
324.28965616226196,2,4628.2,9559.02734375,28225.59765625
325.3166534900665,2,4627.4,10168.98828125,28831.59765625
326.3436563014984,2,4645.5,10487.171875,29055.59765625
327.3696575164795,2,4474.8,10879.41796875,29631.59765625
328.3820757865906,2,3524.4,10947.7578125,29631.59765625
329.3959164619446,2,2617.4,11081.27734375,30063.59765625
330.4071991443634,2,2197.0,11344.60546875,30511.59765625
331.41808319091797,2,2048.0,11135.12109375,30583.59765625
332.4264085292816,2,1929.2,10784.46484375,30583.59765625
333.4377291202545,2,1591.5,10579.1796875,30655.59765625
334.44805812835693,2,1405.8,10401.02734375,30655.59765625
335.45675778388977,2,1323.1,10396.49609375,30655.59765625
336.46721363067627,2,1229.2,9987.921875,30655.59765625
337.47601652145386,2,1200.2,9779.7265625,30655.59765625
338.48505449295044,2,1124.9,9972.765625,30855.59765625
339.49399757385254,2,1005.1,9616.89453125,30855.59765625
340.50284457206726,2,999.7,9544.6484375,30855.59765625
341.51117634773254,2,999.6,9401.16796875,30855.59765625
342.5195631980896,2,999.2,9406.30859375,30855.59765625
343.52935314178467,2,902.3,9141.390625,30855.59765625
344.53788447380066,2,823.3,8938.3984375,30855.59765625
345.54721426963806,2,700.1,8946.90234375,30855.59765625
346.5600073337555,2,700.2,8923.52734375,30855.59765625
347.57110047340393,2,680.5,8993.45703125,30855.59765625
348.5821087360382,2,601.0,8815.11328125,30855.59765625
349.5937099456787,2,602.0,8733.33984375,30855.59765625
350.60359740257263,2,601.6,8637.125,30855.59765625
351.6142854690552,2,600.7,8558.828125,30855.59765625
352.62470030784607,2,573.6,8467.76953125,30855.59765625
353.6358778476715,2,501.0,8394.10546875,30855.59765625
354.6459140777588,2,501.7,8322.55078125,30855.59765625
355.65657591819763,2,491.1,8248.796875,30855.59765625
356.66868782043457,2,400.6,8193.2421875,30855.59765625
357.6796576976776,2,402.2,8159.296875,30855.59765625
358.68919706344604,2,399.4,8112.9609375,30855.59765625
359.7006938457489,2,402.7,8470.5234375,31143.59765625
360.71131467819214,2,401.5,8507.29296875,31303.59765625
361.72253918647766,2,384.3,8295.8046875,31495.59765625
362.73223328590393,2,302.4,7821.8671875,31495.59765625
363.7441921234131,2,304.7,7739.46875,31495.59765625
364.7550594806671,2,304.5,7681.2109375,31495.59765625
365.76645612716675,2,302.7,7627.02734375,31495.59765625
366.7771940231323,2,302.5,7532.23828125,31495.59765625
367.78891682624817,2,300.4,7780.1953125,31495.59765625
368.80074739456177,2,303.4,7539.140625,31495.59765625
369.81268858909607,2,300.9,7710.95703125,31495.59765625
370.82288360595703,2,300.5,7892.86328125,31495.59765625
371.8345010280609,2,300.4,7838.6953125,31495.59765625
372.8463671207428,2,301.8,7618.48828125,31495.59765625
373.85711646080017,2,300.0,7811.984375,31495.59765625
374.86698389053345,2,300.9,8089.11328125,31495.59765625
375.87724781036377,2,299.7,7723.04296875,31495.59765625
376.88812279701233,2,299.5,7986.54296875,31495.59765625
377.899738073349,2,300.1,7782.06640625,31495.59765625
378.9092924594879,2,300.9,7967.6640625,31495.59765625
379.9197244644165,2,302.8,7631.19921875,31495.59765625
380.93019437789917,2,301.3,7596.0703125,31495.59765625
381.94235014915466,2,303.0,7669.7421875,31495.59765625
382.9522604942322,2,300.4,7629.5234375,31495.59765625
383.96430373191833,2,303.4,7535.11328125,31495.59765625
384.97614574432373,2,305.8,7505.82421875,31495.59765625
385.98665046691895,2,303.0,7449.1875,31495.59765625
386.99656200408936,2,302.6,7769.96875,31495.59765625
388.0078864097595,2,300.8,7855.5546875,31495.59765625
389.0186674594879,2,299.4,8302.5234375,31495.59765625
390.0306599140167,2,300.9,8347.03515625,31495.59765625
391.0411379337311,2,301.3,8381.0546875,31495.59765625
392.05343747138977,2,309.6,7431.5625,31495.59765625
393.06428694725037,2,302.7,7367.79296875,31495.59765625
394.0752532482147,2,301.8,7296.4375,31495.59765625
395.0858108997345,2,301.8,7261.38671875,31495.59765625
396.09651231765747,2,286.6,7429.5703125,31495.59765625
397.1084542274475,2,201.8,7147.04296875,31495.59765625
398.1191174983978,2,203.8,7176.08984375,31495.59765625
399.1298146247864,2,203.6,7077.55078125,31495.59765625
400.14150977134705,2,204.7,6896.30078125,31495.59765625
401.1525197029114,2,203.6,6788.54296875,31495.59765625
402.1642699241638,2,204.9,6815.93359375,31495.59765625
403.1744575500488,2,203.6,7185.0703125,31495.59765625
404.1864650249481,2,201.7,7411.3828125,31495.59765625
405.1978929042816,2,201.7,7399.05078125,31495.59765625
406.20939087867737,2,199.9,6971.89453125,31495.59765625
407.21975564956665,2,200.8,7184.6171875,31495.59765625
408.2309019565582,2,199.7,7340.640625,31495.59765625
409.24257826805115,2,199.8,7328.9296875,31495.59765625
410.25381088256836,2,207.1,6880.91796875,31495.59765625
411.26288628578186,2,198.6,7137.8984375,31495.59765625
412.2749831676483,2,200.8,7214.31640625,31495.59765625
413.2858872413635,2,199.6,6852.80859375,31495.59765625
414.29812240600586,2,203.0,6770.10546875,31495.59765625
415.3079779148102,2,182.4,6618.33984375,31495.59765625
416.3225395679474,2,102.8,6565.390625,31495.59765625
417.3342468738556,2,104.8,6508.2109375,31495.59765625
418.34572529792786,2,103.9,6438.4609375,31495.59765625
419.3564417362213,2,106.9,6323.19921875,31495.59765625
420.36702370643616,2,102.9,6385.72265625,31495.59765625
421.3780896663666,2,101.8,6710.44140625,31495.59765625
422.38940024375916,2,103.7,6716.46484375,31495.59765625
423.4014790058136,2,105.8,6260.54296875,31495.59765625
424.41270899772644,2,101.8,6198.984375,31495.59765625
425.42400431632996,2,103.8,6139.21875,31495.59765625
426.43534088134766,2,101.9,6060.0,31495.59765625
427.446168422699,2,102.0,6027.8203125,31495.59765625
428.4564046859741,2,102.8,5982.04296875,31495.59765625
429.4681541919708,2,101.9,5955.71484375,31495.59765625
430.47932386398315,2,102.8,5906.01171875,31495.59765625
431.4911403656006,2,100.9,6034.9140625,31495.59765625
432.5018901824951,2,99.9,6501.01953125,31495.59765625
433.51314401626587,2,99.8,6574.33203125,31495.59765625
434.5247280597687,2,99.9,6161.77734375,31495.59765625
435.5352690219879,2,100.1,6161.77734375,31495.59765625
436.5439147949219,2,103.9,6130.52734375,31495.59765625
437.5545551776886,2,102.8,6077.625,31495.59765625
438.56616163253784,2,101.9,6004.9609375,31495.59765625
439.57731461524963,2,101.9,5950.03125,31495.59765625
440.58786153793335,2,99.9,5959.515625,31495.59765625
441.5987460613251,2,98.9,6121.3046875,31495.59765625
442.6095016002655,2,102.8,6239.7890625,31495.59765625
443.6208164691925,2,100.9,6375.953125,31495.59765625
444.63128209114075,2,100.0,6527.40625,31495.59765625
445.64173197746277,2,99.8,6665.921875,32019.59765625
446.6532871723175,2,99.9,6697.62109375,32019.59765625
447.66459822654724,2,102.0,6872.69921875,32019.59765625
448.6748208999634,2,98.8,6883.6953125,32019.59765625
449.686598777771,2,104.7,6762.109375,32019.59765625
450.69889736175537,2,100.8,6581.0234375,32019.59765625
451.71092081069946,2,101.1,6738.0,32019.59765625
452.7201383113861,2,108.7,6381.78515625,32019.59765625
453.7321524620056,2,98.9,6514.12890625,32019.59765625
454.74370551109314,2,100.9,6343.6640625,32019.59765625
455.75470638275146,2,103.9,6279.98046875,32019.59765625
456.76548767089844,2,102.8,6195.02734375,32019.59765625
457.77733969688416,2,105.9,6102.14453125,32019.59765625
458.7881009578705,2,102.8,6027.80859375,32019.59765625
459.7999279499054,2,101.8,5941.8359375,32019.59765625
460.81192922592163,2,114.5,5561.421875,32019.59765625
461.8246133327484,2,105.7,5385.4453125,32019.59765625
462.8366165161133,2,674.7,3977.10546875,32139.59765625
463.84904980659485,2,111.9,3851.203125,32219.60546875
464.8588283061981,2,108.0,3540.76171875,32219.6640625
465.8678205013275,2,115.0,3285.625,32315.69140625
466.8765366077423,2,111.0,3381.8125,32907.69140625
467.8866467475891,2,1964.7,3914.32421875,32907.69140625
468.90364623069763,2,1486.1,6609.30078125,38027.765625
469.91304206848145,2,911.1,5120.13671875,37003.73828125
470.9216158390045,2,2600.4,4470.40625,44171.72265625
471.93664836883545,2,4456.2,6155.57421875,44171.72265625
472.9556534290314,2,3416.0,6391.12890625,44171.72265625
473.9624137878418,2,2380.5,6615.546875,44199.72265625
474.97444891929626,2,2122.4,4153.99609375,46247.73828125
475.9826502799988,2,1893.4,4360.21875,44199.72265625
476.99264574050903,2,4207.5,6222.80078125,44199.72265625
478.01164531707764,2,4144.8,7601.53125,44199.72265625
479.01861786842346,2,2854.6,7705.38671875,44199.72265625
480.0300371646881,2,3741.9,8518.15234375,44199.72265625
481.0460994243622,2,2380.4,8535.1640625,44199.72265625
482.05981850624084,2,2581.3,8590.78515625,44199.72265625
483.0696427822113,2,3412.3,3417.484375,42151.69140625
484.0966420173645,2,4626.3,3338.63671875,42151.69140625
485.1229934692383,2,4313.3,3416.09765625,42151.69140625
486.1376540660858,2,4709.1,3381.890625,42151.69140625
487.15965461730957,2,4527.9,3331.8515625,42151.69140625
488.1837787628174,2,958.9,3257.45703125,42151.69140625
489.1932518482208,2,101.0,3219.5546875,42151.69140625
490.2026906013489,2,100.2,3168.609375,42151.69140625
491.21027183532715,2,122.2,3498.79296875,42225.7109375
492.21670365333557,2,100.2,3896.61328125,42225.7109375
493.2248344421387,4,95.1,4196.73828125,42280.03515625
494.2343089580536,4,99.0,4475.50390625,42574.01953125
495.24492621421814,4,101.1,4712.06640625,42812.625
496.25366473197937,4,100.0,4915.15234375,43023.2734375
497.2636742591858,4,99.8,5110.03125,43218.05078125
498.27554726600647,4,100.8,5427.17578125,43560.0390625
499.28776240348816,4,99.9,5778.8203125,43911.6953125
500.2991044521332,4,99.1,6101.3125,44239.76171875
501.30815529823303,4,100.8,6433.46875,44575.03125
502.32022047042847,4,98.9,6779.6328125,44921.2734375
503.33176827430725,4,99.9,7131.11328125,45272.671875
504.34250569343567,4,100.9,7458.9140625,45600.48046875
505.35361075401306,4,98.9,7798.94921875,45940.53515625
506.3645558357239,4,99.8,8145.60546875,46287.1640625
507.3768961429596,4,99.8,8497.9375,46639.46484375
508.3891487121582,4,100.0,8830.28515625,46974.36328125
509.3988218307495,4,100.8,9167.7421875,47311.7109375
510.4105134010315,4,98.9,9513.046875,47657.05078125
511.4217879772186,4,100.8,9864.28515625,48008.3203125
512.433210849762,4,98.8,10200.8515625,48344.89453125
513.445298910141,4,99.9,10536.8203125,48680.82421875
514.4563679695129,4,99.9,10883.91015625,49027.96875
515.4672226905823,4,99.9,11237.46484375,49381.55859375
516.4786837100983,4,99.9,11580.4296875,49724.44921875
517.489343881607,4,99.8,11904.7265625,50048.77734375
518.5012772083282,4,99.8,12253.15234375,50397.2109375
519.5136528015137,4,99.9,12603.83984375,50747.8359375
520.5249617099762,4,99.0,12949.3515625,51093.43359375
521.5352461338043,4,99.8,13265.97265625,51410.02734375
522.5473442077637,4,100.8,13614.62890625,51758.71875
523.5593194961548,4,99.8,13964.44140625,52108.44140625
524.5708742141724,4,99.9,14311.203125,52455.19921875
525.5815007686615,4,98.9,14432.01953125,52576.11328125
526.5929887294769,4,99.9,14432.08203125,52576.11328125
527.6038982868195,4,99.8,14799.65625,52999.0859375
528.6156740188599,4,99.9,4093.0546875,42232.7734375
529.6264727115631,5,0.0,4536.51953125,42870.50390625
530.6393325328827,2,10.9,4145.1484375,42399.99609375
531.6524875164032,2,188.8,3498.58203125,42737.7265625
532.6646454334259,2,2435.6,5149.5703125,47345.8203125
533.6916451454163,2,4687.6,5149.5703125,47345.8203125
534.7176425457001,2,4634.4,5199.51953125,47345.8203125
535.744714975357,2,1859.4,5761.125,49393.8515625
536.7535126209259,2,100.4,6139.12109375,49393.8515625
537.7599067687988,2,99.1,6511.12109375,49393.8515625
538.7692024707794,4,32.7,6815.7734375,49712.375
539.7784762382507,4,100.1,7143.8515625,50040.44921875
540.7877793312073,4,100.1,7467.16796875,50363.74609375
541.7970011234283,4,99.1,7780.03515625,50676.6015625
542.8061697483063,4,100.1,8121.1796875,51017.83203125
543.8147315979004,4,99.1,8458.32421875,51354.921875
544.8241994380951,4,99.8,8748.703125,51645.34765625
545.8358733654022,4,102.3,9067.671875,51968.7734375
546.8523905277252,4,99.9,9382.8828125,52283.94921875
547.863828420639,4,100.0,9687.60546875,52588.71484375
548.8742926120758,4,98.9,9999.32421875,52900.41015625
549.8854331970215,4,99.9,10327.8359375,53228.86328125
550.8968966007233,4,99.8,10697.05078125,53598.1796875
551.9088554382324,4,99.9,11048.828125,53949.96484375
552.9197435379028,4,99.8,11398.6171875,54299.81640625
553.9319105148315,4,99.9,11763.4140625,54664.62109375
554.9432952404022,4,99.9,12133.06640625,55034.1953125
555.9547326564789,4,100.8,12485.28125,55390.75
556.9668996334076,4,99.8,12837.984375,55743.4375
557.9790515899658,4,99.9,13200.83984375,56106.30859375
558.9899880886078,4,99.8,13572.72265625,56478.07421875
560.00213098526,4,99.9,13935.0390625,56840.4296875
561.0129330158234,4,98.8,14282.98046875,57188.34765625
562.0248517990112,4,99.9,14649.53515625,57555.47265625
563.0361053943634,4,99.9,15017.203125,57924.91796875
564.0470199584961,4,99.9,15390.9140625,58298.6171875
565.0579738616943,4,99.8,15732.12890625,58639.83203125
566.0701115131378,4,99.8,16098.0390625,59005.796875
567.0818557739258,4,99.8,16468.328125,59376.015625
568.0936002731323,4,99.9,16840.99609375,59748.68359375
569.1045610904694,4,99.9,17183.55859375,60091.31640625
570.1152951717377,4,99.8,17544.1796875,60451.8671875
571.1274321079254,4,99.8,17913.67578125,60821.3125
572.1391654014587,4,99.8,18284.2890625,61192.046875
573.1514842510223,4,99.9,18623.6484375,61531.328125
574.1624310016632,4,99.8,18989.015625,61896.6484375
575.1746053695679,4,99.8,19358.6796875,62266.3515625
576.1862006187439,4,99.8,19556.921875,62464.609375
577.1978175640106,4,98.8,19586.6953125,62494.38671875
578.209529876709,4,99.9,19586.6953125,62494.38671875
579.2206704616547,4,99.8,19586.76953125,62494.38671875
580.2330193519592,4,100.9,19615.98828125,62523.60546875
581.243880033493,4,98.8,20022.1875,63063.30859375
582.2559859752655,4,99.8,20205.2578125,63223.2421875
583.2679903507233,4,99.8,20215.2578125,63223.2421875
584.2797191143036,4,99.9,19682.14453125,62589.51171875
585.290976524353,5,0.0,7057.69140625,50290.81640625
586.3032667636871,5,99.9,7380.29296875,50644.95703125
587.3143827915192,3,0.0,6497.77734375,49400.9296875
588.3265600204468,2,96.0,5556.18359375,50098.73046875
589.3369972705841,2,101.0,5547.65234375,50098.73046875
590.3466477394104,2,99.0,5554.234375,50098.73046875
591.3568286895752,2,826.9,6908.38671875,49586.69921875
592.3701701164246,2,138.6,7044.08984375,49586.69921875
593.3803291320801,2,205.9,7079.49609375,49586.69921875
594.3906915187836,2,219.3,7308.92578125,49586.69921875
595.4036581516266,2,1905.5,8657.48046875,49586.69921875
596.4292364120483,2,1722.6,11941.50390625,49586.69921875
597.4456436634064,2,4451.0,13407.53125,49586.69921875
598.4726457595825,2,4431.4,14804.82421875,49618.69921875
599.4939270019531,2,4268.6,14402.02734375,49618.69921875
600.5076851844788,2,3743.6,15359.2421875,49618.69921875
601.5541779994965,2,3307.5,14821.94140625,49618.69921875
602.5676491260529,2,2774.1,15319.5703125,49618.69921875
603.592645406723,2,1972.8,15314.80078125,49618.69921875
604.6044931411743,2,2682.5,15347.30078125,49618.69921875
605.6150012016296,2,866.7,7960.44921875,49618.69921875
606.6245009899139,2,188.4,7964.03515625,49618.69921875
607.6328268051147,2,249.4,7762.5703125,49618.69921875
608.6432576179504,2,1073.8,7572.3671875,49618.69921875
609.6526143550873,2,1384.0,9162.5234375,49618.69921875
610.6612195968628,2,3219.5,13061.609375,49618.69921875
611.6723580360413,2,4573.5,13999.5234375,49618.69921875
612.687737941742,2,4237.5,13628.98046875,55762.69921875
613.7036538124084,2,3921.6,14587.55859375,55762.69921875
614.7186486721039,2,3007.6,14846.73828125,55762.69921875
615.7471685409546,2,3218.4,15448.5078125,55762.69921875
616.7546672821045,2,1334.1,15314.890625,55762.69921875
617.7646541595459,2,2077.8,15326.67578125,55762.69921875
618.776478767395,2,2457.5,15403.98828125,55762.69921875
619.7834939956665,2,1186.3,8751.69140625,55986.69921875
620.7925071716309,2,823.7,8064.74609375,55986.69921875
621.8006446361542,2,1404.9,7882.7890625,55986.69921875
622.8196852207184,2,1641.0,10689.671875,55986.69921875
623.8476481437683,2,4416.8,12368.85546875,55986.69921875
624.8676495552063,2,4436.7,12847.1796875,55986.69921875
625.8809068202972,2,3926.8,14045.51953125,55986.69921875
626.8926858901978,2,3971.9,14713.52734375,55986.69921875
627.9374887943268,2,4141.5,14097.171875,55986.69921875
628.9556574821472,2,2271.4,14324.10546875,55986.69921875
629.9918122291565,2,2564.7,14254.10546875,55986.69921875
631.0042819976807,2,1828.7,7192.1171875,55986.69921875
632.0124461650848,2,1155.5,8503.05859375,55986.69921875
633.0207142829895,2,1225.4,7991.984375,55986.69921875
634.0342793464661,2,982.1,7745.4453125,55986.69921875
635.0456624031067,2,2885.9,11576.51171875,55986.69921875
636.0656449794769,2,4367.9,12540.109375,55986.69921875
637.0769531726837,2,4425.8,13689.984375,55986.69921875
638.0926897525787,2,3677.2,14816.67578125,55986.69921875
639.1421613693237,2,4494.1,14765.12890625,55986.69921875
640.1871747970581,2,3468.5,14546.62890625,55986.69921875
641.1963882446289,2,2207.1,14353.99609375,55986.69921875
642.2045817375183,2,3106.0,14409.6796875,55986.69921875
643.2136447429657,2,1143.6,8729.01171875,55986.69921875
644.2329096794128,2,938.9,8181.90625,55986.69921875
645.2564511299133,2,1115.4,8073.15625,55986.69921875
646.2652390003204,2,1295.5,10516.0390625,55986.69921875
647.2785663604736,2,4364.7,12432.71875,55986.69921875
648.2936565876007,2,4515.0,13679.4921875,55986.69921875
649.3203773498535,2,4284.8,14016.4765625,55986.69921875
650.328679561615,2,3893.8,14466.41796875,55986.69921875
651.3626472949982,2,3894.1,14116.14453125,55986.69921875
652.3735055923462,2,2720.7,14467.4453125,55986.69921875
653.3866498470306,2,2588.0,14412.1484375,55986.69921875
654.3981206417084,2,1990.6,7201.47265625,55986.69921875
655.4066514968872,2,1139.7,8589.7109375,55986.69921875
656.4157838821411,2,1105.2,8100.41796875,55986.69921875
657.4248938560486,2,1105.4,7973.62890625,55986.69921875
658.4346878528595,2,2480.7,11614.90625,55986.69921875
659.4666392803192,2,4385.2,12481.52734375,55986.69921875
660.4885246753693,2,4427.1,13256.53515625,55986.69921875
661.5035681724548,2,3945.1,14260.83984375,55986.69921875
662.5156712532043,2,4208.5,15067.0703125,55986.69921875
663.5653202533722,2,3999.5,14382.08984375,55986.69921875
664.5756521224976,2,2554.8,14670.82421875,55986.69921875
665.5867607593536,2,2781.0,14609.47265625,55986.69921875
666.5993793010712,2,1471.5,7825.1640625,56242.69921875
667.6076323986053,2,1231.2,8732.7265625,56242.69921875
668.6156387329102,2,1138.0,8251.578125,56242.69921875
669.6243786811829,2,1153.1,8056.37890625,56242.69921875
670.6336965560913,2,2672.3,11027.91015625,56242.69921875
671.6666491031647,2,4329.9,11961.32421875,56242.69921875
672.6927890777588,2,4432.3,13247.5546875,56242.69921875
673.7067103385925,2,3689.5,14515.1640625,56242.69921875
674.7516860961914,2,4558.9,14400.109375,56242.69921875
675.7968401908875,2,3412.7,14065.55078125,56242.69921875
676.8053188323975,2,2121.5,13901.0703125,56242.69921875
677.81360912323,2,3153.8,14002.6484375,56242.69921875
678.8226454257965,2,1234.5,8696.75390625,56242.69921875
679.834263086319,2,831.2,8407.97265625,56242.69921875
680.8411939144135,2,1264.5,8239.62109375,56242.69921875
681.8516445159912,2,1058.6,9970.734375,56242.69921875
682.8640789985657,2,4364.8,11748.32421875,56242.69921875
683.8746116161346,2,4462.9,13610.58984375,56242.69921875
684.8960242271423,2,4229.6,13637.41796875,56242.69921875
685.906697511673,2,3777.4,14434.015625,56242.69921875
686.9553763866425,2,4123.9,13664.5703125,56242.69921875
687.9666492938995,2,2701.2,14041.265625,56242.69921875
688.9887676239014,2,2747.7,13913.44921875,56242.69921875
690.0002481937408,2,1801.0,7355.16796875,56242.69921875
691.0094544887543,2,1352.4,8676.265625,56242.69921875
692.0166711807251,2,1062.2,8205.71484375,56242.69921875
693.0278933048248,2,1183.4,8063.80078125,56242.69921875
694.0366926193237,2,2572.8,11056.546875,56242.69921875
695.0636520385742,2,4339.9,12015.56640625,56242.69921875
696.0876545906067,2,4435.3,13441.72265625,56242.69921875
697.1017062664032,2,3661.4,14596.5546875,56242.69921875
698.150271654129,2,4610.6,14531.625,56242.69921875
699.2001631259918,2,3302.3,14211.3984375,56242.69921875
700.2104151248932,2,2216.7,14044.79296875,56242.69921875
701.2186210155487,2,3175.5,14104.234375,56242.69921875
702.2259700298309,2,1128.9,8970.13671875,56242.69921875
703.2331871986389,2,924.6,8446.68359375,56242.69921875
704.2443492412567,2,1523.1,8225.56640625,56242.69921875
705.2528562545776,2,1057.5,9048.1875,56242.69921875
706.2636458873749,2,3138.9,12574.5,56242.69921875
707.283655166626,2,4457.8,13125.1640625,56242.69921875
708.3116524219513,2,4405.3,14183.8046875,56242.69921875
709.3326940536499,2,3703.8,15231.33984375,56242.69921875
710.3826842308044,2,4531.3,15141.7421875,56242.69921875
711.4261920452118,2,3388.6,14900.640625,56242.69921875
712.435667514801,2,2148.4,14701.94921875,56242.69921875
713.4443097114563,2,3254.3,14765.92578125,56242.69921875
714.4536445140839,2,1297.3,8680.51171875,56242.69921875
715.4735188484192,2,873.4,8061.83203125,56242.69921875
716.4827480316162,2,1192.8,7841.41796875,56242.69921875
717.4916880130768,2,2502.1,11617.3203125,56242.69921875
718.5256471633911,2,4339.6,13771.203125,56242.69921875
719.5466623306274,2,4504.6,14758.265625,56242.69921875
720.5797898769379,2,4239.3,14411.453125,56242.69921875
721.6016912460327,2,3871.8,15418.58203125,56242.69921875
722.6506683826447,2,4357.4,15396.6796875,56242.69921875
723.6906845569611,2,4584.5,15038.875,56242.69921875
724.7148704528809,2,2903.2,15141.59765625,56242.69921875
725.7270286083221,2,2547.3,14955.1015625,56242.69921875
726.7406449317932,2,3064.3,15241.59765625,56242.69921875
727.7488882541656,2,1635.6,8209.82421875,56242.69921875
728.7587058544159,2,1596.0,10977.16796875,56242.69921875
729.781644821167,2,4435.3,13089.203125,56242.69921875
730.8023381233215,2,4257.6,11886.70703125,56242.69921875
731.8156836032867,2,3925.5,13614.80078125,56242.69921875
732.8616876602173,2,4293.9,13549.82421875,56242.69921875
733.9056861400604,2,4629.5,13408.359375,56242.69921875
734.9406530857086,2,2625.8,13225.125,56242.69921875
735.9648857116699,2,2830.9,13456.60546875,56242.69921875
736.9765703678131,2,1733.3,7510.859375,56242.69921875
737.9866981506348,2,1392.4,10789.8359375,56242.69921875
739.0496475696564,2,4378.5,12914.5546875,56242.69921875
740.0710065364838,2,4492.7,11785.34375,56242.69921875
741.085691690445,2,3967.7,13603.14453125,56242.69921875
742.1301548480988,2,4290.3,13563.51171875,56242.69921875
743.154675245285,2,4701.1,13535.703125,56242.69921875
744.2076468467712,2,2679.0,13276.05078125,56242.69921875
745.2292387485504,2,2964.6,13521.18359375,56242.69921875
746.2382435798645,2,420.3,7190.28515625,56242.69921875
747.247642993927,2,980.6,8255.625,56242.69921875
748.266907453537,2,848.4,7678.45703125,56242.69921875
749.2770209312439,2,2679.1,8010.13671875,56242.69921875
750.2876465320587,2,3455.6,10727.16015625,56242.69921875
751.3004522323608,2,4534.1,13001.31640625,56242.69921875
752.3183543682098,2,4167.2,13293.015625,56242.69921875
753.3306922912598,2,3800.9,14065.4765625,56242.69921875
754.3726468086243,2,3615.1,13663.078125,56242.69921875
755.3920555114746,2,2362.4,13885.65234375,56242.69921875
756.3996448516846,2,3158.4,13896.87109375,56242.69921875
757.4114353656769,2,513.5,7661.296875,56242.69921875
758.4206454753876,2,722.8,8498.00390625,56242.69921875
759.4400444030762,2,1084.3,8084.140625,56242.69921875
760.4508144855499,2,2726.7,8175.91015625,56242.69921875
761.4596474170685,2,3503.1,10612.16796875,56242.69921875
762.4831664562225,2,4452.5,11901.875,56242.69921875
763.500678062439,2,4130.9,13125.44140625,56242.69921875
764.5126810073853,2,3929.8,13892.2734375,56242.69921875
765.5554685592651,2,3529.2,13500.8671875,56242.69921875
766.5641286373138,2,2078.8,13515.84765625,56242.69921875
767.5709812641144,2,2986.5,13576.67578125,56242.69921875
768.5792183876038,2,1104.1,8962.44140625,56242.69921875
769.588214635849,2,1072.2,8305.49609375,56242.69921875
770.595507144928,2,1159.4,8064.49609375,56242.69921875
771.6037747859955,2,2423.9,8049.63671875,56242.69921875
772.6126470565796,2,3469.5,10387.41796875,56242.69921875
773.6336550712585,2,4510.8,12860.484375,56242.69921875
774.6595332622528,2,4308.7,12942.88671875,56242.69921875
775.6723401546478,2,3349.8,13123.0078125,56242.69921875
776.6807010173798,2,3485.2,13558.078125,56242.69921875
777.6900401115417,2,1939.5,13628.2109375,56242.69921875
778.6979789733887,2,3481.6,13627.73828125,56242.69921875
779.7091746330261,2,590.8,8324.75390625,56242.69921875
780.7162175178528,2,1549.3,8273.22265625,56242.69921875
781.7243530750275,2,1030.1,8128.1796875,56242.69921875
782.7346448898315,2,1844.7,7926.26953125,56242.69921875
783.8056585788727,2,2940.1,10616.47265625,56242.69921875
784.8206462860107,2,4199.7,11621.8046875,56242.69921875
785.8453299999237,2,4539.5,14229.765625,56242.69921875
786.871648311615,2,4164.0,14570.7265625,56242.69921875
787.8960349559784,2,3528.0,15713.578125,56242.69921875
788.9125134944916,2,3254.6,15086.33203125,56242.69921875
789.9247581958771,2,3346.9,16176.47265625,56242.69921875
790.9320423603058,2,1900.7,16141.05859375,56242.69921875
791.9406461715698,2,2781.0,16287.078125,56242.69921875
792.9554762840271,2,1867.8,16463.34765625,56242.69921875
793.964513540268,2,1146.5,8840.8515625,56562.69921875
794.9736704826355,2,1108.6,8271.7265625,56562.69921875
795.9830870628357,2,1165.3,8104.19140625,56562.69921875
796.991644859314,2,2085.7,7883.49609375,56562.69921875
798.0326497554779,2,3368.7,10863.859375,56562.69921875
799.0536649227142,2,4329.9,12228.15625,56562.69921875
800.0798552036285,2,4212.2,12829.8671875,56562.69921875
801.094530582428,2,4263.7,14660.94921875,56562.69921875
802.1052279472351,2,3381.7,14977.453125,56562.69921875
803.1202912330627,2,3620.2,15574.30078125,56562.69921875
804.13032746315,2,2254.1,15987.43359375,56562.69921875
805.1406524181366,2,2055.7,16204.18359375,56562.69921875
806.1632795333862,2,2839.9,16250.8046875,56562.69921875
807.1723170280457,2,575.1,8329.83203125,56562.69921875
808.1808061599731,2,1636.8,8325.16015625,56562.69921875
809.1894948482513,2,813.4,8211.73828125,56562.69921875
810.1987826824188,2,1200.9,7909.5703125,56562.69921875
811.208854675293,2,3258.9,9984.5859375,56562.69921875
812.2246520519257,2,4385.4,11379.69921875,56562.69921875
813.2505824565887,2,4496.1,12637.1875,56562.69921875
814.2666540145874,2,3905.6,13246.0859375,56562.69921875
815.2777636051178,2,3298.8,13344.86328125,56562.69921875
816.2895860671997,2,2966.1,13863.4765625,56562.69921875
817.2986495494843,2,2170.3,13818.16796875,56562.69921875
818.3105590343475,2,2384.6,8076.5859375,57074.70703125
819.3193562030792,2,1514.9,9449.59375,56562.69921875
820.3266987800598,2,793.4,8329.33203125,56562.69921875
821.3349843025208,2,1569.6,8079.69140625,56562.69921875
822.3696043491364,2,3490.6,10466.46484375,56562.69921875
823.3916671276093,2,4260.4,11705.82421875,56562.69921875
824.4242973327637,2,4270.8,11998.296875,56562.69921875
825.4362215995789,2,4361.3,13307.03125,56562.69921875
826.4435529708862,2,2801.3,13866.33203125,56562.69921875
827.451714515686,2,3501.4,14440.2109375,56562.69921875
828.4644317626953,2,1783.3,14421.3515625,56562.69921875
829.4747614860535,2,3487.5,14415.91015625,56562.69921875
830.4892644882202,2,731.8,8162.73046875,56562.69921875
831.4996476173401,2,1720.5,8390.07421875,56562.69921875
832.5270528793335,2,807.6,8203.78125,56562.69921875
833.5366494655609,2,751.4,8033.2109375,56562.69921875
834.5499260425568,2,2620.9,8250.421875,56562.69921875
835.559647321701,2,3828.8,10224.23046875,56562.69921875
836.5744197368622,2,4566.3,13045.55078125,56562.69921875
837.5896565914154,2,4386.3,12891.74609375,56562.69921875
838.6117904186249,2,3181.8,13207.6640625,56562.69921875
839.6266453266144,2,3486.0,13868.41015625,56562.69921875
840.6365592479706,2,1425.3,13825.23828125,56562.69921875
841.6455178260803,2,3258.1,14030.12109375,56562.69921875
842.6536192893982,2,640.5,8614.92578125,56562.69921875
843.6649129390717,2,1540.7,8274.41796875,56562.69921875
844.6731383800507,2,784.6,8122.5390625,56562.69921875
845.6816449165344,2,988.0,7917.7265625,56562.69921875
846.6946814060211,2,2582.5,9042.5859375,56562.69921875
847.7146685123444,2,4460.0,10748.05859375,56562.69921875
848.7280921936035,2,4515.4,11321.7265625,56562.69921875
849.7426514625549,2,4324.9,13000.328125,56562.69921875
850.7579350471497,2,3033.6,13292.6640625,56562.69921875
851.7685408592224,2,3179.0,13845.3046875,56562.69921875
852.77765583992,2,1437.4,13862.734375,56562.69921875
853.7879626750946,2,3093.0,14018.68359375,56562.69921875
854.7966451644897,2,1339.9,8630.546875,56562.69921875
855.8104958534241,2,936.6,8219.49609375,56562.69921875
856.8194060325623,2,914.6,8094.40625,56562.69921875
857.827511548996,2,1068.2,7883.3671875,56562.69921875
858.8656485080719,2,3655.0,10060.390625,56562.69921875
859.8816547393799,2,4378.3,11509.0703125,56562.69921875
860.9094257354736,2,4437.9,12149.7890625,56562.69921875
861.9236748218536,2,4106.5,13110.12109375,56562.69921875
862.9340841770172,2,2932.1,13395.35546875,56562.69921875
863.9461266994476,2,2945.5,14049.05859375,56562.69921875
864.952644109726,2,1741.1,14031.9921875,56562.69921875
865.9630017280579,2,2951.2,14251.30078125,56562.69921875
866.970673084259,2,1260.0,9058.5625,56562.69921875
867.9899682998657,2,1027.9,8310.08984375,56562.69921875
869.0005762577057,2,1007.1,8162.12890625,56562.69921875
870.0093464851379,2,2442.8,8473.64453125,56562.69921875
871.0175905227661,2,3770.2,10557.72265625,56562.69921875
872.0391952991486,2,4481.0,12452.65234375,56562.69921875
873.0516583919525,2,4174.7,13017.71484375,56562.69921875
874.0770127773285,2,3396.2,13287.91796875,56562.69921875
875.1038358211517,2,3444.3,13879.61328125,56562.69921875
876.1146054267883,2,1958.2,13671.5078125,56562.69921875
877.126302242279,2,3281.5,13826.23046875,56562.69921875
878.1345677375793,2,534.2,8886.1328125,56562.69921875
879.1434993743896,2,1569.9,8462.55859375,56562.69921875
880.1514527797699,2,1014.8,8313.07421875,56562.69921875
881.1596477031708,2,1701.7,8125.3046875,56562.69921875
882.2286474704742,2,3426.3,10702.3203125,56562.69921875
883.2496540546417,2,4435.2,12150.69921875,56562.69921875
884.2756454944611,2,4251.2,13134.3515625,56562.69921875
885.2966952323914,2,3697.1,13676.72265625,56562.69921875
886.3245108127594,2,3489.5,13695.03125,56562.69921875
887.3365626335144,2,2447.3,13986.4140625,56562.69921875
888.3466458320618,2,2760.2,14066.9765625,56562.69921875
889.3602991104126,2,1624.7,7971.4609375,56562.69921875
890.3695430755615,2,1578.5,9227.63671875,56562.69921875
891.3787472248077,2,649.3,8484.62890625,56562.69921875
892.390665769577,2,1226.6,8188.32421875,56562.69921875
893.3998882770538,2,2641.2,9779.38671875,56562.69921875
894.4136526584625,2,4368.7,11151.3671875,56562.69921875
895.4397552013397,2,4452.9,12145.94140625,56562.69921875
896.452657699585,2,4115.4,13424.20703125,56562.69921875
897.4616906642914,2,3351.0,13691.6796875,56562.69921875
898.4702422618866,2,3280.0,14265.99609375,56562.69921875
899.4781787395477,2,1974.9,14223.6328125,56562.69921875
900.488644361496,2,3376.2,14219.48046875,56562.69921875
901.5026435852051,2,941.1,9006.09375,56562.69921875
902.523154258728,2,1227.4,8578.2109375,56562.69921875
903.5406444072723,2,908.8,8422.3359375,56562.69921875
904.5646448135376,2,1562.2,8196.234375,56562.69921875
905.6396577358246,2,3357.4,11030.80859375,56562.69921875
906.6544327735901,2,4196.0,11850.0234375,56562.69921875
907.6796572208405,2,4598.0,15007.97265625,56562.69921875
908.7076473236084,2,4025.8,14833.3671875,56562.69921875
909.7296578884125,2,3765.9,15980.2265625,56562.69921875
910.7783908843994,2,3226.0,15324.4609375,56562.69921875
911.7876133918762,2,3348.6,16393.4765625,56562.69921875
912.7957763671875,2,1993.8,16236.22265625,56562.69921875
913.8076455593109,2,3434.8,16422.03515625,56562.69921875
914.8214981555939,2,1178.9,16746.48828125,56562.69921875
915.829675912857,2,1337.0,9108.72265625,56562.69921875
916.8417189121246,2,853.5,8536.28515625,56946.69921875
917.8528280258179,2,903.2,8367.515625,56946.69921875
918.8625762462616,2,1382.9,8111.48046875,56946.69921875
919.9016489982605,2,3399.6,10654.18359375,56946.69921875
920.928658246994,2,4458.5,12006.55078125,56946.69921875
921.9545872211456,2,4486.2,13371.16796875,56946.69921875
922.968653678894,2,3736.2,13698.6171875,56946.69921875
923.9839808940887,2,3200.4,13865.99609375,56946.69921875
924.9956548213959,2,3099.0,14311.625,56946.69921875
926.0216460227966,2,2127.0,14359.46484375,56946.69921875
927.0342411994934,2,2700.3,14423.44140625,56946.69921875
928.0436444282532,2,1517.2,9100.828125,56946.69921875
929.059951543808,2,792.3,8545.6484375,56946.69921875
930.0684106349945,2,863.6,8342.0625,56946.69921875
931.0769572257996,2,2183.4,8191.5703125,56946.69921875
932.108648777008,2,3371.7,10898.0390625,56946.69921875
933.1296591758728,2,4548.9,12993.8828125,56946.69921875
934.1554253101349,2,4195.1,13331.05859375,56946.69921875
935.1678092479706,2,3582.9,13546.828125,56946.69921875
936.1783466339111,2,3457.9,14038.9453125,56946.69921875
937.1937680244446,2,2099.5,14096.55078125,56946.69921875
938.2022235393524,2,3090.5,14096.83984375,56946.69921875
939.2139823436737,2,1006.5,8426.859375,56946.69921875
940.2232027053833,2,1644.8,9380.328125,56946.69921875
941.231645822525,2,882.6,8561.015625,56946.69921875
942.244158744812,2,1092.5,8292.89453125,56946.69921875
943.2537152767181,2,2613.5,9973.13671875,56946.69921875
944.2686493396759,2,4350.6,11667.09375,56946.69921875
945.2926542758942,2,4563.4,14010.5234375,56946.69921875
946.3184993267059,2,4067.3,14503.8125,56946.69921875
947.3353865146637,2,3963.5,15207.02734375,56946.69921875
948.3486528396606,2,3477.5,15435.75,56946.69921875
949.3790075778961,2,3626.6,16077.37109375,56946.69921875
950.3878605365753,2,2028.3,16308.8125,56946.69921875
951.3951036930084,2,2393.6,16365.96484375,56946.69921875
952.4075574874878,2,2360.7,16665.6953125,56946.69921875
953.4155333042145,2,675.4,8681.55078125,56946.69921875
954.4357252120972,2,1472.5,8442.6484375,56946.69921875
955.4448907375336,2,594.7,8291.81640625,56946.69921875
956.457179069519,2,1312.5,8061.27734375,56946.69921875
957.4676647186279,2,2738.3,9839.44921875,56946.69921875
958.4826533794403,2,4339.2,11243.6328125,56946.69921875
959.5086724758148,2,4421.0,12942.98046875,56946.69921875
960.5241708755493,2,3932.3,13535.94140625,56946.69921875
961.536794424057,2,3288.7,13772.53515625,56946.69921875
962.5479741096497,2,2639.4,14189.8984375,56946.69921875
963.5585658550262,2,2567.1,14191.46484375,56946.69921875
964.5705208778381,2,2007.6,8040.1171875,56946.69921875
965.57954454422,2,1657.3,10041.8203125,56946.69921875
966.5883853435516,2,574.6,8834.9765625,56946.69921875
967.596164226532,2,1895.2,9460.6875,56946.69921875
968.6046450138092,2,3626.9,12013.46484375,56946.69921875
969.6256558895111,2,4506.7,13816.578125,56946.69921875
970.6526455879211,2,4313.6,14244.60546875,56946.69921875
971.6736841201782,2,4094.6,14750.15625,56946.69921875
972.7065196037292,2,3689.6,14204.9296875,56946.69921875
973.7156546115875,2,2932.2,14597.578125,56946.69921875
974.7386453151703,2,2505.0,14509.54296875,56946.69921875
975.7510778903961,2,1977.6,8186.828125,56946.69921875
976.7602155208588,2,1697.0,9464.00390625,56946.69921875
977.7686533927917,2,1004.0,8642.5546875,56946.69921875
978.7774572372437,2,1567.7,11960.8828125,56946.69921875
979.7899713516235,2,4321.6,14277.921875,56946.69921875
980.8115034103394,2,4491.1,14599.74609375,56946.69921875
981.8376753330231,2,4379.7,14533.6015625,56946.69921875
982.8686833381653,2,3790.7,16005.7578125,56946.69921875
983.9168810844421,2,4634.2,15846.953125,56946.69921875
984.9486887454987,2,4274.5,15847.2890625,56946.69921875
985.9925191402435,2,3532.9,15369.6875,56946.69921875
987.0123853683472,2,2518.9,15493.84765625,56946.69921875
988.0219657421112,2,3042.3,15669.6796875,56946.69921875
989.028644323349,2,902.3,8985.0859375,56946.69921875
990.0481235980988,2,1521.4,8643.265625,56946.69921875
991.0556559562683,2,1619.2,8494.64453125,56946.69921875
992.1075849533081,2,3025.4,12223.5234375,56946.69921875
993.122528553009,2,4310.6,12762.6796875,56946.69921875
994.1506583690643,2,4491.3,14589.33984375,56946.69921875
995.1656861305237,2,3902.2,15710.87890625,56946.69921875
996.2146728038788,2,4584.2,14872.00390625,56946.69921875
997.2266702651978,2,3252.9,15255.90234375,56946.69921875
998.2423343658447,2,2089.1,15174.7421875,56946.69921875
999.2499086856842,2,3242.8,15241.6015625,56946.69921875
1000.2585806846619,2,974.1,9323.87890625,56946.69921875
1001.2704451084137,2,1477.9,8823.1171875,56946.69921875
1002.2783687114716,2,1719.4,9214.82421875,56946.69921875
1003.289647102356,2,3331.9,12221.4921875,56946.69921875
1004.3106544017792,2,4575.2,13376.171875,56946.69921875
1005.339741230011,2,4257.2,13994.09375,56946.69921875
1006.3636910915375,2,3837.3,14702.1015625,56946.69921875
1007.4087662696838,2,3913.1,13961.01953125,56946.69921875
1008.4201354980469,2,2727.3,14326.48046875,56946.69921875
1009.4274139404297,2,2934.8,14269.48046875,56946.69921875
1010.4397735595703,2,894.0,8978.80859375,56946.69921875
1011.4463648796082,2,1757.5,8816.3984375,56946.69921875
1012.454692363739,2,1122.1,8551.38671875,56946.69921875
1013.4646763801575,2,2842.2,11479.37890625,56946.69921875
1014.4846575260162,2,4382.9,12615.45703125,56946.69921875
1015.5106542110443,2,4444.0,13700.6015625,56946.69921875
1016.5256931781769,2,3900.3,15314.81640625,56946.69921875
1017.5685482025146,2,4525.8,15075.85546875,56946.69921875
1018.6116461753845,2,3240.7,14749.50390625,56946.69921875
1019.6274080276489,2,2223.5,14721.3203125,56946.69921875
1020.6393647193909,2,3249.9,14770.84375,56946.69921875
1021.647643327713,2,965.1,9454.58203125,56946.69921875
1022.6671254634857,2,1473.7,8997.796875,57458.73046875
1023.6776494979858,2,1598.2,9289.29296875,56946.69921875
1024.7236955165863,2,2492.4,13604.36328125,56946.69921875
1025.7496454715729,2,4398.7,14360.1328125,56946.69921875
1026.769666671753,2,4544.3,15910.8671875,56946.69921875
1027.7991993427277,2,4288.7,15264.109375,56946.69921875
1028.8244540691376,2,4078.5,16064.63671875,56946.69921875
1029.8736803531647,2,4314.0,16047.10546875,56946.69921875
1030.912292957306,2,4141.2,15269.984375,56946.69921875
1031.9231350421906,2,2851.1,15772.2890625,56946.69921875
1032.9327263832092,2,2536.5,15754.48046875,56946.69921875
1033.944725036621,2,2359.3,7730.3359375,57458.70703125
1034.9537420272827,2,1690.8,9808.421875,56946.69921875
1035.9624075889587,2,824.0,8689.63671875,56946.69921875
1036.9707748889923,2,1403.7,11641.8203125,56946.69921875
1037.979644536972,2,4176.8,14257.59765625,56946.69921875
1038.998771905899,2,4487.3,14484.76171875,56946.69921875
1040.0246498584747,2,4486.8,14118.46484375,56946.69921875
1041.0401842594147,2,4143.7,15252.17578125,56946.69921875
1042.051683664322,2,4472.4,16030.26171875,56946.69921875
1043.0886797904968,2,4392.5,16011.20703125,56946.69921875
1044.1325521469116,2,3652.0,15299.47265625,56946.69921875
1045.1445076465607,2,2707.3,15692.2890625,56946.69921875
1046.1544923782349,2,3086.3,15739.53125,56946.69921875
1047.1666450500488,2,1732.7,7842.31640625,56946.69921875
1048.1810984611511,2,2055.5,8177.359375,56946.69921875
1049.1895942687988,2,2160.4,8865.80078125,56946.69921875
1050.201014995575,2,1482.7,8362.921875,58841.8671875
1051.209102153778,2,1049.5,8478.5703125,56793.8515625
1052.219130039215,2,2950.0,10394.515625,56793.8515625
1053.232650756836,2,4247.7,12106.38671875,56793.8515625
1054.2598643302917,2,4549.0,17301.87890625,63961.8515625
1055.2826476097107,2,3949.7,15408.625,63961.8515625
1056.303320646286,2,3770.5,15628.8359375,63961.8515625
1057.3102385997772,2,3083.6,15805.16796875,63961.8515625
1058.32231092453,2,3417.5,16678.609375,63961.8515625
1059.331645488739,2,1373.8,16943.9921875,63961.8515625
1060.3406438827515,2,1790.4,17104.64453125,63961.8515625
1061.3536429405212,2,3260.6,17337.2890625,63961.8515625
1062.3625710010529,2,566.9,9493.2734375,66009.8671875
1063.371420621872,2,1051.4,9030.7890625,63961.8515625
1064.3806688785553,2,2776.3,10472.0546875,63961.8515625
1065.390647649765,2,3942.1,12978.73828125,63961.8515625
1066.4106566905975,2,4321.5,14669.57421875,63961.8515625
1067.4366517066956,2,4503.7,19299.64453125,72201.8515625
1068.4668164253235,2,4312.2,20766.515625,72201.8515625
1069.488923072815,2,4221.0,18183.96484375,72201.8515625
1070.505654335022,2,4322.6,18867.97265625,72201.8515625
1071.5301353931427,2,3222.2,19280.77734375,72201.8515625
1072.5373640060425,2,3447.9,19455.98828125,72201.8515625
1073.5446462631226,2,2969.6,19809.16796875,72201.8515625
1074.5599324703217,2,3301.7,20743.37890625,72201.8515625
1075.5686480998993,2,939.6,20954.375,72201.8515625
1076.5811123847961,2,1092.2,20826.91015625,72201.8515625
1077.5906434059143,2,861.4,20792.90234375,72201.8515625
1078.6036450862885,2,3568.7,21106.1484375,72201.8515625
1079.6185581684113,2,2136.0,21323.47265625,72201.8515625
1080.6277635097504,2,594.6,9157.24609375,74249.8671875
1081.6368789672852,2,1107.7,8681.5859375,72201.8515625
1082.6444380283356,2,2935.8,10730.1328125,72201.8515625
1083.657645225525,2,4274.7,12649.67578125,72201.8515625
1084.678656578064,2,4508.4,15561.2109375,72201.8515625
1085.7056562900543,2,4497.7,20250.1484375,72201.8515625
1086.7326800823212,2,4142.6,15851.85546875,72201.8515625
1087.7556478977203,2,4343.1,18358.765625,72201.8515625
1088.7806539535522,2,4085.7,18727.9609375,72201.8515625
1089.8006513118744,2,2770.6,18996.76953125,72201.8515625
1090.8215651512146,2,2648.3,19137.75,72201.8515625
1091.8372745513916,2,3794.1,20047.8046875,72201.8515625
1092.846037387848,2,1007.1,20342.78125,72201.8515625
1093.8538856506348,2,938.0,20332.46875,72201.8515625
1094.8636450767517,2,1241.8,20432.70703125,72201.8515625
1095.8790533542633,2,4027.9,20391.90234375,72201.8515625
1096.8904521465302,2,1284.6,20769.61328125,72201.8515625
1097.9007351398468,2,564.7,8091.58203125,72201.8515625
1098.9146432876587,2,2167.9,8816.2421875,72201.8515625
1099.9672830104828,2,3110.9,12119.57421875,72201.8515625
1100.990646123886,2,4312.8,12772.46484375,72201.8515625
1102.0136585235596,2,4541.8,17523.0859375,72201.8515625
1103.0414824485779,2,4211.2,21031.5,72201.8515625
1104.0546550750732,2,4259.3,17895.90625,72201.8515625
1105.0784828662872,2,4323.8,18440.47265625,72201.8515625
1106.0896670818329,2,3066.9,18797.21484375,72201.8515625
1107.1202628612518,2,2990.3,18919.82421875,72201.8515625
1108.1306166648865,2,3231.7,19403.9140625,72201.8515625
1109.1421172618866,2,2790.3,20376.64453125,72201.8515625
1110.1514830589294,2,862.4,20253.53125,72201.8515625
1111.1604762077332,2,1098.4,20216.18359375,72201.8515625
1112.1696436405182,2,1641.6,20508.41015625,72201.8515625
1113.1876952648163,2,3980.6,20560.66796875,72201.8515625
1114.1969826221466,2,640.1,19009.87890625,72201.8515625
1115.2046117782593,2,752.0,8557.08203125,72201.8515625
1116.2139530181885,2,2604.4,9400.09765625,72201.8515625
1117.2246482372284,2,3499.2,12523.40625,72201.8515625
1118.2456574440002,2,4274.7,14357.20703125,72201.8515625
1119.2726492881775,2,4538.4,18956.390625,72201.8515625
1120.2986660003662,2,4283.5,18175.2265625,72201.8515625
1121.3306624889374,2,4194.2,18450.72265625,72201.8515625
1122.3516509532928,2,4458.5,18608.859375,72201.8515625
1123.3712542057037,2,2975.3,18973.65625,72201.8515625
1124.3814136981964,2,2718.9,19134.33984375,72201.8515625
1125.3976471424103,2,3829.7,19777.6484375,72201.8515625
1126.4217867851257,2,1653.4,20413.91015625,72201.8515625
1127.4305174350739,2,934.6,20342.65234375,72201.8515625
1128.440586566925,2,1163.8,20270.69921875,72201.8515625
1129.4511404037476,2,3473.0,20367.75390625,72201.8515625
1130.4620373249054,2,2117.7,20685.9140625,72201.8515625
1131.4725561141968,2,429.9,9540.953125,74249.8671875
1132.4819195270538,2,949.4,9274.27734375,72201.8515625
1133.491643190384,2,3108.8,9576.3203125,72201.8515625
1134.522673368454,2,2629.9,13299.50390625,72201.8515625
1135.540647983551,2,4278.2,14605.10546875,72201.8515625
1136.5616562366486,2,4523.0,17763.078125,72201.8515625
1137.5886533260345,2,4370.6,21305.35546875,72201.8515625
1138.6116468906403,2,4076.6,23377.74609375,72201.8515625
1139.63467669487,2,4158.8,19078.08203125,72201.8515625
1140.6686434745789,2,4144.8,20487.84765625,72201.8515625
1141.6920309066772,2,4221.8,20693.5859375,72201.8515625
1142.7046608924866,2,2767.4,20902.46484375,72201.8515625
1143.7268464565277,2,2615.9,21182.15234375,72201.8515625
1144.7446503639221,2,3345.7,21551.60546875,72201.8515625
1145.7561676502228,2,3016.3,22605.25390625,72201.8515625
1146.7642810344696,2,705.9,22634.3046875,72201.8515625
1147.7728531360626,2,945.7,22596.25,72201.8515625
1148.7816424369812,2,979.2,22476.3359375,72201.8515625
1149.7906482219696,2,2715.0,22726.45703125,72201.8515625
1150.8022284507751,2,3193.7,22968.15625,72201.8515625
1151.8120398521423,2,660.7,13028.2734375,72201.8515625
1152.8214116096497,2,614.8,8827.13671875,72201.8515625
1153.8306443691254,2,1824.7,9565.609375,72201.8515625
1154.8870480060577,2,2697.6,12014.20703125,72201.8515625
1155.8996455669403,2,4386.0,14406.0234375,72201.8515625
1156.9206528663635,2,4445.2,16068.74609375,72201.8515625
1157.9516553878784,2,4418.5,20033.765625,72201.8515625
1158.9761743545532,2,4433.2,24815.76171875,72201.8515625
1160.004474401474,2,3881.4,17092.4140625,72201.8515625
1161.0216448307037,2,4102.5,20453.33984375,72201.8515625
1162.0453426837921,2,4151.5,20603.734375,72201.8515625
1163.0645344257355,2,2983.4,20856.375,72201.8515625
1164.0976576805115,2,3390.4,21042.7421875,72201.8515625
1165.1283609867096,2,2760.3,21187.90625,72201.8515625
1166.1406471729279,2,3879.1,22166.92578125,72201.8515625
1167.155666589737,2,957.8,22527.8671875,72201.8515625
1168.1649050712585,2,889.0,22492.7109375,72201.8515625
1169.1761701107025,2,1095.8,22516.1484375,72201.8515625
1170.1896433830261,2,1097.5,22610.421875,72201.8515625
1171.2068235874176,2,4033.5,22591.2109375,72201.8515625
1172.2166059017181,2,1378.9,22998.08203125,72201.8515625
1173.2246494293213,2,391.7,7703.953125,72201.8515625
1174.2331104278564,2,1031.8,9256.359375,72201.8515625
1175.2426414489746,2,3470.5,9548.3125,72201.8515625
1176.2656502723694,2,2686.1,13531.1328125,72201.8515625
1177.2796430587769,2,4246.0,14629.5,72201.8515625
1178.3096511363983,2,4511.7,17959.703125,72201.8515625
1179.3366494178772,2,4536.1,22791.48046875,72201.8515625
1180.3656570911407,2,4160.7,21380.90625,72201.8515625
1181.3836669921875,2,4196.0,19762.9453125,72201.8515625
1182.4106531143188,2,4141.9,20526.38671875,72201.8515625
1183.4358320236206,2,3805.2,20873.23046875,72201.8515625
1184.449770450592,2,2751.0,20969.32421875,72201.8515625
1185.459653377533,2,2925.5,21201.9453125,72201.8515625
1186.490573167801,2,3601.4,21691.29296875,72201.8515625
1187.5014307498932,2,2439.4,22634.96484375,72201.8515625
1188.5105180740356,2,881.6,22503.8203125,72201.8515625
1189.5200922489166,2,1060.8,22567.390625,72201.8515625
1190.5334901809692,2,1115.6,22662.31640625,72201.8515625
1191.5456449985504,2,4092.2,22629.125,72201.8515625
1192.5569081306458,2,1564.5,23010.75,72201.8515625
1193.564308643341,2,420.3,7552.24609375,72201.8515625
1194.5730998516083,2,987.0,9225.3203125,72201.8515625
1195.5826511383057,2,3383.3,9528.61328125,72201.8515625
1196.6526491641998,2,2567.9,13353.7578125,72201.8515625
1197.6706507205963,2,4237.4,14610.0390625,72201.8515625
1198.697653055191,2,4529.6,17957.3671875,72201.8515625
1199.7246527671814,2,4280.9,21692.05078125,72201.8515625
1200.7529664039612,2,4167.8,22700.88671875,72201.8515625
1201.7756521701813,2,4232.9,19054.46875,72201.8515625
1202.8016550540924,2,4243.9,20394.85546875,72201.8515625
1203.8275384902954,2,3973.5,20691.24609375,72201.8515625
1204.8361439704895,2,2832.1,20822.828125,72201.8515625
1205.8456530570984,2,2655.0,21105.5546875,72201.8515625
1206.8736510276794,2,3312.4,21542.34765625,72201.8515625
1207.8855819702148,2,2952.2,22603.25390625,72201.8515625
1208.894871711731,2,720.0,22614.5625,72201.8515625
1209.903183221817,2,960.4,22586.34375,72201.8515625
1210.912096977234,2,983.1,22444.671875,72201.8515625
1211.9266428947449,2,2636.1,22667.19140625,72201.8515625
1212.9376184940338,2,3253.0,22953.25390625,72201.8515625
1213.9457695484161,2,666.4,15073.8828125,72201.8515625
1214.954063653946,2,582.2,8723.6875,72201.8515625
1215.9626488685608,2,1758.6,9542.7578125,72201.8515625
1217.022866487503,2,2669.1,12009.1015625,72201.8515625
1218.0366435050964,2,4359.6,14384.296875,72201.8515625
1219.0576632022858,2,4385.8,16030.3203125,72201.8515625
1220.0856547355652,2,4407.3,19815.16015625,72201.8515625
1221.1034815311432,2,4306.9,24305.37109375,72201.8515625
1222.1300694942474,2,3983.8,17148.33203125,72201.8515625
1223.1456456184387,2,4148.9,20528.7265625,72201.8515625
1224.1666467189789,2,4228.8,20699.609375,72201.8515625
1225.1874163150787,2,2931.5,20930.0859375,72201.8515625
1226.2046546936035,2,3586.0,21126.3984375,72201.8515625
1227.2355573177338,2,2628.3,21360.46484375,72201.8515625
1228.2470996379852,2,3835.6,22307.01171875,72201.8515625
1229.2536697387695,2,985.0,22713.484375,72201.8515625
1230.262793302536,2,985.6,22623.8125,72201.8515625
1231.2712664604187,2,1064.8,22606.2265625,72201.8515625
1232.2816445827484,2,2379.6,22848.078125,72201.8515625
1233.3026793003082,2,3610.7,22935.91015625,72201.8515625
1234.3114275932312,2,654.3,20730.296875,72201.8515625
1235.3200469017029,2,513.2,8586.26171875,72201.8515625
1236.327650308609,2,1374.7,9553.0703125,72201.8515625
1237.3882992267609,2,2795.1,11835.8984375,72201.8515625
1238.398653268814,2,3633.8,14417.21875,72201.8515625
1239.4146435260773,2,4138.9,15875.67578125,72201.8515625
1240.4359588623047,2,4362.3,18144.8359375,72201.8515625
1241.4646542072296,2,4385.8,21801.2578125,82441.8515625
1242.491530418396,2,4437.2,26203.75,82497.8515625
1243.5186643600464,2,4427.8,30620.98046875,82497.8515625
1244.5293867588043,2,3779.6,19454.55078125,82497.8515625
1245.5476472377777,2,4331.0,23123.5078125,82497.8515625
1246.581651210785,2,3900.3,24784.7578125,82497.8515625
1247.6845314502716,2,4279.8,25090.0390625,82497.8515625
1248.694759607315,2,3519.1,25422.77734375,82497.8515625
1249.7046175003052,2,2604.5,25655.45703125,82497.8515625
1250.7136600017548,2,3878.4,25901.91796875,82497.8515625
1251.728645324707,2,2398.7,25964.6640625,82497.8515625
1252.7406470775604,2,3275.2,27140.14453125,82497.8515625
1253.769607782364,2,2680.2,28190.90625,82497.8515625
1254.7784130573273,2,898.2,28609.171875,82497.8515625
1255.7894456386566,2,929.5,28337.33984375,82497.8515625
1256.798581123352,2,1291.8,28278.1796875,82497.8515625
1257.8063821792603,2,620.7,28374.18359375,82497.8515625
1258.8186526298523,2,2998.5,28760.1015625,82497.8515625
1259.8344609737396,2,3823.0,29033.87890625,82497.8515625
1260.8426485061646,2,644.0,29372.12890625,82497.8515625
1261.8636486530304,2,740.5,29744.421875,82497.8515625
1262.8709921836853,2,452.9,8093.71484375,82497.8515625
1263.8800778388977,2,2274.6,9033.0,82497.8515625
1264.8886504173279,2,3610.6,11472.1875,82497.8515625
1265.909674167633,2,4577.6,15620.65625,82497.8515625
1266.9397509098053,2,4389.0,14735.34375,82497.8515625
1267.9533939361572,2,4048.6,15454.60546875,82497.8515625
1268.9619743824005,2,2688.3,15724.578125,82497.8515625
1269.972647190094,2,3575.4,16535.8203125,82497.8515625
1270.994490146637,2,1364.3,16873.9921875,82497.8515625
1272.002643585205,2,1905.1,17045.76171875,82497.8515625
1273.0213265419006,2,2818.6,17200.40625,82497.8515625
1274.0294127464294,2,647.2,8104.4453125,82497.8515625
1275.040644645691,2,2346.4,8823.89453125,82497.8515625
1276.0766451358795,2,3283.8,11510.2890625,82497.8515625
1277.0926542282104,2,4439.9,15175.36328125,82497.8515625
1278.1266551017761,2,4375.7,14327.2109375,82497.8515625
1279.1556451320648,2,4302.8,15316.41796875,82497.8515625
1280.1765625476837,2,2956.7,15550.7265625,82497.8515625
1281.1856515407562,2,3404.5,16347.5625,82497.8515625
1282.206482887268,2,1559.3,16740.0703125,82497.8515625
1283.2156450748444,2,1908.6,16861.1953125,82497.8515625
1284.2269835472107,2,2860.2,17042.5078125,82497.8515625
1285.2344489097595,2,570.0,7823.70703125,82497.8515625
1286.2432730197906,2,1027.5,9422.79296875,82497.8515625
1287.2525424957275,2,3291.7,9845.83203125,82497.8515625
1288.260662317276,2,2490.0,14145.5625,82497.8515625
1289.2958726882935,2,4013.3,15853.859375,82497.8515625
1290.313735485077,2,4378.3,16456.703125,82497.8515625
1291.343650817871,2,4443.3,20883.49609375,82497.8515625
1292.388653755188,2,4365.7,24303.3046875,82497.8515625
1293.4127459526062,2,4396.7,28886.58984375,82497.8515625
1294.439647436142,2,3679.0,23669.63671875,82497.8515625
1295.4626696109772,2,4146.3,23005.79296875,82497.8515625
1296.4806473255157,2,3833.9,24602.3125,82497.8515625
1297.5016465187073,2,4280.0,24807.78125,82497.8515625
1298.5236594676971,2,4312.6,25005.60546875,82497.8515625
1299.5468063354492,2,3080.9,25237.54296875,82497.8515625
1300.5556528568268,2,2810.9,25625.0390625,82497.8515625
1301.5814652442932,2,2635.9,25600.6328125,82497.8515625
1302.5927140712738,2,3744.8,26641.140625,82497.8515625
1303.6008048057556,2,2484.2,27653.74609375,82497.8515625
1304.6106493473053,2,1371.5,28105.63671875,82497.8515625
1305.618378162384,2,864.8,28155.08984375,82497.8515625
1306.6265707015991,2,1303.1,28086.6015625,82497.8515625
1307.6341772079468,2,721.4,28187.72265625,82497.8515625
1308.6466507911682,2,2716.1,28582.390625,82497.8515625
1309.6586492061615,2,3924.4,28811.3984375,82497.8515625
1310.6833367347717,2,587.7,29128.59375,82497.8515625
1311.692128419876,2,856.6,29535.18359375,82497.8515625
1312.699695110321,2,249.6,7841.8203125,82497.8515625
1313.7090997695923,2,1149.6,9045.67578125,82497.8515625
1314.717354297638,2,2623.6,11642.5859375,82497.8515625
1315.727647781372,2,4296.7,14078.58984375,82497.8515625
1316.7486572265625,2,4347.8,15426.4921875,82497.8515625
1317.7766509056091,2,4475.7,19755.26171875,82497.8515625
1318.806571006775,2,4432.5,23722.88671875,82497.8515625
1319.829666376114,2,4014.9,17558.0234375,82497.8515625
1320.8506443500519,2,4139.4,20104.4921875,82497.8515625
1321.8716542720795,2,4278.6,20278.2265625,82497.8515625
1322.8976678848267,2,3166.0,20505.9609375,82497.8515625
1323.9296505451202,2,2712.5,20748.01953125,82497.8515625
1324.9560978412628,2,3475.0,21210.3828125,82497.8515625
1325.9682097434998,2,2322.3,22084.07421875,82497.8515625
1326.9774250984192,2,869.9,21946.79296875,82497.8515625
1327.9855790138245,2,1135.6,21884.54296875,82497.8515625
1328.9948115348816,2,1304.8,21979.875,82497.8515625
1330.0086534023285,2,4105.2,22084.390625,82497.8515625
1331.023325920105,2,1034.2,22501.73828125,82497.8515625
1332.0316479206085,2,411.9,8284.55859375,82497.8515625
1333.0392580032349,2,1016.6,9781.08984375,82497.8515625
1334.048558473587,2,3153.5,9955.21484375,82497.8515625
1335.0996797084808,2,2340.3,13885.859375,82497.8515625
1336.1326460838318,2,4129.4,16115.88671875,82497.8515625
1337.1506505012512,2,4240.9,16594.37890625,82497.8515625
1338.1756508350372,2,4410.9,20128.48046875,82497.8515625
1339.208649635315,2,4372.2,23550.015625,82497.8515625
1340.23672413826,2,4397.5,28553.703125,82497.8515625
1341.2616457939148,2,4336.4,30525.71875,82497.8515625
1342.2756826877594,2,3869.5,20512.0859375,82497.8515625
1343.2976508140564,2,4527.9,24474.33203125,82497.8515625
1344.3126451969147,2,3838.2,25432.265625,82497.8515625
1345.3320989608765,2,4078.8,25743.30078125,82497.8515625
1346.3408539295197,2,3341.8,25998.35546875,82497.8515625
1347.3499343395233,2,2913.9,26324.921875,82497.8515625
1348.3596506118774,2,3926.7,26390.2421875,82497.8515625
1349.3689329624176,2,2300.0,26412.98828125,82497.8515625
1350.3810131549835,2,3851.2,27721.19921875,82497.8515625
1351.390415430069,2,2694.5,28885.5,82497.8515625
1352.4041030406952,2,886.8,28903.3671875,82497.8515625
1353.4131999015808,2,826.5,28833.19140625,82497.8515625
1354.4223003387451,2,1175.6,28825.8125,82497.8515625
1355.4320385456085,2,729.7,28979.96484375,82497.8515625
1356.4405589103699,2,1601.8,29130.87890625,82497.8515625
1357.4496548175812,2,4149.8,29268.76953125,82497.8515625
1358.4604845046997,2,2160.3,29899.75390625,82497.8515625
1359.4690117835999,2,580.9,30090.7890625,82497.8515625
1360.477828502655,2,568.9,15495.88671875,82497.8515625
1361.486644744873,2,576.3,8916.91015625,82497.8515625
1362.495644569397,2,1365.0,9732.875,82497.8515625
1363.5563397407532,2,2881.0,11879.0078125,82497.8515625
1364.565913438797,2,4014.3,14883.56640625,82497.8515625
1365.5824868679047,2,4080.8,16088.828125,82497.8515625
1366.6046528816223,2,4387.0,18667.31640625,82497.8515625
1367.630032300949,2,4312.6,22065.3984375,82497.8515625
1368.6576564311981,2,4342.7,26499.7421875,82497.8515625
1369.6866552829742,2,4420.9,30025.421875,82497.8515625
1370.7201778888702,2,3565.1,19465.97265625,82497.8515625
1371.7373032569885,2,4338.3,23209.3125,82497.8515625
1372.757645368576,2,3599.6,24759.62890625,82497.8515625
1373.7786462306976,2,4315.6,25015.6328125,82497.8515625
1374.799441576004,2,3695.5,25312.70703125,82497.8515625
1375.8075959682465,2,2773.6,25611.71484375,82497.8515625
1376.8176579475403,2,3846.8,25868.99609375,82497.8515625
1377.844803094864,2,2157.2,25856.12109375,82497.8515625
1378.8562326431274,2,3721.8,27145.34765625,82497.8515625
1379.863158941269,2,2588.1,28211.02734375,82497.8515625
1380.872406721115,2,823.0,28478.91796875,82497.8515625
1381.8820490837097,2,879.6,28225.56640625,82497.8515625
1382.8905227184296,2,1162.5,28260.72265625,82497.8515625
1383.8995921611786,2,686.8,28402.30859375,82497.8515625
1384.9086546897888,2,1993.1,28700.1171875,82497.8515625
1385.9216439723969,2,4298.6,28777.625,82497.8515625
1386.940577507019,2,1155.1,29321.67578125,82497.8515625
1387.949937582016,2,661.3,29607.97265625,82497.8515625
1388.9601435661316,2,400.4,9178.79296875,84545.8671875
1389.969200849533,2,935.3,9485.34765625,82497.8515625
1390.9773616790771,2,2370.0,9728.73828125,82497.8515625
1392.0257272720337,2,2356.3,12686.33984375,82497.8515625
1393.0546507835388,2,4261.1,15712.40234375,82497.8515625
1394.077651500702,2,4286.2,16181.83984375,82497.8515625
1395.0922355651855,2,4360.7,20380.01953125,82497.8515625
1396.122680902481,2,4347.4,23631.45703125,82497.8515625
1397.1496531963348,2,4499.6,28512.1015625,82497.8515625
1398.1767704486847,2,4179.6,27039.50390625,82497.8515625
1399.1966512203217,2,3951.3,20472.9609375,82497.8515625
1400.2270603179932,2,4402.6,24366.75,82497.8515625
1401.2376585006714,2,4013.4,24823.92578125,82497.8515625
1402.2638747692108,2,4094.4,25226.6484375,82497.8515625
1403.284660100937,2,3076.2,25520.5625,82497.8515625
1404.3166589736938,2,3224.7,25813.09765625,82497.8515625
1405.3469729423523,2,3315.7,25954.16015625,82497.8515625
1406.381142616272,2,3216.8,26384.5,82497.8515625
1407.3917999267578,2,3292.5,27552.1015625,82497.8515625
1408.4010453224182,2,1365.1,28336.5078125,82497.8515625
1409.4090025424957,2,811.7,28341.328125,82497.8515625
1410.4186489582062,2,1040.7,28384.78125,82497.8515625
1411.429829120636,2,990.5,28254.46484375,82497.8515625
1412.4376480579376,2,935.5,28490.40234375,82497.8515625
1413.456646680832,2,3822.6,28783.89453125,82497.8515625
1414.4698638916016,2,2743.1,29273.39453125,82497.8515625
1415.4799869060516,2,581.2,29508.88671875,82497.8515625
1416.4898471832275,2,589.2,18412.4609375,82497.8515625
1417.4980330467224,2,516.8,8646.39453125,82497.8515625
1418.5066497325897,2,1491.9,9613.5234375,82497.8515625
1419.563336610794,2,2487.9,12253.08203125,82497.8515625
1420.5726761817932,2,4412.0,15082.046875,82497.8515625
1421.5973029136658,2,3947.1,16038.97265625,82497.8515625
1422.60866355896,2,4417.4,19105.85546875,82497.8515625
1423.635648727417,2,4406.7,22784.90625,82497.8515625
1424.6625728607178,2,4445.5,27702.16015625,82497.8515625
1425.69065284729,2,4278.8,29422.14453125,82497.8515625
1426.7190191745758,2,3861.5,19826.2890625,82497.8515625
1427.7436544895172,2,4490.5,23816.8125,82497.8515625
1428.7576446533203,2,3964.7,24764.75390625,82497.8515625
1429.778647184372,2,4096.7,25060.78515625,82497.8515625
1430.7980206012726,2,3190.3,25326.1875,82497.8515625
1431.8066568374634,2,2785.4,25620.515625,82497.8515625
1432.8371613025665,2,3666.5,25653.7421875,82497.8515625
1433.8455111980438,2,3220.3,26106.28125,82497.8515625
1434.8566453456879,2,3457.5,27345.12109375,82497.8515625
1435.8772814273834,2,1920.7,28349.1328125,82497.8515625
1436.8893735408783,2,773.2,28300.40234375,82497.8515625
1437.8986451625824,2,1117.9,28219.4765625,82497.8515625
1438.913334608078,2,1024.3,28276.44140625,82497.8515625
1439.9246442317963,2,1014.2,28412.26171875,82497.8515625
1440.937466621399,2,3683.9,28721.55859375,82497.8515625
1441.9491996765137,2,2739.7,29235.5,82497.8515625
1442.9579148292542,2,573.6,29486.54296875,82497.8515625
1443.9673116207123,2,590.0,18971.52734375,82497.8515625
1444.975646018982,2,367.3,8662.0625,82497.8515625
1445.983098268509,2,896.4,10004.87890625,82497.8515625
1446.9926447868347,2,3304.2,10107.94140625,82497.8515625
1448.036654472351,2,2277.8,13419.2265625,82497.8515625
1449.05464553833,2,4238.0,16519.3203125,82497.8515625
1450.0746550559998,2,4241.4,16963.5234375,82497.8515625
1451.095653295517,2,4384.2,19522.49609375,82497.8515625
1452.1226539611816,2,4395.2,23567.41015625,82497.8515625
1453.1486542224884,2,4420.8,28100.19140625,82497.8515625
1454.1696569919586,2,4349.1,31519.37109375,82497.8515625
1455.1981394290924,2,3894.1,23279.546875,82497.8515625
1456.208657503128,2,4199.7,24337.03515625,82497.8515625
1457.2396490573883,2,3850.2,26071.18359375,82497.8515625
1458.2606496810913,2,4168.8,26287.76171875,82497.8515625
1459.284785747528,2,4275.8,26452.0,82497.8515625
1460.3099346160889,2,2641.4,26713.04296875,82497.8515625
1461.319906949997,2,3158.1,26994.01953125,82497.8515625
1462.3306529521942,2,2884.7,26988.46875,82497.8515625
1463.356767654419,2,3483.8,27478.3046875,82497.8515625
1464.3756444454193,2,3552.3,28593.8125,82497.8515625
1465.396466255188,2,1599.9,29538.87109375,82497.8515625
1466.4038269519806,2,794.0,29465.6328125,82497.8515625
1467.4126493930817,2,951.7,29390.5703125,82497.8515625
1468.4224207401276,2,1246.3,29451.32421875,82497.8515625
1469.4310212135315,2,598.7,29424.8359375,82497.8515625
1470.4406478404999,2,2973.1,29889.09765625,82497.8515625
1471.4522602558136,2,4294.2,29921.09765625,82497.8515625
1472.4633440971375,2,823.6,30491.12890625,82497.8515625
1473.4710290431976,2,647.8,30773.12890625,82497.8515625
1474.480674982071,2,397.0,8454.578125,84545.8671875
1475.4906468391418,2,1268.4,8599.21875,82497.8515625
1476.5496444702148,2,3370.2,11149.69921875,82497.8515625
1477.570657491684,2,4376.8,13686.953125,82497.8515625
1478.5966560840607,2,4430.2,13047.1640625,82497.8515625
1479.6166489124298,2,4258.3,15047.29296875,82497.8515625
1480.640658378601,2,3170.9,15384.65234375,82497.8515625
1481.6626472473145,2,3367.4,16140.54296875,82497.8515625
1482.6832747459412,2,1834.3,16676.28125,82497.8515625
1483.693119764328,2,1933.2,16783.46875,82497.8515625
1484.7052929401398,2,2714.6,16893.4609375,82497.8515625
1485.7132754325867,2,633.3,7969.42578125,82497.8515625
1486.7236433029175,2,2567.4,8745.71484375,82497.8515625
1487.7826454639435,2,3318.7,11429.9296875,82497.8515625
1488.8046562671661,2,4473.7,15102.23046875,82497.8515625
1489.8315048217773,2,4380.4,14330.39453125,82497.8515625
1490.8465139865875,2,4033.9,15048.29296875,82497.8515625
1491.8561837673187,2,2862.1,15292.1640625,82497.8515625
1492.8676483631134,2,3481.6,16265.8671875,82497.8515625
1493.888648033142,2,1396.1,16299.4765625,82497.8515625
1494.8976454734802,2,2713.7,16486.64453125,82497.8515625
1495.911659002304,2,1805.5,16821.51953125,82497.8515625
1496.9253396987915,2,506.8,8443.4375,82497.8515625
1497.933611869812,2,923.1,10000.5859375,82497.8515625
1498.9436469078064,2,3114.4,10118.73828125,82497.8515625
1499.9986445903778,2,2171.2,13315.7734375,82497.8515625
1501.0155420303345,2,4166.5,16349.875,82497.8515625
1502.0266478061676,2,4178.6,16857.24609375,82497.8515625
1503.0478405952454,2,4427.5,19230.984375,82497.8515625
1504.0766520500183,2,4362.4,22963.359375,82497.8515625
1505.1036550998688,2,4321.0,26563.9453125,82497.8515625
1506.1316549777985,2,4393.7,31122.5234375,82497.8515625
1507.158648967743,2,3905.1,25727.99609375,82497.8515625
1508.1816551685333,2,4073.3,23857.80078125,82497.8515625
1509.2206468582153,2,3615.3,25966.515625,82497.8515625
1510.2416558265686,2,4499.9,25937.71484375,82497.8515625
1511.2536494731903,2,3980.2,26340.1640625,82497.8515625
1512.2748756408691,2,2690.2,26594.78515625,82497.8515625
1513.3026566505432,2,2997.0,26830.39453125,82497.8515625
1514.3286762237549,2,3336.4,26749.15234375,82497.8515625
1515.3384709358215,2,3019.6,27154.01953125,82497.8515625
1516.350647687912,2,3707.5,28458.671875,82497.8515625
1517.3714892864227,2,2496.2,29428.56640625,82497.8515625
1518.3806459903717,2,703.3,29626.05078125,82497.8515625
1519.400785446167,2,886.8,29422.33984375,82497.8515625
1520.409903049469,2,1276.6,29364.31640625,82497.8515625
1521.419748544693,2,715.1,29459.4453125,82497.8515625
1522.432648897171,2,2405.2,29816.8359375,82497.8515625
1523.4422748088837,2,4311.4,29917.6875,82497.8515625
1524.4545648097992,2,1439.0,30458.390625,82497.8515625
1525.4646489620209,2,668.0,30747.4375,82497.8515625
1526.4749536514282,2,396.4,8272.6796875,84545.8671875
1527.4840190410614,2,690.2,9219.66796875,82497.8515625
1528.4924952983856,2,1635.5,9771.94921875,82497.8515625
1529.5583698749542,2,2708.2,12118.45703125,82497.8515625
1530.567983865738,2,4140.8,14913.7421875,82497.8515625
1531.581646680832,2,4091.2,16119.5546875,82497.8515625
1532.6026556491852,2,4391.7,18463.546875,82497.8515625
1533.6281430721283,2,4308.5,22201.4296875,82497.8515625
1534.6556525230408,2,4427.5,27030.91796875,82497.8515625
1535.6826572418213,2,4404.3,29409.8046875,82497.8515625
1536.7104597091675,2,3724.2,19388.6640625,82497.8515625
1537.718820810318,2,4381.3,23143.86328125,82497.8515625
1538.7346465587616,2,3825.4,24696.9609375,82497.8515625
1539.759212255478,2,4281.9,24924.078125,82497.8515625
1540.779815196991,2,3686.3,25268.26953125,82497.8515625
1541.7926194667816,2,2676.1,25513.5390625,82497.8515625
1542.8016521930695,2,3447.2,25791.87109375,82497.8515625
1543.8319404125214,2,2336.6,25812.0390625,82497.8515625
1544.8486483097076,2,3851.4,26955.484375,82497.8515625
1545.8656458854675,2,2568.9,27919.55078125,82497.8515625
1546.8763825893402,2,925.6,28305.26171875,82497.8515625
1547.884328365326,2,810.9,28182.46875,82497.8515625
1548.891849040985,2,1120.2,28270.90625,82497.8515625
1549.9006090164185,2,786.0,28178.703125,82497.8515625
1550.909431219101,2,1385.2,28467.828125,82497.8515625
1551.918645620346,2,4185.6,28834.578125,82497.8515625
1552.9393372535706,2,1861.8,29258.34375,82497.8515625
1553.9486496448517,2,598.5,29498.47265625,82497.8515625
1554.957836151123,2,470.1,7807.2109375,84545.8671875
1555.9659206867218,2,582.1,9072.05859375,82497.8515625
1556.9743342399597,2,893.6,9920.8671875,82497.8515625
1557.9846432209015,2,4073.6,10051.4375,82497.8515625
1559.0226621627808,2,2068.1,14154.515625,82497.8515625
1560.0356483459473,2,4129.4,16458.98046875,82497.8515625
1561.056655883789,2,4237.6,16928.859375,82497.8515625
1562.0856552124023,2,4358.7,20297.609375,82497.8515625
1563.1118009090424,2,4370.0,23633.703125,82497.8515625
1564.1406545639038,2,4299.3,27380.25390625,82497.8515625
1565.1668796539307,2,4494.7,30485.0390625,82497.8515625
1566.1892051696777,2,3705.2,20530.91796875,82497.8515625
1567.202670097351,2,4488.4,24348.6796875,82497.8515625
1568.220647096634,2,3774.3,25912.23828125,82497.8515625
1569.2406480312347,2,4212.0,26081.0234375,82497.8515625
1570.2615387439728,2,3879.8,26300.53125,82497.8515625
1571.271659374237,2,2980.2,26503.72265625,82497.8515625
1572.3086559772491,2,3091.7,26855.73046875,82497.8515625
1573.3360531330109,2,2524.3,26774.03125,82497.8515625
1574.3456478118896,2,3868.6,27515.22265625,82497.8515625
1575.3577964305878,2,3361.0,28611.94921875,82497.8515625
1576.3666582107544,2,1133.8,29368.95703125,82497.8515625
1577.3755111694336,2,626.7,29576.84765625,82497.8515625
1578.3859186172485,2,857.8,29422.35546875,82497.8515625
1579.3952343463898,2,1241.4,29392.38671875,82497.8515625
1580.4151420593262,2,637.9,29420.375,82497.8515625
1581.424644947052,2,1593.5,29763.43359375,82497.8515625
1582.4316442012787,2,4216.9,29799.3984375,82497.8515625
1583.439909696579,2,2382.0,30415.48046875,82497.8515625
1584.447762966156,2,559.1,30621.47265625,82497.8515625
1585.4584383964539,2,585.5,18275.71484375,82497.8515625
1586.4678852558136,2,437.4,8639.30859375,82497.8515625
1587.476089000702,2,968.3,9525.1328125,82497.8515625
1588.4851524829865,2,3729.5,10324.66015625,82497.8515625
1589.495651960373,2,2799.3,14335.421875,82497.8515625
1590.5216484069824,2,4171.2,15959.43359375,82497.8515625
1591.543654680252,2,4388.2,17616.46875,82497.8515625
1592.5699224472046,2,4323.5,21768.8828125,82497.8515625
1593.5986528396606,2,4332.5,25462.01171875,82497.8515625
1594.6246490478516,2,4465.4,29744.85546875,82497.8515625
1595.6506547927856,2,3977.6,22880.44140625,82497.8515625
1596.6696557998657,2,4120.2,23006.44140625,82497.8515625
1597.7026448249817,2,3703.0,24680.45703125,82497.8515625
1598.723644733429,2,4222.8,24898.5546875,82497.8515625
1599.744657754898,2,4370.0,25112.8203125,82497.8515625
1600.756724357605,2,2932.3,25341.30859375,82497.8515625
1601.7666594982147,2,3003.7,25725.0703125,82497.8515625
1602.797645330429,2,2498.9,25677.3828125,82497.8515625
1603.8058125972748,2,3734.7,26790.30859375,82497.8515625
1604.8149728775024,2,2811.0,27722.015625,82497.8515625
1605.8217344284058,2,1007.9,28125.7734375,82497.8515625
1606.8309683799744,2,873.4,28174.6328125,82497.8515625
1607.8393859863281,2,1151.3,28136.48046875,82497.8515625
1608.8469932079315,2,686.1,28328.59765625,82497.8515625
1609.857135295868,2,1167.9,28298.53515625,82497.8515625
1610.8649199008942,2,3901.0,28614.52734375,82497.8515625
1611.8758392333984,2,2424.6,29214.39453125,82497.8515625
1612.8844861984253,2,577.7,29426.83203125,82497.8515625
1613.8937509059906,2,604.7,19025.046875,82497.8515625
1614.9025144577026,2,460.2,8576.6953125,82497.8515625
1615.9107472896576,2,1032.7,9397.95703125,82497.8515625
1616.9198472499847,2,3475.8,10562.40625,82497.8515625
1617.9296798706055,2,3141.1,14256.01953125,82497.8515625
1618.951645374298,2,4159.8,15876.69140625,82497.8515625
1619.9726560115814,2,4325.8,17575.359375,82497.8515625
1620.9996509552002,2,4348.7,21052.70703125,82497.8515625
1622.0256547927856,2,4385.9,25525.390625,82497.8515625
1623.051656961441,2,4428.1,30149.48828125,82497.8515625
1624.0789728164673,2,3866.2,22555.6796875,82497.8515625
1625.1011588573456,2,4222.8,23078.51953125,82497.8515625
1626.1176421642303,2,3800.6,24744.61328125,82497.8515625
1627.1386470794678,2,4298.0,24956.6484375,82497.8515625
1628.1593265533447,2,4120.6,25171.01171875,82497.8515625
1629.1678230762482,2,2939.6,25404.41796875,82497.8515625
1630.1766612529755,2,3216.1,25785.140625,82497.8515625
1631.2076501846313,2,2719.7,25851.53515625,82497.8515625
1632.229647397995,2,3727.1,26941.6171875,82497.8515625
1633.252259016037,2,2603.6,28073.76953125,82497.8515625
1634.261645078659,2,984.2,28293.609375,82497.8515625
1635.2743372917175,2,798.7,28146.58984375,82497.8515625
1636.283434867859,2,1258.0,28115.328125,82497.8515625
1637.2922773361206,2,645.5,28128.05859375,82497.8515625
1638.3016510009766,2,2798.6,28657.12890625,82497.8515625
1639.3136506080627,2,3896.7,28843.47265625,82497.8515625
1640.3404276371002,2,580.9,29223.5,82497.8515625
1641.3543462753296,2,848.5,29592.625,82497.8515625
1642.3618063926697,2,231.1,7938.8515625,82497.8515625
1643.3700060844421,2,1080.3,9226.5625,82497.8515625
1644.379059791565,2,3314.8,10065.76171875,82497.8515625
1645.3877911567688,2,3099.1,13820.33984375,82497.8515625
1646.4006462097168,2,4252.4,14614.734375,82497.8515625
1647.4216911792755,2,4400.7,18232.98828125,82497.8515625
1648.4516530036926,2,4360.2,22176.07421875,82497.8515625
1649.477647781372,2,4197.7,22026.3515625,82497.8515625
1650.501659154892,2,4258.5,19332.4296875,82497.8515625
1651.5146543979645,2,4132.2,20437.5234375,82497.8515625
1652.53994679451,2,3884.2,20674.12109375,82497.8515625
1653.5488111972809,2,2937.8,20943.5546875,82497.8515625
1654.5606524944305,2,2790.7,21144.31640625,82497.8515625
1655.587643146515,2,3358.9,21586.9453125,82497.8515625
1656.598421573639,2,2703.6,22612.6796875,82497.8515625
1657.6106629371643,2,805.0,22585.015625,82497.8515625
1658.6275465488434,2,876.1,22499.5234375,82497.8515625
1659.6342351436615,2,866.7,22520.5703125,82497.8515625
1660.6446468830109,2,2064.1,22643.75,82497.8515625
1661.6606447696686,2,3921.9,22858.3515625,82497.8515625
1662.6702437400818,2,612.0,23103.06640625,82497.8515625
1663.6782529354095,2,369.9,8309.37109375,82497.8515625
1664.6866436004639,2,975.1,9510.5546875,82497.8515625
1665.6966469287872,2,3709.2,9713.15234375,82497.8515625
1666.7480244636536,2,2129.7,13460.4453125,82497.8515625
1667.7626469135284,2,4207.5,15692.453125,82497.8515625
1668.784655570984,2,4352.8,16162.4375,82497.8515625
1669.810655593872,2,4380.9,20841.14453125,82497.8515625
1670.837942123413,2,4342.3,24577.87890625,82497.8515625
1671.8646528720856,2,4483.4,29529.1953125,82497.8515625
1672.89164686203,2,4006.9,25397.43359375,82497.8515625
1673.9066789150238,2,4056.4,20668.2890625,82497.8515625
1674.9236471652985,2,3718.2,24708.94921875,82497.8515625
1675.9426488876343,2,4564.4,24699.75,82497.8515625
1676.969656944275,2,3961.8,25119.87890625,82497.8515625
1677.9903500080109,2,3087.7,25332.04296875,82497.8515625
1678.9986584186554,2,3088.7,25673.55078125,82497.8515625
1680.0089304447174,2,2492.3,25671.44140625,82497.8515625
1681.0276556015015,2,3045.6,26043.1875,82497.8515625
1682.040610074997,2,3544.9,27285.34375,82497.8515625
1683.0626606941223,2,1675.6,28279.6015625,82497.8515625
1684.0706448554993,2,784.9,28163.0234375,82497.8515625
1685.0783259868622,2,842.4,28314.6171875,82497.8515625
1686.0872793197632,2,1268.5,28117.8125,82497.8515625
1687.096313714981,2,624.6,28113.73828125,82497.8515625
1688.1036477088928,2,3714.5,28698.796875,82497.8515625
1689.1251425743103,2,3178.3,29123.8984375,82497.8515625
1690.1333751678467,2,513.9,29386.4609375,82497.8515625
1691.1433238983154,2,655.6,25901.046875,82497.8515625
1692.1530678272247,2,302.5,8242.2890625,82497.8515625
1693.1612508296967,2,1016.9,9386.13671875,82497.8515625
1694.17130112648,2,3588.5,10013.296875,82497.8515625
1695.1816663742065,2,2495.6,14243.0703125,82497.8515625
1696.1996474266052,2,4058.3,15850.765625,82497.8515625
1697.2226552963257,2,4386.3,16946.1875,82497.8515625
1698.255586385727,2,4419.1,21362.015625,82497.8515625
1699.2776556015015,2,4347.2,25282.53125,82497.8515625
1700.3036525249481,2,4462.5,29998.66015625,82497.8515625
1701.3296539783478,2,4003.0,23989.90234375,82497.8515625
1702.3568472862244,2,4203.4,23038.734375,82497.8515625
1703.3936479091644,2,3722.7,24692.3984375,82497.8515625
1704.413647890091,2,4208.5,24910.26953125,82497.8515625
1705.4346544742584,2,4417.1,25082.38671875,82497.8515625
1706.460664987564,2,3244.3,25342.96875,82497.8515625
1707.487657546997,2,3058.0,25724.61328125,82497.8515625
1708.5156342983246,2,2479.7,25665.75390625,82497.8515625
1709.52281832695,2,3742.2,26681.2421875,82497.8515625
1710.532644033432,2,2787.2,27845.9453125,82497.8515625
1711.5466475486755,2,970.5,28119.046875,82497.8515625
1712.5548915863037,2,862.5,28119.453125,82497.8515625
1713.5635454654694,2,847.5,28257.9609375,82497.8515625
1714.5736606121063,2,996.4,28089.671875,82497.8515625
1715.5823221206665,2,551.2,28053.57421875,82497.8515625
1716.5910263061523,2,3668.4,28559.24609375,82497.8515625
1717.6003284454346,2,3332.6,29084.91796875,82497.8515625
1718.6095712184906,2,514.3,29336.32421875,82497.8515625
1719.6188640594482,2,656.6,27458.01953125,82497.8515625
1720.627012014389,2,234.1,8172.35546875,82497.8515625
1721.6354014873505,2,937.1,9653.50390625,82497.8515625
1722.644658088684,2,3160.0,9830.8203125,82497.8515625
1723.6792178153992,2,2244.9,13379.29296875,82497.8515625
1724.6966512203217,2,4222.3,15991.25,82497.8515625
1725.7207343578339,2,4301.8,16463.7734375,82497.8515625
1726.74666762352,2,4310.4,19769.02734375,82497.8515625
1727.7756659984589,2,4352.9,23396.1953125,82497.8515625
1728.8058881759644,2,4447.3,27906.1796875,82497.8515625
1729.8352785110474,2,4339.9,29850.9375,82497.8515625
1730.8589406013489,2,3604.1,20431.08203125,82497.8515625
1731.8806574344635,2,4449.0,24373.03515625,82497.8515625
1732.8966464996338,2,3866.5,25361.171875,82497.8515625
1733.9174392223358,2,4255.0,25585.625,82497.8515625
1734.9243655204773,2,3316.4,25979.5234375,82497.8515625
1735.9344987869263,2,2861.2,26204.8046875,82497.8515625
1736.9426593780518,2,3426.4,26381.5703125,82497.8515625
1737.973521232605,2,2518.4,26288.59765625,82497.8515625
1738.9836468696594,2,3859.7,27531.28515625,82497.8515625
1740.0043578147888,2,2746.1,28480.8515625,82497.8515625
1741.0122179985046,2,854.2,28724.74609375,82497.8515625
1742.021517276764,2,882.5,28712.28515625,82497.8515625
1743.0309855937958,2,841.0,28817.69140625,82497.8515625
1744.039234638214,2,1000.4,28741.85546875,82497.8515625
1745.0526552200317,2,703.0,28878.80078125,82497.8515625
1746.071197271347,2,3831.7,29171.0234375,82497.8515625
1747.0833158493042,2,3411.1,29615.078125,82497.8515625
1748.0940175056458,2,564.2,29895.1640625,82497.8515625
1749.100657939911,2,654.3,29701.94921875,82497.8515625
1750.107783794403,2,132.9,7778.91015625,82497.8515625
1751.1162569522858,2,1261.2,8823.17578125,82497.8515625
1752.1356642246246,2,3318.3,10940.07421875,82497.8515625
1753.1506478786469,2,4269.2,12325.0703125,82497.8515625
1754.173654794693,2,4505.2,16624.00390625,82497.8515625
1755.2116804122925,2,4346.7,17734.203125,82497.8515625
1756.2426481246948,2,4203.4,17289.68359375,82497.8515625
1757.2636544704437,2,4406.6,17512.17578125,82497.8515625
1758.289654493332,2,2643.1,17920.6015625,82497.8515625
1759.3176438808441,2,3276.4,18138.875,82497.8515625
1760.329645395279,2,3217.3,19187.57421875,82497.8515625
1761.3385241031647,2,852.7,19248.31640625,82497.8515625
1762.3470327854156,2,1168.4,19165.73828125,82497.8515625
1763.3556451797485,2,2548.2,19370.64453125,82497.8515625
1764.367864370346,2,2578.5,19590.14453125,82497.8515625
1765.3760404586792,2,588.3,9328.75390625,84545.8671875
1766.3840136528015,2,1004.7,9093.36328125,82497.8515625
1767.3944172859192,2,2787.3,10550.9921875,82497.8515625
1768.402813911438,2,3513.3,13865.8046875,82497.8515625
1769.4116575717926,2,4298.4,14197.12890625,82497.8515625
1770.4376554489136,2,4424.0,18333.33203125,82497.8515625
1771.465609550476,2,4427.6,22176.28515625,82497.8515625
1772.4926478862762,2,4114.6,16528.0234375,82497.8515625
1773.504649400711,2,3933.4,19877.80078125,82497.8515625
1774.5256507396698,2,4291.1,20003.18359375,82497.8515625
1775.5516667366028,2,3249.6,20224.36328125,82497.8515625
1776.5831837654114,2,3285.6,20322.328125,82497.8515625
1777.5926451683044,2,3069.1,20695.24609375,82497.8515625
1778.6056463718414,2,3138.6,21750.34765625,82497.8515625
1779.6149027347565,2,753.6,21817.359375,82497.8515625
1780.623646736145,2,1049.7,21766.28125,82497.8515625
1781.6426932811737,2,849.1,21632.97265625,82497.8515625
1782.6516435146332,2,3688.0,21899.53515625,82497.8515625
1783.6633656024933,2,2027.1,22231.6796875,82497.8515625
1784.6716623306274,2,435.2,8719.2109375,84545.8671875
1785.6803722381592,2,963.4,8880.74609375,82497.8515625
1786.6894733905792,2,2728.7,10293.82421875,82497.8515625
1787.6982488632202,2,3573.8,13557.796875,82497.8515625
1788.707654953003,2,4262.8,14025.578125,82497.8515625
1789.7336535453796,2,4498.8,18719.06640625,82497.8515625
1790.759605884552,2,4533.8,23545.6953125,82497.8515625
1791.7866928577423,2,4048.9,16524.8125,82497.8515625
1792.8026485443115,2,3933.2,19639.4453125,82497.8515625
1793.843663930893,2,4249.9,19836.8515625,82497.8515625
1794.8556680679321,2,3234.6,20038.140625,82497.8515625
1795.8824937343597,2,3029.7,20278.69140625,82497.8515625
1796.891644001007,2,3476.8,20721.62109375,82497.8515625
1797.909128189087,2,2494.7,21665.51953125,82497.8515625
1798.918164730072,2,869.3,21535.63671875,82497.8515625
1799.925864458084,2,1178.7,21482.64453125,82497.8515625
1800.9346039295197,2,1271.1,21711.21875,82497.8515625
1801.9455387592316,2,4145.9,21622.6875,82497.8515625
1802.9564261436462,2,865.0,22077.37890625,82497.8515625
1803.9643375873566,2,521.6,8185.5078125,82497.8515625
1804.9736421108246,2,1732.9,9295.18359375,82497.8515625
1805.998061656952,2,2780.4,12432.08984375,82497.8515625
1807.0216467380524,2,4361.9,13941.95703125,82497.8515625
1808.0426542758942,2,4426.0,16425.51171875,82497.8515625
1809.0673432350159,2,4400.7,20567.39453125,82497.8515625
1810.085646867752,2,4265.4,21534.0,82497.8515625
1811.107914686203,2,4313.4,19068.1875,82497.8515625
1812.1236591339111,2,4165.2,19754.734375,82497.8515625
1813.1477634906769,2,3355.4,20100.0703125,82497.8515625
1814.1573252677917,2,2604.1,20295.75390625,82497.8515625
1815.1689603328705,2,3142.2,20386.87109375,82497.8515625
1816.1776447296143,2,3688.3,21242.0390625,82497.8515625
1817.1968474388123,2,1454.1,21695.421875,82497.8515625
1818.2056031227112,2,1291.3,21574.49609375,82497.8515625
1819.212644815445,2,980.8,21472.34765625,82497.8515625
1820.223652124405,2,3645.9,21710.64453125,82497.8515625
1821.2347688674927,2,1913.0,22055.7109375,82497.8515625
1822.244683265686,2,449.6,7551.9140625,82497.8515625
1823.2544341087341,2,1121.0,8974.09765625,82497.8515625
1824.2626702785492,2,2825.8,10469.97265625,82497.8515625
1825.2717866897583,2,3519.9,13891.4921875,82497.8515625
1826.2806541919708,2,4440.0,14182.1640625,82497.8515625
1827.3066625595093,2,4460.1,18759.22265625,82497.8515625
1828.331776857376,2,4425.1,23477.39453125,82497.8515625
1829.3583753108978,2,3985.5,16707.36328125,82497.8515625
1830.371647119522,2,4117.9,20068.71875,82497.8515625
1831.3926494121552,2,4278.5,20213.875,82497.8515625
1832.4104917049408,2,3038.9,20469.73828125,82497.8515625
1833.4374914169312,2,3330.6,20516.8359375,82497.8515625
1834.4475889205933,2,3029.2,20984.39453125,82497.8515625
1835.4596452713013,2,3222.3,22029.06640625,82497.8515625
1836.4761216640472,2,753.0,22048.13671875,82497.8515625
1837.4853343963623,2,1088.5,21947.5390625,82497.8515625
1838.49400472641,2,1180.5,22018.01171875,82497.8515625
1839.5066423416138,2,4081.2,22058.75390625,82497.8515625
1840.5182802677155,2,1283.8,22335.17578125,82497.8515625
1841.527767419815,2,501.6,7854.28125,82497.8515625
1842.5365462303162,2,2152.5,8692.30078125,82497.8515625
1843.5826859474182,2,3143.2,11886.5703125,82497.8515625
1844.5946550369263,2,4355.2,14060.3984375,82497.8515625
1845.620651960373,2,4533.5,18563.65625,82497.8515625
1846.6476745605469,2,4193.7,14927.14453125,82497.8515625
1847.6606562137604,2,4306.0,17100.9609375,82497.8515625
1848.684664964676,2,3514.2,17476.6328125,82497.8515625
1849.7077722549438,2,3356.2,17748.80078125,82497.8515625
1850.7165040969849,2,3484.9,18381.68359375,82497.8515625
1851.7384951114655,2,1726.2,19060.109375,82497.8515625
1852.7475044727325,2,1089.0,18989.62109375,82497.8515625
1853.7586526870728,2,1212.1,19046.3125,82497.8515625
1854.7708857059479,2,4138.5,19178.38671875,82497.8515625
1855.7782409191132,2,708.4,19466.16796875,82497.8515625
1856.7889077663422,2,767.4,8501.0859375,82497.8515625
1857.797565460205,2,2442.0,9390.38671875,82497.8515625
1858.8066453933716,2,3614.9,12026.94921875,82497.8515625
1859.824652671814,2,4387.8,14728.1328125,82497.8515625
1860.8549423217773,2,4508.8,19801.25390625,82497.8515625
1861.885221004486,2,4293.8,16400.7109375,82497.8515625
1862.915424823761,2,4234.3,17326.34765625,82497.8515625
1863.928654909134,2,3340.7,17621.046875,82497.8515625
1864.9423851966858,2,3286.7,17747.73046875,82497.8515625
1865.951402425766,2,3542.8,18445.91015625,82497.8515625
1866.9590909481049,2,1688.1,19064.80859375,82497.8515625
1867.9674122333527,2,986.1,18919.78515625,82497.8515625
1868.9743311405182,2,1091.9,18958.73828125,82497.8515625
1869.9896502494812,2,4047.0,18972.875,82497.8515625
1871.002210855484,2,963.5,19425.13671875,82497.8515625
1872.0129058361053,2,759.2,8124.75,82497.8515625
1873.0219950675964,2,2357.3,9172.203125,82497.8515625
1874.0305559635162,2,3784.0,11410.68359375,82497.8515625
1875.0536391735077,2,4470.7,15473.51171875,82497.8515625
1876.0838704109192,2,4362.2,14578.12890625,82497.8515625
1877.1006569862366,2,4190.8,15179.28515625,82497.8515625
1878.112230539322,2,2775.7,15482.4296875,82497.8515625
1879.1206531524658,2,3688.6,16256.74609375,82497.8515625
1880.1329565048218,2,1313.7,16685.1015625,82497.8515625
1881.1422255039215,2,1760.7,16660.03515625,82497.8515625
1882.1528351306915,2,3058.8,16958.69140625,82497.8515625
1883.1618361473083,2,575.5,9549.0390625,84545.8671875
1884.1713044643402,2,2175.6,8533.03125,82497.8515625
1885.179800271988,2,3281.2,11743.296875,82497.8515625
1886.1926431655884,2,4090.5,13168.921875,82497.8515625
1887.212653875351,2,4496.2,17091.54296875,82497.8515625
1888.2396483421326,2,4140.0,16320.41015625,82497.8515625
1889.2606625556946,2,3661.5,16593.52734375,82497.8515625
1890.2916522026062,2,2944.4,16881.01953125,82497.8515625
1891.3181052207947,2,3173.4,17482.859375,82497.8515625
1892.3296451568604,2,3561.9,18615.75,82945.8515625
1893.3386459350586,2,1943.4,19053.921875,82945.8515625
1894.3500368595123,2,1991.7,19232.953125,82945.8515625
1895.3598053455353,2,4001.3,19306.68359375,82945.8515625
1896.3698630332947,2,715.5,19600.546875,82945.8515625
1897.377594947815,2,1459.2,8408.23828125,82945.8515625
1898.387809753418,2,2463.2,9397.01953125,82945.8515625
1899.397650718689,2,3818.9,13186.63671875,82945.8515625
1900.418654203415,2,4435.5,14995.0,82945.8515625
1901.4456481933594,2,4494.0,15561.44921875,82945.8515625
1902.4610936641693,2,3979.6,16539.14453125,82945.8515625
1903.4689102172852,2,3079.0,16793.796875,82945.8515625
1904.4851014614105,2,2914.4,17039.12109375,82945.8515625
1905.496618270874,2,4068.6,18641.91015625,82945.8515625
1906.5095825195312,2,2534.2,19072.578125,82945.8515625
1907.5176486968994,2,1317.3,19091.82421875,82945.8515625
1908.5286486148834,2,4012.8,19222.53125,82945.8515625
1909.5496978759766,2,1426.4,19514.234375,82945.8515625
1910.5584235191345,2,948.7,8085.11328125,82945.8515625
1911.5676460266113,2,2549.3,8754.08203125,82945.8515625
1912.6281173229218,2,3498.6,13094.7890625,82945.8515625
1913.6506562232971,2,4434.4,14171.49609375,82945.8515625
1914.6766958236694,2,4419.4,14022.8203125,82945.8515625
1915.6936447620392,2,4089.9,16485.92578125,82945.8515625
1916.7146639823914,2,3462.8,16701.53125,82945.8515625
1917.7407357692719,2,2811.1,17007.9609375,82945.8515625
1918.7498614788055,2,4195.8,18440.08984375,82945.8515625
1919.7686445713043,2,2823.0,19126.71484375,82945.8515625
1920.7797467708588,2,994.3,19062.875,82945.8515625
1921.787400007248,2,3607.8,19274.8984375,82945.8515625
1922.8011705875397,2,2290.3,19477.4296875,82945.8515625
1923.812861919403,2,484.0,9896.45703125,84993.8671875
1924.8230211734772,2,2262.4,8680.296875,82945.8515625
1925.83265542984,2,3533.2,12336.08984375,82945.8515625
1926.8466455936432,2,4268.5,13304.2578125,82945.8515625
1927.8666560649872,2,4447.3,16860.5078125,82945.8515625
1928.886649131775,2,4165.3,16485.01171875,82945.8515625
1929.9118204116821,2,3544.4,16699.49609375,82945.8515625
1930.9386639595032,2,3054.1,16953.9921875,82945.8515625
1931.953374862671,2,3382.8,17698.75390625,82945.8515625
1932.9656448364258,2,3919.9,18737.125,82945.8515625
1933.9756319522858,2,1293.7,19037.16796875,82945.8515625
1934.983643770218,2,1966.1,19236.34765625,82945.8515625
1935.994648218155,2,3894.6,19308.453125,82945.8515625
1937.013461112976,2,747.5,19630.23828125,82945.8515625
1938.022379875183,2,1536.7,8472.60546875,82945.8515625
1939.0343668460846,2,2396.9,9445.39453125,82945.8515625
1940.0425307750702,2,3859.9,13227.30078125,82945.8515625
1941.0646557807922,2,4440.9,15073.5703125,82945.8515625
1942.0914525985718,2,4485.4,15559.3671875,82945.8515625
1943.1058292388916,2,3912.0,16540.80859375,82945.8515625
1944.1166512966156,2,3129.3,16729.5234375,82945.8515625
1945.136067867279,2,2839.3,16947.4296875,82945.8515625
1946.1486485004425,2,4104.1,18572.53125,82945.8515625
1947.1694102287292,2,2483.0,19008.77734375,82945.8515625
1948.1773824691772,2,1042.7,18980.63671875,82945.8515625
1949.1886510849,2,4123.2,19236.48828125,82945.8515625
1950.202668428421,2,1652.4,19446.9375,82945.8515625
1951.2112927436829,2,957.3,8082.39453125,82945.8515625
1952.221645116806,2,2542.9,8724.921875,82945.8515625
1953.2646474838257,2,3516.7,13095.41015625,82945.8515625
1954.2866554260254,2,4401.4,13987.97265625,82945.8515625
1955.3103339672089,2,4441.2,13983.42578125,82945.8515625
1956.3246576786041,2,4143.9,16579.796875,82945.8515625
1957.3506608009338,2,3481.2,16718.84765625,82945.8515625
1958.3651790618896,2,2729.5,16954.9609375,82945.8515625
1959.3762683868408,2,4089.4,18296.046875,82945.8515625
1960.3863356113434,2,2962.2,19167.65625,82945.8515625
1961.3949556350708,2,1174.3,19096.84765625,82945.8515625
1962.4032428264618,2,3752.8,19264.65625,82945.8515625
1963.4152085781097,2,2051.2,19481.24609375,82945.8515625
1964.4252820014954,2,553.8,7858.20703125,82945.8515625
1965.4344954490662,2,2270.9,8666.51171875,82945.8515625
1966.4456703662872,2,3505.3,12337.57421875,82945.8515625
1967.460652589798,2,4252.0,13310.1484375,82945.8515625
1968.484447002411,2,4475.3,17198.015625,82945.8515625
1969.510652065277,2,4215.4,16364.625,82945.8515625
1970.5355818271637,2,3463.6,16622.3671875,82945.8515625
1971.5446536540985,2,2974.7,16936.56640625,82945.8515625
1972.5716443061829,2,3571.2,17751.4609375,82945.8515625
1973.5836980342865,2,3754.9,18729.9296875,82945.8515625
1974.5926463603973,2,1388.3,19008.94921875,82945.8515625
1975.605191230774,2,2343.2,19267.953125,82945.8515625
1976.6183452606201,2,3663.2,19421.953125,82945.8515625
1977.6252443790436,2,640.5,7951.4140625,84993.8671875
1978.6337678432465,2,2007.9,8573.8359375,82945.8515625
1979.6436455249786,2,2283.8,9980.78125,82945.8515625
1980.6566512584686,2,4235.9,13282.31640625,82945.8515625
1981.6926591396332,2,4550.9,15917.80078125,82945.8515625
1982.7306430339813,2,4210.4,16347.4921875,82945.8515625
1983.7588341236115,2,3667.6,16706.26171875,82945.8515625
1984.7697677612305,2,3525.2,16851.48046875,82945.8515625
1985.7787654399872,2,3100.6,17368.7265625,82945.8515625
1986.7916460037231,2,4094.7,18724.015625,82945.8515625
1987.8125920295715,2,1967.5,19122.90234375,82945.8515625
1988.8198676109314,2,1686.0,19286.50390625,82945.8515625
1989.8294970989227,2,4273.0,19251.9453125,82945.8515625
1990.8416485786438,2,832.8,19683.52734375,82945.8515625
1991.8502588272095,2,1305.5,8352.0234375,82945.8515625
1992.8626534938812,2,2779.7,8770.6328125,82945.8515625
1993.8716208934784,2,3484.6,13239.74609375,82945.8515625
1994.8816576004028,2,4474.0,14179.85546875,82945.8515625
1995.9141042232513,2,4309.2,14899.76953125,82945.8515625
1996.9386451244354,2,4183.0,16547.3125,82945.8515625
1997.9628546237946,2,3159.3,16824.71875,82945.8515625
1998.9806580543518,2,2874.9,17058.41015625,82945.8515625
2000.0012691020966,2,3968.4,18564.41015625,82945.8515625
2001.0130212306976,2,2770.9,19154.5546875,82945.8515625
2002.0246641635895,2,1029.1,19074.44140625,82945.8515625
2003.033857345581,2,3803.4,19268.703125,82945.8515625
2004.0458302497864,2,2092.2,19592.58203125,82945.8515625
2005.057114124298,2,476.8,7998.078125,82945.8515625
2006.0706434249878,2,2389.0,8776.29296875,82945.8515625
2007.1271872520447,2,3611.1,12615.359375,82945.8515625
2008.1366529464722,2,4216.0,13307.015625,82945.8515625
2009.162656545639,2,4468.0,15760.13671875,82945.8515625
2010.1776411533356,2,4250.2,16445.21875,82945.8515625
2011.2029151916504,2,3445.5,16725.55859375,82945.8515625
2012.232654094696,2,2977.7,17011.26953125,82945.8515625
2013.2626490592957,2,3726.7,17957.17578125,82945.8515625
2014.2986454963684,2,3439.4,18949.9140625,82945.8515625
2015.3126666545868,2,1223.1,18997.88671875,82945.8515625
2016.3206522464752,2,2802.7,19176.26171875,82945.8515625
2017.3450062274933,2,3158.4,19426.98828125,82945.8515625
2018.3617465496063,2,583.9,8588.4140625,84993.8671875
2019.3704857826233,2,2065.2,8602.65625,82945.8515625
2020.3806903362274,2,2731.2,11158.40625,82945.8515625
2021.3956453800201,2,4235.0,13260.1640625,82945.8515625
2022.4198367595673,2,4540.6,16325.52734375,82945.8515625
2023.4466502666473,2,4235.0,16230.33984375,82945.8515625
2024.4666640758514,2,3569.8,16589.7421875,82945.8515625
2025.498646736145,2,3090.3,16798.109375,82945.8515625
2026.5072560310364,2,3884.2,17575.890625,82945.8515625
2027.5196471214294,2,3868.3,18627.12890625,82945.8515625
2028.5407409667969,2,1412.5,18940.83984375,82945.8515625
2029.5486459732056,2,2395.0,19093.18359375,82945.8515625
2030.560312986374,2,3663.6,19338.76953125,82945.8515625
2031.5684707164764,2,643.3,15973.88671875,82945.8515625
2032.5773267745972,2,1838.3,8542.0546875,82945.8515625
2033.5876197814941,2,2405.8,9991.625,82945.8515625
2034.6006503105164,2,4251.5,13244.3046875,82945.8515625
2035.6206619739532,2,4404.8,15695.32421875,82945.8515625
2036.6469671726227,2,4288.0,16205.953125,82945.8515625
2037.6562325954437,2,3792.7,16552.84375,82945.8515625
2038.66565823555,2,3448.6,16677.27734375,82945.8515625
2039.6794629096985,2,2857.7,17151.546875,82945.8515625
2040.6934897899628,2,4050.9,18500.3671875,82945.8515625
2041.7053501605988,2,2124.9,18974.51171875,82945.8515625
2042.7126441001892,2,1350.8,19038.6015625,82945.8515625
2043.7229838371277,2,3928.0,19060.90625,82945.8515625
2044.734164237976,2,1341.2,19458.35546875,82945.8515625
2045.7413444519043,2,1025.7,8155.99609375,82945.8515625
2046.7566440105438,2,2692.3,8690.5625,82945.8515625
2047.7855105400085,2,3466.5,13045.7265625,82945.8515625
2048.8086540699005,2,4395.0,14285.3984375,82945.8515625
2049.835651397705,2,4489.4,14587.6015625,82945.8515625
2050.8496520519257,2,4190.9,16474.00390625,82945.8515625
2051.870654821396,2,3129.6,16708.51171875,82945.8515625
2052.895996570587,2,2798.1,17024.0703125,82945.8515625
2053.9046483039856,2,4183.4,18476.671875,82945.8515625
2054.9254019260406,2,2683.0,19071.7265625,82945.8515625
2055.93581032753,2,1205.0,18963.578125,82945.8515625
2056.946655511856,2,4159.7,19209.92578125,82945.8515625
2057.9648880958557,2,1496.0,19441.7578125,82945.8515625
2058.973555088043,2,792.1,8035.23828125,82945.8515625
2059.983670949936,2,3078.4,10684.2421875,82945.8515625
2061.003657579422,2,4253.0,12727.9609375,82945.8515625
2062.0306425094604,2,4227.3,14348.9296875,82945.8515625
2063.0511136054993,2,3327.9,14569.984375,82945.8515625
2064.059646844864,2,3599.2,15413.00390625,82945.8515625
2065.071642637253,2,3014.5,16273.14453125,82945.8515625
2066.0806460380554,2,2729.0,16317.83984375,82945.8515625
2067.092761516571,2,2289.3,16676.453125,82945.8515625
2068.101535320282,2,1200.8,8556.5,82945.8515625
2069.1126482486725,2,3645.4,11375.921875,82945.8515625
2070.133492708206,2,4370.7,13915.05078125,82945.8515625
2071.1476542949677,2,4124.8,14357.7890625,82945.8515625
2072.1636521816254,2,3021.8,14626.65625,82945.8515625
2073.187647342682,2,3956.6,15677.6953125,82945.8515625
2074.2084732055664,2,2190.4,16033.3984375,82945.8515625
2075.2210824489594,2,3655.2,16123.5390625,82945.8515625
2076.2330276966095,2,1186.6,8825.984375,84993.8671875
2077.2399978637695,2,2030.6,8888.87890625,82945.8515625
2078.2496457099915,2,4047.9,11453.08984375,82945.8515625
2079.2696516513824,2,4399.1,13735.1328125,82945.8515625
2080.2876579761505,2,3739.7,14576.1640625,82945.8515625
2081.313687324524,2,3142.3,14899.76953125,82945.8515625
2082.3258414268494,2,3939.5,16194.4609375,82945.8515625
2083.3346440792084,2,1735.6,16476.1875,82945.8515625
2084.3486461639404,2,3607.7,16578.48046875,82945.8515625
2085.3590426445007,2,845.0,8258.6328125,82945.8515625
2086.369726419449,2,3083.3,10859.68359375,82945.8515625
2087.3826508522034,2,4139.6,12758.38671875,82945.8515625
2088.408643245697,2,4165.2,14228.953125,82945.8515625
2089.4292347431183,2,3470.3,14517.671875,82945.8515625
2090.440363407135,2,3933.3,15261.48828125,82945.8515625
2091.4503643512726,2,2677.1,16158.79296875,82945.8515625
2092.4580285549164,2,2879.1,16108.91015625,82945.8515625
2093.46994972229,2,2157.2,16485.6328125,82945.8515625
2094.4786455631256,2,1954.6,8934.59765625,82945.8515625
2095.4986565113068,2,3735.9,10043.609375,82945.8515625
2096.512780189514,2,3250.7,10521.32421875,82945.8515625
2097.5243322849274,2,1724.6,8136.53515625,82945.8515625
2098.53365278244,2,2895.4,10606.49609375,82945.8515625
2099.545651912689,2,4156.8,12256.11328125,82945.8515625
2100.573647260666,2,4284.3,14065.671875,82945.8515625
2101.5946521759033,2,3756.6,14411.921875,82945.8515625
2102.6086456775665,2,3366.5,15114.546875,82945.8515625
2103.61993432045,2,3168.2,16139.90234375,82945.8515625
2104.6297569274902,2,2402.5,16169.625,82945.8515625
2105.6425697803497,2,2722.0,16476.53515625,82945.8515625
2106.6516501903534,2,1360.5,8235.4609375,82945.8515625
2107.6906566619873,2,3959.2,10796.8359375,82945.8515625
2108.7196655273438,2,3896.3,12061.0703125,82945.8515625
2109.7460820674896,2,3773.5,12894.41015625,82945.8515625
2110.7530887126923,2,2490.6,13317.140625,82945.8515625
2111.7642476558685,2,2751.5,13363.8515625,82945.8515625
2112.772650718689,2,1613.4,8946.08984375,82945.8515625
2113.7849264144897,2,4360.7,11318.265625,82945.8515625
2114.798650741577,2,3713.1,12042.37890625,82945.8515625
2115.8126447200775,2,3547.1,12766.015625,82945.8515625
2116.831645011902,2,2461.9,13109.53125,82945.8515625
2117.843672513962,2,2579.9,8184.2890625,82945.8515625
2118.85244345665,2,69.4,4786.71875,75777.6953125
2119.8613016605377,2,100.1,4665.78515625,75777.6953125
2120.870648622513,2,102.1,4472.30859375,75777.6953125
