elapsed_time,nproc,cpu,mem_real,mem_virtual
3.6716461181640625e-05,1,0.0,5.0390625,7.65234375
1.0073890686035156,4,0.0,438.9921875,4200.0
2.0161631107330322,4,99.2,617.0859375,4414.0
3.0241539478302,4,101.2,613.23828125,4446.0
4.031739234924316,4,99.2,611.2421875,4446.0
5.0399816036224365,4,100.1,611.67578125,4446.0
6.048807621002197,4,98.9,622.09765625,4500.0
7.0595383644104,4,100.0,614.609375,4500.0
8.069147109985352,4,99.2,603.0390625,4500.0
9.077568531036377,4,100.2,622.5,4500.0
10.085152387619019,4,100.1,672.87109375,4500.0
11.094473838806152,4,98.9,720.87109375,4556.0
12.105294227600098,4,98.9,776.87109375,4620.0
13.116186618804932,4,100.0,828.87109375,4706.0
14.126002550125122,4,99.9,878.87109375,4706.0
15.136894941329956,4,99.9,928.87109375,4802.0
16.14740777015686,4,99.0,972.87109375,4802.0
17.157532453536987,2,0.0,58.3828125,3435.75390625
18.166865825653076,2,101.0,540.0546875,4733.28515625
19.17690896987915,2,99.0,508.05078125,4733.28515625
20.186979055404663,2,100.0,510.05078125,4733.28515625
21.196820974349976,2,100.1,512.05078125,4733.28515625
22.206241369247437,2,100.0,512.17578125,4733.28515625
23.21655011177063,2,2752.1,1438.859375,9006.23046875
24.23655104637146,2,4762.5,1854.734375,9462.23046875
25.256478786468506,2,4764.6,2139.0703125,9778.23046875
26.28154754638672,2,4767.4,2231.40234375,9964.23046875
27.30654740333557,2,4765.7,2291.1953125,10033.21484375
28.328551769256592,2,4760.4,2347.5390625,10126.21484375
29.353556632995605,2,4760.5,2494.66796875,10337.21484375
30.376872062683105,2,4758.3,2493.84375,10389.21484375
31.402549982070923,2,4753.4,2493.46484375,10482.21484375
32.426552534103394,2,4758.6,2533.53515625,10586.21484375
33.45055103302002,2,4760.4,2656.84765625,10788.21484375
34.4745512008667,2,4765.0,2709.3359375,10913.21484375
35.49855327606201,2,4759.9,2691.22265625,10996.21484375
36.52254796028137,2,4763.5,2663.93359375,11031.21484375
37.54655480384827,2,4751.9,2685.54296875,11081.21484375
38.57055187225342,2,4760.8,2700.58984375,11109.21484375
39.59555196762085,2,4761.8,2640.78515625,11160.21484375
40.619556188583374,2,4752.3,2661.72265625,11239.21484375
41.64455509185791,2,4759.5,2723.91015625,11289.21484375
42.66555571556091,2,4759.4,2703.29296875,11309.21484375
43.69055366516113,2,4752.3,2764.8515625,11364.21484375
44.71555733680725,2,4753.7,2747.5546875,11386.21484375
45.73955583572388,2,4759.1,2741.6328125,11444.21484375
46.76355504989624,2,4758.7,2910.1953125,11599.21484375
47.78755211830139,2,4756.6,2894.70703125,11615.21484375
48.80454993247986,2,4756.4,2915.51171875,11706.21484375
49.82506728172302,2,4756.5,2901.1953125,11730.21484375
50.85054898262024,2,4747.2,2901.61328125,11750.21484375
51.8745551109314,2,4759.4,2968.8828125,11904.21484375
52.898550510406494,2,4758.7,2983.1171875,12012.21484375
53.923550844192505,2,4753.0,2935.3125,12012.21484375
54.94455099105835,2,4751.0,2941.8125,12074.21484375
55.96955490112305,2,4754.7,2926.4296875,12074.21484375
56.99355721473694,2,4751.3,2860.08203125,12130.21484375
58.01754689216614,2,4759.7,2806.953125,12152.21484375
59.041552782058716,2,4753.1,2872.6640625,12214.21484375
60.054553508758545,2,4748.4,3013.7734375,12246.21484375
61.0787787437439,2,4748.0,3052.37890625,12342.21484375
62.10455775260925,2,4762.1,3011.21484375,12352.21484375
63.12955379486084,2,4751.9,3022.4375,12408.21484375
64.15009307861328,2,4760.5,2965.23046875,12408.21484375
65.17478466033936,2,4752.0,2912.5625,12424.21484375
66.20056223869324,2,4762.9,2977.2578125,12504.21484375
67.22454833984375,2,4756.6,3080.5234375,12612.21484375
68.24855208396912,2,4742.3,3078.015625,12664.21484375
69.27255296707153,2,4763.0,3082.85546875,12664.21484375
70.28555250167847,2,4747.4,3130.07421875,12738.21484375
71.30955076217651,2,4759.5,3155.01953125,12798.21484375
72.33355569839478,2,4752.2,3109.59375,12798.21484375
73.35755276679993,2,4752.3,3128.64453125,12798.21484375
74.38155317306519,2,4769.3,3212.99609375,12940.21484375
75.40555119514465,2,4755.1,3304.84765625,13024.21484375
76.42787027359009,2,4741.7,3295.97265625,13150.21484375
77.45355153083801,2,4757.9,3393.671875,13188.21484375
78.47756361961365,2,4753.1,3482.28515625,13338.21484375
79.50255537033081,2,4749.9,3447.92578125,13412.21484375
80.5275502204895,2,4756.0,3397.0703125,13412.21484375
81.55155372619629,2,4752.0,3411.53515625,13494.21484375
82.57478785514832,2,4755.9,3636.796875,13598.21484375
83.59955334663391,2,4754.0,3535.640625,13622.21484375
84.62455201148987,2,4757.4,3558.62890625,13662.21484375
85.63655018806458,2,4765.9,3518.3828125,13682.21484375
86.64955282211304,2,4750.5,3476.046875,13714.21484375
87.66255164146423,2,4755.7,3423.19140625,13734.21484375
88.68455219268799,2,4756.9,3397.4296875,13786.21484375
89.7085485458374,2,4749.1,3349.6484375,13830.21484375
90.7317841053009,2,4753.9,3395.125,13854.21484375
91.75655245780945,2,4752.9,3436.703125,14002.21484375
92.78054523468018,2,4749.4,3401.81640625,14016.21484375
93.80476760864258,2,4743.1,3298.625,14040.21484375
94.82879281044006,2,4753.0,3249.92578125,14054.21484375
95.85355234146118,2,4742.3,3327.5546875,14090.21484375
96.87855052947998,2,4749.4,3496.37890625,14132.21484375
97.90254831314087,2,4754.7,3427.984375,14132.21484375
98.92454838752747,2,4758.9,3458.75390625,14132.21484375
99.94755268096924,2,4754.0,3524.80859375,14132.21484375
100.97155213356018,2,4756.0,3954.2890625,14444.21484375
101.99554777145386,2,4745.1,3975.3671875,14524.21484375
103.02195286750793,2,4734.8,3948.7734375,14524.21484375
104.04454755783081,2,4749.5,4011.33984375,14544.21484375
105.06854367256165,2,4752.3,4080.9140625,14568.21484375
106.09255242347717,2,4745.5,4057.921875,14572.21484375
107.11655163764954,2,4748.3,4327.82421875,14864.21484375
108.14154982566833,2,4753.2,4627.08984375,15054.21484375
109.15855169296265,2,4752.1,4617.38671875,15142.21484375
110.17855191230774,2,4743.9,4668.98046875,15242.21484375
111.20255732536316,2,4735.2,4643.26171875,15242.21484375
112.22655320167542,2,4742.3,4649.69140625,15242.21484375
113.25096583366394,2,4748.1,4662.625,15242.21484375
114.27555012702942,2,4746.5,4616.88671875,15242.21484375
115.29954528808594,2,4753.9,4531.66796875,15242.21484375
116.32354474067688,2,4751.8,4462.6953125,15242.21484375
117.34690856933594,2,4751.2,4475.0625,15270.21484375
118.3725528717041,2,4750.9,4482.5625,15294.21484375
119.39654922485352,2,4756.8,4457.89453125,15322.21484375
120.41955304145813,2,4741.1,4503.59765625,15350.21484375
121.44383883476257,2,4758.4,4557.40625,15394.21484375
122.4667661190033,2,4753.3,4470.984375,15394.21484375
123.4789047241211,2,4752.6,4599.421875,15446.21484375
124.50355124473572,2,4754.8,4572.5625,15466.21484375
125.52755284309387,2,4753.0,4543.703125,15466.21484375
126.55254769325256,2,4742.0,4706.03125,15538.21484375
127.57655191421509,2,4758.2,4654.015625,15538.21484375
128.6008369922638,2,4743.3,4682.25390625,15538.21484375
129.62480425834656,2,4734.1,4617.39453125,15538.21484375
130.64955067634583,2,4737.6,4616.40234375,15588.21484375
131.67455887794495,2,4753.1,4734.1796875,15678.21484375
132.6985490322113,2,4748.1,4643.203125,15678.21484375
133.72255325317383,2,4741.2,4530.953125,15678.21484375
134.7465500831604,2,4742.9,4449.74609375,15678.21484375
135.77054810523987,2,4734.6,4376.890625,15738.21484375
136.7945487499237,2,4747.4,4383.59375,15788.21484375
137.81876754760742,2,4748.0,4530.0,15788.21484375
138.84455728530884,2,4752.7,4568.578125,15812.21484375
139.86786699295044,2,4742.7,4721.36328125,15908.21484375
140.89280152320862,2,4750.1,4666.8671875,15908.21484375
141.91755199432373,2,4743.2,4580.203125,15908.21484375
142.941552400589,2,4735.6,4668.61328125,15908.21484375
143.9615490436554,2,4751.2,4644.80859375,15908.21484375
144.97855257987976,2,4758.6,4617.91796875,15908.21484375
146.0025510787964,2,4746.9,4582.9921875,15932.21484375
147.0257694721222,2,4741.0,4567.5,15932.21484375
148.05055165290833,2,4751.0,4501.9296875,15932.21484375
149.08055686950684,2,4739.4,4478.67578125,15932.21484375
150.10535502433777,2,4731.3,4465.984375,15932.21484375
151.12790775299072,2,4739.5,4451.05859375,15932.21484375
152.15155911445618,2,4755.0,4364.0390625,15932.21484375
153.17556023597717,2,4746.6,4385.453125,15932.21484375
154.19955253601074,2,4739.4,4354.66796875,15932.21484375
155.22354984283447,2,4745.1,4467.375,16084.21484375
156.24790954589844,2,4733.9,4340.0703125,16084.21484375
157.27284121513367,2,4744.0,4306.0,16100.21484375
158.29562211036682,2,4757.0,4380.90234375,16100.21484375
159.32055234909058,2,4749.9,4295.70703125,16100.21484375
160.3405475616455,2,4747.8,4250.296875,16100.21484375
161.3655560016632,2,4732.8,4213.921875,16100.21484375
162.38993000984192,2,4753.0,4296.7734375,16100.21484375
163.41387128829956,2,4748.2,4256.703125,16100.21484375
164.43955421447754,2,4760.0,4331.10546875,16120.21484375
165.46355366706848,2,4757.9,4268.65234375,16120.21484375
166.4885573387146,2,4751.3,4366.5546875,16120.21484375
167.5135600566864,2,4760.5,4414.05859375,16120.21484375
168.53694128990173,2,4734.6,4619.578125,16232.21484375
169.5615532398224,2,4749.9,4537.5546875,16232.21484375
170.5865511894226,2,4726.4,4433.08203125,16232.21484375
171.61083793640137,2,4755.1,4429.2421875,16232.21484375
172.63654828071594,2,4740.3,4376.84765625,16232.21484375
173.66006875038147,2,4745.0,4395.77734375,16232.21484375
174.68554997444153,2,4711.3,4349.046875,16236.21484375
175.70241570472717,2,4737.5,4231.04296875,16236.21484375
176.72156286239624,2,4739.8,4675.984375,16658.21484375
177.7465488910675,2,4749.2,4724.08984375,16770.21484375
178.7705476284027,2,4740.5,4712.1953125,16770.21484375
179.79455065727234,2,4734.2,4858.3515625,16770.21484375
180.807550907135,2,4751.2,4741.83203125,16770.21484375
181.83254742622375,2,4748.7,4973.34375,16870.21484375
182.8535521030426,2,4744.2,4995.61328125,16922.21484375
183.8785548210144,2,4755.1,4958.6640625,16946.21484375
184.9015486240387,2,4744.2,5117.37109375,16990.21484375
185.92654466629028,2,4737.2,5123.125,16990.21484375
186.95055103302002,2,4746.8,5133.98046875,16990.21484375
187.9675509929657,2,4740.0,5249.2734375,17014.21484375
188.99181485176086,2,4746.9,5191.90625,17030.21484375
190.01654648780823,2,4751.3,5166.44140625,17030.21484375
191.04055094718933,2,4747.9,5172.1796875,17058.21484375
192.0648956298828,2,4750.1,5186.03125,17058.21484375
193.0905532836914,2,4741.5,5091.13671875,17058.21484375
194.11455035209656,2,4755.5,5150.37109375,17058.21484375
195.13899493217468,2,4745.8,5103.21484375,17078.21484375
196.16455006599426,2,4749.1,5226.05078125,17102.21484375
197.18855094909668,2,4750.0,5231.765625,17102.21484375
198.2118844985962,2,4760.6,5220.88671875,17102.21484375
199.23655486106873,2,4738.7,5225.375,17102.21484375
200.2608802318573,2,4735.1,5237.5703125,17126.21484375
201.28454732894897,2,4731.4,5215.859375,17140.21484375
202.30855131149292,2,4734.8,5150.79296875,17156.21484375
203.3335485458374,2,4753.1,5149.93359375,17156.21484375
204.35755515098572,2,4751.9,5079.9375,17156.21484375
205.38155126571655,2,4755.0,5094.01171875,17156.21484375
206.40555381774902,2,4746.7,5164.93359375,17156.21484375
207.42979836463928,2,4758.6,5145.87109375,17156.21484375
208.4537389278412,2,4743.8,5163.11328125,17156.21484375
209.47854733467102,2,4749.9,5244.7734375,17156.21484375
210.5005521774292,2,4741.2,5466.98046875,17356.21484375
211.52554845809937,2,4745.2,5516.890625,17460.21484375
212.54954838752747,2,4740.1,5466.1796875,17460.21484375
213.5735478401184,2,4743.3,5496.3515625,17460.21484375
214.59754824638367,2,4730.3,5432.62109375,17460.21484375
215.62154579162598,2,4733.5,5470.93359375,17460.21484375
216.64554691314697,2,4741.0,5415.2109375,17460.21484375
217.6695499420166,2,4730.5,5362.51171875,17460.21484375
218.69354963302612,2,4750.2,5402.8984375,17512.21484375
219.7175498008728,2,4738.1,5411.11328125,17512.21484375
220.74155139923096,2,4742.3,5326.91796875,17512.21484375
221.76655554771423,2,4757.0,5371.08203125,17512.21484375
222.79055285453796,2,4740.6,5285.015625,17512.21484375
223.80298399925232,2,4741.4,5235.921875,17512.21484375
224.827796459198,2,4738.7,5255.0,17512.21484375
225.84755277633667,2,4753.9,5319.87890625,17512.21484375
226.85992074012756,2,4751.5,5380.82421875,17544.21484375
227.8855471611023,2,4738.1,5369.28515625,17572.21484375
228.9065501689911,2,4738.1,5423.484375,17624.21484375
229.93154883384705,2,4729.5,5498.8125,17624.21484375
230.9555504322052,2,4733.3,5446.71875,17624.21484375
231.96855640411377,2,4740.3,5471.22265625,17624.21484375
232.99295139312744,2,4744.9,5386.85546875,17624.21484375
234.01780819892883,2,4734.5,5421.09375,17652.21484375
235.04355239868164,2,4746.1,5365.6640625,17652.21484375
236.06789708137512,2,4748.2,5372.82421875,17716.21484375
237.0929148197174,2,4735.2,5335.1015625,17716.21484375
238.1185598373413,2,4731.4,5559.8203125,18070.21484375
239.14284801483154,2,4744.7,6071.22265625,18342.21484375
240.16855216026306,2,4744.4,6074.1484375,18390.21484375
241.19355750083923,2,4743.3,6018.66015625,18390.21484375
242.21780800819397,2,4733.7,6018.5078125,18390.21484375
243.24255204200745,2,4740.0,6079.55078125,18414.21484375
244.26686120033264,2,4745.5,6108.19140625,18414.21484375
245.29254841804504,2,4744.4,6168.14453125,18414.21484375
246.31654977798462,2,4732.3,6112.1484375,18414.21484375
247.3405520915985,2,4752.7,6313.05078125,18506.21484375
248.36455273628235,2,4748.7,6461.13671875,18506.21484375
249.38894820213318,2,4742.0,6443.51953125,18510.21484375
250.4135479927063,2,4732.3,6371.26953125,18510.21484375
251.43762969970703,2,4743.2,6408.6328125,18510.21484375
252.46254777908325,2,4734.5,6432.51953125,18620.21484375
253.4875464439392,2,4737.4,6615.76171875,18796.21484375
254.51155161857605,2,4710.0,6514.08203125,18844.21484375
255.53555417060852,2,4747.4,6742.10546875,18868.21484375
256.5619537830353,2,4743.9,6696.90625,18940.21484375
257.5855495929718,2,4739.3,6675.265625,18940.21484375
258.61055541038513,2,4749.0,6717.6015625,18940.21484375
259.6345491409302,2,4726.5,6959.7265625,19124.21484375
260.65885281562805,2,4718.1,7472.421875,19726.21484375
261.6835491657257,2,4709.6,8014.58984375,20370.21484375
262.707551240921,2,4732.5,8525.3828125,20882.21484375
263.73154520988464,2,4728.5,8670.98046875,20882.21484375
264.75672459602356,2,4722.9,8787.08203125,21294.21484375
265.7808873653412,2,4705.0,9229.33984375,21842.21484375
266.8055453300476,2,4728.7,9251.22265625,21894.21484375
267.8295533657074,2,4742.3,9315.7109375,21894.21484375
268.8545513153076,2,4706.2,9340.234375,21922.21484375
269.8785471916199,2,4714.1,9220.25,21922.21484375
270.9025511741638,2,4728.4,9416.1171875,22030.21484375
271.92654752731323,2,4728.6,9615.64453125,22158.21484375
272.95055294036865,2,4738.2,9882.765625,22458.21484375
273.97454810142517,2,4734.1,9924.1875,22526.21484375
274.9997742176056,2,4728.9,9731.95703125,22526.21484375
276.02354884147644,2,4727.7,9875.83984375,22530.21484375
277.0475525856018,2,4725.8,10001.7734375,22610.21484375
278.06756567955017,2,4261.0,9882.87109375,22638.21484375
279.079514503479,2,3373.9,9738.90625,22638.21484375
280.09109592437744,2,3174.3,9612.45703125,22638.21484375
281.102689743042,2,3174.6,9444.78515625,22638.21484375
282.11413311958313,2,2988.6,9288.3984375,22638.21484375
283.12566900253296,2,2851.4,9316.60546875,22670.21484375
284.13708424568176,2,2777.2,9103.46875,22790.21484375
285.1485507488251,2,2783.1,9116.41796875,23034.21484375
286.1599781513214,2,2746.5,9062.078125,23034.21484375
287.17109394073486,2,2582.5,8942.42578125,23122.21484375
288.1825385093689,2,2542.1,8864.36328125,23154.21484375
289.1939022541046,2,2482.6,8903.3359375,23334.21484375
290.2045331001282,2,2398.0,8838.4296875,23582.21484375
291.21576476097107,2,2388.1,9073.0,23706.21484375
292.22703742980957,2,2384.2,9088.2421875,23858.21484375
293.2382779121399,2,2384.8,9338.05859375,24174.21484375
294.2492880821228,2,2387.1,9327.9765625,24354.21484375
295.26097559928894,2,2302.5,9311.2578125,24422.21484375
296.27243733406067,2,2285.8,9314.44921875,24502.21484375
297.2825663089752,2,2290.3,9421.7421875,24502.21484375
298.2929255962372,2,2281.5,9182.3828125,24502.21484375
299.30409598350525,2,2283.6,9133.48828125,24502.21484375
300.31520557403564,2,2282.7,8892.83203125,24502.21484375
301.3263113498688,2,2283.6,8876.625,24502.21484375
302.33745670318604,2,2286.5,8870.21484375,24502.21484375
303.3486382961273,2,2287.5,8878.62109375,24502.21484375
304.35978293418884,2,2205.8,8774.57421875,24502.21484375
305.3707582950592,2,2148.7,8744.59765625,24502.21484375
306.3811092376709,2,2071.8,8562.765625,24502.21484375
307.3918535709381,2,1932.7,8616.53125,24502.21484375
308.4018485546112,2,1777.1,8684.69140625,24630.21484375
309.4107413291931,2,1653.2,8572.85546875,24630.21484375
310.41850900650024,2,1598.7,8351.05078125,24630.21484375
311.4268262386322,2,1562.0,8185.0078125,24630.21484375
312.43575859069824,2,1384.3,8081.890625,24630.21484375
313.4434871673584,2,1153.7,7824.18359375,24630.21484375
314.4506907463074,2,941.7,7646.34765625,24630.21484375
315.4584059715271,2,681.8,7378.9453125,24630.21484375
316.46604800224304,2,521.8,7239.01171875,24630.21484375
317.47611236572266,2,408.7,7116.58203125,24630.21484375
318.4841992855072,2,405.0,6994.625,24630.21484375
319.49150037765503,2,406.1,6783.69140625,24630.21484375
320.49871587753296,2,406.1,6597.75,24630.21484375
321.5083158016205,2,407.0,6374.31640625,24630.21484375
322.5180735588074,2,404.7,6206.83984375,24630.21484375
323.5287170410156,2,391.4,6063.44140625,24630.21484375
324.53793931007385,2,303.8,5945.59765625,24630.21484375
325.5484323501587,2,303.6,5808.546875,24630.21484375
326.5594861507416,2,304.2,5726.328125,24854.21484375
327.5686869621277,2,303.9,5656.546875,24854.21484375
328.57882595062256,2,302.8,5564.96875,24854.21484375
329.5894384384155,2,303.0,5500.75390625,24854.21484375
330.5993311405182,2,302.8,5409.6015625,24854.21484375
331.60985922813416,2,302.0,5428.296875,24854.21484375
332.6196918487549,2,300.9,5453.78515625,24854.21484375
333.6300280094147,2,300.8,5355.2578125,24854.21484375
334.64051604270935,2,295.9,5203.19140625,24854.21484375
335.6508550643921,2,204.1,5216.33203125,24854.21484375
336.660302400589,2,206.0,5209.41015625,24854.21484375
337.6702210903168,2,203.0,5395.9296875,24854.21484375
338.68028712272644,2,202.0,5463.54296875,24854.21484375
339.6901693344116,2,205.9,4985.29296875,24854.21484375
340.70034885406494,2,207.0,4851.56640625,24854.21484375
341.71016931533813,2,221.9,4630.484375,24854.21484375
342.71956276893616,2,106.0,4518.0859375,24854.21484375
343.7287220954895,2,108.9,4433.2734375,24854.21484375
344.7387204170227,2,108.0,4338.859375,24854.21484375
345.7479646205902,2,108.9,4222.6015625,24854.21484375
346.7578420639038,2,110.0,4043.234375,24854.21484375
347.7672576904297,2,106.0,3779.4296875,24854.21484375
348.77654242515564,2,109.0,3588.7421875,24854.21484375
349.7857611179352,2,102.9,3729.1875,24854.21484375
350.795991897583,2,103.0,3628.16796875,24854.21484375
351.80594205856323,2,103.1,3605.48828125,24854.21484375
352.8150157928467,2,102.0,3574.73046875,24854.21484375
353.82502794265747,2,103.9,3387.3984375,24854.21484375
354.8356420993805,2,101.9,3332.18359375,24854.21484375
355.84659218788147,2,101.0,3318.19140625,24854.21484375
356.8563709259033,2,101.0,3292.55859375,24854.21484375
357.8665699958801,2,103.0,3260.0390625,24854.21484375
358.87627482414246,2,100.0,3281.55078125,24854.21484375
359.8867676258087,2,99.9,3272.12890625,24854.21484375
360.8973460197449,2,101.0,3272.12890625,24854.21484375
361.90734124183655,2,101.1,3257.87109375,24854.21484375
362.91581201553345,2,101.1,3238.859375,24854.21484375
363.9249539375305,2,101.1,3217.96875,24854.21484375
364.9341444969177,2,101.0,3185.6640625,24854.21484375
365.94442796707153,2,100.0,3200.4453125,24854.21484375
366.95469069480896,2,100.9,3161.671875,24854.21484375
367.9655921459198,2,100.0,3333.90234375,24854.21484375
368.97532773017883,2,100.1,3203.84375,24854.21484375
369.98478388786316,2,100.0,3203.84375,24854.21484375
370.9945740699768,2,102.2,3193.33203125,24854.21484375
372.00279545783997,2,100.1,3168.87890625,24854.21484375
373.0118260383606,2,99.9,3324.37109375,24854.21484375
374.0223591327667,2,100.1,3338.02734375,24854.21484375
375.0314750671387,2,99.9,3335.25,24854.21484375
376.0420928001404,2,101.1,3326.84375,24854.21484375
377.0514600276947,2,100.0,3220.96875,24854.21484375
378.061247587204,2,101.9,3206.50390625,24854.21484375
379.0723795890808,2,100.9,3196.27734375,24854.21484375
380.08286476135254,2,101.0,3176.65625,24854.21484375
381.0925600528717,2,100.0,3163.44921875,24854.21484375
382.10211062431335,2,101.0,3140.51953125,24854.21484375
383.1115972995758,2,620.5,2937.078125,24854.21484375
384.1220452785492,2,200.0,3146.91796875,24998.22265625
385.1317789554596,2,106.0,3137.0703125,25094.3046875
386.1414144039154,2,105.9,3274.01953125,25686.3046875
387.1521489620209,2,1807.4,3957.421875,27030.3046875
388.16131258010864,2,581.7,5055.33984375,34710.390625
389.172078371048,2,1471.3,6414.91796875,32150.37890625
390.18147587776184,2,778.2,4789.2890625,31126.3515625
391.1927533149719,2,2297.4,4102.80859375,39726.3359375
392.20525884628296,2,4492.2,5725.5546875,39726.3359375
393.21966433525085,2,3806.1,6453.90625,39726.3359375
394.2323639392853,2,2519.5,6767.51953125,39726.3359375
395.2422547340393,2,1769.5,5157.328125,41774.3515625
396.2525420188904,2,2430.7,5088.78125,39726.3359375
397.26462841033936,2,4368.0,6816.43359375,45870.3359375
398.28956055641174,2,4063.7,7564.765625,45870.3359375
399.30654096603394,2,3400.9,7788.5625,45870.3359375
400.3190989494324,2,3315.2,8408.54296875,45870.3359375
401.32954025268555,2,3021.1,8405.9453125,45870.3359375
402.34208822250366,2,1585.7,8427.9921875,45870.3359375
403.35411405563354,2,3345.3,3269.4375,43822.3046875
404.37882113456726,2,4743.1,3152.66015625,43822.3046875
405.4035367965698,2,4240.1,3250.625,43822.3046875
406.42152762413025,2,4787.4,3195.3125,43822.3046875
407.4395377635956,2,4710.9,3203.8828125,43822.3046875
408.4559347629547,2,1135.6,3153.5859375,43822.3046875
409.4638452529907,2,100.3,3130.15234375,43822.3046875
410.4712429046631,2,100.2,3099.9140625,43822.3046875
411.4788749217987,2,123.1,3510.0,43824.32421875
412.4861009120941,2,100.2,3884.1640625,43824.32421875
413.4937150478363,4,86.3,4246.92578125,43964.08203125
414.50160908699036,4,101.2,4478.45703125,44203.59765625
415.5098662376404,4,100.1,4716.6875,44455.3515625
416.5186583995819,4,101.3,4919.1484375,44675.92578125
417.525981426239,4,100.2,5166.31640625,44931.2890625
418.5338182449341,4,99.1,5509.9375,45290.9375
419.54241824150085,4,100.2,5869.9375,45651.1015625
420.54991269111633,4,101.3,6226.2265625,46010.4921875
421.5571484565735,4,99.3,6586.2265625,46370.3828125
422.5643720626831,4,100.0,6934.6640625,46730.2890625
423.5741307735443,4,99.0,7295.7890625,47091.2265625
424.584490776062,4,101.0,7656.9140625,47452.29296875
425.5941023826599,4,99.1,8017.6640625,47813.1015625
426.6034891605377,4,100.1,8375.41015625,48171.203125
427.61221289634705,4,100.1,8736.53515625,48532.26953125
428.6210949420929,4,100.1,9093.91015625,48891.91796875
429.6299638748169,4,100.1,9454.66015625,49252.7265625
430.6386559009552,4,100.0,9813.16015625,49611.34375
431.64890813827515,4,100.1,10174.28515625,49972.5390625
432.6583182811737,4,100.1,10532.41796875,50332.31640625
433.66741824150085,4,99.0,10893.54296875,50693.640625
434.67716002464294,4,100.0,11253.91796875,51054.0625
435.6866900920868,4,100.1,11616.16796875,51416.16015625
436.69581723213196,4,99.1,11976.91796875,51777.09765625
437.7049605846405,4,101.0,12339.54296875,52139.453125
438.71455907821655,4,100.0,12699.16796875,52499.1015625
439.724338054657,4,99.0,13060.66796875,52860.68359375
440.73411655426025,4,101.0,13419.91796875,53220.07421875
441.7439594268799,4,98.9,13781.79296875,53581.78515625
442.774943113327,4,99.9,14148.16796875,53948.39453125
443.78530287742615,4,100.1,14358.91796875,54159.02734375
444.7947053909302,4,100.0,14382.16796875,54182.359375
445.805073261261,4,99.0,14746.265625,54605.31640625
446.81562089920044,4,99.9,14483.20703125,54282.9921875
447.8264510631561,5,0.0,4329.41796875,44389.7734375
448.83647751808167,5,99.0,4160.71875,44064.453125
449.8464722633362,2,484.3,3718.390625,44848.37109375
450.8561065196991,2,2743.5,5080.72265625,48944.43359375
451.88152718544006,2,4785.1,5080.72265625,48944.43359375
452.9055392742157,2,4724.7,5138.71484375,48944.43359375
453.9259970188141,2,1102.3,5774.46875,50992.46484375
454.93414545059204,2,100.2,6188.42578125,50992.46484375
455.9421474933624,4,94.2,6503.328125,51060.1015625
456.95085406303406,4,99.1,6886.484375,51443.92578125
457.9594295024872,4,100.1,7236.359375,51793.6484375
458.9682848453522,4,100.1,7580.234375,52137.44140625
459.97736048698425,4,100.2,7930.84375,52488.2109375
460.9855127334595,4,99.3,8280.34375,52837.546875
461.99276876449585,4,99.3,8614.46875,53171.671875
463.00031208992004,4,101.2,8938.10546875,53505.28125
464.00839471817017,4,100.2,9266.98046875,53833.9921875
465.0166428089142,4,100.2,9590.0703125,54157.3203125
466.02454471588135,4,100.2,9927.9453125,54494.92578125
467.0325040817261,4,99.9,10270.6953125,54837.81640625
468.04322242736816,4,100.0,10656.1953125,55223.1171875
469.0531804561615,4,99.1,11040.1953125,55607.12890625
470.06223917007446,4,100.0,11423.4453125,55990.75390625
471.0718276500702,4,100.1,11806.6953125,56374.12109375
472.08105993270874,4,99.1,12190.3203125,56757.74609375
473.09060430526733,4,100.1,12571.92578125,57141.5
474.0996572971344,4,101.0,12954.80078125,57524.73828125
475.10994005203247,4,99.0,13340.30078125,57910.16796875
476.12035155296326,4,99.9,13726.92578125,58296.7578125
477.13105821609497,4,100.1,14112.05078125,58681.9296875
478.14003348350525,4,99.1,14496.42578125,59066.19921875
479.14929580688477,4,100.1,14881.55078125,59451.2421875
480.1581377983093,4,101.0,15265.76171875,59837.703125
481.1682584285736,4,99.9,15651.63671875,60223.390625
482.17894673347473,4,100.0,16034.51171875,60606.37109375
483.18889141082764,4,99.0,16418.51171875,60990.25390625
484.1987056732178,4,100.1,16802.51171875,61374.265625
485.20758724212646,4,100.1,17185.76171875,61757.6328125
486.21656608581543,4,100.1,17569.76171875,62141.515625
487.2251715660095,4,99.0,17954.51171875,62526.171875
488.2349317073822,4,101.1,18340.01171875,62911.98828125
489.2436294555664,4,99.1,18723.63671875,63295.484375
490.2530117034912,4,100.1,19107.63671875,63679.49609375
491.26199650764465,4,100.1,19447.76171875,64019.6796875
492.2709755897522,4,100.0,19542.26171875,64113.91015625
493.2814390659332,4,100.0,19542.26171875,64113.91015625
494.29117798805237,4,99.9,19542.26171875,64113.91015625
495.3021459579468,4,100.0,19542.26171875,64113.91015625
496.3122067451477,4,99.0,19869.65625,64617.31640625
497.32223677635193,4,99.0,20160.51171875,64842.765625
498.33242893218994,4,99.9,20168.51171875,64842.765625
499.3431429862976,4,101.0,19672.5703125,64243.859375
500.3530924320221,5,0.0,6719.87890625,51751.5625
501.36355113983154,5,100.0,7307.1328125,52243.98046875
502.3738434314728,5,99.8,7333.8828125,52243.98046875
503.3855149745941,2,70.2,5466.796875,51697.34375
504.39665508270264,2,101.0,5488.92578125,51697.34375
505.4060809612274,2,818.9,6828.90234375,51213.3125
506.4171860218048,2,173.5,6981.9140625,51213.3125
507.42590856552124,2,222.0,7001.21484375,51213.3125
508.4355962276459,2,1776.5,9788.8203125,51213.3125
509.45457124710083,2,2072.2,12073.87109375,51213.3125
510.47253799438477,2,4608.4,13372.703125,51213.3125
511.4925434589386,2,4598.3,13379.3984375,51213.3125
512.503561258316,2,4054.2,14610.41015625,51213.3125
513.5118248462677,2,4000.9,14715.07421875,51213.3125
514.5195364952087,2,3839.0,15342.0078125,51213.3125
515.534102678299,2,2286.9,15406.9296875,51213.3125
516.5405442714691,2,2729.6,15356.87109375,51213.3125
517.5511827468872,2,1903.7,7435.57421875,51213.3125
518.5585989952087,2,755.6,7912.50390625,51213.3125
519.5669198036194,2,247.3,7942.29296875,51213.3125
520.5738453865051,2,920.7,7658.8359375,51213.3125
521.5825440883636,2,1003.9,7354.3515625,51213.3125
522.6135854721069,2,2703.4,12811.6640625,51213.3125
523.6285424232483,2,4608.0,13032.90625,51213.3125
524.6386299133301,2,4578.4,13450.0234375,51213.3125
525.650545835495,2,4072.2,14408.7578125,51213.3125
526.6617748737335,2,3431.9,14651.46484375,51213.3125
527.6815390586853,2,3294.6,15256.5390625,51213.3125
528.6887052059174,2,1958.9,15147.47265625,51213.3125
529.69486784935,2,3455.3,15217.66015625,51213.3125
530.7051351070404,2,1069.3,8043.36328125,51437.3125
531.7150981426239,2,1268.5,8147.28125,51437.3125
532.7231605052948,2,1599.4,7915.48046875,51437.3125
533.7303664684296,2,1061.6,8588.53125,51437.3125
534.7382214069366,2,3153.6,12255.58203125,51437.3125
535.7485475540161,2,4635.0,12437.46875,51437.3125
536.7715425491333,2,4453.7,13893.39453125,51437.3125
537.790584564209,2,3935.7,14712.2265625,51437.3125
538.8275487422943,2,4586.9,13869.59765625,51437.3125
539.8375375270844,2,3348.6,14374.234375,51437.3125
540.8463706970215,2,2543.9,14241.96484375,51437.3125
541.8537137508392,2,3061.6,14320.8828125,51437.3125
542.8597135543823,2,1306.3,8543.9296875,51437.3125
543.8664317131042,2,840.4,8066.23046875,51437.3125
544.8805401325226,2,1420.5,7843.2109375,51437.3125
545.9175789356232,2,1670.8,10681.98828125,51437.3125
546.9455378055573,2,4496.9,12320.43359375,51437.3125
547.9635021686554,2,4486.0,12800.00390625,51437.3125
548.9755480289459,2,4168.4,13970.90234375,51437.3125
549.9865865707397,2,4331.2,14718.2890625,51437.3125
551.0225396156311,2,4379.0,14128.39453125,51437.3125
552.0330586433411,2,2795.3,14314.90625,51437.3125
553.0408816337585,2,2906.8,14181.98828125,51437.3125
554.0548620223999,2,1470.0,7674.3828125,51437.3125
555.0621757507324,2,1230.4,8155.09765625,51693.3125
556.0708663463593,2,1631.2,7934.86328125,51693.3125
557.0792608261108,2,1078.7,8378.51953125,51693.3125
558.086061000824,2,2963.4,12207.82421875,51693.3125
559.1045453548431,2,4599.5,12834.66015625,51693.3125
560.125869512558,2,4497.3,13877.046875,51693.3125
561.1445846557617,2,3966.7,14735.21875,51693.3125
562.1796717643738,2,4644.3,13846.4375,51693.3125
563.1880192756653,2,3450.6,14391.0390625,51693.3125
564.1956429481506,2,2578.2,14279.8984375,51693.3125
565.2030665874481,2,3132.9,14360.015625,51693.3125
566.2162475585938,2,1264.9,8595.3125,51693.3125
567.2249801158905,2,873.4,8209.93359375,51693.3125
568.2313771247864,2,1164.6,8080.96484375,51693.3125
569.2394347190857,2,1107.7,10361.44921875,51693.3125
570.2475402355194,2,4476.1,12456.45703125,51693.3125
571.270706653595,2,4617.6,14102.109375,51693.3125
572.2911279201508,2,4489.5,14287.0,51693.3125
573.3141853809357,2,3839.5,15103.14453125,51693.3125
574.3535482883453,2,4408.0,14273.3046875,51693.3125
575.3653693199158,2,3428.9,14700.61328125,51693.3125
576.3746528625488,2,2569.5,14522.66796875,51693.3125
577.383707523346,2,3213.8,14650.6796875,51693.3125
578.3916137218475,2,1235.8,8658.96875,51693.3125
579.3988971710205,2,919.1,8302.265625,51693.3125
580.4118866920471,2,1357.1,8069.203125,51693.3125
581.4191608428955,2,1112.5,9535.76953125,51693.3125
582.4277091026306,2,4287.9,11610.02734375,51693.3125
583.4375476837158,2,4593.2,13522.6484375,51693.3125
584.4614989757538,2,4445.3,13588.53125,51693.3125
585.4806020259857,2,3965.4,14502.90234375,51693.3125
586.5217559337616,2,4387.2,13719.3984375,51693.3125
587.5345468521118,2,3006.9,14054.2109375,51693.3125
588.5505404472351,2,2807.3,14035.0546875,51693.3125
589.5608427524567,2,2362.2,7782.26171875,52205.3203125
590.5685451030731,2,1264.1,8764.296875,51693.3125
591.5757348537445,2,1049.0,8257.90234375,51693.3125
592.5823791027069,2,1230.1,8148.2421875,51693.3125
593.5905838012695,2,2544.0,11137.41015625,51693.3125
594.6113941669464,2,4484.1,11936.0234375,51693.3125
595.6279435157776,2,4574.0,13392.44140625,51693.3125
596.6395456790924,2,3668.5,13722.30859375,51693.3125
597.6476881504059,2,4695.9,14315.55859375,51693.3125
598.6894207000732,2,3899.1,14062.3125,51693.3125
599.6964111328125,2,2544.1,13803.0703125,51693.3125
600.7065649032593,2,3441.5,13887.7265625,51693.3125
601.7145380973816,2,810.8,8537.2890625,51693.3125
602.7305707931519,2,1234.8,8293.4765625,51693.3125
603.7387664318085,2,1493.6,8110.0,51693.3125
604.7463393211365,2,1034.1,9022.1015625,51693.3125
605.7535429000854,2,3837.7,11633.375,51693.3125
606.7714874744415,2,4594.2,13145.63671875,51693.3125
607.7948870658875,2,4501.2,13548.15234375,51693.3125
608.8075852394104,2,3880.6,14435.015625,51693.3125
609.8435156345367,2,4451.6,13596.8984375,51693.3125
610.8555431365967,2,3035.7,14011.69921875,51693.3125
611.8755378723145,2,2581.4,13994.76171875,51693.3125
612.8860836029053,2,2889.1,14042.3046875,51693.3125
613.8928809165955,2,1520.5,9099.8984375,51693.3125
614.9004263877869,2,709.8,8325.2109375,51693.3125
615.9078154563904,2,1170.4,8181.703125,51693.3125
616.9155406951904,2,1198.1,10539.109375,51693.3125
617.9265398979187,2,4512.2,12544.83203125,51693.3125
618.9443938732147,2,4591.0,14291.6328125,51693.3125
619.9695427417755,2,4443.1,14367.29296875,51693.3125
620.9881865978241,2,3868.1,15259.16796875,51693.3125
622.0282635688782,2,4430.0,14319.21484375,51693.3125
623.0518746376038,2,3103.3,14758.546875,51693.3125
624.0600564479828,2,2517.8,14559.66015625,51693.3125
625.0681824684143,2,3125.4,14705.45703125,51693.3125
626.0759057998657,2,1622.1,8301.48828125,51693.3125
627.085168838501,2,747.3,7920.8984375,51693.3125
628.0944588184357,2,1590.1,9247.51171875,51693.3125
629.1035885810852,2,2881.7,13143.23046875,51693.3125
630.1255366802216,2,4577.7,13733.484375,51693.3125
631.1436159610748,2,4502.3,15485.45703125,51693.3125
632.1565444469452,2,4461.8,14423.80859375,51693.3125
633.1675815582275,2,3984.2,15493.48046875,51725.3125
634.208087682724,2,4673.1,15391.890625,51725.3125
635.2436389923096,2,4434.9,14616.53515625,51725.3125
636.254551410675,2,3017.7,15028.9296875,51725.3125
637.2744483947754,2,2754.7,15061.5546875,51725.3125
638.2839157581329,2,2798.5,15256.125,51725.3125
639.290854215622,2,1567.4,7881.25390625,51725.3125
640.2985830307007,2,2536.0,12557.6640625,51725.3125
641.3135378360748,2,4555.2,13054.0234375,51725.3125
642.3314878940582,2,4304.9,12565.921875,51725.3125
643.3495647907257,2,4208.3,13599.375,51725.3125
644.387589931488,2,4676.7,13478.15625,51725.3125
645.4235510826111,2,4545.7,12745.5390625,51725.3125
646.4345395565033,2,2977.7,13179.13671875,51725.3125
647.4540545940399,2,2622.3,13403.48046875,51725.3125
648.4616689682007,2,1672.8,7811.57421875,51725.3125
649.4695806503296,2,2024.9,10718.4765625,51725.3125
650.484537601471,2,4497.4,12830.65234375,51725.3125
651.503538608551,2,4280.8,11756.3203125,51725.3125
652.517587184906,2,4129.2,13463.84765625,51725.3125
653.5515894889832,2,4641.8,13441.66015625,51725.3125
654.5875525474548,2,4740.1,13034.953125,51725.3125
655.6025383472443,2,2954.4,13158.1640625,51725.3125
656.6220374107361,2,3310.4,13303.90625,51725.3125
657.6350138187408,2,527.6,7040.8046875,51725.3125
658.6430606842041,2,832.8,7990.01171875,51725.3125
659.6514172554016,2,1108.0,7550.19921875,51725.3125
660.658447265625,2,2631.0,8206.34375,51725.3125
661.6663649082184,2,3771.6,10651.26953125,51725.3125
662.6855425834656,2,4545.3,11968.57421875,51725.3125
663.7005507946014,2,4219.4,13238.80078125,51725.3125
664.7125811576843,2,4283.8,14056.0390625,51725.3125
665.7480306625366,2,3956.7,13727.46875,51725.3125
666.7541933059692,2,2313.6,13764.2890625,51725.3125
667.7617151737213,2,3408.7,13834.51953125,51725.3125
668.7694463729858,2,437.3,7553.6640625,51725.3125
669.7785394191742,2,1022.9,8753.35546875,51725.3125
670.7946209907532,2,1063.6,7907.13671875,51725.3125
671.8062267303467,2,2518.0,9154.91796875,51725.3125
672.8145372867584,2,4446.3,10717.61328125,51725.3125
673.8335418701172,2,4600.3,12288.6328125,51725.3125
674.8448069095612,2,4197.4,13077.70703125,51725.3125
675.8855481147766,2,4299.2,13061.94921875,51725.3125
676.8963565826416,2,3243.1,13519.2578125,51725.3125
677.9053461551666,2,2450.0,13335.96875,51725.3125
678.9130148887634,2,2884.7,13456.875,51725.3125
679.9225652217865,2,1434.3,8757.6875,51725.3125
680.9321000576019,2,762.9,8178.6953125,51725.3125
681.9399485588074,2,1179.9,7891.953125,51725.3125
682.9484858512878,2,2248.6,8952.05078125,51725.3125
683.9570505619049,2,4404.7,10499.8046875,51725.3125
684.9727547168732,2,4478.8,11553.36328125,51725.3125
685.9855473041534,2,4291.8,12900.8515625,51725.3125
686.9941573143005,2,3680.7,13208.84375,51725.3125
688.0054545402527,2,3388.2,13677.20703125,51725.3125
689.0123634338379,2,2292.9,13568.10546875,51725.3125
690.0194125175476,2,3333.6,13694.265625,51725.3125
691.0272934436798,2,1219.0,9015.61328125,51725.3125
692.0388689041138,2,1143.3,8292.65234375,51725.3125
693.0514190196991,2,1113.5,8058.2421875,51725.3125
694.0593731403351,2,2432.9,7884.23828125,51725.3125
695.084543466568,2,3004.3,11099.73046875,51725.3125
696.1031942367554,2,4459.4,12124.640625,51725.3125
697.1151716709137,2,4324.8,12735.734375,51725.3125
698.126541852951,2,4380.0,14750.81640625,51725.3125
699.1445906162262,2,4077.7,15104.125,51725.3125
700.163295507431,2,3591.5,15177.9921875,51725.3125
701.1725406646729,2,2824.7,16106.109375,52045.3125
702.1910252571106,2,2284.6,16055.22265625,52045.3125
703.1989612579346,2,3709.5,16212.05078125,52045.3125
704.2097594738007,2,922.3,7268.265625,52557.3203125
705.2179574966431,2,1516.6,8821.921875,52045.3125
706.226838350296,2,562.0,8182.55859375,52045.3125
707.2339110374451,2,1217.6,7945.87109375,52045.3125
708.2416207790375,2,2446.4,8671.01953125,52045.3125
709.2545390129089,2,3975.4,11010.16796875,52045.3125
710.2725450992584,2,4563.5,13058.41015625,52045.3125
711.2945463657379,2,4580.3,13890.08984375,52045.3125
712.307977437973,2,4089.1,14698.2109375,52045.3125
713.3195490837097,2,3590.1,14933.1328125,52045.3125
714.3274202346802,2,3688.3,16031.203125,52045.3125
715.3385610580444,2,2120.6,15901.03515625,52045.3125
716.3461210727692,2,2897.8,16047.5703125,52045.3125
717.3654022216797,2,2056.4,16233.0078125,52045.3125
718.3737933635712,2,1164.2,8838.875,52045.3125
719.3813598155975,2,1027.5,8221.53515625,52045.3125
720.3907573223114,2,993.2,8039.2578125,52045.3125
721.4117143154144,2,1874.2,7882.86328125,52045.3125
722.4701795578003,2,3578.5,10374.47265625,52045.3125
723.4885497093201,2,4568.0,12327.58203125,52045.3125
724.5085451602936,2,4523.1,13030.49609375,52045.3125
725.5275888442993,2,4018.4,13323.8046875,52045.3125
726.5425400733948,2,3806.0,13738.1640625,52045.3125
727.5533576011658,2,2218.7,13915.93359375,52045.3125
728.5645377635956,2,3267.4,13798.76171875,52045.3125
729.58278465271,2,1006.4,8331.68359375,52045.3125
730.5912020206451,2,1650.1,8386.38671875,52045.3125
731.5984156131744,2,1132.9,8182.60546875,52045.3125
732.6305389404297,2,2742.6,8029.39453125,52045.3125
733.6675398349762,2,3463.0,10680.53515625,52045.3125
734.6766672134399,2,4578.6,13079.22265625,52045.3125
735.700679063797,2,4405.2,13194.16015625,52045.3125
736.7195851802826,2,3962.5,14453.66796875,52045.3125
737.7529230117798,2,3836.3,14025.05859375,52045.3125
738.7631449699402,2,2630.8,14461.1171875,52045.3125
739.772537946701,2,2176.2,14383.08203125,52045.3125
740.782776594162,2,3115.4,14530.8671875,52045.3125
741.7908504009247,2,1462.3,8799.9921875,52045.3125
742.7975845336914,2,840.9,8294.16796875,52045.3125
743.8047771453857,2,996.6,8079.1171875,52045.3125
744.8125424385071,2,923.7,7842.546875,52045.3125
745.8365411758423,2,3744.1,10047.5546875,52045.3125
746.8545441627502,2,4593.2,11646.12890625,52045.3125
747.8743340969086,2,4480.7,12680.5078125,52045.3125
748.8869359493256,2,4132.2,12957.52734375,52045.3125
749.8944373130798,2,3780.8,13439.80859375,52045.3125
750.9002768993378,2,2305.2,13783.9453125,52045.3125
751.9065387248993,2,2787.5,13816.84375,52045.3125
752.9180407524109,2,1731.2,7357.98046875,52045.3125
753.9252495765686,2,1621.3,8214.6875,52045.3125
754.9319088459015,2,772.0,8094.51171875,52045.3125
755.9409158229828,2,777.6,7968.84375,52045.3125
756.949542760849,2,2528.3,7775.17578125,52045.3125
757.9978814125061,2,3635.3,10164.58203125,52045.3125
759.0125477313995,2,4673.7,13325.05859375,52045.3125
760.0325474739075,2,4315.2,12926.3671875,52045.3125
761.0545511245728,2,3678.6,13218.421875,52045.3125
762.0686571598053,2,3662.1,13969.6328125,52045.3125
763.0792684555054,2,1906.2,13909.09375,52045.3125
764.0859951972961,2,3391.0,14097.5390625,52045.3125
765.0945386886597,2,669.0,8595.62109375,52045.3125
766.1105713844299,2,1526.7,8254.390625,52045.3125
767.1204931735992,2,892.4,8081.8515625,52045.3125
768.1267940998077,2,927.9,7903.484375,52045.3125
769.1345520019531,2,3406.4,9552.16015625,52045.3125
770.1475484371185,2,4462.6,11074.5625,52045.3125
771.1684694290161,2,4428.7,11631.43359375,52045.3125
772.1800889968872,2,4523.3,13032.82421875,52045.3125
773.189790725708,2,3263.0,13492.3984375,52045.3125
774.2145419120789,2,3309.3,14042.3125,52045.3125
775.2244844436646,2,1896.9,13997.6796875,52045.3125
776.2318391799927,2,3502.0,14147.04296875,52045.3125
777.2395424842834,2,1034.7,8523.7890625,52045.3125
778.2539777755737,2,1053.2,8307.81640625,52045.3125
779.2635395526886,2,1195.3,8138.984375,52045.3125
780.3015432357788,2,2225.5,7992.87890625,52045.3125
781.349702835083,2,3540.6,10498.6171875,52045.3125
782.3635489940643,2,4600.5,12924.8671875,52045.3125
783.3845388889313,2,4423.7,13024.7265625,52045.3125
784.3981683254242,2,3692.9,13286.75390625,52045.3125
785.4174437522888,2,3806.6,13943.57421875,52045.3125
786.4234027862549,2,2306.6,13781.078125,52045.3125
787.4296369552612,2,3621.8,13837.4453125,52045.3125
788.4386415481567,2,548.4,8769.83984375,52045.3125
789.4488852024078,2,1567.9,8459.1640625,52045.3125
790.4599437713623,2,1004.9,8262.8671875,52045.3125
791.4666993618011,2,1881.3,8076.96484375,52045.3125
792.5255401134491,2,3536.8,10753.80078125,52045.3125
793.5445454120636,2,4567.8,12393.97265625,52045.3125
794.564389705658,2,4285.7,13211.28125,52045.3125
795.5735828876495,2,4039.3,14197.4921875,52045.3125
796.6101434230804,2,3917.2,13896.8046875,52045.3125
797.6260571479797,2,2417.6,13977.265625,52045.3125
798.6355390548706,2,3013.1,13969.25,52045.3125
799.6462197303772,2,1454.7,8121.734375,52045.3125
800.6537940502167,2,1613.8,9217.33203125,52045.3125
801.6607935428619,2,714.1,8394.95703125,52045.3125
802.6690521240234,2,1240.4,8148.69140625,52045.3125
803.6775662899017,2,3004.1,9998.67578125,52045.3125
804.6886315345764,2,4444.0,11358.0546875,52045.3125
805.7140781879425,2,4563.2,12534.625,52045.3125
806.7263467311859,2,4176.7,13622.11328125,52045.3125
807.7367126941681,2,3676.0,13660.27734375,52045.3125
808.7462289333344,2,3179.1,14241.49609375,52045.3125
809.7527008056641,2,2303.3,14131.328125,52045.3125
810.7603657245636,2,3434.7,14186.07421875,52045.3125
811.7679760456085,2,1190.1,9146.16015625,52045.3125
812.7737739086151,2,1074.2,8534.27734375,52045.3125
813.7839052677155,2,950.5,8400.65625,52045.3125
814.7925419807434,2,1789.4,8141.88671875,52045.3125
815.8508877754211,2,3271.8,11299.28515625,52045.3125
816.8620686531067,2,4457.6,12009.0703125,52045.3125
817.8839275836945,2,4442.4,14352.37109375,52045.3125
818.8937592506409,2,4140.5,14877.55859375,52045.3125
819.912585735321,2,3936.7,16003.5234375,52045.3125
820.9477560520172,2,3653.6,15344.14453125,52045.3125
821.9578814506531,2,3272.2,16411.9765625,52045.3125
822.9693064689636,2,2312.9,16299.8671875,52045.3125
823.9775378704071,2,3336.7,16387.8125,52045.3125
824.9875407218933,2,1514.7,16779.6875,52045.3125
825.9942524433136,2,1366.7,9071.125,52429.3125
827.0018019676208,2,805.6,8492.4765625,52429.3125
828.0098814964294,2,875.0,8307.74609375,52429.3125
829.0166354179382,2,1247.7,8056.37890625,52429.3125
830.0265409946442,2,3623.9,10476.3515625,52429.3125
831.0387868881226,2,4449.7,11781.74609375,52429.3125
832.0626418590546,2,4604.2,13302.70703125,52429.3125
833.0765504837036,2,4074.2,13570.7265625,52429.3125
834.0915365219116,2,3830.1,13774.578125,52429.3125
835.102548122406,2,3098.3,14245.109375,52429.3125
836.1104383468628,2,2219.3,14223.78515625,52429.3125
837.1202969551086,2,3012.3,14366.3359375,52429.3125
838.1277873516083,2,1607.1,8972.53125,52429.3125
839.1344978809357,2,794.8,8488.37890625,52429.3125
840.1410732269287,2,870.4,8305.40234375,52429.3125
841.1491289138794,2,2305.0,8246.81640625,52429.3125
842.1565432548523,2,3528.1,10857.42578125,52429.3125
843.1749103069305,2,4604.7,13224.29296875,52429.3125
844.1865413188934,2,4402.8,13417.859375,52429.3125
845.199874162674,2,3679.5,13559.90234375,52429.3125
846.2065382003784,2,3947.8,14174.44921875,52429.3125
847.2174775600433,2,2221.1,14129.37109375,52429.3125
848.2295410633087,2,3456.3,14100.6796875,52429.3125
849.239572763443,2,877.4,8606.15625,52429.3125
850.2468891143799,2,1639.5,9359.83984375,52429.3125
851.2539269924164,2,851.3,8489.4609375,52429.3125
852.2618567943573,2,1209.3,8231.00390625,52429.3125
853.2705390453339,2,2837.9,9951.98828125,52429.3125
854.2835383415222,2,4409.5,11597.11328125,52429.3125
855.2970600128174,2,4616.2,14183.5,52429.3125
856.3215386867523,2,4362.1,14807.51953125,52429.3125
857.3415446281433,2,4139.7,15187.1796875,52429.3125
858.3532543182373,2,3634.4,15322.0625,52429.3125
859.3615379333496,2,3743.9,16475.828125,52429.3125
860.3793091773987,2,2151.2,16231.4375,52429.3125
861.3904204368591,2,2635.6,16288.65625,52429.3125
862.4008584022522,2,2437.2,16609.671875,52429.3125
863.4095411300659,2,940.3,8673.953125,52429.3125
864.4256117343903,2,1296.0,8323.38671875,52429.3125
865.4332180023193,2,606.0,8238.36328125,52429.3125
866.4398691654205,2,1278.7,7996.46484375,52429.3125
867.4475510120392,2,3220.7,10189.1640625,52429.3125
868.460328578949,2,4439.5,11585.93359375,52429.3125
869.4835443496704,2,4477.3,13027.73046875,52429.3125
870.5022239685059,2,3897.1,13354.1640625,52429.3125
871.5123171806335,2,3902.5,13807.21484375,52429.3125
872.5182962417603,2,2400.0,13999.49609375,52429.3125
873.5286712646484,2,2847.9,14043.00390625,52429.3125
874.5393965244293,2,1760.0,8192.15234375,52429.3125
875.5477569103241,2,1677.3,9877.76953125,52429.3125
876.5559520721436,2,583.2,8688.94140625,52429.3125
877.5641043186188,2,1938.9,9450.515625,52429.3125
878.5725393295288,2,3811.2,11927.35546875,52429.3125
879.5915534496307,2,4629.5,13951.17578125,52429.3125
880.6115479469299,2,4469.6,14218.57421875,52429.3125
881.6304211616516,2,4161.8,14456.36328125,52429.3125
882.641340970993,2,4161.8,14194.8671875,52429.3125
883.6535484790802,2,3144.7,14674.05859375,52429.3125
884.6720123291016,2,2619.3,14513.84375,52429.3125
885.6829400062561,2,2259.4,7755.8359375,52429.3125
886.6910667419434,2,1710.0,9856.78515625,52429.3125
887.6986141204834,2,926.9,8610.14453125,52429.3125
888.705295085907,2,1497.2,11389.93359375,52429.3125
889.7145488262177,2,4212.2,14001.59765625,52429.3125
890.7279214859009,2,4569.8,14214.796875,52429.3125
891.7355382442474,2,4482.7,13884.7734375,52429.3125
892.7485675811768,2,3959.8,15095.16015625,52429.3125
893.7553369998932,2,4725.6,15851.2890625,52429.3125
894.7955856323242,2,4654.7,15814.5390625,52429.3125
895.8313963413239,2,4110.1,15296.21875,52429.3125
896.8492965698242,2,2796.6,15441.32421875,52429.3125
897.8568580150604,2,3284.7,15480.984375,52429.3125
898.867570400238,2,740.6,8615.8984375,52429.3125
899.8789265155792,2,1653.0,9241.859375,52429.3125
900.886559009552,2,1208.0,8475.6015625,52429.3125
901.8945922851562,2,2818.1,11479.56640625,52429.3125
902.9223799705505,2,4529.6,12402.078125,52429.3125
903.9297354221344,2,4583.2,13416.2578125,52429.3125
904.9401495456696,2,4092.7,14510.9609375,52429.3125
905.9505507946014,2,4507.8,15214.65625,52429.3125
906.9935367107391,2,4012.3,14781.45703125,52429.3125
908.011488199234,2,2735.6,14940.96875,52429.3125
909.0199947357178,2,2820.5,14799.29296875,52429.3125
910.0305433273315,2,1604.8,8034.67578125,52429.3125
911.0379772186279,2,1714.3,9247.625,52429.3125
912.0495536327362,2,1227.8,8418.6875,52429.3125
913.0668137073517,2,3223.5,11816.23046875,52429.3125
914.0815486907959,2,4505.4,12430.4765625,52429.3125
915.1012184619904,2,4449.5,13915.55078125,52429.3125
916.1195752620697,2,4211.1,14668.21875,52429.3125
917.1555461883545,2,4187.6,13842.5703125,52429.3125
918.1745400428772,2,3138.9,14312.83984375,52429.3125
919.1933646202087,2,2687.5,14268.77734375,52429.3125
920.2086148262024,2,2197.2,7882.23828125,52429.3125
921.2161099910736,2,1739.8,9851.296875,52429.3125
922.22483253479,2,901.9,8610.17578125,52429.3125
923.2325346469879,2,2024.8,10664.90625,52429.3125
924.2445380687714,2,4485.8,12364.59765625,52429.3125
925.2628495693207,2,4555.0,14127.2890625,52429.3125
926.2756190299988,2,4215.7,14467.0625,52429.3125
927.2845900058746,2,4425.1,15098.66015625,52429.3125
928.3250482082367,2,4045.2,14446.0625,52429.3125
929.339537858963,2,2867.7,14742.96875,52429.3125
930.3502097129822,2,2841.6,14643.875,52429.3125
931.3610200881958,2,1570.4,8648.22265625,52429.3125
932.3689088821411,2,1741.1,10020.64453125,52429.3125
933.376273393631,2,1014.8,8801.5546875,52429.3125
934.3834722042084,2,1700.6,12031.24609375,52429.3125
935.39790558815,2,4481.6,14327.69140625,52429.3125
936.4165470600128,2,4670.7,14514.0625,52429.3125
937.4407806396484,2,4574.9,14825.4453125,52429.3125
938.4535899162292,2,3994.8,16047.59765625,52429.3125
939.48956990242,2,4770.9,15987.2109375,52429.3125
940.5255789756775,2,4676.9,15956.34375,52429.3125
941.5615375041962,2,3849.1,15677.43359375,52429.3125
942.5719981193542,2,2757.5,15612.14453125,52429.3125
943.5811977386475,2,3209.8,15811.03515625,52429.3125
944.5895442962646,2,901.2,9076.70703125,52429.3125
945.598509311676,2,1531.1,8769.67578125,52429.3125
946.6135513782501,2,1235.7,8605.140625,52429.3125
947.6225752830505,2,2769.1,13294.28125,52429.3125
948.6605381965637,2,4520.7,14301.40234375,52429.3125
949.6785418987274,2,4666.5,15949.10546875,52429.3125
950.6985461711884,2,4455.9,15213.90234375,52429.3125
951.7187869548798,2,4148.7,16038.26953125,52429.3125
952.7543082237244,2,4639.2,16005.07421875,52429.3125
953.7944366931915,2,4532.9,15212.66015625,52429.3125
954.8024332523346,2,3083.4,15730.328125,52429.3125
955.8121778964996,2,2885.8,15687.56640625,52429.3125
956.8204040527344,2,2885.0,15874.40234375,52429.3125
957.8295705318451,2,1812.3,8438.4375,52429.3125
958.8375523090363,2,3030.1,8535.20703125,52429.3125
959.843829870224,2,2161.8,8922.41796875,52429.3125
960.8517549037933,2,625.4,7820.890625,52236.46484375
961.8595428466797,2,2476.9,8509.125,52236.46484375
962.9117965698242,2,3112.5,11314.69921875,52236.46484375
963.9305460453033,2,4567.9,14034.48046875,59404.46484375
964.9515678882599,2,4520.7,13755.546875,59444.46484375
965.972540140152,2,4298.7,15396.66015625,59444.46484375
966.9908657073975,2,3250.9,15627.4765625,59444.46484375
967.9985404014587,2,3439.9,16028.94140625,59444.46484375
969.00954246521,2,2869.2,17039.171875,59444.46484375
970.0172781944275,2,1736.5,16901.2734375,59444.46484375
971.0233111381531,2,2902.9,17082.41796875,59444.46484375
972.0334775447845,2,2020.8,17297.484375,59444.46484375
973.0413489341736,2,705.3,8345.2109375,59444.46484375
974.0494384765625,2,1702.5,8968.421875,59444.46484375
975.0815417766571,2,3104.2,11405.9453125,59444.46484375
976.0965421199799,2,4402.6,13051.65234375,59444.46484375
977.115555524826,2,4556.6,16435.64453125,67636.46484375
978.1395456790924,2,4662.7,21347.05078125,67636.46484375
979.1645493507385,2,4412.3,17000.73828125,67636.46484375
980.1905474662781,2,4429.2,18812.94921875,67636.46484375
981.209547996521,2,4141.2,19014.78125,67636.46484375
982.2171242237091,2,3266.6,19398.734375,67636.46484375
983.2302377223969,2,3438.3,19475.34375,67636.46484375
984.238751411438,2,4327.2,20483.578125,67636.46484375
985.2480547428131,2,1570.0,20888.703125,67636.46484375
986.2555344104767,2,1818.2,20808.7578125,67636.46484375
987.2625405788422,2,1792.9,21069.078125,67636.46484375
988.2812123298645,2,4528.0,21155.95703125,67636.46484375
989.2970385551453,2,821.6,8106.05078125,67636.46484375
990.3046283721924,2,862.6,8678.71875,67636.46484375
991.3131532669067,2,2470.6,9890.46484375,67636.46484375
992.3215389251709,2,3975.1,12506.5,67636.46484375
993.3395459651947,2,4472.3,14736.328125,67636.46484375
994.3592081069946,2,4678.8,20044.28515625,67636.46484375
995.3845391273499,2,4453.7,15808.8359375,67636.46484375
996.4045391082764,2,4423.2,18313.55078125,67636.46484375
997.4225463867188,2,4118.9,18653.6875,67636.46484375
998.4362678527832,2,3524.0,18976.796875,67636.46484375
999.4677453041077,2,3537.9,19231.015625,67636.46484375
1000.4780950546265,2,3554.6,20344.28515625,67636.46484375
1001.4856402873993,2,1454.3,20216.4765625,67636.46484375
1002.4923655986786,2,1699.1,20257.43359375,67636.46484375
1003.5025405883789,2,3399.5,20470.37890625,67636.46484375
1004.5166573524475,2,2423.2,20673.26171875,67636.46484375
1005.522608757019,2,623.5,8057.80859375,67636.46484375
1006.5299150943756,2,2078.2,8770.890625,67636.46484375
1007.5725474357605,2,3191.0,11798.32421875,67636.46484375
1008.5845377445221,2,4357.5,12746.6484375,67636.46484375
1009.6035444736481,2,4628.5,17349.84765625,67684.46484375
1010.628039598465,2,4633.4,19027.80078125,67684.46484375
1011.6504609584808,2,4263.9,18230.2265625,67684.46484375
1012.6595394611359,2,4422.9,18458.8828125,67684.46484375
1013.6773960590363,2,3429.3,18775.88671875,67684.46484375
1014.6855523586273,2,3735.2,19063.640625,67684.46484375
1015.7095415592194,2,4110.3,19856.98828125,67684.46484375
1016.7276537418365,2,1829.4,20295.94140625,67684.46484375
1017.7354502677917,2,1836.5,20109.99609375,67684.46484375
1018.7425434589386,2,2248.0,20405.73828125,67684.46484375
1019.7713496685028,2,3761.5,20540.21484375,67684.46484375
1020.7790670394897,2,604.0,9007.30078125,69732.48046875
1021.7873616218567,2,989.3,8681.94140625,67684.46484375
1022.7945363521576,2,2985.0,10702.3125,67684.46484375
1023.8055386543274,2,4402.7,12613.6015625,67684.46484375
1024.8235487937927,2,4534.0,15699.5703125,67684.46484375
1025.8435451984406,2,4664.6,21174.20703125,67684.46484375
1026.8630871772766,2,4433.7,17205.0859375,67684.46484375
1027.8805480003357,2,4448.9,18357.81640625,67684.46484375
1028.9005489349365,2,3531.1,18790.109375,67684.46484375
1029.9156785011292,2,3900.5,18932.34375,67684.46484375
1030.922538280487,2,3782.4,19517.4765625,67684.46484375
1031.9329624176025,2,2705.8,20443.31640625,67684.46484375
1032.9400329589844,2,1573.4,20388.4765625,67684.46484375
1033.948573589325,2,1607.2,20335.1171875,67684.46484375
1034.9575443267822,2,4093.2,20554.8359375,67684.46484375
1035.9722647666931,2,1653.1,20815.9765625,67684.46484375
1036.9799106121063,2,598.8,8480.3515625,67684.46484375
1037.9870188236237,2,1044.1,9593.328125,67684.46484375
1039.0375475883484,2,3124.9,11474.8359375,67684.46484375
1040.0455400943756,2,4092.2,14394.9609375,67684.46484375
1041.064169883728,2,4499.1,14701.37109375,67684.46484375
1042.0755455493927,2,4644.7,19648.6953125,67684.46484375
1043.1005444526672,2,4665.7,24918.4765625,77924.46484375
1044.124787569046,2,4405.1,19116.51171875,77924.46484375
1045.1495461463928,2,4439.4,20521.515625,77924.46484375
1046.1688141822815,2,4317.0,20752.69140625,77924.46484375
1047.1788771152496,2,3176.7,20911.25390625,77924.46484375
1048.1877551078796,2,3254.0,21255.55078125,77924.46484375
1049.2015390396118,2,4150.2,21751.12890625,77924.46484375
1050.2124609947205,2,2604.1,22629.44921875,77924.46484375
1051.2199947834015,2,1698.5,22571.40234375,77924.46484375
1052.228619813919,2,1731.6,22578.5703125,77924.46484375
1053.2367675304413,2,3367.9,22712.77734375,77924.46484375
1054.2519662380219,2,2814.6,22918.52734375,77924.46484375
1055.2610938549042,2,591.5,7785.28515625,77924.46484375
1056.2687389850616,2,969.8,9292.60546875,77924.46484375
1057.2765378952026,2,3412.7,9565.5859375,77924.46484375
1058.3325502872467,2,2759.5,13552.7890625,77924.46484375
1059.3475399017334,2,4370.3,14654.17578125,77924.46484375
1060.3655490875244,2,4634.4,18098.1796875,77924.46484375
1061.3900072574615,2,4649.1,22698.671875,77924.46484375
1062.4145557880402,2,4441.5,17135.859375,77924.46484375
1063.4345417022705,2,4424.0,20512.109375,77924.46484375
1064.453547000885,2,4516.3,20674.0703125,77924.46484375
1065.472827911377,2,3322.5,20880.82421875,77924.46484375
1066.4815545082092,2,3473.2,21066.8203125,77924.46484375
1067.5064766407013,2,3428.9,21371.13671875,77924.46484375
1068.5162847042084,2,3918.4,22572.46484375,77924.46484375
1069.5234971046448,2,1528.6,22574.2265625,77924.46484375
1070.5310254096985,2,1873.3,22507.453125,77924.46484375
1071.5385401248932,2,2118.6,22780.9453125,77924.46484375
1072.5490193367004,2,4311.5,22938.390625,77924.46484375
1073.5573139190674,2,640.7,8187.1484375,79972.48046875
1074.5655524730682,2,740.6,9157.12890625,77924.46484375
1075.5745377540588,2,2194.1,9566.55859375,77924.46484375
1076.6185660362244,2,2771.4,12886.84375,77924.46484375
1077.6409051418304,2,4474.2,14403.72265625,77924.46484375
1078.659547328949,2,4464.3,16827.10546875,77924.46484375
1079.683545589447,2,4689.6,21459.3203125,77924.46484375
1080.7078676223755,2,4659.4,21037.81640625,77924.46484375
1081.7238540649414,2,4426.6,19868.64453125,77924.46484375
1082.7369191646576,2,4348.6,20532.42578125,77924.46484375
1083.755778312683,2,3483.7,20835.203125,77924.46484375
1084.7679505348206,2,3422.4,21005.8359375,77924.46484375
1085.7932817935944,2,3178.4,21123.859375,77924.46484375
1086.8015413284302,2,4170.7,22109.3984375,77924.46484375
1087.8197793960571,2,2201.9,22576.1328125,77924.46484375
1088.826538324356,2,1757.2,22598.6640625,77924.46484375
1089.8444135189056,2,1470.3,22438.6796875,77924.46484375
1090.8515050411224,2,4106.2,22713.6484375,77924.46484375
1091.8615653514862,2,1984.8,23016.875,77924.46484375
1092.8700981140137,2,628.5,8225.37890625,77924.46484375
1093.8773453235626,2,876.5,9240.26171875,77924.46484375
1094.884839773178,2,3454.0,10614.64453125,77924.46484375
1095.893548488617,2,3559.3,13979.2109375,77924.46484375
1096.9045436382294,2,4366.8,14620.0390625,77924.46484375
1097.9232313632965,2,4604.8,19060.37890625,77924.46484375
1098.9505500793457,2,4673.1,24501.3359375,77924.46484375
1099.9750151634216,2,4432.0,17801.3515625,77924.46484375
1100.9900937080383,2,4441.3,20556.296875,77924.46484375
1102.0085451602936,2,4498.1,20753.68359375,77924.46484375
1103.0285601615906,2,3192.6,20962.4609375,77924.46484375
1104.0545465946198,2,3147.7,21244.09765625,77924.46484375
1105.074119567871,2,4092.0,21728.0703125,77924.46484375
1106.0875568389893,2,2932.6,22710.0859375,77924.46484375
1107.0960657596588,2,1616.0,22623.66015625,77924.46484375
1108.104817867279,2,1798.9,22565.359375,77924.46484375
1109.1125502586365,2,3045.8,22762.26953125,77924.46484375
1110.1272614002228,2,3157.6,22963.16796875,77924.46484375
1111.1348223686218,2,598.3,7591.32421875,77924.46484375
1112.1427211761475,2,934.2,9268.50390625,77924.46484375
1113.1501214504242,2,3147.0,9558.87109375,77924.46484375
1114.182569026947,2,2692.1,13271.40625,77924.46484375
1115.1955397129059,2,4403.2,14573.19921875,77924.46484375
1116.213259935379,2,4582.4,17456.59375,77924.46484375
1117.2375464439392,2,4703.0,22257.1640625,77924.46484375
1118.2618758678436,2,4525.4,16896.85546875,77924.46484375
1119.2735407352448,2,4413.0,20491.09375,77924.46484375
1120.291540145874,2,4517.3,20627.1015625,77924.46484375
1121.3105607032776,2,3337.9,20875.65625,77924.46484375
1122.3395557403564,2,3453.2,21064.1640625,77924.46484375
1123.3764832019806,2,3085.1,21269.6953125,77924.46484375
1124.3885369300842,2,4137.5,22416.55859375,77924.46484375
1125.4063975811005,2,1703.5,22508.1328125,77924.46484375
1126.4143636226654,2,1819.4,22508.390625,77924.46484375
1127.421801328659,2,1708.9,22723.08984375,77924.46484375
1128.432544708252,2,4641.9,22651.6171875,77924.46484375
1129.444937467575,2,942.9,22537.41015625,77924.46484375
1130.4524009227753,2,569.9,8768.984375,77924.46484375
1131.4597227573395,2,1524.8,9562.7109375,77924.46484375
1132.5087294578552,2,2521.9,12096.91015625,77924.46484375
1133.516547203064,2,3889.6,14791.76171875,77924.46484375
1134.5358006954193,2,4213.1,15879.609375,77924.46484375
1135.5545473098755,2,4468.5,18242.9375,77924.46484375
1136.5790371894836,2,4701.2,23085.6015625,77924.46484375
1137.6035430431366,2,4650.2,28874.0390625,77924.46484375
1138.623550415039,2,4510.8,23771.078125,77980.46484375
1139.6455526351929,2,4289.5,23202.53125,77980.46484375
1140.6765367984772,2,4224.5,24792.09375,77980.46484375
1141.6943907737732,2,4481.8,25014.91796875,77980.46484375
1142.7138283252716,2,3879.2,25405.328125,77980.46484375
1143.7215464115143,2,3291.7,25728.84765625,77980.46484375
1144.7425575256348,2,4535.6,25638.09765625,77980.46484375
1145.7554728984833,2,3401.1,26071.6484375,77980.46484375
1146.7635409832,2,3782.9,27457.51953125,77980.46484375
1147.781368970871,2,2231.5,28323.390625,77980.46484375
1148.791076183319,2,1724.2,28311.8515625,77980.46484375
1149.7989523410797,2,2076.8,28315.34375,77980.46484375
1150.8065445423126,2,1956.9,29033.62109375,77980.46484375
1151.8175415992737,2,4674.9,28904.32421875,77980.46484375
1152.8344931602478,2,1208.0,29407.671875,77980.46484375
1153.8418018817902,2,956.9,29792.328125,77980.46484375
1154.8503403663635,2,894.3,8550.2890625,77980.46484375
1155.8585786819458,2,2656.2,10387.17578125,77980.46484375
1156.8715436458588,2,4268.1,12113.3671875,77980.46484375
1157.8937578201294,2,4677.6,16744.46875,77980.46484375
1158.9075410366058,2,4231.1,15316.76953125,77980.46484375
1159.9265627861023,2,3625.2,15563.00390625,77980.46484375
1160.9523255825043,2,3234.3,15787.8671875,77980.46484375
1161.9635372161865,2,3537.8,16919.296875,77980.46484375
1162.974728345871,2,1636.2,16891.234375,77980.46484375
1163.9855399131775,2,2851.9,17052.22265625,77980.46484375
1164.9964044094086,2,1993.2,17307.63671875,77980.46484375
1166.0041236877441,2,854.5,8464.70703125,77980.46484375
1167.0118730068207,2,2115.8,9660.89453125,77980.46484375
1168.0205397605896,2,4059.3,11616.26953125,77980.46484375
1169.038547039032,2,4636.1,15830.36328125,77980.46484375
1170.0581078529358,2,4410.6,14969.84375,77980.46484375
1171.0685482025146,2,4025.1,15434.78515625,77980.46484375
1172.089271068573,2,3033.9,15596.1796875,77980.46484375
1173.1129870414734,2,3763.9,16449.24609375,77980.46484375
1174.1206469535828,2,1596.8,16797.609375,77980.46484375
1175.1289937496185,2,2011.1,16749.5703125,77980.46484375
1176.138979434967,2,3230.7,17062.39453125,77980.46484375
1177.1469933986664,2,580.9,7810.41015625,77980.46484375
1178.155689716339,2,1018.0,9429.265625,77980.46484375
1179.1655402183533,2,3152.6,9695.94140625,77980.46484375
1180.222550868988,2,2420.3,14097.63671875,77980.46484375
1181.2425382137299,2,4211.2,15835.3046875,77980.46484375
1182.2602994441986,2,4483.3,16757.015625,77980.46484375
1183.2855424880981,2,4636.3,21317.9765625,77980.46484375
1184.3097364902496,2,4663.5,26668.1640625,77980.46484375
1185.3365545272827,2,4661.0,26931.96484375,77980.46484375
1186.3569939136505,2,4301.7,23126.78125,77980.46484375
1187.390538930893,2,4283.2,24719.0234375,77980.46484375
1188.408539533615,2,4475.1,24927.62109375,77980.46484375
1189.426632642746,2,4220.3,25247.09765625,77980.46484375
1190.4349598884583,2,3248.9,25682.7265625,77980.46484375
1191.4425566196442,2,4364.5,25848.11328125,77980.46484375
1192.4675378799438,2,3483.0,25994.359375,77980.46484375
1193.47754073143,2,4223.5,27353.38671875,77980.46484375
1194.495539188385,2,2092.8,28254.484375,77980.46484375
1195.5017664432526,2,1678.3,28232.41015625,77980.46484375
1196.5118327140808,2,2034.0,28262.43359375,77980.46484375
1197.5200805664062,2,1860.8,28396.390625,77980.46484375
1198.5355439186096,2,4524.5,28636.1640625,77980.46484375
1199.552235841751,2,1517.9,29256.07421875,77980.46484375
1200.5600640773773,2,828.6,29605.13671875,77980.46484375
1201.567730665207,2,715.8,8698.3046875,77980.46484375
1202.5755369663239,2,2191.2,9498.26953125,77980.46484375
1203.6255507469177,2,2862.5,13129.3984375,77980.46484375
1204.6425414085388,2,4371.7,14323.515625,77980.46484375
1205.6615455150604,2,4575.7,17605.09765625,77980.46484375
1206.6845390796661,2,4661.6,22734.4375,77980.46484375
1207.7095441818237,2,4324.4,17315.94921875,77980.46484375
1208.726538181305,2,4429.4,20248.53125,77980.46484375
1209.7445466518402,2,4500.8,20410.12890625,77980.46484375
1210.7645571231842,2,3605.0,20648.92578125,77980.46484375
1211.7895679473877,2,3435.1,20964.171875,77980.46484375
1212.803538799286,2,4103.4,21589.296875,77980.46484375
1213.8217241764069,2,2323.4,22199.1484375,77980.46484375
1214.8299622535706,2,1893.1,22023.859375,77980.46484375
1215.8420796394348,2,1545.6,22217.79296875,77980.46484375
1216.856526374817,2,4574.9,22203.3984375,77980.46484375
1217.870388507843,2,1114.1,22586.6875,77980.46484375
1218.8788149356842,2,536.3,8982.640625,77980.46484375
1219.885793209076,2,757.5,9837.06640625,77980.46484375
1220.8931150436401,2,4052.9,10216.25,77980.46484375
1221.9015476703644,2,2489.4,14073.69921875,77980.46484375
1222.9135434627533,2,4250.0,16315.8828125,77980.46484375
1223.9215443134308,2,4437.3,16635.31640625,77980.46484375
1224.9415504932404,2,4601.0,21714.41015625,77980.46484375
1225.9657671451569,2,4671.3,26757.00390625,77980.46484375
1226.9895436763763,2,4698.1,32004.71875,90268.46484375
1228.0095567703247,2,4306.4,21261.28125,90268.46484375
1229.0345785617828,2,4357.4,25412.84375,90268.46484375
1230.0435421466827,2,4551.2,25527.03515625,90268.46484375
1231.0625455379486,2,4313.1,25955.67578125,90268.46484375
1232.0815596580505,2,2912.3,26247.5,90268.46484375
1233.107698917389,2,3684.6,26579.69140625,90268.46484375
1234.1324472427368,2,3998.1,26597.77734375,90268.46484375
1235.1575374603271,2,4082.4,27102.35546875,90268.46484375
1236.1715378761292,2,3519.9,28703.26953125,90268.46484375
1237.1894035339355,2,1784.6,29010.9921875,90268.46484375
1238.1973068714142,2,1565.9,29042.01171875,90268.46484375
1239.2056674957275,2,1973.7,28924.55859375,90268.46484375
1240.2124223709106,2,1897.4,29186.77734375,90268.46484375
1241.2200949192047,2,4570.4,29475.90625,90268.46484375
1242.2304718494415,2,1834.3,29987.69921875,90268.46484375
1243.238899230957,2,762.2,30304.20703125,90268.46484375
1244.2464137077332,2,579.9,8615.671875,90268.46484375
1245.253472328186,2,912.1,9583.71875,90268.46484375
1246.2621841430664,2,3666.5,10346.578125,90268.46484375
1247.2715394496918,2,2836.5,14437.06640625,90268.46484375
1248.2915377616882,2,4222.9,16051.55859375,90268.46484375
1249.3094336986542,2,4473.9,17479.19140625,90268.46484375
1250.334542274475,2,4690.6,22498.1171875,90268.46484375
1251.354543209076,2,4670.7,27408.8203125,90268.46484375
1252.374419927597,2,4639.7,25902.4921875,90268.46484375
1253.3995501995087,2,4334.3,23140.7578125,90268.46484375
1254.427536725998,2,4279.8,24804.1953125,90268.46484375
1255.4455409049988,2,4466.3,25038.609375,90268.46484375
1256.4634976387024,2,3986.0,25297.80859375,90268.46484375
1257.4716980457306,2,3107.8,25676.2421875,90268.46484375
1258.4795532226562,2,4636.0,25895.0546875,90268.46484375
1259.5052359104156,2,3351.7,26100.6015625,90268.46484375
1260.5150377750397,2,4196.9,27467.8515625,90268.46484375
1261.5329341888428,2,2069.0,28352.859375,90268.46484375
1262.5395641326904,2,1623.6,28330.54296875,90268.46484375
1263.549908399582,2,1975.3,28359.61328125,90268.46484375
1264.5601902008057,2,1328.1,28532.66015625,90268.46484375
1265.5699594020844,2,4449.3,28796.546875,90268.46484375
1266.587950706482,2,2335.3,29381.18359375,90268.46484375
1267.5955374240875,2,722.4,29692.8671875,90268.46484375
1268.603704214096,2,531.9,8409.9296875,90268.46484375
1269.610886335373,2,886.0,9555.828125,90268.46484375
1270.6176912784576,2,3699.3,9912.953125,90268.46484375
1271.6265606880188,2,2537.7,14403.41015625,90268.46484375
1272.6455373764038,2,4218.3,16002.94921875,90268.46484375
1273.6635482311249,2,4481.4,17066.4296875,90268.46484375
1274.6911306381226,2,4661.7,21728.37109375,90268.46484375
1275.7151193618774,2,4667.5,26937.6328125,90268.46484375
1276.7411925792694,2,4656.6,26990.07421875,90268.46484375
1277.7565550804138,2,4315.1,23189.80078125,90268.46484375
1278.7765402793884,2,4265.9,24861.79296875,90268.46484375
1279.799643754959,2,4489.1,25079.20703125,90268.46484375
1280.8168032169342,2,4246.3,25350.6328125,90268.46484375
1281.8298270702362,2,3248.2,25733.046875,90268.46484375
1282.8365540504456,2,4098.9,25970.40625,90268.46484375
1283.8641381263733,2,3368.7,26034.40625,90268.46484375
1284.8745391368866,2,4308.5,27382.8359375,90268.46484375
1285.892431974411,2,2396.5,28395.00390625,90268.46484375
1286.901067018509,2,1638.6,28434.65625,90268.46484375
1287.9091050624847,2,2069.5,28349.60546875,90268.46484375
1288.919543504715,2,1538.2,28509.3046875,90268.46484375
1289.9492387771606,2,4448.1,28860.77734375,90268.46484375
1290.9599816799164,2,2157.3,29364.21875,90268.46484375
1291.9670839309692,2,733.3,29690.30859375,90268.46484375
1292.974895477295,2,593.7,8431.734375,90268.46484375
1293.9821858406067,2,863.7,9371.62109375,90268.46484375
1294.989511013031,2,3320.9,11101.06640625,90268.46484375
1295.997545003891,2,3577.1,14763.00390625,90268.46484375
1297.0201315879822,2,4233.3,15887.28515625,90268.46484375
1298.0385446548462,2,4476.4,18420.1015625,90268.46484375
1299.066091299057,2,4671.3,22831.19140625,90268.46484375
1300.0891003608704,2,4670.2,28062.703125,90268.46484375
1301.1151967048645,2,4644.5,21304.6484375,90268.46484375
1302.1296067237854,2,4391.5,23226.05078125,90268.46484375
1303.1505382061005,2,4271.5,24874.5546875,90268.46484375
1304.1706812381744,2,4434.1,25172.44140625,90268.46484375
1305.1770792007446,2,3818.8,25470.80078125,90268.46484375
1306.199548959732,2,3420.5,25835.29296875,90268.46484375
1307.22407412529,2,4229.6,25792.9296875,90268.46484375
1308.2315406799316,2,3780.6,26223.56640625,90268.46484375
1309.2495396137238,2,4079.0,27521.890625,90268.46484375
1310.2587933540344,2,1682.2,28517.66015625,90268.46484375
1311.267377614975,2,1771.3,28361.78125,90268.46484375
1312.2756886482239,2,1982.9,28220.2421875,90268.46484375
1313.2865381240845,2,2164.2,28963.65234375,90268.46484375
1314.3078157901764,2,4647.6,28766.23046875,90268.46484375
1315.3189039230347,2,1082.3,29339.15625,90268.46484375
1316.3375804424286,2,838.3,8177.3671875,90268.46484375
1317.3454139232635,2,512.5,9078.50390625,90268.46484375
1318.3522262573242,2,737.7,10051.5546875,90268.46484375
1319.361540555954,2,3918.3,10166.43359375,90268.46484375
1320.4158194065094,2,2287.0,14275.7734375,90268.46484375
1321.4325399398804,2,4346.0,16573.7734375,90268.46484375
1322.4506232738495,2,4349.8,17042.09375,90268.46484375
1323.4695482254028,2,4602.1,20988.55859375,90268.46484375
1324.4949054718018,2,4667.4,25640.95703125,90268.46484375
1325.518550157547,2,4664.2,30906.2578125,90268.46484375
1326.5447010993958,2,4352.6,20679.41015625,90268.46484375
1327.557544708252,2,4571.2,24579.984375,90268.46484375
1328.570771932602,2,4327.5,26155.5390625,90268.46484375
1329.5899286270142,2,4436.6,26415.38671875,90268.46484375
1330.5970270633698,2,3622.2,26762.75,90268.46484375
1331.6071083545685,2,3206.3,26908.75,90268.46484375
1332.615552186966,2,3882.2,27255.75,90268.46484375
1333.6400587558746,2,3386.1,27329.88671875,90268.46484375
1334.665539264679,2,4364.6,28535.31640625,90268.46484375
1335.683879852295,2,3147.9,29738.50390625,90268.46484375
1336.695918560028,2,1416.2,29747.875,90268.46484375
1337.7035415172577,2,1758.3,29544.99609375,90268.46484375
1338.7175302505493,2,1684.7,29496.58203125,90268.46484375
1339.725537776947,2,2158.5,30229.66015625,90268.46484375
1340.744538784027,2,4668.8,30207.30859375,90268.46484375
1341.7625985145569,2,1642.1,30554.453125,90268.46484375
1342.7715537548065,2,827.2,30913.828125,90268.46484375
1343.7822668552399,2,883.6,8495.41015625,90268.46484375
1344.7906839847565,2,2395.0,9858.2734375,90268.46484375
1345.804536819458,2,4333.0,11442.19921875,90268.46484375
1346.8155543804169,2,4631.7,16623.49609375,90268.46484375
1347.8355386257172,2,4255.8,15031.9453125,90268.46484375
1348.8537368774414,2,3764.5,15277.48828125,90268.46484375
1349.8789958953857,2,3559.0,15538.17578125,90268.46484375
1350.8895387649536,2,3122.1,16591.79296875,90268.46484375
1351.8958342075348,2,1728.1,16601.85546875,90268.46484375
1352.904543876648,2,3416.9,16760.3828125,90268.46484375
1353.914537191391,2,1181.8,17132.27734375,90268.46484375
1354.9213690757751,2,940.0,8763.46484375,90268.46484375
1355.9315466880798,2,2717.9,10478.25390625,90268.46484375
1356.9505414962769,2,4329.0,12298.1640625,90268.46484375
1357.9695494174957,2,4654.6,16261.25390625,90268.46484375
1358.985541343689,2,4242.2,14920.04296875,90268.46484375
1360.003693819046,2,3626.5,15150.69921875,90268.46484375
1361.0125370025635,2,3543.1,15422.140625,90268.46484375
1362.0230708122253,2,2923.5,16483.40234375,90268.46484375
1363.0305771827698,2,1791.8,16319.6953125,90268.46484375
1364.0405435562134,2,3585.0,16508.62109375,90268.46484375
1365.051501750946,2,1012.1,15209.76171875,90268.46484375
1366.0581645965576,2,503.4,9035.00390625,90268.46484375
1367.065325498581,2,805.0,9995.98828125,90268.46484375
1368.0735402107239,2,3947.8,10102.69140625,90268.46484375
1369.1325693130493,2,2122.0,14208.6328125,90268.46484375
1370.14981508255,2,4283.9,16508.40625,90268.46484375
1371.1685376167297,2,4356.9,16983.140625,90268.46484375
1372.1875491142273,2,4579.8,21058.953125,90268.46484375
1373.2119822502136,2,4657.3,25984.9921875,90268.46484375
1374.2355434894562,2,4645.0,31212.36328125,90268.46484375
1375.257539987564,2,4449.8,20860.74609375,90268.46484375
1376.2689230442047,2,4589.1,24696.55859375,90268.46484375
1377.2835450172424,2,4272.6,26238.6484375,90268.46484375
1378.3025436401367,2,4431.8,26452.20703125,90268.46484375
1379.319785118103,2,3620.5,26829.22265625,90268.46484375
1380.325689792633,2,3259.3,27030.10546875,90268.46484375
1381.332557439804,2,4130.1,27190.390625,90268.46484375
1382.3561427593231,2,3235.4,27098.23046875,90268.46484375
1383.363669872284,2,4356.7,28535.515625,90268.46484375
1384.3714578151703,2,3130.5,29613.234375,90268.46484375
1385.3805394172668,2,1493.6,29634.90234375,90268.46484375
1386.396042585373,2,1680.0,29563.546875,90268.46484375
1387.4036619663239,2,1696.3,29563.8359375,90268.46484375
1388.411539554596,2,2277.3,30163.28125,90268.46484375
1389.4305410385132,2,4643.5,29939.55078125,90268.46484375
1390.4401330947876,2,1561.0,30541.91015625,90268.46484375
1391.450535774231,2,836.6,30901.83984375,90268.46484375
1392.4571697711945,2,529.3,8624.4765625,90268.46484375
1393.4640979766846,2,810.2,9611.6875,90268.46484375
1394.4725921154022,2,3898.5,9990.46875,90268.46484375
1395.4805493354797,2,2603.9,14397.578125,90268.46484375
1396.5155386924744,2,4151.6,16045.046875,90268.46484375
1397.5332715511322,2,4477.5,16842.765625,90268.46484375
1398.557543039322,2,4664.7,21756.16796875,90268.46484375
1399.5785431861877,2,4673.3,26618.35546875,90268.46484375
1400.6027958393097,2,4659.2,27714.328125,90268.46484375
1401.615550994873,2,4344.9,23221.51171875,90268.46484375
1402.6425404548645,2,4290.1,24891.71875,90268.46484375
1403.661540031433,2,4467.5,25092.640625,90268.46484375
1404.6799004077911,2,4265.4,25395.60546875,90268.46484375
1405.6936638355255,2,3231.8,25560.171875,90268.46484375
1406.7012407779694,2,3860.7,25948.171875,90268.46484375
1407.7255487442017,2,3342.5,25906.71875,90268.46484375
1408.7365410327911,2,4257.3,27333.75390625,90268.46484375
1409.7546977996826,2,2611.5,28362.13671875,90268.46484375
1410.7619767189026,2,1652.7,28290.1328125,90268.46484375
1411.7737219333649,2,1824.9,28362.51171875,90268.46484375
1412.7819113731384,2,1295.5,28253.9140625,90268.46484375
1413.7885403633118,2,4011.1,28831.4375,90268.46484375
1414.805329322815,2,3049.7,29320.17578125,90268.46484375
1415.8138058185577,2,726.3,29596.328125,90268.46484375
1416.8217115402222,2,449.2,8042.55859375,90268.46484375
1417.830286026001,2,897.5,9999.70703125,90268.46484375
1418.840538263321,2,2050.1,10122.58984375,90268.46484375
1419.879332780838,2,2571.8,12702.3671875,90268.46484375
1420.8875453472137,2,4303.6,15687.1484375,90268.46484375
1421.9065389633179,2,4206.6,16768.15234375,90268.46484375
1422.9245491027832,2,4435.4,18497.10546875,90268.46484375
1423.9496502876282,2,4660.1,23039.58203125,90268.46484375
1424.9738154411316,2,4665.3,28435.28515625,90268.46484375
1425.9978272914886,2,4647.7,27703.3515625,90268.46484375
1427.0091652870178,2,4353.9,23421.23046875,90268.46484375
1428.0365414619446,2,4221.2,26108.52734375,90268.46484375
1429.0555429458618,2,4446.4,26265.7265625,90268.46484375
1430.0736944675446,2,4490.5,26419.2578125,90268.46484375
1431.0935583114624,2,2874.4,26710.15625,90268.46484375
1432.1195595264435,2,3498.8,27009.64453125,90268.46484375
1433.136543750763,2,3834.4,27083.609375,90268.46484375
1434.1625490188599,2,4093.6,27672.72265625,90268.46484375
1435.1729319095612,2,3756.7,28899.69140625,90268.46484375
1436.1810233592987,2,1696.8,29695.25,90268.46484375
1437.188836812973,2,1596.6,29558.91015625,90268.46484375
1438.1972091197968,2,2059.7,29450.9921875,90268.46484375
1439.205085515976,2,1104.5,29441.63671875,90268.46484375
1440.2125451564789,2,4265.6,30009.0078125,90268.46484375
1441.2313210964203,2,3450.6,30451.72265625,90268.46484375
1442.2388410568237,2,564.5,30687.39453125,90268.46484375
1443.246813774109,2,590.5,7681.7265625,90268.46484375
1444.2543971538544,2,908.1,9586.00390625,90268.46484375
1445.2621002197266,2,2402.2,9791.68359375,90268.46484375
1446.3206899166107,2,2431.0,12746.8203125,90268.46484375
1447.3315403461456,2,4295.5,15770.06640625,90268.46484375
1448.3505423069,2,4391.7,16235.15625,90268.46484375
1449.3695466518402,2,4611.6,20275.890625,90268.46484375
1450.3894877433777,2,4671.1,24721.96875,90268.46484375
1451.4135484695435,2,4674.3,30551.984375,90268.46484375
1452.4335482120514,2,4257.7,20481.28515625,90268.46484375
1453.4555532932281,2,4623.4,24304.4609375,90268.46484375
1454.4733591079712,2,4312.1,24786.953125,90268.46484375
1455.4967331886292,2,4302.3,25220.7734375,90268.46484375
1456.506560087204,2,3351.5,25476.0234375,90268.46484375
1457.5325572490692,2,3707.1,25869.87890625,90268.46484375
1458.557094335556,2,3939.1,25786.18359375,90268.46484375
1459.5655448436737,2,4169.6,26537.27734375,90268.46484375
1460.5805411338806,2,3255.0,28178.0234375,90268.46484375
1461.587336063385,2,1609.0,28392.87890625,90268.46484375
1462.5965361595154,2,1840.5,28497.51953125,90268.46484375
1463.6125540733337,2,1636.6,28265.76953125,90268.46484375
1464.621201992035,2,3492.2,28948.59765625,90268.46484375
1465.6405992507935,2,3753.6,29237.40234375,90268.46484375
1466.6479239463806,2,572.2,29506.65234375,90268.46484375
1467.656313419342,2,603.8,9537.05078125,92316.48046875
1468.6632044315338,2,915.4,9459.5625,90268.46484375
1469.6725392341614,2,2529.1,9697.83203125,90268.46484375
1470.720562696457,2,2470.7,13449.8125,90268.46484375
1471.7445375919342,2,4345.6,15669.29296875,90268.46484375
1472.7635462284088,2,4347.7,16138.51953125,90268.46484375
1473.7857241630554,2,4604.4,20368.7421875,90268.46484375
1474.809544801712,2,4672.2,25470.64453125,90268.46484375
1475.8345458507538,2,4672.2,30750.50390625,90268.46484375
1476.8545453548431,2,4319.9,20528.75390625,90268.46484375
1477.879154920578,2,4283.2,24799.3046875,90268.46484375
1478.8870797157288,2,4636.2,24827.3515625,90268.46484375
1479.9065432548523,2,4302.0,25233.84375,90268.46484375
1480.9255602359772,2,3545.7,25451.90625,90268.46484375
1481.951551914215,2,3671.9,25882.29296875,90268.46484375
1482.9761459827423,2,3671.1,25791.171875,90268.46484375
1483.9825420379639,2,4165.7,27027.3828125,90268.46484375
1485.0039529800415,2,3126.0,28259.58203125,90268.46484375
1486.0130875110626,2,1571.6,28213.94140625,90268.46484375
1487.0236008167267,2,1884.5,28259.7890625,90268.46484375
1488.031242609024,2,1355.0,28248.0390625,90268.46484375
1489.039542913437,2,3810.5,28688.37890625,90268.46484375
1490.0564279556274,2,3343.0,29269.9453125,90268.46484375
1491.0643441677094,2,562.1,29456.71875,90268.46484375
1492.0730383396149,2,589.6,7814.890625,90268.46484375
1493.08047413826,2,979.0,9282.44921875,90268.46484375
1494.0885446071625,2,3408.4,9592.63671875,90268.46484375
1495.1035470962524,2,2730.2,13557.85546875,90268.46484375
1496.1195394992828,2,4313.3,14659.64453125,90268.46484375
1497.137549161911,2,4623.9,17857.484375,90268.46484375
1498.1642603874207,2,4663.9,22653.2578125,90268.46484375
1499.187574148178,2,4459.5,17103.9921875,90268.46484375
1500.2035405635834,2,4406.6,20488.35546875,90268.46484375
1501.2214903831482,2,4472.4,20678.4921875,90268.46484375
1502.2405581474304,2,3373.2,20909.4375,90268.46484375
1503.263415336609,2,3646.3,21006.8203125,90268.46484375
1504.2715361118317,2,3416.9,21447.83203125,90268.46484375
1505.2853689193726,2,3872.8,22640.75390625,90268.46484375
1506.2922983169556,2,1547.6,22616.21875,90268.46484375
1507.2985394001007,2,1885.7,22502.2890625,90268.46484375
1508.311542749405,2,1982.2,22859.67578125,90268.46484375
1509.3218743801117,2,4461.4,22945.98828125,90268.46484375
1510.329835176468,2,667.1,7914.94140625,92316.48046875
1511.3385951519012,2,625.8,9125.92578125,90268.46484375
1512.3453767299652,2,1271.6,9788.41796875,90268.46484375
1513.3949782848358,2,3160.8,11626.2265625,90268.46484375
1514.4035453796387,2,3866.6,14884.95703125,90268.46484375
1515.4225413799286,2,4205.0,16006.30078125,90268.46484375
1516.4406933784485,2,4486.5,18003.0703125,90268.46484375
1517.465180158615,2,4666.4,22690.65625,90268.46484375
1518.4890625476837,2,4638.3,28379.40625,90268.46484375
1519.5125560760498,2,4593.6,22699.4375,90268.46484375
1520.529329776764,2,4469.5,23227.4140625,90268.46484375
1521.5485410690308,2,4290.8,24887.28515625,90268.46484375
1522.5666770935059,2,4266.3,25066.42578125,90268.46484375
1523.5846676826477,2,3798.7,25399.90234375,90268.46484375
1524.5917327404022,2,2889.9,25775.09375,90268.46484375
1525.5995519161224,2,4697.8,25942.359375,90268.46484375
1526.6230869293213,2,3438.6,26131.44140625,90268.46484375
1527.6335382461548,2,4237.3,27428.671875,90268.46484375
1528.6515808105469,2,2091.0,28285.07421875,90268.46484375
1529.6625440120697,2,1615.8,28261.71875,90268.46484375
1530.6695544719696,2,2071.4,28241.60546875,90268.46484375
1531.6775612831116,2,1897.5,28937.9140625,90268.46484375
1532.6975383758545,2,4670.9,28777.58984375,90268.46484375
1533.7106623649597,2,1304.1,29313.48828125,90268.46484375
1534.718023777008,2,865.4,29686.81640625,90268.46484375
1535.7245407104492,2,579.9,8752.7109375,90268.46484375
1536.7316846847534,2,795.4,9717.7109375,90268.46484375
1537.743836402893,2,3569.6,11031.484375,90268.46484375
1538.7525610923767,2,3465.4,14397.1640625,90268.46484375
1539.764169216156,2,4222.7,15924.08984375,90268.46484375
1540.782548904419,2,4469.8,18336.6796875,90268.46484375
1541.8075454235077,2,4661.6,22561.72265625,90268.46484375
1542.831681728363,2,4665.1,28449.1953125,90268.46484375
1543.8556671142578,2,4639.9,22365.0390625,90268.46484375
1544.8759393692017,2,4292.8,23134.859375,90268.46484375
1545.899540901184,2,4296.5,24783.078125,90268.46484375
1546.9185395240784,2,4483.6,24991.96875,90268.46484375
1547.9363973140717,2,3668.4,25377.3203125,90268.46484375
1548.9465446472168,2,3293.3,25754.36328125,90268.46484375
1549.9665496349335,2,4514.2,25609.87109375,90268.46484375
1550.9835379123688,2,3514.8,26101.75,90268.46484375
1551.9952981472015,2,4173.7,27397.765625,90268.46484375
1553.0133740901947,2,1856.4,28335.71484375,90268.46484375
1554.0225431919098,2,1689.3,28188.8984375,90268.46484375
1555.0315051078796,2,1974.1,28197.16796875,90268.46484375
1556.0395467281342,2,1913.3,28877.81640625,90268.46484375
1557.0594463348389,2,4672.3,28751.46484375,90268.46484375
1558.075343132019,2,1233.9,29255.04296875,90268.46484375
1559.0834703445435,2,898.8,29630.2578125,90268.46484375
1560.091509103775,2,527.4,8787.45703125,90268.46484375
1561.0984020233154,2,769.3,9726.77734375,90268.46484375
1562.1058466434479,2,4049.5,9998.01953125,90268.46484375
1563.1145467758179,2,2428.7,13832.421875,90268.46484375
1564.1345369815826,2,4349.6,16062.47265625,90268.46484375
1565.1525423526764,2,4371.1,16534.16796875,90268.46484375
1566.173549413681,2,4610.3,21292.3125,90268.46484375
1567.1933526992798,2,4671.3,26406.859375,90268.46484375
1568.2175455093384,2,4667.9,30857.6171875,90268.46484375
1569.2415516376495,2,4334.8,21122.32421875,90268.46484375
1570.264251947403,2,4202.8,25461.57421875,90268.46484375
1571.275540113449,2,4691.6,25378.984375,90268.46484375
1572.2945518493652,2,4279.2,25779.37890625,90268.46484375
1573.3145587444305,2,3097.4,26073.96875,90268.46484375
1574.3405475616455,2,3674.7,26333.8125,90268.46484375
1575.3655495643616,2,3950.3,26430.4921875,90268.46484375
1576.3885385990143,2,4124.2,27052.6875,90268.46484375
1577.399075269699,2,3418.4,28648.21484375,90268.46484375
1578.4109449386597,2,1617.4,29009.73046875,90268.46484375
1579.4191989898682,2,1631.0,29034.734375,90268.46484375
1580.427887916565,2,2008.4,28753.1796875,90268.46484375
1581.435539484024,2,2313.4,29170.3203125,90268.46484375
1582.4497294425964,2,4624.0,29347.04296875,90268.46484375
1583.4600944519043,2,1221.5,29829.39453125,90268.46484375
1584.4677412509918,2,920.3,30201.9140625,90268.46484375
1585.4762346744537,2,735.4,8690.26953125,90268.46484375
1586.4823763370514,2,2657.0,8882.75390625,90268.46484375
1587.5255415439606,2,3229.1,12159.07421875,90268.46484375
1588.5445494651794,2,4494.2,14750.64453125,90268.46484375
1589.564544916153,2,4662.9,20057.39453125,90268.46484375
1590.5845754146576,2,4417.1,16587.5703125,90268.46484375
1591.6005375385284,2,4316.8,17577.0703125,90268.46484375
1592.6214389801025,2,3376.3,17883.7265625,90268.46484375
1593.6451888084412,2,3382.9,18091.6796875,90268.46484375
1594.669065952301,2,4068.3,18946.08984375,90268.46484375
1595.6790857315063,2,1840.9,19336.9296875,90268.46484375
1596.688261270523,2,1781.8,19158.8828125,90268.46484375
1597.7005488872528,2,2900.5,19446.5703125,90268.46484375
1598.7195632457733,2,2513.6,19650.796875,90268.46484375
1599.7270941734314,2,593.8,8204.4453125,90268.46484375
1600.7345442771912,2,1278.4,9449.6640625,90268.46484375
1601.7859568595886,2,2834.7,11742.3515625,90268.46484375
1602.796539068222,2,4446.6,14025.87890625,90268.46484375
1603.817545890808,2,4472.3,16183.21875,90268.46484375
1604.8425455093384,2,4660.1,20722.65234375,90268.46484375
1605.866760969162,2,4593.2,16701.6796875,90268.46484375
1606.8805589675903,2,4222.8,19990.2890625,90268.46484375
1607.8905425071716,2,4462.0,20182.25390625,90268.46484375
1608.9085519313812,2,3482.2,20367.82421875,90268.46484375
1609.9344637393951,2,4073.9,20480.625,90268.46484375
1610.9435379505157,2,3691.6,20983.609375,90268.46484375
1611.954473733902,2,3159.4,22097.71875,90268.46484375
1612.9617590904236,2,1580.2,21938.6484375,90268.46484375
1613.973693370819,2,1727.9,21924.1875,90268.46484375
1614.9825394153595,2,3251.6,22037.2890625,90268.46484375
1616.00945687294,2,2753.6,22358.6484375,90268.46484375
1617.019736289978,2,484.5,7894.6796875,90268.46484375
1618.0269391536713,2,1008.7,8991.24609375,90268.46484375
1619.0342001914978,2,2770.8,11529.92578125,90268.46484375
1620.0485363006592,2,4472.0,13902.6328125,90268.46484375
1621.068544626236,2,4402.9,15741.5859375,90268.46484375
1622.093549489975,2,4660.2,20483.13671875,90268.46484375
1623.1179995536804,2,4611.7,16353.9140625,90268.46484375
1624.1275415420532,2,4276.2,19860.0078125,90268.46484375
1625.1465423107147,2,4523.7,19971.125,90268.46484375
1626.1655564308167,2,3411.9,20223.8046875,90268.46484375
1627.191549539566,2,3997.1,20260.78125,90268.46484375
1628.204541683197,2,3710.0,20839.31640625,90268.46484375
1629.2147538661957,2,2837.3,21685.0,90268.46484375
1630.222547531128,2,1657.4,21587.67578125,90268.46484375
1631.2303760051727,2,1624.6,21679.56640625,90268.46484375
1632.2392222881317,2,3995.7,21788.51953125,90268.46484375
1633.2494502067566,2,1882.0,22136.77734375,90268.46484375
1634.2556915283203,2,646.4,8339.703125,90268.46484375
1635.2628815174103,2,1717.9,9349.34375,90268.46484375
1636.2795836925507,2,2866.3,12491.078125,90268.46484375
1637.2945487499237,2,4413.8,14002.3046875,90268.46484375
1638.3135483264923,2,4554.7,16759.29296875,90268.46484375
1639.332545042038,2,4661.7,21611.109375,90268.46484375
1640.356743812561,2,4496.2,16910.0234375,90268.46484375
1641.372538805008,2,4428.0,19725.56640625,90268.46484375
1642.390455007553,2,4503.2,19933.84765625,90268.46484375
1643.4095494747162,2,3426.6,20158.8671875,90268.46484375
1644.4365513324738,2,3464.6,20460.4140625,90268.46484375
1645.4563236236572,2,4153.7,21233.65625,90268.46484375
1646.4645397663116,2,2192.5,21683.0,90268.46484375
1647.4780368804932,2,1773.4,21685.79296875,90268.46484375
1648.486540555954,2,1855.7,21709.08203125,90268.46484375
1649.4953167438507,2,4509.5,21908.421875,90268.46484375
1650.5052983760834,2,725.2,7850.34765625,92316.48046875
1651.513254404068,2,865.5,8918.08984375,90268.46484375
1652.5215377807617,2,2744.0,9344.9765625,90268.46484375
1653.5793206691742,2,2862.5,13186.12109375,90268.46484375
1654.5955381393433,2,4358.7,14199.19140625,90268.46484375
1655.613740682602,2,4610.3,18236.09375,90268.46484375
1656.6377484798431,2,4667.3,23468.74609375,90268.46484375
1657.6575508117676,2,4400.0,17752.02734375,90268.46484375
1658.66943359375,2,4463.2,20142.32421875,90268.46484375
1659.6926345825195,2,4267.9,20436.3515625,90268.46484375
1660.7002789974213,2,3235.1,20637.44921875,90268.46484375
1661.710738658905,2,3787.8,20773.265625,90268.46484375
1662.7200486660004,2,4142.4,21692.48828125,90268.46484375
1663.7385399341583,2,1998.1,22233.203125,90268.46484375
1664.75452709198,2,1876.2,22042.54296875,90268.46484375
1665.7613003253937,2,1790.3,22164.19921875,90268.46484375
1666.7679634094238,2,4551.3,22223.43359375,90268.46484375
1667.7803280353546,2,814.4,7691.828125,92316.48046875
1668.7883367538452,2,908.3,8665.640625,90268.46484375
1669.7964656352997,2,2467.1,10270.109375,90268.46484375
1670.8085396289825,2,4348.6,12092.40234375,90268.46484375
1671.8265461921692,2,4597.2,16074.23046875,90268.46484375
1672.8535504341125,2,4605.4,16372.53125,90268.46484375
1673.874540567398,2,4234.7,17221.71484375,90268.46484375
1674.8925395011902,2,4492.2,17450.50390625,90268.46484375
1675.9105689525604,2,3176.9,17825.75,90268.46484375
1676.9355382919312,2,3922.0,18111.4296875,90268.46484375
1677.94575715065,2,2936.2,19165.30859375,90268.46484375
1678.9545402526855,2,1646.0,19133.7265625,90268.46484375
1679.9705424308777,2,1879.4,19058.30859375,90268.46484375
1680.9869468212128,2,4028.4,19334.2890625,90268.46484375
1681.994633436203,2,642.8,8643.23828125,92316.48046875
1683.0026338100433,2,959.5,8738.61328125,90268.46484375
1684.0094509124756,2,2899.6,10521.53515625,90268.46484375
1685.0225384235382,2,4323.9,12296.86328125,90268.46484375
1686.0405435562134,2,4610.5,16458.30078125,90268.46484375
1687.065550327301,2,4635.7,15555.7890625,90268.46484375
1688.0775408744812,2,4260.0,17236.484375,90268.46484375
1689.095547914505,2,4462.5,17439.62109375,90268.46484375
1690.1146800518036,2,3113.8,17796.49609375,90268.46484375
1691.1395382881165,2,3915.6,18059.9375,90268.46484375
1692.1494550704956,2,3128.7,19132.2109375,90268.46484375
1693.1577200889587,2,1564.8,18964.5703125,90268.46484375
1694.1689207553864,2,1577.0,18958.984375,90268.46484375
1695.1755430698395,2,4475.2,19193.359375,90268.46484375
1696.1886970996857,2,780.0,7786.8125,92316.48046875
1697.2004618644714,2,925.7,8493.45703125,90268.46484375
1698.2104427814484,2,3025.6,10551.66796875,90268.46484375
1699.2225482463837,2,4324.8,12396.33203125,90268.46484375
1700.246773481369,2,4654.0,15884.50390625,90268.46484375
1701.26353931427,2,4260.7,15098.34375,90268.46484375
1702.2815523147583,2,3598.0,15352.8359375,90268.46484375
1703.3075377941132,2,3448.5,15572.8671875,90268.46484375
1704.3173525333405,2,3257.8,16696.21875,90268.46484375
1705.325543165207,2,1720.4,16572.65625,90268.46484375
1706.3349418640137,2,2908.2,16763.33203125,90268.46484375
1707.347267150879,2,1918.5,17120.11328125,90268.46484375
1708.3561012744904,2,1249.0,8165.31640625,90268.46484375
1709.3645417690277,2,2754.3,8660.80859375,90268.46484375
1710.4025394916534,2,3062.4,13013.453125,90268.46484375
1711.42054271698,2,4460.9,13861.21484375,90268.46484375
1712.4405505657196,2,4545.8,13774.640625,90268.46484375
1713.4531359672546,2,4272.4,16366.59765625,90268.46484375
1714.4615581035614,2,3545.9,16539.203125,90268.46484375
1715.4861948490143,2,3453.3,16751.078125,90268.46484375
1716.5014696121216,2,3571.8,17864.2734375,90716.46484375
1717.5099103450775,2,3798.7,19039.05078125,90716.46484375
1718.520025730133,2,1621.8,19002.5390625,90716.46484375
1719.5274724960327,2,4056.7,19304.76171875,90716.46484375
1720.5375084877014,2,1974.2,19531.13671875,90716.46484375
1721.5459067821503,2,1290.3,8270.05859375,90716.46484375
1722.5545372962952,2,2766.8,8767.34765625,90716.46484375
1723.6115398406982,2,3588.8,13117.63671875,90716.46484375
1724.625550031662,2,4482.0,14594.8515625,90716.46484375
1725.6495478153229,2,4526.8,15052.94140625,90716.46484375
1726.6625497341156,2,4321.7,16522.37890625,90716.46484375
1727.6818149089813,2,3236.9,16754.76953125,90716.46484375
1728.6920433044434,2,3291.5,17050.453125,90716.46484375
1729.7055413722992,2,4480.5,18554.80859375,90716.46484375
1730.7236394882202,2,3096.0,19161.07421875,90716.46484375
1731.732012271881,2,1849.7,19180.86328125,90716.46484375
1732.7425425052643,2,4544.8,19235.37890625,90716.46484375
1733.7526595592499,2,1024.2,19627.90625,90716.46484375
1734.7612297534943,2,1780.8,8584.484375,90716.46484375
1735.7710015773773,2,2237.8,9847.796875,90716.46484375
1736.7825410366058,2,4394.0,13237.4140625,90716.46484375
1737.8005475997925,2,4548.0,15624.859375,90716.46484375
1738.8235394954681,2,4520.6,15903.12109375,90716.46484375
1739.8355433940887,2,3902.2,16675.05859375,90716.46484375
1740.852550983429,2,3521.8,16855.75390625,90716.46484375
1741.8762006759644,2,3530.4,17218.7734375,90716.46484375
1742.88654255867,2,4486.1,18702.34765625,90716.46484375
1743.9047451019287,2,2483.4,19129.09765625,90716.46484375
1744.9147036075592,2,2564.7,19347.50390625,90716.46484375
1745.9252395629883,2,3840.6,19512.23046875,90716.46484375
1746.9330081939697,2,644.8,9127.93359375,92764.48046875
1747.94104886055,2,2075.0,8755.99609375,90716.46484375
1748.948358297348,2,2977.5,11384.66796875,90716.46484375
1749.9605374336243,2,4340.4,13389.31640625,90716.46484375
1750.9795484542847,2,4613.8,16867.13671875,90716.46484375
1752.003966331482,2,4382.1,16388.9609375,90716.46484375
1753.0225558280945,2,3709.4,16741.0546875,90716.46484375
1754.0483803749084,2,3468.0,16929.57421875,90716.46484375
1755.058538198471,2,3881.9,17636.703125,90716.46484375
1756.069057226181,2,4425.7,18796.46875,90716.46484375
1757.0793151855469,2,1865.6,19174.44140625,90716.46484375
1758.086053609848,2,3043.3,19320.9609375,90716.46484375
1759.0965914726257,2,3141.3,19500.77734375,90716.46484375
1760.1048986911774,2,585.0,8015.921875,90716.46484375
1761.1134586334229,2,2146.3,8749.45703125,90716.46484375
1762.1217210292816,2,3720.5,12417.1015625,90716.46484375
1763.1425383090973,2,4378.4,13359.29296875,90716.46484375
1764.1635475158691,2,4608.3,16557.47265625,90716.46484375
1765.1845462322235,2,4271.4,16373.5546875,90716.46484375
1766.2085559368134,2,3619.0,16661.1953125,90716.46484375
1767.2421605587006,2,3313.0,16974.12109375,90716.46484375
1768.2662346363068,2,4093.4,17912.37109375,90716.46484375
1769.2765488624573,2,3880.9,19061.31640625,90716.46484375
1770.2840538024902,2,1602.0,19010.00390625,90716.46484375
1771.2918813228607,2,3972.5,19127.828125,90716.46484375
1772.3020153045654,2,2103.7,19486.859375,90716.46484375
1773.3095471858978,2,1226.9,8268.1796875,90716.46484375
1774.318543434143,2,2605.9,8773.69921875,90716.46484375
1775.3465383052826,2,3580.7,13158.09765625,90716.46484375
1776.36554479599,2,4479.6,14258.12890625,90716.46484375
1777.3872711658478,2,4547.5,14128.5703125,90716.46484375
1778.399537563324,2,4326.4,16636.6640625,90716.46484375
1779.417555809021,2,3568.5,16775.52734375,90716.46484375
1780.442368030548,2,3200.0,17064.62890625,90716.46484375
1781.4535403251648,2,4349.6,18303.375,90716.46484375
1782.46754860878,2,3469.8,19237.265625,90716.46484375
1783.47754073143,2,1495.5,19184.97265625,90716.46484375
1784.4845423698425,2,4309.1,19470.1015625,90716.46484375
1785.4991781711578,2,1785.0,19760.12109375,90716.46484375
1786.506844997406,2,1437.0,8466.3125,90716.46484375
1787.5155410766602,2,2710.8,8855.41015625,90716.46484375
1788.5335404872894,2,3577.3,13204.34375,90716.46484375
1789.5495510101318,2,4467.6,14478.95703125,90716.46484375
1790.5738129615784,2,4589.1,14871.6640625,90716.46484375
1791.5865416526794,2,4296.8,16563.6796875,90716.46484375
1792.6049280166626,2,3291.3,16748.19140625,90716.46484375
1793.612060546875,2,3232.1,16950.91796875,90716.46484375
1794.6245408058167,2,4420.0,18288.7109375,90716.46484375
1795.6358184814453,2,3231.4,19171.45703125,90716.46484375
1796.6423983573914,2,1542.5,19091.9609375,90716.46484375
1797.652539730072,2,4473.6,19271.98828125,90716.46484375
1798.6628561019897,2,1507.0,19656.23046875,90716.46484375
1799.6699750423431,2,1572.8,8452.06640625,90716.46484375
1800.6784975528717,2,2556.1,9186.53515625,90716.46484375
1801.6858024597168,2,3842.2,13288.25390625,90716.46484375
1802.7045505046844,2,4560.6,14963.015625,90716.46484375
1803.7285420894623,2,4540.4,15189.80859375,90716.46484375
1804.7435503005981,2,4264.0,16563.64453125,90716.46484375
1805.7545454502106,2,3290.1,16805.6328125,90716.46484375
1806.779553413391,2,3235.8,17038.05859375,90716.46484375
1807.7973458766937,2,4442.4,18566.78515625,90716.46484375
1808.8154146671295,2,3068.7,19088.359375,90716.46484375
1809.8235368728638,2,1910.8,19139.23828125,90716.46484375
1810.8385410308838,2,4550.0,19250.93359375,90716.46484375
1811.848793745041,2,1017.3,10553.30859375,90716.46484375
1812.8571836948395,2,1851.4,8581.671875,90716.46484375
1813.8657803535461,2,2156.6,9816.33984375,90716.46484375
1814.877542257309,2,4374.9,13267.0546875,90716.46484375
1815.896547794342,2,4549.5,15319.40625,90716.46484375
1816.9155592918396,2,4513.5,15884.1171875,90716.46484375
1817.9275450706482,2,3886.5,16707.48828125,90716.46484375
1818.9419479370117,2,3466.6,16821.3828125,90716.46484375
1819.9503693580627,2,3314.9,17091.5234375,90716.46484375
1820.9610478878021,2,4504.1,18751.51171875,90716.46484375
1821.9792649745941,2,2823.6,19147.8359375,90716.46484375
1822.9869191646576,2,2118.4,19347.140625,90716.46484375
1823.99724817276,2,4504.7,19479.74609375,90716.46484375
1825.0061132907867,2,699.5,8421.6328125,92764.48046875
1826.013998746872,2,2042.3,8783.171875,90716.46484375
1827.0225472450256,2,2520.1,10296.46484375,90716.46484375
1828.0345404148102,2,4368.9,13362.21875,90716.46484375
1829.059544801712,2,4594.9,15863.7109375,90716.46484375
1830.0825400352478,2,4360.7,16353.6796875,90716.46484375
1831.1004166603088,2,3755.9,16667.98046875,90716.46484375
1832.1125404834747,2,3578.1,16808.8125,90716.46484375
1833.1325361728668,2,3459.1,17234.84375,90716.46484375
1834.1429460048676,2,4517.5,18635.16796875,90716.46484375
1835.1609935760498,2,2383.4,19070.44921875,90716.46484375
1836.169546842575,2,2573.2,19304.79296875,90716.46484375
1837.1842873096466,2,3848.4,19460.453125,90716.46484375
1838.1918482780457,2,639.0,9203.5625,92764.48046875
1839.1996970176697,2,2087.2,8665.75,90716.46484375
1840.2092776298523,2,3143.6,11551.01953125,90716.46484375
1841.2215416431427,2,4374.2,13322.0625,90716.46484375
1842.2405467033386,2,4613.9,17201.18359375,90716.46484375
1843.2646923065186,2,4234.5,16459.7109375,90716.46484375
1844.2825441360474,2,3716.1,16707.30859375,90716.46484375
1845.2899696826935,2,3366.6,16940.484375,90716.46484375
1846.297162771225,2,3978.3,17561.640625,90716.46484375
1847.3095409870148,2,4378.1,18707.6484375,90716.46484375
1848.3229625225067,2,1866.3,19014.04296875,90716.46484375
1849.3324570655823,2,3098.5,19158.93359375,90716.46484375
1850.343079328537,2,3020.2,19399.5546875,90716.46484375
1851.3514423370361,2,689.1,7960.62890625,90716.46484375
1852.360539674759,2,2285.1,8759.69921875,90716.46484375
1853.4051642417908,2,3752.1,12598.5390625,90716.46484375
1854.4175417423248,2,4375.6,13308.76171875,90716.46484375
1855.4357471466064,2,4595.9,15456.9296875,90716.46484375
1856.4485528469086,2,4306.6,16380.64453125,90716.46484375
1857.4685592651367,2,3572.9,16674.30859375,90716.46484375
1858.4930355548859,2,3503.9,17006.328125,90716.46484375
1859.5173978805542,2,4126.9,17968.8515625,90716.46484375
1860.527967453003,2,3677.0,19042.46875,90716.46484375
1861.535474061966,2,1605.6,18943.015625,90716.46484375
1862.5435390472412,2,4084.2,19163.62890625,90716.46484375
1863.5573387145996,2,1924.9,19477.15625,90716.46484375
1864.5687971115112,2,1311.1,8286.06640625,90716.46484375
1865.5770978927612,2,2771.9,8737.14453125,90716.46484375
1866.6091434955597,2,3589.7,13107.13671875,90716.46484375
1867.6214790344238,2,4487.5,14591.6328125,90716.46484375
1868.6475567817688,2,4535.5,14904.18359375,90716.46484375
1869.6665453910828,2,4328.2,16584.78515625,90716.46484375
1870.6858253479004,2,3234.3,16779.08984375,90716.46484375
1871.6954810619354,2,3254.6,17031.90234375,90716.46484375
1872.7024240493774,2,4451.0,18541.45703125,90716.46484375
1873.711092710495,2,3242.4,19126.08984375,90716.46484375
1874.7187628746033,2,1772.0,19145.46484375,90716.46484375
1875.7294931411743,2,4549.6,19292.42578125,90716.46484375
1876.7397775650024,2,1103.0,19650.72265625,90716.46484375
1877.7496557235718,2,1515.4,8422.77734375,90716.46484375
1878.7855398654938,2,3796.3,11468.3515625,90716.46484375
1879.8038091659546,2,4493.6,12634.484375,90716.46484375
1880.8161911964417,2,4139.6,14545.72265625,90716.46484375
1881.8245468139648,2,3720.7,14775.359375,90716.46484375
1882.8355400562286,2,4236.7,15990.953125,90716.46484375
1883.8534791469574,2,2085.8,16231.53125,90716.46484375
1884.8635413646698,2,4087.3,16300.453125,90716.46484375
1885.882214307785,2,776.4,9617.59375,92764.48046875
1886.8906755447388,2,2359.8,9255.5234375,90716.46484375
1887.9015395641327,2,4332.9,11513.7734375,90716.46484375
1888.9193868637085,2,4497.6,13918.73046875,90716.46484375
1889.9308743476868,2,3999.0,14553.5703125,90716.46484375
1890.9385390281677,2,3622.4,14965.3671875,90716.46484375
1891.9486718177795,2,3878.7,16283.390625,90716.46484375
1892.9590365886688,2,1929.2,16387.7734375,90716.46484375
1893.9687702655792,2,3649.4,16554.91796875,90716.46484375
1894.975902557373,2,880.4,8289.48828125,90716.46484375
1895.9855422973633,2,3114.8,10811.84375,90716.46484375
1897.0045487880707,2,4340.0,12775.15234375,90716.46484375
1898.0319414138794,2,4240.7,14354.8125,90716.46484375
1899.03755402565,2,3897.7,14592.6328125,90716.46484375
1900.0449402332306,2,4032.2,15348.3046875,90716.46484375
1901.0562860965729,2,3112.0,16214.93359375,90716.46484375
1902.0655374526978,2,2822.5,16212.90625,90716.46484375
1903.07590842247,2,2433.8,16501.40234375,90716.46484375
1904.0835354328156,2,1246.0,8464.23828125,90716.46484375
1905.100117444992,2,3842.4,11401.58984375,90716.46484375
1906.1075541973114,2,4526.8,13347.859375,90716.46484375
1907.1217448711395,2,4218.0,14480.11328125,90716.46484375
1908.1295490264893,2,3655.6,14786.75390625,90716.46484375
1909.1496999263763,2,4105.8,15956.046875,90716.46484375
1910.1675395965576,2,2196.2,16222.1015625,90716.46484375
1911.1763834953308,2,3770.0,16262.1015625,90716.46484375
1912.1867587566376,2,1229.8,9020.38671875,92764.48046875
1913.1945416927338,2,2989.3,9373.84375,90716.46484375
1914.2135446071625,2,3976.5,10244.6015625,90716.46484375
1915.2255039215088,2,3575.0,10548.70703125,90716.46484375
1916.236269235611,2,1278.4,8484.3046875,90716.46484375
1917.2435393333435,2,3383.5,11372.54296875,90716.46484375
1918.2623858451843,2,4481.7,13740.25,90716.46484375
1919.2859704494476,2,4242.3,14396.07421875,90716.46484375
1920.3035519123077,2,3595.9,14629.6171875,90716.46484375
1921.3207173347473,2,4238.9,15742.078125,90716.46484375
1922.3392581939697,2,2584.9,16144.60546875,90716.46484375
1923.3465406894684,2,3361.4,16229.5390625,90716.46484375
1924.3635597229004,2,1745.3,8241.1953125,92764.48046875
1925.3721890449524,2,1932.4,9203.91796875,90716.46484375
1926.3838045597076,2,4386.6,10924.8125,90716.46484375
1927.3975434303284,2,3959.7,12079.55859375,90716.46484375
1928.403971195221,2,4046.1,12978.484375,90716.46484375
1929.4221441745758,2,2617.8,13292.98046875,90716.46484375
1930.4323108196259,2,2213.5,8815.82421875,92764.48046875
1931.4404888153076,2,2197.4,9689.32421875,90716.46484375
1932.45192527771,2,4381.1,10956.2109375,90716.46484375
1933.4628121852875,2,3745.7,12106.453125,90716.46484375
1934.4765403270721,2,4180.8,12868.65625,90716.46484375
1935.4913289546967,2,2623.8,13133.7421875,90716.46484375
1936.5017149448395,2,1993.3,5328.51171875,83548.30859375
1937.5099461078644,2,66.4,5063.37890625,83548.30859375
1938.5188212394714,2,102.2,4917.26953125,83548.30859375
