elapsed_time,nproc,cpu,mem_real,mem_virtual
3.743171691894531e-05,1,0.0,5.46875,7.39453125
1.0060598850250244,4,0.0,440.98046875,4199.3671875
2.0143933296203613,4,100.0,629.01953125,4413.3671875
3.024204730987549,4,99.3,608.66015625,4445.3671875
4.030826807022095,4,100.1,613.8671875,4445.3671875
5.039672374725342,4,98.9,613.1015625,4445.3671875
6.051185846328735,4,100.0,623.78125,4499.3671875
7.060668468475342,4,98.9,615.07421875,4499.3671875
8.07175588607788,4,99.9,592.65625,4499.3671875
9.082626819610596,4,100.0,606.015625,4499.3671875
10.092405319213867,4,99.0,654.640625,4499.3671875
11.102957725524902,4,99.8,705.49609375,4555.3671875
12.114768981933594,4,99.9,757.49609375,4619.3671875
13.126238346099854,4,98.9,811.49609375,4705.3671875
14.137794256210327,4,100.1,863.49609375,4705.3671875
15.147043943405151,4,99.9,909.49609375,4801.3671875
16.15765929222107,4,98.9,953.49609375,4801.3671875
17.168904304504395,2,0.0,42.7890625,60.15625
18.18060874938965,2,0.0,270.05078125,3718.66796875
19.191882371902466,2,99.8,676.6953125,5212.69921875
20.20380473136902,2,98.9,878.80859375,5852.69921875
21.214524030685425,2,100.8,1134.8046875,7132.69921875
22.226045846939087,2,98.9,1404.8046875,7132.69921875
23.237298011779785,2,99.8,1648.80078125,9700.69921875
24.24902892112732,2,101.0,1946.80078125,9700.69921875
25.259234189987183,2,98.9,1877.52734375,9188.66796875
26.270294189453125,2,99.9,1877.37109375,9188.66796875
27.281675100326538,2,99.9,1877.37109375,9188.66796875
28.292856454849243,2,99.9,1882.703125,9188.65234375
29.303759574890137,2,99.9,1877.79296875,9188.65234375
30.31532573699951,2,100.0,1877.79296875,9188.65234375
31.325438499450684,2,101.0,1872.6953125,9188.65234375
32.33565044403076,2,98.9,1990.1484375,9700.68359375
33.346977949142456,2,100.9,2010.1640625,9748.68359375
34.358015298843384,2,4210.8,3024.53125,13978.62890625
35.384013414382935,2,4690.4,3323.2890625,14297.62890625
36.41001582145691,2,4693.5,3649.34765625,14688.62890625
37.437013149261475,2,4716.3,3950.578125,15077.62890625
38.463202238082886,2,4656.3,3964.15234375,15147.62890625
39.511019229888916,2,4672.9,4024.640625,15282.62890625
40.53800868988037,2,4692.9,4068.21875,15458.62890625
41.56501483917236,2,4707.9,4111.58203125,15529.62890625
42.59201169013977,2,4636.0,4313.0234375,15847.62890625
43.619020223617554,2,4662.2,4277.625,15920.62890625
44.646010398864746,2,4676.9,4386.9609375,16149.62890625
45.67501187324524,2,4701.0,4475.5234375,16245.62890625
46.70201587677002,2,4655.7,4446.78125,16277.62890625
47.729016065597534,2,4672.9,4529.37890625,16373.62890625
48.756014347076416,2,4668.4,4516.9453125,16499.62890625
49.783010482788086,2,4717.5,4537.171875,16534.62890625
50.80743885040283,2,4658.4,4622.99609375,16636.62890625
51.835015296936035,2,4673.0,4708.75390625,16768.62890625
52.860915660858154,2,4661.9,4759.73828125,16872.62890625
53.888019323349,2,4728.4,4685.33984375,16872.62890625
54.915011405944824,2,4660.1,4641.3984375,16916.62890625
55.94201183319092,2,4664.9,4672.8671875,17008.62890625
56.969013929367065,2,4667.1,4685.7578125,17035.62890625
57.9960150718689,2,4714.7,4618.328125,17095.62890625
59.02301549911499,2,4677.3,4701.57421875,17193.62890625
60.04384469985962,2,4646.6,4657.69140625,17273.62890625
61.07201671600342,2,4660.2,4740.27734375,17360.62890625
62.09901285171509,2,4723.0,4771.43359375,17380.62890625
63.12601017951965,2,4670.5,4705.19140625,17410.62890625
64.15101528167725,2,4638.5,4778.66015625,17522.62890625
65.17901539802551,2,4651.8,4738.6640625,17594.62890625
66.20602130889893,2,4720.4,4680.76171875,17594.62890625
67.23301267623901,2,4682.0,4671.5078125,17682.62890625
68.25760126113892,2,4625.5,4662.0234375,17682.62890625
69.28600978851318,2,4660.5,4569.0,17682.62890625
70.30101323127747,2,4737.3,4579.49609375,17796.62890625
71.32801389694214,2,4684.6,4504.28125,17806.62890625
72.35301733016968,2,4630.2,4579.03125,17813.62890625
73.38001203536987,2,4661.7,4609.10546875,17929.62890625
74.40701270103455,2,4722.7,4636.3984375,17957.62890625
75.43401646614075,2,4693.7,4535.203125,17957.62890625
76.45901679992676,2,4644.4,4689.7109375,18135.62890625
77.4860155582428,2,4671.9,4629.7109375,18203.62890625
78.51302647590637,2,4687.0,4749.6953125,18299.62890625
79.5400128364563,2,4717.4,4737.30078125,18299.62890625
80.56701254844666,2,4666.0,4632.87109375,18311.62890625
81.59201097488403,2,4652.3,4806.90625,18455.62890625
82.61901044845581,2,4645.7,4840.21484375,18507.62890625
83.64701747894287,2,4713.1,4799.08984375,18521.62890625
84.67715358734131,2,4673.8,4858.9296875,18581.62890625
85.70001578330994,2,4629.7,4777.55078125,18581.62890625
86.72701740264893,2,4640.9,4792.6953125,18581.62890625
87.75401258468628,2,4720.1,4770.203125,18593.62890625
88.78101444244385,2,4709.5,4749.12890625,18593.62890625
89.80551338195801,2,4645.2,4915.16015625,18705.62890625
90.83402132987976,2,4667.0,4928.41015625,18767.62890625
91.85901474952698,2,4690.0,4887.890625,18811.62890625
92.88601541519165,2,4713.3,4863.1875,18851.62890625
93.91041827201843,2,4615.0,5015.68359375,19021.62890625
94.94139814376831,2,4674.3,5145.4453125,19259.62890625
95.97101497650146,2,4655.2,4919.70703125,19259.62890625
96.99801063537598,2,4709.7,5142.99609375,19357.62890625
98.02301859855652,2,4647.4,5337.046875,19517.62890625
99.05001664161682,2,4665.5,5411.8828125,19641.62890625
100.07702016830444,2,4639.3,5379.3828125,19657.62890625
101.10401439666748,2,4714.4,5432.77734375,19681.62890625
102.13101601600647,2,4675.2,5518.859375,19735.62890625
103.15601587295532,2,4652.7,5676.91015625,19943.62890625
104.18301033973694,2,4649.4,5752.45703125,20063.62890625
105.20101308822632,2,4704.4,5897.375,20139.62890625
106.22801184654236,2,4696.6,5699.8671875,20179.62890625
107.25301623344421,2,4632.9,5521.26953125,20179.62890625
108.28001284599304,2,4666.3,5504.33984375,20179.62890625
109.30701088905334,2,4723.5,5574.54296875,20285.62890625
110.33402252197266,2,4679.1,5585.921875,20389.62890625
111.35842370986938,2,4622.1,5560.44140625,20445.62890625
112.38601660728455,2,4663.0,5649.1875,20629.62890625
113.41653728485107,2,4706.4,5884.4140625,20733.62890625
114.44401383399963,2,4690.4,5950.33203125,20733.62890625
115.46978807449341,2,4634.5,5821.32421875,20733.62890625
116.49701380729675,2,4661.8,5830.71875,20791.62890625
117.52760481834412,2,4709.9,6022.78515625,20867.62890625
118.55401301383972,2,4668.8,5953.3515625,21007.62890625
119.5807135105133,2,4640.1,5954.25,21095.62890625
120.60701322555542,2,4665.5,6071.63671875,21125.62890625
121.63501214981079,2,4686.4,6278.4375,21201.62890625
122.66201329231262,2,4661.4,6412.04296875,21253.62890625
123.68901348114014,2,4643.8,6395.98828125,21253.62890625
124.71601438522339,2,4669.1,6417.1484375,21253.62890625
125.74301481246948,2,4614.8,6367.2421875,21253.62890625
126.77001714706421,2,4668.6,6278.8359375,21253.62890625
127.7950165271759,2,4653.7,6305.8984375,21253.62890625
128.822016954422,2,4657.8,6253.83984375,21325.62890625
129.84901189804077,2,4673.1,6369.40234375,21429.62890625
130.87701034545898,2,4639.9,6184.9375,21429.62890625
131.90156435966492,2,4643.6,6055.40625,21429.62890625
132.92897391319275,2,4673.5,6066.44921875,21443.62890625
133.9570152759552,2,4658.5,6092.89453125,21463.62890625
134.98300957679749,2,4713.9,6024.33984375,21575.62890625
136.0110170841217,2,4647.9,6227.8359375,21639.62890625
137.03801465034485,2,4666.6,6302.6640625,21639.62890625
138.06501483917236,2,4634.9,6443.16015625,21663.62890625
139.0910153388977,2,4719.7,6251.1328125,21663.62890625
140.11801481246948,2,4677.4,6209.24609375,21663.62890625
141.14301443099976,2,4629.9,6077.0390625,21663.62890625
142.16901230812073,2,4656.3,6222.58984375,21783.62890625
143.19601726531982,2,4694.8,6367.68359375,21927.62890625
144.22208881378174,2,4661.1,6325.328125,22019.62890625
145.24701619148254,2,4654.4,6364.07421875,22019.62890625
146.27401518821716,2,4636.2,6265.45703125,22019.62890625
147.30301713943481,2,4707.5,6052.92578125,22019.62890625
148.33001494407654,2,4690.4,6116.453125,22019.62890625
149.35482501983643,2,4644.3,6113.46484375,22019.62890625
150.38201212882996,2,4661.9,5939.9921875,22019.62890625
151.40901851654053,2,4681.1,5977.4375,22019.62890625
152.43602442741394,2,4664.9,6012.08203125,22019.62890625
153.44901752471924,2,4637.1,6065.83984375,22019.62890625
154.47601079940796,2,4662.5,6123.89453125,22019.62890625
155.50301480293274,2,4688.1,6061.48046875,22019.62890625
156.52901601791382,2,4696.5,6034.90625,22047.62890625
157.55701541900635,2,4629.0,6052.7578125,22103.62890625
158.5840163230896,2,4672.1,6117.2734375,22167.62890625
159.6110134124756,2,4668.6,6173.34765625,22247.62890625
160.63801527023315,2,4679.7,6139.28125,22247.62890625
161.66501474380493,2,4613.2,6122.90234375,22343.62890625
162.69201493263245,2,4652.7,6173.17578125,22343.62890625
163.718013048172,2,4645.1,6237.49609375,22343.62890625
164.74502420425415,2,4669.9,6067.9140625,22343.62890625
165.76966428756714,2,4666.3,5968.91796875,22343.62890625
166.798020362854,2,4664.1,5926.65625,22343.62890625
167.8250195980072,2,4650.4,6034.53515625,22511.62890625
168.85201454162598,2,4685.7,6019.89453125,22511.62890625
169.87701630592346,2,4676.7,6083.62890625,22511.62890625
170.90266108512878,2,4653.3,6014.95703125,22511.62890625
171.92901253700256,2,4650.4,5976.19921875,22511.62890625
172.9560158252716,2,4701.3,5958.22265625,22555.62890625
173.98301196098328,2,4654.7,6065.0546875,22555.62890625
175.01001262664795,2,4670.6,6003.40234375,22555.62890625
176.0390124320984,2,4650.5,5899.47265625,22555.62890625
177.0590283870697,2,4709.5,5926.22265625,22555.62890625
178.08601069450378,2,4664.7,5979.92578125,22555.62890625
179.1127049922943,2,4635.9,6029.3359375,22555.62890625
180.14101815223694,2,4650.3,5950.10546875,22555.62890625
181.16701674461365,2,4714.8,6011.875,22555.62890625
182.19401907920837,2,4661.6,6114.30078125,22603.62890625
183.21872329711914,2,4644.4,6115.53125,22603.62890625
184.24601197242737,2,4670.1,6244.1796875,22603.62890625
185.2730176448822,2,4661.2,6137.41796875,22687.62890625
186.30001521110535,2,4686.7,5963.13671875,22687.62890625
187.32501530647278,2,4646.5,6021.28515625,22687.62890625
188.35201478004456,2,4656.1,5917.98046875,22687.62890625
189.3800172805786,2,4680.7,5923.5625,22687.62890625
190.40872192382812,2,4699.8,5897.84765625,22719.62890625
191.43501806259155,2,4646.9,5828.0,22719.62890625
192.46201276779175,2,4665.8,5753.36328125,22719.62890625
193.4890158176422,2,4656.3,5998.27734375,22931.62890625
194.51601457595825,2,4706.0,6128.10546875,23023.62890625
195.54501605033875,2,4621.9,5993.3359375,23023.62890625
196.5716803073883,2,4641.3,6049.9375,23023.62890625
197.59900999069214,2,4650.3,6150.05078125,23043.62890625
198.62700986862183,2,4695.8,6158.54296875,23043.62890625
199.65501284599304,2,4649.3,6106.3828125,23047.62890625
200.6811966896057,2,4662.5,6428.03515625,23367.62890625
201.70901560783386,2,4635.8,6421.140625,23367.62890625
202.73601508140564,2,4684.8,6353.8125,23367.62890625
203.7595489025116,2,4650.4,6291.2421875,23367.62890625
204.78801584243774,2,4670.0,6302.578125,23367.62890625
205.81702637672424,2,4656.6,6420.58984375,23395.62890625
206.84400939941406,2,4698.7,6376.00390625,23395.62890625
207.87201619148254,2,4613.4,6312.56640625,23395.62890625
208.8988335132599,2,4677.3,6235.859375,23395.62890625
209.92601323127747,2,4658.9,6299.0390625,23395.62890625
210.95301222801208,2,4712.2,6326.6796875,23395.62890625
211.9800157546997,2,4652.1,6357.93359375,23395.62890625
213.0070128440857,2,4685.6,6364.0390625,23395.62890625
214.03401517868042,2,4664.6,6491.07421875,23423.62890625
215.06101536750793,2,4731.3,6525.7109375,23423.62890625
216.0880162715912,2,4660.8,6438.6015625,23423.62890625
217.11301517486572,2,4634.4,6334.4765625,23423.62890625
218.1400179862976,2,4666.5,6292.359375,23423.62890625
219.1670138835907,2,4690.0,6404.3125,23423.62890625
220.19403648376465,2,4667.7,6470.48828125,23443.62890625
221.21901559829712,2,4644.6,6593.9921875,23475.62890625
222.24701714515686,2,4662.3,6559.4453125,23503.62890625
223.2740137577057,2,4683.6,6582.15234375,23503.62890625
224.30102729797363,2,4666.2,6512.375,23503.62890625
225.32601618766785,2,4653.0,6663.828125,23503.62890625
226.35301399230957,2,4666.7,6691.76953125,23623.62890625
227.38001346588135,2,4683.8,6644.38671875,23703.62890625
228.40701627731323,2,4653.1,6611.29296875,23717.62890625
229.43201780319214,2,4649.3,6756.6484375,23865.62890625
230.46001958847046,2,4662.5,6658.71484375,23865.62890625
231.4860122203827,2,4675.9,6618.9296875,23917.62890625
232.51301169395447,2,4691.1,6667.80859375,24013.62890625
233.54001092910767,2,4655.7,6581.15625,24013.62890625
234.56701755523682,2,4641.3,6585.671875,24013.62890625
235.59742283821106,2,4659.7,6615.8515625,24013.62890625
236.62700963020325,2,4685.9,6515.578125,24017.62890625
237.66601181030273,2,4633.0,6966.4921875,24349.62890625
238.69591283798218,2,4652.4,7049.6015625,24479.62890625
239.72301983833313,2,4644.4,7087.73046875,24483.62890625
240.75001502037048,2,4703.8,7155.7578125,24543.62890625
241.7750117778778,2,4666.5,7108.296875,24543.62890625
242.80201172828674,2,4619.3,7129.37890625,24543.62890625
243.82901334762573,2,4649.5,7207.28515625,24543.62890625
244.85601615905762,2,4722.9,7207.53515625,24543.62890625
245.88301396369934,2,4681.1,7168.3359375,24543.62890625
246.91201162338257,2,4640.1,7150.3984375,24543.62890625
247.93864369392395,2,4652.6,7120.76953125,24543.62890625
248.9692440032959,2,4698.6,7062.0859375,24567.62890625
249.99601650238037,2,4672.3,7285.796875,24571.62890625
251.02101516723633,2,4630.9,7266.125,24571.62890625
252.04802584648132,2,4643.1,7467.37109375,24865.62890625
253.07601284980774,2,4671.7,7775.32421875,25073.62890625
254.10301661491394,2,4642.1,7696.56640625,25073.62890625
255.11601448059082,2,4625.1,7628.78125,25073.62890625
256.1430175304413,2,4626.7,7721.6953125,25121.62890625
257.1725363731384,2,4680.1,7664.86328125,25121.62890625
258.20324873924255,2,4683.5,7550.32421875,25121.62890625
259.230304479599,2,4628.7,7440.88671875,25173.62890625
260.25901341438293,2,4656.7,7420.02734375,25173.62890625
261.2860140800476,2,4627.7,7382.265625,25173.62890625
262.3130097389221,2,4659.1,7322.3828125,25173.62890625
263.33901810646057,2,4656.7,7366.53125,25205.62890625
264.3660113811493,2,4665.1,7421.46484375,25205.62890625
265.3940143585205,2,4668.2,7628.2578125,25205.62890625
266.4220106601715,2,4704.8,7656.9609375,25205.62890625
267.45101523399353,2,4641.1,7859.515625,25329.62890625
268.4798011779785,2,4661.7,7821.06640625,25329.62890625
269.5080132484436,2,4667.8,7744.265625,25329.62890625
270.53501558303833,2,4700.0,7722.40234375,25329.62890625
271.5647916793823,2,4648.2,7644.78125,25329.62890625
272.594455242157,2,4670.1,7697.39453125,25329.62890625
273.62300968170166,2,4657.1,7821.98046875,25329.62890625
274.6500127315521,2,4709.8,7997.203125,25335.62890625
275.6710293292999,2,4644.7,8162.53125,25591.62890625
276.69701290130615,2,4650.4,8169.4140625,25591.62890625
277.7240152359009,2,4632.0,7855.88671875,25591.62890625
278.7520170211792,2,4683.6,7829.15625,25591.62890625
279.7789373397827,2,4659.6,7924.5546875,25591.62890625
280.807012796402,2,4649.2,8185.41015625,25703.62890625
281.83401322364807,2,4642.9,8737.703125,26225.62890625
282.8610088825226,2,4696.9,9146.69921875,26705.62890625
283.8890142440796,2,4663.1,9641.0390625,27069.62890625
284.91501474380493,2,4656.6,9791.828125,27069.62890625
285.9430105686188,2,4655.5,9944.90234375,27453.62890625
286.9710144996643,2,4702.7,10311.53515625,27453.62890625
287.9980173110962,2,4684.9,10479.37109375,27509.62890625
289.0230174064636,2,4632.0,10402.7421875,27509.62890625
290.05093026161194,2,4657.9,10481.51953125,27549.62890625
291.07901430130005,2,4701.6,10491.890625,27641.62890625
292.1060149669647,2,4655.9,10508.8359375,27641.62890625
293.1310157775879,2,4632.9,10519.87109375,27641.62890625
294.1580183506012,2,4606.7,10593.33203125,27669.62890625
295.18501591682434,2,4676.2,10530.109375,27701.62890625
296.2120153903961,2,4684.6,10776.8984375,27701.62890625
297.24302673339844,2,4643.4,10811.73046875,27705.62890625
298.26901364326477,2,4662.6,11434.08984375,27951.62890625
299.29601192474365,2,4647.3,11343.38671875,28063.62890625
300.3250210285187,2,4695.3,11383.62109375,28175.62890625
301.35001277923584,2,4617.0,11593.44140625,28307.62890625
302.3810167312622,2,4627.9,11489.76953125,28311.62890625
303.4080183506012,2,4604.6,11636.28515625,28311.62890625
304.43501377105713,2,4705.3,11857.1640625,28311.62890625
305.4620156288147,2,4640.5,11824.5546875,28311.62890625
306.47701382637024,2,4653.2,11914.6171875,28311.62890625
307.50501704216003,2,4644.6,11953.19921875,28343.62890625
308.5320212841034,2,4682.8,11904.859375,28423.62890625
309.5590145587921,2,4620.0,11849.37109375,28527.62890625
310.5850155353546,2,4322.0,11765.81640625,28527.62890625
311.60437059402466,2,3853.8,11618.80078125,28527.62890625
312.6182904243469,2,3592.6,11703.859375,28619.62890625
313.62912034988403,2,3256.8,11651.578125,29271.62890625
314.6424217224121,2,3133.3,11612.48046875,29271.62890625
315.6556911468506,2,3076.5,11604.5546875,29271.62890625
316.6692123413086,2,2901.9,11396.640625,29271.62890625
317.68232703208923,2,2777.0,11428.06640625,29315.62890625
318.6956558227539,2,2771.4,11173.95703125,29419.62890625
319.70882391929626,2,2555.9,10954.90234375,29451.62890625
320.72176146507263,2,2242.3,10928.01953125,29595.62890625
321.7305648326874,2,2181.0,11264.8515625,29763.62890625
322.7411358356476,2,2097.0,11159.8203125,30263.62890625
323.7520925998688,2,1990.0,10989.23828125,30443.62890625
324.76311230659485,2,1992.5,10902.3828125,30443.62890625
325.77338671684265,2,1990.6,10785.78515625,30443.62890625
326.7836558818817,2,1909.2,11111.37109375,30587.62890625
327.7929320335388,2,1891.6,10588.7578125,30587.62890625
328.8016664981842,2,1893.1,10487.30859375,30587.62890625
329.81270384788513,2,1803.9,10366.1875,30587.62890625
330.8227002620697,2,1794.5,10599.73046875,30587.62890625
331.830251455307,2,1792.8,10317.73828125,30587.62890625
332.8387086391449,2,1795.1,10282.5078125,30715.62890625
333.8486862182617,2,1794.6,10428.1484375,30875.62890625
334.85776829719543,2,1795.2,10992.83984375,31067.62890625
335.8699631690979,2,1709.1,10463.01171875,31067.62890625
336.88040590286255,2,1696.0,10347.9453125,31067.62890625
337.8915731906891,2,1691.4,10217.125,31067.62890625
338.9037997722626,2,1548.9,10062.51171875,31067.62890625
339.91483759880066,2,1498.9,9934.75390625,31067.62890625
340.92621898651123,2,1466.3,9729.20703125,31067.62890625
341.93687415122986,2,1302.5,9814.59765625,31067.62890625
342.94568943977356,2,1271.3,9458.82421875,31067.62890625
343.95649433135986,2,1100.3,9408.27734375,31067.62890625
344.9681074619293,2,749.4,9466.9296875,31067.62890625
345.9795672893524,2,551.4,9278.26171875,31067.62890625
346.98980927467346,2,502.3,9366.6953125,31067.62890625
348.0010874271393,2,438.5,9040.57421875,31067.62890625
349.0114221572876,2,404.6,9050.2109375,31067.62890625
350.0222792625427,2,404.5,9094.70703125,31195.62890625
351.0333364009857,2,404.5,9061.65625,31355.62890625
352.04455757141113,2,403.4,8792.59765625,31355.62890625
353.05607891082764,2,404.7,8583.140625,31355.62890625
354.0667824745178,2,403.6,8244.01171875,31355.62890625
355.0776422023773,2,403.4,8114.51953125,31355.62890625
356.0889093875885,2,402.0,8006.80859375,31355.62890625
357.0987961292267,2,403.4,7861.41015625,31355.62890625
358.11032724380493,2,314.5,7891.421875,31355.62890625
359.1215581893921,2,302.6,7908.58984375,31355.62890625
360.1327476501465,2,300.5,7850.57421875,31355.62890625
361.1409652233124,2,301.9,7715.33203125,31355.62890625
362.15127778053284,2,312.6,8125.72265625,31355.62890625
363.1622097492218,2,306.5,7668.56640625,31355.62890625
364.1736454963684,2,302.2,7764.76171875,31355.62890625
365.18294048309326,2,301.6,7960.64453125,31355.62890625
366.1940538883209,2,301.9,8749.5625,31379.62890625
367.2042899131775,2,300.8,8511.85546875,31379.62890625
368.21477794647217,2,301.0,8716.703125,31379.62890625
369.224853515625,2,301.8,7604.0859375,31379.62890625
370.2353730201721,2,305.6,7793.3828125,31379.62890625
371.24650859832764,2,304.4,7690.75390625,31379.62890625
372.2582437992096,2,303.6,7581.4609375,31379.62890625
373.269504070282,2,303.8,7749.6015625,31379.62890625
374.2802038192749,2,304.3,7510.265625,31379.62890625
375.29231309890747,2,304.7,7403.0234375,31379.62890625
376.3032250404358,2,302.7,7340.4921875,31379.62890625
377.3141613006592,2,302.6,7179.11328125,31379.62890625
378.3254065513611,2,301.8,7063.05859375,31379.62890625
379.3361744880676,2,302.4,7244.2109375,31379.62890625
380.3482012748718,2,299.5,7631.28125,31379.62890625
381.35974073410034,2,300.6,7867.578125,31379.62890625
382.3712055683136,2,301.0,7866.5390625,31379.62890625
383.3813352584839,2,304.0,7470.359375,31379.62890625
384.39133501052856,2,300.9,7685.7109375,31379.62890625
385.4015715122223,2,299.7,7860.1796875,31379.62890625
386.41268038749695,2,300.6,7347.16796875,31379.62890625
387.4240508079529,2,233.6,7251.85546875,31379.62890625
388.4345488548279,2,201.9,7605.27734375,31379.62890625
389.44488406181335,2,202.7,7602.1015625,31379.62890625
390.45604848861694,2,122.7,6982.94921875,31379.62890625
391.4662959575653,2,103.8,6883.4609375,31379.62890625
392.4776875972748,2,106.9,6728.5625,31379.62890625
393.48806619644165,2,105.9,6555.65625,31379.62890625
394.49851179122925,2,104.8,6395.86328125,31379.62890625
395.5097510814667,2,105.9,6190.13671875,31379.62890625
396.5205125808716,2,103.8,6102.65234375,31379.62890625
397.53241539001465,2,101.9,6361.5234375,31379.62890625
398.54313254356384,2,102.0,6687.203125,31379.62890625
399.55322551727295,2,99.7,6718.4375,31379.62890625
400.5660078525543,2,100.0,6258.7734375,31379.62890625
401.57546639442444,2,102.1,6234.453125,31379.62890625
402.584774017334,2,104.1,6187.03125,31379.62890625
403.59378480911255,2,102.9,6118.5625,31379.62890625
404.60469341278076,2,102.9,6043.53515625,31379.62890625
405.61493968963623,2,103.9,5975.5234375,31379.62890625
406.62571382522583,2,102.0,5973.0625,31379.62890625
407.63576316833496,2,102.0,5984.83984375,31379.62890625
408.64572048187256,2,99.9,6396.19921875,31379.62890625
409.6566002368927,2,99.9,6691.24609375,31379.62890625
410.66737961769104,2,100.0,6260.32421875,31379.62890625
411.67723178863525,2,100.0,6198.17578125,31379.62890625
412.68757152557373,2,101.8,6183.44921875,31379.62890625
413.6990225315094,2,103.9,6122.3203125,31379.62890625
414.70919466018677,2,103.0,6071.05859375,31379.62890625
415.71934819221497,2,101.8,6014.7578125,31379.62890625
416.73071551322937,2,99.8,6012.3203125,31379.62890625
417.74228739738464,2,100.0,6159.8671875,31379.62890625
418.7523467540741,2,99.8,6301.9375,31379.62890625
419.76391530036926,2,100.8,6435.9140625,31379.62890625
420.7753834724426,2,99.9,6585.3125,31379.62890625
421.78597497940063,2,101.1,6726.21484375,31903.62890625
422.79500818252563,2,100.8,6725.7421875,31903.62890625
423.8066055774689,2,99.9,6852.26953125,31903.62890625
424.81767201423645,2,99.9,6939.90234375,31903.62890625
425.82900762557983,2,101.1,6948.3203125,31903.62890625
426.837819814682,2,105.8,6681.25,31903.62890625
427.8494625091553,2,102.8,6819.51171875,31903.62890625
428.8612504005432,2,108.7,6486.03515625,31903.62890625
429.8730299472809,2,100.0,6628.1171875,31903.62890625
430.8833303451538,2,103.0,6317.87890625,31903.62890625
431.89285135269165,2,101.9,6244.7578125,31903.62890625
432.9032917022705,2,103.9,6163.609375,31903.62890625
433.9136414527893,2,102.0,6057.65625,31903.62890625
434.9234194755554,2,102.9,5961.5,31903.62890625
435.9340045452118,2,101.9,5884.94921875,31903.62890625
436.9446794986725,2,122.6,4927.48046875,31903.62890625
437.95632815361023,2,119.6,4647.046875,31903.62890625
438.9678592681885,2,669.1,3447.53515625,32103.63671875
439.9797086715698,2,104.8,3282.2265625,32103.63671875
440.9910433292389,2,111.7,3108.84375,32199.71875
442.00263381004333,2,109.9,3331.62890625,32791.71875
443.01400685310364,2,1374.3,3776.09375,32791.71875
444.0390594005585,2,925.9,5435.7421875,40471.8046875
445.0510046482086,2,1939.7,6637.8125,37911.79296875
446.0593900680542,2,976.4,3968.53125,44055.75
447.07400155067444,2,3737.2,5290.796875,44055.75
448.10090732574463,2,4442.1,6562.7109375,44055.75
449.1120054721832,2,3055.8,6925.48046875,44055.75
450.12096643447876,2,2376.9,6911.4140625,44055.75
451.13263750076294,2,1329.6,4113.31640625,44055.75
452.146520614624,2,3623.8,5751.8125,44055.75
453.15951323509216,2,4497.5,7630.58203125,44055.75
454.16984033584595,2,3249.5,7740.34765625,44083.75
455.1801278591156,2,3442.8,8194.68359375,44083.75
456.1942193508148,2,2523.3,8471.90234375,44083.75
457.20393109321594,2,3579.2,8619.3671875,44083.75
458.21731066703796,2,800.8,3482.9140625,42035.71875
459.2290017604828,2,4662.9,3321.859375,42035.71875
460.2570011615753,2,4618.0,3230.04296875,42035.71875
461.2840008735657,2,4371.7,3314.56640625,42035.71875
462.30500626564026,2,4670.3,3300.47265625,42035.71875
463.3246805667877,2,2775.1,3324.91015625,44083.75
464.33287024497986,2,791.8,3244.2421875,42035.71875
465.34197425842285,2,100.2,3206.25390625,42035.71875
466.3497998714447,2,96.3,3220.796875,42109.73828125
467.35744285583496,2,128.0,3759.97265625,42109.73828125
468.3652801513672,2,100.3,4145.02734375,42109.73828125
469.37224411964417,4,46.7,4415.59765625,42333.7734375
470.37871408462524,4,99.1,4641.32421875,42574.44921875
471.3875846862793,4,101.1,4848.26171875,42799.390625
472.39685559272766,4,100.2,5038.33203125,42998.6953125
473.4048194885254,4,100.2,5303.609375,43271.203125
474.41281247138977,4,99.3,5636.67578125,43611.90234375
475.4202883243561,4,101.0,5960.60546875,43941.64453125
476.4306697845459,4,100.0,6301.8515625,44290.96484375
477.4412581920624,4,100.9,6645.0859375,44642.87890625
478.4525239467621,4,99.0,6978.48828125,44977.1328125
479.4622893333435,4,99.8,7314.36328125,45313.0625
480.47386956214905,4,99.8,7660.9375,45662.65625
481.48620319366455,4,99.9,8011.72265625,46013.41015625
482.49673557281494,4,99.8,8330.453125,46332.1953125
483.50853085517883,4,99.9,8678.21484375,46679.984375
484.5194170475006,4,99.9,9027.2890625,47029.0625
485.5300102233887,4,99.8,9379.203125,47380.9765625
486.54172587394714,4,99.9,9699.56640625,47701.30859375
487.5530295372009,4,99.9,10048.45703125,48050.2578125
488.56433153152466,4,98.9,10399.90234375,48401.65625
489.5753231048584,4,99.9,10750.38671875,48752.15234375
490.58588314056396,4,99.9,11069.19921875,49072.484375
491.5969440937042,4,99.8,11415.51171875,49418.7265625
492.6087110042572,4,100.8,11767.0546875,49770.3828125
493.62016105651855,4,99.1,12105.49609375,50108.76171875
494.6288788318634,4,99.8,12439.796875,50443.015625
495.6406600475311,4,99.9,12786.3359375,50789.64453125
496.6520667076111,4,99.9,13137.953125,51141.171875
497.66274762153625,4,99.9,13473.28515625,51476.5859375
498.674099445343,4,99.9,13810.58984375,51813.8046875
499.68521451950073,4,99.9,14158.0390625,52161.3359375
500.695832490921,4,99.9,14406.36328125,52409.609375
501.7071645259857,4,99.2,14456.83203125,52460.140625
502.7156319618225,4,100.0,14764.83203125,52833.859375
503.7258195877075,4,99.9,14720.25,52723.3359375
504.73655462265015,5,0.0,4197.24609375,42602.44921875
505.7484362125397,5,100.0,4608.5859375,42874.80859375
506.75835943222046,2,38.5,3338.48828125,42796.0546875
507.7712321281433,2,471.0,3995.09765625,43133.78515625
508.78400349617004,2,2977.8,5171.21875,47229.84765625
509.81099820137024,2,4709.2,5171.21875,47229.84765625
510.83300137519836,2,4611.6,5229.171875,47229.84765625
511.8543105125427,2,588.7,5890.8828125,49277.87890625
512.8632807731628,2,99.2,6334.79296875,49277.87890625
513.8713448047638,2,100.2,6518.98828125,49277.87890625
514.8797459602356,4,9.9,6904.046875,49667.4296875
515.8877410888672,4,100.1,7236.33984375,49999.7578125
516.8964991569519,4,99.1,7552.5859375,50315.96484375
517.905797958374,4,100.2,7883.56640625,50647.01171875
518.9139654636383,4,100.2,8227.56640625,50990.93359375
519.9223222732544,4,99.0,8547.87109375,51311.265625
520.9321715831757,4,100.2,8856.56640625,51619.99609375
521.940459728241,4,101.0,9175.8359375,51942.77734375
522.9505858421326,4,99.9,9495.25390625,52262.20703125
523.9619731903076,4,99.8,9790.33203125,52557.3046875
524.9739775657654,4,99.9,10118.421875,52885.37109375
525.9848892688751,4,98.8,10467.4296875,53234.3203125
526.9968388080597,4,100.0,10837.19140625,53604.15234375
528.0072772502899,4,100.9,11176.91796875,53944.078125
529.0185165405273,4,100.0,11544.3828125,54311.58984375
530.0288143157959,4,99.9,11915.171875,54682.32421875
531.0394642353058,4,98.9,12284.96875,55052.15625
532.0501043796539,4,99.8,12621.64453125,55391.82421875
533.062314748764,4,99.8,12990.45703125,55760.625
534.0740995407104,4,99.9,13360.83984375,56130.97265625
535.084700345993,4,100.0,13720.0859375,56490.234375
536.0953736305237,4,99.7,14069.77734375,56839.95703125
537.1075131893158,4,99.9,14436.62890625,57206.6953125
538.1180274486542,4,100.0,14796.60546875,57569.1796875
539.1282815933228,4,99.0,15148.58203125,57921.09375
540.1380198001862,4,100.9,15503.296875,58275.84375
541.1493072509766,4,98.8,15873.0859375,58645.67578125
542.1613681316376,4,99.8,16242.625,59015.25
543.1730289459229,4,101.0,16593.98046875,59366.51953125
544.182683467865,4,98.9,16946.77734375,59719.3359375
545.193754196167,4,99.8,17316.93359375,60089.5546875
546.2054779529572,4,100.0,17685.5703125,60458.09765625
547.2157914638519,4,99.9,18023.94921875,60796.4765625
548.2271490097046,4,99.8,18391.12890625,61163.73046875
549.2388207912445,4,99.8,18760.61328125,61533.17578125
550.2508456707001,4,100.8,19130.1953125,61902.75
551.2624254226685,4,98.9,19468.73046875,62241.2578125
552.2738828659058,4,99.9,19602.59765625,62375.19140625
553.2849299907684,4,99.9,19605.79296875,62378.4140625
554.2958397865295,4,99.8,19605.85546875,62378.4140625
555.3073723316193,4,99.9,19605.85546875,62378.4140625
556.3187549114227,4,99.9,19778.9375,62776.44921875
557.329808473587,4,98.8,20219.1484375,63107.26953125
558.3421428203583,4,100.0,20231.1484375,63107.26953125
559.3518857955933,4,99.9,20186.74609375,62961.18359375
560.3632562160492,4,99.9,6515.12109375,49284.95703125
561.3747143745422,5,0.0,7066.45703125,50171.62109375
562.3867225646973,5,100.0,7398.6796875,50528.984375
563.3970930576324,5,99.9,6694.60546875,49578.46875
564.4080920219421,2,89.1,5577.53515625,49982.7578125
565.4184129238129,2,100.0,5565.00390625,49982.7578125
566.4288666248322,2,98.9,5571.69140625,49982.7578125
567.4399108886719,2,807.5,6924.265625,49470.7265625
568.4528982639313,2,170.3,7071.58203125,49470.7265625
569.4629209041595,2,205.0,7091.8203125,49470.7265625
570.4726929664612,2,406.8,7146.37890625,49470.7265625
571.485479593277,2,1703.7,9970.37890625,49470.7265625
572.4985072612762,2,2861.0,13277.24609375,49470.7265625
573.5100054740906,2,4570.9,13493.98828125,49470.7265625
574.5349771976471,2,4485.6,13695.984375,49470.7265625
575.5463886260986,2,3692.5,14780.88671875,49470.7265625
576.5580101013184,2,3645.9,14875.53515625,49470.7265625
577.5770039558411,2,3522.6,15492.16796875,49470.7265625
578.5862321853638,2,1980.9,15479.35546875,49470.7265625
579.5950002670288,2,2986.8,15412.9453125,49470.7265625
580.6036224365234,2,1225.8,7971.23828125,49470.7265625
581.6118493080139,2,776.9,8110.75390625,49470.7265625
582.619794845581,2,222.3,8006.23828125,49470.7265625
583.6276049613953,2,954.2,7731.65625,49470.7265625
584.6357221603394,2,807.3,7463.5546875,49470.7265625
585.6452579498291,2,2259.0,11705.34375,49470.7265625
586.6640043258667,2,4524.4,13060.32421875,49470.7265625
587.6828961372375,2,4444.8,13204.39453125,49502.7265625
588.6948637962341,2,4398.8,14561.8984375,49502.7265625
589.7050085067749,2,2803.9,14895.23046875,49502.7265625
590.7655220031738,2,3546.8,15500.6171875,49502.7265625
591.7724030017853,2,1591.4,15372.5625,49502.7265625
592.7850022315979,2,3044.0,15379.54296875,49502.7265625
593.794766664505,2,1413.4,7694.3828125,49726.7265625
594.8035161495209,2,1177.1,8653.0,49726.7265625
595.8120024204254,2,1575.3,8068.66796875,49726.7265625
596.8567845821381,2,903.8,7875.58984375,49726.7265625
597.8650295734406,2,2892.9,12175.0,49726.7265625
598.8870122432709,2,4426.5,12757.79296875,49726.7265625
599.9130144119263,2,4477.6,13869.3828125,49726.7265625
600.9340240955353,2,3620.5,14838.796875,49726.7265625
601.979035615921,2,4474.0,14711.10546875,49726.7265625
602.9932181835175,2,3304.4,14473.74609375,49726.7265625
604.0019774436951,2,2178.5,14335.39453125,49726.7265625
605.0087456703186,2,3063.8,14414.77734375,49726.7265625
606.019003868103,2,1210.5,8512.6328125,49726.7265625
607.0276205539703,2,850.8,8217.1015625,49726.7265625
608.0411777496338,2,1096.8,8053.51953125,49726.7265625
609.0486471652985,2,1193.0,10488.37109375,49726.7265625
610.0610017776489,2,4469.7,12385.03515625,49726.7265625
611.0820114612579,2,4563.5,14339.1328125,49726.7265625
612.1063029766083,2,4165.6,14045.765625,49726.7265625
613.1180417537689,2,3894.4,14324.5859375,49726.7265625
614.1362714767456,2,4033.3,14018.171875,49726.7265625
615.1480062007904,2,2808.6,14426.76953125,49726.7265625
616.1695628166199,2,2609.7,14398.890625,49726.7265625
617.182370185852,2,1772.9,7422.60546875,49726.7265625
618.1912820339203,2,1183.9,8638.7109375,49726.7265625
619.1989984512329,2,1219.1,8071.60546875,49726.7265625
620.2054204940796,2,973.7,7793.1484375,49726.7265625
621.2160160541534,2,2897.3,11614.1953125,49726.7265625
622.2430016994476,2,4481.8,12630.3203125,49726.7265625
623.2707991600037,2,4431.1,13772.4140625,49726.7265625
624.2830066680908,2,3359.8,13993.48046875,49726.7265625
625.2950367927551,2,4653.9,14696.8125,49726.7265625
626.3436007499695,2,3639.2,14546.49609375,49726.7265625
627.3516545295715,2,2147.0,14379.3359375,49726.7265625
628.3596694469452,2,3074.4,14445.484375,49726.7265625
629.3680021762848,2,1113.8,8792.17578125,49982.7265625
630.3777663707733,2,839.3,8264.38671875,49982.7265625
631.3857719898224,2,1324.1,8110.92578125,49982.7265625
632.3947238922119,2,1082.4,9731.43359375,49982.7265625
633.4040083885193,2,3857.3,12525.8984375,49982.7265625
634.4250135421753,2,4486.4,12957.53515625,49982.7265625
635.451004743576,2,4409.7,14251.48828125,49982.7265625
636.4720478057861,2,3839.9,15117.67578125,49982.7265625
637.5202164649963,2,4271.8,14289.32421875,49982.7265625
638.5282289981842,2,3132.5,14732.0859375,49982.7265625
639.5382928848267,2,2227.2,14614.08203125,49982.7265625
640.5466477870941,2,3154.5,14660.15234375,49982.7265625
641.5550012588501,2,1220.0,8659.8984375,49982.7265625
642.5664315223694,2,806.2,8306.203125,49982.7265625
643.5738892555237,2,1315.0,8154.89453125,49982.7265625
644.5828120708466,2,1054.9,9732.90234375,49982.7265625
645.5895657539368,2,4235.3,11671.87890625,49982.7265625
646.6040272712708,2,4515.5,13527.40234375,49982.7265625
647.629011631012,2,4391.7,13713.14453125,49982.7265625
648.6420488357544,2,3867.9,14478.20703125,49982.7265625
649.6682653427124,2,4055.9,13779.45703125,49982.7265625
650.6790063381195,2,2830.8,14123.2578125,49982.7265625
651.703001499176,2,2910.9,14126.5703125,49982.7265625
652.7157218456268,2,1535.4,7867.7578125,49982.7265625
653.7237718105316,2,1278.1,8840.3671875,49982.7265625
654.7320110797882,2,1197.0,8329.96875,49982.7265625
655.7407441139221,2,1018.6,8153.89453125,49982.7265625
656.7500150203705,2,2888.1,11237.71875,49982.7265625
657.7650051116943,2,4375.8,12267.3203125,49982.7265625
658.7900063991547,2,4374.1,13536.34765625,49982.7265625
659.8120410442352,2,3639.0,14425.0546875,49982.7265625
660.8580515384674,2,4636.6,14318.53515625,49982.7265625
661.9011685848236,2,3107.8,14024.04296875,49982.7265625
662.9091584682465,2,2227.2,13871.82421875,49982.7265625
663.917516708374,2,3054.6,14029.8984375,49982.7265625
664.9241619110107,2,1362.0,8654.3125,49982.7265625
665.9323499202728,2,690.0,8336.20703125,49982.7265625
666.9408552646637,2,1249.8,8177.04296875,49982.7265625
667.949823141098,2,1012.7,9838.890625,49982.7265625
668.9580018520355,2,4284.1,11717.34375,49982.7265625
669.980016708374,2,4547.3,13622.078125,49982.7265625
671.0010213851929,2,4261.7,13654.48828125,49982.7265625
672.0140445232391,2,3800.7,14565.24609375,49982.7265625
673.0567095279694,2,4163.0,13797.73828125,49982.7265625
674.069004535675,2,2754.7,14129.93359375,49982.7265625
675.0920028686523,2,2788.4,14117.9765625,49982.7265625
676.106260061264,2,1496.7,7911.125,49982.7265625
677.114289522171,2,1423.3,9139.296875,49982.7265625
678.125438451767,2,993.6,8292.87890625,49982.7265625
679.1363871097565,2,1286.8,8104.1484375,49982.7265625
680.1460571289062,2,1718.8,10988.09375,49982.7265625
681.1700048446655,2,4405.6,12613.078125,49982.7265625
682.190488576889,2,4473.5,13516.2734375,49982.7265625
683.2019217014313,2,4068.7,14434.34375,49982.7265625
684.2103133201599,2,3877.8,15220.98046875,49982.7265625
685.2488300800323,2,4022.5,14448.97265625,49982.7265625
686.2610151767731,2,2794.1,14803.57421875,49982.7265625
687.283303976059,2,2674.1,14718.39453125,49982.7265625
688.295307636261,2,1863.3,7264.47265625,49982.7265625
689.3035407066345,2,1464.2,8597.30078125,49982.7265625
690.3123211860657,2,1071.5,7857.171875,49982.7265625
691.3211214542389,2,1191.9,10766.203125,49982.7265625
692.329704284668,2,3979.9,13237.66015625,49982.7265625
693.3450090885162,2,4524.7,13759.4375,49982.7265625
694.3605196475983,2,4445.1,13308.60546875,56126.7265625
695.3745832443237,2,3992.3,14661.53515625,56126.7265625
696.3850400447845,2,4246.2,15448.08203125,56126.7265625
697.4340341091156,2,4444.3,15431.81640625,56126.7265625
698.4826812744141,2,4034.9,14671.46484375,56126.7265625
699.4950139522552,2,2729.7,15059.62890625,56126.7265625
700.5176613330841,2,2740.1,15112.85546875,56126.7265625
701.5301389694214,2,1789.2,7499.9921875,56126.7265625
702.539023399353,2,1832.7,8689.27734375,56126.7265625
703.5550358295441,2,2928.7,12542.10546875,56126.7265625
704.5950133800507,2,4456.4,13058.2109375,56126.7265625
705.6213645935059,2,4096.8,12702.765625,56126.7265625
706.6420373916626,2,4183.1,13632.3203125,56126.7265625
707.6850438117981,2,4571.4,13530.40234375,56126.7265625
708.7367012500763,2,4176.1,13044.5234375,56126.7265625
709.7463002204895,2,2354.5,13215.15625,56126.7265625
710.7546274662018,2,2132.0,6939.15234375,56126.7265625
711.7647762298584,2,1548.6,6975.88671875,56126.7265625
712.7730484008789,2,2821.8,12364.58984375,56126.7265625
713.8010053634644,2,4468.7,12906.875,56126.7265625
714.8240022659302,2,4151.2,12645.4921875,56126.7265625
715.8440492153168,2,4256.2,13578.26953125,56126.7265625
716.8865911960602,2,4466.5,13557.6328125,56126.7265625
717.9368262290955,2,4116.2,13002.9375,56126.7265625
718.9569880962372,2,2487.2,13238.30078125,56126.7265625
719.9664752483368,2,2180.2,7262.28125,56638.734375
720.9750549793243,2,100.2,7415.015625,56126.7265625
721.983519077301,2,1457.3,8588.6796875,56126.7265625
722.9929258823395,2,903.3,7525.01171875,56126.7265625
724.0090010166168,2,2879.4,9624.84765625,56126.7265625
725.0263719558716,2,4331.8,11028.18359375,56126.7265625
726.0468995571136,2,4511.7,12902.9296875,56126.7265625
727.0640435218811,2,4039.2,13441.62109375,56126.7265625
728.0740950107574,2,3970.8,13416.796875,56126.7265625
729.0844430923462,2,3077.2,13978.60546875,56126.7265625
730.0919320583344,2,2060.3,13934.921875,56126.7265625
731.1040749549866,2,2866.8,13975.31640625,56126.7265625
732.1127123832703,2,257.9,7867.96875,56126.7265625
733.121031999588,2,1468.1,8496.59765625,56126.7265625
734.1290566921234,2,843.4,7952.2265625,56126.7265625
735.1359992027283,2,2886.9,9663.69921875,56126.7265625
736.1510109901428,2,4334.7,11047.39453125,56126.7265625
737.1758375167847,2,4497.9,12797.875,56126.7265625
738.1900417804718,2,4119.8,13067.98828125,56126.7265625
739.2130100727081,2,3833.1,13070.13671875,56126.7265625
740.2242660522461,2,2981.8,13558.54296875,56126.7265625
741.2356824874878,2,2571.8,13539.140625,56126.7265625
742.2481904029846,2,2036.8,7454.1171875,56126.7265625
743.255521774292,2,1496.7,9490.1484375,56126.7265625
744.2644417285919,2,580.6,8275.84765625,56126.7265625
745.2737550735474,2,1318.6,7945.5625,56126.7265625
746.2816438674927,2,2433.8,9193.83984375,56126.7265625
747.295001745224,2,4334.6,10625.46484375,56126.7265625
748.3193118572235,2,4440.5,11789.9765625,56126.7265625
749.3330192565918,2,4206.8,13022.70703125,56126.7265625
750.3563768863678,2,3380.3,13110.78125,56126.7265625
751.3670134544373,2,3098.3,13631.640625,56126.7265625
752.3876807689667,2,2071.8,13628.58203125,56126.7265625
753.3994588851929,2,2886.0,10742.890625,56126.7265625
754.4065651893616,2,1503.6,8844.8125,56126.7265625
755.4135072231293,2,603.2,8253.44140625,56126.7265625
756.42147397995,2,1175.3,7989.35546875,56126.7265625
757.4289281368256,2,2340.1,8654.90234375,56126.7265625
758.437002658844,2,3442.2,11173.3984375,56126.7265625
759.4577429294586,2,4404.5,12576.04296875,56126.7265625
760.4840023517609,2,4477.7,13192.60546875,56126.7265625
761.4958527088165,2,4200.6,14879.89453125,56126.7265625
762.5066757202148,2,3487.1,15041.7265625,56126.7265625
763.5160021781921,2,3291.7,15303.16796875,56126.7265625
764.5298771858215,2,2652.8,16135.01171875,56446.7265625
765.539395570755,2,1631.6,16043.23046875,56446.7265625
766.5475001335144,2,3756.6,16391.8359375,56446.7265625
767.5558466911316,2,628.7,7284.296875,56446.7265625
768.5642175674438,2,1510.8,9339.2109375,56446.7265625
769.5730011463165,2,641.9,8219.25,56446.7265625
770.588800907135,2,1308.5,7955.08984375,56446.7265625
771.5967581272125,2,2266.7,9243.890625,56446.7265625
772.6080048084259,2,4229.2,11106.95703125,56446.7265625
773.628297328949,2,4535.0,13306.76171875,56446.7265625
774.6560258865356,2,4359.9,14157.26953125,56446.7265625
775.670149564743,2,4003.7,14812.7890625,56446.7265625
776.68186211586,2,3042.7,14924.73828125,56446.7265625
777.6940035820007,2,3586.6,15859.19921875,56446.7265625
778.7104036808014,2,1841.1,15999.33203125,56446.7265625
779.7310020923615,2,2912.2,16002.5859375,56446.7265625
780.7430226802826,2,1668.0,16368.4375,56446.7265625
781.7562766075134,2,1346.3,8754.22265625,56446.7265625
782.7640073299408,2,975.1,8311.5,56446.7265625
783.7888669967651,2,800.1,8109.36328125,56446.7265625
784.8179903030396,2,1983.2,7963.03515625,56446.7265625
785.8613040447235,2,3469.6,10500.8984375,56446.7265625
786.873012304306,2,4524.3,12719.234375,56446.7265625
787.90047955513,2,4313.1,13112.71484375,56446.7265625
788.9220383167267,2,3706.7,13834.03125,56446.7265625
789.9614946842194,2,3596.6,13829.76171875,56446.7265625
790.9710059165955,2,1929.4,13906.515625,56446.7265625
791.9786829948425,2,3350.3,13918.99609375,56446.7265625
792.9855844974518,2,670.6,8775.17578125,56446.7265625
793.9924523830414,2,1682.6,8445.35546875,56446.7265625
795.0036160945892,2,1134.4,8283.96875,56446.7265625
796.0110030174255,2,2598.8,8117.23828125,56446.7265625
797.0420036315918,2,3436.5,10836.0078125,56446.7265625
798.0590114593506,2,4483.1,13201.765625,56446.7265625
799.0860021114349,2,4393.9,13294.3125,56446.7265625
800.1160593032837,2,3865.1,14480.76953125,56446.7265625
801.1597971916199,2,3549.7,14085.24609375,56446.7265625
802.1718020439148,2,2289.0,14432.30859375,56446.7265625
803.185004234314,2,2221.5,14506.21875,56446.7265625
804.1991031169891,2,2586.3,11522.0,56446.7265625
805.2077083587646,2,1503.5,9487.9375,56446.7265625
806.2166738510132,2,815.4,8291.41015625,56446.7265625
807.2475743293762,2,823.0,8145.7265625,56446.7265625
808.257004737854,2,1444.2,7923.46484375,56446.7265625
809.3220067024231,2,3567.7,10149.9765625,56446.7265625
810.3430116176605,2,4519.8,12317.78515625,56446.7265625
811.3690016269684,2,4443.4,12943.7421875,56446.7265625
812.3891401290894,2,3840.7,13127.90625,56446.7265625
813.4000039100647,2,3498.2,13616.703125,56446.7265625
814.4177570343018,2,1789.2,13872.9296875,56446.7265625
815.4280037879944,2,3262.4,13962.5,56446.7265625
816.43887758255,2,712.5,8114.3984375,56446.7265625
817.4463648796082,2,1745.3,8294.8046875,56446.7265625
818.4542148113251,2,804.3,8135.296875,56446.7265625
819.4625709056854,2,660.9,7936.015625,56446.7265625
820.4748349189758,2,2695.4,8028.0703125,56446.7265625
821.4839999675751,2,3708.4,10185.38671875,56446.7265625
822.4990093708038,2,4614.2,13293.7265625,56446.7265625
823.5257005691528,2,4378.8,12902.6484375,56446.7265625
824.5390100479126,2,3228.1,13148.8984375,56446.7265625
825.549233675003,2,3457.3,13907.47265625,56446.7265625
826.5625867843628,2,1431.2,13823.47265625,56446.7265625
827.570796251297,2,3203.1,14031.8828125,56446.7265625
828.5790045261383,2,1073.2,8664.453125,56446.7265625
829.5983662605286,2,1300.3,8241.05078125,56446.7265625
830.6077489852905,2,917.7,8058.6640625,56446.7265625
831.616292476654,2,626.3,7904.1015625,56446.7265625
832.6260190010071,2,3346.8,9540.484375,56446.7265625
833.642011642456,2,4387.2,11164.33984375,56446.7265625
834.6674144268036,2,4506.5,11698.6875,56446.7265625
835.6800093650818,2,4346.6,13074.98046875,56446.7265625
836.6984696388245,2,2637.3,13551.79296875,56446.7265625
837.7104833126068,2,3277.5,14225.15234375,56446.7265625
838.7209422588348,2,1430.1,14106.359375,56446.7265625
839.7316794395447,2,3390.6,14264.15625,56446.7265625
840.7420046329498,2,917.9,8811.66015625,56446.7265625
841.7611844539642,2,1246.7,8382.93359375,56446.7265625
842.7690019607544,2,1136.1,8208.92578125,56446.7265625
843.7910070419312,2,2060.5,8087.890625,56446.7265625
844.814003944397,2,3470.4,10600.81640625,56446.7265625
845.8290135860443,2,4527.2,12735.9453125,56446.7265625
846.8500437736511,2,4235.7,13172.796875,56446.7265625
847.8610379695892,2,3651.5,13348.56640625,56446.7265625
848.875077009201,2,3585.6,13818.76953125,56446.7265625
849.8850054740906,2,1918.3,13838.4765625,56446.7265625
850.8974967002869,2,3361.0,13883.5859375,56446.7265625
851.904013633728,2,629.9,8676.39453125,56446.7265625
852.9122529029846,2,1606.1,8559.6484375,56446.7265625
853.921407699585,2,830.0,8381.15625,56446.7265625
854.9298529624939,2,1256.2,8120.3671875,56446.7265625
855.9428622722626,2,3547.0,10485.390625,56446.7265625
856.9580161571503,2,4347.6,11651.890625,56446.7265625
857.9840123653412,2,4414.4,13082.70703125,56446.7265625
858.9980075359344,2,3800.1,14236.55078125,56446.7265625
860.0181851387024,2,3489.8,13564.68359375,56446.7265625
861.0273933410645,2,2825.6,14062.859375,56446.7265625
862.0350022315979,2,2307.1,14004.81640625,56446.7265625
863.0478286743164,2,2340.8,7540.6875,56446.7265625
864.05601978302,2,1572.6,9540.5234375,56446.7265625
865.0632348060608,2,643.0,8463.1484375,56446.7265625
866.0694713592529,2,1177.1,8184.3046875,56446.7265625
867.0787265300751,2,2091.2,9371.4921875,56446.7265625
868.0870018005371,2,4242.1,10913.94140625,56446.7265625
869.1073451042175,2,4477.3,12762.07421875,56446.7265625
870.1230127811432,2,4323.4,13436.63671875,56446.7265625
871.1476261615753,2,3430.2,13707.79296875,56446.7265625
872.1574566364288,2,3502.5,14328.41015625,56446.7265625
873.1660051345825,2,1904.6,14133.36328125,56446.7265625
874.1733031272888,2,3539.0,14224.65234375,56446.7265625
875.1824958324432,2,457.6,8719.1171875,56446.7265625
876.1920127868652,2,1648.9,8648.16015625,56446.7265625
877.2004754543304,2,876.4,8446.76953125,56446.7265625
878.2080368995667,2,1239.5,8181.0625,56446.7265625
879.2175014019012,2,2875.2,10183.4296875,56446.7265625
880.2320024967194,2,4323.8,11611.5,56446.7265625
881.2530102729797,2,4577.4,14325.04296875,56446.7265625
882.2790050506592,2,4107.1,14872.546875,56446.7265625
883.2979068756104,2,4044.6,15243.96875,56446.7265625
884.3090109825134,2,3398.8,15534.7578125,56446.7265625
885.3323879241943,2,3552.7,16250.87109375,56446.7265625
886.3402128219604,2,1947.9,16289.58984375,56446.7265625
887.3510000705719,2,2545.9,16419.68359375,56446.7265625
888.3654417991638,2,2170.0,16745.859375,56446.7265625
889.3740031719208,2,948.6,9010.30859375,56830.7265625
890.3931820392609,2,1184.7,8623.35546875,56830.7265625
891.4018850326538,2,785.8,8432.79296875,56830.7265625
892.4096391201019,2,1217.1,8243.15625,56830.7265625
893.418529510498,2,2704.9,9677.515625,56830.7265625
894.4310114383698,2,4387.7,11138.46484375,56830.7265625
895.4567885398865,2,4502.7,12182.34765625,56830.7265625
896.4710187911987,2,4306.2,13589.33203125,56830.7265625
897.4810078144073,2,3372.7,13810.3515625,56830.7265625
898.5075950622559,2,3185.3,14380.38671875,56830.7265625
899.5196650028229,2,1984.1,14288.33984375,56830.7265625
900.5285227298737,2,3323.7,14366.40234375,56830.7265625
901.538001537323,2,1020.7,9054.73828125,56830.7265625
902.5572752952576,2,1122.6,8640.6875,56830.7265625
903.5658686161041,2,849.2,8441.14453125,56830.7265625
904.5738315582275,2,1142.6,8145.05078125,56830.7265625
905.5840268135071,2,3398.0,10673.39453125,56830.7265625
906.599006652832,2,4411.5,11759.890625,56830.7265625
907.6241829395294,2,4364.6,13177.6171875,56830.7265625
908.6347191333771,2,3690.6,14059.46484375,56830.7265625
909.6478126049042,2,3476.2,13657.26953125,56830.7265625
910.658528804779,2,2878.7,14126.2734375,56830.7265625
911.6720104217529,2,2220.7,14170.0546875,56830.7265625
912.685441493988,2,2416.1,7806.8515625,57342.734375
913.6974854469299,2,1621.0,9270.64453125,56830.7265625
914.7041153907776,2,594.2,8634.375,56830.7265625
915.7120997905731,2,1121.2,8432.66796875,56830.7265625
916.7208232879639,2,2484.2,8474.13671875,56830.7265625
917.7299573421478,2,3420.9,11430.56640625,56830.7265625
918.7520132064819,2,4329.6,12939.65234375,56830.7265625
919.7776253223419,2,4372.2,13433.89453125,56830.7265625
920.7940013408661,2,4313.3,15146.83203125,56830.7265625
921.8141567707062,2,3401.3,15466.75,56830.7265625
922.8220040798187,2,3718.8,15883.26171875,56830.7265625
923.8425009250641,2,2485.9,16580.703125,56830.7265625
924.8558473587036,2,1681.6,16476.1328125,56830.7265625
925.8669226169586,2,3367.2,16726.46875,56830.7265625
926.8756465911865,2,566.8,8003.1796875,56830.7265625
927.8848996162415,2,1673.3,9118.9609375,56830.7265625
928.8930511474609,2,630.7,8362.01171875,56830.7265625
929.9014265537262,2,1191.7,8199.48046875,56830.7265625
930.9093105792999,2,1879.8,8599.5546875,56830.7265625
931.919002532959,2,3933.2,10632.59765625,56830.7265625
932.9390871524811,2,4371.8,11906.6640625,56830.7265625
933.9510135650635,2,4366.7,13349.83203125,56830.7265625
934.9650111198425,2,2958.4,13626.23828125,56830.7265625
935.9895188808441,2,3200.9,14239.45703125,56830.7265625
936.9959211349487,2,1903.5,14237.9453125,56830.7265625
938.0063178539276,2,3116.7,14275.6171875,56830.7265625
939.01500248909,2,1677.1,9373.7578125,56830.7265625
940.0268914699554,2,520.7,8895.921875,56830.7265625
941.0350027084351,2,1019.4,8606.484375,56830.7265625
942.0415184497833,2,3129.0,11500.61328125,56830.7265625
943.0560104846954,2,4443.2,12525.2578125,56830.7265625
944.0820164680481,2,4394.9,14134.89453125,56830.7265625
945.1000423431396,2,3840.4,15195.5703125,56830.7265625
946.1489539146423,2,4432.3,14970.6171875,56830.7265625
947.16921210289,2,3211.3,14758.27734375,56830.7265625
948.1773653030396,2,2166.3,14574.44140625,56830.7265625
949.1890006065369,2,2904.1,14683.91796875,56830.7265625
950.1990773677826,2,1485.8,9456.0234375,56830.7265625
951.2085700035095,2,1061.5,8815.0703125,56830.7265625
952.2180032730103,2,1629.2,9351.69140625,56830.7265625
953.2290534973145,2,2569.2,13617.06640625,56830.7265625
954.2690029144287,2,4505.1,14334.421875,56830.7265625
955.2900111675262,2,4592.3,16084.8203125,56830.7265625
956.3160123825073,2,4274.3,15052.6015625,56830.7265625
957.3349189758301,2,3948.4,15945.9375,56830.7265625
958.3830418586731,2,4415.5,15912.01953125,56830.7265625
959.4490096569061,2,4097.6,15075.13671875,56830.7265625
960.45791888237,2,2941.4,15526.91015625,56830.7265625
961.4677636623383,2,2666.5,15577.7109375,56830.7265625
962.4792249202728,2,1731.8,7913.8671875,56830.7265625
963.4878628253937,2,1733.2,9678.16015625,56830.7265625
964.4981620311737,2,925.9,8598.5234375,56830.7265625
965.509349822998,2,1969.8,10780.75390625,56830.7265625
966.5230021476746,2,4458.7,12481.6484375,56830.7265625
967.5448937416077,2,4541.9,14508.7890625,56830.7265625
968.5564157962799,2,4168.9,14688.5703125,56830.7265625
969.5640404224396,2,3813.3,15400.1484375,56830.7265625
970.6126091480255,2,3645.4,14665.11328125,56830.7265625
971.625007390976,2,3043.0,15105.4765625,56830.7265625
972.6480069160461,2,2322.8,15058.296875,56830.7265625
973.6603116989136,2,2184.9,8283.40234375,57342.734375
974.6684718132019,2,1700.1,9795.203125,56830.7265625
975.6765999794006,2,979.2,8604.60546875,56830.7265625
976.685055732727,2,2328.9,11339.59765625,56830.7265625
977.7064759731293,2,4459.1,12142.6953125,56830.7265625
978.7175433635712,2,4522.9,13593.125,56830.7265625
979.7290489673615,2,3822.3,14782.8671875,56830.7265625
980.7772197723389,2,4350.1,13920.08203125,56830.7265625
981.7857027053833,2,3042.0,14448.796875,56830.7265625
982.7955088615417,2,2120.8,14203.3515625,56830.7265625
983.8032119274139,2,2795.5,14326.27734375,56830.7265625
984.8170056343079,2,1685.2,9323.7421875,56830.7265625
985.8348379135132,2,897.5,8662.23046875,56830.7265625
986.8430798053741,2,1613.4,9940.0078125,56830.7265625
987.853004693985,2,3886.2,12408.3984375,56830.7265625
988.8740122318268,2,4579.6,13869.73046875,56830.7265625
989.901015996933,2,4398.0,14505.9765625,56830.7265625
990.9200377464294,2,3861.7,14600.34765625,56830.7265625
991.9360120296478,2,3630.1,14460.86328125,56830.7265625
992.9610052108765,2,3073.3,14859.234375,56830.7265625
993.9840087890625,2,2428.1,14755.28125,56830.7265625
994.9973359107971,2,2313.4,8105.609375,57342.734375
996.0065069198608,2,1740.4,9979.43359375,56830.7265625
997.0154414176941,2,861.9,8813.1640625,56830.7265625
998.0248475074768,2,1410.7,11411.125,56830.7265625
999.0347335338593,2,4038.5,14167.6875,56830.7265625
1000.0500128269196,2,4506.7,14372.3828125,56830.7265625
1001.0718755722046,2,4450.2,14063.04296875,56830.7265625
1002.0840456485748,2,4037.8,15334.02734375,56830.7265625
1003.108039855957,2,4396.6,16113.86328125,56830.7265625
1004.1540439128876,2,4449.7,16045.71484375,56830.7265625
1005.2018558979034,2,3819.1,15316.75,56830.7265625
1006.2130131721497,2,2637.2,15748.63671875,56830.7265625
1007.2235219478607,2,3112.7,15895.421875,56830.7265625
1008.2350025177002,2,734.4,9160.66015625,56830.7265625
1009.2540073394775,2,1590.5,8861.59375,56830.7265625
1010.2636878490448,2,1062.4,8642.125,56830.7265625
1011.2730371952057,2,2464.2,12104.73046875,56830.7265625
1012.2900025844574,2,4404.9,14388.28515625,56830.7265625
1013.312028169632,2,4580.3,15242.6015625,56830.7265625
1014.3390066623688,2,4374.2,15191.3828125,56830.7265625
1015.3800101280212,2,4121.0,16090.5390625,56830.7265625
1016.4270460605621,2,4530.9,16067.046875,56830.7265625
1017.4755237102509,2,4523.3,15160.89453125,56830.7265625
1018.4874081611633,2,2946.7,15741.8359375,56830.7265625
1019.4960105419159,2,2408.7,15779.15234375,56830.7265625
1020.5086078643799,2,2637.7,13670.20703125,56830.7265625
1021.516973733902,2,1668.7,7438.2578125,57342.7578125
1022.5270028114319,2,3124.4,8751.19140625,56830.7265625
1023.5350184440613,2,1877.5,8982.6640625,56830.7265625
1024.543203830719,2,682.3,8015.40625,56637.87890625
1025.5516965389252,2,2497.4,8744.8203125,56637.87890625
1026.5620040893555,2,3212.4,11396.125,56637.87890625
1027.5844521522522,2,4516.5,14540.15234375,63845.87890625
1028.6141300201416,2,4393.7,13781.16015625,63845.87890625
1029.6318664550781,2,4204.5,15472.69140625,63845.87890625
1030.6410086154938,2,2965.1,15763.70703125,63845.87890625
1031.6680014133453,2,3069.4,16131.78125,63845.87890625
1032.6795301437378,2,2529.6,17073.171875,63845.87890625
1033.687829732895,2,1319.3,16918.84765625,63845.87890625
1034.6980056762695,2,3672.3,17056.53515625,63845.87890625
1035.712571144104,2,1040.7,17443.94921875,63845.87890625
1036.7204542160034,2,732.1,8731.10546875,63845.87890625
1037.728999376297,2,2538.1,9017.046875,63845.87890625
1038.7480080127716,2,3054.5,12474.72265625,63845.87890625
1039.7699999809265,2,4167.4,13210.9765625,63845.87890625
1040.7910108566284,2,4514.1,17506.8828125,63845.87890625
1041.818006515503,2,4630.9,22429.8828125,72085.87890625
1042.847030878067,2,4298.5,17616.265625,72085.87890625
1043.86301445961,2,4364.1,18865.2421875,72085.87890625
1044.8880133628845,2,3382.8,19244.8671875,72085.87890625
1045.9094550609589,2,3552.6,19423.61328125,72085.87890625
1046.9200072288513,2,3205.1,19913.3046875,72085.87890625
1047.9281122684479,2,3416.5,21090.03125,72085.87890625
1048.940040588379,2,1091.9,20962.74609375,72085.87890625
1049.9491302967072,2,1266.9,20970.82421875,72085.87890625
1050.957909822464,2,3672.4,21103.3515625,72085.87890625
1051.97358751297,2,2250.1,21494.234375,72085.87890625
1052.9816901683807,2,636.7,8108.21875,72085.87890625
1053.9950003623962,2,2128.7,8853.26171875,72085.87890625
1055.0280137062073,2,3061.0,11829.53125,72085.87890625
1056.0480060577393,2,4274.5,12827.57421875,72085.87890625
1057.0688753128052,2,4607.5,17459.7734375,72085.87890625
1058.097016096115,2,4572.5,18492.6640625,72085.87890625
1059.1109669208527,2,4113.9,18334.9921875,72085.87890625
1060.1200029850006,2,4426.1,18535.515625,72085.87890625
1061.140417098999,2,3143.8,18919.84375,72085.87890625
1062.1523315906525,2,3181.7,18998.28125,72085.87890625
1063.1620042324066,2,3972.3,19933.54296875,72085.87890625
1064.1824498176575,2,1573.9,20387.16796875,72085.87890625
1065.1887645721436,2,1307.0,20338.9609375,72085.87890625
1066.198005437851,2,2696.3,20455.21484375,72085.87890625
1067.2098586559296,2,2887.3,20684.4765625,72085.87890625
1068.2189366817474,2,585.6,7854.82421875,72085.87890625
1069.2290036678314,2,1691.6,8875.19921875,72085.87890625
1070.2785062789917,2,3089.4,11633.02734375,72085.87890625
1071.2932858467102,2,4202.9,12811.515625,72085.87890625
1072.304016828537,2,4573.0,16623.0703125,72085.87890625
1073.3190124034882,2,4587.4,21906.15234375,72085.87890625
1074.3410172462463,2,4300.0,17891.13671875,72085.87890625
1075.3670110702515,2,4365.2,18375.5,72085.87890625
1076.379721879959,2,3511.0,18781.46875,72085.87890625
1077.3910119533539,2,3019.7,19098.125,72085.87890625
1078.4190063476562,2,3820.3,19825.28125,72085.87890625
1079.444311618805,2,2139.0,20422.99609375,72085.87890625
1080.4544768333435,2,1393.0,20250.7890625,72085.87890625
1081.4650049209595,2,1961.1,20590.74609375,72085.87890625
1082.481865644455,2,3748.9,20731.046875,72085.87890625
1083.4910504817963,2,644.8,8927.80078125,74133.89453125
1084.4991476535797,2,1020.9,8842.6171875,72085.87890625
1085.508889913559,2,2673.9,10706.30859375,72085.87890625
1086.5210032463074,2,4408.5,12598.83984375,72085.87890625
1087.5420124530792,2,4409.8,15449.515625,72085.87890625
1088.5680055618286,2,4614.2,20395.421875,72085.87890625
1089.5950362682343,2,4307.5,17205.96484375,72085.87890625
1090.6270134449005,2,4378.6,18326.578125,72085.87890625
1091.65203332901,2,3597.3,18778.8671875,72085.87890625
1092.6630098819733,2,3469.0,18823.43359375,72085.87890625
1093.6789999008179,2,3419.4,19399.82421875,72085.87890625
1094.6962900161743,2,2757.7,20387.21484375,72085.87890625
1095.705970287323,2,1202.0,20386.2265625,72085.87890625
1096.7150042057037,2,1566.3,20325.9375,72085.87890625
1097.7350044250488,2,4351.2,20495.2265625,72085.87890625
1098.7512228488922,2,779.7,7790.56640625,74133.89453125
1099.7592177391052,2,656.6,9000.28125,72085.87890625
1100.7680048942566,2,2035.2,9656.109375,72085.87890625
1101.811049938202,2,2671.1,12169.48046875,72085.87890625
1102.8288362026215,2,4390.1,14481.69140625,72085.87890625
1103.8510148525238,2,4469.8,16597.22265625,72085.87890625
1104.8780117034912,2,4585.0,20675.78125,72085.87890625
1105.9023883342743,2,4562.4,22484.578125,72085.87890625
1106.9168083667755,2,4343.5,19700.84375,72085.87890625
1107.9340074062347,2,4397.7,20510.23046875,72085.87890625
1108.947942018509,2,3548.6,20827.078125,72085.87890625
1109.9569981098175,2,3288.7,21093.18359375,72085.87890625
1110.9850225448608,2,2789.9,21166.4609375,72085.87890625
1111.9950046539307,2,4246.4,22086.50390625,72085.87890625
1113.0153625011444,2,1724.9,22583.1015625,72085.87890625
1114.0233490467072,2,1324.3,22517.48046875,72085.87890625
1115.0318882465363,2,1628.5,22736.86328125,72085.87890625
1116.042854309082,2,4515.0,22830.98046875,72085.87890625
1117.0648078918457,2,798.6,8771.5,72085.87890625
1118.0739171504974,2,603.8,8860.44140625,72085.87890625
1119.0830028057098,2,1899.4,9627.91796875,72085.87890625
1120.1240093708038,2,2738.5,12094.5625,72085.87890625
1121.1370046138763,2,4321.8,14473.140625,72085.87890625
1122.1580166816711,2,4370.7,16147.38671875,72085.87890625
1123.1850078105927,2,4622.4,20339.40625,72085.87890625
1124.2125277519226,2,4576.3,23750.921875,72085.87890625
1125.2260100841522,2,4297.4,19478.83203125,72085.87890625
1126.2470133304596,2,4383.7,20613.8359375,72085.87890625
1127.2718288898468,2,3829.0,20939.41015625,72085.87890625
1128.2920079231262,2,3069.9,21204.625,72085.87890625
1129.3167333602905,2,2926.1,21297.1484375,72085.87890625
1130.3280065059662,2,3820.8,22093.0859375,72085.87890625
1131.348578453064,2,2108.1,22735.5234375,72085.87890625
1132.3573966026306,2,1330.1,22673.375,72085.87890625
1133.3655815124512,2,1155.2,22779.51171875,72085.87890625
1134.3770077228546,2,4490.0,22896.73828125,72085.87890625
1135.3895275592804,2,1389.0,23192.88671875,72085.87890625
1136.4008836746216,2,566.4,8612.94921875,72085.87890625
1137.4089605808258,2,1326.0,9639.4453125,72085.87890625
1138.4644484519958,2,2841.0,11770.421875,72085.87890625
1139.4740052223206,2,4283.4,14493.82421875,72085.87890625
1140.4950108528137,2,4335.8,15243.6015625,72085.87890625
1141.5200114250183,2,4575.9,19784.7265625,72085.87890625
1142.547015428543,2,4509.3,24554.6875,72085.87890625
1143.5590357780457,2,4415.2,19174.41015625,72085.87890625
1144.5800106525421,2,4341.7,20587.74609375,72085.87890625
1145.6048567295074,2,4095.4,20856.93359375,72085.87890625
1146.6124424934387,2,2939.6,21107.46875,72085.87890625
1147.6215333938599,2,3240.5,21270.69140625,72085.87890625
1148.63001537323,2,3841.7,22138.4296875,72085.87890625
1149.6516740322113,2,2206.6,22730.609375,72085.87890625
1150.6623294353485,2,1338.0,22644.05859375,72085.87890625
1151.6697580814362,2,982.9,22594.7109375,72085.87890625
1152.6840109825134,2,4429.9,22938.12109375,72085.87890625
1153.7018764019012,2,1569.7,23239.68359375,72085.87890625
1154.7101392745972,2,600.2,8595.3828125,72085.87890625
1155.7199609279633,2,986.8,9672.8671875,72085.87890625
1156.7348506450653,2,3271.0,11275.6796875,72085.87890625
1157.7430019378662,2,3872.9,14505.84375,72085.87890625
1158.7640125751495,2,4437.3,14724.328125,72085.87890625
1159.7770161628723,2,4501.4,19360.58203125,72085.87890625
1160.8071897029877,2,4582.6,24780.8984375,72085.87890625
1161.833918094635,2,4357.5,19124.96484375,72085.87890625
1162.8668401241302,2,4363.3,20531.03125,72085.87890625
1163.8900141716003,2,4364.6,20738.64453125,72085.87890625
1164.9066808223724,2,2940.0,20980.48828125,72085.87890625
1165.9180154800415,2,3141.9,21328.0546875,72085.87890625
1166.9420058727264,2,3824.6,22077.3046875,72085.87890625
1167.9587800502777,2,2303.3,22706.6171875,72085.87890625
1168.9682636260986,2,1348.1,22649.828125,72085.87890625
1169.97500705719,2,1116.9,22844.1015625,72085.87890625
1170.9900040626526,2,4381.6,22778.375,72085.87890625
1172.0079433918,2,1497.9,23168.7421875,72085.87890625
1173.0172345638275,2,617.0,8548.7890625,72085.87890625
1174.0260081291199,2,1333.1,9644.4375,72085.87890625
1175.0840508937836,2,2881.2,11728.37890625,72085.87890625
1176.0940036773682,2,4174.2,14468.3203125,72085.87890625
1177.1150152683258,2,4459.3,15260.6171875,72085.87890625
1178.1410119533539,2,4577.7,19588.83984375,72085.87890625
1179.1660158634186,2,4454.0,24552.23046875,72085.87890625
1180.1963500976562,2,4347.8,19121.34765625,72085.87890625
1181.226012468338,2,4403.4,20551.36328125,72085.87890625
1182.2509274482727,2,3995.0,20900.60546875,72085.87890625
1183.2597489356995,2,2829.4,21106.74609375,72085.87890625
1184.2696597576141,2,3159.5,21346.703125,72085.87890625
1185.2780051231384,2,3915.0,22150.37890625,72085.87890625
1186.2990078926086,2,2301.5,22740.421875,72085.87890625
1187.3110179901123,2,1322.2,22673.4765625,72085.87890625
1188.3187501430511,2,1092.5,22856.953125,72085.87890625
1189.3310098648071,2,4554.9,22933.1875,72085.87890625
1190.34525680542,2,1336.0,23221.3515625,72085.87890625
1191.3533220291138,2,600.2,8564.546875,72085.87890625
1192.361396074295,2,1045.7,9681.48046875,72085.87890625
1193.3732211589813,2,3412.3,11074.15625,72085.87890625
1194.3816277980804,2,2897.6,14364.18359375,72085.87890625
1195.3920047283173,2,4102.1,15970.2109375,72085.87890625
1196.415512561798,2,4397.4,17170.05859375,72085.87890625
1197.4425303936005,2,4559.2,21579.32421875,72085.87890625
1198.4700994491577,2,4599.7,26469.39453125,82325.87890625
1199.5128738880157,2,4596.7,29039.484375,82381.87890625
1200.5288906097412,2,4206.4,22211.38671875,82381.87890625
1201.5630037784576,2,4248.9,24874.77734375,82381.87890625
1202.585265636444,2,4379.9,25089.30078125,82381.87890625
1203.6060121059418,2,4405.6,25281.578125,82381.87890625
1204.6170213222504,2,3145.2,25638.94921875,82381.87890625
1205.630019903183,2,3870.7,25967.54296875,82381.87890625
1206.666221857071,2,2596.9,26023.8125,82381.87890625
1207.6780030727386,2,3586.9,27449.21484375,82381.87890625
1208.6982116699219,2,2736.2,28491.31640625,82381.87890625
1209.7090110778809,2,1201.9,28443.57421875,82381.87890625
1210.7171621322632,2,1504.2,28424.55859375,82381.87890625
1211.724002122879,2,2122.2,28921.0859375,82381.87890625
1212.7350137233734,2,4281.6,28987.4453125,82381.87890625
1213.7463269233704,2,1208.7,29485.41796875,82381.87890625
1214.7546272277832,2,753.1,29795.1484375,82381.87890625
1215.7652106285095,2,704.9,8316.27734375,82381.87890625
1216.7738282680511,2,2193.7,9355.9765625,82381.87890625
1217.783005475998,2,3755.2,11595.4921875,82381.87890625
1218.804012298584,2,4575.5,16035.9765625,82381.87890625
1219.8310205936432,2,4416.2,15007.08203125,82381.87890625
1220.8425195217133,2,3945.7,15565.06640625,82381.87890625
1221.8520114421844,2,2837.2,15802.65234375,82381.87890625
1222.878002166748,2,3695.4,16785.46875,82381.87890625
1223.897944688797,2,1261.8,16979.953125,82381.87890625
1224.9040024280548,2,2321.6,17087.9375,82381.87890625
1225.9215896129608,2,2401.8,17406.74609375,82381.87890625
1226.9298207759857,2,701.0,8404.98828125,82381.87890625
1227.9384379386902,2,2328.5,9161.20703125,82381.87890625
1228.9470047950745,2,3504.0,11699.765625,82381.87890625
1229.9680135250092,2,4541.5,15588.6015625,82381.87890625
1230.9950301647186,2,4399.1,14776.59375,82381.87890625
1232.0070419311523,2,4109.3,15417.8203125,82381.87890625
1233.01580119133,2,2727.2,15665.5390625,82381.87890625
1234.0250041484833,2,3730.1,16472.9296875,82381.87890625
1235.0378632545471,2,1333.1,16832.06640625,82381.87890625
1236.0444293022156,2,2135.5,16975.5546875,82381.87890625
1237.0526375770569,2,2699.0,17224.28125,82381.87890625
1238.062647819519,2,488.0,8244.36328125,82381.87890625
1239.0708832740784,2,1060.8,9548.2890625,82381.87890625
1240.0786499977112,2,3251.3,10361.484375,82381.87890625
1241.0870056152344,2,2831.2,14391.7421875,82381.87890625
1242.1160049438477,2,4129.1,15966.62109375,82381.87890625
1243.1360120773315,2,4383.0,17599.359375,82381.87890625
1244.164011478424,2,4543.1,22301.00390625,82381.87890625
1245.1900131702423,2,4617.0,27638.43359375,82381.87890625
1246.216008424759,2,4561.3,25791.8515625,82381.87890625
1247.2340354919434,2,4129.2,23177.6796875,82381.87890625
1248.2640030384064,2,4156.5,24799.3046875,82381.87890625
1249.2850019931793,2,4400.3,24998.80859375,82381.87890625
1250.305258989334,2,4161.3,25355.44140625,82381.87890625
1251.3188736438751,2,2854.9,25634.89453125,82381.87890625
1252.3270094394684,2,3836.1,25901.46484375,82381.87890625
1253.3550057411194,2,3030.2,26085.765625,82381.87890625
1254.3670029640198,2,4169.5,27471.87109375,82381.87890625
1255.3780097961426,2,1845.1,28251.66015625,82381.87890625
1256.3860228061676,2,1176.5,28344.41796875,82381.87890625
1257.3940432071686,2,1395.6,28336.31640625,82381.87890625
1258.4030084609985,2,2922.1,28750.18359375,82381.87890625
1259.4158096313477,2,4230.9,29192.1640625,82381.87890625
1260.4246480464935,2,557.3,29577.015625,82381.87890625
1261.4386644363403,2,606.4,8852.12890625,84429.89453125
1262.4477798938751,2,929.8,9179.35546875,82381.87890625
1263.4566962718964,2,2886.5,10042.08203125,82381.87890625
1264.4662079811096,2,3182.2,13745.47265625,82381.87890625
1265.4790048599243,2,4325.3,14427.125,82381.87890625
1266.500023841858,2,4475.9,18883.21484375,82381.87890625
1267.539008140564,2,4545.2,24214.46484375,82381.87890625
1268.567007780075,2,4391.6,19167.68359375,82381.87890625
1269.5936274528503,2,4420.8,20364.19921875,82381.87890625
1270.6170179843903,2,3795.4,20711.5,82381.87890625
1271.6300115585327,2,3353.2,20958.23828125,82381.87890625
1272.657541513443,2,3029.6,21071.25390625,82381.87890625
1273.666015625,2,4171.3,21946.83984375,82381.87890625
1274.674042224884,2,1354.5,22236.421875,82381.87890625
1275.6849391460419,2,1324.5,22165.15234375,82381.87890625
1276.6950070858002,2,3003.7,22429.65234375,82381.87890625
1277.7119076251984,2,2759.5,22571.02734375,82381.87890625
1278.7209239006042,2,580.4,8017.578125,82381.87890625
1279.7288687229156,2,880.2,9986.76171875,82381.87890625
1280.7379987239838,2,2469.2,10127.9765625,82381.87890625
1281.7898077964783,2,2226.9,13020.24609375,82381.87890625
1282.8040158748627,2,4481.3,15747.0234375,82381.87890625
1283.8230056762695,2,4156.2,16636.75390625,82381.87890625
1284.845008611679,2,4473.8,19865.984375,82381.87890625
1285.8683874607086,2,4564.1,23613.8984375,82381.87890625
1286.8960072994232,2,4573.9,28423.36328125,82381.87890625
1287.9220123291016,2,4563.7,21180.98046875,82381.87890625
1288.9420402050018,2,4263.6,23941.4296875,82381.87890625
1289.977011680603,2,4213.6,25534.953125,82381.87890625
1291.014008283615,2,4366.7,25769.15625,82381.87890625
1292.0349106788635,2,3650.6,26136.1484375,82381.87890625
1293.0433239936829,2,2853.6,26476.23046875,82381.87890625
1294.0510122776031,2,3997.3,26684.890625,82381.87890625
1295.067002773285,2,3030.0,26797.75,82381.87890625
1296.080003976822,2,4186.6,27994.703125,82381.87890625
1297.1004371643066,2,2095.9,29110.77734375,82381.87890625
1298.1113965511322,2,1171.9,28984.6015625,82381.87890625
1299.1190130710602,2,1434.6,28939.2109375,82381.87890625
1300.1310856342316,2,1528.7,29204.09375,82381.87890625
1301.1430439949036,2,4340.2,29438.37890625,82381.87890625
1302.1530253887177,2,2216.3,30023.6015625,82381.87890625
1303.1623702049255,2,725.7,30345.16015625,82381.87890625
1304.1709990501404,2,501.0,8493.0,82381.87890625
1305.1790628433228,2,964.7,9646.55859375,82381.87890625
1306.1866431236267,2,3714.3,9929.484375,82381.87890625
1307.194010257721,2,2432.9,14480.859375,82381.87890625
1308.2170023918152,2,4168.4,16103.890625,82381.87890625
1309.2370138168335,2,4330.0,17084.66796875,82381.87890625
1310.2640099525452,2,4546.1,21624.0546875,82381.87890625
1311.2910058498383,2,4663.3,26642.6953125,82381.87890625
1312.3180162906647,2,4602.4,28182.625,82381.87890625
1313.3350212574005,2,4182.8,23203.33984375,82381.87890625
1314.3730020523071,2,4217.6,24883.16796875,82381.87890625
1315.3950009346008,2,4404.7,25117.88671875,82381.87890625
1316.4152426719666,2,4226.0,25361.8671875,82381.87890625
1317.426591873169,2,2980.8,25639.09765625,82381.87890625
1318.435879945755,2,3786.2,26028.48046875,82381.87890625
1319.4636507034302,2,2970.3,26143.38671875,82381.87890625
1320.4750056266785,2,4135.7,27571.41796875,82381.87890625
1321.4970166683197,2,2070.6,28448.49609375,82381.87890625
1322.5070056915283,2,1220.6,28416.25,82381.87890625
1323.5157029628754,2,1370.7,28534.96875,82381.87890625
1324.526004076004,2,2414.8,28927.08203125,82381.87890625
1325.5390040874481,2,4413.2,29096.51171875,82381.87890625
1326.5631258487701,2,934.9,29609.71875,82381.87890625
1327.5729060173035,2,641.7,8229.265625,84429.89453125
1328.5810823440552,2,688.4,9222.640625,82381.87890625
1329.5900025367737,2,1768.8,9854.1328125,82381.87890625
1330.6505241394043,2,2454.8,12588.02734375,82381.87890625
1331.6610102653503,2,4452.4,15314.625,82381.87890625
1332.6880049705505,2,4028.5,16272.546875,82381.87890625
1333.7102291584015,2,4500.6,19682.29296875,82381.87890625
1334.7386038303375,2,4611.5,23756.74609375,82381.87890625
1335.762764453888,2,4569.0,29211.94921875,82381.87890625
1336.7907767295837,2,4277.3,19755.94921875,82381.87890625
1337.8040108680725,2,4515.8,23879.1796875,82381.87890625
1338.8180139064789,2,4266.7,24877.7265625,82381.87890625
1339.8410081863403,2,4211.7,25205.26171875,82381.87890625
1340.8658390045166,2,3308.0,25546.2109375,82381.87890625
1341.9002113342285,2,3268.6,25880.859375,82381.87890625
1342.9270131587982,2,3364.7,25988.1015625,82381.87890625
1343.9480121135712,2,3819.6,26541.25390625,82381.87890625
1344.9597566127777,2,3372.4,27994.91796875,82381.87890625
1345.9690039157867,2,1419.0,28348.68359375,82381.87890625
1346.97718167305,2,1202.1,28597.1171875,82381.87890625
1347.9888656139374,2,1136.5,28427.46875,82381.87890625
1348.9980101585388,2,3505.7,29056.60546875,82381.87890625
1350.0204186439514,2,3568.1,29367.35546875,82381.87890625
1351.028641462326,2,557.4,29621.32421875,82381.87890625
1352.036943912506,2,582.4,9426.5546875,84429.89453125
1353.0464797019958,2,911.9,9455.00390625,82381.87890625
1354.056009054184,2,2977.1,9744.71875,82381.87890625
1355.0910048484802,2,2350.9,13497.1171875,82381.87890625
1356.1151010990143,2,4253.2,15718.59375,82381.87890625
1357.1354706287384,2,4347.2,16187.6328125,82381.87890625
1358.160015821457,2,4514.5,20941.46484375,82381.87890625
1359.1860122680664,2,4578.6,25376.0625,82381.87890625
1360.2130115032196,2,4513.8,30679.609375,82381.87890625
1361.236032962799,2,4281.5,20543.65234375,82381.87890625
1362.2500047683716,2,4131.8,24883.13671875,82381.87890625
1363.268839597702,2,4585.1,24834.890625,82381.87890625
1364.2950093746185,2,4269.5,25290.421875,82381.87890625
1365.3198220729828,2,3558.0,25498.3984375,82381.87890625
1366.351015329361,2,3358.7,25941.75,82381.87890625
1367.3777177333832,2,2760.2,25934.89453125,82381.87890625
1368.3880052566528,2,4177.5,27343.80078125,82381.87890625
1369.4083998203278,2,2555.5,28428.1015625,82381.87890625
1370.4170582294464,2,1100.8,28406.2734375,82381.87890625
1371.4262895584106,2,1457.2,28364.16015625,82381.87890625
1372.434368610382,2,1486.6,28564.86328125,82381.87890625
1373.4460113048553,2,4463.8,29053.828125,82381.87890625
1374.4621679782867,2,1693.0,29428.57421875,82381.87890625
1375.4750051498413,2,744.1,29767.48046875,82381.87890625
1376.483404636383,2,496.1,8608.7890625,82381.87890625
1377.491372346878,2,868.2,10152.671875,82381.87890625
1378.5010011196136,2,2891.8,10266.609375,82381.87890625
1379.522706747055,2,2133.9,13290.35546875,82381.87890625
1380.537006855011,2,4527.4,16154.015625,82381.87890625
1381.5510029792786,2,4082.4,17038.234375,82381.87890625
1382.5719707012177,2,4399.9,19552.4921875,82381.87890625
1383.5980093479156,2,4566.5,23466.71484375,82381.87890625
1384.6240065097809,2,4634.1,28966.89453125,82381.87890625
1385.6500120162964,2,4470.3,29121.92578125,82381.87890625
1386.6743166446686,2,4157.7,24112.140625,82381.87890625
1387.7178285121918,2,4171.8,26203.0078125,82381.87890625
1388.7400043010712,2,4453.1,26404.10546875,82381.87890625
1389.7630083560944,2,4408.2,26560.96875,82381.87890625
1390.783043384552,2,2611.5,26888.87109375,82381.87890625
1391.801010131836,2,3190.6,27217.53515625,82381.87890625
1392.8262951374054,2,3371.5,27137.35546875,82381.87890625
1393.8350052833557,2,4219.2,27926.96484375,82381.87890625
1394.8510036468506,2,3263.3,29430.515625,82381.87890625
1395.861002922058,2,1266.2,29845.5625,82381.87890625
1396.8808164596558,2,1236.6,29674.70703125,82381.87890625
1397.8899064064026,2,1176.6,29525.8828125,82381.87890625
1398.9007940292358,2,2625.0,30057.66796875,82381.87890625
1399.9128694534302,2,4628.5,30053.046875,82381.87890625
1400.9247181415558,2,938.7,30626.171875,82381.87890625
1401.9334602355957,2,888.0,30999.01953125,82381.87890625
1402.9425597190857,2,826.7,8591.19140625,82381.87890625
1403.952022075653,2,2673.7,10382.69140625,82381.87890625
1404.9700012207031,2,4188.8,12074.5,82381.87890625
1405.995244026184,2,4549.8,16740.9296875,82381.87890625
1407.0170016288757,2,4189.0,15055.00390625,82381.87890625
1408.037359714508,2,3507.5,15322.046875,82381.87890625
1409.050874710083,2,3045.2,15605.61328125,82381.87890625
1410.062311410904,2,2849.4,16715.52734375,82381.87890625
1411.0704305171967,2,1269.8,16618.6875,82381.87890625
1412.078535079956,2,3482.7,16831.9609375,82381.87890625
1413.0860884189606,2,923.6,11617.23828125,82381.87890625
1414.0950725078583,2,882.4,8778.984375,82381.87890625
1415.103746175766,2,3087.2,10754.61328125,82381.87890625
1416.1160049438477,2,4243.7,12561.38671875,82381.87890625
1417.1410105228424,2,4559.1,15163.3203125,82381.87890625
1418.158010005951,2,4211.2,14970.4375,82381.87890625
1419.182785987854,2,3523.3,15197.48046875,82381.87890625
1420.2115035057068,2,3361.4,15652.87109375,82381.87890625
1421.2231256961823,2,2335.6,16494.34375,82381.87890625
1422.2360062599182,2,1308.6,16650.13671875,82381.87890625
1423.2480032444,2,3511.4,16894.96875,82381.87890625
1424.2566010951996,2,581.8,8927.91796875,84429.89453125
1425.265380859375,2,674.6,9541.0703125,82381.87890625
1426.275006532669,2,1222.8,10228.765625,82381.87890625
1427.3351826667786,2,3782.9,11146.5703125,82381.87890625
1428.3440356254578,2,2848.5,15028.5625,82381.87890625
1429.380525112152,2,4093.1,16791.25390625,82381.87890625
1430.3900117874146,2,4405.6,17060.10546875,82381.87890625
1431.4150128364563,2,4473.5,21290.60546875,82381.87890625
1432.4410104751587,2,4550.4,26036.03515625,82381.87890625
1433.47500872612,2,4582.6,32151.9921875,82381.87890625
1434.5020191669464,2,4243.9,21162.953125,82381.87890625
1435.5180177688599,2,4486.3,25293.0234375,82381.87890625
1436.5420083999634,2,4278.9,26245.20703125,82381.87890625
1437.5670075416565,2,4315.9,26514.66796875,82381.87890625
1438.5876278877258,2,3356.9,26806.6875,82381.87890625
1439.6037549972534,2,2769.3,27158.33984375,82381.87890625
1440.614538192749,2,3887.1,27223.015625,82381.87890625
1441.6235949993134,2,2678.3,27326.33984375,82381.87890625
1442.6760034561157,2,4226.1,28685.984375,82381.87890625
1443.6965727806091,2,2620.8,29742.80859375,82381.87890625
1444.7080075740814,2,1112.6,29592.1796875,82381.87890625
1445.7150025367737,2,1367.3,29552.796875,82381.87890625
1446.7232444286346,2,887.4,29606.74609375,82381.87890625
1447.7320065498352,2,3704.3,30279.22265625,82381.87890625
1448.7572321891785,2,4040.7,30524.51953125,82381.87890625
1449.7660245895386,2,561.9,30825.6015625,82381.87890625
1450.7750401496887,2,590.9,9077.890625,84429.89453125
1451.7836484909058,2,724.0,9560.96875,82381.87890625
1452.7940063476562,2,1938.8,9924.01171875,82381.87890625
1453.8438920974731,2,2586.2,12462.41796875,82381.87890625
1454.8526520729065,2,4313.7,15328.48046875,82381.87890625
1455.8630168437958,2,4035.0,16279.23046875,82381.87890625
1456.88401055336,2,4456.6,19005.07421875,82381.87890625
1457.9130110740662,2,4652.7,24325.3671875,82381.87890625
1458.9400107860565,2,4606.1,30349.94921875,82381.87890625
1459.9610044956207,2,4245.2,19672.54296875,82381.87890625
1460.9728636741638,2,4501.4,23428.07421875,82381.87890625
1461.9990096092224,2,4282.0,25016.1328125,82381.87890625
1463.0244007110596,2,4284.2,25319.3828125,82381.87890625
1464.0440163612366,2,3306.3,25618.59375,82381.87890625
1465.0570135116577,2,3338.7,25931.14453125,82381.87890625
1466.084009885788,2,3497.7,25947.390625,82381.87890625
1467.1080026626587,2,3748.8,26501.3828125,82381.87890625
1468.1212871074677,2,3423.3,28053.27734375,82381.87890625
1469.1346113681793,2,1506.4,28647.5,82381.87890625
1470.14630651474,2,1291.3,28593.24609375,82381.87890625
1471.158438205719,2,1173.6,28417.90625,82381.87890625
1472.1680130958557,2,3421.3,29042.6015625,82381.87890625
1473.1838660240173,2,3685.2,29348.43359375,82381.87890625
1474.1928725242615,2,552.3,29605.21484375,82381.87890625
1475.2014060020447,2,577.9,9250.73828125,84429.89453125
1476.210281610489,2,694.6,9700.9921875,82381.87890625
1477.2200057506561,2,1462.6,10199.23828125,82381.87890625
1478.2754695415497,2,3441.8,11482.328125,82381.87890625
1479.2850325107574,2,3137.6,15172.16796875,82381.87890625
1480.3092005252838,2,4181.0,16869.953125,82381.87890625
1481.3310148715973,2,4411.1,17108.93359375,82381.87890625
1482.3500106334686,2,4527.1,21882.0703125,82381.87890625
1483.3810093402863,2,4577.8,26228.640625,82381.87890625
1484.4070057868958,2,4582.9,31981.13671875,82381.87890625
1485.434033870697,2,4250.8,21853.45703125,82381.87890625
1486.4690182209015,2,4467.6,25700.1640625,82381.87890625
1487.4880108833313,2,4232.0,26135.87890625,82381.87890625
1488.514006614685,2,4231.9,26460.9140625,82381.87890625
1489.5350153446198,2,2986.0,26779.5703125,82381.87890625
1490.5559332370758,2,3143.9,27065.4765625,82381.87890625
1491.5858042240143,2,3331.9,26955.67578125,82381.87890625
1492.5960009098053,2,3399.3,27304.1796875,82381.87890625
1493.6140036582947,2,4202.8,28661.21875,82381.87890625
1494.6341679096222,2,1827.9,29610.5078125,82381.87890625
1495.6450049877167,2,1159.8,29529.70703125,82381.87890625
1496.652801990509,2,1417.1,29548.3671875,82381.87890625
1497.661138534546,2,819.5,29571.53125,82381.87890625
1498.6750040054321,2,4355.3,29969.33984375,82381.87890625
1499.6902551651,2,3250.4,30571.16015625,82381.87890625
1500.6982276439667,2,561.4,30786.3515625,82381.87890625
1501.7082540988922,2,613.0,7712.65234375,82381.87890625
1502.7164766788483,2,894.1,9691.3671875,82381.87890625
1503.7260043621063,2,2518.1,9886.91015625,82381.87890625
1504.7863392829895,2,2319.5,12839.59765625,82381.87890625
1505.8000040054321,2,4152.6,15868.11328125,82381.87890625
1506.8210096359253,2,4294.1,16343.94140625,82381.87890625
1507.8460128307343,2,4586.9,21011.4140625,82381.87890625
1508.8720135688782,2,4597.3,24007.38671875,82381.87890625
1509.8980131149292,2,4588.8,29440.8359375,82381.87890625
1510.9250087738037,2,4240.7,20446.6953125,82381.87890625
1511.9450161457062,2,4578.1,24277.67578125,82381.87890625
1512.960011959076,2,4220.1,24762.05859375,82381.87890625
1513.980164527893,2,4187.5,25219.33203125,82381.87890625
1514.9950187206268,2,3179.8,25440.4609375,82381.87890625
1516.0204253196716,2,3132.6,25757.09375,82381.87890625
1517.0290060043335,2,3262.8,25802.49609375,82381.87890625
1518.0358567237854,2,3941.8,26570.046875,82381.87890625
1519.0470011234283,2,3220.8,28136.5625,82381.87890625
1520.0569353103638,2,1313.8,28442.19140625,82381.87890625
1521.0677604675293,2,1411.3,28420.4375,82381.87890625
1522.076001405716,2,1164.6,28532.56640625,82381.87890625
1523.0910050868988,2,4396.7,28844.6484375,82381.87890625
1524.1031982898712,2,2403.8,29412.65625,82381.87890625
1525.113580942154,2,627.4,29681.83984375,82381.87890625
1526.122474193573,2,493.1,8256.83203125,82381.87890625
1527.130393743515,2,1052.9,9570.67578125,82381.87890625
1528.1390027999878,2,3465.8,9810.1015625,82381.87890625
1529.1985552310944,2,2273.9,13628.47265625,82381.87890625
1530.2175257205963,2,4187.5,15953.80078125,82381.87890625
1531.2270138263702,2,4374.4,16425.6640625,82381.87890625
1532.2410128116608,2,4588.6,21819.25390625,82381.87890625
1533.2670114040375,2,4608.2,26768.83984375,82381.87890625
1534.2940120697021,2,4518.6,30659.19140625,82381.87890625
1535.3170237541199,2,4242.8,21506.78515625,82381.87890625
1536.3490042686462,2,4059.9,24844.3984375,82381.87890625
1537.3700120449066,2,4381.5,25091.78125,82381.87890625
1538.3910112380981,2,4441.5,25255.06640625,82381.87890625
1539.4160125255585,2,3167.6,25530.62109375,82381.87890625
1540.4270107746124,2,3408.5,25953.2265625,82381.87890625
1541.4557554721832,2,2788.1,26018.78125,82381.87890625
1542.4680063724518,2,4237.7,27396.5390625,82381.87890625
1543.4944303035736,2,2371.7,28485.90625,82381.87890625
1544.5040216445923,2,1184.1,28334.51171875,82381.87890625
1545.5133612155914,2,1448.1,28300.59765625,82381.87890625
1546.521002292633,2,1980.1,28991.73046875,82381.87890625
1547.544004201889,2,4535.9,28777.703125,82381.87890625
1548.5554087162018,2,1050.5,29253.45703125,82381.87890625
1549.5643136501312,2,955.8,27349.77734375,82381.87890625
1550.571875333786,2,612.6,8873.765625,82381.87890625
1551.5790123939514,2,1728.3,9650.109375,82381.87890625
1552.6260023117065,2,2727.0,12119.0546875,82381.87890625
1553.643004655838,2,4391.0,14505.9609375,82381.87890625
1554.663645029068,2,4434.2,16059.62109375,82381.87890625
1555.685010433197,2,4546.3,20446.51953125,82381.87890625
1556.7120122909546,2,4588.5,25037.1875,82381.87890625
1557.7390213012695,2,4397.0,19879.09375,82381.87890625
1558.763923883438,2,4414.5,20642.08984375,82381.87890625
1559.7870061397552,2,3663.8,20951.92578125,82381.87890625
1560.7950098514557,2,3201.6,21229.41015625,82381.87890625
1561.821540594101,2,3134.7,21411.8203125,82381.87890625
1562.8306818008423,2,4160.8,22350.70703125,82381.87890625
1563.8423533439636,2,1636.0,22810.1640625,82381.87890625
1564.8513634204865,2,1341.0,22711.36328125,82381.87890625
1565.8590030670166,2,1522.5,22953.0859375,82381.87890625
1566.8719465732574,2,4508.7,22833.9765625,82381.87890625
1567.8840012550354,2,972.0,22670.12109375,82381.87890625
1568.8932995796204,2,525.7,9010.32421875,82381.87890625
1569.9013261795044,2,883.3,9668.04296875,82381.87890625
1570.908921957016,2,3779.6,10800.09765625,82381.87890625
1571.9180164337158,2,3090.6,14553.6640625,82381.87890625
1572.9320013523102,2,4190.0,16082.39453125,82381.87890625
1573.9530103206635,2,4344.9,17922.640625,82381.87890625
1574.9830737113953,2,4571.7,22306.96875,82381.87890625
1576.0090091228485,2,4607.6,27868.9140625,82381.87890625
1577.034687280655,2,4381.6,25960.82421875,82381.87890625
1578.0588808059692,2,4213.5,23177.59765625,82381.87890625
1579.090003490448,2,4231.8,24837.73046875,82381.87890625
1580.1110026836395,2,4365.5,25035.60546875,82381.87890625
1581.1311922073364,2,3989.1,25399.25,82381.87890625
1582.1383333206177,2,2843.8,25670.6953125,82381.87890625
1583.1468613147736,2,3933.2,25957.80859375,82381.87890625
1584.1570055484772,2,2661.5,26066.890625,82381.87890625
1585.1680047512054,2,4185.4,27409.19921875,82381.87890625
1586.17595744133,2,2172.3,28342.48828125,82381.87890625
1587.1873955726624,2,1158.4,28296.25390625,82381.87890625
1588.1937963962555,2,1458.5,28341.87890625,82381.87890625
1589.2010080814362,2,2249.9,28867.27734375,82381.87890625
1590.2136433124542,2,4476.8,28881.28515625,82381.87890625
1591.222445011139,2,1042.0,29466.25390625,82381.87890625
1592.2311997413635,2,723.8,7691.23046875,84429.89453125
1593.2395668029785,2,593.2,8955.890625,82381.87890625
1594.2477676868439,2,1364.3,9761.40234375,82381.87890625
1595.2758791446686,2,2977.7,11787.07421875,82381.87890625
1596.2850165367126,2,3957.5,14914.8671875,82381.87890625
1597.2970061302185,2,4079.0,16120.50390625,82381.87890625
1598.3180148601532,2,4472.0,19052.86328125,82381.87890625
1599.3450107574463,2,4588.2,23206.734375,82381.87890625
1600.3710069656372,2,4629.5,28695.26953125,82381.87890625
1601.3967039585114,2,4423.0,19531.67578125,82381.87890625
1602.4070165157318,2,4351.7,23207.53515625,82381.87890625
1603.4425241947174,2,4206.9,24853.22265625,82381.87890625
1604.4661235809326,2,4237.4,25202.33203125,82381.87890625
1605.4780106544495,2,3503.1,25487.78125,82381.87890625
1606.494015455246,2,3043.6,25848.82421875,82381.87890625
1607.5212478637695,2,3592.4,25818.7265625,82381.87890625
1608.531002521515,2,3706.7,26324.9453125,82381.87890625
1609.5513079166412,2,3864.3,27588.71484375,82381.87890625
1610.5600032806396,2,1531.7,28331.46484375,82381.87890625
1611.5676879882812,2,1289.0,28321.62890625,82381.87890625
1612.575522184372,2,1101.5,28487.67578125,82381.87890625
1613.5850043296814,2,3010.2,28775.49609375,82381.87890625
1614.5964550971985,2,4205.4,29243.25390625,82381.87890625
1615.604487657547,2,564.8,29554.12890625,82381.87890625
1616.6119713783264,2,569.7,8731.42578125,84429.89453125
1617.6211998462677,2,698.4,9429.64453125,82381.87890625
1618.6300024986267,2,1568.5,10019.68359375,82381.87890625
1619.686711549759,2,3041.1,11864.99609375,82381.87890625
1620.6950075626373,2,3661.4,14858.97265625,82381.87890625
1621.711002588272,2,4120.8,16405.46875,82381.87890625
1622.7320086956024,2,4441.0,17989.69921875,82381.87890625
1623.7610111236572,2,4590.4,22152.8125,82381.87890625
1624.7860171794891,2,4568.7,27498.4921875,82381.87890625
1625.8250114917755,2,4565.2,28671.015625,82381.87890625
1626.8460173606873,2,4254.7,22787.69140625,82381.87890625
1627.8780031204224,2,4221.8,25597.21875,82381.87890625
1628.8958749771118,2,4421.9,25774.671875,82381.87890625
1629.91801071167,2,4402.1,25902.25390625,82381.87890625
1630.9426486492157,2,2718.8,26239.09375,82381.87890625
1631.9749212265015,2,3259.3,26631.90625,82381.87890625
1633.0004489421844,2,2968.7,26520.4375,82381.87890625
1634.0094156265259,2,4106.8,27800.61328125,82381.87890625
1635.0200016498566,2,3439.9,29015.203125,82381.87890625
1636.034568309784,2,1003.4,29051.78125,82381.87890625
1637.0431432724,2,1404.8,28905.43359375,82381.87890625
1638.0540215969086,2,934.1,28918.453125,82381.87890625
1639.0630044937134,2,3740.5,29572.984375,82381.87890625
1640.0835480690002,2,3679.7,29854.125,82381.87890625
1641.0919153690338,2,568.4,30130.078125,82381.87890625
1642.0999267101288,2,574.4,9373.55078125,84429.89453125
1643.107961177826,2,1020.8,8963.33984375,82381.87890625
1644.1176128387451,2,2744.1,10555.296875,82381.87890625
1645.1300036907196,2,4330.9,12445.10546875,82381.87890625
1646.151017665863,2,4529.8,16185.13671875,82381.87890625
1647.1797666549683,2,4542.1,17937.109375,82381.87890625
1648.202003955841,2,4186.3,17516.57421875,82381.87890625
1649.2230141162872,2,4423.2,17745.26953125,82381.87890625
1650.2478835582733,2,2709.6,18092.125,82381.87890625
1651.276002407074,2,3031.6,18200.9453125,82381.87890625
1652.2876799106598,2,3632.2,19433.6328125,82381.87890625
1653.2971527576447,2,1053.4,19219.4375,82381.87890625
1654.308002948761,2,1345.3,19404.52734375,82381.87890625
1655.3190033435822,2,4310.7,19493.953125,82381.87890625
1656.3317239284515,2,720.6,8083.3125,84429.89453125
1657.3410036563873,2,939.2,9017.69140625,82381.87890625
1658.355004310608,2,2785.5,9517.390625,82381.87890625
1659.4184966087341,2,2769.6,13657.484375,82381.87890625
1660.4445769786835,2,4324.2,14319.64453125,82381.87890625
1661.4669053554535,2,4548.2,18317.70703125,82381.87890625
1662.4940185546875,2,4548.9,22992.1171875,82381.87890625
1663.5199174880981,2,4138.3,17648.69140625,82381.87890625
1664.537009716034,2,4334.2,20138.83984375,82381.87890625
1665.5617275238037,2,4377.0,20379.63671875,82381.87890625
1666.571358680725,2,2877.1,20595.1640625,82381.87890625
1667.5800111293793,2,3139.9,20916.43359375,82381.87890625
1668.5970029830933,2,3967.4,21693.4765625,82381.87890625
1669.6176784038544,2,1764.3,22251.6328125,82381.87890625
1670.6290051937103,2,1341.1,22056.578125,82381.87890625
1671.6380035877228,2,1931.6,22285.86328125,82381.87890625
1672.653451681137,2,4072.5,22519.48046875,82381.87890625
1673.6624825000763,2,637.2,8296.33984375,84429.89453125
1674.6715168952942,2,873.9,9159.14453125,82381.87890625
1675.6796510219574,2,2907.5,9679.21484375,82381.87890625
1676.6890127658844,2,2921.7,13614.4765625,82381.87890625
1677.7000045776367,2,4253.2,14226.53515625,82381.87890625
1678.7210161685944,2,4541.8,18160.87890625,82381.87890625
1679.7480099201202,2,4634.9,23414.4453125,82381.87890625
1680.7740092277527,2,4294.9,18682.42578125,82381.87890625
1681.800012588501,2,4301.2,19826.23046875,82381.87890625
1682.826018333435,2,3733.5,20143.5234375,82381.87890625
1683.8430173397064,2,3509.3,20391.078125,82381.87890625
1684.8731608390808,2,2956.9,20583.86328125,82381.87890625
1685.8840045928955,2,3966.5,21611.03125,82381.87890625
1686.8931167125702,2,1258.0,21797.01171875,82381.87890625
1687.900173664093,2,1280.5,21661.6171875,82381.87890625
1688.9090056419373,2,2982.4,21985.2578125,82381.87890625
1689.9302291870117,2,2714.4,22157.90625,82381.87890625
1690.9411067962646,2,506.9,7979.390625,82381.87890625
1691.9490020275116,2,1098.8,9057.30859375,82381.87890625
1692.9556331634521,2,2718.3,11594.0625,82381.87890625
1693.968002796173,2,4348.4,13952.55078125,82381.87890625
1694.9890184402466,2,4465.2,15746.6484375,82381.87890625
1696.0191612243652,2,4588.8,20387.9296875,82381.87890625
1697.0438508987427,2,4488.1,18639.7265625,82381.87890625
1698.0581047534943,2,4165.0,19907.9609375,82381.87890625
1699.073000907898,2,4516.1,20052.97265625,82381.87890625
1700.1030204296112,2,3313.5,20271.86328125,82381.87890625
1701.128823518753,2,3288.9,20369.4765625,82381.87890625
1702.138001203537,2,3557.0,20883.890625,82381.87890625
1703.15300822258,2,2754.5,21780.0546875,82381.87890625
1704.1630218029022,2,1229.2,21849.59765625,82381.87890625
1705.1819632053375,2,1130.9,21877.47265625,82381.87890625
1706.1950051784515,2,4517.0,21981.828125,82381.87890625
1707.209461927414,2,1146.4,22281.90234375,82381.87890625
1708.216966867447,2,708.0,8745.703125,82381.87890625
1709.2260041236877,2,2237.8,9493.8671875,82381.87890625
1710.2810044288635,2,2820.1,12675.65625,82381.87890625
1711.2970056533813,2,4307.3,14299.28125,82381.87890625
1712.3180174827576,2,4477.4,17288.5859375,82381.87890625
1713.3440117835999,2,4578.4,22431.3828125,82381.87890625
1714.3700318336487,2,4434.2,16987.06640625,82381.87890625
1715.39000082016,2,4373.5,20154.1328125,82381.87890625
1716.4130098819733,2,4402.6,20349.2265625,82381.87890625
1717.4378032684326,2,3077.4,20608.6796875,82381.87890625
1718.4680094718933,2,3076.8,20867.78515625,82381.87890625
1719.4860010147095,2,3885.8,21545.49609375,82381.87890625
1720.5100123882294,2,2220.9,22112.5546875,82381.87890625
1721.5242710113525,2,1266.3,22152.13671875,82381.87890625
1722.5340044498444,2,1511.3,22199.2421875,82381.87890625
1723.545013666153,2,4425.2,22284.5546875,82381.87890625
1724.5647728443146,2,864.3,21969.6484375,82381.87890625
1725.577184677124,2,859.3,8737.62890625,82381.87890625
1726.5891239643097,2,2355.7,10317.80078125,82381.87890625
1727.6000039577484,2,4241.5,12172.30859375,82381.87890625
1728.6210103034973,2,4522.5,15845.28125,82381.87890625
1729.648009300232,2,4611.5,16964.73046875,82381.87890625
1730.6690039634705,2,4204.8,17259.38671875,82381.87890625
1731.6877925395966,2,4375.9,17427.97265625,82381.87890625
1732.708015203476,2,2836.8,17774.0625,82381.87890625
1733.736009836197,2,3695.3,18143.171875,82381.87890625
1734.7506000995636,2,2801.7,19133.97265625,82381.87890625
1735.7590026855469,2,1295.6,18955.421875,82381.87890625
1736.7689769268036,2,2127.7,19108.04296875,82381.87890625
1737.780559539795,2,3193.3,19364.46484375,82381.87890625
1738.78941488266,2,555.6,9664.625,84429.89453125
1739.798003435135,2,1510.9,8869.8515625,82381.87890625
1740.860015153885,2,3363.4,11427.4765625,82381.87890625
1741.8760318756104,2,4237.3,12684.5390625,82381.87890625
1742.9090116024017,2,4562.4,17837.90234375,82381.87890625
1743.9354555606842,2,4361.3,14802.75390625,82381.87890625
1744.952003955841,2,4382.3,17331.74609375,82381.87890625
1745.9727592468262,2,3785.0,17650.28125,82381.87890625
1746.9838886260986,2,3348.4,17916.44921875,82381.87890625
1748.0116183757782,2,3390.6,18366.76171875,82381.87890625
1749.0200114250183,2,2341.8,19101.078125,82381.87890625
1750.03005361557,2,1339.5,19000.125,82381.87890625
1751.041006565094,2,2549.7,19226.671875,82381.87890625
1752.0560042858124,2,2776.7,19511.75,82381.87890625
1753.0655627250671,2,516.1,7871.66015625,82381.87890625
1754.0740051269531,2,2220.8,8676.171875,82381.87890625
1755.1284635066986,2,3317.1,11425.1015625,82381.87890625
1756.1510112285614,2,4529.0,14525.78515625,82381.87890625
1757.17706656456,2,4393.2,13832.2265625,82381.87890625
1758.1920030117035,2,4158.9,15343.04296875,82381.87890625
1759.208006620407,2,3017.5,15610.65234375,82381.87890625
1760.2230021953583,2,3598.0,16353.58984375,82381.87890625
1761.2432615756989,2,1764.0,16825.63671875,82381.87890625
1762.2520067691803,2,1541.8,16997.3828125,82381.87890625
1763.2722573280334,2,3352.0,17220.875,82381.87890625
1764.2813408374786,2,588.7,9658.109375,84429.89453125
1765.2886328697205,2,2109.9,8734.88671875,82381.87890625
1766.3000218868256,2,3233.5,11726.59765625,82381.87890625
1767.312003850937,2,3985.7,13360.90234375,82381.87890625
1768.3330092430115,2,4548.2,17009.359375,82381.87890625
1769.356433391571,2,4137.5,16459.69140625,82381.87890625
1770.3650183677673,2,3687.4,16763.50390625,82381.87890625
1771.397008895874,2,3250.3,16955.75,82381.87890625
1772.420001745224,2,3229.4,17573.1484375,82381.87890625
1773.4320049285889,2,3924.2,18819.609375,82829.87890625
1774.4521489143372,2,1863.1,19209.4296875,82829.87890625
1775.4610023498535,2,3187.3,19389.90625,82829.87890625
1776.472595691681,2,2747.5,19577.30859375,82829.87890625
1777.481709241867,2,671.5,8099.8671875,82829.87890625
1778.492000579834,2,2391.2,8909.04296875,82829.87890625
1779.5180079936981,2,3603.7,12783.6875,82829.87890625
1780.5310108661652,2,4297.5,13464.4375,82829.87890625
1781.5554435253143,2,4483.2,15407.26171875,82829.87890625
1782.5700016021729,2,4260.6,16515.625,82829.87890625
1783.591022491455,2,3478.1,16799.16015625,82829.87890625
1784.6222393512726,2,3017.0,17006.1328125,82829.87890625
1785.6326816082,2,3916.4,18200.6953125,82829.87890625
1786.6460094451904,2,3498.0,19214.6484375,82829.87890625
1787.6535365581512,2,1313.2,19315.0078125,82829.87890625
1788.6680023670197,2,4409.2,19391.8828125,82829.87890625
1789.6803421974182,2,1368.0,19756.53125,82829.87890625
1790.6867990493774,2,1464.4,8548.93359375,82829.87890625
1791.6962308883667,2,2584.0,9270.16796875,82829.87890625
1792.705005645752,2,3763.6,13348.16796875,82829.87890625
1793.7260110378265,2,4481.4,14956.3046875,82829.87890625
1794.7523710727692,2,4411.1,15195.1328125,82829.87890625
1795.7658779621124,2,4216.2,16633.1640625,82829.87890625
1796.7766885757446,2,3062.4,16864.00390625,82829.87890625
1797.7858271598816,2,3047.5,17139.93359375,82829.87890625
1798.79900431633,2,4228.6,18596.71875,82829.87890625
1799.8195219039917,2,2750.7,19135.8359375,82829.87890625
1800.830001592636,2,2027.2,19377.0859375,82829.87890625
1801.841215133667,2,4237.2,19495.8046875,82829.87890625
1802.84952044487,2,638.8,8349.2421875,84877.89453125
1803.8577136993408,2,1976.2,8797.4296875,82829.87890625
1804.8660292625427,2,2567.0,10558.64453125,82829.87890625
1805.885004043579,2,4253.0,13377.13671875,82829.87890625
1806.9047133922577,2,4504.0,16423.7890625,82829.87890625
1807.9330050945282,2,4331.8,16462.41796875,82829.87890625
1808.9540247917175,2,3650.6,16812.83203125,82829.87890625
1809.979783296585,2,3197.9,16960.31640625,82829.87890625
1810.9900312423706,2,3359.2,17622.19140625,82829.87890625
1812.0020048618317,2,4292.2,18861.125,82829.87890625
1813.022213459015,2,1739.6,19192.78125,82829.87890625
1814.030797958374,2,2971.6,19385.65234375,82829.87890625
1815.0431160926819,2,2942.8,19542.6796875,82829.87890625
1816.0514914989471,2,637.1,8037.53125,82829.87890625
1817.0610015392303,2,2332.4,8877.84375,82829.87890625
1818.1130044460297,2,3620.0,12699.4453125,82829.87890625
1819.1270151138306,2,4322.2,13434.01953125,82829.87890625
1820.1520190238953,2,4536.1,15369.08984375,82829.87890625
1821.1670036315918,2,4183.0,16547.828125,82829.87890625
1822.1880204677582,2,3556.4,16843.96875,82829.87890625
1823.218789100647,2,2920.1,17178.44140625,82829.87890625
1824.2370595932007,2,3821.3,18110.890625,82829.87890625
1825.247682094574,2,3543.6,19213.79296875,82829.87890625
1826.2560019493103,2,1325.3,19094.8515625,82829.87890625
1827.2678911685944,2,4449.3,19328.03125,82829.87890625
1828.279007434845,2,1327.7,19682.33984375,82829.87890625
1829.287435054779,2,1502.6,8501.72265625,82829.87890625
1830.297061920166,2,2683.1,9093.28515625,82829.87890625
1831.3063383102417,2,3648.6,13366.359375,82829.87890625
1832.3180122375488,2,4475.7,14751.73828125,82829.87890625
1833.3448717594147,2,4449.0,15181.70703125,82829.87890625
1834.3570137023926,2,4216.4,16626.9140625,82829.87890625
1835.3778727054596,2,3135.5,16871.66796875,82829.87890625
1836.3856134414673,2,2754.4,17130.66015625,82829.87890625
1837.3950026035309,2,4291.4,18671.40625,82829.87890625
1838.415328502655,2,2828.2,19211.5078125,82829.87890625
1839.4240114688873,2,2023.7,19421.265625,82829.87890625
1840.4390060901642,2,4348.8,19536.3203125,82829.87890625
1841.448546886444,2,631.5,8617.4453125,84877.89453125
1842.457144021988,2,2019.5,8786.625,82829.87890625
1843.465970993042,2,2712.3,11127.8046875,82829.87890625
1844.4830040931702,2,4195.7,13441.234375,82829.87890625
1845.5033931732178,2,4539.5,16420.86328125,82829.87890625
1846.5310082435608,2,4291.5,16505.36328125,82829.87890625
1847.55207157135,2,3582.2,16830.09375,82829.87890625
1848.5783081054688,2,3199.0,17042.65625,82829.87890625
1849.5860033035278,2,3476.1,17702.73046875,82829.87890625
1850.5980017185211,2,4376.2,18939.16015625,82829.87890625
1851.6182670593262,2,1608.2,19282.16796875,82829.87890625
1852.6250019073486,2,3129.5,19463.1484375,82829.87890625
1853.6405618190765,2,2882.0,19635.1171875,82829.87890625
1854.648708820343,2,740.9,8135.53125,82829.87890625
1855.6590030193329,2,2307.1,8915.33984375,82829.87890625
1856.702740907669,2,3666.1,12732.22265625,82829.87890625
1857.7140064239502,2,4340.7,13466.42578125,82829.87890625
1858.7381238937378,2,4533.6,15396.20703125,82829.87890625
1859.7560081481934,2,4206.6,16546.62890625,82829.87890625
1860.7778367996216,2,3475.5,16843.9921875,82829.87890625
1861.7865810394287,2,2944.6,17039.86328125,82829.87890625
1862.794937133789,2,4071.7,18216.3671875,82829.87890625
1863.805494070053,2,3481.1,19278.14453125,82829.87890625
1864.8119995594025,2,1276.0,19213.17578125,82829.87890625
1865.8270063400269,2,4455.3,19360.0390625,82829.87890625
1866.838495016098,2,1441.6,19769.29296875,82829.87890625
1867.8462703227997,2,1491.5,8527.33203125,82829.87890625
1868.8560736179352,2,2624.2,9275.9765625,82829.87890625
1869.8650028705597,2,3814.4,13366.4609375,82829.87890625
1870.886015176773,2,4465.3,15011.9765625,82829.87890625
1871.9104063510895,2,4421.9,15315.44921875,82829.87890625
1872.9277505874634,2,4154.6,16668.90625,82829.87890625
1873.9380066394806,2,3195.5,16890.53515625,82829.87890625
1874.9630992412567,2,2822.4,17123.05859375,82829.87890625
1875.9786324501038,2,4307.0,18823.5703125,82829.87890625
1876.9991812705994,2,2666.9,19236.69140625,82829.87890625
1878.0080053806305,2,2216.2,19472.58984375,82829.87890625
1879.0191328525543,2,4066.1,19637.11328125,82829.87890625
1880.0278506278992,2,624.7,8877.859375,84877.89453125
1881.0362076759338,2,2054.9,8853.24609375,82829.87890625
1882.0453379154205,2,2844.9,11373.265625,82829.87890625
1883.0610027313232,2,4217.5,13486.46484375,82829.87890625
1884.0820088386536,2,4513.3,16396.63671875,82829.87890625
1885.1090068817139,2,4266.7,16376.984375,82829.87890625
1886.1200218200684,2,3686.2,16718.421875,82829.87890625
1887.148447751999,2,2999.7,16893.87109375,82829.87890625
1888.156002521515,2,3527.2,17558.9453125,82829.87890625
1889.1680037975311,2,4331.2,18721.19921875,82829.87890625
1890.1883523464203,2,1561.7,19103.828125,82829.87890625
1891.1960031986237,2,3144.8,19309.375,82829.87890625
1892.2106394767761,2,2820.4,19524.85546875,82829.87890625
1893.218796491623,2,789.7,8073.10546875,82829.87890625
1894.2290065288544,2,2352.2,8844.06640625,82829.87890625
1895.2520070075989,2,3603.9,12826.38671875,82829.87890625
1896.2660098075867,2,4291.8,13400.13671875,82829.87890625
1897.2910149097443,2,4565.7,15061.62890625,82829.87890625
1898.3050179481506,2,4230.2,16532.3125,82829.87890625
1899.3131668567657,2,3498.8,16796.578125,82829.87890625
1900.320603132248,2,3025.0,16989.61328125,82829.87890625
1901.3320097923279,2,4287.9,18286.82421875,82829.87890625
1902.34663438797,2,3220.0,19221.40234375,82829.87890625
1903.353929758072,2,1427.6,19202.5078125,82829.87890625
1904.3660035133362,2,4503.2,19308.109375,82829.87890625
1905.3779163360596,2,1191.8,19670.69921875,82829.87890625
1906.3854908943176,2,1604.9,8588.9140625,82829.87890625
1907.3955998420715,2,2380.6,9722.859375,82829.87890625
1908.4040052890778,2,4149.6,13324.41796875,82829.87890625
1909.4250133037567,2,4501.3,15491.703125,82829.87890625
1910.450608253479,2,4353.2,16096.36328125,82829.87890625
1911.4643342494965,2,3774.1,16774.80859375,82829.87890625
1912.4757475852966,2,3373.7,16920.921875,82829.87890625
1913.4920029640198,2,3042.3,17382.875,82829.87890625
1914.5030040740967,2,4337.4,18694.82421875,82829.87890625
1915.5242779254913,2,2187.8,19185.4140625,82829.87890625
1916.5330028533936,2,2879.4,19410.609375,82829.87890625
1917.5443019866943,2,3151.0,19620.12890625,82829.87890625
1918.5521290302277,2,578.2,9886.72265625,84877.89453125
1919.560429096222,2,2132.6,8811.73828125,82829.87890625
1920.5700099468231,2,3517.3,12459.94921875,82829.87890625
1921.5900044441223,2,4263.5,13411.6328125,82829.87890625
1922.6110105514526,2,4511.4,17149.2421875,82829.87890625
1923.628005027771,2,4234.7,16508.28125,82829.87890625
1924.6488647460938,2,3544.4,16698.63671875,82829.87890625
1925.6748411655426,2,3040.5,17033.66015625,82829.87890625
1926.7019000053406,2,3781.2,17992.13671875,82829.87890625
1927.7139098644257,2,3704.2,19157.04296875,82829.87890625
1928.7226705551147,2,1159.4,19081.2578125,82829.87890625
1929.7310075759888,2,4233.5,19353.53125,82829.87890625
1930.7460918426514,2,1726.2,19607.40625,82829.87890625
1931.7539386749268,2,1155.4,8363.5,82829.87890625
1932.7620055675507,2,3319.1,11303.29296875,82829.87890625
1933.7830121517181,2,4363.1,13694.77734375,82829.87890625
1934.809006690979,2,4260.1,14450.171875,82829.87890625
1935.8200099468231,2,3132.6,14806.28125,82829.87890625
1936.8304913043976,2,3750.7,15872.80859375,82829.87890625
1937.8387553691864,2,2549.9,16333.6328125,82829.87890625
1938.847002029419,2,3401.4,16319.50390625,82829.87890625
1939.8636593818665,2,1528.9,8569.33984375,84877.89453125
1940.8740031719208,2,2011.3,8670.5390625,82829.87890625
1941.9210045337677,2,3734.7,11703.4375,82829.87890625
1942.9380087852478,2,4417.8,13384.3828125,82829.87890625
1943.949918270111,2,3779.7,14651.03515625,82829.87890625
1944.9653322696686,2,3008.5,14829.421875,82829.87890625
1945.9774734973907,2,4162.5,16094.39453125,82829.87890625
1946.9890131950378,2,1633.6,16312.58203125,82829.87890625
1948.000539779663,2,3686.0,16502.046875,82829.87890625
1949.0090916156769,2,822.3,8302.5078125,82829.87890625
1950.0210161209106,2,2938.6,10654.18359375,82829.87890625
1951.0340118408203,2,4234.8,12509.8984375,82829.87890625
1952.0600085258484,2,4232.3,14416.22265625,82829.87890625
1953.0805702209473,2,3688.4,14561.2890625,82829.87890625
1954.0897035598755,2,3619.1,15355.66015625,82829.87890625
1955.100759267807,2,2954.9,16249.921875,82829.87890625
1956.1104035377502,2,2875.3,16309.640625,82829.87890625
1957.1230266094208,2,2199.0,16621.375,82829.87890625
1958.1309762001038,2,1252.5,8606.8203125,82829.87890625
1959.156005859375,2,3731.3,11532.47265625,82829.87890625
1960.164014339447,2,4565.1,13295.50390625,82829.87890625
1961.1799166202545,2,3981.6,14690.4609375,82829.87890625
1962.186764240265,2,3131.3,14859.61328125,82829.87890625
1963.1970043182373,2,4056.8,16143.45703125,82829.87890625
1964.2171483039856,2,1869.4,16366.0390625,82829.87890625
1965.2256355285645,2,4104.3,16645.68359375,82829.87890625
1966.23362159729,2,642.1,9886.1328125,84877.89453125
1967.2429695129395,2,3450.8,9591.37109375,82829.87890625
1968.254257440567,2,3848.3,10527.91796875,82829.87890625
1969.2622294425964,2,2839.1,10686.25390625,82829.87890625
1970.2710070610046,2,1556.1,8642.16796875,82829.87890625
1971.3192806243896,2,3781.6,11641.9765625,82829.87890625
1972.3405194282532,2,4435.1,12620.9140625,82829.87890625
1973.3570098876953,2,3832.1,14498.640625,82829.87890625
1974.3657405376434,2,3137.3,14648.73828125,82829.87890625
1975.3788783550262,2,4186.6,15933.984375,82829.87890625
1976.3901460170746,2,1657.3,16149.5546875,82829.87890625
1977.3971495628357,2,4077.2,16435.26171875,82829.87890625
1978.4061088562012,2,632.0,9828.59375,84877.89453125
1979.4139065742493,2,3057.0,10108.09765625,82829.87890625
1980.4353287220001,2,4294.2,12042.671875,82829.87890625
1981.4470138549805,2,3169.7,12305.64453125,82829.87890625
1982.462674856186,2,3728.6,13207.1015625,82829.87890625
1983.4700016975403,2,3218.1,13276.7109375,82829.87890625
1984.4826822280884,2,837.9,8482.8828125,82829.87890625
1985.493004322052,2,3415.5,10317.83203125,82829.87890625
1986.5140027999878,2,4359.6,12091.87890625,82829.87890625
1987.5340809822083,2,3442.6,12480.0625,82829.87890625
1988.546718597412,2,3054.3,13217.375,82829.87890625
1989.561011314392,2,3238.9,13334.0234375,82829.87890625
1990.5712835788727,2,365.0,5036.31640625,75661.72265625
1991.5795471668243,2,91.2,4831.8515625,75661.72265625
1992.588418006897,2,104.0,4697.625,75661.72265625
