elapsed_time,nproc,cpu,mem_real,mem_virtual
3.695487976074219e-05,1,0.0,5.51171875,7.5234375
1.0065884590148926,4,0.0,445.18359375,4200.734375
2.0149919986724854,4,99.2,623.39453125,4414.734375
3.0230820178985596,4,100.1,619.49609375,4446.734375
4.0322511196136475,4,99.9,618.125,4446.734375
5.043748617172241,4,99.0,615.5234375,4446.734375
6.054348945617676,4,99.9,613.6171875,4446.734375
7.065516471862793,4,99.8,609.4765625,4446.734375
8.077621459960938,4,98.9,587.28515625,4446.734375
9.088265895843506,4,100.0,599.01953125,4446.734375
10.098600625991821,4,100.0,650.95703125,4494.734375
11.108292818069458,4,99.9,702.9765625,4550.734375
12.119553804397583,4,99.0,754.9765625,4614.734375
13.129743337631226,4,99.9,808.9765625,4700.734375
14.14102840423584,4,100.1,856.9765625,4700.734375
15.149937868118286,4,101.0,908.9765625,4796.734375
16.1602201461792,4,99.0,950.9765625,4796.734375
17.170734643936157,2,0.0,63.17578125,107.78515625
18.18183398246765,2,0.0,273.01171875,3719.13671875
19.193020582199097,2,99.9,676.4453125,5213.16796875
20.203962564468384,2,99.8,892.4375,5853.16796875
21.215529441833496,2,99.9,1154.43359375,7133.16796875
22.226933240890503,2,100.1,1434.35546875,7133.16796875
23.236257553100586,2,98.9,1664.3515625,9693.16796875
24.247694730758667,2,100.9,1957.3828125,9693.16796875
25.2590069770813,2,98.9,1893.3984375,9181.13671875
26.26992106437683,2,100.0,1893.3984375,9181.13671875
27.279823780059814,2,100.9,1967.2578125,9701.16796875
28.2906277179718,2,100.0,1993.7109375,9701.15234375
29.300644636154175,2,100.0,2017.0546875,9749.15234375
30.311503410339355,2,3157.4,2765.94921875,13686.59765625
31.3375027179718,2,4678.8,3175.5234375,14115.59765625
32.363505840301514,2,4680.2,3475.953125,14448.09765625
33.390512466430664,2,4729.6,3659.4375,14673.09765625
34.41750168800354,2,4671.9,3767.48828125,14842.09765625
35.444504737854004,2,4676.4,3896.640625,14999.09765625
36.47150468826294,2,4670.8,3950.53125,15171.09765625
37.49850392341614,2,4669.5,3967.7421875,15289.09765625
38.524502992630005,2,4682.7,4053.44921875,15478.09765625
39.54950141906738,2,4646.1,4104.53125,15587.09765625
40.57650065422058,2,4669.2,4189.234375,15680.09765625
41.60350775718689,2,4733.6,4252.1484375,15811.09765625
42.62950038909912,2,4692.0,4216.4921875,15863.09765625
43.65449905395508,2,4634.3,4264.08984375,15954.09765625
44.68150496482849,2,4669.3,4321.3359375,16079.09765625
45.70849823951721,2,4741.7,4321.65234375,16135.09765625
46.73550367355347,2,4698.5,4358.03125,16191.09765625
47.75990295410156,2,4630.0,4419.15625,16317.09765625
48.7875030040741,2,4659.5,4465.53125,16419.09765625
49.81450319290161,2,4684.5,4538.94921875,16515.09765625
50.84149980545044,2,4716.7,4561.62890625,16522.09765625
51.868499755859375,2,4630.3,4557.0,16579.09765625
52.89550161361694,2,4667.0,4501.05078125,16589.09765625
53.92250657081604,2,4692.5,4553.01171875,16667.09765625
54.94850254058838,2,4726.1,4597.93359375,16745.09765625
55.975499868392944,2,4655.2,4603.87109375,16760.09765625
57.00249934196472,2,4676.9,4617.85546875,16922.09765625
58.028504848480225,2,4667.6,4681.65625,16990.09765625
59.057498931884766,2,4722.9,4694.29296875,17028.09765625
60.08450150489807,2,4686.7,4786.30078125,17164.09765625
61.109883546829224,2,4639.4,4685.1015625,17200.09765625
62.137500047683716,2,4666.8,4673.80859375,17286.09765625
63.16450619697571,2,4714.5,4675.234375,17366.09765625
64.19150161743164,2,4696.4,4802.4921875,17428.09765625
65.2158625125885,2,4625.9,4764.546875,17494.09765625
66.24351096153259,2,4637.7,4752.69921875,17494.09765625
67.25749945640564,2,4714.8,4706.48046875,17510.09765625
68.28449773788452,2,4671.4,4784.98046875,17584.09765625
69.30892372131348,2,4652.2,4743.8984375,17598.09765625
70.33549499511719,2,4664.2,4751.5546875,17644.09765625
71.36250519752502,2,4729.4,4711.0859375,17644.09765625
72.3895058631897,2,4663.9,4643.734375,17686.09765625
73.4139416217804,2,4632.0,4705.953125,17742.09765625
74.44149994850159,2,4659.3,4754.80859375,17820.09765625
75.46962070465088,2,4728.7,4777.42578125,17962.09765625
76.49650430679321,2,4666.8,4835.13671875,18044.09765625
77.5095009803772,2,4657.3,4872.53125,18108.09765625
78.53651285171509,2,4651.1,4816.24609375,18108.09765625
79.56350374221802,2,4705.6,4850.41796875,18188.09765625
80.59050273895264,2,4670.7,4860.18359375,18256.09765625
81.61483216285706,2,4657.5,4727.33984375,18256.09765625
82.64250326156616,2,4673.6,4735.31640625,18256.09765625
83.66950368881226,2,4690.3,4712.63671875,18256.09765625
84.69649934768677,2,4710.5,4749.03515625,18356.09765625
85.72349858283997,2,4649.9,4793.671875,18392.09765625
86.75050163269043,2,4658.4,4819.15625,18402.09765625
87.777503490448,2,4674.3,4942.3515625,18566.09765625
88.8035056591034,2,4720.4,4985.40234375,18670.09765625
89.83050227165222,2,4682.5,4942.625,18670.09765625
90.85497736930847,2,4645.2,5032.04296875,18682.09765625
91.88244533538818,2,4663.4,5159.53515625,18870.09765625
92.90949273109436,2,4727.4,5188.2421875,19056.09765625
93.93550515174866,2,4698.8,5139.05078125,19056.09765625
94.9515118598938,2,4637.9,5068.94140625,19056.09765625
95.97850131988525,2,4640.2,5064.55078125,19056.09765625
97.00649976730347,2,4709.8,5007.0703125,19068.09765625
98.03350043296814,2,4685.1,4994.19921875,19082.09765625
99.05650091171265,2,4636.0,5088.34765625,19096.09765625
100.08349871635437,2,4658.5,5152.12890625,19164.09765625
101.11050534248352,2,4717.8,5183.234375,19238.09765625
102.1374990940094,2,4678.5,5076.5,19312.09765625
103.16980218887329,2,4646.5,5114.78125,19312.09765625
104.19750189781189,2,4650.8,5036.09765625,19312.09765625
105.22743344306946,2,4679.1,5117.265625,19362.09765625
106.25350332260132,2,4677.5,5091.2734375,19362.09765625
107.2790699005127,2,4650.2,5184.28125,19362.09765625
108.30550217628479,2,4662.3,5136.14453125,19362.09765625
109.33349323272705,2,4692.9,5224.45703125,19450.09765625
110.35949063301086,2,4696.5,5179.4609375,19466.09765625
111.38495945930481,2,4649.1,5318.1875,19494.09765625
112.41250443458557,2,4673.0,5416.33984375,19554.09765625
113.43949699401855,2,4674.6,5350.640625,19678.09765625
114.46649980545044,2,4717.5,5385.78125,19702.09765625
115.49350094795227,2,4675.0,5352.4765625,19702.09765625
116.51950454711914,2,4646.2,5279.05859375,19702.09765625
117.54750442504883,2,4655.8,5190.62890625,19702.09765625
118.57450366020203,2,4705.7,5235.71484375,19702.09765625
119.6034996509552,2,4672.4,5201.57421875,19702.09765625
120.62796783447266,2,4643.1,5424.8203125,19746.09765625
121.65450692176819,2,4640.8,5433.26171875,19770.09765625
122.68050765991211,2,4716.1,5501.1171875,19770.09765625
123.70749926567078,2,4704.2,5577.6484375,19830.09765625
124.73450255393982,2,4637.3,5552.63671875,19830.09765625
125.76150393486023,2,4632.2,5500.66796875,19830.09765625
126.78850555419922,2,4726.1,5475.76171875,19830.09765625
127.81551766395569,2,4683.4,5544.453125,19830.09765625
128.83650374412537,2,4628.3,5496.5078125,19830.09765625
129.86450290679932,2,4653.7,5424.41796875,19830.09765625
130.89150404930115,2,4692.7,5419.3125,19858.09765625
131.91751170158386,2,4687.1,5468.44140625,19858.09765625
132.9425027370453,2,4634.2,5469.40234375,19858.09765625
133.969500541687,2,4637.0,5341.5625,19858.09765625
134.99649786949158,2,4723.9,5343.578125,19858.09765625
136.0234980583191,2,4676.8,5495.1875,19882.09765625
137.0505018234253,2,4637.6,5423.0859375,19882.09765625
138.07750368118286,2,4662.6,5416.2421875,19882.09765625
139.1054196357727,2,4671.3,5536.0390625,19902.09765625
140.13150095939636,2,4672.2,5516.28515625,19902.09765625
141.15850615501404,2,4654.6,5412.53125,19902.09765625
142.18550491333008,2,4670.3,5435.1015625,19930.09765625
143.2125051021576,2,4667.4,5504.79296875,19930.09765625
144.2385013103485,2,4712.9,5497.875,19930.09765625
145.26350283622742,2,4638.9,5430.84765625,19930.09765625
146.2905032634735,2,4667.9,5544.1640625,20030.09765625
147.31950688362122,2,4651.9,5618.58203125,20154.09765625
148.34651041030884,2,4718.2,5607.31640625,20154.09765625
149.3735055923462,2,4659.3,5622.48046875,20154.09765625
150.39850616455078,2,4676.0,5479.03515625,20154.09765625
151.42486667633057,2,4630.4,5499.03125,20154.09765625
152.45250797271729,2,4706.3,5409.08203125,20154.09765625
153.47950053215027,2,4688.7,5435.828125,20154.09765625
154.5053231716156,2,4617.6,5367.48828125,20154.09765625
155.52350616455078,2,4661.9,5329.5546875,20154.09765625
156.55150485038757,2,4715.0,5411.97265625,20154.09765625
157.5785026550293,2,4666.0,5508.046875,20218.09765625
158.6035017967224,2,4648.9,5794.08203125,20458.09765625
159.63050389289856,2,4650.6,5764.75390625,20486.09765625
160.65750098228455,2,4679.9,5759.71875,20486.09765625
161.68450284004211,2,4675.9,5865.109375,20566.09765625
162.7090585231781,2,4653.1,5856.515625,20566.09765625
163.736501455307,2,4671.0,6019.30078125,20652.09765625
164.76350378990173,2,4693.7,6105.390625,20680.09765625
165.79050278663635,2,4690.5,6098.66015625,20680.09765625
166.8175060749054,2,4635.4,6038.39453125,20680.09765625
167.84450507164001,2,4667.5,6119.9453125,20680.09765625
168.87550330162048,2,4682.0,6202.62109375,20728.09765625
169.9025046825409,2,4685.6,6149.7265625,20728.09765625
170.92850351333618,2,4623.2,6179.1875,20840.09765625
171.9565074443817,2,4659.9,6396.4453125,20992.09765625
172.98613595962524,2,4674.6,6278.765625,20992.09765625
174.01150274276733,2,4717.3,6290.55078125,20992.09765625
175.03850555419922,2,4641.9,6095.26171875,20992.09765625
176.0655026435852,2,4671.2,6044.82421875,21036.09765625
177.09251475334167,2,4663.4,5971.75390625,21036.09765625
178.11894416809082,2,4695.4,5983.4375,21104.09765625
179.14650344848633,2,4628.7,5932.01171875,21156.09765625
180.17350006103516,2,4674.8,5831.875,21156.09765625
181.20050382614136,2,4631.0,5808.8828125,21240.09765625
182.22750544548035,2,4718.0,5843.546875,21240.09765625
183.25220847129822,2,4655.4,5790.57421875,21240.09765625
184.2805004119873,2,4680.1,5758.46484375,21240.09765625
185.30650663375854,2,4661.2,5750.4765625,21240.09765625
186.33350610733032,2,4705.4,5714.41796875,21240.09765625
187.37387251853943,2,4684.6,5739.0234375,21268.09765625
188.39450216293335,2,4673.8,5831.80078125,21392.09765625
189.42250204086304,2,4657.8,5907.59765625,21392.09765625
190.4494984149933,2,4701.9,5935.4609375,21480.09765625
191.47650122642517,2,4667.6,5879.7265625,21480.09765625
192.50451231002808,2,4631.1,5880.32421875,21480.09765625
193.53450798988342,2,4646.6,5894.70703125,21480.09765625
194.56150603294373,2,4711.3,5965.25,21512.09765625
195.58851504325867,2,4679.3,5884.83203125,21512.09765625
196.6133677959442,2,4619.4,5755.40234375,21532.09765625
197.6415023803711,2,4648.2,5779.2265625,21532.09765625
198.6785020828247,2,4703.3,5748.13671875,21532.09765625
199.70550107955933,2,4684.9,5709.84765625,21532.09765625
200.7296724319458,2,4675.5,5737.94140625,21562.09765625
201.75650548934937,2,4675.9,5730.8359375,21562.09765625
202.78350472450256,2,4677.2,5727.1875,21562.09765625
203.80995535850525,2,4716.2,5645.953125,21562.09765625
204.83750677108765,2,4648.8,5712.76953125,21562.09765625
205.86851692199707,2,4681.3,5829.88671875,21562.09765625
206.89450073242188,2,4686.8,5740.109375,21562.09765625
207.9215087890625,2,4716.2,5701.546875,21562.09765625
208.95050048828125,2,4642.8,5627.6640625,21562.09765625
209.9775035381317,2,4670.3,5594.6875,21562.09765625
211.00450158119202,2,4658.5,5683.4375,21594.09765625
212.03050422668457,2,4713.5,5612.7734375,21622.09765625
213.05750346183777,2,4648.7,5586.640625,21622.09765625
214.0845057964325,2,4672.6,5562.9609375,21642.09765625
215.11042284965515,2,4654.6,5700.69921875,21694.09765625
216.13850021362305,2,4716.0,5628.296875,21746.09765625
217.16550517082214,2,4638.2,5708.37890625,21746.09765625
218.19250202178955,2,4676.5,5715.328125,21746.09765625
219.21949744224548,2,4671.0,5702.53515625,21778.09765625
220.2465043067932,2,4708.0,5687.9453125,21778.09765625
221.2709822654724,2,4646.1,5660.20703125,21778.09765625
222.29950380325317,2,4673.1,5712.47265625,21806.09765625
223.32650780677795,2,4658.2,5863.3671875,21886.09765625
224.35350036621094,2,4743.8,5773.21484375,21886.09765625
225.3805055618286,2,4681.3,5674.73828125,21886.09765625
226.40502309799194,2,4638.3,5806.0546875,21886.09765625
227.43351030349731,2,4647.2,5842.99609375,21886.09765625
228.44850420951843,2,4727.3,5756.8984375,21886.09765625
229.47550129890442,2,4690.6,5733.26953125,21886.09765625
230.50003218650818,2,4653.3,5722.27734375,21886.09765625
231.59850215911865,2,4667.4,5710.7109375,21978.09765625
232.64673590660095,2,4699.7,5732.859375,21982.09765625
233.677499294281,2,4710.1,5883.453125,22126.09765625
234.7045021057129,2,4653.5,6322.8828125,22428.09765625
235.7315080165863,2,4672.0,6837.9375,22874.09765625
236.75850009918213,2,4657.7,6958.87890625,22874.09765625
237.7845001220703,2,4694.8,6939.671875,22874.09765625
238.81150460243225,2,4651.3,6800.15625,22874.09765625
239.83597612380981,2,4630.7,6696.98828125,22874.09765625
240.86350512504578,2,4647.2,6686.0390625,22874.09765625
241.8905050754547,2,4707.3,7022.8515625,23114.09765625
242.9175009727478,2,4664.0,7538.9453125,23700.09765625
243.94184756278992,2,4624.2,7963.69921875,24304.09765625
244.9709985256195,2,4634.3,8489.5,24368.09765625
245.9975049495697,2,4726.0,8736.734375,24488.09765625
247.0244996547699,2,4677.5,9113.375,24872.09765625
248.05450105667114,2,4659.3,9236.6484375,25320.09765625
249.08049988746643,2,4671.4,9192.97265625,25320.09765625
250.10630321502686,2,4672.4,9136.09375,25320.09765625
251.12050342559814,2,4667.0,9078.23828125,25320.09765625
252.14550161361694,2,4638.6,8989.6484375,25320.09765625
253.172504901886,2,4658.9,9116.83984375,25360.09765625
254.20049738883972,2,4692.3,9295.40234375,25492.09765625
255.22749972343445,2,4701.8,9317.47265625,25524.09765625
256.25150513648987,2,4647.6,9440.359375,25524.09765625
257.27850580215454,2,4646.7,9605.8046875,25632.09765625
258.30550146102905,2,4689.5,9630.40625,25632.09765625
259.33250427246094,2,4707.5,9726.66015625,25668.09765625
260.3571774959564,2,4673.5,9763.71875,25668.09765625
261.3829770088196,2,4633.5,10448.8203125,26094.09765625
262.4105005264282,2,4659.0,10440.0078125,26126.09765625
263.4394996166229,2,4699.8,10828.296875,26516.09765625
264.46849822998047,2,4666.9,10982.453125,26628.09765625
265.4905092716217,2,4642.6,10975.421875,26720.09765625
266.5175039768219,2,4651.7,10924.6328125,26720.09765625
267.54349660873413,2,4702.1,11024.40625,26720.09765625
268.5705032348633,2,4666.8,10997.69921875,26900.09765625
269.59550881385803,2,4629.5,11002.6015625,26900.09765625
270.6225001811981,2,4646.1,11202.7265625,26900.09765625
271.6484978199005,2,4699.3,11078.97265625,26936.09765625
272.6754984855652,2,4669.5,11054.140625,26936.09765625
273.7010090351105,2,4630.8,11055.4453125,26936.09765625
274.72887778282166,2,4662.1,11204.40625,26940.09765625
275.7565064430237,2,4700.5,11402.77734375,27016.09765625
276.78234696388245,2,4691.2,11616.70703125,27188.09765625
277.8045036792755,2,4645.1,12016.09375,27296.09765625
278.8325002193451,2,4654.8,12082.1796875,27328.09765625
279.85850262641907,2,4673.6,11981.88671875,27328.09765625
280.88650918006897,2,4684.2,11895.2578125,27328.09765625
281.912499666214,2,4640.8,11899.22265625,27328.09765625
282.93950390815735,2,4668.3,11969.046875,27332.09765625
283.9654986858368,2,4658.3,11935.140625,27420.09765625
284.99150466918945,2,4696.3,12162.37109375,27484.09765625
286.0415015220642,2,4626.1,12160.90625,27568.09765625
287.06849813461304,2,4653.5,12039.3203125,27568.09765625
288.09758019447327,2,4649.4,12005.4453125,27568.09765625
289.1243782043457,2,4701.9,11977.375,27568.09765625
290.15150356292725,2,4527.5,12024.16796875,27576.09765625
291.16550278663635,2,4260.5,11945.51953125,27576.09765625
292.1836564540863,2,3959.3,11966.3828125,27664.09765625
293.20579266548157,2,3771.3,11899.015625,27752.09765625
294.21850419044495,2,3667.4,11789.8125,27752.09765625
295.23211789131165,2,3383.0,11622.69921875,27752.09765625
296.24229168891907,2,3171.4,11696.12109375,27864.09765625
297.2551152706146,2,3073.6,11956.54296875,28324.09765625
298.26630115509033,2,3073.6,11815.45703125,28732.09765625
299.2797682285309,2,3008.8,11896.8671875,29148.09765625
300.2931010723114,2,2979.0,11712.0625,29308.09765625
301.3062093257904,2,2927.2,11707.890625,29308.09765625
302.31739830970764,2,2872.1,11715.1953125,29416.09765625
303.33060240745544,2,2773.9,11681.01953125,29592.09765625
304.34362530708313,2,2634.3,11988.59765625,29800.09765625
305.35642766952515,2,2576.8,11693.6171875,29968.09765625
306.367746591568,2,2579.4,12191.515625,30320.09765625
307.3808071613312,2,2580.3,11983.59375,30564.09765625
308.3938672542572,2,2581.3,11769.2734375,30564.09765625
309.40692591667175,2,2579.8,11705.9140625,30564.09765625
310.41823291778564,2,2577.2,11610.75,30564.09765625
311.4309775829315,2,2580.4,11540.34375,30564.09765625
312.44397735595703,2,2556.7,11387.69140625,30564.09765625
313.45702862739563,2,2438.5,11551.0078125,30564.09765625
314.46788001060486,2,2332.4,11523.13671875,30564.09765625
315.480584859848,2,2287.9,11417.0546875,30564.09765625
316.49329805374146,2,2287.0,11222.16015625,30564.09765625
317.5059959888458,2,2283.4,11141.11328125,30564.09765625
318.51589345932007,2,2284.9,11011.4921875,30564.09765625
319.52687907218933,2,2288.9,11015.97265625,30564.09765625
320.5373902320862,2,2289.0,10849.0625,30564.09765625
321.5505003929138,2,2252.2,10707.36328125,30564.09765625
322.5615265369415,2,2013.0,10618.6328125,30564.09765625
323.57242012023926,2,1989.8,10464.4609375,30564.09765625
324.5815100669861,2,1667.8,10189.46875,30564.09765625
325.5918519496918,2,1595.1,10056.44140625,30676.09765625
326.6025159358978,2,1419.0,10087.99609375,30964.09765625
327.6130509376526,2,1399.3,9812.953125,30964.09765625
328.62069296836853,2,1163.6,9767.27734375,30964.09765625
329.63142132759094,2,829.9,9515.07421875,30964.09765625
330.64242911338806,2,599.5,9589.98046875,31124.09765625
331.6532254219055,2,425.4,9104.28515625,31316.09765625
332.6641299724579,2,406.4,8904.08984375,31316.09765625
333.6755483150482,2,406.5,8660.4765625,31316.09765625
334.6840806007385,2,406.3,8775.94921875,31316.09765625
335.6932604312897,2,406.6,8470.1640625,31316.09765625
336.7015917301178,2,410.6,8075.828125,31316.09765625
337.71237683296204,2,405.5,7910.91796875,31316.09765625
338.72353768348694,2,405.9,7813.328125,31316.09765625
339.73375034332275,2,401.9,8076.484375,31316.09765625
340.7439239025116,2,402.4,8345.18359375,31316.09765625
341.75541830062866,2,400.5,8600.84765625,31340.09765625
342.7667405605316,2,403.6,8395.27734375,31340.09765625
343.77773332595825,2,381.0,7906.44140625,31340.09765625
344.7882387638092,2,301.9,7778.41015625,31340.09765625
345.79849100112915,2,303.5,7693.61328125,31340.09765625
346.80685448646545,2,303.6,7567.4453125,31340.09765625
347.81793665885925,2,304.5,7476.97265625,31340.09765625
348.82945704460144,2,307.5,7316.39453125,31340.09765625
349.8407738208771,2,304.3,7156.546875,31340.09765625
350.8496196269989,2,306.5,6985.0546875,31340.09765625
351.86109685897827,2,304.6,6772.33203125,31340.09765625
352.87231969833374,2,303.9,6684.76171875,31340.09765625
353.882657289505,2,300.4,6752.44140625,31340.09765625
354.89138412475586,2,301.5,7251.48828125,31340.09765625
355.90302443504333,2,298.9,7102.66796875,31340.09765625
356.91344928741455,2,301.8,7036.59765625,31340.09765625
357.9241888523102,2,300.2,7078.91015625,31340.09765625
358.9335699081421,2,301.8,6970.1015625,31340.09765625
359.9440257549286,2,300.9,7002.25390625,31340.09765625
360.9541962146759,2,304.8,6629.25390625,31340.09765625
361.9646563529968,2,299.3,6495.359375,31340.09765625
362.9735746383667,2,201.6,6744.2265625,31340.09765625
363.9856004714966,2,202.8,6572.51953125,31340.09765625
364.9964380264282,2,202.7,6712.99609375,31340.09765625
366.0078876018524,2,203.0,6437.41015625,31340.09765625
367.01777362823486,2,204.0,6381.62890625,31340.09765625
368.02783131599426,2,204.8,6563.765625,31340.09765625
369.03840732574463,2,205.5,6266.63671875,31340.09765625
370.0504324436188,2,202.8,6189.5234375,31340.09765625
371.0611116886139,2,202.9,6122.87109375,31340.09765625
372.0714621543884,2,201.7,6064.16015625,31340.09765625
373.08284854888916,2,199.7,6000.2734375,31340.09765625
374.09444403648376,2,202.7,5938.69921875,31340.09765625
375.1056275367737,2,202.1,5939.3046875,31340.09765625
376.1148498058319,2,200.8,5914.9140625,31340.09765625
377.125949382782,2,199.8,6134.03515625,31340.09765625
378.1368770599365,2,199.9,6254.9140625,31340.09765625
379.1475727558136,2,198.9,6049.78515625,31340.09765625
380.15803623199463,2,201.7,6049.78515625,31340.09765625
381.1693482398987,2,192.0,5915.49609375,31340.09765625
382.17968583106995,2,102.9,5863.0390625,31340.09765625
383.18988156318665,2,102.9,5808.625,31340.09765625
384.2008681297302,2,103.8,5822.1875,31340.09765625
385.2123918533325,2,103.9,5975.7890625,31340.09765625
386.22252082824707,2,108.9,5827.77734375,31340.09765625
387.23300409317017,2,103.9,5795.0,31340.09765625
388.2433044910431,2,106.9,5677.890625,31340.09765625
389.2535147666931,2,102.1,5503.97265625,31340.09765625
390.26256823539734,2,102.9,5585.7265625,31340.09765625
391.27308416366577,2,102.8,5389.796875,31340.09765625
392.2843120098114,2,102.8,5321.79296875,31340.09765625
393.2959885597229,2,103.0,5252.84375,31340.09765625
394.30528354644775,2,101.0,5205.3828125,31340.09765625
395.3156478404999,2,102.9,5157.3203125,31340.09765625
396.326283454895,2,99.9,5125.37109375,31340.09765625
397.3371946811676,2,463.3,3349.7421875,31340.09765625
398.34952449798584,2,362.7,3638.83203125,31540.10546875
399.3615095615387,2,107.9,3478.8359375,31540.17578125
400.37192487716675,2,113.8,3378.48046875,31748.19140625
401.3828158378601,2,344.7,3587.76953125,32228.19140625
402.39231610298157,2,1870.3,4087.49609375,32228.19140625
403.4055745601654,2,1427.3,6666.93359375,37348.265625
404.4151678085327,2,784.0,3605.82421875,43492.22265625
405.42749190330505,2,3163.0,4707.8671875,43492.22265625
406.4582462310791,2,4500.9,6501.91796875,43492.22265625
407.48209404945374,2,3169.0,6711.25,43492.22265625
408.494491815567,2,2423.3,6833.12109375,43492.22265625
409.5084125995636,2,1222.2,5521.73828125,45540.23828125
410.5172584056854,2,2782.8,5556.69921875,43492.22265625
411.5324935913086,2,4406.8,6511.6015625,43492.22265625
412.54551005363464,2,3931.7,7693.015625,43492.22265625
413.5594928264618,2,3041.2,7974.87109375,43492.22265625
414.57190322875977,2,3145.0,8576.27734375,43520.22265625
415.5824921131134,2,3259.7,8550.09765625,43520.22265625
416.60250329971313,2,1189.9,3318.44140625,41472.19140625
417.61337327957153,2,3786.5,3279.00390625,41472.19140625
418.6264901161194,2,4648.4,3180.8359375,41472.19140625
419.6534893512726,2,4303.1,3280.36328125,41472.19140625
420.67349338531494,2,4698.2,3229.68359375,41472.19140625
421.6941874027252,2,4243.0,3587.01953125,45568.23828125
422.7012174129486,2,794.3,3191.66796875,41472.19140625
423.70960760116577,2,101.2,3154.3046875,41472.19140625
424.7175600528717,2,100.2,3130.3515625,41472.19140625
425.72602128982544,2,122.0,3591.9453125,41546.2109375
426.7338664531708,2,100.1,4011.46875,41546.2109375
427.7425067424774,4,67.5,4330.2734375,41727.0625
428.75050687789917,4,100.1,4552.40625,41956.65234375
429.75954246520996,4,101.2,4779.90625,42196.03125
430.76774764060974,4,100.1,4972.17578125,42400.10546875
431.7766811847687,4,100.1,5205.0,42638.32421875
432.78521847724915,4,99.1,5543.90625,42991.52734375
433.79422426223755,4,101.2,5888.04296875,43343.44140625
434.80246138572693,4,98.9,6205.36328125,43665.8203125
435.8135554790497,4,100.9,6549.7109375,44017.08984375
436.8246011734009,4,100.0,6896.85546875,44370.6796875
437.8348250389099,4,100.0,7227.68359375,44709.31640625
438.8452467918396,4,99.8,7565.66796875,45047.30859375
439.85696840286255,4,99.9,7917.00390625,45398.70703125
440.8677306175232,4,99.9,8270.7890625,45752.42578125
441.8791723251343,4,99.9,8593.08984375,46074.8203125
442.88970708847046,4,98.8,8942.53125,46424.28515625
443.90138363838196,4,99.8,9293.7421875,46775.5546875
444.91292786598206,4,100.8,9647.4765625,47129.2734375
445.9244236946106,4,100.0,9968.46484375,47450.25
446.93491291999817,4,98.9,10319.0390625,47800.875
447.9455933570862,4,100.0,10669.9375,48151.88671875
448.95583033561707,4,100.0,11023.4296875,48505.34765625
449.9661383628845,4,99.9,11344.4375,48826.453125
450.9768056869507,4,99.6,11696.17578125,49178.109375
451.9912507534027,4,99.9,12049.234375,49531.18359375
453.0026385784149,4,101.0,12402.64453125,49884.64453125
454.0128915309906,4,98.8,12723.7890625,50205.75
455.0245592594147,4,99.9,13074.06640625,50555.98828125
456.03545784950256,4,100.0,13426.22265625,50908.16015625
457.04571294784546,4,99.9,13779.3125,51261.234375
458.05649852752686,4,99.5,14105.18359375,51587.109375
459.071453332901,4,99.8,14359.484375,51841.44140625
460.08327555656433,4,99.9,14414.59765625,51896.61328125
461.09412384033203,4,100.0,14715.86328125,52267.49609375
462.1043264865875,4,99.8,14726.08203125,52207.81640625
463.11674094200134,5,0.0,4331.09375,42087.0859375
464.1279649734497,5,100.9,4194.03515625,41677.9375
465.13926672935486,2,86.2,3364.8203125,42058.2265625
466.1487286090851,2,1943.7,4847.71484375,44618.2890625
467.1594886779785,2,4335.4,5125.21875,46666.3203125
468.18548703193665,2,4685.3,5157.21875,46666.3203125
469.20551443099976,2,2744.2,5638.578125,48714.3515625
470.21337366104126,2,100.1,6018.578125,48714.3515625
471.2225708961487,2,100.1,6438.578125,48714.3515625
472.2315790653229,4,43.6,6762.109375,48998.45703125
473.24075651168823,4,100.2,7068.72265625,49305.00390625
474.24906849861145,4,99.1,7408.875,49645.1875
475.2578155994415,4,100.2,7744.99609375,49981.375
476.26624178886414,4,100.1,8065.74609375,50302.109375
477.2751750946045,4,100.1,8402.74609375,50639.0703125
478.28424406051636,4,100.2,8725.48828125,50962.23828125
479.2923662662506,4,99.9,9034.4921875,51271.2265625
480.3035886287689,4,99.9,9345.23046875,51582.01953125
481.3142328262329,4,99.9,9664.46875,51901.22265625
482.32478284835815,4,99.0,9991.4453125,52228.2578125
483.3351676464081,4,99.8,10309.78125,52546.52734375
484.34685254096985,4,100.9,10679.8515625,52916.6171875
485.3572735786438,4,98.9,11051.6015625,53288.76953125
486.36817741394043,4,100.0,11414.95703125,53652.15625
487.37831687927246,4,100.8,11763.046875,54000.33203125
488.3902676105499,4,98.9,12128.47265625,54369.51953125
489.4015123844147,4,100.0,12500.83984375,54741.9296875
490.41177129745483,4,100.9,12865.6328125,55106.734375
491.4231195449829,4,98.8,13211.21875,55452.33203125
492.43496084213257,4,100.0,13581.6640625,55822.80859375
493.44534707069397,4,99.8,13953.15625,56194.1875
494.45695757865906,4,100.1,14305.26171875,56546.359375
495.4661509990692,4,99.8,14658.06640625,56901.625
496.4779758453369,4,100.0,15029.515625,57273.1328125
497.4882698059082,4,98.9,15402.40234375,57646.05859375
498.4992232322693,4,101.2,15753.953125,57997.5859375
499.5076584815979,4,98.9,16112.12890625,58355.6875
500.5185980796814,4,99.8,16485.1875,58728.7421875
501.53038811683655,4,100.0,16858.0234375,59101.66796875
502.54069662094116,4,99.9,17209.09765625,59452.6796875
503.5516023635864,4,99.9,17570.89453125,59814.51953125
504.56236505508423,4,98.9,17942.99609375,60186.54296875
505.57310938835144,4,100.8,18314.4296875,60558.05078125
506.5848774909973,4,100.0,18660.4375,60904.03515625
507.5950553417206,4,99.8,19025.0859375,61268.7109375
508.6070032119751,4,99.9,19397.05859375,61640.60546875
509.617618560791,4,99.9,19559.48046875,61803.02734375
510.62858414649963,4,98.8,19571.21875,61814.88671875
511.6402471065521,4,99.8,19571.29296875,61814.88671875
512.6519160270691,4,99.8,19571.29296875,61814.88671875
513.6634397506714,4,99.9,19692.37109375,61944.0234375
514.6746985912323,4,99.9,20146.48046875,62481.58203125
515.6854906082153,4,98.9,20196.47265625,62543.7421875
516.6969904899597,4,100.8,20152.12890625,62397.65625
517.7088074684143,4,99.8,6480.5859375,48721.4296875
518.7210621833801,5,0.0,7244.0859375,49734.51953125
519.732668876648,5,99.9,7371.66796875,49965.45703125
520.7440559864044,2,31.6,5531.55859375,49419.23046875
521.7552306652069,2,100.0,5532.15234375,49419.23046875
522.7650370597839,2,430.3,6786.1640625,48907.19921875
523.7783460617065,2,502.2,6882.0078125,48907.19921875
524.7898771762848,2,222.8,7033.859375,48907.19921875
525.7995502948761,2,208.0,7099.15625,48907.19921875
526.8091700077057,2,972.3,7396.421875,48907.19921875
527.8265371322632,2,1971.3,11239.03125,48907.19921875
528.8474912643433,2,4439.1,13387.15234375,48907.19921875
529.8725395202637,2,4526.4,14599.54296875,48907.19921875
530.8994975090027,2,4393.7,14521.8671875,48907.19921875
531.9205384254456,2,3731.9,15470.03125,48907.19921875
532.9631922245026,2,3436.8,14930.53125,48907.19921875
533.9714915752411,2,2787.7,15407.45703125,48907.19921875
534.9929733276367,2,1857.7,15359.72265625,48907.19921875
536.0044548511505,2,3030.2,15374.4921875,48907.19921875
537.0125172138214,2,878.8,7965.69921875,48907.19921875
538.0207176208496,2,193.5,8002.24609375,48907.19921875
539.0294902324677,2,634.6,7796.9765625,48907.19921875
540.0573344230652,2,1092.2,7539.2734375,48907.19921875
541.0644092559814,2,906.9,10099.82421875,48907.19921875
542.073490858078,2,3925.8,13039.296875,48907.19921875
543.0945012569427,2,4609.3,14772.82421875,55083.19921875
544.1254971027374,2,4389.1,14388.0,55083.19921875
545.136533498764,2,3257.3,14700.47265625,55083.19921875
546.1493742465973,2,3366.0,14920.57421875,55083.19921875
547.1602170467377,2,2656.8,15433.62109375,55083.19921875
548.168402671814,2,1566.9,15299.4140625,55083.19921875
549.1762187480927,2,3657.9,15463.44140625,55083.19921875
550.1846921443939,2,1188.5,8577.5,55307.19921875
551.1963546276093,2,884.3,8210.69140625,55307.19921875
552.2105505466461,2,1102.5,8050.37890625,55307.19921875
553.2193841934204,2,1167.1,10370.1484375,55307.19921875
554.2324907779694,2,4472.2,12377.0078125,55307.19921875
555.2534985542297,2,4476.1,13538.40234375,55307.19921875
556.2815010547638,2,4368.5,13924.00390625,55307.19921875
557.2975318431854,2,3565.8,14821.08203125,55307.19921875
558.3404977321625,2,4190.5,13981.65625,55307.19921875
559.3575024604797,2,2837.4,14359.65625,55307.19921875
560.3804905414581,2,2589.0,14346.26953125,55307.19921875
561.391685962677,2,2273.6,7526.484375,55819.20703125
562.4003953933716,2,1169.2,8600.6875,55307.19921875
563.4070835113525,2,1111.7,8080.8671875,55307.19921875
564.4190213680267,2,1077.8,7953.515625,55307.19921875
565.4285266399384,2,2673.0,11551.484375,55307.19921875
566.4430193901062,2,4471.5,12392.0703125,55307.19921875
567.4535624980927,2,4494.0,13433.5390625,55307.19921875
568.4667768478394,2,3807.7,14104.3515625,55307.19921875
569.4745330810547,2,4492.7,14764.05078125,55307.19921875
570.513530254364,2,3781.9,14467.94921875,55307.19921875
571.5231003761292,2,2346.7,14444.484375,55307.19921875
572.5300679206848,2,3240.0,14463.52734375,55307.19921875
573.5394914150238,2,863.6,8500.56640625,55307.19921875
574.5560622215271,2,1120.8,8260.25390625,55307.19921875
575.5704617500305,2,1283.4,8088.12890625,55307.19921875
576.5787026882172,2,1051.4,10236.51171875,55307.19921875
577.5964915752411,2,4278.6,12402.69140625,55307.19921875
578.6167919635773,2,4531.2,13353.0703125,55307.19921875
579.6445019245148,2,4356.0,13843.72265625,55307.19921875
580.6693172454834,2,3892.1,14668.50390625,55307.19921875
581.7161984443665,2,4149.2,13876.41796875,55307.19921875
582.7264919281006,2,2836.7,14289.80859375,55307.19921875
583.7493991851807,2,2624.7,14295.67578125,55307.19921875
584.7620677947998,2,2251.2,7553.953125,55819.20703125
585.7707712650299,2,1150.9,8536.046875,55563.19921875
586.7787847518921,2,1055.7,8056.4453125,55563.19921875
587.7951471805573,2,1183.6,7919.5390625,55563.19921875
588.8035314083099,2,2173.0,11569.3515625,55563.19921875
589.8294894695282,2,4487.5,12471.83984375,55563.19921875
590.8497145175934,2,4460.5,13153.01171875,55563.19921875
591.8653478622437,2,4026.4,14237.7734375,55563.19921875
592.8765397071838,2,4075.5,15016.5,55563.19921875
593.9152264595032,2,4048.6,14253.25,55563.19921875
594.9274938106537,2,2793.1,14628.9765625,55563.19921875
595.9504895210266,2,2644.2,14572.4375,55563.19921875
596.9609808921814,2,1983.0,7737.33203125,56075.20703125
597.9693913459778,2,1212.8,8724.359375,55563.19921875
598.977038860321,2,1069.0,8146.81640625,55563.19921875
599.984500169754,2,1277.7,7969.09375,55563.19921875
600.9935374259949,2,2113.4,10984.83984375,55563.19921875
602.0224928855896,2,4413.0,11707.28515625,55563.19921875
603.0454893112183,2,4469.2,12927.171875,55563.19921875
604.0575113296509,2,3858.4,13649.97265625,55563.19921875
605.0665326118469,2,4037.3,14431.515625,55563.19921875
606.1086394786835,2,3855.3,13857.71484375,55563.19921875
607.1252284049988,2,2512.3,13980.390625,55563.19921875
608.1358227729797,2,3298.9,13885.50390625,55563.19921875
609.1464574337006,2,734.4,8435.64453125,55563.19921875
610.1539573669434,2,1348.4,8414.52734375,55563.19921875
611.1618554592133,2,1580.4,8203.58984375,55563.19921875
612.1692507266998,2,982.5,8297.640625,55563.19921875
613.1804916858673,2,3054.4,11706.80859375,55563.19921875
614.2004973888397,2,4603.1,12469.2421875,55563.19921875
615.2274925708771,2,4409.9,13651.859375,55563.19921875
616.2355258464813,2,3407.0,14476.703125,55563.19921875
617.2765245437622,2,4555.7,13944.0234375,55563.19921875
618.3022799491882,2,3071.0,14050.31640625,55563.19921875
619.3115084171295,2,2268.5,13828.58203125,55563.19921875
620.3214581012726,2,3032.7,13962.515625,55563.19921875
621.3304884433746,2,1416.5,8585.81640625,55563.19921875
622.3441271781921,2,790.4,8242.9609375,55563.19921875
623.3511667251587,2,1133.0,8145.7578125,55563.19921875
624.3608479499817,2,1289.9,10037.25,55563.19921875
625.3734896183014,2,4484.5,11691.49609375,55563.19921875
626.3947172164917,2,4482.5,12493.45703125,55563.19921875
627.4033904075623,2,4077.5,13690.515625,55563.19921875
628.4165217876434,2,3743.3,14482.84375,55563.19921875
629.4606547355652,2,4208.2,13744.8046875,55563.19921875
630.472490310669,2,2787.9,14120.60546875,55563.19921875
631.4942066669464,2,2679.2,14116.52734375,55563.19921875
632.5061159133911,2,2072.7,7274.02734375,55563.19921875
633.5143418312073,2,1422.0,9036.625,55563.19921875
634.5227892398834,2,875.0,8279.875,56075.23046875
635.5308649539948,2,1393.0,8118.08984375,55563.19921875
636.5395336151123,2,1724.2,10939.5390625,55563.19921875
637.5674879550934,2,4462.8,12612.140625,55563.19921875
638.5895028114319,2,4478.3,13366.14453125,55563.19921875
639.6025516986847,2,4104.2,14316.1328125,55563.19921875
640.6115319728851,2,4045.9,14540.3515625,55563.19921875
641.6491572856903,2,4022.3,14282.1796875,55563.19921875
642.6614992618561,2,2828.3,14683.484375,55563.19921875
643.6850335597992,2,2596.1,14658.66796875,55563.19921875
644.7023937702179,2,2337.6,7739.48046875,56075.20703125
645.7105026245117,2,1456.9,8931.26171875,55563.19921875
646.7188920974731,2,948.5,7942.265625,55563.19921875
647.727781534195,2,1296.4,10507.96875,55563.19921875
648.7375330924988,2,3811.8,13189.47265625,55563.19921875
649.7524962425232,2,4500.4,13761.54296875,55563.19921875
650.7775292396545,2,4353.1,13371.38671875,55563.19921875
651.7908003330231,2,4100.3,14588.00390625,55563.19921875
652.7995204925537,2,4161.8,15514.06640625,55563.19921875
653.838526725769,2,4554.3,15441.859375,55563.19921875
654.8832077980042,2,4031.0,14624.203125,55563.19921875
655.8950371742249,2,2903.8,15042.34375,55563.19921875
656.9184885025024,2,2908.6,15109.4921875,55563.19921875
657.9313497543335,2,1924.4,7299.67578125,55563.19921875
658.9400136470795,2,1721.6,7762.1875,55563.19921875
659.9507701396942,2,2855.8,12540.1953125,55563.19921875
660.9724905490875,2,4519.8,13050.63671875,55563.19921875
661.9914908409119,2,4332.1,12717.234375,55563.19921875
663.0125279426575,2,4176.3,13602.66015625,55563.19921875
664.0575275421143,2,4393.6,13529.7578125,55563.19921875
665.1053202152252,2,4289.5,12899.1953125,55563.19921875
666.1144938468933,2,2502.4,13239.78515625,55563.19921875
667.1239881515503,2,2330.8,7663.765625,55563.19921875
668.1317527294159,2,1540.9,6970.26171875,55563.19921875
669.1396522521973,2,2565.4,12351.0,55563.19921875
670.1584923267365,2,4411.0,12875.9140625,55563.19921875
671.1804902553558,2,4409.1,12507.23828125,55563.19921875
672.2015285491943,2,4193.5,13564.2578125,55563.19921875
673.2405233383179,2,4500.7,13513.2265625,55563.19921875
674.2858760356903,2,4312.9,12776.4765625,55563.19921875
675.2981011867523,2,2814.4,13274.515625,55563.19921875
676.304605960846,2,2354.2,13562.765625,55563.19921875
677.3152840137482,2,204.5,7329.2265625,55563.19921875
678.3223342895508,2,1448.8,8117.6015625,55563.19921875
679.3301243782043,2,774.9,7512.96484375,55563.19921875
680.3379175662994,2,2645.2,9352.265625,55563.19921875
681.3514928817749,2,4381.7,10934.4375,55563.19921875
682.3725326061249,2,4521.0,12570.29296875,55563.19921875
683.3875277042389,2,3863.0,13270.3984375,55563.19921875
684.4285280704498,2,4229.7,13991.22265625,55563.19921875
685.4728121757507,2,3253.5,13861.3046875,55563.19921875
686.4807426929474,2,2059.3,13736.5234375,55563.19921875
687.4921565055847,2,3033.3,13855.08984375,55563.19921875
688.501558303833,2,324.2,7657.06640625,55563.19921875
689.5100655555725,2,1456.4,8471.828125,55563.19921875
690.5167443752289,2,790.8,7894.80078125,55563.19921875
691.5265476703644,2,2873.9,9545.578125,55563.19921875
692.538491487503,2,4395.2,10995.43359375,55563.19921875
693.5630834102631,2,4401.1,12711.11328125,55563.19921875
694.5785274505615,2,4083.2,12989.4140625,55563.19921875
695.6224985122681,2,3776.9,12953.40625,55563.19921875
696.6434893608093,2,3081.3,13474.1328125,55563.19921875
697.6542017459869,2,2230.2,13449.63671875,55563.19921875
698.6657133102417,2,2636.9,13506.05078125,55563.19921875
699.6744663715363,2,1517.5,9114.4296875,55563.19921875
700.6832304000854,2,577.9,8250.96875,55563.19921875
701.6920464038849,2,1141.9,7967.4296875,55563.19921875
702.7008986473083,2,2353.3,9120.01171875,55563.19921875
703.7134900093079,2,4397.3,10548.09765625,55563.19921875
704.7386772632599,2,4380.3,11629.22265625,55563.19921875
705.751145362854,2,4130.8,12948.4140625,55563.19921875
706.7635068893433,2,3393.4,13173.19140625,55563.19921875
707.7863254547119,2,3341.8,13697.72265625,55563.19921875
708.7953569889069,2,2123.5,13591.515625,55563.19921875
709.8067696094513,2,3286.6,13720.08203125,55563.19921875
710.8149898052216,2,1150.7,8870.7578125,55563.19921875
711.8222343921661,2,1099.8,8298.015625,55563.19921875
712.8307373523712,2,1173.5,8041.25,55563.19921875
713.8484969139099,2,2257.8,7904.76171875,55563.19921875
714.9044914245605,2,2927.0,11106.40234375,55563.19921875
715.9255023002625,2,4370.5,12108.34765625,55563.19921875
716.9511613845825,2,4276.0,12701.91796875,55563.19921875
717.9614956378937,2,4267.7,14691.4375,55563.19921875
718.9745213985443,2,3944.1,15661.875,55563.19921875
720.0124878883362,2,3496.9,15112.2734375,55563.19921875
721.0226349830627,2,2804.0,16053.44921875,55563.19921875
722.0305256843567,2,2118.1,15910.625,55563.19921875
723.0414927005768,2,3561.6,16118.9453125,55563.19921875
724.0538711547852,2,962.7,15798.953125,55563.19921875
725.0614140033722,2,1518.0,8614.21875,55563.19921875
726.0700240135193,2,572.5,8177.40234375,55563.19921875
727.079535484314,2,1186.1,7994.25390625,55563.19921875
728.0878841876984,2,2404.1,8725.5234375,55563.19921875
729.0964925289154,2,3942.4,11026.890625,55563.19921875
730.1165018081665,2,4544.2,13132.28515625,55563.19921875
731.1445243358612,2,4224.8,13866.62890625,55563.19921875
732.1577851772308,2,4063.7,14646.99609375,55563.19921875
733.1725001335144,2,3513.4,14921.0546875,55563.19921875
734.189493894577,2,3641.3,15881.56640625,55563.19921875
735.1965179443359,2,1955.3,15944.26953125,55563.19921875
736.209489107132,2,2601.8,16074.48828125,55563.19921875
737.2206001281738,2,2225.5,16316.57421875,55563.19921875
738.2304916381836,2,1147.2,8860.984375,55883.19921875
739.2417027950287,2,1053.1,8322.20703125,55883.19921875
740.251460313797,2,1017.9,8111.90234375,55883.19921875
741.2722985744476,2,2072.7,7933.0234375,55883.19921875
742.2984049320221,2,3364.6,10480.62890625,55883.19921875
743.3064999580383,2,4523.6,12579.79296875,55883.19921875
744.3224997520447,2,4317.2,13169.0859375,55883.19921875
745.3435304164886,2,3884.5,14103.87890625,55883.19921875
746.3814916610718,2,3528.6,13830.10546875,55883.19921875
747.4024932384491,2,2221.3,13929.1015625,55883.19921875
748.4109506607056,2,3127.6,13923.44921875,55883.19921875
749.4226653575897,2,1073.0,8227.171875,55883.19921875
750.429975271225,2,1588.1,8463.91015625,55883.19921875
751.4381132125854,2,1051.1,8254.15625,55883.19921875
752.4533352851868,2,2566.9,8057.25,55883.19921875
753.5114967823029,2,3379.7,10712.37890625,55883.19921875
754.532497882843,2,4455.2,12686.69921875,55883.19921875
755.5578095912933,2,4243.7,13220.3046875,55883.19921875
756.5693688392639,2,3827.9,13708.6640625,55883.19921875
757.578907251358,2,3127.5,13776.5390625,55883.19921875
758.5904977321625,2,3172.3,14383.25390625,55883.19921875
759.6130774021149,2,1817.5,14247.296875,55883.19921875
760.6209740638733,2,3504.9,14371.37890625,55883.19921875
761.6294903755188,2,926.9,8675.05859375,55883.19921875
762.6486504077911,2,1295.6,8255.05078125,55883.19921875
763.6564905643463,2,778.3,8052.203125,55883.19921875
764.6638350486755,2,970.1,7904.875,55883.19921875
765.6719596385956,2,2750.5,9122.58203125,55883.19921875
766.6845004558563,2,4461.8,10875.1015625,55883.19921875
767.7096929550171,2,4278.7,11373.22265625,55883.19921875
768.7224941253662,2,4406.1,13006.7109375,55883.19921875
769.7434976100922,2,2970.7,13214.015625,55883.19921875
770.7689876556396,2,3408.8,13853.6953125,55883.19921875
771.7793710231781,2,1544.3,13750.07421875,55883.19921875
772.7908685207367,2,3247.1,14038.96875,55883.19921875
773.7984926700592,2,1335.4,8599.8828125,55883.19921875
774.806421995163,2,985.2,8168.43359375,55883.19921875
775.8144896030426,2,910.9,7978.2890625,55883.19921875
776.8402075767517,2,755.0,7811.859375,55883.19921875
777.8495018482208,2,3593.4,9920.97265625,55883.19921875
778.8645043373108,2,4464.6,11446.38671875,55883.19921875
779.890914440155,2,4338.2,12238.03515625,55883.19921875
780.9076902866364,2,4127.0,13035.40234375,55883.19921875
781.920224905014,2,3339.8,13274.62890625,55883.19921875
782.9312357902527,2,2550.2,13917.87890625,55883.19921875
783.9432845115662,2,2344.9,13878.60546875,55883.19921875
784.9557793140411,2,2221.3,7705.46875,56395.20703125
785.9648380279541,2,1541.4,9259.86328125,55883.19921875
786.9724223613739,2,795.2,8123.67578125,55883.19921875
787.9809663295746,2,714.5,8056.046875,55883.19921875
788.989492893219,2,2645.8,7857.12109375,55883.19921875
790.0463972091675,2,3527.0,10273.41796875,55883.19921875
791.06449842453,2,4442.1,12826.16015625,55883.19921875
792.090496301651,2,4420.4,13033.5625,55883.19921875
793.1152391433716,2,3429.8,13370.6328125,55883.19921875
794.1224927902222,2,3686.0,13800.77734375,55883.19921875
795.1426274776459,2,2119.5,14072.3046875,55883.19921875
796.149492263794,2,2712.7,14147.73046875,55883.19921875
797.1639890670776,2,1833.9,7402.52734375,55883.19921875
798.1720612049103,2,1565.5,9371.4765625,55883.19921875
799.1812951564789,2,664.7,8244.92578125,55883.19921875
800.187762260437,2,1245.9,8021.375,55883.19921875
801.1966938972473,2,2932.6,9710.50390625,55883.19921875
802.2104980945587,2,4370.0,11216.05078125,55883.19921875
803.2366464138031,2,4465.5,12472.3515625,55883.19921875
804.2524993419647,2,4008.5,13178.9453125,55883.19921875
805.2625000476837,2,3319.3,13262.8671875,55883.19921875
806.2885007858276,2,3074.0,13770.09765625,55883.19921875
807.3104910850525,2,2108.8,13838.0,55883.19921875
808.3209517002106,2,3043.1,13892.41796875,55883.19921875
809.3290238380432,2,1439.9,8957.2421875,55883.19921875
810.3359849452972,2,798.2,8462.453125,55883.19921875
811.3444900512695,2,1099.0,8230.0859375,55883.19921875
812.3591058254242,2,2171.6,8901.8984375,55883.19921875
813.368494272232,2,4008.1,10811.9140625,55883.19921875
814.3894989490509,2,4374.0,12676.4375,55883.19921875
815.4055032730103,2,4341.8,13208.9921875,55883.19921875
816.4194912910461,2,3209.1,13434.48828125,55883.19921875
817.4446535110474,2,3682.4,14038.76171875,55883.19921875
818.4561367034912,2,2070.1,13928.30078125,55883.19921875
819.466805934906,2,3398.5,13882.5859375,55883.19921875
820.4785041809082,2,706.6,8755.21484375,55883.19921875
821.4940350055695,2,1549.7,8494.0234375,55883.19921875
822.5018880367279,2,827.3,8310.21484375,55883.19921875
823.5088922977448,2,1228.5,8038.7109375,55883.19921875
824.5225114822388,2,3431.8,10673.921875,55883.19921875
825.5394973754883,2,4354.6,11707.5703125,55883.19921875
826.5648317337036,2,4436.8,12955.83203125,55883.19921875
827.5794956684113,2,3922.7,13583.5703125,55883.19921875
828.5934908390045,2,3466.5,13631.21484375,55883.19921875
829.6040394306183,2,3171.4,14155.37109375,55883.19921875
830.6194920539856,2,1918.1,14098.46875,55883.19921875
831.6313006877899,2,3226.4,14215.65234375,55883.19921875
832.6378562450409,2,1354.6,9083.0859375,55883.19921875
833.646237373352,2,988.1,8520.5390625,55883.19921875
834.655305147171,2,1021.1,8341.73828125,55883.19921875
835.6644914150238,2,2468.4,8169.35546875,55883.19921875
836.6834917068481,2,3252.1,11319.078125,55883.19921875
837.7045006752014,2,4374.2,12537.4140625,55883.19921875
838.7295739650726,2,4271.4,13158.64453125,55883.19921875
839.7434892654419,2,4307.7,15091.90625,55883.19921875
840.7645401954651,2,3869.6,15278.81640625,55883.19921875
841.7814972400665,2,3378.0,15469.46875,55883.19921875
842.7945003509521,2,2825.4,16385.30859375,55883.19921875
843.818012714386,2,2042.8,16230.78125,55883.19921875
844.8264994621277,2,3667.5,16434.78515625,55883.19921875
845.843101978302,2,788.9,7514.97265625,55883.19921875
846.8519854545593,2,1561.9,8918.45703125,55883.19921875
847.8626446723938,2,737.9,8442.99609375,56267.19921875
848.870813369751,2,938.1,8282.37109375,56267.19921875
849.8914904594421,2,1913.3,8056.109375,56267.19921875
850.9214944839478,2,3451.9,10684.07421875,56267.19921875
851.9314954280853,2,4531.4,12765.87109375,56267.19921875
852.9575016498566,2,4232.7,13485.99609375,56267.19921875
853.9805326461792,2,3634.5,14515.14453125,56267.19921875
855.0380942821503,2,3596.7,13921.53515625,56267.19921875
856.0514917373657,2,2663.7,14353.62890625,56267.19921875
857.0607206821442,2,2556.4,14255.0703125,56267.19921875
858.0730838775635,2,2165.5,7723.02734375,56267.19921875
859.0814900398254,2,1642.7,9586.078125,56267.19921875
860.0907311439514,2,658.2,8463.51953125,56267.19921875
861.0980973243713,2,1152.6,8239.59765625,56267.19921875
862.1061182022095,2,1986.6,9261.21875,56267.19921875
863.1154901981354,2,4261.9,10858.83984375,56267.19921875
864.1265015602112,2,4406.9,12024.40234375,56267.19921875
865.1375007629395,2,4388.6,13349.5,56267.19921875
866.1500577926636,2,3263.5,13678.30859375,56267.19921875
867.1615693569183,2,3597.8,14204.625,56267.19921875
868.1715226173401,2,2008.1,14053.81640625,56267.19921875
869.1785078048706,2,3528.3,14076.953125,56267.19921875
870.1910543441772,2,590.6,8992.296875,56267.19921875
871.1983480453491,2,1610.4,8636.17578125,56267.19921875
872.2084937095642,2,1010.9,8478.9296875,56267.19921875
873.2361211776733,2,1365.5,8240.59765625,56267.19921875
874.2665166854858,2,3330.0,10861.9140625,56267.19921875
875.2814908027649,2,4163.8,11876.7265625,56267.19921875
876.296502828598,2,4450.9,14930.56640625,56267.19921875
877.323492527008,2,4325.5,14816.1484375,56267.19921875
878.3439800739288,2,3703.4,16029.015625,56267.19921875
879.3652691841125,2,3206.6,15323.44921875,56267.19921875
880.3784897327423,2,3637.9,16378.77734375,56267.19921875
881.3978495597839,2,1952.5,16282.8984375,56267.19921875
882.4074976444244,2,2825.4,16425.05859375,56267.19921875
883.4209358692169,2,1940.2,16620.1484375,56267.19921875
884.4315409660339,2,1236.2,8930.0546875,56267.19921875
885.4416282176971,2,982.0,8390.84375,56267.19921875
886.4507849216461,2,663.9,8239.68359375,56267.19921875
887.4630100727081,2,1309.7,8029.23828125,56267.19921875
888.4714925289154,2,3377.4,10480.5703125,56267.19921875
889.4925036430359,2,4468.8,11972.41796875,56267.19921875
890.5134909152985,2,4414.6,13102.4296875,56267.19921875
891.5355339050293,2,3692.6,14179.36328125,56267.19921875
892.5924918651581,2,3735.0,13858.62890625,56267.19921875
893.6120960712433,2,2079.3,14032.9453125,56267.19921875
894.6239361763,2,3171.6,14077.16796875,56267.19921875
895.6354284286499,2,1123.1,9020.4296875,56267.19921875
896.641464471817,2,1681.3,9565.3515625,56267.19921875
897.6494927406311,2,1157.0,8733.08984375,56267.19921875
898.6744933128357,2,1706.3,10475.4765625,56267.19921875
899.6894900798798,2,4474.3,12011.8515625,56267.19921875
900.7105002403259,2,4482.7,13965.984375,56267.19921875
901.7265005111694,2,4086.1,14287.0546875,56267.19921875
902.7385313510895,2,4094.2,14923.3125,56267.19921875
903.7871098518372,2,3802.6,14258.92578125,56267.19921875
904.7956206798553,2,2806.4,14595.828125,56267.19921875
905.8034887313843,2,2682.9,14451.96484375,56267.19921875
906.8141739368439,2,1352.4,8758.5625,56267.19921875
907.8226127624512,2,1809.3,8824.4140625,56267.19921875
908.8304898738861,2,1200.8,8590.765625,56267.19921875
909.8565325737,2,2113.1,12024.50390625,56267.19921875
910.8844916820526,2,4381.1,14311.29296875,56267.19921875
911.8994979858398,2,4531.4,14860.4375,56267.19921875
912.9264905452728,2,4340.3,14865.359375,56267.19921875
913.9365379810333,2,4054.5,15827.46484375,56267.19921875
914.9795339107513,2,4506.3,15795.8125,56267.19921875
916.0194101333618,2,4675.1,15678.65234375,56267.19921875
917.0631141662598,2,3109.7,15460.01953125,56267.19921875
918.0720121860504,2,2397.8,15410.625,56267.19921875
919.0799555778503,2,2808.9,15651.8515625,56267.19921875
920.0894892215729,2,1578.3,9144.47265625,56267.19921875
921.1084599494934,2,937.4,8542.5703125,56267.19921875
922.1196653842926,2,1811.3,9626.3046875,56267.19921875
923.127729177475,2,3709.0,12431.49609375,56267.19921875
924.1394970417023,2,4542.3,13475.0,56267.19921875
925.1670730113983,2,4334.5,14643.89453125,56267.19921875
926.1835277080536,2,4090.2,15513.0390625,56267.19921875
927.2260270118713,2,4036.0,14619.3984375,56267.19921875
928.2328774929047,2,3191.0,15184.34765625,56267.19921875
929.2429864406586,2,2163.2,14973.97265625,56267.19921875
930.2544906139374,2,3006.0,15092.3125,56267.19921875
931.2645781040192,2,1501.6,9307.7578125,56267.19921875
932.2761075496674,2,1032.8,8619.078125,56779.23046875
933.2868814468384,2,1769.4,10461.74609375,56267.19921875
934.2986941337585,2,4426.0,12088.40625,56267.19921875
935.3154599666595,2,4410.5,12758.83984375,56267.19921875
936.331750869751,2,3884.7,13785.37109375,56267.19921875
937.3405342102051,2,4369.0,14547.77734375,56267.19921875
938.3774917125702,2,3795.8,14084.21484375,56267.19921875
939.3848628997803,2,2336.2,14199.1953125,56267.19921875
940.3924539089203,2,3066.2,14292.0,56267.19921875
941.4014918804169,2,1164.0,9221.6796875,56267.19921875
942.4204766750336,2,1330.6,8790.55859375,56267.19921875
943.4274921417236,2,1609.0,8588.484375,56267.19921875
944.451413154602,2,3023.8,12263.8828125,56267.19921875
945.4635634422302,2,4508.4,12903.3515625,56267.19921875
946.4886889457703,2,4288.7,14356.3515625,56267.19921875
947.510529756546,2,4031.9,15155.6796875,56267.19921875
948.5565032958984,2,4174.9,14316.05859375,56267.19921875
949.5667448043823,2,3380.6,14868.34375,56267.19921875
950.5766797065735,2,2290.5,14672.8515625,56267.19921875
951.586939573288,2,3018.5,14754.30859375,56267.19921875
952.5942652225494,2,1553.1,9444.40234375,56267.19921875
953.6019797325134,2,1086.1,8996.23046875,56267.19921875
954.6110899448395,2,1581.6,10053.41796875,56267.19921875
955.6205430030823,2,3085.3,13668.59765625,56267.19921875
956.6604943275452,2,4504.1,14342.2578125,56267.19921875
957.6835064888,2,4535.9,16251.37109375,56267.19921875
958.7134997844696,2,4367.0,15172.3671875,56267.19921875
959.7425222396851,2,3935.8,16062.30078125,56267.19921875
960.7915227413177,2,4533.7,15944.47265625,56267.19921875
961.8354964256287,2,4070.6,15185.78515625,56267.19921875
962.8584611415863,2,2949.5,15675.171875,56267.19921875
963.8808453083038,2,2773.7,15745.3515625,56267.19921875
964.8923316001892,2,1807.4,7724.140625,56267.19921875
965.9014127254486,2,1722.3,9771.19140625,56267.19921875
966.9107332229614,2,989.7,8636.85546875,56267.19921875
967.920001745224,2,1819.0,12025.75390625,56267.19921875
968.9494924545288,2,4299.6,14339.1640625,56267.19921875
969.9714996814728,2,4581.0,14650.8515625,56267.19921875
970.9966397285461,2,4539.8,14830.18359375,56267.19921875
972.0115180015564,2,3916.8,16069.91796875,56267.19921875
973.0565228462219,2,4694.2,16050.73828125,56267.19921875
974.0955317020416,2,4531.3,15925.8359375,56267.19921875
975.1387741565704,2,3580.3,15569.48046875,56267.19921875
976.1475968360901,2,2457.5,15698.09375,56267.19921875
977.1539163589478,2,3023.3,15864.65234375,56267.19921875
978.161110162735,2,1742.6,7875.21875,56267.19921875
979.1688144207001,2,2268.9,8247.12890625,56267.19921875
980.1827132701874,2,2518.7,8800.96484375,56267.19921875
981.1947116851807,2,774.3,9067.265625,58122.3671875
982.2034931182861,2,1505.9,8526.21875,56074.3515625
983.259495973587,2,3280.4,10883.6484375,56074.3515625
984.2725009918213,2,4288.9,12907.12109375,56114.3515625
985.2895791530609,2,4446.9,14905.03515625,63282.3515625
986.3044924736023,2,4175.1,15349.2578125,63282.3515625
987.3285071849823,2,3397.6,15598.37109375,63282.3515625
988.3563883304596,2,3114.9,15727.8359375,63282.3515625
989.3626108169556,2,3403.5,16666.1796875,63282.3515625
990.3715002536774,2,1468.4,16902.19921875,63282.3515625
991.3780941963196,2,1934.5,17067.07421875,63282.3515625
992.3878178596497,2,3216.9,17242.2734375,63282.3515625
993.3961086273193,2,575.0,7683.4296875,63282.3515625
994.4048092365265,2,1071.7,8950.42578125,63282.3515625
995.413631439209,2,2886.2,10533.7109375,63282.3515625
996.421498298645,2,4096.5,12933.734375,63282.3515625
997.5002751350403,2,4382.8,15155.9375,63282.3515625
998.5275053977966,2,4642.8,20187.4296875,71522.3515625
999.5548174381256,2,4328.6,15662.78125,71522.3515625
1000.5685527324677,2,4289.6,18969.29296875,71522.3515625
1001.5894930362701,2,4437.5,19109.20703125,71522.3515625
1002.6103088855743,2,2998.2,19358.17578125,71522.3515625
1003.6184964179993,2,3163.3,19584.296875,71522.3515625
1004.6368551254272,2,3749.5,20023.7734375,71522.3515625
1005.6480987071991,2,2713.6,20970.97265625,71522.3515625
1006.655145406723,2,1326.3,21003.68359375,71522.3515625
1007.6632990837097,2,1429.6,20929.17578125,71522.3515625
1008.6714897155762,2,3885.7,21098.30859375,71522.3515625
1009.6845850944519,2,2021.1,21467.89453125,71522.3515625
1010.6927461624146,2,720.0,8181.4453125,71522.3515625
1011.7014887332916,2,2330.4,8797.05078125,71522.3515625
1012.742504119873,2,3131.8,12126.5703125,71522.3515625
1013.7633256912231,2,4293.4,12796.609375,71522.3515625
1014.7744972705841,2,4586.9,17345.99609375,71522.3515625
1015.7965133190155,2,4563.5,16909.08984375,71522.3515625
1016.8144981861115,2,4148.6,18392.1484375,71522.3515625
1017.8354938030243,2,4462.7,18517.32421875,71522.3515625
1018.855819940567,2,3048.9,18866.859375,71522.3515625
1019.8694968223572,2,3220.4,19054.64453125,71522.3515625
1020.8948593139648,2,3913.5,19704.453125,71522.3515625
1021.9204907417297,2,2052.4,20217.015625,71522.3515625
1022.9324924945831,2,1476.1,20138.05078125,71522.3515625
1023.9464888572693,2,1718.7,20320.30859375,71522.3515625
1024.9588630199432,2,4240.1,20546.09765625,71522.3515625
1025.9679672718048,2,664.5,8217.08203125,73570.3671875
1026.9762086868286,2,940.6,8735.7421875,71522.3515625
1027.9874258041382,2,2486.6,10362.34375,71522.3515625
1028.9974896907806,2,4295.3,12530.4453125,71522.3515625
1030.0185039043427,2,4416.8,15046.703125,71522.3515625
1031.0394983291626,2,4579.8,19685.33984375,71522.3515625
1032.065495967865,2,4357.8,15927.24609375,71522.3515625
1033.0853807926178,2,4391.6,18339.30859375,71522.3515625
1034.1109132766724,2,3843.8,18682.30078125,71522.3515625
1035.1214962005615,2,3151.4,19034.53515625,71522.3515625
1036.1474933624268,2,3081.4,19181.546875,71522.3515625
1037.1634895801544,2,3918.1,20440.08203125,71522.3515625
1038.172491312027,2,1252.0,20376.484375,71522.3515625
1039.1871237754822,2,1430.7,20329.8984375,71522.3515625
1040.1964936256409,2,3052.5,20566.45703125,71522.3515625
1041.212960243225,2,2614.6,20890.375,71522.3515625
1042.2228350639343,2,565.9,8103.12109375,71522.3515625
1043.2315084934235,2,1895.5,8959.36328125,71522.3515625
1044.2685174942017,2,3153.4,11689.19921875,71522.3515625
1045.2870631217957,2,4266.1,12840.8828125,71522.3515625
1046.298500776291,2,4575.1,17107.00390625,71522.3515625
1047.323008775711,2,4534.8,21378.1015625,71522.3515625
1048.336962223053,2,4316.6,17861.08984375,71522.3515625
1049.3523128032684,2,4347.7,18406.09765625,71522.3515625
1050.3655190467834,2,3449.5,18720.2265625,71522.3515625
1051.3901953697205,2,3037.0,18945.1484375,71522.3515625
1052.4015002250671,2,3679.6,19348.734375,71522.3515625
1053.4130158424377,2,2709.2,20255.734375,71522.3515625
1054.4201936721802,2,1285.7,20256.0234375,71522.3515625
1055.4345345497131,2,1347.5,20111.28125,71522.3515625
1056.441493988037,2,4383.3,20409.453125,71522.3515625
1057.4546592235565,2,1273.8,20728.9296875,71522.3515625
1058.464584350586,2,605.2,8555.0625,71522.3515625
1059.4734971523285,2,1441.4,9569.5234375,71522.3515625
1060.5270285606384,2,2807.6,11758.25390625,71522.3515625
1061.537493467331,2,4132.1,14438.1640625,71522.3515625
1062.559504032135,2,4353.9,14905.33203125,71522.3515625
1063.587613582611,2,4579.0,19779.3515625,71522.3515625
1064.6133785247803,2,4579.5,24826.9375,71522.3515625
1065.6405017375946,2,4112.5,17815.14453125,71522.3515625
1066.663496017456,2,4369.9,20484.23046875,71522.3515625
1067.688500404358,2,4409.9,20685.62109375,71522.3515625
1068.7132997512817,2,3002.6,20911.9453125,71522.3515625
1069.745258808136,2,3215.9,21100.265625,71522.3515625
1070.754343509674,2,3464.3,21516.07421875,71522.3515625
1071.7658982276917,2,3559.4,22713.5859375,71522.3515625
1072.7774953842163,2,1267.3,22589.1640625,71522.3515625
1073.785917043686,2,1540.2,22507.04296875,71522.3515625
1074.7941546440125,2,2413.6,22703.61328125,71522.3515625
1075.8052804470062,2,3742.3,22919.125,71522.3515625
1076.8132915496826,2,657.9,7872.9296875,73570.3671875
1077.8274793624878,2,683.4,8938.9609375,71522.3515625
1078.8354909420013,2,2173.1,9550.88671875,71522.3515625
1079.8681471347809,2,2754.9,12074.68359375,71522.3515625
1080.893494606018,2,4367.7,14416.55078125,71522.3515625
1081.9144999980927,2,4352.9,16402.0625,71522.3515625
1082.9404995441437,2,4636.5,20935.88671875,71522.3515625
1083.9674990177155,2,4459.5,23875.0546875,71522.3515625
1084.9805850982666,2,4203.1,19159.7109375,71522.3515625
1086.0005128383636,2,4378.6,20501.1796875,71522.3515625
1087.0254955291748,2,4018.9,20853.19140625,71522.3515625
1088.0415053367615,2,2963.5,21000.53125,71522.3515625
1089.0490939617157,2,3172.5,21144.17578125,71522.3515625
1090.0584921836853,2,3570.7,21638.2578125,71522.3515625
1091.0705437660217,2,2976.3,22664.7890625,71522.3515625
1092.0814929008484,2,1264.5,22548.94140625,71522.3515625
1093.089220046997,2,1540.4,22497.7578125,71522.3515625
1094.0974924564362,2,2569.0,22734.4453125,71522.3515625
1095.1092348098755,2,3499.3,22941.578125,71522.3515625
1096.1179249286652,2,642.0,7607.328125,73570.3671875
1097.1305561065674,2,656.3,8886.1015625,71522.3515625
1098.1414906978607,2,1930.9,9552.078125,71522.3515625
1099.1674315929413,2,2709.3,12018.91796875,71522.3515625
1100.1784904003143,2,4320.3,14411.05859375,71522.3515625
1101.199496269226,2,4355.8,15973.72265625,71522.3515625
1102.22749710083,2,4614.5,20530.1796875,71522.3515625
1103.2535123825073,2,4526.8,24547.11328125,71522.3515625
1104.264659166336,2,4180.6,19141.140625,71522.3515625
1105.2874982357025,2,4342.9,20510.0859375,71522.3515625
1106.3123195171356,2,4106.5,20811.4453125,71522.3515625
1107.3210353851318,2,3073.6,20936.38671875,71522.3515625
1108.330505847931,2,2952.4,21214.48046875,71522.3515625
1109.3574934005737,2,3500.5,21646.0703125,71522.3515625
1110.3715105056763,2,3172.3,22648.6640625,71522.3515625
1111.3854899406433,2,1169.8,22560.25390625,71522.3515625
1112.3970336914062,2,1527.7,22509.453125,71522.3515625
1113.4075558185577,2,2261.9,22711.5625,71522.3515625
1114.418655872345,2,3896.3,22899.9765625,71522.3515625
1115.427164554596,2,632.7,17321.2734375,71522.3515625
1116.4354221820831,2,577.4,8773.78515625,71522.3515625
1117.44349193573,2,1841.6,9557.3828125,71522.3515625
1118.49915599823,2,2677.9,12008.140625,71522.3515625
1119.5124912261963,2,4331.3,14410.69921875,71522.3515625
1120.5335102081299,2,4428.9,15874.625,71522.3515625
1121.5597710609436,2,4565.4,20291.8671875,71522.3515625
1122.585755109787,2,4516.9,24457.48046875,71522.3515625
1123.6004948616028,2,4195.0,19093.7109375,71522.3515625
1124.6265032291412,2,4406.8,20488.32421875,71522.3515625
1125.6514983177185,2,4412.0,20708.953125,71522.3515625
1126.6645050048828,2,3065.9,20924.3125,71522.3515625
1127.695805311203,2,2658.8,21192.26171875,71522.3515625
1128.7074961662292,2,3670.9,21574.125,71522.3515625
1129.7201986312866,2,3401.0,22691.29296875,71522.3515625
1130.7268424034119,2,1188.9,22642.90234375,71522.3515625
1131.7361874580383,2,1579.7,22557.41015625,71522.3515625
1132.7454886436462,2,2390.4,22768.28515625,71522.3515625
1133.7562539577484,2,3782.6,22921.54296875,71522.3515625
1134.7657520771027,2,643.0,7678.2734375,73570.3671875
1135.7750446796417,2,665.7,8946.26953125,71522.3515625
1136.7834916114807,2,2086.0,9562.8984375,71522.3515625
1137.8164930343628,2,2668.6,12072.75390625,71522.3515625
1138.8344912528992,2,4390.3,14413.23828125,71522.3515625
1139.8554992675781,2,4441.3,16372.03515625,71522.3515625
1140.8825011253357,2,4598.4,20774.390625,71522.3515625
1141.9105002880096,2,4471.0,24411.34765625,71522.3515625
1142.9436519145966,2,4231.2,19121.28125,71522.3515625
1143.9655003547668,2,4434.7,20501.8046875,71522.3515625
1144.9902029037476,2,4309.3,20738.91015625,71522.3515625
1146.0035147666931,2,2998.3,20934.859375,71522.3515625
1147.0345041751862,2,2743.2,21203.98046875,71522.3515625
1148.0604903697968,2,3919.7,21656.03125,71522.3515625
1149.0772314071655,2,3036.5,22676.09375,71522.3515625
1150.0886631011963,2,1314.4,22579.84375,71522.3515625
1151.0950076580048,2,1543.6,22612.8203125,71522.3515625
1152.1063542366028,2,3021.8,22790.32421875,71522.3515625
1153.1340334415436,2,3003.2,22972.55859375,71522.3515625
1154.1430733203888,2,597.6,8799.6640625,73570.3671875
1155.1521203517914,2,866.9,9309.1875,71522.3515625
1156.1604869365692,2,2584.1,9585.84765625,71522.3515625
1157.2075119018555,2,2345.7,13335.484375,71522.3515625
1158.2384927272797,2,3703.6,15635.46875,71522.3515625
1159.2594907283783,2,4336.5,16106.859375,71522.3515625
1160.2804989814758,2,4517.6,19691.35546875,71522.3515625
1161.3074989318848,2,4553.7,24402.94921875,81762.3515625
1162.3334953784943,2,4520.4,29431.8203125,81818.3515625
1163.3584952354431,2,4144.0,26961.23828125,81818.3515625
1164.3815126419067,2,4181.0,22247.0390625,81818.3515625
1165.422414302826,2,4055.7,24834.06640625,81818.3515625
1166.4434905052185,2,4295.1,25059.42578125,81818.3515625
1167.4674971103668,2,4442.8,25265.87109375,81818.3515625
1168.4920842647552,2,3119.4,25469.90234375,81818.3515625
1169.514494895935,2,2875.8,25846.5859375,81818.3515625
1170.5400233268738,2,3411.0,25879.5625,81818.3515625
1171.549190044403,2,2907.5,26354.37109375,81818.3515625
1172.5569076538086,2,3285.6,27515.265625,81818.3515625
1173.566255569458,2,1703.8,28367.2421875,81818.3515625
1174.574490070343,2,1112.4,28295.6171875,81818.3515625
1175.582501411438,2,1105.7,28523.57421875,81818.3515625
1176.590951681137,2,1398.2,28357.48046875,81818.3515625
1177.6004934310913,2,2248.2,28862.28125,81818.3515625
1178.6116597652435,2,4216.3,28771.890625,81818.3515625
1179.6220507621765,2,1067.1,29366.8046875,81818.3515625
1180.6301834583282,2,749.1,29672.64453125,81818.3515625
1181.6380820274353,2,367.9,7861.54296875,81818.3515625
1182.6464545726776,2,2338.2,8640.6171875,81818.3515625
1183.6764905452728,2,3348.8,11368.28515625,81818.3515625
1184.6975128650665,2,4528.9,14869.34765625,81818.3515625
1185.7297248840332,2,4476.0,14331.78125,81818.3515625
1186.7464969158173,2,4125.3,15352.84375,81818.3515625
1187.7711372375488,2,2677.9,15643.9296875,81818.3515625
1188.796174287796,2,3579.7,16422.0546875,81818.3515625
1189.817144393921,2,2038.0,16890.60546875,81818.3515625
1190.823489665985,2,1523.9,17027.1796875,81818.3515625
1191.8343329429626,2,3587.9,17245.625,81818.3515625
1192.843154668808,2,594.6,9486.39453125,83866.3671875
1193.852490901947,2,1564.2,8910.9921875,81818.3515625
1194.9094910621643,2,3317.6,11574.39453125,81818.3515625
1195.9294986724854,2,4472.0,14088.51953125,81818.3515625
1196.9549527168274,2,4313.1,13351.01953125,81818.3515625
1197.9674966335297,2,4152.6,15352.9140625,81818.3515625
1198.9822227954865,2,3152.3,15520.30078125,81818.3515625
1199.990490436554,2,3490.5,15783.69921875,81818.3515625
1201.0016357898712,2,2447.7,16700.109375,81818.3515625
1202.0073482990265,2,1499.2,16614.7890625,81818.3515625
1203.0152850151062,2,3616.9,16780.8671875,81818.3515625
1204.0273277759552,2,958.5,17208.62109375,81818.3515625
1205.0370552539825,2,621.1,8964.11328125,81818.3515625
1206.045491218567,2,1872.9,9671.94921875,81818.3515625
1207.096447944641,2,2402.6,12529.85546875,81818.3515625
1208.111491203308,2,4203.8,15581.31640625,81818.3515625
1209.1301555633545,2,4285.1,16047.24609375,81818.3515625
1210.1524991989136,2,4511.6,19915.5390625,81818.3515625
1211.1784934997559,2,4607.0,24123.8984375,81818.3515625
1212.2054958343506,2,4514.5,28877.79296875,81818.3515625
1213.2355160713196,2,4108.2,25127.1796875,81818.3515625
1214.261507987976,2,4221.2,23051.16796875,81818.3515625
1215.2934901714325,2,4075.8,24681.515625,81818.3515625
1216.3144915103912,2,4246.6,24849.48828125,81818.3515625
1217.3333413600922,2,4142.6,25160.640625,81818.3515625
1218.3435192108154,2,3137.4,25362.66796875,81818.3515625
1219.3524932861328,2,2767.7,25730.90234375,81818.3515625
1220.3784983158112,2,3323.2,25792.359375,81818.3515625
1221.3951497077942,2,3701.3,26385.82421875,81818.3515625
1222.4065062999725,2,2926.2,27476.6015625,81818.3515625
1223.4151635169983,2,1296.5,28210.22265625,81818.3515625
1224.423974275589,2,1150.5,28174.65625,81818.3515625
1225.4296479225159,2,1381.8,28157.3671875,81818.3515625
1226.4392883777618,2,934.3,28329.26953125,81818.3515625
1227.4474189281464,2,2540.6,28643.56640625,81818.3515625
1228.4602677822113,2,4137.8,28590.14453125,81818.3515625
1229.4694411754608,2,806.7,29213.59375,81818.3515625
1230.4785211086273,2,788.6,29539.87109375,81818.3515625
1231.4864928722382,2,373.9,8055.1484375,81818.3515625
1232.4948146343231,2,1132.8,9475.58203125,81818.3515625
1233.5134897232056,2,2794.4,11688.1796875,81818.3515625
1234.5244932174683,2,4443.2,14107.53125,81818.3515625
1235.5454959869385,2,4369.3,15777.7578125,81818.3515625
1236.572503566742,2,4575.8,20546.9375,81818.3515625
1237.5985085964203,2,4391.3,23179.83203125,81818.3515625
1238.6224956512451,2,4380.1,19640.3203125,81818.3515625
1239.640671491623,2,4316.4,20320.6953125,81818.3515625
1240.6527316570282,2,3363.1,20601.05078125,81818.3515625
1241.6625051498413,2,3482.0,20785.3828125,81818.3515625
1242.6889724731445,2,3324.5,20883.828125,81818.3515625
1243.6992976665497,2,4087.6,21904.0859375,81818.3515625
1244.7075598239899,2,1479.9,22131.4140625,81818.3515625
1245.7157850265503,2,1559.5,22172.33203125,81818.3515625
1246.7245075702667,2,2263.0,22302.390625,81818.3515625
1247.7371351718903,2,3634.3,22517.76953125,81818.3515625
1248.7465479373932,2,669.8,8744.484375,83866.3671875
1249.7542388439178,2,689.5,9483.0546875,81818.3515625
1250.7624950408936,2,1621.8,10063.40234375,81818.3515625
1251.8246057033539,2,3070.7,11855.6796875,81818.3515625
1252.83349943161,2,3712.3,14874.859375,81818.3515625
1253.8484914302826,2,4148.0,16410.296875,81818.3515625
1254.8695015907288,2,4331.7,18230.40234375,81818.3515625
1255.8964960575104,2,4562.0,22787.3671875,81818.3515625
1256.9228103160858,2,4402.4,27195.265625,81818.3515625
1257.9499924182892,2,4505.0,31625.8125,81818.3515625
1258.9759421348572,2,3753.1,20218.14453125,81818.3515625
1259.9905054569244,2,4508.2,24482.86328125,81818.3515625
1261.0164985656738,2,3992.6,25492.765625,81818.3515625
1262.1217682361603,2,4087.6,25839.94921875,81818.3515625
1263.141569852829,2,3189.5,26075.640625,81818.3515625
1264.1504180431366,2,3059.9,26318.578125,81818.3515625
1265.1595046520233,2,3743.9,26562.5703125,81818.3515625
1266.1864051818848,2,2770.2,26547.68359375,81818.3515625
1267.1930332183838,2,4009.0,27483.66796875,81818.3515625
1268.2025425434113,2,2806.3,28698.50390625,81818.3515625
1269.2257225513458,2,1129.8,28924.26171875,81818.3515625
1270.232792377472,2,1132.8,28930.203125,81818.3515625
1271.240493297577,2,1197.8,29081.19140625,81818.3515625
1272.2604422569275,2,1148.5,29064.84375,81818.3515625
1273.269497871399,2,1828.6,29497.73828125,81818.3515625
1274.2934908866882,2,4115.0,29507.984375,81818.3515625
1275.3176572322845,2,2095.8,29901.51171875,81818.3515625
1276.3264427185059,2,632.9,30165.71875,81818.3515625
1277.3345685005188,2,409.3,8475.37890625,83866.3671875
1278.343517780304,2,732.1,9305.828125,81818.3515625
1279.3514926433563,2,2054.8,9755.92578125,81818.3515625
1280.3937711715698,2,2285.5,12520.7109375,81818.3515625
1281.4149165153503,2,4306.8,15455.65625,81818.3515625
1282.4234931468964,2,4159.1,16185.21484375,81818.3515625
1283.444501876831,2,4567.2,20090.27734375,81818.3515625
1284.4704999923706,2,4547.1,24254.60546875,81818.3515625
1285.495498418808,2,4410.5,28429.63671875,81818.3515625
1286.5221629142761,2,4188.0,27280.4453125,81818.3515625
1287.5414967536926,2,4192.5,22125.53125,81818.3515625
1288.5753922462463,2,3952.1,24898.86328125,81818.3515625
1289.5952372550964,2,4265.7,25068.77734375,81818.3515625
1290.604502916336,2,4282.3,25259.00390625,81818.3515625
1291.6291477680206,2,3116.4,25479.47265625,81818.3515625
1292.6608533859253,2,3102.9,25762.8515625,81818.3515625
1293.6674973964691,2,3363.4,25844.640625,81818.3515625
1294.6928424835205,2,3510.6,26295.1484375,81818.3515625
1295.7041947841644,2,3401.0,27481.6015625,81818.3515625
1296.7151112556458,2,1291.1,28297.4765625,81818.3515625
1297.7241747379303,2,968.1,28285.0390625,81818.3515625
1298.732491493225,2,1165.8,28465.98828125,81818.3515625
1299.7523844242096,2,1279.3,28244.22265625,81818.3515625
1300.7625215053558,2,921.7,28457.234375,81818.3515625
1301.7914910316467,2,3858.2,28736.078125,81818.3515625
1302.8019976615906,2,2825.3,29272.84375,81818.3515625
1303.8106667995453,2,581.5,29527.4375,81818.3515625
1304.8201694488525,2,583.4,20327.27734375,81818.3515625
1305.8280098438263,2,533.8,8862.33984375,81818.3515625
1306.8358838558197,2,1037.2,9748.96875,81818.3515625
1307.854658126831,2,3519.1,11065.25,81818.3515625
1308.862517118454,2,3444.7,14436.3359375,81818.3515625
1309.8754816055298,2,4162.6,15977.9140625,81818.3515625
1310.8954918384552,2,4406.6,18200.39453125,81818.3515625
1311.9224989414215,2,4573.2,22765.21875,81818.3515625
1312.9494979381561,2,4463.6,27280.03125,81818.3515625
1313.9766795635223,2,4430.8,29755.26953125,81818.3515625
1314.986495733261,2,4010.3,20521.01171875,81818.3515625
1316.0121483802795,2,4396.2,24489.4296875,81818.3515625
1317.0225014686584,2,4192.1,24846.5234375,81818.3515625
1318.048231601715,2,4019.4,25268.28515625,81818.3515625
1319.06951546669,2,2974.0,25559.87109375,81818.3515625
1320.10311794281,2,3138.4,25858.94921875,81818.3515625
1321.117294549942,2,3703.8,25852.140625,81818.3515625
1322.1274888515472,2,3188.3,26152.60546875,81818.3515625
1323.1472206115723,2,3628.4,27424.328125,81818.3515625
1324.1536152362823,2,2063.3,28408.71875,81818.3515625
1325.1617250442505,2,972.0,28361.7734375,81818.3515625
1326.1714918613434,2,1089.2,28540.77734375,81818.3515625
1327.1911680698395,2,1520.7,28226.046875,81818.3515625
1328.1991448402405,2,1335.7,28501.01171875,81818.3515625
1329.2099554538727,2,3949.0,28771.1875,81818.3515625
1330.2198677062988,2,2298.5,29315.14453125,81818.3515625
1331.2286772727966,2,571.2,29521.53515625,81818.3515625
1332.2370836734772,2,602.7,7901.640625,83866.3671875
1333.2458879947662,2,671.7,9005.0625,81818.3515625
1334.2538261413574,2,2012.3,9633.1875,81818.3515625
1335.2764949798584,2,2413.5,12535.60546875,81818.3515625
1336.288238286972,2,4225.6,15625.62109375,81818.3515625
1337.3014934062958,2,4274.3,16079.38671875,81818.3515625
1338.3224997520447,2,4534.3,19657.14453125,81818.3515625
1339.3511712551117,2,4599.2,24635.08984375,81818.3515625
1340.3767383098602,2,4542.2,29344.515625,81818.3515625
1341.3984911441803,2,4019.9,27034.890625,81818.3515625
1342.422653913498,2,4258.4,22556.140625,81818.3515625
1343.4614925384521,2,4090.1,24848.7734375,81818.3515625
1344.4834914207458,2,4290.6,25054.24609375,81818.3515625
1345.5020043849945,2,4361.0,25202.265625,81818.3515625
1346.5265092849731,2,2931.3,25457.75390625,81818.3515625
1347.558228969574,2,3156.3,25824.94140625,81818.3515625
1348.5845017433167,2,3310.3,25875.37890625,81818.3515625
1349.6074886322021,2,3486.5,26341.85546875,81818.3515625
1350.6215217113495,2,3211.1,27528.70703125,81818.3515625
1351.6302890777588,2,1213.0,28265.80078125,81818.3515625
1352.6374912261963,2,1027.0,28299.9765625,81818.3515625
1353.6477358341217,2,1144.5,28325.48046875,81818.3515625
1354.655918598175,2,1288.9,28193.13671875,81818.3515625
1355.6645004749298,2,1142.7,28304.17578125,81818.3515625
1356.684496641159,2,3809.5,28804.19921875,81818.3515625
1357.6973104476929,2,2606.1,29262.71484375,81818.3515625
1358.7063326835632,2,589.8,29493.91796875,81818.3515625
1359.7151045799255,2,572.6,7762.51171875,83866.3671875
1360.7227840423584,2,529.9,9058.46875,81818.3515625
1361.7306063175201,2,872.4,10001.765625,81818.3515625
1362.7384917736053,2,4052.5,10122.484375,81818.3515625
1363.7984993457794,2,2106.8,14232.90625,81818.3515625
1364.8264911174774,2,4241.1,16530.8515625,81818.3515625
1365.84650015831,2,4296.5,16998.2890625,81818.3515625
1366.8720145225525,2,4462.4,20845.37890625,81818.3515625
1367.8995051383972,2,4485.0,24498.52734375,81818.3515625
1368.9204449653625,2,4426.4,28962.83203125,81818.3515625
1369.9467964172363,2,4219.2,29568.078125,81818.3515625
1370.9705154895782,2,4034.0,21863.31640625,81818.3515625
1371.996827840805,2,4405.3,25827.2265625,81818.3515625
1373.0064942836761,2,3915.9,26211.08203125,81818.3515625
1374.0273954868317,2,4066.2,26482.57421875,81818.3515625
1375.0484969615936,2,3031.8,26816.16796875,81818.3515625
1376.0732543468475,2,2965.8,27049.08984375,81818.3515625
1377.0844011306763,2,3947.0,27125.421875,81818.3515625
1378.1122372150421,2,2664.1,27062.13671875,81818.3515625
1379.120420217514,2,4180.7,27845.578125,81818.3515625
1380.1295294761658,2,2745.2,28809.640625,81818.3515625
1381.1387836933136,2,1248.6,29510.24609375,81818.3515625
1382.1475086212158,2,1007.2,29543.91015625,81818.3515625
1383.1669147014618,2,928.0,29516.38671875,81818.3515625
1384.174375295639,2,1545.0,29417.0390625,81818.3515625
1385.1834144592285,2,714.0,29409.9765625,81818.3515625
1386.1924970149994,2,2990.2,29886.00390625,81818.3515625
1387.2058880329132,2,4099.2,29867.28515625,81818.3515625
1388.2175552845001,2,995.8,30485.98046875,81818.3515625
1389.2266762256622,2,768.1,30819.3046875,81818.3515625
1390.2357935905457,2,322.9,7707.2890625,81818.3515625
1391.2424914836884,2,2217.6,8586.1171875,81818.3515625
1392.290739774704,2,3409.6,11271.59765625,81818.3515625
1393.31250166893,2,4520.3,15009.59765625,81818.3515625
1394.339509010315,2,4448.5,14283.3515625,81818.3515625
1395.3937394618988,2,4125.7,15171.7109375,81818.3515625
1396.4056780338287,2,2840.5,15398.44140625,81818.3515625
1397.4206366539001,2,3638.8,16284.953125,81818.3515625
1398.4302384853363,2,1504.1,16710.90234375,81818.3515625
1399.4394977092743,2,1929.3,16906.1796875,81818.3515625
1400.4511206150055,2,2833.0,17044.87109375,81818.3515625
1401.4597549438477,2,666.5,8143.57421875,81818.3515625
1402.4684886932373,2,2423.8,8849.48828125,81818.3515625
1403.496490240097,2,3384.2,11488.7578125,81818.3515625
1404.5175034999847,2,4518.9,14795.08203125,81818.3515625
1405.5445053577423,2,4381.3,14370.37890625,81818.3515625
1406.5594980716705,2,4194.1,15005.47265625,81818.3515625
1407.5755059719086,2,2934.8,15193.70703125,81818.3515625
1408.5884926319122,2,3758.5,16090.97265625,81818.3515625
1409.6082265377045,2,1319.9,16531.4140625,81818.3515625
1410.6188082695007,2,2029.3,16597.8515625,81818.3515625
1411.6304957866669,2,2793.7,16812.98828125,81818.3515625
1412.6455113887787,2,502.3,7982.1171875,81818.3515625
1413.6548421382904,2,973.3,10048.3984375,81818.3515625
1414.6644911766052,2,2146.4,10147.84375,81818.3515625
1415.7316026687622,2,2642.6,12547.1796875,81818.3515625
1416.7395005226135,2,3997.7,15683.71875,81818.3515625
1417.7594923973083,2,4045.1,16758.1484375,81818.3515625
1418.7804963588715,2,4405.6,18197.0,81818.3515625
1419.8064968585968,2,4596.2,22427.61328125,81818.3515625
1420.8275001049042,2,4420.6,26931.33984375,81818.3515625
1421.8534944057465,2,4550.2,32199.94921875,81818.3515625
1422.8784465789795,2,4053.4,22934.88671875,81818.3515625
1423.9015045166016,2,4193.0,24423.30859375,81818.3515625
1424.9244911670685,2,3788.2,26146.57421875,81818.3515625
1425.9454929828644,2,4219.8,26349.51953125,81818.3515625
1426.9665033817291,2,4328.6,26503.97265625,81818.3515625
1427.9775104522705,2,2513.8,26817.4765625,81818.3515625
1429.0015046596527,2,3251.2,27066.2890625,81818.3515625
1430.0292706489563,2,3042.0,26951.3203125,81818.3515625
1431.0384883880615,2,3554.6,27326.15234375,81818.3515625
1432.058492898941,2,3603.5,28495.6171875,81818.3515625
1433.0788748264313,2,2242.5,29576.05078125,81818.3515625
1434.087791442871,2,842.9,29665.0546875,81818.3515625
1435.0976192951202,2,995.3,29461.76953125,81818.3515625
1436.1051666736603,2,1352.4,29473.33984375,81818.3515625
1437.112445116043,2,1032.3,29454.5703125,81818.3515625
1438.1214995384216,2,1798.6,30105.359375,81818.3515625
1439.1430370807648,2,4206.4,29849.30859375,81818.3515625
1440.1524279117584,2,2179.7,30460.78515625,81818.3515625
1441.1606934070587,2,584.8,30650.5703125,81818.3515625
1442.1695215702057,2,585.8,7782.4453125,83866.3671875
1443.1766638755798,2,595.3,9030.32421875,81818.3515625
1444.185492515564,2,1348.8,9778.296875,81818.3515625
1445.2404172420502,2,3308.0,11400.81640625,81818.3515625
1446.249501466751,2,3515.3,14936.859375,81818.3515625
1447.2747073173523,2,4083.1,16097.22265625,81818.3515625
1448.2824985980988,2,4443.4,18308.765625,81818.3515625
1449.3094985485077,2,4602.7,23096.9375,81818.3515625
1450.3565034866333,2,4445.1,27754.62109375,81818.3515625
1451.3824937343597,2,4105.8,29181.734375,81818.3515625
1452.4045314788818,2,3924.2,20565.87890625,81818.3515625
1453.4275200366974,2,4590.7,24393.9375,81818.3515625
1454.4424974918365,2,4094.2,24846.8046875,81818.3515625
1455.4690890312195,2,3984.2,25235.67578125,81818.3515625
1456.490864276886,2,3425.0,25499.3515625,81818.3515625
1457.5205056667328,2,3230.1,25767.69140625,81818.3515625
1458.5474953651428,2,3447.9,25786.15625,81818.3515625
1459.5734932422638,2,3546.2,26141.91796875,81818.3515625
1460.5956134796143,2,3462.4,27405.1953125,81818.3515625
1461.6048648357391,2,1674.4,28302.3828125,81818.3515625
1462.613490819931,2,995.6,28192.18359375,81818.3515625
1463.6245086193085,2,1247.0,28298.890625,81818.3515625
1464.6325206756592,2,1295.7,28358.49609375,81818.3515625
1465.6414914131165,2,1798.4,28895.7421875,81818.3515625
1466.6624913215637,2,4235.8,28811.83984375,81818.3515625
1467.6786713600159,2,1542.0,29269.5390625,81818.3515625
1468.6870801448822,2,683.2,29554.875,81818.3515625
1469.6985111236572,2,386.7,8962.91015625,83866.3671875
1470.7070236206055,2,700.7,9443.0625,81818.3515625
1471.7154898643494,2,1340.7,10064.08984375,81818.3515625
1472.7666330337524,2,3704.2,11148.33984375,81818.3515625
1473.7765090465546,2,2908.6,15034.87109375,81818.3515625
1474.7904896736145,2,4103.5,16729.9375,81818.3515625
1475.8104956150055,2,4448.0,16944.9921875,81818.3515625
1476.836992740631,2,4558.8,22180.3203125,81818.3515625
1477.864497423172,2,4397.7,25653.04296875,81818.3515625
1478.8957846164703,2,4473.1,30264.84375,81818.3515625
1479.9174926280975,2,4066.3,27545.6796875,81818.3515625
1480.9415447711945,2,4215.8,23667.16015625,81818.3515625
1481.979490995407,2,3731.4,26168.171875,81818.3515625
1482.9937603473663,2,4508.9,26219.30078125,81818.3515625
1484.0034906864166,2,4055.3,26553.140625,81818.3515625
1485.0124950408936,2,2619.2,26940.078125,81818.3515625
1486.0333926677704,2,2938.7,27123.54296875,81818.3515625
1487.0595049858093,2,4076.3,27238.625,81818.3515625
1488.0740892887115,2,2565.4,27206.578125,81818.3515625
1489.1024904251099,2,3943.9,28341.2578125,81818.3515625
1490.1253769397736,2,2860.7,29279.72265625,81818.3515625
1491.1418080329895,2,950.7,29497.9296875,81818.3515625
1492.1530616283417,2,1159.5,29398.265625,81818.3515625
1493.160882949829,2,1019.9,29518.984375,81818.3515625
1494.169757604599,2,1358.1,29335.49609375,81818.3515625
1495.1814968585968,2,1168.2,29583.4140625,81818.3515625
1496.2037479877472,2,3824.0,29947.7734375,81818.3515625
1497.21369099617,2,3358.8,30335.23828125,81818.3515625
1498.2213444709778,2,520.6,30642.0234375,81818.3515625
1499.229817867279,2,672.3,27422.08984375,81818.3515625
1500.2381892204285,2,359.1,8449.4296875,81818.3515625
1501.2462203502655,2,945.7,9548.2421875,81818.3515625
1502.2554912567139,2,3954.3,9754.0078125,81818.3515625
1503.2795028686523,2,2367.9,14196.44140625,81818.3515625
1504.3064935207367,2,4030.0,15978.921875,81818.3515625
1505.3214983940125,2,4370.8,16605.16796875,81818.3515625
1506.3474934101105,2,4623.6,21739.1796875,81818.3515625
1507.3734962940216,2,4496.5,26278.359375,81818.3515625
1508.394498348236,2,4562.0,31038.14453125,81818.3515625
1509.4134969711304,2,3787.9,19568.16015625,81818.3515625
1510.4254944324493,2,4539.9,23218.4765625,81818.3515625
1511.4464890956879,2,4076.5,24820.96875,81818.3515625
1512.467576265335,2,4055.0,25150.88671875,81818.3515625
1513.4876203536987,2,3414.3,25350.44140625,81818.3515625
1514.4944424629211,2,2901.9,25608.37890625,81818.3515625
1515.5040266513824,2,4179.3,25852.24609375,81818.3515625
1516.5305016040802,2,2479.6,25843.359375,81818.3515625
1517.5564937591553,2,3807.6,26994.01953125,81818.3515625
1518.5767600536346,2,2778.5,27981.83984375,81818.3515625
1519.5859253406525,2,1009.1,28316.7734375,81818.3515625
1520.5936431884766,2,999.0,28197.8046875,81818.3515625
1521.6006586551666,2,1359.9,28283.453125,81818.3515625
1522.6133642196655,2,913.5,28354.46484375,81818.3515625
1523.6213788986206,2,2002.9,28642.75390625,81818.3515625
1524.6304893493652,2,4208.5,28762.5234375,81818.3515625
1525.6471734046936,2,1309.1,29270.5625,81818.3515625
1526.6554403305054,2,664.9,29558.0078125,81818.3515625
1527.664687871933,2,382.6,9424.31640625,83866.3671875
1528.6734449863434,2,884.0,9435.10546875,81818.3515625
1529.6824870109558,2,2688.5,9679.578125,81818.3515625
1530.7378232479095,2,2275.6,12629.69140625,81818.3515625
1531.7564933300018,2,4220.0,15655.66015625,81818.3515625
1532.7774970531464,2,4334.1,16118.79296875,81818.3515625
1533.8019969463348,2,4550.0,19878.17578125,81818.3515625
1534.8245012760162,2,4485.3,24490.30859375,81818.3515625
1535.8514983654022,2,4550.7,30407.08984375,81818.3515625
1536.9058589935303,2,4166.2,23911.0703125,81818.3515625
1537.9195053577423,2,4323.5,23133.65234375,81818.3515625
1538.9454884529114,2,3842.5,24784.9609375,81818.3515625
1539.966492652893,2,4197.9,25018.28515625,81818.3515625
1540.9887816905975,2,4068.7,25273.73046875,81818.3515625
1541.9970710277557,2,3088.9,25433.625,81818.3515625
1543.0054955482483,2,2855.5,25747.4765625,81818.3515625
1544.0311748981476,2,3304.5,25700.30859375,81818.3515625
1545.0394892692566,2,3828.3,26352.5703125,81818.3515625
1546.050859451294,2,2859.9,27478.08203125,81818.3515625
1547.0597693920135,2,1282.9,28156.94140625,81818.3515625
1548.0669264793396,2,1131.4,28186.09375,81818.3515625
1549.0781207084656,2,1370.9,28107.55078125,81818.3515625
1550.0854523181915,2,986.7,28232.75,81818.3515625
1551.0954985618591,2,2109.3,28738.3984375,81818.3515625
1552.114488363266,2,4249.5,28664.02734375,81818.3515625
1553.128340959549,2,1154.9,29255.6640625,81818.3515625
1554.1361348628998,2,684.3,29537.69921875,81818.3515625
1555.1444461345673,2,401.5,7636.14453125,81818.3515625
1556.1530616283417,2,983.5,9236.4765625,81818.3515625
1557.162493467331,2,3337.0,9536.8359375,81818.3515625
1558.2287521362305,2,2628.8,13363.23046875,81818.3515625
1559.2434918880463,2,4294.9,14602.79296875,81818.3515625
1560.2623252868652,2,4550.2,18174.453125,81818.3515625
1561.2894966602325,2,4561.7,22726.27734375,81818.3515625
1562.3159575462341,2,4237.2,16930.01953125,81818.3515625
1563.3344945907593,2,4371.1,20578.36328125,81818.3515625
1564.3534920215607,2,4395.6,20749.8671875,81818.3515625
1565.3745067119598,2,3222.1,21030.171875,81818.3515625
1566.4053320884705,2,3378.2,21268.41796875,81818.3515625
1567.4324941635132,2,2929.7,21421.78125,81818.3515625
1568.45849442482,2,4160.6,22377.7890625,81818.3515625
1569.4826798439026,2,1535.5,22753.171875,81818.3515625
1570.4904346466064,2,1522.0,22773.6015625,81818.3515625
1571.5004920959473,2,1338.9,22792.81640625,81818.3515625
1572.5094907283783,2,4093.6,22885.1640625,81818.3515625
1573.5222811698914,2,1568.4,23191.90625,81818.3515625
1574.5300934314728,2,491.1,8247.0078125,81818.3515625
1575.5379922389984,2,955.0,9593.73828125,81818.3515625
1576.546489238739,2,3319.8,9777.26171875,81818.3515625
1577.5845119953156,2,2322.8,13527.9453125,81818.3515625
1578.6204917430878,2,4305.1,15741.484375,81818.3515625
1579.6504967212677,2,4296.2,16211.12890625,81818.3515625
1580.6704976558685,2,4458.0,21238.7421875,81818.3515625
1581.6964948177338,2,4488.8,25767.88671875,81818.3515625
1582.722494840622,2,4503.5,30119.51171875,81818.3515625
1583.7474241256714,2,4030.5,22390.4140625,81818.3515625
1584.767514705658,2,4193.4,23140.33203125,81818.3515625
1585.7944917678833,2,4043.5,24806.6875,81818.3515625
1586.8154904842377,2,4243.4,24980.80078125,81818.3515625
1587.8355023860931,2,3804.0,25292.71484375,81818.3515625
1588.8419857025146,2,2968.1,25398.3984375,81818.3515625
1589.851506948471,2,3326.5,25764.23046875,81818.3515625
1590.8763406276703,2,3086.2,25721.22265625,81818.3515625
1591.8981306552887,2,3930.1,26474.24609375,81818.3515625
1592.9067661762238,2,2536.6,27739.01171875,81818.3515625
1593.919596672058,2,1463.6,28170.89453125,81818.3515625
1594.9258670806885,2,1012.5,28159.046875,81818.3515625
1595.9334914684296,2,1423.8,28247.2265625,81818.3515625
1596.9532175064087,2,979.7,28183.0546875,81818.3515625
1597.961501121521,2,2711.1,28760.95703125,81818.3515625
1598.9727420806885,2,3906.0,28804.55078125,81818.3515625
1599.981027841568,2,798.7,29244.48046875,81818.3515625
1600.9888472557068,2,818.5,29581.21875,81818.3515625
1601.9954895973206,2,307.6,7962.4296875,81818.3515625
1603.0033297538757,2,1020.3,9399.87890625,81818.3515625
1604.012490272522,2,3375.5,9637.10546875,81818.3515625
1605.0494947433472,2,2390.1,13387.546875,81818.3515625
1606.0684418678284,2,4260.1,15606.76171875,81818.3515625
1607.0895018577576,2,4252.3,16092.53125,81818.3515625
1608.1014988422394,2,4603.4,21038.65625,81818.3515625
1609.1274926662445,2,4536.9,25427.8984375,81818.3515625
1610.153450012207,2,4512.1,30482.95703125,81818.3515625
1611.1785180568695,2,3954.7,19455.65234375,81818.3515625
1612.188294172287,2,4545.4,23204.640625,81818.3515625
1613.2045004367828,2,3892.2,24799.55078125,81818.3515625
1614.2261946201324,2,4200.6,25024.265625,81818.3515625
1615.245496749878,2,3598.3,25373.09375,81818.3515625
1616.2610840797424,2,2892.2,25568.77734375,81818.3515625
1617.2695026397705,2,3949.3,25815.8828125,81818.3515625
1618.2938735485077,2,2661.7,25817.78125,81818.3515625
1619.3204910755157,2,3734.4,26967.69921875,81818.3515625
1620.3406744003296,2,2864.4,27908.73046875,81818.3515625
1621.3534965515137,2,1079.2,28417.91796875,81818.3515625
1622.372305393219,2,1203.7,28153.3203125,81818.3515625
1623.385793685913,2,1567.4,28176.84375,81818.3515625
1624.3931558132172,2,806.2,28189.23828125,81818.3515625
1625.402497768402,2,3767.0,28727.69140625,81818.3515625
1626.4176466464996,2,3154.9,29131.60546875,81818.3515625
1627.4257786273956,2,539.8,29438.73046875,81818.3515625
1628.437352180481,2,608.5,24881.51953125,81818.3515625
1629.4461975097656,2,414.7,8586.30859375,81818.3515625
1630.4541165828705,2,906.9,9667.86328125,81818.3515625
1631.4624953269958,2,4005.0,9856.609375,81818.3515625
1632.4994928836823,2,2101.6,13783.41015625,81818.3515625
1633.5204904079437,2,4239.2,16007.890625,81818.3515625
1634.5414974689484,2,4325.5,16479.67578125,81818.3515625
1635.5659546852112,2,4566.7,20945.51953125,81818.3515625
1636.5885000228882,2,4470.9,25234.5546875,81818.3515625
1637.6154959201813,2,4557.9,30775.75390625,81818.3515625
1638.640457868576,2,4105.1,24583.7734375,81818.3515625
1639.6635155677795,2,4234.5,23764.76171875,81818.3515625
1640.6854932308197,2,3784.9,25398.4140625,81818.3515625
1641.7042360305786,2,4259.1,25575.20703125,81818.3515625
1642.7253444194794,2,4285.9,25745.30078125,81818.3515625
1643.7508075237274,2,2625.5,26040.74609375,81818.3515625
1644.7785067558289,2,3166.8,26289.14453125,81818.3515625
1645.803495168686,2,3288.4,26310.94140625,81818.3515625
1646.8254902362823,2,3440.7,26691.984375,81818.3515625
1647.846495628357,2,3589.2,27888.5234375,81818.3515625
1648.8666565418243,2,1681.3,28771.125,81818.3515625
1649.8740854263306,2,940.6,28716.4921875,81818.3515625
1650.884213924408,2,1030.1,28851.140625,81818.3515625
1651.8926939964294,2,1595.1,28716.67578125,81818.3515625
1652.9007711410522,2,776.7,28711.3046875,81818.3515625
1653.9084968566895,2,3825.1,29386.9375,81818.3515625
1654.9291319847107,2,3523.6,29648.50390625,81818.3515625
1655.9359476566315,2,521.8,29918.5234375,81818.3515625
1656.9458553791046,2,655.8,27996.79296875,81818.3515625
1657.953753232956,2,508.8,8333.45703125,81818.3515625
1658.9624876976013,2,2285.5,8832.2734375,81818.3515625
1660.012804031372,2,3237.9,11843.30859375,81818.3515625
1661.0244970321655,2,4300.6,13839.68359375,81818.3515625
1662.050490617752,2,4629.3,18756.97265625,81818.3515625
1663.0765023231506,2,4360.2,16537.359375,81818.3515625
1664.1026682853699,2,4241.4,17482.390625,81818.3515625
1665.113977432251,2,3368.2,17807.73046875,81818.3515625
1666.1225028038025,2,3418.6,18058.36328125,81818.3515625
1667.1494903564453,2,3531.5,18423.6171875,81818.3515625
1668.1614923477173,2,2353.9,19185.05859375,81818.3515625
1669.1706924438477,2,1491.7,19141.87109375,81818.3515625
1670.180495262146,2,2137.4,19316.3359375,81818.3515625
1671.1937551498413,2,3378.5,19471.05078125,81818.3515625
1672.2023401260376,2,577.0,9461.66796875,83866.3671875
1673.2109899520874,2,1013.2,9004.76953125,81818.3515625
1674.2197933197021,2,2871.1,10511.22265625,81818.3515625
1675.2290530204773,2,3460.6,13956.89453125,81818.3515625
1676.2425010204315,2,4400.9,14175.3671875,81818.3515625
1677.2670240402222,2,4557.8,18684.8046875,81818.3515625
1678.2944996356964,2,4550.7,23377.515625,81818.3515625
1679.3155272006989,2,4095.4,18850.1015625,81818.3515625
1680.3365008831024,2,4355.6,20077.828125,81818.3515625
1681.3610181808472,2,4060.5,20407.48828125,81818.3515625
1682.380927324295,2,3012.8,20641.98828125,81818.3515625
1683.3934972286224,2,3438.0,20765.515625,81818.3515625
1684.42049574852,2,3877.3,21493.93359375,81818.3515625
1685.4409246444702,2,2091.4,22143.4765625,81818.3515625
1686.4521088600159,2,1502.6,22018.73046875,81818.3515625
1687.4624891281128,2,1554.3,22163.20703125,81818.3515625
1688.4764902591705,2,4512.0,22101.44921875,81818.3515625
1689.4864358901978,2,895.0,22511.3203125,81818.3515625
1690.494334936142,2,696.3,8707.2578125,81818.3515625
1691.502492427826,2,2501.4,9362.2578125,81818.3515625
1692.5523264408112,2,2785.7,12925.50390625,81818.3515625
1693.5654921531677,2,4260.2,14097.43359375,81818.3515625
1694.586499452591,2,4529.5,17399.9609375,81818.3515625
1695.6124947071075,2,4596.0,22110.0625,81818.3515625
1696.6385276317596,2,4314.1,17173.61328125,81818.3515625
1697.6524634361267,2,4364.4,19681.890625,81818.3515625
1698.6745021343231,2,4417.4,19825.29296875,81818.3515625
1699.6963903903961,2,3027.6,20033.35546875,81818.3515625
1700.755526304245,2,3344.6,20311.73046875,81818.3515625
1701.7704920768738,2,3665.4,21040.52734375,81818.3515625
1702.790694952011,2,2301.2,21588.125,81818.3515625
1703.7974922657013,2,1544.8,21478.921875,81818.3515625
1704.813491344452,2,1510.0,21729.53515625,81818.3515625
1705.8338973522186,2,4415.4,21760.609375,81818.3515625
1706.840514421463,2,926.6,16114.1640625,81818.3515625
1707.8485214710236,2,696.6,8769.0546875,81818.3515625
1708.8593151569366,2,2675.6,9286.515625,81818.3515625
1709.8822584152222,2,2726.7,12957.9765625,81818.3515625
1710.897494316101,2,4234.7,14036.0703125,81818.3515625
1711.9225070476532,2,4590.5,17629.03125,81818.3515625
1712.951501607895,2,4613.8,22903.1875,81818.3515625
1713.9874992370605,2,4155.6,17153.296875,81818.3515625
1715.0044929981232,2,4349.7,19632.83203125,81818.3515625
1716.0255010128021,2,4384.0,19777.92578125,81818.3515625
1717.0395305156708,2,3077.1,20049.08984375,81818.3515625
1718.0655026435852,2,3053.0,20297.796875,81818.3515625
1719.0914912223816,2,3927.2,20996.6015625,81818.3515625
1720.1114964485168,2,2353.7,21542.3828125,81818.3515625
1721.1251149177551,2,1386.6,21597.734375,81818.3515625
1722.1384913921356,2,1487.3,21700.3671875,81818.3515625
1723.1594927310944,2,4536.2,21686.26953125,81818.3515625
1724.1709067821503,2,977.0,22019.1328125,81818.3515625
1725.1789076328278,2,651.7,8665.69921875,81818.3515625
1726.187490940094,2,2350.9,9335.5703125,81818.3515625
1727.2285015583038,2,2862.3,12966.67578125,81818.3515625
1728.2524917125702,2,4334.7,14154.41796875,81818.3515625
1729.2715003490448,2,4448.5,17186.64453125,81818.3515625
1730.297498703003,2,4566.1,22863.41796875,81818.3515625
1731.3234977722168,2,4192.7,16770.42578125,81818.3515625
1732.3364884853363,2,4362.5,20113.68359375,81818.3515625
1733.356523513794,2,4420.1,20321.59375,81818.3515625
1734.4625079631805,2,3161.3,20531.83984375,81818.3515625
1735.4935584068298,2,3228.1,20761.46875,81818.3515625
1736.5024285316467,2,3618.3,21151.2734375,81818.3515625
1737.5123834609985,2,2935.9,22100.38671875,81818.3515625
1738.5215091705322,2,1298.2,21951.1171875,81818.3515625
1739.5293428897858,2,1452.0,21878.9296875,81818.3515625
1740.538852930069,2,3575.4,22045.08984375,81818.3515625
1741.5539655685425,2,2231.0,22312.4296875,81818.3515625
1742.562754869461,2,529.6,7806.94140625,81818.3515625
1743.5724906921387,2,2064.4,8665.46875,81818.3515625
1744.6064941883087,2,3234.3,11516.86328125,81818.3515625
1745.6205191612244,2,4261.1,13337.1328125,81818.3515625
1746.6464958190918,2,4627.1,18184.34765625,81818.3515625
1747.6735043525696,2,4381.4,16279.3515625,81818.3515625
1748.6914975643158,2,4250.8,17233.78515625,81818.3515625
1749.7124936580658,2,3310.3,17494.9296875,81818.3515625
1750.725418329239,2,3731.8,17693.05859375,81818.3515625
1751.735493183136,2,3756.9,18557.65625,81818.3515625
1752.7543864250183,2,1893.6,19102.2421875,81818.3515625
1753.7625098228455,2,1562.9,18900.9140625,81818.3515625
1754.7754940986633,2,2878.8,19227.9296875,81818.3515625
1755.7900640964508,2,2336.0,19422.27734375,81818.3515625
1756.7988729476929,2,634.6,8114.67578125,81818.3515625
1757.8074893951416,2,2266.5,8823.296875,81818.3515625
1758.8554968833923,2,3199.8,12039.81640625,81818.3515625
1759.8765017986298,2,4375.1,14054.92578125,81818.3515625
1760.9024946689606,2,4581.6,18549.49609375,81818.3515625
1761.928501367569,2,4325.3,16405.67578125,81818.3515625
1762.9485025405884,2,4275.0,17348.53125,81818.3515625
1763.9683074951172,2,3390.4,17600.97265625,81818.3515625
1764.9769005775452,2,3548.1,17812.19140625,81818.3515625
1765.9859290122986,2,3391.0,18447.01953125,81818.3515625
1766.99751329422,2,2298.5,18994.6171875,81818.3515625
1768.0080649852753,2,1522.4,18949.66015625,81818.3515625
1769.0162482261658,2,2228.0,19110.59765625,81818.3515625
1770.0285062789917,2,3195.0,19344.2421875,81818.3515625
1771.0397021770477,2,558.9,9354.6171875,83866.3671875
1772.0494899749756,2,1684.2,8558.66015625,81818.3515625
1773.0837669372559,2,3400.4,11298.73046875,81818.3515625
1774.0924978256226,2,4463.9,13769.3984375,81818.3515625
1775.1173660755157,2,4421.6,13222.71875,81818.3515625
1776.1314957141876,2,4205.4,15218.76953125,81818.3515625
1777.1520383358002,2,3190.7,15462.59375,81818.3515625
1778.1604907512665,2,3281.6,15785.02734375,81818.3515625
1779.1713757514954,2,2653.5,16716.015625,81818.3515625
1780.1781811714172,2,1486.3,16578.0390625,81818.3515625
1781.1854918003082,2,3527.7,16741.25390625,81818.3515625
1782.198227405548,2,1030.6,17126.74609375,81818.3515625
1783.2072176933289,2,1610.2,8334.84375,81818.3515625
1784.2165129184723,2,2330.0,9594.61328125,81818.3515625
1785.2254931926727,2,3747.1,13118.03125,81818.3515625
1786.245502948761,2,4390.7,14686.34765625,81818.3515625
1787.2724952697754,2,4424.7,14995.63671875,81818.3515625
1788.2879755496979,2,4190.8,16439.81640625,81818.3515625
1789.299498796463,2,2987.4,16644.41015625,81818.3515625
1790.3074986934662,2,3138.1,16842.90234375,81818.3515625
1791.319287776947,2,3406.1,17944.96484375,82266.3515625
1792.3291296958923,2,3744.6,19126.01171875,82266.3515625
1793.3371539115906,2,1338.6,19094.81640625,82266.3515625
1794.345495223999,2,4196.5,19387.1875,82266.3515625
1795.3616049289703,2,1736.8,19656.6328125,82266.3515625
1796.3707628250122,2,1364.8,8386.53515625,82266.3515625
1797.3797497749329,2,2712.7,8840.171875,82266.3515625
1798.3861649036407,2,3483.3,13239.12109375,82266.3515625
1799.3985035419464,2,4484.2,14699.28125,82266.3515625
1800.4251520633698,2,4477.0,15010.23046875,82266.3515625
1801.4385006427765,2,4173.3,16441.0546875,82266.3515625
1802.4574973583221,2,3101.6,16631.4921875,82266.3515625
1803.4826185703278,2,3107.7,16901.89453125,82266.3515625
1804.497493505478,2,4361.5,18432.08203125,82266.3515625
1805.5176184177399,2,3010.1,18996.15625,82266.3515625
1806.5284914970398,2,1851.2,19272.9375,82266.3515625
1807.5447313785553,2,4474.3,19317.0546875,82266.3515625
1808.5527391433716,2,772.9,7983.12109375,84314.3671875
1809.5604820251465,2,1888.6,8619.26953125,82266.3515625
1810.5694880485535,2,2431.2,10038.57421875,82266.3515625
1811.5834913253784,2,4298.8,13282.97265625,82266.3515625
1812.6044986248016,2,4487.7,15890.0546875,82266.3515625
1813.6253488063812,2,4228.4,16273.34375,82266.3515625
1814.6464927196503,2,3680.3,16695.34375,82266.3515625
1815.6567556858063,2,3545.9,16823.66015625,82266.3515625
1816.6817395687103,2,2909.1,17102.1171875,82266.3515625
1817.6934938430786,2,4304.8,18652.05859375,82266.3515625
1818.7138376235962,2,2426.3,19140.12890625,82266.3515625
1819.7264926433563,2,2518.7,19282.015625,82266.3515625
1820.7397525310516,2,3648.8,19527.6328125,82266.3515625
1821.7483677864075,2,657.1,9201.87890625,84314.3671875
1822.7573490142822,2,2065.2,8730.56640625,82266.3515625
1823.7661571502686,2,3108.9,11694.3125,82266.3515625
1824.7824885845184,2,4256.0,13336.09375,82266.3515625
1825.8045046329498,2,4532.4,16514.2421875,82266.3515625
1826.8314936161041,2,4244.3,16331.53515625,82266.3515625
1827.8577618598938,2,3580.8,16576.85546875,82266.3515625
1828.8696477413177,2,3090.7,16709.88671875,82266.3515625
1829.876261472702,2,3202.8,17164.96875,82266.3515625
1830.8904917240143,2,4386.8,18547.08984375,82266.3515625
1831.910590171814,2,1969.6,18980.02734375,82266.3515625
1832.9184982776642,2,2875.1,19192.73046875,82266.3515625
1833.9290013313293,2,3205.5,19384.328125,82266.3515625
1834.9367997646332,2,604.8,7815.2890625,84314.3671875
1835.9453988075256,2,2198.5,8662.1171875,82266.3515625
1836.9544978141785,2,3543.5,12341.8125,82266.3515625
1837.9714925289154,2,4338.4,13307.65625,82266.3515625
1838.992121219635,2,4492.3,17296.671875,82266.3515625
1840.0074906349182,2,4181.3,16459.73828125,82266.3515625
1841.0285062789917,2,3593.1,16748.94140625,82266.3515625
1842.038762807846,2,3025.0,16960.59375,82266.3515625
1843.0486586093903,2,3721.6,17635.453125,82266.3515625
1844.058530330658,2,4155.1,18825.65625,82266.3515625
1845.0672376155853,2,1625.7,19096.7109375,82266.3515625
1846.0741839408875,2,3427.7,19316.671875,82266.3515625
1847.0864799022675,2,2578.2,19593.40625,82266.3515625
1848.0959911346436,2,766.6,8118.70703125,82266.3515625
1849.106493473053,2,2414.8,8842.92578125,82266.3515625
1850.1360421180725,2,3660.8,12937.76171875,82266.3515625
1851.1494958400726,2,4232.5,13360.609375,82266.3515625
1852.1685059070587,2,4510.0,15066.61328125,82266.3515625
1853.184491634369,2,4229.1,16535.375,82266.3515625
1854.1995136737823,2,3410.5,16724.953125,82266.3515625
1855.225842475891,2,2943.9,17011.0546875,82266.3515625
1856.24085354805,2,3646.0,17753.89453125,82266.3515625
1857.252167224884,2,4032.9,18944.93359375,82266.3515625
1858.2604446411133,2,1635.7,19117.046875,82266.3515625
1859.2694942951202,2,3435.6,19301.15625,82266.3515625
1860.2822318077087,2,2694.7,19628.01953125,82266.3515625
1861.2892727851868,2,909.6,8142.4921875,82266.3515625
1862.2984926700592,2,2473.8,8775.50390625,82266.3515625
1863.3587391376495,2,3480.9,13129.421875,82266.3515625
1864.3794994354248,2,4431.7,13954.99609375,82266.3515625
1865.4050469398499,2,4473.9,13945.0703125,82266.3515625
1866.4363088607788,2,4133.0,16615.92578125,82266.3515625
1867.4485175609589,2,3369.5,16765.88671875,82266.3515625
1868.4746096134186,2,3189.3,16998.75,82266.3515625
1869.486344575882,2,3961.8,18088.94140625,82266.3515625
1870.4959363937378,2,3667.8,19231.28125,82266.3515625
1871.5035753250122,2,1374.5,19072.47265625,82266.3515625
1872.5114951133728,2,4139.4,19377.71875,82266.3515625
1873.5224363803864,2,1830.2,19578.046875,82266.3515625
1874.5287580490112,2,1224.8,8223.18359375,82266.3515625
1875.5380008220673,2,2727.5,8749.25,82266.3515625
1876.5664954185486,2,3556.4,13113.84375,82266.3515625
1877.5874991416931,2,4425.0,14387.2109375,82266.3515625
1878.6117911338806,2,4463.1,14762.6171875,82266.3515625
1879.6284942626953,2,4241.1,16512.7265625,82266.3515625
1880.6491296291351,2,3222.2,16669.52734375,82266.3515625
1881.6584990024567,2,2986.6,16952.6015625,82266.3515625
1882.670604467392,2,3941.8,18093.05859375,82266.3515625
1883.6821722984314,2,3534.0,19110.1796875,82266.3515625
1884.692973613739,2,1340.5,19030.6875,82266.3515625
1885.7014985084534,2,4194.7,19301.0078125,82266.3515625
1886.719723701477,2,1770.5,19571.50390625,82266.3515625
1887.7271754741669,2,1379.1,8291.18359375,82266.3515625
1888.7374908924103,2,2786.1,8734.015625,82266.3515625
1889.7473061084747,2,3434.4,13126.05078125,82266.3515625
1890.7575018405914,2,4391.0,14586.21875,82266.3515625
1891.796495437622,2,4481.2,14991.9140625,82266.3515625
1892.8114988803864,2,4256.4,16484.0859375,82266.3515625
1893.8345079421997,2,3073.7,16696.609375,82266.3515625
1894.8575026988983,2,2933.4,16854.4140625,82266.3515625
1895.8734905719757,2,4228.9,18177.66015625,82266.3515625
1896.886218547821,2,3207.1,19121.9375,82266.3515625
1897.8954911231995,2,1383.5,18979.14453125,82266.3515625
1898.905490398407,2,4456.0,19160.09765625,82266.3515625
1899.916669845581,2,1458.2,19562.8046875,82266.3515625
1900.9287641048431,2,1493.8,8359.27734375,82266.3515625
1901.9389762878418,2,2605.6,9153.359375,82266.3515625
1902.9484922885895,2,3844.0,13205.046875,82266.3515625
1903.9689409732819,2,4514.9,14918.890625,82266.3515625
1904.996500492096,2,4390.0,15593.46484375,82266.3515625
1906.0162477493286,2,4004.6,16581.31640625,82266.3515625
1907.0244977474213,2,3288.8,16797.65234375,82266.3515625
1908.0490717887878,2,2797.6,17076.8125,82266.3515625
1909.0561566352844,2,4293.8,18551.015625,82266.3515625
1910.0652511119843,2,3119.7,19138.45703125,82266.3515625
1911.0744922161102,2,1674.6,19216.8828125,82266.3515625
1912.0890021324158,2,4421.4,19304.98828125,82266.3515625
1913.1054244041443,2,1099.2,19533.828125,82266.3515625
1914.1152036190033,2,1781.3,8603.3828125,82266.3515625
1915.124634027481,2,2272.5,9873.1171875,82266.3515625
1916.1364924907684,2,4278.5,13215.34375,82266.3515625
1917.157500743866,2,4462.0,15426.0390625,82266.3515625
1918.1830847263336,2,4373.7,16194.66015625,82266.3515625
1919.192999124527,2,3833.4,16514.16796875,82266.3515625
1920.1994986534119,2,3372.6,16700.44140625,82266.3515625
1921.2254977226257,2,2690.6,16936.4375,82266.3515625
1922.2462577819824,2,4356.6,18466.46484375,82266.3515625
1923.2538001537323,2,2760.0,18952.265625,82266.3515625
1924.261492729187,2,2118.5,19167.4765625,82266.3515625
1925.2759807109833,2,4257.8,19307.37109375,82266.3515625
1926.283854484558,2,629.6,8459.7109375,84314.3671875
1927.2923703193665,2,1974.6,8635.73828125,82266.3515625
1928.3045063018799,2,2775.8,11191.390625,82266.3515625
1929.3244934082031,2,4301.3,13293.0390625,82266.3515625
1930.3455021381378,2,4550.5,16172.2421875,82266.3515625
1931.3697080612183,2,4228.7,16212.53125,82266.3515625
1932.3925099372864,2,3630.1,16627.6640625,82266.3515625
1933.4236450195312,2,3357.5,16688.2109375,82266.3515625
1934.4345140457153,2,3385.5,17310.34375,82266.3515625
1935.4455075263977,2,4277.4,18641.53515625,82266.3515625
1936.499493598938,2,1953.9,19047.7421875,82266.3515625
1937.5217356681824,2,3205.5,19325.31640625,82266.3515625
1938.5337872505188,2,2724.0,19522.40234375,82266.3515625
1939.5420939922333,2,699.1,8013.97265625,82266.3515625
1940.5524907112122,2,2399.7,8755.53125,82266.3515625
1941.587303161621,2,3686.9,12825.33203125,82266.3515625
1942.5993661880493,2,4261.6,13312.57421875,82266.3515625
1943.6145009994507,2,4518.1,14825.29296875,82266.3515625
1944.6298875808716,2,4217.9,16385.02734375,82266.3515625
1945.6445090770721,2,3416.1,16585.87109375,82266.3515625
1946.6724970340729,2,2950.3,16796.01953125,82266.3515625
1947.698459148407,2,3815.8,17669.94921875,82266.3515625
1948.7134890556335,2,3941.6,18845.62890625,82266.3515625
1949.7253274917603,2,1473.9,18944.47265625,82266.3515625
1950.734440088272,2,3903.2,19186.828125,82266.3515625
1951.7464127540588,2,2038.7,19460.8046875,82266.3515625
1952.755187034607,2,1161.6,8190.19921875,82266.3515625
1953.7644917964935,2,3154.2,11166.04296875,82266.3515625
1954.7855019569397,2,4398.1,13447.2265625,82266.3515625
1955.8114943504333,2,4224.3,14407.046875,82266.3515625
1956.8316941261292,2,3118.4,14732.91796875,82266.3515625
1957.8429605960846,2,3907.5,15380.48046875,82266.3515625
1958.8549365997314,2,2910.9,16291.54296875,82266.3515625
1959.8624894618988,2,3061.4,16285.3984375,82266.3515625
1960.8734323978424,2,1999.5,16643.87109375,82266.3515625
1961.8824875354767,2,1526.4,8543.1328125,82266.3515625
1962.9314546585083,2,3762.4,11508.1328125,82266.3515625
1963.9522342681885,2,4447.2,12581.8515625,82266.3515625
1964.9665007591248,2,3888.8,14486.2890625,82266.3515625
1965.9804995059967,2,3210.7,14716.25,82266.3515625
1967.0056116580963,2,3903.9,15719.34375,82266.3515625
1968.0128693580627,2,2256.2,16136.796875,82266.3515625
1969.0222356319427,2,3745.8,16142.8203125,82266.3515625
1970.0337669849396,2,1127.8,8898.2265625,84314.3671875
1971.0426409244537,2,2053.8,8873.2421875,82266.3515625
1972.050490617752,2,4072.6,11484.70703125,82266.3515625
1973.0725746154785,2,4364.0,13619.73046875,82266.3515625
1974.0875096321106,2,3848.9,14440.29296875,82266.3515625
1975.1054513454437,2,3297.3,14716.09765625,82266.3515625
1976.1169693470001,2,4025.6,16033.2890625,82266.3515625
1977.1246180534363,2,1834.6,16235.00390625,82266.3515625
1978.1314904689789,2,3677.9,16437.54296875,82266.3515625
1979.1433718204498,2,852.8,8160.9375,82266.3515625
1980.151496887207,2,2989.8,10800.25,82266.3515625
1981.164499759674,2,4245.8,12515.9140625,82266.3515625
1982.1904938220978,2,4220.5,14425.421875,82266.3515625
1983.2014927864075,2,3810.0,14552.20703125,82266.3515625
1984.2121312618256,2,3438.0,15188.42578125,82266.3515625
1985.2267334461212,2,3352.5,16320.8828125,82266.3515625
1986.2385013103485,2,2575.0,16278.86328125,82266.3515625
1987.249873638153,2,2590.8,16619.640625,82266.3515625
1988.2584903240204,2,1411.4,8725.93359375,82266.3515625
1989.2701885700226,2,4076.0,10025.84375,82266.3515625
1990.2818145751953,2,3232.8,10535.953125,82266.3515625
1991.2931036949158,2,1936.4,9997.203125,84314.3671875
1992.3020193576813,2,2643.3,9997.4921875,82266.3515625
1993.314493894577,2,4290.1,12003.1875,82266.3515625
1994.3394930362701,2,4288.8,14101.125,82266.3515625
1995.358498096466,2,3625.1,14404.3046875,82266.3515625
1996.3724796772003,2,3157.7,14745.02734375,82266.3515625
1997.3834884166718,2,3972.2,16160.43359375,82266.3515625
1998.4023001194,2,2048.8,16199.20703125,82266.3515625
1999.4123055934906,2,3239.3,16441.99609375,82266.3515625
2000.4212849140167,2,986.1,8222.4453125,82266.3515625
2001.4284925460815,2,3761.0,10190.77734375,82266.3515625
2002.4513456821442,2,4163.0,11991.39453125,82266.3515625
2003.4624919891357,2,3257.9,12366.59375,82266.3515625
2004.4745781421661,2,3050.1,13111.35546875,82266.3515625
2005.4825928211212,2,3225.7,13181.625,82266.3515625
2006.4916198253632,2,979.8,8462.19140625,82266.3515625
2007.5024926662445,2,3781.1,10350.1484375,82266.3515625
2008.523270368576,2,4167.0,12021.3046875,82266.3515625
2009.53249001503,2,3462.9,12432.734375,82266.3515625
2010.5423395633698,2,2907.9,13055.1875,82266.3515625
2011.5509140491486,2,3153.7,13186.98828125,82266.3515625
2012.560194015503,2,348.9,5145.0625,75098.1953125
2013.568950176239,2,98.2,4953.48046875,75098.1953125
2014.5767393112183,2,103.2,4808.8828125,75098.1953125
