elapsed_time,nproc,cpu,mem_real,mem_virtual
3.838539123535156e-05,1,0.0,5.03125,7.65234375
1.0052258968353271,4,0.0,443.9609375,4202.8828125
2.0138535499572754,4,99.1,621.87890625,4416.8828125
3.0224857330322266,4,99.2,621.1953125,4448.8828125
4.0301408767700195,4,100.2,617.953125,4448.8828125
5.038290739059448,4,100.2,618.76171875,4448.8828125
6.045885324478149,4,99.2,626.87890625,4496.8828125
7.053833723068237,4,99.0,619.3046875,4496.8828125
8.063949584960938,4,100.1,600.34765625,4496.8828125
9.073272705078125,4,98.9,615.80078125,4496.8828125
10.08398699760437,4,100.0,674.0390625,4496.8828125
11.093773365020752,4,100.0,720.33984375,4552.8828125
12.10374116897583,4,100.0,778.34375,4616.8828125
13.113807439804077,4,100.0,826.34375,4702.8828125
14.123995542526245,4,99.0,876.37109375,4702.8828125
15.13441252708435,4,99.0,926.39453125,4798.8828125
16.144516706466675,4,100.9,970.39453125,4798.8828125
17.15549659729004,2,0.0,162.44921875,175.2890625
18.16595721244812,2,0.0,304.91015625,3755.52734375
19.17694401741028,2,100.0,542.4765625,4733.55859375
20.186548948287964,2,100.0,512.4765625,4733.55859375
21.1962673664093,2,100.0,514.4765625,4733.55859375
22.206432819366455,2,100.2,516.4765625,4733.55859375
23.215352535247803,2,1395.6,1065.1484375,8631.00390625
24.23534369468689,2,4756.1,1689.45703125,9295.00390625
25.26035165786743,2,4762.9,2027.078125,9676.00390625
26.285353660583496,2,4773.0,2152.890625,9834.50390625
27.307350397109985,2,4765.8,2239.140625,9988.48828125
28.332351207733154,2,4756.2,2383.10546875,10206.48828125
29.357348680496216,2,4760.1,2458.828125,10400.48828125
30.382765531539917,2,4752.8,2482.76171875,10496.48828125
31.406347513198853,2,4761.3,2611.5078125,10704.48828125
32.43134617805481,2,4756.9,2757.12890625,10892.48828125
33.45634889602661,2,4759.3,2755.05859375,10990.48828125
34.48084807395935,2,4753.7,2704.12109375,11052.48828125
35.50634813308716,2,4761.0,2723.0859375,11181.48828125
36.5311598777771,2,4760.5,2903.1953125,11305.48828125
37.555843114852905,2,4745.9,2983.296875,11516.48828125
38.5803484916687,2,4743.4,3026.80078125,11590.48828125
39.60534596443176,2,4760.1,3006.48046875,11610.48828125
40.630104780197144,2,4755.1,3012.35546875,11632.48828125
41.65536141395569,2,4752.4,2910.62890625,11689.48828125
42.66835832595825,2,4757.5,3015.01171875,11833.48828125
43.681352853775024,2,4753.4,3102.7265625,11951.48828125
44.70634722709656,2,4745.2,3061.421875,12025.48828125
45.731820821762085,2,4760.6,3095.44921875,12060.48828125
46.75634503364563,2,4757.0,3179.79296875,12122.48828125
47.78106188774109,2,4756.3,3210.76171875,12196.48828125
48.80579662322998,2,4740.8,3293.15234375,12278.48828125
49.83134984970093,2,4749.5,3318.45703125,12370.48828125
50.85594606399536,2,4755.3,3265.8046875,12396.48828125
51.880653858184814,2,4758.5,3263.94140625,12432.48828125
52.90635061264038,2,4757.9,3264.3125,12520.48828125
53.93106484413147,2,4752.6,3310.921875,12558.48828125
54.95634961128235,2,4756.9,3267.13671875,12558.48828125
55.981001138687134,2,4751.4,3241.625,12648.48828125
57.00634527206421,2,4760.4,3263.2265625,12740.48828125
58.03104901313782,2,4758.2,3092.30859375,12740.48828125
59.056349992752075,2,4758.2,3053.41015625,12752.48828125
60.08134698867798,2,4755.0,3180.421875,12854.48828125
61.106343507766724,2,4748.4,3190.0859375,12918.48828125
62.131345987319946,2,4757.0,3107.9375,12942.48828125
63.15634751319885,2,4754.3,3109.83984375,12942.48828125
64.18134951591492,2,4760.2,3126.8828125,12942.48828125
65.20634579658508,2,4757.6,3147.640625,12942.48828125
66.23135328292847,2,4758.1,3144.3984375,12958.48828125
67.256352186203,2,4762.1,3107.23828125,13030.48828125
68.27934670448303,2,4762.3,3104.0625,13050.48828125
69.30398273468018,2,4746.9,3057.16796875,13050.48828125
70.32934808731079,2,4760.7,3021.45703125,13050.48828125
71.35391616821289,2,4757.6,3122.8828125,13138.48828125
72.37857723236084,2,4756.7,3200.3046875,13290.48828125
73.40335059165955,2,4752.4,3125.765625,13314.48828125
74.42906308174133,2,4760.9,3151.62890625,13314.48828125
75.45334553718567,2,4755.8,3117.10546875,13314.48828125
76.47768998146057,2,4757.5,3105.203125,13374.48828125
77.50334739685059,2,4744.3,3126.26171875,13398.48828125
78.51635956764221,2,4741.0,3239.796875,13476.48828125
79.54088115692139,2,4756.8,3703.0078125,13872.48828125
80.56761384010315,2,4758.6,3779.390625,13968.48828125
81.59228515625,2,4757.4,3825.6328125,13980.48828125
82.61596655845642,2,4750.0,3770.71484375,13990.48828125
83.6413414478302,2,4740.2,3730.23828125,13990.48828125
84.66634273529053,2,4752.5,3703.64453125,13990.48828125
85.69100975990295,2,4738.8,3733.25,14014.48828125
86.71634864807129,2,4752.6,3730.4609375,14054.48828125
87.74088740348816,2,4750.4,3692.2578125,14078.48828125
88.76634764671326,2,4750.6,3623.94921875,14078.48828125
89.79096579551697,2,4752.4,3636.51953125,14106.48828125
90.8154845237732,2,4750.3,3565.9609375,14130.48828125
91.8403434753418,2,4752.3,3615.95703125,14160.48828125
92.86535239219666,2,4751.2,3683.58984375,14172.48828125
93.8903443813324,2,4747.0,3639.09375,14192.48828125
94.91535639762878,2,4759.9,3594.9140625,14192.48828125
95.940762758255,2,4742.9,3682.53125,14246.48828125
96.9654393196106,2,4758.6,3822.16015625,14398.48828125
97.99034762382507,2,4745.3,4234.36328125,14756.48828125
99.01599526405334,2,4757.9,4225.328125,14768.48828125
100.04134631156921,2,4750.9,4235.6640625,14788.48828125
101.06590628623962,2,4740.7,4338.90234375,14848.48828125
102.09035038948059,2,4748.2,4278.7890625,14862.48828125
103.1147792339325,2,4749.2,4277.50390625,14862.48828125
104.14034485816956,2,4754.4,4300.80859375,14898.48828125
105.1647539138794,2,4751.1,4250.703125,14898.48828125
106.18934631347656,2,4760.5,4378.05078125,14898.48828125
107.2143440246582,2,4757.9,4367.57421875,14922.48828125
108.23884725570679,2,4746.4,4375.0,14922.48828125
109.26342678070068,2,4746.1,4462.53515625,14946.48828125
110.28835153579712,2,4759.8,4437.59375,14958.48828125
111.31273865699768,2,4741.6,4428.80078125,14958.48828125
112.33834862709045,2,4761.2,4459.72265625,14958.48828125
113.36282157897949,2,4747.5,4505.45703125,14994.48828125
114.38735866546631,2,4748.5,4520.15234375,15018.48828125
115.41314840316772,2,4757.9,4596.546875,15018.48828125
116.43835067749023,2,4753.2,4630.359375,15070.48828125
117.4633457660675,2,4742.2,4548.984375,15070.48828125
118.48434925079346,2,4748.2,4467.00390625,15070.48828125
119.50800085067749,2,4747.6,4485.046875,15096.48828125
120.53334760665894,2,4731.8,4342.71875,15128.48828125
121.55792832374573,2,4751.2,4352.9921875,15148.48828125
122.57934665679932,2,4748.4,4408.26953125,15148.48828125
123.60410404205322,2,4741.7,4305.50390625,15148.48828125
124.62934589385986,2,4754.2,4337.5625,15148.48828125
125.6543481349945,2,4754.4,4321.50390625,15164.48828125
126.66735219955444,2,4746.4,4238.328125,15184.48828125
127.69179201126099,2,4742.6,4262.25,15184.48828125
128.71734309196472,2,4758.1,4248.92578125,15184.48828125
129.7419400215149,2,4741.1,4193.6875,15204.48828125
130.7643506526947,2,4759.6,4313.7578125,15228.48828125
131.7773597240448,2,4747.5,4244.46875,15244.48828125
132.80173873901367,2,4743.6,4258.359375,15244.48828125
133.82634353637695,2,4756.3,4445.04296875,15350.48828125
134.8537516593933,2,4727.6,4421.92578125,15350.48828125
135.8773069381714,2,4759.7,4433.63671875,15350.48828125
136.9013433456421,2,4738.9,4499.24609375,15424.48828125
137.92603206634521,2,4745.5,4489.37109375,15448.48828125
138.9513499736786,2,4734.2,4444.41015625,15448.48828125
139.97609782218933,2,4736.7,4533.53515625,15484.48828125
141.00056982040405,2,4741.9,4687.8828125,15670.48828125
142.02534651756287,2,4755.3,4868.03515625,15798.48828125
143.05134320259094,2,4741.5,4708.5,15798.48828125
144.07699179649353,2,4743.5,4657.625,15798.48828125
145.09815287590027,2,4743.1,4591.15234375,15826.48828125
146.11534214019775,2,4754.4,4558.9921875,15846.48828125
147.13995742797852,2,4729.7,4465.40234375,15846.48828125
148.16074299812317,2,4735.2,4478.66796875,15870.48828125
149.18634724617004,2,4743.3,4441.734375,15898.48828125
150.21087551116943,2,4736.8,4553.8359375,15988.48828125
151.23634791374207,2,4744.6,4512.45703125,16008.48828125
152.26080226898193,2,4733.9,4473.2890625,16032.48828125
153.28529262542725,2,4723.6,4396.17578125,16032.48828125
154.3103461265564,2,4746.1,4407.828125,16048.48828125
155.33435153961182,2,4740.8,4364.1953125,16048.48828125
156.35908842086792,2,4752.9,4610.0,16172.48828125
157.38435006141663,2,4739.1,4630.83984375,16172.48828125
158.4093451499939,2,4742.7,4621.046875,16380.48828125
159.4350106716156,2,4750.6,4749.9140625,16408.48828125
160.46034812927246,2,4747.9,4679.6875,16408.48828125
161.48819136619568,2,4735.1,4584.1328125,16428.48828125
162.51134943962097,2,4740.9,4487.859375,16524.48828125
163.53610944747925,2,4746.6,4638.32421875,16552.48828125
164.56135034561157,2,4733.6,4597.82421875,16552.48828125
165.58634686470032,2,4733.9,4896.421875,16762.48828125
166.61123323440552,2,4755.8,5303.7578125,17266.48828125
167.63634824752808,2,4742.5,5419.0625,17294.48828125
168.66134452819824,2,4747.9,5265.953125,17326.48828125
169.6873471736908,2,4742.8,5279.53125,17354.48828125
170.71235013008118,2,4743.2,5307.16015625,17354.48828125
171.7380621433258,2,4740.3,5276.85546875,17406.48828125
172.7633514404297,2,4733.6,5258.98046875,17430.48828125
173.7883574962616,2,4747.9,5430.67578125,17526.48828125
174.81464862823486,2,4747.8,5327.59375,17526.48828125
175.83934903144836,2,4733.9,5305.6640625,17526.48828125
176.86435866355896,2,4746.4,5333.078125,17526.48828125
177.88934898376465,2,4749.4,5282.359375,17526.48828125
178.91534805297852,2,4747.9,5335.46484375,17526.48828125
179.93634915351868,2,4735.0,5179.203125,17526.48828125
180.96135115623474,2,4736.6,5231.70703125,17526.48828125
181.98635125160217,2,4754.4,5243.51171875,17526.48828125
183.0110490322113,2,4742.2,5375.6640625,17550.48828125
184.03634786605835,2,4750.4,5700.6484375,17702.48828125
185.06235122680664,2,4746.4,5592.5625,17734.48828125
186.08727192878723,2,4741.4,5552.80859375,17766.48828125
187.1123480796814,2,4736.5,5473.74609375,17766.48828125
188.13709330558777,2,4741.5,5550.4453125,17766.48828125
189.16235375404358,2,4736.8,5505.9453125,17790.48828125
190.1873483657837,2,4750.4,5484.10546875,17790.48828125
191.21221804618835,2,4731.8,5506.38671875,17820.48828125
192.23734784126282,2,4741.1,5480.14453125,17820.48828125
193.26234889030457,2,4745.1,5451.28125,17880.48828125
194.28735041618347,2,4740.6,5400.44140625,17900.48828125
195.31234741210938,2,4730.1,5430.03515625,17900.48828125
196.3373453617096,2,4743.1,5453.16015625,17960.48828125
197.36295986175537,2,4742.9,5470.44140625,17960.48828125
198.38834619522095,2,4744.1,5414.625,18012.48828125
199.4133493900299,2,4737.5,5455.796875,18012.48828125
200.4381320476532,2,4740.6,5372.1328125,18012.48828125
201.4633502960205,2,4745.3,5362.15625,18036.48828125
202.48834705352783,2,4740.8,5274.98046875,18036.48828125
203.51334977149963,2,4728.6,5262.99609375,18056.48828125
204.53810930252075,2,4735.9,5236.7734375,18108.48828125
205.56263518333435,2,4740.5,5280.8125,18108.48828125
206.58823204040527,2,4742.4,5346.44140625,18212.48828125
207.6133451461792,2,4741.1,5276.9296875,18212.48828125
208.638347864151,2,4747.1,5268.58203125,18240.48828125
209.66334986686707,2,4750.3,5396.83203125,18240.48828125
210.68920421600342,2,4753.7,5308.59375,18240.48828125
211.71434378623962,2,4738.9,5298.64453125,18240.48828125
212.73934960365295,2,4748.6,5272.78125,18272.48828125
213.7639720439911,2,4737.7,5187.5546875,18272.48828125
214.78934812545776,2,4740.1,5150.796875,18272.48828125
215.81434988975525,2,4757.3,5186.07421875,18272.48828125
216.83934688568115,2,4755.6,5178.0,18272.48828125
217.86423778533936,2,4759.6,5271.71875,18332.48828125
218.88934922218323,2,4753.1,5486.3671875,18484.48828125
219.91634798049927,2,4757.1,5517.0703125,18576.48828125
220.9420862197876,2,4758.1,5462.78515625,18576.48828125
221.96734929084778,2,4741.2,5501.00390625,18576.48828125
222.99134635925293,2,4736.7,5460.421875,18616.48828125
224.0154345035553,2,4756.2,5465.49609375,18616.48828125
225.0393476486206,2,4752.5,5496.171875,18616.48828125
226.0638554096222,2,4757.7,5568.64453125,18616.48828125
227.08834600448608,2,4755.8,5509.87890625,18616.48828125
228.11334776878357,2,4745.4,5471.2890625,18616.48828125
229.13834714889526,2,4742.6,5396.9609375,18616.48828125
230.16334652900696,2,4748.7,5471.7421875,18616.48828125
231.18834686279297,2,4741.3,5650.41796875,18644.48828125
232.2133390903473,2,4706.6,5516.890625,18644.48828125
233.23034119606018,2,4736.4,5440.31640625,18644.48828125
234.25534963607788,2,4751.8,5420.17578125,18644.48828125
235.28033876419067,2,4742.5,5450.96875,18644.48828125
236.30464124679565,2,4745.2,5357.38671875,18644.48828125
237.32534742355347,2,4735.6,5534.44921875,18852.48828125
238.3493573665619,2,4727.0,5456.48046875,18852.48828125
239.3693447113037,2,4736.2,5353.46484375,18852.48828125
240.3946030139923,2,4739.5,5379.62890625,18852.48828125
241.41734647750854,2,4750.6,5495.78125,18852.48828125
242.44175124168396,2,4750.3,5709.28125,18928.48828125
243.4623441696167,2,4746.8,5766.13671875,18928.48828125
244.48767161369324,2,4743.6,5812.41015625,18928.48828125
245.51218581199646,2,4745.6,5839.5390625,18992.48828125
246.5373432636261,2,4755.9,5863.828125,18992.48828125
247.56178188323975,2,4749.8,5854.00390625,18992.48828125
248.5861988067627,2,4736.7,5857.49609375,18992.48828125
249.60634446144104,2,4745.8,5892.10546875,18992.48828125
250.6313397884369,2,4742.4,5902.65625,18992.48828125
251.64802980422974,2,4759.1,5856.83984375,18992.48828125
252.67334628105164,2,4756.1,5877.10546875,18992.48828125
253.69784998893738,2,4758.1,5879.36328125,19024.48828125
254.72334575653076,2,4750.2,5832.71484375,19024.48828125
255.74784898757935,2,4752.8,5874.2734375,19024.48828125
256.7723424434662,2,4746.0,5961.65234375,19104.48828125
257.7967300415039,2,4747.2,6164.40234375,19168.48828125
258.8242859840393,2,4741.4,6567.875,19594.48828125
259.84783697128296,2,4745.9,6791.76953125,19706.48828125
260.86320543289185,2,4746.6,6892.625,19838.48828125
261.8883464336395,2,4732.1,7154.41015625,20026.48828125
262.91290807724,2,4729.7,7148.5859375,20026.48828125
263.93734669685364,2,4725.2,7086.68359375,20026.48828125
264.96197056770325,2,4698.4,6710.80078125,20026.48828125
265.97834300994873,2,4730.4,6761.29296875,20026.48828125
267.00377798080444,2,4693.6,6769.96484375,20062.48828125
268.02794456481934,2,4735.0,6717.84375,20062.48828125
269.0523500442505,2,4725.8,6746.62890625,20102.48828125
270.076863527298,2,4739.7,6861.5625,20206.48828125
271.10157203674316,2,4715.8,6912.08984375,20238.48828125
272.12434434890747,2,4726.4,7084.37109375,20286.48828125
273.14982867240906,2,4736.3,7166.19921875,20450.48828125
274.1743438243866,2,4736.6,7162.109375,20450.48828125
275.199360370636,2,4720.8,7077.37109375,20482.48828125
276.22473096847534,2,4715.4,7182.78515625,20522.48828125
277.2503468990326,2,4723.8,7190.30078125,20592.48828125
278.27486395835876,2,4686.0,7249.20703125,20592.48828125
279.29964089393616,2,4726.9,7139.84375,20592.48828125
280.3253481388092,2,4748.2,6979.99609375,20592.48828125
281.3498282432556,2,4742.3,7141.0703125,20592.48828125
282.37434124946594,2,4746.1,7217.12109375,20596.48828125
283.39833998680115,2,4738.2,7752.85546875,20676.48828125
284.42334032058716,2,4735.2,8114.078125,20892.48828125
285.448157787323,2,4734.1,8554.8984375,21606.48828125
286.4733486175537,2,4649.0,9081.83203125,22182.48828125
287.4850857257843,2,3843.6,9388.56640625,22554.48828125
288.4969074726105,2,3223.0,9427.2734375,22938.48828125
289.50871419906616,2,2974.8,9767.55078125,23386.48828125
290.5202124118805,2,2789.2,9847.671875,23546.48828125
291.5315945148468,2,2776.5,9650.203125,23846.48828125
292.5433118343353,2,2688.9,9543.5234375,23846.48828125
293.55490159988403,2,2584.0,9295.8671875,24086.48828125
294.56611680984497,2,2483.5,9234.55078125,24086.48828125
295.57721877098083,2,2440.2,9163.2890625,24162.48828125
296.58818340301514,2,2385.5,8914.484375,24334.48828125
297.5997955799103,2,2333.4,8883.69140625,24366.48828125
298.6098213195801,2,2283.0,8854.3828125,24578.48828125
299.61942982673645,2,2199.9,9127.03515625,24902.48828125
300.6290512084961,2,2187.7,8916.38671875,24950.48828125
301.6387939453125,2,2185.7,8741.87890625,24950.48828125
302.64899039268494,2,2188.5,8821.37109375,24950.48828125
303.658810377121,2,2188.7,8839.671875,24950.48828125
304.6676206588745,2,2141.9,8748.6875,24950.48828125
305.6789002418518,2,2093.1,8909.41015625,24950.48828125
306.68887424468994,2,2089.1,8668.265625,24950.48828125
307.69937777519226,2,2044.2,8693.97265625,24950.48828125
308.7105166912079,2,1994.7,8593.16015625,24950.48828125
309.72068524360657,2,1957.5,8380.609375,24950.48828125
310.73065853118896,2,1892.1,8380.73828125,24950.48828125
311.7411849498749,2,1893.9,8345.96484375,24950.48828125
312.75129985809326,2,1893.6,8295.078125,24950.48828125
313.7620370388031,2,1793.2,8146.48046875,24950.48828125
314.77197337150574,2,1598.3,8004.64453125,24950.48828125
315.78246116638184,2,1548.1,8043.30859375,24950.48828125
316.7933597564697,2,1398.9,7832.98046875,24950.48828125
317.8034031391144,2,1399.6,7905.88671875,24950.48828125
318.81371569633484,2,1212.3,7574.6796875,24950.48828125
319.8234131336212,2,1145.0,7724.95703125,25238.48828125
320.8330328464508,2,875.2,7371.265625,25238.48828125
321.8430178165436,2,523.1,7159.42578125,25238.48828125
322.85240960121155,2,306.1,6989.20703125,25238.48828125
323.86202573776245,2,306.2,6799.09375,25238.48828125
324.87126326560974,2,305.0,6574.94921875,25238.48828125
325.8810293674469,2,305.1,6389.546875,25238.48828125
326.89044761657715,2,305.1,6234.71484375,25238.48828125
327.8998899459839,2,304.0,6049.765625,25238.48828125
328.9096488952637,2,304.1,5870.3046875,25238.48828125
329.91928243637085,2,302.8,5764.625,25238.48828125
330.929785490036,2,302.3,5646.375,25238.48828125
331.9386975765228,2,303.2,5548.44921875,25238.48828125
332.94802618026733,2,300.3,5494.16796875,25238.48828125
333.95701837539673,2,260.6,5555.57421875,25238.48828125
334.9662985801697,2,201.1,5508.51953125,25238.48828125
335.9755403995514,2,202.0,5422.4453125,25238.48828125
336.9854140281677,2,202.9,5398.5859375,25238.48828125
337.9957311153412,2,203.8,5334.8125,25462.48828125
339.00635290145874,2,204.0,5210.34375,25462.48828125
340.0160298347473,2,204.0,5079.12109375,25462.48828125
341.02606892585754,2,202.8,4986.8125,25462.48828125
342.0367546081543,2,203.1,4914.3203125,25462.48828125
343.0463488101959,2,202.0,4937.86328125,25462.48828125
344.0560450553894,2,200.0,5000.4609375,25462.48828125
345.0661549568176,2,201.1,5056.05859375,25462.48828125
346.0758421421051,2,206.9,4818.33984375,25462.48828125
347.08599972724915,2,203.1,4796.515625,25462.48828125
348.0955150127411,2,200.2,4808.93359375,25462.48828125
349.10436630249023,2,200.1,4995.5546875,25462.48828125
350.1140892505646,2,199.8,5266.06640625,25462.48828125
351.12494015693665,2,199.9,5359.37109375,25462.48828125
352.13548827171326,2,203.0,4845.984375,25462.48828125
353.14549016952515,2,149.4,4754.375,25462.48828125
354.15584897994995,2,103.0,4705.0703125,25462.48828125
355.16581988334656,2,105.2,4648.6953125,25462.48828125
356.1735689640045,2,104.0,4596.10546875,25462.48828125
357.18290996551514,2,107.0,4482.05078125,25462.48828125
358.19269943237305,2,106.0,4331.0234375,25462.48828125
359.20238423347473,2,106.9,4214.0,25462.48828125
360.21248507499695,2,104.9,3963.59375,25462.48828125
361.2231936454773,2,105.0,3892.17578125,25462.48828125
362.23243856430054,2,101.0,4142.25390625,25462.48828125
363.2426824569702,2,101.9,4117.75,25462.48828125
364.253466129303,2,99.9,4030.0703125,25462.48828125
365.264386177063,2,101.0,4113.1171875,25462.48828125
366.2747874259949,2,102.0,4066.84375,25462.48828125
367.2847194671631,2,101.0,3859.72265625,25462.48828125
368.2948715686798,2,102.9,3839.53125,25462.48828125
369.3055865764618,2,102.0,3822.18359375,25462.48828125
370.315203666687,2,102.1,3771.85546875,25462.48828125
371.32387828826904,2,101.9,3762.1953125,25462.48828125
372.3343985080719,2,100.9,3723.83203125,25462.48828125
373.3451027870178,2,102.0,3685.40234375,25462.48828125
374.3545935153961,2,98.9,3896.36328125,25462.48828125
375.36525201797485,2,101.9,3704.73828125,25462.48828125
376.3762345314026,2,100.0,3704.34765625,25462.48828125
377.3859267234802,2,102.0,3684.06640625,25462.48828125
378.3954484462738,2,101.1,3657.23046875,25462.48828125
379.4038796424866,2,101.1,3627.6328125,25462.48828125
380.4130108356476,2,102.1,3599.921875,25462.48828125
381.42223381996155,2,101.0,3617.8671875,25462.48828125
382.43169927597046,2,99.0,3862.171875,25462.48828125
383.4414668083191,2,99.0,3713.5546875,25462.48828125
384.4514093399048,2,101.1,3713.5546875,25462.48828125
385.460081577301,2,101.0,3707.171875,25462.48828125
386.4697799682617,2,102.0,3671.30078125,25462.48828125
387.47972774505615,2,100.1,3717.01953125,25462.48828125
388.48908972740173,2,100.0,3859.19140625,25462.48828125
389.49877738952637,2,102.9,3866.83984375,25462.48828125
390.5093688964844,2,100.0,3795.046875,25462.48828125
391.519362449646,2,100.0,3895.81640625,25462.48828125
392.5296618938446,2,99.1,3888.29296875,25462.48828125
393.538916349411,2,101.0,3739.53125,25462.48828125
394.5489966869354,2,102.1,3720.50390625,25462.48828125
395.5582685470581,2,101.0,3696.38671875,25462.48828125
396.5681416988373,2,102.1,3681.03125,25462.48828125
397.57736349105835,2,101.1,3652.34765625,25462.48828125
398.58672308921814,2,104.0,3551.7109375,25462.48828125
399.59627079963684,2,182.2,2760.54296875,25462.48828125
400.60600876808167,2,670.0,3265.95703125,25606.49609375
401.6163740158081,2,105.9,3104.41015625,25606.5546875
402.62668919563293,2,107.8,3057.71484375,25814.578125
403.63752460479736,2,287.3,3305.9140625,27126.578125
404.66092467308044,2,1969.4,4181.55078125,33270.66015625
405.6702799797058,2,1438.4,6500.484375,32758.65234375
406.6825602054596,2,1186.9,3727.6171875,40334.609375
407.6943380832672,2,3685.7,5163.3359375,40334.609375
408.7186818122864,2,4358.8,6527.0859375,40334.609375
409.7284471988678,2,3023.8,6840.109375,40334.609375
410.73795223236084,2,2294.1,6925.5625,40334.609375
411.7479395866394,2,1019.3,4035.3828125,40334.609375
412.7593402862549,2,3682.5,5790.81640625,40334.609375
413.77933502197266,2,4574.4,7490.48046875,46478.609375
414.8017375469208,2,3383.6,7654.11328125,46478.609375
415.81275820732117,2,3852.3,8374.171875,46478.609375
416.82333731651306,2,1858.7,8516.4921875,46478.609375
417.83561968803406,2,2998.5,8543.453125,46478.609375
418.847336769104,2,2764.1,3383.96484375,44430.578125
419.87233543395996,2,4735.5,3270.703125,44430.578125
420.89687299728394,2,4750.3,3195.3515625,44430.578125
421.90733313560486,2,4431.9,3255.453125,44430.578125
422.9253349304199,2,4716.5,3229.37109375,44430.578125
423.93993163108826,2,2025.2,3237.48046875,44430.578125
424.9472277164459,2,101.2,3152.1796875,44430.578125
425.95525789260864,2,101.2,3136.76953125,44430.578125
426.96318078041077,2,123.1,3490.171875,44432.59765625
427.97025418281555,2,100.2,3849.12109375,44432.59765625
428.9786138534546,2,100.2,4139.51953125,44432.59765625
429.9867856502533,4,0.0,4468.91796875,44780.67578125
430.99460220336914,4,101.2,4699.9921875,45027.40234375
432.0022027492523,4,101.2,4908.34375,45254.9375
433.0105438232422,4,100.2,5118.015625,45487.2265625
434.0186057090759,4,100.3,5453.61328125,45841.84765625
435.0256984233856,4,101.0,5797.90625,46198.14453125
436.0351185798645,4,99.1,6155.28125,46555.6015625
437.04405760765076,4,100.0,6512.28125,46912.52734375
438.0537555217743,4,100.0,6867.78125,47267.921875
439.06351828575134,4,99.1,7224.78125,47624.9921875
440.0721974372864,4,101.1,7581.78125,47982.0625
441.0808742046356,4,99.0,7938.03125,48338.359375
442.0906217098236,4,100.0,8293.90625,48694.26953125
443.1005389690399,4,100.1,8650.53125,49050.953125
444.10975551605225,4,100.1,9008.28125,49408.5390625
445.119101524353,4,100.1,9360.9140625,49765.22265625
446.12821531295776,4,100.1,9717.1640625,50121.26171875
447.13726711273193,4,100.0,10073.7890625,50478.203125
448.14746022224426,4,100.1,10431.1640625,50835.66015625
449.1563334465027,4,100.1,10787.7890625,51192.21484375
450.1654281616211,4,99.9,11144.4140625,51548.8984375
451.17600679397583,4,100.1,11501.0390625,51905.58203125
452.1853029727936,4,99.1,11858.4140625,52262.78125
453.1940121650696,4,100.1,12215.0390625,52619.59375
454.2034523487091,4,100.0,12571.2890625,52975.76171875
455.21346497535706,4,100.0,12927.9140625,53332.1875
456.22337675094604,4,100.0,13285.6640625,53689.90234375
457.2331030368805,4,100.1,13641.9140625,54046.328125
458.2422881126404,4,99.9,13997.4140625,54401.72265625
459.2529766559601,4,99.9,14301.1640625,54705.42578125
460.2635669708252,4,99.9,14386.2890625,54790.6328125
461.27442026138306,4,99.0,14587.34765625,55091.32421875
462.28446769714355,4,100.0,14759.35546875,55213.58984375
463.2947998046875,5,0.0,4137.05859375,44925.71875
464.30567955970764,5,100.0,4535.91796875,45198.078125
465.31577801704407,2,57.4,3238.28515625,44606.8828125
466.3263349533081,2,1558.2,4428.390625,45484.64453125
467.3463385105133,2,4003.5,5077.10546875,49580.70703125
468.3723316192627,2,4748.3,5109.10546875,49580.70703125
469.3896269798279,2,3436.9,5553.19140625,51628.73828125
470.3968162536621,2,99.2,5979.1484375,51628.73828125
471.40528655052185,2,100.2,6403.1484375,51628.73828125
472.41334772109985,4,43.7,6728.0390625,51919.1875
473.4206042289734,4,100.1,7066.984375,52258.21875
474.42943596839905,4,99.1,7418.359375,52609.74609375
475.4380977153778,4,101.2,7770.71875,52985.796875
476.4460949897766,4,99.2,8119.21875,53310.3671875
477.4546089172363,4,100.2,8465.34375,53656.609375
478.4629511833191,4,100.2,8799.09375,53990.4765625
479.4707577228546,4,100.1,9125.34375,54322.0234375
480.47949504852295,4,99.1,9454.21875,54650.86328125
481.488534450531,4,99.9,9788.76171875,54985.27734375
482.4998953342438,4,100.0,10121.3671875,55324.04296875
483.5098788738251,4,100.0,10494.4921875,55697.2265625
484.51972365379333,4,100.0,10882.9921875,56085.75
485.5299484729767,4,99.9,11270.7421875,56473.5
486.54089856147766,4,100.0,11657.7421875,56860.34765625
487.5512046813965,4,100.0,12044.7421875,57247.453125
488.56072974205017,4,100.1,12432.8671875,57635.58984375
489.5699300765991,4,100.1,12818.7421875,58021.27734375
490.5793707370758,4,99.1,13204.9921875,58407.73828125
491.5887279510498,4,100.0,13591.9921875,58794.71484375
492.5983536243439,4,100.0,13976.77734375,59182.98046875
493.6083405017853,4,100.0,14363.77734375,59570.21484375
494.6181857585907,4,100.1,14750.40234375,59956.8046875
495.6269426345825,4,99.0,15136.1953125,60344.42578125
496.6371054649353,4,100.1,15524.6953125,60732.94921875
497.646094083786,4,100.1,15912.0703125,61120.3125
498.6549000740051,4,100.0,16299.0703125,61507.2890625
499.66510677337646,4,100.0,16684.9453125,61892.9765625
500.6746735572815,4,100.1,17073.0703125,62281.11328125
501.6836953163147,4,99.1,17461.1953125,62669.5078125
502.6927762031555,4,100.0,17846.3203125,63054.55078125
503.70238995552063,4,100.0,18234.4453125,63442.55859375
504.7123498916626,4,100.0,18621.0703125,63829.40625
505.7224431037903,4,100.1,19008.4453125,64216.76953125
506.7318935394287,4,100.1,19393.5703125,64601.68359375
507.7413685321808,4,99.9,19538.3203125,64746.57421875
508.75187039375305,4,99.9,19541.6953125,64750.18359375
509.76254391670227,4,100.0,19541.6953125,64750.18359375
510.77243876457214,4,99.9,19541.6953125,64750.18359375
511.7830812931061,4,100.0,19722.05078125,65148.90625
512.7934484481812,4,99.9,20154.19140625,65479.0390625
513.8047785758972,4,99.0,20168.19140625,65479.0390625
514.8152813911438,4,100.0,19938.34765625,65146.5078125
515.825040102005,5,0.0,6474.04296875,51776.1015625
516.8361928462982,5,99.9,7231.53125,52661.6953125
517.8467261791229,5,100.0,7319.55078125,52880.25390625
518.8570928573608,2,47.5,5483.4296875,52333.6171875
519.8683116436005,2,100.1,5483.8984375,52333.6171875
520.8776776790619,2,671.8,6817.6953125,51821.5859375
521.8868050575256,2,291.0,6955.8203125,51821.5859375
522.8937802314758,2,218.1,6994.59375,51821.5859375
523.9025540351868,2,570.3,7054.10546875,51821.5859375
524.9125843048096,2,1416.9,10670.66796875,51821.5859375
525.9233343601227,2,3964.1,13342.47265625,51821.5859375
526.9433343410492,2,4659.4,13774.83203125,51821.5859375
527.9563505649567,2,4556.3,14399.7265625,51821.5859375
528.9756200313568,2,3863.0,14874.4765625,51821.5859375
529.9883375167847,2,3888.6,14775.703125,51821.5859375
530.9978740215302,2,2925.6,15381.26953125,51821.5859375
532.0093424320221,2,2299.2,15310.73828125,51821.5859375
533.0169103145599,2,3433.9,15420.80078125,51821.5859375
534.0241527557373,2,1089.4,8123.73828125,51821.5859375
535.0302104949951,2,175.8,8036.86328125,51821.5859375
536.0373413562775,2,593.8,7800.578125,51821.5859375
537.0693378448486,2,1166.0,7517.37109375,51821.5859375
538.1004974842072,2,957.2,10263.7265625,51821.5859375
539.1093356609344,2,4188.3,13005.6875,51821.5859375
540.1273431777954,2,4641.8,14569.03515625,51821.5859375
541.1473367214203,2,4463.3,14281.23046875,51821.5859375
542.1653397083282,2,3403.5,14631.75,51821.5859375
543.1873407363892,2,4082.1,15134.1171875,51821.5859375
544.2050006389618,2,2283.1,15266.90625,51821.5859375
545.2115778923035,2,2211.3,15293.046875,51821.5859375
546.2220227718353,2,3027.4,15406.75390625,51821.5859375
547.2296981811523,2,1255.2,8778.34375,52045.5859375
548.2374358177185,2,952.7,8077.3984375,52045.5859375
549.2441554069519,2,1357.4,7851.6171875,52045.5859375
550.2533781528473,2,1704.9,10658.91796875,52045.5859375
551.2704684734344,2,4515.6,12328.109375,52045.5859375
552.288741350174,2,4591.9,12786.01171875,52045.5859375
553.3043394088745,2,4150.2,13918.5703125,52045.5859375
554.3143706321716,2,4358.0,14733.8125,52045.5859375
555.3503360748291,2,4298.2,14231.23046875,52045.5859375
556.3707118034363,2,2776.4,14346.015625,52045.5859375
557.381251335144,2,3006.5,14290.66796875,52045.5859375
558.3916413784027,2,1217.3,8100.3671875,52045.5859375
559.3994250297546,2,1267.0,8342.7109375,52301.5859375
560.4049882888794,2,1623.9,8068.8359375,52301.5859375
561.4137470722198,2,1067.2,8616.796875,52301.5859375
562.4213352203369,2,3138.8,12299.9453125,52301.5859375
563.4406435489655,2,4623.9,12968.91796875,52301.5859375
564.4603366851807,2,4487.2,13903.82421875,52301.5859375
565.4783868789673,2,3943.5,14766.5390625,52301.5859375
566.5141577720642,2,4590.8,13903.953125,52301.5859375
567.5231423377991,2,3405.9,14422.63671875,52301.5859375
568.5309615135193,2,2528.4,14234.53515625,52301.5859375
569.5381760597229,2,3181.5,14296.359375,52301.5859375
570.5473523139954,2,1270.9,8356.64453125,52301.5859375
571.5603377819061,2,835.1,8088.32421875,52301.5859375
572.5693380832672,2,1215.1,7804.9453125,52301.5859375
573.5963473320007,2,1605.7,10699.24609375,52301.5859375
574.6083340644836,2,4492.2,12329.0078125,52301.5859375
575.6272797584534,2,4621.3,14404.6796875,52301.5859375
576.6394484043121,2,4138.5,13944.93359375,52301.5859375
577.6483836174011,2,4277.0,14757.9453125,52301.5859375
578.6877970695496,2,4463.9,13991.90234375,52301.5859375
579.6983380317688,2,2795.5,14368.0859375,52301.5859375
580.717337846756,2,2837.6,14322.78515625,52301.5859375
581.7270035743713,2,1598.3,7547.3359375,52301.5859375
582.7347784042358,2,1221.7,8586.5625,52301.5859375
583.7416572570801,2,1249.7,8011.5,52301.5859375
584.7499048709869,2,1015.7,7747.1328125,52301.5859375
585.7581412792206,2,2887.8,11547.43359375,52301.5859375
586.7703366279602,2,4412.7,12433.9921875,52301.5859375
587.7804052829742,2,4512.6,13208.0078125,52301.5859375
588.7923305034637,2,4042.2,14168.27734375,52301.5859375
589.8003878593445,2,4436.4,14949.34375,52301.5859375
590.8430349826813,2,4260.8,14408.765625,52301.5859375
591.8593442440033,2,2720.7,14522.328125,52301.5859375
592.8673322200775,2,2885.4,14549.70703125,52301.5859375
593.8776123523712,2,1597.2,7511.27734375,52301.5859375
594.885794878006,2,1246.0,8660.79296875,52301.5859375
595.8930513858795,2,1230.5,8112.5546875,52301.5859375
596.9003994464874,2,1124.8,7979.4921875,52301.5859375
597.9090769290924,2,2896.1,10962.8046875,52301.5859375
598.920450925827,2,4467.2,11969.90625,52301.5859375
599.9359424114227,2,4609.7,13375.1328125,52301.5859375
600.9453823566437,2,3770.9,14440.62890625,52301.5859375
601.983484506607,2,4687.1,14404.71875,52301.5859375
603.0234005451202,2,3721.6,14154.56640625,52301.5859375
604.0333490371704,2,2588.6,13934.4375,52301.5859375
605.042994260788,2,3445.4,14021.8671875,52301.5859375
606.0543274879456,2,1030.6,8789.1640625,52301.5859375
607.0693533420563,2,1035.8,8384.53125,52301.5859375
608.0772080421448,2,1325.7,8182.046875,52301.5859375
609.0850870609283,2,1025.6,9561.3203125,52301.5859375
610.0933358669281,2,4231.4,11665.72265625,52301.5859375
611.1113471984863,2,4601.1,13448.20703125,52301.5859375
612.1350340843201,2,4482.4,13530.51171875,52301.5859375
613.1453864574432,2,3907.2,14312.375,52301.5859375
614.1798479557037,2,4502.0,13510.25,52301.5859375
615.1963379383087,2,2960.8,13904.21875,52301.5859375
616.2145178318024,2,2727.5,13819.5078125,52301.5859375
617.2246301174164,2,2698.6,13065.7734375,52301.5859375
618.2314002513885,2,1314.8,8567.5390625,52301.5859375
619.2391078472137,2,924.6,8161.546875,52301.5859375
620.2473344802856,2,1386.6,7953.34375,52301.5859375
621.2593877315521,2,1898.7,10222.3359375,52301.5859375
622.2877235412598,2,4514.5,11622.47265625,52301.5859375
623.3060839176178,2,4527.2,12717.4296875,52301.5859375
624.3193399906158,2,3995.2,13686.11328125,52301.5859375
625.3393831253052,2,4365.6,14428.5,52301.5859375
626.3753399848938,2,4359.3,13907.9140625,52301.5859375
627.3954248428345,2,2569.2,13999.67578125,52301.5859375
628.405101776123,2,3111.1,13948.96484375,52301.5859375
629.4154286384583,2,1257.7,8060.96875,52301.5859375
630.4226257801056,2,1485.7,8983.7734375,52301.5859375
631.4296138286591,2,1158.7,8127.97265625,52301.5859375
632.4402644634247,2,1125.5,8028.52734375,52301.5859375
633.4493732452393,2,2527.6,11653.9375,52301.5859375
634.4843330383301,2,4567.0,12540.5,52301.5859375
635.501761674881,2,4514.7,13325.84765625,52301.5859375
636.5133407115936,2,4029.3,14311.46484375,52301.5859375
637.5223741531372,2,4442.5,15073.73046875,52301.5859375
638.5581433773041,2,4346.6,14576.82421875,52301.5859375
639.5663492679596,2,2829.6,14630.70703125,52301.5859375
640.5743999481201,2,2792.3,14609.35546875,52301.5859375
641.5848121643066,2,1911.9,7334.93359375,52301.5859375
642.5930457115173,2,1466.7,8528.28125,52333.5859375
643.6013376712799,2,1260.4,7785.765625,52333.5859375
644.6218750476837,2,1029.2,11040.30078125,52333.5859375
645.6301770210266,2,4394.5,13501.546875,52333.5859375
646.639377117157,2,4568.6,13696.9921875,52333.5859375
647.6500024795532,2,4613.3,13444.6953125,52333.5859375
648.6628787517548,2,4006.7,14646.08203125,52333.5859375
649.6713721752167,2,4494.8,15398.41015625,52333.5859375
650.7116792201996,2,4636.8,15365.921875,52333.5859375
651.7513365745544,2,4367.9,14796.55859375,52333.5859375
652.7703433036804,2,2876.0,15021.328125,52333.5859375
653.7913360595703,2,3050.6,15103.18359375,52333.5859375
654.8090035915375,2,1791.3,7398.0,52333.5859375
655.8256194591522,2,1813.3,9329.37890625,52333.5859375
656.8333892822266,2,3378.2,12495.90625,52333.5859375
657.8603456020355,2,4539.7,13270.52734375,52333.5859375
658.8803346157074,2,4251.9,12651.91015625,52333.5859375
659.8983902931213,2,4272.6,13507.71484375,52333.5859375
660.9343757629395,2,4741.2,13428.9921875,52333.5859375
661.9732615947723,2,4085.4,13132.625,52333.5859375
662.9813365936279,2,2562.2,13144.21484375,52333.5859375
663.9882369041443,2,2172.2,6823.65234375,52333.5859375
664.9950680732727,2,2003.7,8364.203125,52333.5859375
666.0033733844757,2,3036.0,12278.78125,52333.5859375
667.032342672348,2,4597.3,12823.08984375,52333.5859375
668.052337884903,2,4275.4,12571.74609375,52333.5859375
669.0708241462708,2,4330.6,13467.125,52333.5859375
670.1113755702972,2,4661.9,13443.0390625,52333.5859375
671.1523365974426,2,4343.2,12998.73828125,52333.5859375
672.1633441448212,2,2594.7,13106.671875,52333.5859375
673.1779735088348,2,2280.1,7000.67578125,52845.59375
674.186155796051,2,100.3,7324.19921875,52333.5859375
675.1935708522797,2,1485.2,8163.6875,52333.5859375
676.2015075683594,2,1230.3,7338.7578125,52333.5859375
677.2119767665863,2,3454.9,10227.04296875,52333.5859375
678.224143743515,2,4473.6,11421.84375,52333.5859375
679.2483341693878,2,4520.3,13072.17578125,52333.5859375
680.2668743133545,2,4182.5,13219.8828125,52333.5859375
681.276221036911,2,3958.8,13240.16015625,52333.5859375
682.2863366603851,2,3131.9,13712.9609375,52333.5859375
683.3113329410553,2,2619.4,13645.64453125,52333.5859375
684.3215353488922,2,2396.1,7706.140625,52845.59375
685.3296205997467,2,102.2,7690.62109375,52333.5859375
686.3371107578278,2,1504.8,7962.58984375,52333.5859375
687.3439881801605,2,2036.2,7717.2578125,52333.5859375
688.3553364276886,2,3478.5,10533.8671875,52333.5859375
689.3726930618286,2,4600.4,12359.4765625,52333.5859375
690.3964343070984,2,4463.8,12876.93359375,52333.5859375
691.4157993793488,2,4113.6,13685.171875,52333.5859375
692.4563360214233,2,4044.1,13240.05859375,52333.5859375
693.4754557609558,2,2595.6,13366.28515625,52333.5859375
694.4822835922241,2,3278.0,13440.49609375,52333.5859375
695.4904236793518,2,595.3,8623.7578125,52333.5859375
696.4994933605194,2,1501.0,8323.30078125,52333.5859375
697.5083577632904,2,1103.1,8053.90625,52333.5859375
698.5263421535492,2,2134.2,7846.98046875,52333.5859375
699.5844016075134,2,3551.0,10385.515625,52333.5859375
700.6023426055908,2,4604.7,12457.94921875,52333.5859375
701.6219017505646,2,4381.3,12831.45703125,52333.5859375
702.631507396698,2,3816.8,12911.4921875,52333.5859375
703.6423342227936,2,3899.0,13484.4375,52333.5859375
704.6565062999725,2,2194.2,13586.26953125,52333.5859375
705.667334318161,2,3459.1,13477.6875,52333.5859375
706.6789562702179,2,841.9,8181.8359375,52333.5859375
707.6871848106384,2,1621.4,8240.3984375,52333.5859375
708.6943461894989,2,1042.7,8047.57421875,52333.5859375
709.7093331813812,2,1614.5,7855.64453125,52333.5859375
710.7745242118835,2,3172.3,10552.8203125,52333.5859375
711.7879748344421,2,4345.3,11508.72265625,52333.5859375
712.8073391914368,2,4708.2,14545.234375,52333.5859375
713.8221914768219,2,4374.3,14461.09375,52333.5859375
714.8441925048828,2,3939.5,15677.7890625,52333.5859375
715.8837912082672,2,3785.8,15109.7890625,52333.5859375
716.8939719200134,2,3104.3,16080.703125,52653.5859375
717.904333114624,2,2375.6,16111.06640625,52653.5859375
718.9211802482605,2,3376.3,16197.37890625,52653.5859375
719.9398086071014,2,1434.6,16521.16796875,52653.5859375
720.9484713077545,2,1461.2,8642.21484375,52653.5859375
721.9612462520599,2,765.9,8209.98828125,52653.5859375
722.9691379070282,2,1075.8,8106.23046875,52653.5859375
723.9783420562744,2,2614.6,7878.046875,52653.5859375
724.9993345737457,2,3417.2,10813.109375,52653.5859375
726.0173397064209,2,4458.4,12505.6328125,52653.5859375
727.037339925766,2,4369.2,12983.5390625,52653.5859375
728.0543351173401,2,4351.5,14584.5703125,52653.5859375
729.064343214035,2,3450.8,14957.01953125,52653.5859375
730.0890645980835,2,4010.3,15587.46484375,52653.5859375
731.0962314605713,2,2189.4,15847.52734375,52653.5859375
732.1053378582001,2,2406.4,15916.2265625,52653.5859375
733.1223375797272,2,2775.0,16132.1640625,52653.5859375
734.1311986446381,2,603.5,8648.8671875,52653.5859375
735.1385626792908,2,1537.0,8268.86328125,52653.5859375
736.1470520496368,2,871.5,8068.9375,52653.5859375
737.1593375205994,2,1252.0,7811.9921875,52653.5859375
738.168240070343,2,3606.7,10177.5859375,52653.5859375
739.1793441772461,2,4469.1,11561.78125,52653.5859375
740.1993396282196,2,4412.0,12958.31640625,52653.5859375
741.216810464859,2,4039.8,14029.5,52653.5859375
742.2520925998688,2,3974.9,13448.37109375,52653.5859375
743.2644422054291,2,2652.9,13792.296875,52653.5859375
744.2720601558685,2,2800.8,13833.6953125,52653.5859375
745.282928943634,2,1969.3,7620.15234375,52653.5859375
746.2907514572144,2,1544.3,9414.64453125,52653.5859375
747.2983498573303,2,887.7,8261.1171875,52653.5859375
748.307633638382,2,2095.5,8004.01171875,52653.5859375
749.3673343658447,2,3541.4,10606.65234375,52653.5859375
750.3863437175751,2,4516.5,12161.84765625,52653.5859375
751.4080505371094,2,4578.9,12615.79296875,52653.5859375
752.4198606014252,2,4162.4,13598.1796875,52653.5859375
753.4287664890289,2,3568.4,13885.40234375,52653.5859375
754.4403495788574,2,3259.3,14357.7890625,52653.5859375
755.4595396518707,2,2101.6,14254.20703125,52653.5859375
756.4663445949554,2,3652.8,14425.24609375,52653.5859375
757.4733347892761,2,829.0,8705.81640625,52653.5859375
758.4901564121246,2,1386.7,8318.703125,52653.5859375
759.4960782527924,2,836.3,8074.62890625,52653.5859375
760.5040647983551,2,947.0,7912.68359375,52653.5859375
761.5125410556793,2,3050.7,9143.04296875,52653.5859375
762.5243425369263,2,4529.5,10952.4296875,52653.5859375
763.5440638065338,2,4544.2,11574.21484375,52653.5859375
764.5564153194427,2,4472.3,12946.578125,52653.5859375
765.5651559829712,2,3444.6,13191.9140625,52653.5859375
766.5793368816376,2,3049.8,13801.91015625,52653.5859375
767.5938897132874,2,2015.5,13848.09765625,52653.5859375
768.6040744781494,2,2980.3,14024.4296875,52653.5859375
769.614351272583,2,1523.6,8615.34765625,52653.5859375
770.6211640834808,2,750.5,8180.56640625,52653.5859375
771.6283886432648,2,1015.2,7991.578125,52653.5859375
772.636335849762,2,1361.6,7781.6484375,52653.5859375
773.696341753006,2,3755.8,10037.16796875,52653.5859375
774.7137243747711,2,4587.1,11876.80078125,52653.5859375
775.7376806735992,2,4500.9,12832.01171875,52653.5859375
776.7557954788208,2,3958.6,13025.15234375,52653.5859375
777.7693350315094,2,3903.2,13508.2890625,52653.5859375
778.7835774421692,2,2061.5,13818.38671875,52653.5859375
779.7915892601013,2,3033.9,13833.80859375,52653.5859375
780.8022065162659,2,1388.1,7641.52734375,52653.5859375
781.8106708526611,2,1630.8,8247.37109375,52653.5859375
782.8187866210938,2,899.5,8041.265625,52653.5859375
783.8273344039917,2,779.3,7895.0703125,52653.5859375
784.8396553993225,2,2854.8,8487.28515625,52653.5859375
785.8513538837433,2,4091.8,10256.9609375,52653.5859375
786.8631558418274,2,4599.9,13234.8203125,52653.5859375
787.8759453296661,2,4501.3,12911.01953125,52653.5859375
788.8842940330505,2,3553.1,13309.96484375,52653.5859375
789.8925139904022,2,3882.3,13986.734375,52653.5859375
790.9014768600464,2,1869.2,13990.82421875,52653.5859375
791.9076616764069,2,3348.3,13981.68359375,52653.5859375
792.9181203842163,2,1051.0,7848.5859375,52653.5859375
793.9254179000854,2,1564.4,8943.65625,52653.5859375
794.9331793785095,2,836.9,8179.48828125,52653.5859375
795.940113067627,2,1269.8,7931.8125,52653.5859375
796.9475617408752,2,3422.5,10018.01953125,52653.5859375
797.9593102931976,2,4448.4,11370.48046875,52653.5859375
798.9832763671875,2,4487.7,12968.125,52653.5859375
800.0023853778839,2,3985.6,14017.80859375,52653.5859375
801.0372295379639,2,4059.8,13431.921875,52653.5859375
802.0483350753784,2,2720.5,13879.5390625,52653.5859375
803.0540292263031,2,2762.2,13738.44140625,52653.5859375
804.0650365352631,2,2101.1,7652.9921875,52653.5859375
805.0743420124054,2,1569.1,9147.0625,52653.5859375
806.0832889080048,2,703.5,8339.2578125,52653.5859375
807.0918302536011,2,1196.6,8039.1015625,52653.5859375
808.1006057262421,2,3069.4,9829.8671875,52653.5859375
809.1118652820587,2,4444.2,11138.46484375,52653.5859375
810.1354219913483,2,4589.8,12349.8125,52653.5859375
811.146322965622,2,4146.7,13332.62890625,52653.5859375
812.1562836170197,2,3717.7,13497.46484375,52653.5859375
813.1667642593384,2,3197.3,13982.78125,52653.5859375
814.1865530014038,2,2144.5,13863.0,52653.5859375
815.1947159767151,2,3343.5,14038.84765625,52653.5859375
816.2007579803467,2,1393.9,8961.23828125,52653.5859375
817.2108919620514,2,964.7,8380.03515625,52653.5859375
818.2329895496368,2,969.6,8146.109375,52653.5859375
819.2415390014648,2,2404.5,8211.94921875,52653.5859375
820.2493367195129,2,3545.9,10845.89453125,52653.5859375
821.2667808532715,2,4493.3,12912.55859375,52653.5859375
822.2789645195007,2,4482.8,13389.6171875,52653.5859375
823.293417930603,2,3921.0,13522.49609375,52653.5859375
824.304337978363,2,3886.7,14099.6640625,52653.5859375
825.3192090988159,2,2330.7,14144.22265625,52653.5859375
826.3260834217072,2,3009.6,14117.76171875,52653.5859375
827.3363656997681,2,1551.5,8086.28515625,52653.5859375
828.3449292182922,2,1598.1,9303.64453125,53037.5859375
829.352949142456,2,689.7,8497.609375,53037.5859375
830.3591616153717,2,1367.3,8203.93359375,53037.5859375
831.3677415847778,2,2288.2,9674.98046875,53037.5859375
832.3791048526764,2,4429.3,11520.12109375,53037.5859375
833.3893461227417,2,4590.1,13599.48046875,53037.5859375
834.4158780574799,2,4528.0,14378.59375,53037.5859375
835.428154706955,2,4155.0,15051.31640625,53037.5859375
836.437935590744,2,3664.4,15485.375,53037.5859375
837.4620168209076,2,4030.3,16054.08203125,53037.5859375
838.4732487201691,2,2303.2,16272.22265625,53037.5859375
839.4810688495636,2,2500.9,16510.53515625,53037.5859375
840.4992408752441,2,2846.6,16566.14453125,53037.5859375
841.5073356628418,2,598.6,8805.11328125,53037.5859375
842.5207178592682,2,1617.0,8507.5,53037.5859375
843.5287404060364,2,686.8,8397.95703125,53037.5859375
844.5421423912048,2,1303.5,8147.57421875,53037.5859375
845.5503444671631,2,2534.5,9401.13671875,53037.5859375
846.5613358020782,2,4457.8,10922.9921875,53037.5859375
847.5809700489044,2,4582.5,12234.96484375,53037.5859375
848.595342874527,2,4496.6,13666.484375,53037.5859375
849.6063511371613,2,3704.0,13938.3671875,53037.5859375
850.6306779384613,2,3390.5,14447.33984375,53037.5859375
851.6396760940552,2,2357.3,14271.4453125,53037.5859375
852.6501483917236,2,3567.8,14367.7265625,53037.5859375
853.6593332290649,2,801.8,8956.984375,53037.5859375
854.6762664318085,2,1384.9,8588.57421875,53037.5859375
855.684873342514,2,866.8,8374.8203125,53037.5859375
856.6932957172394,2,1348.2,8150.9921875,53037.5859375
857.712893486023,2,3582.0,10735.80078125,53037.5859375
858.7313418388367,2,4500.3,12009.109375,53037.5859375
859.7510199546814,2,4500.1,13253.12109375,53037.5859375
860.7698795795441,2,3941.7,13916.9296875,53037.5859375
861.7822887897491,2,3995.8,13840.12109375,53037.5859375
862.7910342216492,2,2580.3,14105.1171875,53037.5859375
863.7983288764954,2,2699.2,14035.65234375,53037.5859375
864.809118270874,2,2195.4,7649.9453125,53037.5859375
865.8165097236633,2,1616.1,9651.01171875,53037.5859375
866.8251392841339,2,598.5,8581.83984375,53037.5859375
867.8326287269592,2,1309.9,8305.1953125,53037.5859375
868.8411500453949,2,2425.4,9063.48828125,53037.5859375
869.8493354320526,2,3892.9,11479.0546875,53037.5859375
870.862218618393,2,4554.8,13193.05078125,53037.5859375
871.8861079216003,2,4361.2,14129.9609375,53037.5859375
872.9123384952545,2,4354.8,14949.81640625,53037.5859375
873.9283483028412,2,3489.7,15300.44921875,53037.5859375
874.9526224136353,2,4020.6,15885.34765625,53037.5859375
875.9706914424896,2,2354.6,16253.7421875,53037.5859375
876.9770908355713,2,2126.0,16184.3828125,53037.5859375
877.9871804714203,2,3316.4,16582.11328125,53037.5859375
878.9953610897064,2,586.4,8131.66015625,53037.5859375
880.0031023025513,2,1703.4,9073.01953125,53037.5859375
881.0100245475769,2,630.1,8335.44921875,53037.5859375
882.0176599025726,2,1264.5,8136.078125,53037.5859375
883.026095867157,2,2134.5,9305.77734375,53037.5859375
884.0383358001709,2,4445.1,10788.953125,53037.5859375
885.0569643974304,2,4593.5,12187.30078125,53037.5859375
886.0693831443787,2,4227.5,13450.4296875,53037.5859375
887.0831198692322,2,3693.2,13618.3671875,53037.5859375
888.093186378479,2,3092.4,14071.77734375,53037.5859375
889.1010229587555,2,2169.6,14055.3828125,53037.5859375
890.1109764575958,2,3020.8,14200.5,53037.5859375
891.1189203262329,2,1752.9,9452.3203125,53037.5859375
892.1263530254364,2,413.7,8812.68359375,53037.5859375
893.1343383789062,2,1630.3,8604.984375,53037.5859375
894.1943325996399,2,3226.0,11879.6640625,53037.5859375
895.2123444080353,2,4608.3,13020.8203125,53037.5859375
896.2337973117828,2,4497.0,14113.08203125,53037.5859375
897.2523646354675,2,4166.8,15013.5546875,53037.5859375
898.2923409938812,2,4389.4,14151.87109375,53037.5859375
899.3043386936188,2,3099.2,14626.91015625,53037.5859375
900.3227827548981,2,2504.0,14356.03125,53037.5859375
901.3302643299103,2,2971.4,14550.78125,53037.5859375
902.3397319316864,2,1770.2,9419.27734375,53037.5859375
903.3478817939758,2,889.5,8723.87890625,53037.5859375
904.3562896251678,2,1546.5,10457.20703125,53037.5859375
905.364385843277,2,3450.3,13501.45703125,53037.5859375
906.3983409404755,2,4608.7,14215.1484375,53037.5859375
907.4172422885895,2,4312.7,13642.85546875,53037.5859375
908.4255454540253,2,4232.3,15059.71484375,53037.5859375
909.4353892803192,2,4432.0,15859.5703125,53037.5859375
910.4713802337646,2,4660.6,15770.984375,53037.5859375
911.5073347091675,2,4290.3,15078.52734375,53037.5859375
912.5183460712433,2,2968.5,15462.02734375,53037.5859375
913.5377449989319,2,2985.0,15462.734375,53037.5859375
914.5477302074432,2,1373.2,8134.07421875,53037.5859375
915.555454492569,2,1767.1,9238.14453125,53037.5859375
916.56276512146,2,1085.1,8492.7890625,53037.5859375
917.5700969696045,2,2381.3,10647.42578125,53037.5859375
918.5981452465057,2,4527.9,12361.37109375,53037.5859375
919.6163754463196,2,4545.5,13355.7578125,53037.5859375
920.6273436546326,2,4203.9,14599.84765625,53037.5859375
921.6373810768127,2,4356.6,15400.8125,53037.5859375
922.6726500988007,2,4114.3,14718.01171875,53037.5859375
923.6833357810974,2,2960.7,15059.34375,53037.5859375
924.6973342895508,2,2511.3,14959.84375,53037.5859375
925.7080416679382,2,2140.8,7594.6015625,53037.5859375
926.715409040451,2,1715.7,9658.49609375,53037.5859375
927.7239010334015,2,1140.9,8449.9765625,53037.5859375
928.742949962616,2,2806.5,11233.20703125,53037.5859375
929.7607665061951,2,4480.9,12314.35546875,53037.5859375
930.7713372707367,2,4520.8,13857.28125,53037.5859375
931.7888140678406,2,4177.9,14693.015625,53037.5859375
932.8283560276031,2,4391.0,13860.67578125,53037.5859375
933.8453388214111,2,3124.2,14325.40625,53037.5859375
934.8635506629944,2,2616.4,14232.51171875,53037.5859375
935.8739445209503,2,2649.0,9295.59375,53037.5859375
936.8811678886414,2,1742.7,9252.859375,53037.5859375
937.8899669647217,2,819.4,8604.0078125,53037.5859375
938.898072719574,2,1644.9,10424.78125,53037.5859375
939.9063351154327,2,4448.7,12314.58984375,53037.5859375
940.9236936569214,2,4591.0,14046.25390625,53037.5859375
941.9363458156586,2,4488.9,14331.9453125,53037.5859375
942.9523885250092,2,4175.8,15142.07421875,53037.5859375
943.9881167411804,2,4009.0,14313.21484375,53037.5859375
944.998336315155,2,3089.8,14779.359375,53037.5859375
946.0193421840668,2,2566.4,14710.609375,53037.5859375
947.0294156074524,2,2257.3,7886.75,53037.5859375
948.0384781360626,2,1745.2,10090.75390625,53037.5859375
949.0457742214203,2,888.9,8864.1484375,53037.5859375
950.0549514293671,2,1483.9,11646.2890625,53037.5859375
951.0643422603607,2,4319.1,14273.19921875,53037.5859375
952.0824959278107,2,4641.5,14457.28515625,53037.5859375
953.0943484306335,2,4605.2,14056.296875,53037.5859375
954.118959903717,2,4118.2,15241.34765625,53037.5859375
955.1283762454987,2,4648.5,15987.58984375,53037.5859375
956.1685223579407,2,4656.3,15940.40234375,53037.5859375
957.2104525566101,2,4111.5,15444.5546875,53037.5859375
958.2197470664978,2,2786.6,15618.58203125,53037.5859375
959.2303352355957,2,3296.1,15712.06640625,53037.5859375
960.2454631328583,2,696.7,9064.55859375,53037.5859375
961.2529797554016,2,1660.9,8761.8203125,53037.5859375
962.2597494125366,2,1188.6,8577.1484375,53037.5859375
963.2743871212006,2,2545.7,11983.73828125,53037.5859375
964.2960770130157,2,4503.5,14312.11328125,53037.5859375
965.3143439292908,2,4657.6,15153.4609375,53037.5859375
966.3353354930878,2,4379.4,15200.88671875,53037.5859375
967.3493800163269,2,4173.8,16071.796875,53037.5859375
968.3887543678284,2,4691.4,16009.49609375,53037.5859375
969.4240446090698,2,4763.9,15578.31640625,53037.5859375
970.4418656826019,2,3174.8,15715.43359375,53037.5859375
971.4515781402588,2,2799.1,15648.62890625,53037.5859375
972.4604585170746,2,2874.4,15881.45703125,53037.5859375
973.4692063331604,2,1851.4,8464.05859375,53037.5859375
974.4776103496552,2,2999.6,8539.53515625,53037.5859375
975.4834668636322,2,2151.7,8901.265625,53037.5859375
976.4905297756195,2,619.3,7859.67578125,52844.73828125
977.4983372688293,2,2519.3,8549.5390625,52844.73828125
978.5194909572601,2,3155.6,11338.2734375,52844.73828125
979.5377759933472,2,4562.5,14278.7734375,60052.73828125
980.5603585243225,2,4524.5,13627.50390625,60052.73828125
981.5739150047302,2,4300.9,15315.578125,60052.73828125
982.5922300815582,2,3173.7,15564.28515625,60052.73828125
983.5990886688232,2,3430.3,15870.06640625,60052.73828125
984.6087729930878,2,2885.7,16873.76953125,60052.73828125
985.6193385124207,2,1821.7,16724.84765625,60052.73828125
986.6303367614746,2,3064.5,16948.04296875,60052.73828125
987.6409292221069,2,1850.8,17263.515625,60052.73828125
988.6468553543091,2,697.9,8301.16015625,60052.73828125
989.654333114624,2,2067.9,8877.36328125,60052.73828125
990.6983435153961,2,3099.8,11788.3125,60052.73828125
991.7141041755676,2,4372.2,13040.08203125,60052.73828125
992.7333450317383,2,4613.5,16870.375,68244.73828125
993.7582774162292,2,4615.2,22461.109375,68292.73828125
994.7816355228424,2,4336.8,17550.10546875,68292.73828125
995.7953441143036,2,4450.2,18925.125,68292.73828125
996.8136394023895,2,3952.5,19196.6171875,68292.73828125
997.8233528137207,2,3570.2,19597.53515625,68292.73828125
998.8497984409332,2,3452.8,19813.484375,68292.73828125
999.8604826927185,2,3983.1,20872.484375,68292.73828125
1000.8678753376007,2,1615.6,21047.41796875,68292.73828125
1001.8755896091461,2,1782.1,21042.23046875,68292.73828125
1002.8863425254822,2,2196.7,21338.88671875,68292.73828125
1003.8968098163605,2,4112.0,21459.5625,68292.73828125
1004.9051780700684,2,671.6,8392.484375,70340.75390625
1005.9132504463196,2,957.7,8743.9765625,68292.73828125
1006.9209721088409,2,2621.9,10561.73046875,68292.73828125
1007.9313354492188,2,4473.6,12520.62109375,68292.73828125
1008.9493479728699,2,4487.0,15332.43359375,68292.73828125
1009.9736275672913,2,4668.8,20464.76171875,68292.73828125
1010.9943661689758,2,4438.7,17166.87890625,68292.73828125
1012.012344121933,2,4449.3,18322.546875,68292.73828125
1013.0315754413605,2,3667.6,18736.734375,68292.73828125
1014.0413501262665,2,3949.8,18907.26953125,68292.73828125
1015.0663397312164,2,3485.2,19203.8671875,68292.73828125
1016.0888857841492,2,3093.8,20228.71484375,68292.73828125
1017.1010255813599,2,1515.6,20160.08984375,68292.73828125
1018.1083889007568,2,1636.4,20176.4140625,68292.73828125
1019.1171553134918,2,3999.3,20284.5703125,68292.73828125
1020.1270055770874,2,1799.6,20668.96484375,68292.73828125
1021.1342854499817,2,741.4,8260.875,68292.73828125
1022.1418607234955,2,2622.3,8707.7890625,68292.73828125
1023.1999025344849,2,3152.7,12201.1953125,68292.73828125
1024.21133518219,2,4354.4,13228.59375,68292.73828125
1025.2311432361603,2,4654.7,18575.35546875,68292.73828125
1026.2563388347626,2,4511.5,15118.42578125,68292.73828125
1027.2672259807587,2,4381.4,18281.5859375,68292.73828125
1028.2863371372223,2,4553.2,18476.23046875,68292.73828125
1029.304345369339,2,3078.5,18874.14453125,68292.73828125
1030.3243427276611,2,3711.6,18968.046875,68292.73828125
1031.3423371315002,2,4099.1,20150.43359375,68292.73828125
1032.3626799583435,2,1643.5,20154.12109375,68292.73828125
1033.369564294815,2,1750.3,20100.5390625,68292.73828125
1034.3783416748047,2,2675.8,20277.58984375,68292.73828125
1035.388753414154,2,3156.0,20519.7109375,68292.73828125
1036.3959181308746,2,606.5,7568.58984375,68292.73828125
1037.403335571289,2,1589.2,8699.26953125,68292.73828125
1038.447343826294,2,3189.1,11491.5,68292.73828125
1039.4643349647522,2,4359.3,12679.06640625,68292.73828125
1040.4823434352875,2,4617.8,16722.61328125,68292.73828125
1041.5023398399353,2,4680.6,20764.18359375,68292.73828125
1042.5233540534973,2,4444.4,17772.0390625,68292.73828125
1043.5383505821228,2,4352.7,18411.375,68292.73828125
1044.558357000351,2,3624.4,18661.04296875,68292.73828125
1045.5863449573517,2,3541.8,18981.0,68292.73828125
1046.6060154438019,2,4161.7,19740.15234375,68292.73828125
1047.6163756847382,2,2073.9,20248.53515625,68292.73828125
1048.6249461174011,2,1759.1,20222.08984375,68292.73828125
1049.6343355178833,2,1799.5,20202.38671875,68292.73828125
1050.6443402767181,2,4466.2,20449.6484375,68292.73828125
1051.65354514122,2,694.1,7836.53515625,70340.75390625
1052.6618995666504,2,705.0,8920.8203125,68292.73828125
1053.6693348884583,2,2119.5,9495.23828125,68292.73828125
1054.7233836650848,2,2830.8,12819.69140625,68292.73828125
1055.7563343048096,2,4486.2,14359.5,68292.73828125
1056.7743427753448,2,4473.4,16548.03515625,68292.73828125
1057.7984673976898,2,4659.0,21203.46875,68292.73828125
1058.825073003769,2,4581.0,20803.09765625,78532.73828125
1059.84495139122,2,4418.9,19829.66796875,78532.73828125
1060.8573441505432,2,4372.1,20603.02734375,78532.73828125
1061.8759224414825,2,3615.2,20886.89453125,78532.73828125
1062.8953502178192,2,3455.0,21009.078125,78532.73828125
1063.9205253124237,2,3499.6,21223.140625,78532.73828125
1064.9287130832672,2,4352.5,22145.12109375,78532.73828125
1065.947707414627,2,1879.5,22558.1171875,78532.73828125
1066.9544854164124,2,1735.8,22524.421875,78532.73828125
1067.9643437862396,2,1384.6,22438.57421875,78532.73828125
1068.9763402938843,2,4391.3,22714.78515625,78532.73828125
1070.0042128562927,2,1686.5,23094.33984375,78532.73828125
1071.0103080272675,2,573.1,8383.7734375,78532.73828125
1072.0193333625793,2,1133.1,9512.69140625,78532.73828125
1073.0682668685913,2,3063.2,11490.43359375,78532.73828125
1074.077336549759,2,4169.7,14368.125,78532.73828125
1075.0953464508057,2,4479.9,14605.015625,78532.73828125
1076.1053447723389,2,4631.8,19358.3515625,78532.73828125
1077.1253402233124,2,4670.4,25197.70703125,78532.73828125
1078.1578555107117,2,4383.5,19066.09375,78532.73828125
1079.182343006134,2,4471.7,20479.05078125,78532.73828125
1080.2014853954315,2,4336.7,20686.64453125,78532.73828125
1081.212515592575,2,3146.1,20859.609375,78532.73828125
1082.2203464508057,2,3370.0,21232.9453125,78532.73828125
1083.2452042102814,2,4078.8,21730.49609375,78532.73828125
1084.253334760666,2,2598.3,22600.14453125,78532.73828125
1085.2614259719849,2,1647.2,22513.125,78532.73828125
1086.2680835723877,2,1764.3,22538.078125,78532.73828125
1087.2763392925262,2,3269.3,22807.30078125,78532.73828125
1088.2906992435455,2,2890.8,22959.4140625,78532.73828125
1089.2983601093292,2,589.3,7748.76171875,78532.73828125
1090.306336402893,2,1064.0,9250.859375,78532.73828125
1091.3138988018036,2,3432.2,9528.546875,78532.73828125
1092.3583452701569,2,2727.3,13460.59765625,78532.73828125
1093.3718872070312,2,4280.4,14592.8125,78532.73828125
1094.3897466659546,2,4614.6,18071.09375,78532.73828125
1095.4143407344818,2,4669.6,23242.88671875,78532.73828125
1096.4343464374542,2,4473.0,17071.8984375,78532.73828125
1097.452335357666,2,4414.7,20452.6640625,78532.73828125
1098.4726688861847,2,4478.1,20650.98046875,78532.73828125
1099.489849805832,2,3347.5,20849.41796875,78532.73828125
1100.498301267624,2,3590.1,20913.34375,78532.73828125
1101.5082790851593,2,3614.2,21370.30078125,78532.73828125
1102.5185656547546,2,3688.1,22632.48828125,78532.73828125
1103.52711892128,2,1615.4,22480.3125,78532.73828125
1104.534852027893,2,1792.3,22509.63671875,78532.73828125
1105.5433344841003,2,2359.0,22748.28515625,78532.73828125
1106.561836719513,2,4048.8,22875.27734375,78532.73828125
1107.5693740844727,2,647.9,8466.16796875,80580.75390625
1108.577159166336,2,872.7,9092.82421875,78532.73828125
1109.5833344459534,2,2512.5,9494.1171875,78532.73828125
1110.6283366680145,2,2767.9,12817.8046875,78532.73828125
1111.6463387012482,2,4413.0,14479.69921875,78532.73828125
1112.6636791229248,2,4545.1,17055.64453125,78532.73828125
1113.6896953582764,2,4667.7,22120.96875,78532.73828125
1114.7114748954773,2,4603.4,18968.37890625,78532.73828125
1115.7275660037994,2,4439.0,20231.74609375,78532.73828125
1116.7423372268677,2,4362.0,20611.4921875,78532.73828125
1117.7613093852997,2,3360.9,20892.8046875,78532.73828125
1118.7687332630157,2,3683.8,21156.32421875,78532.73828125
1119.7885522842407,2,3483.4,21262.05859375,78532.73828125
1120.7986159324646,2,4390.0,22288.9765625,78532.73828125
1121.8053269386292,2,1659.8,22653.96875,78532.73828125
1122.8120777606964,2,1858.9,22663.03515625,78532.73828125
1123.8293352127075,2,1684.0,22705.625,78532.73828125
1124.8471474647522,2,4578.4,22639.90625,78532.73828125
1125.85751247406,2,1093.6,23100.87890625,78532.73828125
1126.8678636550903,2,616.4,8718.09765625,78532.73828125
1127.8752100467682,2,1662.2,9521.5859375,78532.73828125
1128.9237778186798,2,2806.0,11977.57421875,78532.73828125
1129.9349036216736,2,4471.7,14351.50390625,78532.73828125
1130.9528496265411,2,4473.9,15976.46484375,78532.73828125
1131.9783370494843,2,4658.6,20895.81640625,78532.73828125
1133.0029809474945,2,4603.1,23584.8046875,78532.73828125
1134.0173478126526,2,4394.6,19308.48828125,78532.73828125
1135.0363466739655,2,4498.6,20467.2265625,78532.73828125
1136.0589745044708,2,3794.9,20789.6171875,78532.73828125
1137.0732967853546,2,3044.6,21053.14453125,78532.73828125
1138.0967304706573,2,3574.3,21243.859375,78532.73828125
1139.1135065555573,2,4013.7,22007.12890625,78532.73828125
1140.1343548297882,2,2516.1,22609.5,78532.73828125
1141.1531958580017,2,1759.9,22614.5859375,78532.73828125
1142.161336183548,2,1580.2,22491.08203125,78532.73828125
1143.1753368377686,2,4067.1,22748.6953125,78532.73828125
1144.1855056285858,2,2041.4,23073.94140625,78532.73828125
1145.1934623718262,2,573.0,8219.77734375,78532.73828125
1146.2005951404572,2,923.3,9280.87890625,78532.73828125
1147.2089319229126,2,3515.6,10491.515625,78532.73828125
1148.2177684307098,2,2678.9,14245.5703125,78532.73828125
1149.2252323627472,2,4175.8,15836.11328125,78532.73828125
1150.2443442344666,2,4463.4,16927.29296875,78532.73828125
1151.2643365859985,2,4661.9,21601.6328125,78532.73828125
1152.2853388786316,2,4620.1,27111.9375,78532.73828125
1153.3095955848694,2,4548.8,28662.4296875,78588.73828125
1154.329349040985,2,4327.8,22052.38671875,78588.73828125
1155.3563358783722,2,4286.3,24911.546875,78588.73828125
1156.3753380775452,2,4494.2,25103.8984375,78588.73828125
1157.3933453559875,2,4528.9,25298.484375,78588.73828125
1158.409656047821,2,3267.3,25556.609375,78588.73828125
1159.418352842331,2,4034.4,25964.3046875,78588.73828125
1160.4433362483978,2,3247.2,25931.47265625,78588.73828125
1161.460149526596,2,3771.9,27296.2578125,78588.73828125
1162.4683375358582,2,3010.7,28358.078125,78588.73828125
1163.4810523986816,2,1582.4,28376.5703125,78588.73828125
1164.4893333911896,2,1963.3,28308.6875,78588.73828125
1165.4974691867828,2,1290.6,28280.328125,78588.73828125
1166.5039501190186,2,3997.0,28909.3984375,78588.73828125
1167.5141501426697,2,3112.1,29373.65234375,78588.73828125
1168.5219922065735,2,723.7,29645.81640625,78588.73828125
1169.5292854309082,2,578.6,7987.40625,78588.73828125
1170.5368974208832,2,2413.9,8729.97265625,78588.73828125
1171.5433354377747,2,3407.5,11462.953125,78588.73828125
1172.5613446235657,2,4619.6,15063.5234375,78588.73828125
1173.5873413085938,2,4546.3,14617.6484375,78588.73828125
1174.6037411689758,2,4267.5,15332.3828125,78588.73828125
1175.6136486530304,2,3058.2,15632.88671875,78588.73828125
1176.6219851970673,2,3719.3,16423.1171875,78588.73828125
1177.6400015354156,2,1786.8,16848.83984375,78588.73828125
1178.6483368873596,2,1592.9,17006.2421875,78588.73828125
1179.663123369217,2,3701.3,17242.55859375,78588.73828125
1180.6732234954834,2,623.5,9429.73828125,80636.75390625
1181.6813344955444,2,1606.5,8887.6875,78588.73828125
1182.7113358974457,2,3413.6,11548.609375,78588.73828125
1183.7286927700043,2,4548.2,14039.75390625,78588.73828125
1184.748233795166,2,4523.6,13632.91796875,78588.73828125
1185.7633368968964,2,4319.3,15269.7109375,78588.73828125
1186.7813398838043,2,3250.4,15533.23828125,78588.73828125
1187.8063342571259,2,3783.1,16125.546875,78588.73828125
1188.8238713741302,2,2284.0,16680.76171875,78588.73828125
1189.836055278778,2,1625.4,16616.30859375,78588.73828125
1190.8425385951996,2,3896.2,17020.46484375,78588.73828125
1191.8496656417847,2,668.5,8339.51171875,80636.75390625
1192.860337972641,2,854.4,9296.1875,78588.73828125
1193.8863322734833,2,2413.7,9686.90625,78588.73828125
1194.9342076778412,2,2396.4,13393.015625,78588.73828125
1195.9513337612152,2,4354.3,15584.3125,78588.73828125
1196.969345331192,2,4408.8,16062.0390625,78588.73828125
1197.9893465042114,2,4593.8,20385.7578125,78588.73828125
1199.0092685222626,2,4644.7,25205.640625,78588.73828125
1200.0343418121338,2,4485.0,30157.03515625,78588.73828125
1201.0539419651031,2,4295.7,20449.21875,78588.73828125
1202.0787770748138,2,4300.2,24617.11328125,78588.73828125
1203.0903367996216,2,4615.7,24637.73046875,78588.73828125
1204.1176238059998,2,4371.2,25072.5078125,78588.73828125
1205.1363503932953,2,3549.0,25295.92578125,78588.73828125
1206.1633517742157,2,3713.4,25739.22265625,78588.73828125
1207.189344406128,2,3441.3,25730.26171875,78588.73828125
1208.2092378139496,2,4274.5,27050.63671875,78588.73828125
1209.2175619602203,2,2986.7,28152.00390625,78588.73828125
1210.2297976016998,2,1574.3,28166.25390625,78588.73828125
1211.2404232025146,2,1927.9,28166.18359375,78588.73828125
1212.2533476352692,2,1256.0,28121.828125,78588.73828125
1213.265337228775,2,4044.9,28622.45703125,78588.73828125
1214.281060218811,2,2963.1,29249.37890625,78588.73828125
1215.2882347106934,2,718.3,29527.78125,78588.73828125
1216.296083688736,2,474.6,8022.12109375,78588.73828125
1217.3033657073975,2,1053.6,9120.18359375,78588.73828125
1218.310340166092,2,2863.9,11717.28515625,78588.73828125
1219.3203375339508,2,4458.7,14128.93359375,78588.73828125
1220.3393428325653,2,4470.4,15885.76953125,78588.73828125
1221.3655495643616,2,4657.1,20477.78125,78588.73828125
1222.3894522190094,2,4502.7,20448.859375,78588.73828125
1223.4133360385895,2,4401.5,19780.984375,78588.73828125
1224.427336215973,2,4354.8,20314.55078125,78588.73828125
1225.4400444030762,2,3480.8,20539.71484375,78588.73828125
1226.4541478157043,2,4107.8,20729.33203125,78588.73828125
1227.479335308075,2,3587.6,20988.81640625,78588.73828125
1228.489592075348,2,3494.6,22145.2265625,78588.73828125
1229.4973497390747,2,1534.6,22069.046875,78588.73828125
1230.5053460597992,2,1824.7,21927.8671875,78588.73828125
1231.513343334198,2,2884.5,22161.78515625,78588.73828125
1232.5234742164612,2,3089.5,22389.52734375,78588.73828125
1233.5312869548798,2,567.7,7851.828125,78588.73828125
1234.5389437675476,2,880.5,9885.0078125,78588.73828125
1235.5493319034576,2,2307.5,10054.79296875,78588.73828125
1236.5924003124237,2,2380.3,12933.02734375,78588.73828125
1237.6097111701965,2,4552.1,15747.7734375,78588.73828125
1238.6163363456726,2,4210.9,16569.125,78588.73828125
1239.6348340511322,2,4536.3,19890.8671875,78588.73828125
1240.660340309143,2,4666.3,24124.08203125,78588.73828125
1241.6847398281097,2,4670.4,29422.15625,78588.73828125
1242.709643125534,2,4506.0,20011.24609375,78588.73828125
1243.7183718681335,2,4328.0,23840.3828125,78588.73828125
1244.7443389892578,2,4312.6,25493.76171875,78588.73828125
1245.7633380889893,2,4462.9,25647.3046875,78588.73828125
1246.7819285392761,2,3692.3,25920.421875,78588.73828125
1247.7895722389221,2,3206.2,26223.29296875,78588.73828125
1248.797351360321,2,4517.2,26418.125,78588.73828125
1249.8223345279694,2,3219.6,26513.63671875,78588.73828125
1250.833336353302,2,4277.3,27850.546875,78588.73828125
1251.8509063720703,2,2459.8,28886.80078125,78588.73828125
1252.8583397865295,2,1685.6,28825.37109375,78588.73828125
1253.8658401966095,2,1892.5,28814.26953125,78588.73828125
1254.8824791908264,2,1252.8,28862.875,78588.73828125
1255.8913397789001,2,3763.2,29545.01953125,78588.73828125
1256.9099972248077,2,3811.1,29846.15625,78588.73828125
1257.9174590110779,2,565.2,30115.12109375,78588.73828125
1258.9260375499725,2,610.2,9408.828125,80636.75390625
1259.9338805675507,2,913.6,9529.48828125,78588.73828125
1260.942332983017,2,2536.0,9767.578125,78588.73828125
1261.98890209198,2,2394.8,12949.6328125,78588.73828125
1263.0023407936096,2,4334.8,15748.1640625,78588.73828125
1264.020343542099,2,4367.7,16229.70703125,78588.73828125
1265.0403592586517,2,4598.8,20671.39453125,78588.73828125
1266.065081834793,2,4668.4,26283.203125,78588.73828125
1267.0896046161652,2,4669.1,31110.78125,90876.73828125
1268.1143445968628,2,4401.4,20707.20703125,90876.73828125
1269.139478445053,2,4300.9,24931.7265625,90876.73828125
1270.1483426094055,2,4589.3,24999.10546875,90876.73828125
1271.167560338974,2,4267.1,25430.98828125,90876.73828125
1272.186351299286,2,3581.4,25638.50390625,90876.73828125
1273.212599992752,2,3681.2,26031.74609375,90876.73828125
1274.238350868225,2,3671.5,25903.22265625,90876.73828125
1275.246337890625,2,4159.8,27075.80859375,90876.73828125
1276.2637917995453,2,3151.5,28405.29296875,90876.73828125
1277.2720930576324,2,1587.7,28251.7265625,90876.73828125
1278.287990808487,2,1895.8,28237.3203125,90876.73828125
1279.295040845871,2,1309.8,28325.453125,90876.73828125
1280.3027031421661,2,3592.3,28974.1640625,90876.73828125
1281.3545551300049,2,3539.2,29281.74609375,90876.73828125
1282.3628389835358,2,556.5,29526.296875,90876.73828125
1283.3709273338318,2,587.1,7725.2890625,90876.73828125
1284.3792071342468,2,1016.0,9494.75,90876.73828125
1285.3893368244171,2,2789.0,9733.5859375,90876.73828125
1286.430343389511,2,2394.1,13489.96875,90876.73828125
1287.4533002376556,2,4333.0,15721.47265625,90876.73828125
1288.4713428020477,2,4381.7,16195.45703125,90876.73828125
1289.4913449287415,2,4614.1,20484.34375,90876.73828125
1290.511340379715,2,4664.3,25370.3984375,90876.73828125
1291.5363445281982,2,4688.7,29340.3828125,90876.73828125
1292.5543420314789,2,4085.1,20645.3359375,90876.73828125
1293.578759431839,2,4474.2,24606.54296875,90876.73828125
1294.5883421897888,2,4404.7,24936.95703125,90876.73828125
1295.6083359718323,2,4284.9,25361.9140625,90876.73828125
1296.6263580322266,2,3647.1,25606.46484375,90876.73828125
1297.652526140213,2,3665.8,25986.75,90876.73828125
1298.6773438453674,2,3721.3,25920.02734375,90876.73828125
1299.6913363933563,2,4099.4,27171.3203125,90876.73828125
1300.7088117599487,2,3163.4,28520.47265625,90876.73828125
1301.7173433303833,2,1585.8,28436.203125,90876.73828125
1302.7263369560242,2,1900.3,28306.40234375,90876.73828125
1303.7387590408325,2,1339.3,28384.19921875,90876.73828125
1304.7483382225037,2,3587.6,29030.71875,90876.73828125
1305.7657895088196,2,3648.5,29305.91796875,90876.73828125
1306.7751512527466,2,561.7,29543.546875,90876.73828125
1307.7828567028046,2,580.8,7663.2890625,92924.75390625
1308.790009021759,2,951.7,9374.5,90876.73828125
1309.7973418235779,2,3252.1,9669.66796875,90876.73828125
1310.8535695075989,2,2448.9,14007.3125,90876.73828125
1311.8803343772888,2,4199.2,15908.71484375,90876.73828125
1312.8993463516235,2,4473.8,16776.55859375,90876.73828125
1313.9239437580109,2,4661.6,21483.28125,90876.73828125
1314.9473388195038,2,4670.5,26718.33203125,90876.73828125
1315.966933965683,2,4672.0,28669.1953125,90876.73828125
1316.9923722743988,2,4313.8,23128.74609375,90876.73828125
1318.0223343372345,2,4308.9,24776.5390625,90876.73828125
1319.0403344631195,2,4473.8,24985.27734375,90876.73828125
1320.0577833652496,2,4276.1,25240.75390625,90876.73828125
1321.0660254955292,2,3284.3,25677.74609375,90876.73828125
1322.0743494033813,2,4254.3,25837.4375,90876.73828125
1323.0993337631226,2,3396.7,25958.94921875,90876.73828125
1324.10959482193,2,4272.8,27267.65234375,90876.73828125
1325.12761759758,2,2283.1,28329.58203125,90876.73828125
1326.1363315582275,2,1693.6,28257.30078125,90876.73828125
1327.1430342197418,2,2048.2,28284.4453125,90876.73828125
1328.1513361930847,2,1578.4,28383.63671875,90876.73828125
1329.1648762226105,2,4451.0,28995.234375,90876.73828125
1330.179599761963,2,2050.9,29372.7578125,90876.73828125
1331.1873717308044,2,752.8,29680.21484375,90876.73828125
1332.1955761909485,2,493.5,8543.1328125,90876.73828125
1333.2027122974396,2,898.1,10067.78125,90876.73828125
1334.2113420963287,2,2964.2,10182.6875,90876.73828125
1335.2613384723663,2,2221.6,13370.71875,90876.73828125
1336.273342847824,2,4589.9,16064.55078125,90876.73828125
1337.2943346500397,2,4179.6,16955.5703125,90876.73828125
1338.3133420944214,2,4536.8,19529.8125,90876.73828125
1339.3382470607758,2,4655.2,23744.0625,90876.73828125
1340.363338470459,2,4711.2,29231.42578125,90876.73828125
1341.3843569755554,2,4505.4,25139.83203125,90876.73828125
1342.397982120514,2,4326.3,24564.515625,90876.73828125
1343.424774646759,2,4231.7,26257.0390625,90876.73828125
1344.4433336257935,2,4467.1,26427.68359375,90876.73828125
1345.4619381427765,2,4389.2,26549.6875,90876.73828125
1346.4703533649445,2,2773.1,26810.59375,90876.73828125
1347.4962575435638,2,3418.2,27135.95703125,90876.73828125
1348.519728899002,2,3753.0,26968.23046875,90876.73828125
1349.5303375720978,2,4207.8,27724.54296875,90876.73828125
1350.5413467884064,2,3517.9,29300.73046875,90876.73828125
1351.5512828826904,2,1760.0,29513.78125,90876.73828125
1352.5593371391296,2,1632.3,29411.6796875,90876.73828125
1353.5744066238403,2,1934.9,29499.58203125,90876.73828125
1354.5823364257812,2,1789.9,29550.12109375,90876.73828125
1355.6107892990112,2,4467.4,29942.1328125,90876.73828125
1356.6231696605682,2,2450.1,30517.21484375,90876.73828125
1357.6306865215302,2,649.1,30810.6484375,90876.73828125
1358.6383337974548,2,671.9,8054.98828125,90876.73828125
1359.6459574699402,2,2472.7,8846.73046875,90876.73828125
1360.654343366623,2,3574.2,11393.390625,90876.73828125
1361.66987991333,2,4596.9,15589.7578125,90876.73828125
1362.6946511268616,2,4515.6,14714.203125,90876.73828125
1363.7063431739807,2,3948.6,15344.87109375,90876.73828125
1364.7255687713623,2,3422.5,15491.4921875,90876.73828125
1365.7343361377716,2,3696.8,16705.5390625,90876.73828125
1366.742336511612,2,1582.1,16657.5859375,90876.73828125
1367.7513356208801,2,2757.8,16799.9609375,90876.73828125
1368.7658660411835,2,2004.7,17130.375,90876.73828125
1369.7732696533203,2,863.6,8531.82421875,90876.73828125
1370.7808146476746,2,2259.6,9916.046875,90876.73828125
1371.7888338565826,2,4236.9,11584.1328125,90876.73828125
1372.8073437213898,2,4629.1,16212.0390625,90876.73828125
1373.8343505859375,2,4263.5,14949.7265625,90876.73828125
1374.8529658317566,2,3834.3,15119.6484375,90876.73828125
1375.860342502594,2,3484.3,15313.01953125,90876.73828125
1376.884118795395,2,3471.8,16460.796875,90876.73828125
1377.8916897773743,2,1621.1,16307.859375,90876.73828125
1378.8983371257782,2,2832.5,16476.84765625,90876.73828125
1379.9126269817352,2,1884.9,16855.109375,90876.73828125
1380.9194595813751,2,513.0,8562.5,90876.73828125
1381.9291920661926,2,911.4,10050.4921875,90876.73828125
1382.9383344650269,2,3138.8,10148.53515625,90876.73828125
1383.9883363246918,2,2277.2,13427.56640625,90876.73828125
1385.004338502884,2,4289.3,16520.33984375,90876.73828125
1386.0217492580414,2,4368.0,16965.28125,90876.73828125
1387.039853811264,2,4564.0,20076.93359375,90876.73828125
1388.0653445720673,2,4636.5,24749.875,90876.73828125
1389.0896327495575,2,4661.1,30132.12109375,90876.73828125
1390.1138336658478,2,4632.4,23137.25,90876.73828125
1391.1333692073822,2,4344.7,24434.14453125,90876.73828125
1392.1633260250092,2,4277.0,26158.6953125,90876.73828125
1393.1813356876373,2,4466.8,26318.671875,90876.73828125
1394.199722290039,2,4100.0,26596.92578125,90876.73828125
1395.211350440979,2,3115.5,26761.9453125,90876.73828125
1396.2293486595154,2,3652.4,27184.65625,90876.73828125
1397.254435300827,2,3464.6,27132.328125,90876.73828125
1398.261367559433,2,4417.5,28019.23046875,90876.73828125
1399.2686507701874,2,3296.8,29646.61328125,90876.73828125
1400.2793381214142,2,1575.6,29719.40234375,90876.73828125
1401.2958838939667,2,1528.0,29679.58203125,90876.73828125
1402.3136141300201,2,2003.6,29458.48046875,90876.73828125
1403.3216998577118,2,1956.0,29951.4609375,90876.73828125
1404.3333368301392,2,4682.4,30132.71875,90876.73828125
1405.3508529663086,2,1933.3,30510.50390625,90876.73828125
1406.3583409786224,2,774.5,30854.87890625,90876.73828125
1407.3654398918152,2,496.4,8463.375,90876.73828125
1408.3727922439575,2,872.2,9614.8203125,90876.73828125
1409.3823335170746,2,3850.2,9819.47265625,90876.73828125
1410.408341884613,2,2385.2,14105.88671875,90876.73828125
1411.4370160102844,2,4209.1,16055.0390625,90876.73828125
1412.4548087120056,2,4456.5,16866.41015625,90876.73828125
1413.480339050293,2,4662.5,22194.15625,90876.73828125
1414.5003385543823,2,4665.4,27161.15234375,90876.73828125
1415.5253489017487,2,4623.0,28298.95703125,90876.73828125
1416.5503096580505,2,4320.8,23021.55078125,90876.73828125
1417.5793306827545,2,4263.9,24765.22265625,90876.73828125
1418.5983464717865,2,4448.0,24967.01953125,90876.73828125
1419.618789434433,2,4351.1,25187.015625,90876.73828125
1420.6292321681976,2,3230.4,25438.0546875,90876.73828125
1421.6373534202576,2,4014.3,25849.5,90876.73828125
1422.6633114814758,2,3394.5,25909.390625,90876.73828125
1423.6783356666565,2,4243.5,27222.8359375,90876.73828125
1424.6983358860016,2,2540.6,28237.8046875,90876.73828125
1425.7100455760956,2,1634.8,28332.1796875,90876.73828125
1426.7180976867676,2,2030.0,28180.6171875,90876.73828125
1427.724941253662,2,1231.9,28172.48046875,90876.73828125
1428.7343351840973,2,4392.0,28796.4140625,90876.73828125
1429.7518091201782,2,2632.8,29290.44140625,90876.73828125
1430.7600870132446,2,649.8,29576.98828125,90876.73828125
1431.76797413826,2,485.5,8202.578125,90876.73828125
1432.7751767635345,2,873.5,9947.8984375,90876.73828125
1433.78333735466,2,2708.9,10073.6328125,90876.73828125
1434.8273346424103,2,2286.5,13097.91015625,90876.73828125
1435.841362953186,2,4589.7,15971.640625,90876.73828125
1436.8673379421234,2,4187.3,16865.5546875,90876.73828125
1437.8863413333893,2,4545.1,19234.43359375,90876.73828125
1438.9128880500793,2,4665.5,23864.12109375,90876.73828125
1439.9372816085815,2,4668.2,29871.08203125,90876.73828125
1440.9605932235718,2,4655.0,24300.67578125,90876.73828125
1441.9801788330078,2,4404.4,24426.87109375,90876.73828125
1443.0120131969452,2,4263.2,26119.40625,90876.73828125
1444.0300238132477,2,4465.9,26272.50390625,90876.73828125
1445.0481894016266,2,4263.9,26488.58984375,90876.73828125
1446.056358575821,2,2916.8,26701.48828125,90876.73828125
1447.082354068756,2,3639.3,27082.96875,90876.73828125
1448.1068522930145,2,3590.2,26925.7265625,90876.73828125
1449.1267800331116,2,4320.1,27696.37890625,90876.73828125
1450.1373345851898,2,3383.3,29188.2578125,90876.73828125
1451.1462984085083,2,1536.4,29593.515625,90876.73828125
1452.1544563770294,2,1642.9,29528.5625,90876.73828125
1453.1624147891998,2,2006.5,29424.04296875,90876.73828125
1454.1703383922577,2,1853.8,29663.25390625,90876.73828125
1455.1853382587433,2,4522.5,29872.23046875,90876.73828125
1456.19540143013,2,2273.0,30489.27734375,90876.73828125
1457.2053062915802,2,734.5,30806.52734375,90876.73828125
1458.2142925262451,2,502.4,8392.76953125,90876.73828125
1459.2215213775635,2,892.0,9616.82421875,90876.73828125
1460.2303385734558,2,3730.2,9820.01953125,90876.73828125
1461.288344860077,2,2389.2,14173.00390625,90876.73828125
1462.3083353042603,2,4193.5,16050.2109375,90876.73828125
1463.325663805008,2,4482.9,16716.38671875,90876.73828125
1464.3513412475586,2,4659.0,21276.0859375,90876.73828125
1465.3756444454193,2,4674.9,26374.0546875,90876.73828125
1466.3991615772247,2,4662.4,28845.078125,90876.73828125
1467.4243466854095,2,4314.9,22498.1796875,90876.73828125
1468.450335741043,2,4261.7,24809.2890625,90876.73828125
1469.4693357944489,2,4440.9,24999.328125,90876.73828125
1470.4873483181,2,4462.3,25210.83984375,90876.73828125
1471.5007264614105,2,3268.8,25497.54296875,90876.73828125
1472.5093495845795,2,3994.4,25906.98046875,90876.73828125
1473.5353500843048,2,3254.1,25902.765625,90876.73828125
1474.5443375110626,2,4261.5,27320.16015625,90876.73828125
1475.562838792801,2,2633.2,28382.21875,90876.73828125
1476.570336818695,2,1662.0,28298.765625,90876.73828125
1477.578099489212,2,1818.1,28342.44921875,90876.73828125
1478.58558344841,2,1316.6,28246.796875,90876.73828125
1479.5928146839142,2,4091.3,28744.4765625,90876.73828125
1480.6033902168274,2,2983.1,29311.0234375,90876.73828125
1481.611864566803,2,718.6,29580.1953125,90876.73828125
1482.619389295578,2,462.7,7988.078125,90876.73828125
1483.6266033649445,2,1050.7,9478.07421875,90876.73828125
1484.634334564209,2,3260.8,9711.01171875,90876.73828125
1485.667896747589,2,2415.4,13459.65234375,90876.73828125
1486.6873347759247,2,4341.5,15690.57421875,90876.73828125
1487.7053439617157,2,4367.1,16168.2109375,90876.73828125
1488.7253453731537,2,4610.9,21493.4453125,90876.73828125
1489.7453410625458,2,4669.0,26254.84765625,90876.73828125
1490.7653408050537,2,4639.1,30420.83203125,90876.73828125
1491.7823417186737,2,4394.7,20520.06640625,90876.73828125
1492.808337688446,2,4270.3,24839.23828125,90876.73828125
1493.8283610343933,2,4463.6,25033.9765625,90876.73828125
1494.8466792106628,2,4521.1,25203.51171875,90876.73828125
1495.8659167289734,2,3570.3,25406.24609375,90876.73828125
1496.8793501853943,2,3599.8,25866.51953125,90876.73828125
1497.9043440818787,2,3508.4,25868.453125,90876.73828125
1498.9293367862701,2,4205.7,27253.84375,90876.73828125
1499.946725845337,2,2753.3,28325.71484375,90876.73828125
1500.9563574790955,2,1627.5,28222.3203125,90876.73828125
1501.9633374214172,2,1879.0,28294.37109375,90876.73828125
1502.9798345565796,2,1264.3,28153.86328125,90876.73828125
1503.992342710495,2,3907.0,28776.421875,90876.73828125
1505.010992050171,2,3185.9,29267.5546875,90876.73828125
1506.0190196037292,2,654.7,29503.734375,90876.73828125
1507.0304849147797,2,508.0,7830.875,90876.73828125
1508.0380384922028,2,994.6,9285.75,90876.73828125
1509.045616865158,2,3380.2,9854.5625,90876.73828125
1510.0533413887024,2,2982.2,13839.9453125,90876.73828125
1511.073337316513,2,4365.7,14652.0,90876.73828125
1512.090737104416,2,4607.3,18206.1640625,90876.73828125
1513.1147525310516,2,4674.8,23734.5,90876.73828125
1514.1390278339386,2,4458.5,17840.22265625,90876.73828125
1515.1539058685303,2,4413.9,20590.98046875,90876.73828125
1516.172343492508,2,4487.2,20782.6796875,90876.73828125
1517.1923625469208,2,3145.8,21001.734375,90876.73828125
1518.216884613037,2,3601.4,21207.53125,90876.73828125
1519.2246062755585,2,3802.2,21661.80078125,90876.73828125
1520.2344069480896,2,3387.6,22846.875,90876.73828125
1521.242336511612,2,1615.0,22659.4140625,90876.73828125
1522.2531387805939,2,1817.0,22582.2265625,90876.73828125
1523.2603368759155,2,2307.1,22798.6796875,90876.73828125
1524.2705817222595,2,4045.2,23042.6171875,90876.73828125
1525.2777802944183,2,643.3,8559.7890625,92924.75390625
1526.2865970134735,2,705.4,9366.19140625,90876.73828125
1527.2953372001648,2,1798.9,9802.58984375,90876.73828125
1528.345421075821,2,2507.0,12452.6953125,90876.73828125
1529.3576920032501,2,4507.2,15252.89453125,90876.73828125
1530.3973352909088,2,4126.3,16208.6171875,90876.73828125
1531.4153485298157,2,4577.9,19455.61328125,90876.73828125
1532.4396467208862,2,4666.4,24085.1171875,90876.73828125
1533.463722229004,2,4674.8,29420.42578125,90876.73828125
1534.488159418106,2,4330.1,19535.1640625,90876.73828125
1535.4993453025818,2,4601.9,23730.953125,90876.73828125
1536.5203430652618,2,4299.1,24716.94140625,90876.73828125
1537.5395903587341,2,4356.6,25064.66015625,90876.73828125
1538.5580501556396,2,3395.3,25407.93359375,90876.73828125
1539.5833506584167,2,3707.8,25762.67578125,90876.73828125
1540.6083400249481,2,3996.9,25788.3515625,90876.73828125
1541.6333355903625,2,4113.9,26343.4296875,90876.73828125
1542.6443402767181,2,3511.4,28010.90625,90876.73828125
1543.6607398986816,2,1692.5,28380.89453125,90876.73828125
1544.6693403720856,2,1811.4,28446.85546875,90876.73828125
1545.686148405075,2,1700.8,28350.50390625,90876.73828125
1546.694376707077,2,2651.2,28706.78125,90876.73828125
1547.7063364982605,2,4514.5,28912.01953125,90876.73828125
1548.7251427173615,2,850.9,29442.4375,90876.73828125
1549.7333686351776,2,646.3,8010.74609375,92924.75390625
1550.7406632900238,2,690.1,9155.8828125,90876.73828125
1551.7483327388763,2,1759.6,9704.64453125,90876.73828125
1552.7983331680298,2,2466.5,12470.57421875,90876.73828125
1553.808426618576,2,4478.2,15361.515625,90876.73828125
1554.8173398971558,2,4248.0,16116.13671875,90876.73828125
1555.8347640037537,2,4589.9,19700.81640625,90876.73828125
1556.8603370189667,2,4666.2,24250.5390625,90876.73828125
1557.884405374527,2,4675.4,29441.73828125,90876.73828125
1558.9042701721191,2,4358.9,19819.0234375,90876.73828125
1559.9183540344238,2,4593.1,23750.86328125,90876.73828125
1560.9302411079407,2,4324.8,24754.71875,90876.73828125
1561.9534177780151,2,4311.3,25168.58203125,90876.73828125
1562.9603493213654,2,3446.1,25423.93359375,90876.73828125
1563.9783463478088,2,3619.4,25797.0234375,90876.73828125
1565.0045170783997,2,3998.6,25875.38671875,90876.73828125
1566.029339313507,2,4094.0,26410.171875,90876.73828125
1567.0400791168213,2,3425.4,27919.07421875,90876.73828125
1568.0483376979828,2,1695.6,28475.98046875,90876.73828125
1569.064860343933,2,1881.8,28241.29296875,90876.73828125
1570.0712327957153,2,1673.5,28213.90234375,90876.73828125
1571.0793385505676,2,2834.1,28783.1796875,90876.73828125
1572.0973343849182,2,4431.0,29064.37109375,90876.73828125
1573.1045422554016,2,653.3,29466.5390625,90876.73828125
1574.111783504486,2,656.4,8411.515625,92924.75390625
1575.120281457901,2,672.3,9288.375,90876.73828125
1576.1283338069916,2,1438.1,9914.6484375,90876.73828125
1577.1759238243103,2,3130.4,11850.3046875,90876.73828125
1578.1843357086182,2,3898.1,14762.7734375,90876.73828125
1579.2023358345032,2,4214.4,16308.65625,90876.73828125
1580.2203435897827,2,4466.3,18056.51171875,90876.73828125
1581.2463417053223,2,4663.3,22396.07421875,90876.73828125
1582.2716145515442,2,4668.2,27753.27734375,90876.73828125
1583.2913522720337,2,4664.0,26682.66796875,90876.73828125
1584.3083701133728,2,4313.9,23721.40234375,90876.73828125
1585.3298726081848,2,4248.3,25382.328125,90876.73828125
1586.3480281829834,2,4450.6,25584.5390625,90876.73828125
1587.3661358356476,2,4346.3,25821.88671875,90876.73828125
1588.3753564357758,2,3262.6,26009.5234375,90876.73828125
1589.4013509750366,2,3595.2,26456.48828125,90876.73828125
1590.4273474216461,2,3521.5,26409.81640625,90876.73828125
1591.443068265915,2,4435.7,27592.375,90876.73828125
1592.4654853343964,2,3109.6,28889.859375,90876.73828125
1593.4731414318085,2,1585.8,28794.375,90876.73828125
1594.4893369674683,2,1765.3,28974.50390625,90876.73828125
1595.5065987110138,2,1463.3,28951.62109375,90876.73828125
1596.5163416862488,2,3335.5,29181.34375,90876.73828125
1597.5353393554688,2,4369.6,29650.828125,90876.73828125
1598.5422883033752,2,574.6,29987.35546875,90876.73828125
1599.5499355793,2,639.9,8481.75390625,92924.75390625
1600.5578227043152,2,986.7,8839.05078125,90876.73828125
1601.5653808116913,2,2511.2,10172.640625,90876.73828125
1602.5743381977081,2,4213.7,12266.4609375,90876.73828125
1603.5923421382904,2,4563.8,15581.9375,90876.73828125
1604.6122868061066,2,4659.3,19699.32421875,90876.73828125
1605.6247193813324,2,4284.1,17319.84765625,90876.73828125
1606.6343421936035,2,4463.2,17561.4375,90876.73828125
1607.6425547599792,2,3023.4,17821.859375,90876.73828125
1608.6503038406372,2,3533.7,18009.98828125,90876.73828125
1609.6721377372742,2,3941.5,19230.359375,90876.73828125
1610.682557106018,2,1592.2,19259.23046875,90876.73828125
1611.6904027462006,2,1754.2,19070.53515625,90876.73828125
1612.697335243225,2,4047.7,19219.87890625,90876.73828125
1613.7145154476166,2,1267.8,19625.43359375,90876.73828125
1614.7223308086395,2,764.3,8755.91015625,90876.73828125
1615.7298233509064,2,2381.9,9402.8125,90876.73828125
1616.7753400802612,2,2828.1,13024.26171875,90876.73828125
1617.7943375110626,2,4379.2,14203.578125,90876.73828125
1618.8073449134827,2,4600.8,17374.90625,90876.73828125
1619.832338809967,2,4669.3,22586.90234375,90876.73828125
1620.8523526191711,2,4450.9,17451.4609375,90876.73828125
1621.8733358383179,2,4430.0,19994.234375,90876.73828125
1622.891342163086,2,4463.1,20147.0859375,90876.73828125
1623.9113557338715,2,3526.3,20384.34765625,90876.73828125
1624.9373421669006,2,3393.8,20685.9296875,90876.73828125
1625.961567401886,2,4146.8,21352.4765625,90876.73828125
1626.9799394607544,2,2227.4,21957.27734375,90876.73828125
1627.988605260849,2,1674.8,21964.47265625,90876.73828125
1628.997740983963,2,1522.0,21800.484375,90876.73828125
1630.0043375492096,2,4420.1,21962.14453125,90876.73828125
1631.0217225551605,2,1452.7,22408.8359375,90876.73828125
1632.0292437076569,2,709.8,8554.32421875,90876.73828125
1633.0366027355194,2,2211.8,9366.4296875,90876.73828125
1634.079521894455,2,2871.0,12954.73828125,90876.73828125
1635.092340707779,2,4365.0,14118.1875,90876.73828125
1636.111343383789,2,4610.6,17451.1953125,90876.73828125
1637.135505914688,2,4663.0,22747.40234375,90876.73828125
1638.1595704555511,2,4426.5,17383.40234375,90876.73828125
1639.212345123291,2,4442.4,19847.18359375,90876.73828125
1640.2315936088562,2,4309.7,20110.86328125,90876.73828125
1641.242141008377,2,3277.5,20347.79296875,90876.73828125
1642.2499947547913,2,3849.1,20437.94921875,90876.73828125
1643.2603363990784,2,4237.4,21373.4140625,90876.73828125
1644.2775304317474,2,1742.1,21754.328125,90876.73828125
1645.285984992981,2,1772.0,21723.0625,90876.73828125
1646.2988328933716,2,2042.8,21888.9453125,90876.73828125
1647.309705734253,2,4221.4,22002.37109375,90876.73828125
1648.3182060718536,2,657.9,8444.59765625,92924.75390625
1649.3259773254395,2,956.2,8996.19921875,90876.73828125
1650.333217382431,2,2820.0,9768.61328125,90876.73828125
1651.3413445949554,2,3218.5,13453.875,90876.73828125
1652.3553338050842,2,4380.1,14079.87890625,90876.73828125
1653.3733472824097,2,4614.4,18775.328125,90876.73828125
1654.3990485668182,2,4665.3,23962.7265625,90876.73828125
1655.419462442398,2,4458.2,18658.19921875,90876.73828125
1656.4333415031433,2,4474.1,19757.0625,90876.73828125
1657.4563493728638,2,3622.3,20181.3671875,90876.73828125
1658.4743552207947,2,3882.4,20385.7265625,90876.73828125
1659.4983341693878,2,3702.7,20656.7734375,90876.73828125
1660.5083091259003,2,3917.9,21838.50390625,90876.73828125
1661.516726732254,2,1499.1,21840.1484375,90876.73828125
1662.5259673595428,2,1769.6,21728.6953125,90876.73828125
1663.5340406894684,2,2778.6,21941.5703125,90876.73828125
1664.544764995575,2,3147.3,22164.46875,90876.73828125
1665.5528018474579,2,604.0,7805.15234375,90876.73828125
1666.5610792636871,2,1017.0,9103.6484375,90876.73828125
1667.5690581798553,2,2853.2,10919.578125,90876.73828125
1668.5773355960846,2,3857.0,14053.56640625,90876.73828125
1669.5946547985077,2,4522.0,14254.99609375,90876.73828125
1670.6043412685394,2,4639.5,19254.73828125,90876.73828125
1671.6253395080566,2,4615.9,23832.1171875,90876.73828125
1672.6443433761597,2,4422.6,18839.18359375,90876.73828125
1673.6673402786255,2,4480.9,19952.2265625,90876.73828125
1674.686752319336,2,3519.1,20371.82421875,90876.73828125
1675.700348854065,2,3412.1,20472.77734375,90876.73828125
1676.7254610061646,2,3480.4,20556.09765625,90876.73828125
1677.7443356513977,2,4365.3,21447.16015625,90876.73828125
1678.7532858848572,2,1612.4,21891.9765625,90876.73828125
1679.7706861495972,2,1778.4,21852.36328125,90876.73828125
1680.787292957306,2,1828.5,21971.3828125,90876.73828125
1681.8013370037079,2,4506.5,22178.17578125,90876.73828125
1682.8101811408997,2,671.1,7866.1875,92924.75390625
1683.8159141540527,2,925.0,8586.1875,90876.73828125
1684.8250768184662,2,2673.4,10320.53515625,90876.73828125
1685.8354749679565,2,4345.9,12128.625,90876.73828125
1686.8475766181946,2,4635.8,16210.61328125,90876.73828125
1687.8677258491516,2,4548.1,14333.9609375,90876.73828125
1688.8863332271576,2,4303.0,17209.52734375,90876.73828125
1689.9037699699402,2,4459.8,17421.39453125,90876.73828125
1690.9133505821228,2,3109.9,17793.67578125,90876.73828125
1691.9384951591492,2,4015.3,18142.5390625,90876.73828125
1692.9513075351715,2,2874.7,19196.90625,90876.73828125
1693.960335969925,2,1683.6,19004.6796875,90876.73828125
1694.9733386039734,2,1871.3,19116.71484375,90876.73828125
1695.9833762645721,2,3981.5,19367.2109375,90876.73828125
1696.9908900260925,2,649.0,8844.84765625,92924.75390625
1697.9985644817352,2,1052.3,8748.984375,90876.73828125
1699.0059616565704,2,3033.8,10885.40625,90876.73828125
1700.021338224411,2,4325.8,12289.16796875,90876.73828125
1701.0393414497375,2,4653.5,16137.609375,90876.73828125
1702.0638358592987,2,4538.8,14393.484375,90876.73828125
1703.0723373889923,2,4297.2,17270.390625,90876.73828125
1704.0903429985046,2,4483.1,17454.61328125,90876.73828125
1705.1063559055328,2,3146.7,17827.29296875,90876.73828125
1706.131100654602,2,3950.6,18178.5703125,90876.73828125
1707.1455869674683,2,2966.0,19177.68359375,90876.73828125
1708.1538562774658,2,1533.2,19149.45703125,90876.73828125
1709.1649215221405,2,1840.0,19181.1796875,90876.73828125
1710.1758296489716,2,4291.5,19418.53515625,90876.73828125
1711.184715270996,2,640.7,8272.35546875,92924.75390625
1712.1928820610046,2,981.7,8566.52734375,90876.73828125
1713.200387954712,2,3363.6,10838.48828125,90876.73828125
1714.226342201233,2,4335.6,12803.0078125,90876.73828125
1715.2473471164703,2,4639.0,14544.75390625,90876.73828125
1716.261338710785,2,4198.1,15131.53125,90876.73828125
1717.2789466381073,2,3469.2,15362.77734375,90876.73828125
1718.28733253479,2,3539.3,15645.79296875,90876.73828125
1719.2976031303406,2,3089.7,16678.109375,90876.73828125
1720.3073279857635,2,1677.6,16606.734375,90876.73828125
1721.3143384456635,2,2890.6,16778.9609375,90876.73828125
1722.3254153728485,2,1927.1,17153.55078125,90876.73828125
1723.336171388626,2,1268.6,8153.546875,90876.73828125
1724.3451089859009,2,2799.7,8665.1328125,90876.73828125
1725.351191520691,2,3079.3,13007.62890625,90876.73828125
1726.3693406581879,2,4479.5,13880.11328125,90876.73828125
1727.3884291648865,2,4550.3,13845.59765625,90876.73828125
1728.4003365039825,2,4325.8,16418.1328125,90876.73828125
1729.4193534851074,2,3510.8,16600.48828125,90876.73828125
1730.444343805313,2,3431.4,16748.1171875,90876.73828125
1731.4524128437042,2,3594.1,17901.03125,91324.73828125
1732.4613411426544,2,3801.6,19106.21484375,91324.73828125
1733.4697823524475,2,1637.2,19056.71875,91324.73828125
1734.477334022522,2,4095.4,19272.8125,91324.73828125
1735.4913346767426,2,1948.3,19560.47265625,91324.73828125
1736.5020761489868,2,1289.2,8308.21875,91324.73828125
1737.511334657669,2,2790.0,8763.375,91324.73828125
1738.5189459323883,2,3606.4,13147.58203125,91324.73828125
1739.5293469429016,2,4502.3,14576.2109375,91324.73828125
1740.5593433380127,2,4549.5,15091.76953125,91324.73828125
1741.5723464488983,2,4339.7,16566.1484375,91324.73828125
1742.5922312736511,2,3257.6,16754.53125,91324.73828125
1743.598994255066,2,3230.7,16990.77734375,91324.73828125
1744.6052916049957,2,4464.5,18345.8359375,91324.73828125
1745.6163351535797,2,3178.7,19109.00390625,91324.73828125
1746.6273345947266,2,1771.5,19155.453125,91324.73828125
1747.6383345127106,2,4532.1,19260.30859375,91324.73828125
1748.6481895446777,2,1162.5,19633.46875,91324.73828125
1749.656255722046,2,1723.1,8527.88671875,91324.73828125
1750.664347410202,2,2261.9,9834.5625,91324.73828125
1751.6743335723877,2,4389.4,13255.609375,91324.73828125
1752.6923444271088,2,4528.4,15571.89453125,91324.73828125
1753.7123415470123,2,4566.0,15683.77734375,91324.73828125
1754.72416639328,2,3991.4,16613.44140625,91324.73828125
1755.732971906662,2,3467.2,16784.9140625,91324.73828125
1756.7562844753265,2,3478.9,17028.41015625,91324.73828125
1757.7695968151093,2,4514.5,18587.15234375,91324.73828125
1758.7879638671875,2,2613.5,19033.953125,91324.73828125
1759.7973356246948,2,2446.8,19221.38671875,91324.73828125
1760.8071782588959,2,4025.2,19420.046875,91324.73828125
1761.814684867859,2,662.9,8926.58984375,93372.75390625
1762.822335243225,2,2069.0,8698.3125,91324.73828125
1763.8291864395142,2,3016.0,11478.19140625,91324.73828125
1764.841335773468,2,4362.5,13320.390625,91324.73828125
1765.8603439331055,2,4612.0,16589.1953125,91324.73828125
1766.8844873905182,2,4322.8,16465.8203125,91324.73828125
1767.901715040207,2,3783.0,16742.16015625,91324.73828125
1768.9101660251617,2,3357.4,16910.28515625,91324.73828125
1769.9192984104156,2,3962.8,17576.1953125,91324.73828125
1770.9294350147247,2,4424.0,18789.38671875,91324.73828125
1771.939337015152,2,1865.0,19121.88671875,91324.73828125
1772.947334766388,2,3202.9,19334.1640625,91324.73828125
1773.961305141449,2,2887.5,19502.06640625,91324.73828125
1774.968909740448,2,755.7,8056.41796875,91324.73828125
1775.978340625763,2,2340.5,8798.734375,91324.73828125
1777.0063378810883,2,3730.9,12633.8828125,91324.73828125
1778.0173380374908,2,4390.8,13338.96484375,91324.73828125
1779.0358862876892,2,4557.1,15581.00390625,91324.73828125
1780.048103094101,2,4295.7,16476.55859375,91324.73828125
1781.0663549900055,2,3605.0,16742.64453125,91324.73828125
1782.091343164444,2,3421.0,17004.08203125,91324.73828125
1783.1161632537842,2,4075.3,17967.3359375,91324.73828125
1784.126122713089,2,3903.8,19181.77734375,91324.73828125
1785.1383793354034,2,1607.1,19129.59765625,91324.73828125
1786.145335674286,2,3842.8,19328.41015625,91324.73828125
1787.1599345207214,2,2268.0,19602.56640625,91324.73828125
1788.1672282218933,2,1067.4,8251.05859375,91324.73828125
1789.1783361434937,2,2668.9,8799.984375,91324.73828125
1790.200335741043,2,3571.2,13180.67578125,91324.73828125
1791.2193417549133,2,4480.5,14127.5078125,91324.73828125
1792.2393510341644,2,4550.6,13978.69921875,91324.73828125
1793.2511584758759,2,4299.8,16494.18359375,91324.73828125
1794.2693479061127,2,3595.9,16689.875,91324.73828125
1795.2951033115387,2,3179.0,16980.54296875,91324.73828125
1796.3113389015198,2,4359.4,18216.453125,91324.73828125
1797.3224618434906,2,3431.7,19126.89453125,91324.73828125
1798.330023765564,2,1500.3,19091.55078125,91324.73828125
1799.33784866333,2,4403.8,19349.43359375,91324.73828125
1800.3486604690552,2,1688.3,19685.25,91324.73828125
1801.358984708786,2,1544.3,8408.2109375,91324.73828125
1802.3672564029694,2,2579.8,9105.51171875,91324.73828125
1803.375333070755,2,3820.7,13273.53125,91324.73828125
1804.3946878910065,2,4552.6,15006.953125,91324.73828125
1805.4207026958466,2,4548.8,15182.75390625,91324.73828125
1806.433113336563,2,4279.5,16563.0546875,91324.73828125
1807.444340467453,2,3223.8,16761.8046875,91324.73828125
1808.4636013507843,2,3283.5,17056.0078125,91324.73828125
1809.4753348827362,2,4498.0,18549.17578125,91324.73828125
1810.4948861598969,2,3088.9,19094.8203125,91324.73828125
1811.504338979721,2,1857.3,19163.9765625,91324.73828125
1812.5223414897919,2,4559.1,19179.9609375,91324.73828125
1813.5394914150238,2,1010.6,13526.29296875,91324.73828125
1814.547606229782,2,1872.6,8576.34765625,91324.73828125
1815.5573358535767,2,2321.0,9965.4453125,91324.73828125
1816.5703327655792,2,4403.1,13251.390625,91324.73828125
1817.5907521247864,2,4554.4,15862.29296875,91324.73828125
1818.6139032840729,2,4519.3,16152.140625,91324.73828125
1819.6263403892517,2,3863.6,16803.76953125,91324.73828125
1820.637955904007,2,3501.0,16858.38671875,91324.73828125
1821.6573255062103,2,3298.6,17138.80859375,91324.73828125
1822.6683368682861,2,4502.8,18777.1875,91324.73828125
1823.6858353614807,2,2766.7,19159.53515625,91324.73828125
1824.6973388195038,2,2222.5,19351.234375,91324.73828125
1825.707278728485,2,4372.7,19478.828125,91324.73828125
1826.7150177955627,2,646.0,8559.5703125,93372.75390625
1827.722642660141,2,2060.7,8684.83984375,91324.73828125
1828.7303524017334,2,2685.4,10830.41015625,91324.73828125
1829.7495152950287,2,4346.8,13307.24609375,91324.73828125
1830.7593448162079,2,4618.2,16266.2265625,91324.73828125
1831.7867846488953,2,4340.9,16391.203125,91324.73828125
1832.803358078003,2,3698.3,16804.46875,91324.73828125
1833.8281078338623,2,3634.6,16867.0390625,91324.73828125
1834.836702823639,2,3605.6,17427.7890625,91324.73828125
1835.8473343849182,2,4461.5,18825.03515625,91324.73828125
1836.867752790451,2,2201.5,19190.35546875,91324.73828125
1837.8763432502747,2,2686.1,19509.34375,91324.73828125
1838.886839389801,2,3674.1,19604.390625,91324.73828125
1839.8949258327484,2,588.8,9543.99609375,93372.75390625
1840.9019854068756,2,2145.1,8729.06640625,91324.73828125
1841.9093458652496,2,3338.1,11778.20703125,91324.73828125
1842.922334432602,2,4367.4,13361.06640625,91324.73828125
1843.9403479099274,2,4615.0,17144.30859375,91324.73828125
1844.960335969925,2,4305.2,16425.27734375,91324.73828125
1845.97935628891,2,3718.2,16678.2421875,91324.73828125
1847.003654241562,2,3221.4,16881.859375,91324.73828125
1848.0233361721039,2,4079.6,17531.671875,91324.73828125
1849.0331404209137,2,4325.8,18759.2265625,91324.73828125
1850.041737318039,2,1875.5,19007.4375,91324.73828125
1851.049337387085,2,3232.0,19221.0234375,91324.73828125
1852.059088230133,2,2964.4,19441.4140625,91324.73828125
1853.0672159194946,2,810.3,7946.34375,91324.73828125
1854.0763363838196,2,2380.6,8730.921875,91324.73828125
1855.104956626892,2,3765.5,12812.9765625,91324.73828125
1856.1163449287415,2,4359.7,13306.28125,91324.73828125
1857.1292943954468,2,4595.3,13802.16796875,91324.73828125
1858.142336845398,2,4331.9,16383.578125,91324.73828125
1859.1603543758392,2,3575.8,16677.03125,91324.73828125
1860.186342716217,2,3407.7,16977.19921875,91324.73828125
1861.2113344669342,2,4114.3,17988.41015625,91324.73828125
1862.22118806839,2,3733.0,19114.4453125,91324.73828125
1863.2278220653534,2,1645.0,18990.17578125,91324.73828125
1864.2373406887054,2,4055.6,19326.51953125,91324.73828125
1865.2472574710846,2,1968.1,19567.546875,91324.73828125
1866.255717754364,2,1296.5,8318.1171875,91324.73828125
1867.2643389701843,2,2816.3,8803.7578125,91324.73828125
1868.292335987091,2,3600.7,13133.62109375,91324.73828125
1869.3023426532745,2,4502.8,14553.3828125,91324.73828125
1870.329342842102,2,4548.4,14970.109375,91324.73828125
1871.3454456329346,2,4304.9,16412.39453125,91324.73828125
1872.3595685958862,2,3192.6,16682.453125,91324.73828125
1873.3793485164642,2,3394.3,16942.3984375,91324.73828125
1874.3993363380432,2,4506.4,18441.8984375,91324.73828125
1875.417843580246,2,2936.6,18985.31640625,91324.73828125
1876.4283466339111,2,1960.6,19237.7109375,91324.73828125
1877.4483377933502,2,4553.9,19207.60546875,91324.73828125
1878.4620904922485,2,776.9,7965.93359375,93372.75390625
1879.4711470603943,2,1968.2,8578.265625,91324.73828125
1880.4783613681793,2,2438.2,10012.67578125,91324.73828125
1881.4934604167938,2,4374.9,13258.66015625,91324.73828125
1882.511702299118,2,4593.9,16070.8046875,91324.73828125
1883.5281262397766,2,4343.4,16269.5234375,91324.73828125
1884.5458993911743,2,3748.2,16656.75390625,91324.73828125
1885.558345079422,2,3615.7,16789.02734375,91324.73828125
1886.5773341655731,2,3480.1,17328.40625,91324.73828125
1887.5883376598358,2,4450.5,18729.640625,91324.73828125
1888.6083371639252,2,2302.6,19091.4453125,91324.73828125
1889.6161568164825,2,2674.7,19387.2109375,91324.73828125
1890.6343972682953,2,3636.9,19554.078125,91324.73828125
1891.6422448158264,2,604.7,9514.16015625,93372.75390625
1892.651070356369,2,2433.0,9433.0234375,91324.73828125
1893.6645059585571,2,4339.5,11536.671875,91324.73828125
1894.6742854118347,2,4501.3,13981.453125,91324.73828125
1895.6849086284637,2,3944.6,14525.27734375,91324.73828125
1896.6930029392242,2,3371.6,14889.125,91324.73828125
1897.7034368515015,2,3972.1,16363.41796875,91324.73828125
1898.7133357524872,2,2092.0,16297.47265625,91324.73828125
1899.731841802597,2,3586.3,16516.47265625,91324.73828125
1900.7396175861359,2,932.2,8276.36328125,91324.73828125
1901.7480733394623,2,3178.4,10871.609375,91324.73828125
1902.7593460083008,2,4342.3,12812.7890625,91324.73828125
1903.7790343761444,2,4307.9,14317.34375,91324.73828125
1904.7968921661377,2,3711.9,14589.6796875,91324.73828125
1905.802992105484,2,4144.3,15327.07421875,91324.73828125
1906.818279504776,2,3017.6,16068.70703125,91324.73828125
1907.8263342380524,2,2943.1,16144.5625,91324.73828125
1908.836682319641,2,2323.4,16467.0234375,91324.73828125
1909.8431949615479,2,1439.7,8429.07421875,91324.73828125
1910.8693327903748,2,3830.4,11414.984375,91324.73828125
1911.8904192447662,2,4568.9,12355.9140625,91324.73828125
1912.8999962806702,2,4051.6,14357.40234375,91324.73828125
1913.9067158699036,2,3659.7,14512.3203125,91324.73828125
1914.9183356761932,2,4228.3,15765.515625,91324.73828125
1915.9358055591583,2,2131.5,16101.47265625,91324.73828125
1916.9453365802765,2,4087.4,16221.7578125,91324.73828125
1917.9631142616272,2,789.9,9585.04296875,93372.75390625
1918.971174955368,2,2446.5,9457.09765625,91324.73828125
1919.9841566085815,2,4318.5,11493.7421875,91324.73828125
1920.9931163787842,2,4505.6,14017.7265625,91324.73828125
1922.0042178630829,2,3964.7,14620.015625,91324.73828125
1923.0158066749573,2,3737.3,15117.5078125,91324.73828125
1924.027986049652,2,3821.0,16391.703125,91324.73828125
1925.0350301265717,2,2212.6,16374.6796875,91324.73828125
1926.0463404655457,2,3372.6,16665.078125,91324.73828125
1927.0553390979767,2,1113.4,8313.51171875,91324.73828125
1928.07133436203,2,4226.4,10106.5,91324.73828125
1929.0806381702423,2,3582.0,10666.265625,91324.73828125
1930.0913960933685,2,2325.4,9218.34375,93372.75390625
1931.0996580123901,2,2071.2,9302.08984375,91324.73828125
1932.107340335846,2,4336.1,11641.1328125,91324.73828125
1933.1288189888,2,4479.5,13751.375,91324.73828125
1934.14235329628,2,4089.6,14520.91796875,91324.73828125
1935.1685433387756,2,3654.4,14874.75390625,91324.73828125
1936.1784751415253,2,3990.3,16250.48046875,91324.73828125
1937.188334941864,2,1891.0,16380.23046875,91324.73828125
1938.2046983242035,2,3703.3,16505.21875,91324.73828125
1939.211813211441,2,855.0,8305.6875,91324.73828125
1940.2203357219696,2,3642.0,10070.7890625,91324.73828125
1941.2377219200134,2,4427.4,12062.546875,91324.73828125
1942.2558534145355,2,3650.8,12455.60546875,91324.73828125
1943.2661337852478,2,3182.2,13184.48828125,91324.73828125
1944.273535490036,2,3322.4,13319.19921875,91324.73828125
1945.2811543941498,2,1029.2,8554.3046875,91324.73828125
1946.2893340587616,2,3901.2,10374.5390625,91324.73828125
1947.308345079422,2,4311.7,11979.28125,91324.73828125
1948.3192927837372,2,3699.5,12470.08984375,91324.73828125
1949.329337835312,2,3002.4,13037.1796875,91324.73828125
1950.336523771286,2,3210.8,13161.43359375,91324.73828125
1951.3449892997742,2,356.0,5174.8828125,84156.58203125
1952.3533718585968,2,101.3,5049.39453125,84156.58203125
1953.3606934547424,2,104.1,4863.8203125,84156.58203125
