elapsed_time,nproc,cpu,mem_real,mem_virtual
3.3855438232421875e-05,1,0.0,5.0390625,7.65234375
1.005042552947998,4,0.0,438.93359375,4199.4375
2.013075590133667,4,99.2,618.625,4413.4375
3.0215721130371094,4,99.3,616.23828125,4445.4375
4.028940200805664,4,100.3,608.7421875,4445.4375
5.036361217498779,4,100.2,613.125,4445.4375
6.043888807296753,4,99.2,621.53515625,4493.4375
7.051559925079346,4,99.2,616.640625,4493.4375
8.059856176376343,4,100.2,600.9453125,4493.4375
9.0679931640625,4,100.1,619.35546875,4493.4375
10.076546669006348,4,99.9,672.38671875,4493.4375
11.08715009689331,4,99.0,722.38671875,4549.4375
12.09768271446228,4,99.9,780.38671875,4619.4375
13.108871459960938,4,99.9,832.38671875,4699.4375
14.119867086410522,4,99.1,892.38671875,4795.4375
15.129419803619385,4,100.1,934.38671875,4795.4375
16.13885998725891,4,99.9,975.1953125,4795.4375
17.14977788925171,2,0.0,166.6875,243.65234375
18.160215139389038,2,0.0,517.56640625,4605.1015625
19.170203924179077,2,101.0,509.94140625,4733.1015625
20.180177927017212,2,100.1,511.94140625,4733.1015625
21.18921732902527,2,100.0,513.94140625,4733.1015625
22.199134588241577,2,99.1,514.06640625,4733.1015625
23.210506439208984,2,1023.3,1001.671875,8514.546875
24.228508949279785,2,4749.8,1656.671875,9235.546875
25.2485134601593,2,4774.1,1844.15625,9466.546875
26.274510145187378,2,4772.4,1945.625,9581.046875
27.298913955688477,2,4765.6,2107.72265625,9790.03125
28.315510511398315,2,4767.6,2204.8515625,9914.03125
29.33250617980957,2,4767.8,2304.15625,10029.03125
30.356815099716187,2,4764.9,2346.59765625,10097.03125
31.381508588790894,2,4757.5,2391.703125,10272.03125
32.40713167190552,2,4767.2,2374.1796875,10317.03125
33.4325065612793,2,4766.2,2431.75390625,10438.03125
34.45677065849304,2,4760.0,2465.375,10571.03125
35.481332302093506,2,4767.3,2490.66796875,10636.03125
36.498510122299194,2,4762.3,2477.04296875,10642.03125
37.52322340011597,2,4758.5,2538.828125,10741.03125
38.54767918586731,2,4766.3,2674.80078125,10905.03125
39.57251048088074,2,4762.9,2680.1015625,10962.03125
40.59697866439819,2,4759.0,2727.109375,11012.03125
41.621357440948486,2,4763.6,2676.97265625,11069.03125
42.64651346206665,2,4755.1,2649.2421875,11113.03125
43.67062449455261,2,4762.7,2778.15625,11190.03125
44.694987297058105,2,4759.7,2761.71875,11230.03125
45.71950960159302,2,4762.6,2876.01171875,11342.03125
46.74450993537903,2,4762.2,2844.2734375,11362.03125
47.76902365684509,2,4754.2,2903.11328125,11442.03125
48.79450821876526,2,4760.3,2838.80859375,11463.03125
49.818509101867676,2,4763.1,2888.9140625,11507.03125
50.84350800514221,2,4753.9,2940.828125,11562.03125
51.867674112319946,2,4761.5,2949.00390625,11672.03125
52.89250922203064,2,4744.8,3401.87109375,12114.03125
53.91703701019287,2,4751.4,3667.35546875,12404.03125
54.94251251220703,2,4762.6,3855.578125,12702.03125
55.96686625480652,2,4745.3,3872.734375,12832.03125
56.991445541381836,2,4750.8,4029.72265625,12996.03125
58.01551079750061,2,4758.0,4040.11328125,13032.03125
59.03986978530884,2,4757.8,4013.28125,13032.03125
60.06450939178467,2,4748.9,4043.1171875,13076.03125
61.0855073928833,2,4758.2,3966.5234375,13130.03125
62.109925746917725,2,4757.4,3994.640625,13190.03125
63.13350820541382,2,4760.2,4015.53125,13230.03125
64.15850830078125,2,4756.8,4018.97265625,13244.03125
65.18277359008789,2,4745.8,4000.44921875,13276.03125
66.20751571655273,2,4753.1,3966.05859375,13300.03125
67.23251008987427,2,4754.0,3994.2734375,13360.03125
68.25689697265625,2,4757.4,3929.52734375,13372.03125
69.28150629997253,2,4760.6,3907.68359375,13400.03125
70.29851078987122,2,4759.1,3898.109375,13400.03125
71.32283973693848,2,4761.2,4018.171875,13514.03125
72.3469910621643,2,4756.9,4049.94140625,13514.03125
73.3725118637085,2,4758.1,4065.8515625,13558.03125
74.39702224731445,2,4757.2,4097.49609375,13572.03125
75.42129969596863,2,4749.9,4345.32421875,13870.03125
76.44650554656982,2,4760.8,4381.29296875,13870.03125
77.4585075378418,2,4753.8,4374.19140625,13922.03125
78.47852063179016,2,4748.0,4530.05078125,14078.03125
79.50287532806396,2,4759.2,4599.66796875,14152.03125
80.52751064300537,2,4742.2,4552.8359375,14152.03125
81.54350996017456,2,4759.6,4582.1875,14276.03125
82.56850719451904,2,4752.0,4647.47265625,14408.03125
83.5929479598999,2,4746.6,4740.515625,14472.03125
84.61741828918457,2,4760.8,4800.9921875,14516.03125
85.64182567596436,2,4748.9,4755.73046875,14526.03125
86.66650891304016,2,4746.0,4758.8125,14588.03125
87.69150996208191,2,4748.1,4814.578125,14630.03125
88.71578407287598,2,4732.7,4733.1015625,14630.03125
89.74050784111023,2,4743.2,4704.76953125,14694.03125
90.76550674438477,2,4742.9,4803.91015625,14694.03125
91.78987646102905,2,4742.6,4745.296875,14742.03125
92.81450986862183,2,4749.6,4750.625,14764.03125
93.83449673652649,2,4752.0,4713.51171875,14764.03125
94.85951685905457,2,4760.9,4614.2890625,14784.03125
95.88372659683228,2,4712.6,4666.23828125,14880.03125
96.90851330757141,2,4725.6,4703.5078125,14996.03125
97.93289494514465,2,4746.5,5066.01953125,15386.03125
98.95750951766968,2,4750.6,5169.609375,15554.03125
99.98170375823975,2,4745.4,5102.3203125,15578.03125
101.0060863494873,2,4747.3,5074.953125,15578.03125
102.03051042556763,2,4716.4,4941.76953125,15600.03125
103.05582022666931,2,4724.6,5057.84765625,15728.03125
104.07550477981567,2,4740.6,5297.12890625,15974.03125
105.10050320625305,2,4737.6,5443.26953125,16086.03125
106.12491106987,2,4719.2,5368.703125,16086.03125
107.14950633049011,2,4738.3,5280.8203125,16100.03125
108.17250990867615,2,4738.0,5300.10546875,16100.03125
109.19764924049377,2,4743.7,5297.75390625,16100.03125
110.22203254699707,2,4751.0,5440.55859375,16152.03125
111.24651193618774,2,4754.6,5361.80859375,16152.03125
112.27092742919922,2,4738.9,5368.8125,16176.03125
113.29540228843689,2,4761.1,5390.26953125,16192.03125
114.3205087184906,2,4748.7,5380.76171875,16192.03125
115.34487652778625,2,4757.3,5513.31640625,16252.03125
116.36878418922424,2,4739.2,5727.98828125,16380.03125
117.39350485801697,2,4743.5,5646.734375,16392.03125
118.41777539253235,2,4753.8,5655.21484375,16392.03125
119.4425048828125,2,4740.9,5571.078125,16392.03125
120.46669816970825,2,4739.5,5515.20703125,16420.03125
121.49192714691162,2,4744.5,5450.62109375,16448.03125
122.51625895500183,2,4733.9,5478.6171875,16484.03125
123.54150605201721,2,4747.3,5424.63671875,16484.03125
124.56579184532166,2,4744.3,5378.38671875,16504.03125
125.59039115905762,2,4751.9,5416.81640625,16504.03125
126.614511013031,2,4741.9,5408.36328125,16552.03125
127.63887453079224,2,4732.2,5448.71875,16596.03125
128.6633288860321,2,4728.4,5397.328125,16610.03125
129.68851709365845,2,4774.1,5377.90625,16610.03125
130.7127935886383,2,4722.8,5584.40234375,16762.03125
131.73852348327637,2,4750.6,5639.4609375,16836.03125
132.76151371002197,2,4741.9,5651.3359375,16916.03125
133.78575539588928,2,4758.7,5698.6171875,16916.03125
134.81031370162964,2,4737.4,5595.3828125,16916.03125
135.8275125026703,2,4739.8,5602.88671875,16916.03125
136.8518602848053,2,4738.2,5521.34765625,16916.03125
137.8762822151184,2,4747.0,5467.06640625,16916.03125
138.90050983428955,2,4753.6,5541.13671875,16960.03125
139.92480611801147,2,4743.0,5471.01171875,16960.03125
140.94951105117798,2,4752.3,5396.21875,16960.03125
141.97380328178406,2,4734.0,5329.75390625,16960.03125
142.99850702285767,2,4754.7,5401.7578125,16960.03125
144.014967918396,2,4757.8,5369.16015625,16960.03125
145.03151202201843,2,4772.2,5357.62890625,16984.03125
146.05577039718628,2,4729.6,5325.19921875,16984.03125
147.07751774787903,2,4755.3,5330.1171875,16984.03125
148.1025071144104,2,4744.1,5347.49609375,16984.03125
149.1269874572754,2,4747.8,5322.61328125,17034.03125
150.14951348304749,2,4759.9,5218.35546875,17034.03125
151.17395687103271,2,4741.8,5213.3359375,17054.03125
152.19784474372864,2,4756.9,5190.8046875,17054.03125
153.21821284294128,2,4748.9,5187.61328125,17054.03125
154.24351286888123,2,4748.8,5177.1640625,17054.03125
155.26799607276917,2,4749.1,5234.83203125,17154.03125
156.2935128211975,2,4750.0,5276.26953125,17178.03125
157.31351137161255,2,4750.9,5325.98828125,17178.03125
158.33851051330566,2,4751.6,5293.671875,17202.03125
159.3635115623474,2,4747.0,5263.67578125,17202.03125
160.38767838478088,2,4747.4,5285.9765625,17202.03125
161.41267204284668,2,4755.3,5191.66796875,17202.03125
162.43651294708252,2,4743.0,5097.55859375,17202.03125
163.4608051776886,2,4736.6,5061.12109375,17202.03125
164.48517656326294,2,4728.6,5128.5859375,17202.03125
165.5105140209198,2,4754.5,5120.02734375,17202.03125
166.5349464416504,2,4752.6,5102.91796875,17202.03125
167.55951285362244,2,4758.7,5161.11328125,17202.03125
168.583514213562,2,4762.9,5180.59765625,17202.03125
169.60804891586304,2,4746.2,5294.32421875,17202.03125
170.6325068473816,2,4730.1,5173.04296875,17202.03125
171.65667748451233,2,4746.4,5164.5625,17202.03125
172.68209552764893,2,4735.9,5230.25390625,17222.03125
173.70751237869263,2,4752.1,5314.61328125,17266.03125
174.7316496372223,2,4763.0,5301.5078125,17266.03125
175.75385975837708,2,4742.3,5227.44921875,17266.03125
176.7785210609436,2,4750.1,5185.44140625,17266.03125
177.80351090431213,2,4749.3,5168.30078125,17266.03125
178.8278911113739,2,4752.0,5383.8671875,17266.03125
179.85251307487488,2,4759.5,5433.00390625,17302.03125
180.87808513641357,2,4760.2,5415.92578125,17326.03125
181.90251064300537,2,4754.0,5412.2734375,17326.03125
182.9271833896637,2,4757.6,5504.15234375,17370.03125
183.95250582695007,2,4746.5,5519.109375,17370.03125
184.97657990455627,2,4758.7,5510.26953125,17398.03125
186.00103306770325,2,4756.6,5539.66796875,17398.03125
187.02547550201416,2,4755.5,5569.05859375,17426.03125
188.04150891304016,2,4754.5,5608.72265625,17458.03125
189.05450773239136,2,4757.2,5539.41796875,17458.03125
190.07885932922363,2,4738.5,5553.5234375,17458.03125
191.1015124320984,2,4746.6,5431.24609375,17458.03125
192.11451029777527,2,4754.7,5564.87109375,17602.03125
193.1389377117157,2,4739.8,5755.17578125,17730.03125
194.16351103782654,2,4745.6,5785.015625,17910.03125
195.18851232528687,2,4752.3,5836.875,17910.03125
196.2127616405487,2,4718.8,5588.6015625,17910.03125
197.2369613647461,2,4736.4,5582.47265625,17910.03125
198.2615101337433,2,4739.9,5534.2421875,17910.03125
199.28651571273804,2,4708.7,5329.6328125,17910.03125
200.31158208847046,2,4732.0,5255.03125,17910.03125
201.33591628074646,2,4738.4,5302.765625,17910.03125
202.3624279499054,2,4752.9,5349.45703125,17986.03125
203.38551020622253,2,4745.2,5439.421875,18030.03125
204.40651106834412,2,4755.8,5357.515625,18030.03125
205.43088006973267,2,4746.4,5194.1796875,18030.03125
206.45551013946533,2,4743.8,5158.64453125,18054.03125
207.47144412994385,2,4741.3,5144.31640625,18054.03125
208.4965114593506,2,4733.4,5116.6484375,18082.03125
209.5207064151764,2,4745.7,5164.0,18134.03125
210.54550909996033,2,4747.0,5166.140625,18134.03125
211.5699005126953,2,4738.1,5110.9765625,18134.03125
212.59450697898865,2,4748.6,5076.578125,18162.03125
213.61951231956482,2,4745.3,5029.734375,18162.03125
214.64388847351074,2,4741.5,5123.046875,18162.03125
215.66851258277893,2,4743.8,5091.8828125,18162.03125
216.69271540641785,2,4750.7,5081.82421875,18162.03125
217.71750950813293,2,4749.7,5142.07421875,18190.03125
218.74251890182495,2,4744.4,5093.66796875,18190.03125
219.76688432693481,2,4741.3,5052.1875,18190.03125
220.7915074825287,2,4748.9,5039.5625,18190.03125
221.81479620933533,2,4752.4,5047.25390625,18190.03125
222.8471839427948,2,4754.9,5040.07421875,18190.03125
223.87159037590027,2,4746.5,5028.390625,18190.03125
224.8963601589203,2,4744.2,5135.78125,18226.03125
225.92151308059692,2,4740.7,5284.03125,18254.03125
226.94596433639526,2,4754.0,5347.8203125,18254.03125
227.97014451026917,2,4733.4,5310.296875,18314.03125
228.995507478714,2,4762.1,5455.58984375,18314.03125
230.01995706558228,2,4741.6,5414.66015625,18314.03125
231.0440649986267,2,4736.2,5392.47265625,18314.03125
232.0665123462677,2,4732.0,5353.20703125,18314.03125
233.09069657325745,2,4733.6,5437.95703125,18314.03125
234.11450934410095,2,4731.6,5376.5546875,18338.03125
235.1388499736786,2,4745.9,5415.2265625,18358.03125
236.1631145477295,2,4753.8,5460.38671875,18398.03125
237.1885108947754,2,4751.3,5540.06640625,18572.03125
238.2129681110382,2,4745.8,5718.0,18772.03125
239.2370138168335,2,4730.4,5642.13671875,18772.03125
240.26151251792908,2,4756.5,5574.3359375,18824.03125
241.28681683540344,2,4749.7,5602.3203125,18824.03125
242.31151270866394,2,4756.2,5607.90234375,18824.03125
243.33650922775269,2,4738.8,5939.1953125,18904.03125
244.363525390625,2,4747.2,6150.51953125,19120.03125
245.38094305992126,2,4748.4,6907.1171875,19834.03125
246.40549683570862,2,4748.7,7564.109375,20090.03125
247.42997241020203,2,4741.2,7950.96484375,20782.03125
248.45650482177734,2,4738.5,8068.57421875,20806.03125
249.48090505599976,2,4723.6,8487.0,21190.03125
250.50532484054565,2,4723.5,8744.48828125,21190.03125
251.52849555015564,2,4746.0,8673.42578125,21190.03125
252.55350828170776,2,4726.9,8594.50390625,21214.03125
253.5777006149292,2,4724.5,8552.42578125,21214.03125
254.60194492340088,2,4724.4,8648.67578125,21214.03125
255.62650871276855,2,4744.3,8811.9375,21282.03125
256.65186953544617,2,4750.2,8890.21484375,21282.03125
257.67622327804565,2,4748.5,8839.140625,21314.03125
258.70150566101074,2,4754.2,8795.078125,21314.03125
259.72574758529663,2,4745.3,8713.0078125,21314.03125
260.7501218318939,2,4748.2,8674.2265625,21314.03125
261.77388644218445,2,4750.3,8789.4765625,21378.03125
262.7982404232025,2,4753.4,8779.7578125,21378.03125
263.8235125541687,2,4765.1,8967.1640625,21514.03125
264.8479516506195,2,4760.0,9125.15234375,21514.03125
265.871506690979,2,4760.7,9165.52734375,21514.03125
266.8965091705322,2,4717.7,9059.5,21542.03125
267.91990065574646,2,4754.9,9174.02734375,21642.03125
268.9445126056671,2,4753.1,9178.58203125,21642.03125
269.9689483642578,2,4758.1,9226.203125,21718.03125
270.9935083389282,2,4754.5,9164.25,21718.03125
272.01850867271423,2,4738.6,9307.6875,21854.03125
273.04351329803467,2,4738.3,9122.515625,21898.03125
274.0680592060089,2,4737.5,9070.234375,21898.03125
275.09262251853943,2,4754.1,9246.97265625,21970.03125
276.1175117492676,2,4739.4,9152.09375,21970.03125
277.14221572875977,2,4726.8,9213.546875,22082.03125
278.16351222991943,2,4739.7,9318.00390625,22266.03125
279.18800115585327,2,4734.5,9285.84375,22326.03125
280.2135097980499,2,4736.4,9350.65234375,22446.03125
281.23802876472473,2,4716.0,9133.6640625,22446.03125
282.26350951194763,2,4744.8,9072.46484375,22446.03125
283.2880163192749,2,4740.8,9096.1953125,22486.03125
284.31351113319397,2,4743.9,9015.03515625,22486.03125
285.33802032470703,2,4733.1,9110.3671875,22486.03125
286.3635151386261,2,4739.8,9108.97265625,22590.03125
287.38826847076416,2,4751.9,9297.3984375,22630.03125
288.413512468338,2,4735.4,9324.6796875,22678.03125
289.4385097026825,2,4742.7,9162.83203125,22678.03125
290.4625141620636,2,4745.1,9273.6484375,22754.03125
291.48835945129395,2,4738.2,9191.90234375,22754.03125
292.51197123527527,2,4731.5,9141.5703125,22754.03125
293.52831268310547,2,3597.5,9123.07421875,22754.03125
294.53985023498535,2,3023.3,9041.9375,22754.03125
295.5509898662567,2,2969.9,8987.7734375,22754.03125
296.5624568462372,2,2878.6,8878.69921875,22830.03125
297.574063539505,2,2813.5,8943.99609375,22934.03125
298.5856149196625,2,2781.4,8837.37109375,22934.03125
299.5969886779785,2,2778.7,8831.484375,22934.03125
300.60861015319824,2,2779.5,8768.94140625,22934.03125
301.6199610233307,2,2777.2,8607.53515625,22934.03125
302.63142943382263,2,2649.7,8500.32421875,23010.03125
303.64286971092224,2,2514.7,8393.37890625,23010.03125
304.6541178226471,2,2477.4,8345.30859375,23134.03125
305.66530108451843,2,2130.1,8100.04296875,23134.03125
306.67410254478455,2,1818.3,8017.33984375,23134.03125
307.6827509403229,2,1791.7,7847.8203125,23134.03125
308.69126081466675,2,1709.7,7728.87890625,23134.03125
309.7002258300781,2,1535.1,7410.4296875,23134.03125
310.7086350917816,2,1355.9,7132.28515625,23134.03125
311.71753787994385,2,1202.6,6958.91015625,23134.03125
312.72537088394165,2,1070.9,6712.33203125,23134.03125
313.733845949173,2,882.0,6525.8125,23134.03125
314.74176478385925,2,728.6,6369.9609375,23134.03125
315.7491819858551,2,703.0,6160.34765625,23134.03125
316.756329536438,2,559.2,5974.078125,23134.03125
317.76671051979065,2,447.7,5767.44140625,23134.03125
318.77635765075684,2,402.8,5600.52734375,23134.03125
319.7869017124176,2,314.9,5467.171875,23134.03125
320.7967538833618,2,293.1,5309.90234375,23134.03125
321.80647444725037,2,204.0,5164.0,23358.03125
322.8163990974426,2,178.3,4952.1171875,23358.03125
323.8258168697357,2,105.0,4846.05859375,23358.03125
324.8351037502289,2,106.9,4699.39453125,23358.03125
325.84516763687134,2,108.0,4576.2734375,23358.03125
326.854731798172,2,106.9,4573.59765625,23358.03125
327.86475014686584,2,107.9,4517.29296875,23358.03125
328.87526679039,2,104.9,4322.80859375,23358.03125
329.8855605125427,2,104.0,4160.14453125,23358.03125
330.8952269554138,2,107.9,4095.04296875,23358.03125
331.90543365478516,2,105.0,4020.48046875,23358.03125
332.9153299331665,2,101.0,4129.50390625,23806.03125
333.9251787662506,2,101.1,4091.78515625,23806.03125
334.934543132782,2,108.9,3778.12109375,23806.03125
335.94509387016296,2,104.0,3729.62890625,23806.03125
336.9546163082123,2,102.9,3685.109375,23806.03125
337.9650900363922,2,102.0,3653.40234375,23806.03125
338.975168466568,2,103.9,3596.80078125,23806.03125
339.9857985973358,2,102.0,3562.9140625,23806.03125
340.99575424194336,2,103.0,3502.02734375,23806.03125
342.00552582740784,2,101.0,3511.2890625,23806.03125
343.01491379737854,2,101.0,3343.5625,23806.03125
344.0251178741455,2,101.0,3402.55859375,23806.03125
345.03487062454224,2,100.0,3428.546875,23806.03125
346.04497361183167,2,100.0,3420.4296875,23806.03125
347.05464243888855,2,100.0,3426.26171875,23806.03125
348.0649428367615,2,100.9,3313.9140625,23806.03125
349.0756938457489,2,102.0,3304.16015625,23806.03125
350.08524322509766,2,102.1,3286.90234375,23806.03125
351.09435057640076,2,101.0,3261.89453125,23806.03125
352.1038362979889,2,101.0,3260.8046875,23806.03125
353.113609790802,2,102.0,3227.8359375,23806.03125
354.12376856803894,2,100.0,3252.87890625,23806.03125
355.1333796977997,2,101.0,3242.37890625,23806.03125
356.14322233200073,2,101.1,3218.4140625,23806.03125
357.15210008621216,2,101.0,3203.8125,23806.03125
358.1615285873413,2,100.0,3188.01953125,23806.03125
359.171204328537,2,101.1,3179.76953125,23806.03125
360.18045353889465,2,101.0,3193.25390625,23806.03125
361.19070315361023,2,100.0,3263.33984375,23806.03125
362.2001943588257,2,100.0,3213.34375,23806.03125
363.2101333141327,2,101.0,3213.34375,23806.03125
364.2197961807251,2,101.1,3202.0859375,23806.03125
365.22846722602844,2,100.1,3189.1328125,23806.03125
366.23785185813904,2,100.0,3252.53125,23806.03125
367.247971534729,2,100.0,3253.953125,23806.03125
368.25747561454773,2,100.0,3253.22265625,23806.03125
369.26792550086975,2,100.0,3253.9453125,23806.03125
370.2776663303375,2,101.0,3217.3125,23806.03125
371.2871530056,2,100.0,3217.3125,23806.03125
372.29678177833557,2,100.1,3212.80859375,23806.03125
373.306010723114,2,100.0,3207.55859375,23806.03125
374.31586623191833,2,101.0,3194.3359375,23806.03125
375.32538866996765,2,101.0,3103.83984375,23806.03125
376.3356385231018,2,249.3,2693.921875,23806.03125
377.34663558006287,2,553.4,3121.73828125,23950.03515625
378.356742143631,2,106.9,3023.01171875,23950.10546875
379.3672125339508,2,106.8,2976.1015625,24158.12109375
380.37850403785706,2,502.3,3305.046875,25470.12109375
381.3940269947052,2,1743.2,4938.60546875,33662.20703125
382.40426206588745,2,1904.6,3474.71875,30590.1640625
383.4127461910248,2,899.8,3636.44921875,38678.15234375
384.42049741744995,2,3859.4,5253.13671875,38678.15234375
385.4375162124634,2,4348.1,6332.1484375,38678.15234375
386.4532701969147,2,2955.6,6724.6796875,38678.15234375
387.46031427383423,2,2388.2,6788.71484375,38678.15234375
388.4677698612213,2,1926.7,4150.3359375,38678.15234375
389.47617769241333,2,3968.9,5984.5234375,44822.15234375
390.4934973716736,2,4502.8,7460.3984375,44822.15234375
391.50594091415405,2,3195.0,7619.60546875,44822.15234375
392.51461839675903,2,3718.9,8467.0390625,44822.15234375
393.5252859592438,2,2553.5,8419.3671875,44822.15234375
394.5352432727814,2,2167.2,8468.9375,44822.15234375
395.5454971790314,2,3290.7,3224.53125,42774.12109375
396.5634939670563,2,4734.7,3174.49609375,42774.12109375
397.58356380462646,2,4387.3,3267.8984375,42774.12109375
398.6004889011383,2,4787.8,3185.8125,42774.12109375
399.61749720573425,2,4703.5,3190.94921875,42774.12109375
400.6339855194092,2,1012.1,3134.5390625,42774.12109375
401.6417648792267,2,101.3,3109.890625,42774.12109375
402.64867329597473,2,100.3,3072.96875,42774.12109375
403.65607476234436,2,124.0,3498.7578125,42776.140625
404.6640627384186,2,99.2,3874.34765625,42776.140625
405.6718313694,4,80.3,4242.48046875,42936.39453125
406.6800136566162,4,100.2,4461.984375,43171.01171875
407.68823623657227,4,101.1,4696.203125,43418.8984375
408.69720220565796,4,99.3,4904.20703125,43638.3125
409.70443749427795,4,101.2,5153.875,43901.92578125
410.71252965927124,4,99.3,5507.98828125,44261.9609375
411.71976685523987,4,101.1,5869.48828125,44623.54296875
412.728538274765,4,100.2,6223.0,44982.03125
413.73633456230164,4,99.2,6579.19921875,45343.08203125
414.7443060874939,4,100.1,6939.57421875,45703.24609375
415.7533986568451,4,100.1,7293.0234375,46064.44140625
416.76228857040405,4,100.1,7652.6484375,46424.08984375
417.77161049842834,4,100.1,8014.1484375,46785.671875
418.7806613445282,4,100.1,8374.8984375,47146.22265625
419.7899754047394,4,100.1,8735.640625,47507.2890625
420.7990972995758,4,99.1,9095.265625,47866.9375
421.80851340293884,4,101.0,9455.640625,48229.29296875
422.81884694099426,4,100.1,9816.765625,48590.23046875
423.8282880783081,4,99.0,10177.140625,48950.65234375
424.8379123210907,4,100.0,10538.265625,49311.84765625
425.8479690551758,4,100.1,10898.22265625,49673.30078125
426.8569543361664,4,100.1,11258.97265625,50034.23828125
427.8660707473755,4,99.1,11618.97265625,50394.2734375
428.87528705596924,4,101.0,11979.72265625,50754.953125
429.8847234249115,4,99.1,12340.47265625,51115.890625
430.8937427997589,4,100.1,12700.84765625,51476.3125
431.9031343460083,4,100.1,13060.09765625,51835.57421875
432.912047624588,4,100.1,13419.72265625,52195.22265625
433.9207832813263,4,100.1,13780.47265625,52555.90234375
434.9302215576172,4,99.1,14140.84765625,52916.453125
435.93972063064575,4,101.0,14340.34765625,53115.87109375
436.9491398334503,4,98.1,14358.72265625,53134.17578125
437.957870721817,4,99.9,14721.12109375,53557.1328125
438.96881461143494,4,100.0,14491.67578125,53266.80859375
439.9784336090088,5,0.0,4368.859375,43370.5234375
440.9886894226074,2,2.0,4006.78125,42950.42578125
441.99963879585266,2,497.9,3884.74609375,43800.1875
443.0105035305023,2,3313.4,5054.37890625,47896.25
444.0352051258087,2,4787.0,5054.37890625,47896.25
445.0592122077942,2,4713.9,5116.765625,47896.25
446.0770478248596,2,626.6,5790.33203125,49944.28125
447.0855197906494,2,100.2,6200.40625,49944.28125
448.09352111816406,4,85.4,6559.8515625,50091.515625
449.1010046005249,4,99.2,6896.546875,50428.35546875
450.10909485816956,4,100.3,7248.296875,50780.140625
451.1163749694824,4,99.2,7594.421875,51126.125
452.12454628944397,4,101.2,7946.53125,51478.18359375
453.1328592300415,4,99.2,8298.65625,51830.484375
454.14140725135803,4,100.1,8633.15625,52164.73828125
455.1499936580658,4,99.2,8961.68359375,52501.828125
456.15769815444946,4,100.2,9290.18359375,52830.28125
457.16558623313904,4,100.3,9617.0234375,53157.21875
458.1729393005371,4,99.3,9957.8984375,53498.17578125
459.18026757240295,4,100.0,10310.0234375,53850.4765625
460.18998742103577,4,101.0,10695.1484375,54235.51953125
461.19970631599426,4,99.1,11081.0234375,54621.3359375
462.209219455719,4,100.0,11467.6484375,55007.92578125
463.2187309265137,4,99.0,11853.5234375,55393.7421875
464.22865748405457,4,101.1,12238.6484375,55779.04296875
465.23781538009644,4,100.1,12620.95703125,56164.98828125
466.24707102775574,4,100.0,13007.95703125,56551.96484375
467.2571187019348,4,99.1,13394.58203125,56938.296875
468.26601123809814,4,100.0,13777.83203125,57321.6640625
469.27582573890686,4,100.1,14163.70703125,57707.609375
470.2844331264496,4,99.1,14548.83203125,58092.65234375
471.2937045097351,4,101.0,14935.45703125,58479.2421875
472.30334401130676,4,99.0,15317.11328125,58863.3828125
473.3129949569702,4,100.0,15703.73828125,59250.1015625
474.3227813243866,4,101.0,16089.61328125,59635.91796875
475.3329062461853,4,99.1,16476.98828125,60023.28125
476.3420763015747,4,99.1,16861.36328125,60407.6796875
477.3510127067566,4,101.1,17248.73828125,60795.04296875
478.36024022102356,4,99.0,17634.61328125,61180.859375
479.3698477745056,4,101.0,18020.86328125,61567.19140625
480.37969517707825,4,99.0,18405.23828125,61951.58984375
481.39001750946045,4,100.1,18791.48828125,62337.6640625
482.3987832069397,4,100.1,19176.61328125,62722.96484375
483.40774297714233,4,100.1,19458.61328125,63004.8828125
484.41702103614807,4,100.0,19519.36328125,63065.7265625
485.4270906448364,4,99.0,19519.36328125,63065.7265625
486.4368779659271,4,100.0,19519.36328125,63065.7265625
487.447083234787,4,99.9,19542.90625,63094.9453125
488.45824241638184,4,100.0,19938.88671875,63626.8984375
489.46853494644165,4,99.0,20137.8671875,63794.58203125
490.47827887535095,4,100.9,20151.8671875,63794.58203125
491.48869156837463,4,99.9,6408.6015625,49951.49609375
492.49952721595764,5,0.0,6914.6171875,50824.2578125
493.50942969322205,5,99.9,7291.77734375,51195.796875
494.52004408836365,4,0.0,6408.6015625,49951.49609375
495.53074622154236,2,96.0,5456.2265625,50649.16015625
496.54080724716187,2,100.0,6115.28515625,50165.12890625
497.5511622428894,2,823.7,6815.546875,50165.12890625
498.56371688842773,2,180.4,6957.89453125,50165.12890625
499.5724992752075,2,218.1,6979.546875,50165.12890625
500.5812406539917,2,755.7,7000.38671875,50165.12890625
501.59094738960266,2,1916.1,11138.828125,50165.12890625
502.6084978580475,2,4246.0,13315.78515625,50165.12890625
503.62849736213684,2,4626.6,14176.8046875,50165.12890625
504.6531021595001,2,4576.9,14365.9765625,50165.12890625
505.6725401878357,2,3852.6,15305.37890625,50165.12890625
506.71051597595215,2,3928.4,14808.3046875,50165.12890625
507.7215106487274,2,2921.1,15327.4765625,50165.12890625
508.7408039569855,2,2063.3,15332.1953125,50165.12890625
509.7547616958618,2,3243.3,15337.078125,50165.12890625
510.76409935951233,2,913.3,7983.03515625,50165.12890625
511.77142095565796,2,205.6,7930.51171875,50165.12890625
512.7784101963043,2,636.9,7776.9453125,50165.12890625
513.7879953384399,2,1129.7,7503.11328125,50165.12890625
514.7952709197998,2,1329.6,11001.62109375,50165.12890625
515.8062264919281,2,4592.7,13007.52734375,50165.12890625
516.8245060443878,2,4630.6,15507.96484375,50165.12890625
517.8505010604858,2,4483.4,14317.4453125,50165.12890625
518.8615097999573,2,3286.1,14611.65625,50165.12890625
519.8715002536774,2,4102.2,15147.828125,50165.12890625
520.8831565380096,2,1929.8,15196.83203125,50165.12890625
521.8924989700317,2,2477.9,15275.5078125,50165.12890625
522.9025192260742,2,2655.3,10476.3203125,50165.12890625
523.910890340805,2,1111.7,8517.02734375,50389.12890625
524.9192583560944,2,1072.3,8021.609375,50389.12890625
525.9311511516571,2,1213.5,7870.15234375,50389.12890625
526.9389977455139,2,2205.8,11432.671875,50389.12890625
527.9564971923828,2,4553.7,12325.078125,50389.12890625
528.9735276699066,2,4594.2,12919.91015625,50389.12890625
529.985515832901,2,4064.1,13908.234375,50389.12890625
530.9943282604218,2,4519.7,14667.32421875,50389.12890625
532.0340495109558,2,4253.1,14176.73828125,50389.12890625
533.0424180030823,2,2434.9,14266.56640625,50389.12890625
534.0490276813507,2,3281.0,14227.70703125,50389.12890625
535.0594930648804,2,866.3,8242.3984375,50389.12890625
536.0659649372101,2,1326.9,8210.78125,50389.12890625
537.072051525116,2,1434.3,7977.9765625,50389.12890625
538.0795214176178,2,1082.4,9258.6640625,50389.12890625
539.087500333786,2,3671.3,12277.86328125,50389.12890625
540.1055099964142,2,4641.4,13352.734375,50389.12890625
541.1249492168427,2,4455.4,13884.66796875,50389.12890625
542.1352298259735,2,3948.6,14733.48046875,50389.12890625
543.175509929657,2,4408.4,13892.83203125,50389.12890625
544.1856167316437,2,3304.6,14360.9375,50389.12890625
545.1915891170502,2,2523.2,14162.33203125,50389.12890625
546.2007577419281,2,3033.0,14326.19921875,50389.12890625
547.207946062088,2,1250.5,8642.2265625,50389.12890625
548.2163009643555,2,934.8,8031.1875,50389.12890625
549.2240467071533,2,1347.7,7834.3125,50389.12890625
550.2335433959961,2,1875.3,10713.15625,50389.12890625
551.2494971752167,2,4526.6,12342.91015625,50389.12890625
552.2668406963348,2,4534.2,12894.39453125,50389.12890625
553.2795033454895,2,4082.2,13848.54296875,50389.12890625
554.2875490188599,2,4440.6,14650.734375,50389.12890625
555.3235003948212,2,4353.2,14125.765625,50389.12890625
556.340106010437,2,2686.3,14222.57421875,50389.12890625
557.3490102291107,2,3077.2,14154.87109375,50389.12890625
558.3591830730438,2,1127.0,7915.625,50389.12890625
559.3670608997345,2,1269.3,8180.0546875,50645.12890625
560.3746860027313,2,1624.0,7973.2265625,50645.12890625
561.4012215137482,2,1116.4,8397.55859375,50645.12890625
562.4115536212921,2,2987.3,12296.21875,50645.12890625
563.4194993972778,2,4548.6,12814.625,50645.12890625
564.4340896606445,2,4465.9,13948.3515625,50645.12890625
565.4445478916168,2,3862.0,14969.703125,50645.12890625
566.4825353622437,2,4700.2,14837.234375,50645.12890625
567.5265004634857,2,3850.4,14602.87890625,50645.12890625
568.5344972610474,2,2613.6,14453.2578125,50645.12890625
569.5429081916809,2,3446.9,14473.49609375,50645.12890625
570.5515561103821,2,678.3,8409.26953125,50645.12890625
571.5599036216736,2,1353.9,8352.46484375,50645.12890625
572.5685079097748,2,1580.4,8081.53515625,50645.12890625
573.6129286289215,2,1105.5,8574.21484375,50645.12890625
574.6205022335052,2,3472.7,11586.7734375,50645.12890625
575.6385056972504,2,4578.9,12609.0703125,50645.12890625
576.6605014801025,2,4476.8,13558.33203125,50645.12890625
577.6782369613647,2,3973.3,14423.82421875,50645.12890625
578.7135066986084,2,4401.6,13599.23828125,50645.12890625
579.7284996509552,2,3071.2,13982.7265625,50645.12890625
580.7376282215118,2,2701.2,13963.046875,50645.12890625
581.7468330860138,2,2934.5,14009.8359375,50645.12890625
582.7553882598877,2,1303.5,8944.20703125,50645.12890625
583.7633128166199,2,910.6,8274.7265625,50645.12890625
584.7738955020905,2,1382.4,8061.86328125,50645.12890625
585.7825448513031,2,1900.1,10331.48046875,50645.12890625
586.7914984226227,2,4548.9,11655.0,50645.12890625
587.8095116615295,2,4494.9,12760.5,50645.12890625
588.8216586112976,2,3966.5,13533.08984375,50645.12890625
589.8305552005768,2,4411.2,14313.3359375,50645.12890625
590.8691596984863,2,4376.1,13797.3515625,50645.12890625
591.8806581497192,2,2603.0,13794.08203125,50645.12890625
592.8893475532532,2,3133.9,13715.09375,50645.12890625
593.9009885787964,2,1223.6,7974.3046875,50645.12890625
594.9101469516754,2,1407.2,8545.3671875,50645.12890625
595.9172232151031,2,1310.3,8074.24609375,50645.12890625
596.9245347976685,2,1206.7,7903.1875,50645.12890625
597.9386801719666,2,3081.7,11591.18359375,50645.12890625
598.9445085525513,2,4596.3,12123.7109375,50645.12890625
599.9665009975433,2,4493.0,13486.828125,50645.12890625
600.9845428466797,2,3845.8,14407.4765625,50645.12890625
602.0288124084473,2,4671.9,13611.7421875,50645.12890625
603.038512468338,2,3460.4,14031.828125,50645.12890625
604.0495052337646,2,2589.9,13898.8359375,50645.12890625
605.0567157268524,2,3266.9,13950.66015625,50645.12890625
606.0652675628662,2,1118.8,8827.0234375,50645.12890625
607.074521780014,2,993.9,8315.7109375,50645.12890625
608.0837395191193,2,1464.2,8162.28125,50645.12890625
609.0910844802856,2,1097.9,9175.1171875,50645.12890625
610.0993773937225,2,3372.8,12518.20703125,50645.12890625
611.117073059082,2,4617.7,13232.65625,50645.12890625
612.1414983272552,2,4505.4,14222.37890625,50645.12890625
613.1585469245911,2,3906.7,15106.01171875,50645.12890625
614.1985368728638,2,4751.5,14815.046875,50645.12890625
615.2150797843933,2,3597.2,14722.859375,50645.12890625
616.2207043170929,2,2581.8,14571.36328125,50645.12890625
617.2310461997986,2,3483.9,14598.3125,50645.12890625
618.2395012378693,2,1142.2,8241.3359375,50645.12890625
619.2563815116882,2,1022.1,7913.5859375,50645.12890625
620.2631402015686,2,1217.6,7758.38671875,50645.12890625
621.2715592384338,2,2440.0,11525.67578125,50677.12890625
622.3064975738525,2,4493.3,13690.1015625,50677.12890625
623.3230702877045,2,4617.9,14670.484375,50677.12890625
624.3475000858307,2,4518.4,14392.2265625,50677.12890625
625.3655385971069,2,3967.3,15482.04296875,50677.12890625
626.4015326499939,2,4679.0,15449.9140625,50677.12890625
627.4375331401825,2,4771.2,15232.04296875,50677.12890625
628.4580826759338,2,3175.1,15095.2265625,50677.12890625
629.4677982330322,2,2794.9,15038.921875,50677.12890625
630.4745488166809,2,3207.0,15222.08203125,50677.12890625
631.4832451343536,2,1762.0,8032.99609375,50677.12890625
632.4925467967987,2,1368.1,11010.93359375,50677.12890625
633.5278618335724,2,4472.0,13035.8671875,50677.12890625
634.5461995601654,2,4451.0,13507.05078125,50677.12890625
635.5559940338135,2,4042.3,13556.86328125,50677.12890625
636.5985496044159,2,4640.9,13508.359375,50677.12890625
637.6405324935913,2,4769.6,13440.53125,50677.12890625
638.6824979782104,2,3037.4,13120.53125,50677.12890625
639.7010235786438,2,3336.9,13229.98046875,50677.12890625
640.7114980220795,2,1774.1,7174.32421875,50677.12890625
641.7237207889557,2,985.7,10649.35546875,50677.12890625
642.7345027923584,2,4439.3,12783.015625,50677.12890625
643.7535071372986,2,4704.4,14125.1015625,50677.12890625
644.777694940567,2,3893.0,13437.82421875,50677.12890625
645.8125205039978,2,4768.8,13384.4296875,50677.12890625
646.848539352417,2,4637.2,13350.5625,50677.12890625
647.8889851570129,2,3102.0,13062.4609375,50677.12890625
648.9091744422913,2,3248.7,13242.21875,50677.12890625
649.9195261001587,2,1095.9,6881.03125,50677.12890625
650.927499294281,2,356.0,7710.94921875,50677.12890625
651.9442591667175,2,1407.8,7504.54296875,50677.12890625
652.9545042514801,2,2681.7,7580.43359375,50677.12890625
653.9934992790222,2,3395.5,10595.421875,50677.12890625
655.0035126209259,2,4593.7,12744.09375,50677.12890625
656.0179889202118,2,4308.7,13097.83984375,50677.12890625
657.0265898704529,2,4169.0,13611.11328125,50677.12890625
658.0404284000397,2,4080.3,13556.609375,50677.12890625
659.0586452484131,2,2537.7,13662.64453125,50677.12890625
660.0677669048309,2,3269.0,13600.55078125,50677.12890625
661.0779342651367,2,786.7,7415.22265625,50677.12890625
662.0865008831024,2,745.9,8355.640625,50677.12890625
663.1035163402557,2,1185.0,7913.70703125,50677.12890625
664.1110105514526,2,2655.4,8377.875,50677.12890625
665.1191184520721,2,3875.9,10510.0546875,50677.12890625
666.137797832489,2,4560.0,11775.20703125,50677.12890625
667.1515545845032,2,4212.3,12989.00390625,50677.12890625
668.1694347858429,2,4371.8,13659.609375,50677.12890625
669.2045300006866,2,3439.5,13453.7265625,50677.12890625
670.2110617160797,2,2443.8,13311.96875,50677.12890625
671.217752456665,2,2934.7,13380.015625,50677.12890625
672.2264976501465,2,1356.7,8640.1484375,50677.12890625
673.233674287796,2,914.9,8164.84375,50677.12890625
674.2414274215698,2,1017.2,7951.50390625,50677.12890625
675.2500548362732,2,2421.0,8405.80859375,50677.12890625
676.2574346065521,2,4058.0,10294.6015625,50677.12890625
677.2687730789185,2,4358.6,11434.5078125,50677.12890625
678.278599023819,2,4512.9,12892.265625,50677.12890625
679.2893922328949,2,3621.5,13130.42578125,50677.12890625
680.2978563308716,2,3442.9,13711.1015625,50677.12890625
681.3056683540344,2,2427.3,13557.3203125,50677.12890625
682.3158662319183,2,3419.7,13653.84375,50677.12890625
683.3234992027283,2,1106.9,8667.17578125,50677.12890625
684.340850353241,2,1033.9,8225.359375,50677.12890625
685.3492360115051,2,987.7,8016.75,50677.12890625
686.3574957847595,2,2073.5,7801.5859375,50677.12890625
687.4084303379059,2,3014.5,10999.66796875,50677.12890625
688.4175026416779,2,4437.8,11735.55859375,50677.12890625
689.4380619525909,2,4719.3,14382.49609375,50677.12890625
690.4539287090302,2,4303.2,14729.69921875,50677.12890625
691.4725527763367,2,4038.4,15780.82421875,50677.12890625
692.5068371295929,2,3779.8,15224.66796875,50677.12890625
693.5169725418091,2,2884.8,16228.85546875,50677.12890625
694.5262722969055,2,2312.1,16255.90234375,50677.12890625
695.5348641872406,2,3316.8,16212.12109375,50677.12890625
696.5451979637146,2,1563.1,16631.2109375,50677.12890625
697.552886724472,2,1357.9,8819.6171875,50677.12890625
698.5617110729218,2,879.3,8226.82421875,50677.12890625
699.5691924095154,2,1078.2,8088.1796875,50677.12890625
700.5773484706879,2,2600.0,7978.18359375,50677.12890625
701.5855002403259,2,3462.9,10845.75,50677.12890625
702.5925071239471,2,4453.1,12595.9140625,50677.12890625
703.6122410297394,2,4484.1,12954.56640625,50677.12890625
704.6275012493134,2,4361.2,14506.15234375,50677.12890625
705.6401772499084,2,3361.0,14943.6171875,50677.12890625
706.659503698349,2,4031.4,15530.046875,50677.12890625
707.6664981842041,2,2137.4,15816.07421875,50677.12890625
708.6765058040619,2,2295.1,16040.1953125,50677.12890625
709.6866590976715,2,2849.8,16131.1328125,50677.12890625
710.6965260505676,2,710.6,8577.171875,50997.12890625
711.7036607265472,2,1538.8,8284.0546875,50997.12890625
712.7108561992645,2,892.1,8143.46484375,50997.12890625
713.7175378799438,2,1222.5,7807.87890625,50997.12890625
714.7253606319427,2,3591.2,10339.71875,50997.12890625
715.7435040473938,2,4551.2,11559.0546875,50997.12890625
716.7635016441345,2,4498.6,12834.6328125,50997.12890625
717.7815487384796,2,3985.7,13863.49609375,50997.12890625
718.8162767887115,2,4007.8,13427.58203125,50997.12890625
719.824300289154,2,2615.4,13725.75,50997.12890625
720.8306415081024,2,2777.5,13743.88671875,50997.12890625
721.8457579612732,2,1950.3,7528.6484375,50997.12890625
722.8536536693573,2,1530.1,9315.3359375,50997.12890625
723.8620126247406,2,912.5,8201.94140625,50997.12890625
724.8691291809082,2,2117.8,7990.83203125,50997.12890625
725.930025100708,2,3586.7,10603.65625,50997.12890625
726.9472720623016,2,4499.3,12251.21484375,50997.12890625
727.9710922241211,2,4609.7,12992.02734375,50997.12890625
728.985508441925,2,4047.4,13512.22265625,50997.12890625
729.9941689968109,2,3690.3,13725.734375,50997.12890625
731.0040321350098,2,3203.7,14361.76953125,50997.12890625
732.0120832920074,2,1866.6,14270.21484375,50997.12890625
733.0214204788208,2,3586.3,14371.80859375,50997.12890625
734.0294988155365,2,1137.7,8830.7109375,50997.12890625
735.041472196579,2,1302.0,8238.6796875,50997.12890625
736.064376115799,2,677.8,8065.67578125,50997.12890625
737.0719995498657,2,901.7,7814.62109375,50997.12890625
738.0779569149017,2,3152.8,9209.4921875,50997.12890625
739.0915033817291,2,4528.5,10962.859375,50997.12890625
740.111170053482,2,4626.4,11638.5078125,50997.12890625
741.1245296001434,2,4395.7,12952.6796875,50997.12890625
742.1345024108887,2,3473.0,13182.68359375,50997.12890625
743.1448683738708,2,2926.8,13827.80859375,50997.12890625
744.1514978408813,2,2121.4,13862.7890625,50997.12890625
745.1622266769409,2,2804.0,14028.51171875,50997.12890625
746.1700794696808,2,1560.4,8807.97265625,50997.12890625
747.1795010566711,2,869.9,8077.8046875,50997.12890625
748.2075860500336,2,754.2,7957.48046875,50997.12890625
749.2164750099182,2,1614.2,7766.63671875,50997.12890625
750.2744970321655,2,3728.8,10005.82421875,50997.12890625
751.2925071716309,2,4602.8,12364.96875,50997.12890625
752.3125007152557,2,4352.8,12812.34765625,50997.12890625
753.3305082321167,2,3731.3,13087.921875,50997.12890625
754.3504993915558,2,3985.8,13624.28125,50997.12890625
755.3629932403564,2,1961.9,13751.39453125,50997.12890625
756.3701167106628,2,3230.3,13869.6328125,50997.12890625
757.3806192874908,2,1007.4,7879.37109375,50997.12890625
758.3889598846436,2,1621.3,8213.6796875,50997.12890625
759.3974084854126,2,883.9,8037.75,50997.12890625
760.4055004119873,2,777.5,7917.25,50997.12890625
761.4176421165466,2,2769.2,8503.73828125,50997.12890625
762.425431728363,2,4136.6,10291.00390625,50997.12890625
763.4350898265839,2,4696.9,13178.19921875,50997.12890625
764.4565048217773,2,4458.6,12941.22265625,50997.12890625
765.4707643985748,2,3509.1,13321.15625,50997.12890625
766.479029417038,2,3828.1,13993.5234375,50997.12890625
767.4862682819366,2,1937.1,13933.7421875,50997.12890625
768.4959712028503,2,3421.2,14011.5390625,50997.12890625
769.5065603256226,2,813.8,8079.4609375,50997.12890625
770.5151250362396,2,1655.4,8314.51171875,50997.12890625
771.5258986949921,2,889.4,8180.5625,50997.12890625
772.5375008583069,2,1597.6,7979.18359375,50997.12890625
773.5965104103088,2,3624.7,10375.859375,50997.12890625
774.6142103672028,2,4524.9,12106.37890625,50997.12890625
775.6379635334015,2,4410.7,13028.81640625,50997.12890625
776.6463208198547,2,3997.3,13967.84375,50997.12890625
777.6859290599823,2,3779.2,13590.96875,50997.12890625
778.7033550739288,2,2448.8,13767.19140625,50997.12890625
779.7113466262817,2,2980.4,13777.87109375,50997.12890625
780.7217085361481,2,1487.2,8103.92578125,50997.12890625
781.7288045883179,2,1604.5,8546.15625,50997.12890625
782.7366790771484,2,773.8,8321.609375,50997.12890625
783.7447295188904,2,1260.8,8047.48046875,50997.12890625
784.7525038719177,2,3338.5,10180.61328125,50997.12890625
785.7655091285706,2,4438.8,11414.921875,50997.12890625
786.7860157489777,2,4527.2,12884.12890625,50997.12890625
787.7999851703644,2,3921.1,13315.34375,50997.12890625
788.8077189922333,2,3836.6,13417.89453125,50997.12890625
789.8185005187988,2,3094.5,13878.9296875,50997.12890625
790.8258240222931,2,2211.2,13852.73046875,50997.12890625
791.8361463546753,2,2985.3,13989.28125,50997.12890625
792.8436868190765,2,1567.6,8813.59765625,50997.12890625
793.8510251045227,2,675.3,8376.40625,50997.12890625
794.8593215942383,2,967.1,8139.65625,51509.16015625
795.8675310611725,2,2325.6,8735.1640625,50997.12890625
796.8754999637604,2,3889.5,10842.75,50997.12890625
797.8895092010498,2,4599.4,13127.44921875,50997.12890625
798.9095017910004,2,4385.9,13444.01953125,50997.12890625
799.9272470474243,2,3876.5,13532.5078125,50997.12890625
800.9345037937164,2,3848.4,14053.921875,50997.12890625
801.9438900947571,2,2248.2,14214.140625,50997.12890625
802.9525001049042,2,3087.6,14091.7265625,50997.12890625
803.9629940986633,2,1499.7,8004.36328125,50997.12890625
804.9716684818268,2,1588.9,9220.51171875,50997.12890625
805.9786531925201,2,728.6,8422.46484375,50997.12890625
806.9846985340118,2,1326.2,8117.11328125,50997.12890625
807.9920659065247,2,2377.3,9657.46875,50997.12890625
809.0034980773926,2,4417.4,11484.27734375,50997.12890625
810.0201308727264,2,4604.8,13752.58984375,50997.12890625
811.047524690628,2,4585.8,14530.98046875,50997.12890625
812.0618815422058,2,4125.6,15127.70703125,50997.12890625
813.0715112686157,2,3734.6,15379.71875,50997.12890625
814.096461057663,2,3882.9,15971.75,50997.12890625
815.1044456958771,2,2326.6,16222.84375,50997.12890625
816.113349199295,2,2383.7,16450.21875,50997.12890625
817.1281867027283,2,2890.5,16511.9765625,50997.12890625
818.1358036994934,2,616.5,8529.9296875,50997.12890625
819.1464717388153,2,1696.1,8473.96484375,50997.12890625
820.1539461612701,2,609.2,8368.14453125,50997.12890625
821.1618506908417,2,1397.2,8104.0625,50997.12890625
822.1703546047211,2,2296.5,9343.3984375,50997.12890625
823.1814975738525,2,4467.8,10856.71484375,50997.12890625
824.1923043727875,2,4484.1,11969.69921875,50997.12890625
825.2035057544708,2,4534.0,13478.4296875,50997.12890625
826.2195093631744,2,3614.3,13680.859375,50997.12890625
827.2329709529877,2,3678.8,14312.5859375,50997.12890625
828.2425000667572,2,2322.8,14152.453125,50997.12890625
829.2501912117004,2,3621.3,14213.4296875,50997.12890625
830.2590937614441,2,590.4,8962.15234375,51381.12890625
831.2683868408203,2,1598.9,8552.16796875,51381.12890625
832.2760276794434,2,707.4,8334.1640625,51381.12890625
833.2867765426636,2,1289.2,8024.328125,51381.12890625
834.2951409816742,2,3292.7,10433.7265625,51381.12890625
835.3075158596039,2,4450.8,11599.5390625,51381.12890625
836.3269906044006,2,4571.0,13133.72265625,51381.12890625
837.3355481624603,2,3902.9,14227.1875,51381.12890625
838.3714988231659,2,4004.6,13647.390625,51381.12890625
839.3812515735626,2,2794.2,14100.50390625,51381.12890625
840.3900294303894,2,2427.2,14028.0703125,51381.12890625
841.4003734588623,2,2753.3,7722.16796875,51893.13671875
842.4085013866425,2,1619.6,9192.55078125,51381.12890625
843.4161553382874,2,599.6,8511.71484375,51381.12890625
844.4250955581665,2,1178.2,8371.27734375,51381.12890625
845.4334328174591,2,2500.8,8553.9296875,51381.12890625
846.4455173015594,2,3580.9,11445.890625,51381.12890625
847.4630842208862,2,4540.0,13047.2890625,51381.12890625
848.486822605133,2,4571.2,13362.515625,51381.12890625
849.5022840499878,2,4369.3,14941.42578125,51381.12890625
850.5126366615295,2,3505.0,15342.0,51381.12890625
851.5370421409607,2,4119.8,15869.734375,51381.12890625
852.5554990768433,2,2400.3,16394.01171875,51381.12890625
853.5745005607605,2,2061.0,16242.32421875,51381.12890625
854.5842635631561,2,3409.7,16541.90625,51381.12890625
855.5919616222382,2,586.4,8054.06640625,51381.12890625
856.5996785163879,2,1680.4,9003.921875,51381.12890625
857.6077792644501,2,629.1,8250.42578125,51381.12890625
858.6155791282654,2,1253.9,8121.20703125,51381.12890625
859.623633146286,2,1878.9,9090.58984375,51381.12890625
860.6324985027313,2,4367.5,10713.97265625,51381.12890625
861.6514995098114,2,4601.0,12208.55859375,51381.12890625
862.6637101173401,2,4230.9,13459.4140625,51381.12890625
863.6808421611786,2,3690.4,13571.265625,51381.12890625
864.6908447742462,2,3131.3,14038.7890625,51381.12890625
865.698935508728,2,2262.6,14074.078125,51381.12890625
866.7093799114227,2,2973.4,14198.1875,51381.12890625
867.7179713249207,2,1699.5,9870.53125,51381.12890625
868.7258067131042,2,411.0,8781.2421875,51381.12890625
869.7394952774048,2,1859.3,8563.765625,51381.12890625
870.762499332428,2,3176.0,11868.92578125,51381.12890625
871.780505657196,2,4593.9,13048.19140625,51381.12890625
872.805074930191,2,4447.3,14183.875,51381.12890625
873.8225421905518,2,4154.6,15037.8671875,51381.12890625
874.8577103614807,2,4266.1,14212.8984375,51381.12890625
875.865177154541,2,3142.1,14644.20703125,51381.12890625
876.8750295639038,2,2521.0,14485.80078125,51381.12890625
877.8829300403595,2,2946.2,14550.81640625,51381.12890625
878.8896265029907,2,1769.6,9521.796875,51381.12890625
879.8977158069611,2,889.2,8699.2890625,51381.12890625
880.9053082466125,2,1571.3,10666.87109375,51381.12890625
881.9135437011719,2,3679.4,13509.48046875,51381.12890625
882.9285142421722,2,4611.2,14207.12109375,51381.12890625
883.9482309818268,2,4553.9,13817.33203125,51381.12890625
884.963506937027,2,4208.4,15075.52734375,51381.12890625
885.9741175174713,2,4509.1,15870.72265625,51381.12890625
887.0138959884644,2,4640.6,15740.828125,51381.12890625
888.0549020767212,2,4146.4,15083.23046875,51381.12890625
889.0638563632965,2,2920.2,15383.2734375,51381.12890625
890.0716786384583,2,3071.3,15427.44140625,51381.12890625
891.0824208259583,2,1073.8,8483.69140625,51381.12890625
892.0908422470093,2,1814.9,9201.94140625,51381.12890625
893.0982022285461,2,1204.5,8399.4921875,51381.12890625
894.1065316200256,2,2787.5,11433.7734375,51381.12890625
895.1402630805969,2,4533.2,12365.2109375,51381.12890625
896.1469211578369,2,4510.4,13441.8046875,51381.12890625
897.1580045223236,2,4194.7,14646.2265625,51381.12890625
898.1671960353851,2,4503.8,15323.8203125,51381.12890625
899.2066965103149,2,3991.2,14833.5234375,51381.12890625
900.2243127822876,2,2692.1,15062.12109375,51381.12890625
901.2359657287598,2,2867.2,14977.609375,51381.12890625
902.2465395927429,2,1574.1,8269.64453125,51381.12890625
903.2552473545074,2,1692.7,9344.4453125,51381.12890625
904.2630696296692,2,1147.4,8497.265625,51381.12890625
905.2704493999481,2,3095.1,11482.53515625,51381.12890625
906.2831311225891,2,4485.4,12290.53515625,51381.12890625
907.3067140579224,2,4516.0,13804.28515625,51381.12890625
908.3245525360107,2,4183.4,14586.078125,51381.12890625
909.3595070838928,2,4297.3,13750.33203125,51381.12890625
910.3745009899139,2,3117.1,14255.4453125,51381.12890625
911.39550948143,2,2666.8,14092.23046875,51381.12890625
912.4107146263123,2,2239.1,8185.28125,51893.13671875
913.4181759357452,2,1739.5,9742.32421875,51381.12890625
914.4264760017395,2,939.4,8551.63671875,51381.12890625
915.4375474452972,2,2151.8,10614.0546875,51381.12890625
916.467499256134,2,4497.4,12310.09375,51381.12890625
917.4841802120209,2,4444.4,13088.60546875,51405.12890625
918.4955401420593,2,4245.4,14344.23046875,51405.12890625
919.5095431804657,2,4436.5,15030.8515625,51405.12890625
920.5454986095428,2,4075.4,14385.4140625,51405.12890625
921.5555129051208,2,2793.7,14611.32421875,51405.12890625
922.5664982795715,2,2916.4,14481.5546875,51405.12890625
923.5765178203583,2,1455.8,8643.84375,51405.12890625
924.5847606658936,2,1772.0,9586.640625,51405.12890625
925.5955581665039,2,1210.9,8745.66015625,51405.12890625
926.6065530776978,2,2352.0,12006.63671875,51405.12890625
927.6732416152954,2,4496.7,14337.1171875,51405.12890625
928.6902389526367,2,4669.5,15128.0625,51405.12890625
929.7131266593933,2,4538.4,15127.43359375,51405.12890625
930.7305390834808,2,4205.1,16011.03125,51405.12890625
931.7665493488312,2,4646.0,15967.98828125,51405.12890625
932.8035216331482,2,4754.9,15600.31640625,51405.12890625
933.8217318058014,2,3229.3,15655.75,51405.12890625
934.8307650089264,2,2865.1,15543.39453125,51405.12890625
935.8383531570435,2,2946.2,15810.05078125,51405.12890625
936.8463380336761,2,1520.1,9202.59765625,51405.12890625
937.8548419475555,2,1071.0,8684.62109375,51405.12890625
938.8623080253601,2,1585.3,10448.16015625,51405.12890625
939.8703274726868,2,3542.4,13538.95703125,51405.12890625
940.9045045375824,2,4612.0,14303.9296875,51405.12890625
941.9235453605652,2,4517.4,13805.71875,51405.12890625
942.9350142478943,2,4302.2,15186.640625,51405.12890625
943.9485461711884,2,4409.5,15966.62890625,51405.12890625
944.9845383167267,2,4678.4,15933.96875,51405.12890625
946.0204970836639,2,4311.8,15261.1171875,51405.12890625
947.0315029621124,2,2977.1,15634.90234375,51405.12890625
948.0511293411255,2,2909.2,15656.73046875,51405.12890625
949.0624969005585,2,2042.0,7689.9609375,51405.12890625
950.079498052597,2,2267.9,7757.12890625,51405.12890625
951.0936405658722,2,2610.4,8680.578125,51405.12890625
952.0998001098633,2,1827.5,7309.12890625,51212.28125
953.1076884269714,2,888.6,8403.19140625,51212.28125
954.1152701377869,2,2543.5,9838.51171875,51212.28125
955.1254975795746,2,4268.4,11374.23046875,51212.28125
956.1425075531006,2,4622.9,16514.0703125,58420.28125
957.1645123958588,2,4267.9,15188.83984375,58420.28125
958.1839447021484,2,4069.1,15486.01953125,58420.28125
959.1905064582825,2,3189.6,15760.6875,58420.28125
960.211501121521,2,3613.7,16567.13671875,58420.28125
961.2291722297668,2,1882.8,16901.7890625,58420.28125
962.2371377944946,2,1526.8,16838.63671875,58420.28125
963.2444641590118,2,4094.2,17234.38671875,58420.28125
964.2515323162079,2,643.6,8248.953125,60468.296875
965.2598688602448,2,880.6,8982.6796875,58420.28125
966.2694506645203,2,2891.0,9334.99609375,58420.28125
967.277503490448,2,3358.7,12653.94921875,58420.28125
968.2895021438599,2,4356.3,13523.12109375,58420.28125
969.3105027675629,2,4641.9,18449.203125,66612.28125
970.3302817344666,2,4513.5,20034.01953125,66612.28125
971.3455090522766,2,4423.0,18264.8203125,66612.28125
972.3575100898743,2,4352.5,18927.40625,66612.28125
973.3775188922882,2,3534.6,19215.94140625,66612.28125
974.4029364585876,2,3442.9,19449.4765625,66612.28125
975.4125006198883,2,4058.6,19964.80078125,66612.28125
976.4266378879547,2,3045.3,20957.48046875,66612.28125
977.4332399368286,2,1621.7,20840.89453125,66612.28125
978.440230846405,2,1761.9,20785.05859375,66612.28125
979.4525020122528,2,3549.3,21028.73828125,66612.28125
980.4634504318237,2,2507.4,21377.234375,66612.28125
981.4721841812134,2,626.4,7941.62890625,66612.28125
982.4804973602295,2,2093.6,8733.1875,66612.28125
983.5325100421906,2,3184.9,11580.23828125,66612.28125
984.5440146923065,2,4317.2,12705.8984375,66612.28125
985.562504529953,2,4625.1,16953.578125,66612.28125
986.587518453598,2,4656.6,18945.47265625,66612.28125
987.603800535202,2,4343.8,18112.4921875,66612.28125
988.6135091781616,2,4437.4,18384.08203125,66612.28125
989.6331405639648,2,3414.6,18745.0234375,66612.28125
990.6405076980591,2,3785.5,18959.0078125,66612.28125
991.6555013656616,2,4111.4,19788.08203125,66612.28125
992.6721360683441,2,1850.0,20259.99609375,66612.28125
993.6815006732941,2,1861.8,20102.95703125,66612.28125
994.6885013580322,2,2240.3,20419.4609375,66612.28125
995.70259308815,2,3804.4,20541.01953125,66612.28125
996.716153383255,2,594.2,9020.1640625,68660.296875
997.7241048812866,2,1013.8,8653.2109375,66612.28125
998.7311973571777,2,2996.2,10697.03125,66612.28125
999.7444968223572,2,4394.6,12605.52734375,66612.28125
1000.7625079154968,2,4555.0,15845.7578125,66660.28125
1001.7872171401978,2,4658.3,20630.625,66660.28125
1002.8065075874329,2,4437.0,17149.48046875,66660.28125
1003.8285076618195,2,4461.4,18290.19921875,66660.28125
1004.8477058410645,2,3515.0,18667.65625,66660.28125
1005.8558056354523,2,3791.5,18829.078125,66660.28125
1006.8652091026306,2,4029.3,19399.74609375,66660.28125
1007.8749878406525,2,2570.4,20286.83203125,66660.28125
1008.88250041008,2,1716.5,20211.44140625,66660.28125
1009.8912177085876,2,1489.5,20134.92578125,66660.28125
1010.9002566337585,2,4453.4,20374.46875,66660.28125
1011.9169116020203,2,1222.1,20755.9921875,66660.28125
1012.9257941246033,2,845.2,8594.98828125,66660.28125
1013.9325499534607,2,2551.3,9407.8515625,66660.28125
1014.9414978027344,2,3549.3,12521.1640625,66660.28125
1015.959502696991,2,4490.2,14385.76171875,66660.28125
1016.9792070388794,2,4665.6,18625.203125,66660.28125
1018.0031526088715,2,4472.6,15351.04296875,66660.28125
1019.0145814418793,2,4423.2,18210.5234375,66660.28125
1020.032133102417,2,4483.7,18447.3671875,66660.28125
1021.0405106544495,2,3206.4,18837.69921875,66660.28125
1022.0655009746552,2,3547.8,19053.125,66660.28125
1023.0764973163605,2,3963.0,20196.640625,66660.28125
1024.0909130573273,2,1424.6,20254.77734375,66660.28125
1025.1004984378815,2,1767.7,20078.67578125,66660.28125
1026.1075088977814,2,3028.5,20376.51171875,66660.28125
1027.121500492096,2,2798.9,20577.31640625,66660.28125
1028.1299471855164,2,506.3,7844.75,66660.28125
1029.1372106075287,2,996.7,9236.515625,66660.28125
1030.1445598602295,2,3444.8,9735.72265625,66660.28125
1031.1545195579529,2,2948.7,13782.09765625,66660.28125
1032.1694996356964,2,4341.3,14573.60546875,66660.28125
1033.187505722046,2,4602.3,18268.59765625,66660.28125
1034.212786912918,2,4661.0,23107.5078125,66660.28125
1035.2368862628937,2,4398.7,17666.4296875,66660.28125
1036.2544984817505,2,4424.6,20409.43359375,66660.28125
1037.2725102901459,2,4520.7,20585.84765625,66660.28125
1038.29252743721,2,3236.7,20826.0546875,66660.28125
1039.3172233104706,2,3526.0,20910.9140625,66660.28125
1040.332501411438,2,3524.9,21353.8125,66660.28125
1041.3429322242737,2,3665.1,22640.2109375,66660.28125
1042.3515100479126,2,1612.7,22534.4921875,66660.28125
1043.3603377342224,2,1854.1,22579.5546875,66660.28125
1044.371499300003,2,2311.7,22767.58203125,66660.28125
1045.3894755840302,2,4064.1,22904.23046875,66660.28125
1046.3972024917603,2,654.4,8385.2734375,68708.296875
1047.4064977169037,2,882.2,9071.63671875,66660.28125
1048.4203717708588,2,2395.8,9507.31640625,66660.28125
1049.438519001007,2,2779.8,12831.6171875,66660.28125
1050.454498052597,2,4417.7,14499.3203125,66660.28125
1051.4715070724487,2,4550.6,16899.1171875,66660.28125
1052.4958055019379,2,4665.1,21438.8515625,66660.28125
1053.521517276764,2,4633.2,17817.96875,76900.28125
1054.5405209064484,2,4455.5,20190.51953125,76900.28125
1055.5535078048706,2,4341.9,20557.9296875,76900.28125
1056.5729727745056,2,3363.0,20831.1875,76900.28125
1057.5803310871124,2,3551.2,20980.6875,76900.28125
1058.5881390571594,2,3311.6,21181.20703125,76900.28125
1059.5964994430542,2,4416.1,22078.67578125,76900.28125
1060.6141703128815,2,1769.5,22564.08203125,76900.28125
1061.6216223239899,2,1887.6,22453.46875,76900.28125
1062.6304314136505,2,1510.3,22651.34765625,76900.28125
1063.6441371440887,2,4587.1,22724.34375,76900.28125
1064.661143064499,2,1324.8,23061.64453125,76900.28125
1065.6671705245972,2,599.7,8536.0,76900.28125
1066.6745002269745,2,1353.2,9518.0703125,76900.28125
1067.7190022468567,2,2817.6,11845.88671875,76900.28125
1068.7295038700104,2,4453.3,14358.66015625,76900.28125
1069.7475099563599,2,4485.4,15157.90625,76900.28125
1070.7675042152405,2,4671.7,19906.75390625,76900.28125
1071.792504787445,2,4686.6,25321.35546875,76900.28125
1072.8125066757202,2,4402.2,19037.109375,76900.28125
1073.8315091133118,2,4464.2,20446.27734375,76900.28125
1074.8515086174011,2,4096.8,20799.16796875,76900.28125
1075.8758385181427,2,3018.3,21045.98828125,76900.28125
1076.8821070194244,2,3162.9,21236.671875,76900.28125
1077.8981273174286,2,4173.2,21764.5078125,76900.28125
1078.9088304042816,2,2650.9,22656.7578125,76900.28125
1079.9173409938812,2,1701.3,22573.76953125,76900.28125
1080.925624370575,2,1740.3,22577.9453125,76900.28125
1081.9341740608215,2,3406.3,22755.1171875,76900.28125
1082.945083618164,2,2813.0,23010.83203125,76900.28125
1083.956048965454,2,498.0,7851.66796875,76900.28125
1084.9636180400848,2,994.6,9246.1484375,76900.28125
1085.9711787700653,2,3458.8,9638.32421875,76900.28125
1086.9786496162415,2,2846.0,13770.53515625,76900.28125
1087.997466802597,2,4362.9,14567.91015625,76900.28125
1089.016506910324,2,4614.2,18263.1171875,76900.28125
1090.0409893989563,2,4703.2,23410.6015625,76900.28125
1091.0639188289642,2,4363.2,17733.21875,76900.28125
1092.085500240326,2,4421.8,20472.39453125,76900.28125
1093.1035025119781,2,4466.8,20632.44921875,76900.28125
1094.1225807666779,2,3190.0,20845.1171875,76900.28125
1095.13503408432,2,3511.4,21029.09375,76900.28125
1096.1445305347443,2,3180.8,21259.48828125,76900.28125
1097.1548388004303,2,3972.8,22509.53125,76900.28125
1098.162466287613,2,1581.0,22474.66796875,76900.28125
1099.1713044643402,2,1878.4,22427.45703125,76900.28125
1100.1814978122711,2,2113.8,22707.4375,76900.28125
1101.1992893218994,2,4387.4,22835.9296875,76900.28125
1102.206570148468,2,680.4,7902.16015625,78948.296875
1103.2148265838623,2,698.5,9033.875,76900.28125
1104.2234971523285,2,2214.1,9499.80078125,76900.28125
1105.2725098133087,2,2814.1,12812.50390625,76900.28125
1106.290503501892,2,4409.7,14476.52734375,76900.28125
1107.307508945465,2,4549.5,16729.26171875,76900.28125
1108.3273785114288,2,4663.5,21572.50390625,76900.28125
1109.3513162136078,2,4635.8,18846.8984375,76900.28125
1110.3715133666992,2,4430.2,20113.140625,76900.28125
1111.3855106830597,2,4344.2,20488.3125,76900.28125
1112.4046380519867,2,3453.5,20765.7890625,76900.28125
1113.4169030189514,2,3608.9,20939.02734375,76900.28125
1114.4246096611023,2,3355.4,21182.55859375,76900.28125
1115.4375004768372,2,4369.8,22108.265625,76900.28125
1116.4541873931885,2,1779.6,22556.984375,76900.28125
1117.462497472763,2,1848.8,22590.2734375,76900.28125
1118.4790971279144,2,1346.7,22503.80078125,76900.28125
1119.4859149456024,2,4561.3,22627.00390625,76900.28125
1120.4978322982788,2,1493.3,23034.28125,76900.28125
1121.5056676864624,2,616.5,8441.7265625,76900.28125
1122.5134999752045,2,1112.4,9548.46875,76900.28125
1123.5574309825897,2,3050.2,11565.51171875,76900.28125
1124.5656929016113,2,3521.8,14283.01171875,76900.28125
1125.5843493938446,2,4195.9,15831.7109375,76900.28125
1126.6022455692291,2,4478.5,17822.33203125,76900.28125
1127.6275022029877,2,4668.4,22369.22265625,76900.28125
1128.64750289917,2,4670.4,27515.4609375,76900.28125
1129.6675164699554,2,4536.7,24333.8203125,76956.28125
1130.6915242671967,2,4301.4,23130.28515625,76956.28125
1131.7178421020508,2,4280.1,24763.72265625,76956.28125
1132.735499382019,2,4461.7,25001.5,76956.28125
1133.7535076141357,2,3931.3,25260.13671875,76956.28125
1134.7694699764252,2,3068.4,25742.53125,76956.28125
1135.7927997112274,2,4676.2,25843.2890625,76956.28125
1136.8011798858643,2,3330.3,26007.88671875,76956.28125
1137.811502456665,2,3667.1,27304.52734375,76956.28125
1138.8293557167053,2,2447.0,28354.09765625,76956.28125
1139.8387203216553,2,1747.4,28299.21875,76956.28125
1140.8465235233307,2,2091.5,28307.95703125,76956.28125
1141.8575098514557,2,1852.9,28511.359375,76956.28125
1142.8735013008118,2,4501.4,29004.96484375,76956.28125
1143.8912436962128,2,1609.1,29365.89453125,76956.28125
1144.8991134166718,2,844.0,29728.54296875,76956.28125
1145.9061670303345,2,967.8,8506.41796875,76956.28125
1146.9155435562134,2,2400.2,9973.7265625,76956.28125
1147.9285032749176,2,4327.7,11779.6953125,76956.28125
1148.9395031929016,2,4644.4,17360.60546875,76956.28125
1149.9624989032745,2,4176.9,15260.34765625,76956.28125
1150.981380701065,2,3630.1,15531.41796875,76956.28125
1151.9905083179474,2,3362.9,15754.3046875,76956.28125
1153.0105185508728,2,3595.4,16865.09375,76956.28125
1154.0247242450714,2,1634.0,16894.47265625,76956.28125
1155.0365087985992,2,2884.3,17066.078125,76956.28125
1156.0511734485626,2,1927.7,17262.1484375,76956.28125
1157.0584135055542,2,910.1,8523.4765625,76956.28125
1158.0664355754852,2,1995.0,10002.35546875,76956.28125
1159.074500799179,2,4318.2,11608.97265625,76956.28125
1160.0925090312958,2,4624.8,16465.8671875,76956.28125
1161.1166639328003,2,4279.1,15167.234375,76956.28125
1162.1342933177948,2,4021.3,15390.46875,76956.28125
1163.1415932178497,2,3198.3,15643.1328125,76956.28125
1164.149001121521,2,3787.7,16602.0390625,76956.28125
1165.162317276001,2,1571.5,16719.61328125,76956.28125
1166.172129392624,2,2093.6,16785.01171875,76956.28125
1167.1792516708374,2,3028.8,17044.1484375,76956.28125
1168.1866929531097,2,608.5,7857.9609375,76956.28125
1169.1940047740936,2,1052.9,9410.640625,76956.28125
1170.2008392810822,2,3230.9,9809.44140625,76956.28125
1171.2085106372833,2,2521.1,14231.74609375,76956.28125
1172.2214996814728,2,4157.3,15795.2109375,76956.28125
1173.2395095825195,2,4440.1,16735.2109375,76956.28125
1174.2637844085693,2,4642.2,21512.75,76956.28125
1175.288088798523,2,4662.1,27262.53125,76956.28125
1176.3125162124634,2,4596.7,26524.3984375,76956.28125
1177.335199356079,2,4345.5,23098.6171875,76956.28125
1178.3644983768463,2,4267.5,24700.859375,76956.28125
1179.3821351528168,2,4476.4,24945.625,76956.28125
1180.4001939296722,2,4227.8,25167.328125,76956.28125
1181.408861398697,2,3263.2,25548.98828125,76956.28125
1182.417508840561,2,4406.2,25820.98046875,76956.28125
1183.4424986839294,2,3307.1,25954.67578125,76956.28125
1184.4535007476807,2,4196.1,27341.13671875,76956.28125
1185.4754219055176,2,2218.1,28214.0546875,76956.28125
1186.4825773239136,2,1686.5,28200.84765625,76956.28125
1187.4905006885529,2,2044.8,28189.921875,76956.28125
1188.4993238449097,2,1785.6,28325.37890625,76956.28125
1189.5095000267029,2,4526.5,28834.09375,76956.28125
1190.5272543430328,2,1601.5,29212.99609375,76956.28125
1191.5355350971222,2,838.6,29567.8828125,76956.28125
1192.5431997776031,2,701.1,8637.9140625,76956.28125
1193.5505011081696,2,2231.2,9447.8984375,76956.28125
1194.5945048332214,2,2831.4,13081.19140625,76956.28125
1195.6084997653961,2,4369.4,14277.5234375,76956.28125
1196.6255083084106,2,4595.0,17498.91015625,76956.28125
1197.6497819423676,2,4660.3,22795.08984375,76956.28125
1198.6745398044586,2,4431.7,17565.4453125,76956.28125
1199.687804222107,2,4424.0,20120.2734375,76956.28125
1200.7055096626282,2,4487.7,20305.671875,76956.28125
1201.7255172729492,2,3521.8,20532.8984375,76956.28125
1202.7534737586975,2,3578.9,20860.8125,76956.28125
1203.7775025367737,2,4133.8,21515.4375,76956.28125
1204.7958207130432,2,2282.3,22076.7578125,76956.28125
1205.8083271980286,2,1830.3,22006.97265625,76956.28125
1206.816500902176,2,1842.5,22005.8203125,76956.28125
1207.8443624973297,2,4501.4,22208.01953125,76956.28125
1208.8567779064178,2,910.8,9742.12109375,76956.28125
1209.8644979000092,2,554.1,9072.87890625,76956.28125
1210.871691942215,2,795.0,9977.8984375,76956.28125
1211.881838798523,2,3839.9,10994.6875,76956.28125
1212.8905036449432,2,3171.7,14759.6796875,76956.28125
1213.9096946716309,2,4220.3,16369.01953125,76956.28125
1214.9283428192139,2,4463.6,17350.609375,76956.28125
1215.9535026550293,2,4657.5,21952.5,76956.28125
1216.973503112793,2,4668.7,27222.6171875,76956.28125
1217.9979259967804,2,4557.7,28640.18359375,76956.28125
1219.010540485382,2,4091.1,21228.8359375,76956.28125
1220.0262463092804,2,4258.9,25531.87109375,76956.28125
1221.0444996356964,2,4671.6,25523.06640625,76956.28125
1222.0614340305328,2,4302.7,25948.171875,76956.28125
1223.0849132537842,2,3098.9,26232.8828125,76956.28125
1224.107515335083,2,3683.4,26503.19921875,76956.28125
1225.1223199367523,2,3850.4,26470.3671875,76956.28125
1226.129507780075,2,4193.5,27221.1953125,76956.28125
1227.1406705379486,2,3402.2,28805.48046875,76956.28125
1228.1648943424225,2,1580.0,29053.07421875,76956.28125
1229.1733922958374,2,1573.5,29013.72265625,76956.28125
1230.1819496154785,2,1987.9,28864.40234375,76956.28125
1231.1885092258453,2,1898.2,28995.26171875,76956.28125
1232.1985039710999,2,4476.1,29560.671875,76956.28125
1233.216227531433,2,1907.5,29921.890625,76956.28125
1234.224243402481,2,766.0,30256.21484375,76956.28125
1235.2307846546173,2,573.8,8520.390625,76956.28125
1236.2380774021149,2,879.1,9516.41796875,76956.28125
1237.2460446357727,2,3588.1,10483.921875,76956.28125
1238.2545330524445,2,3022.4,14374.140625,76956.28125
1239.2734982967377,2,4209.7,15987.1640625,76956.28125
1240.2905061244965,2,4484.8,17446.2421875,76956.28125
1241.3148167133331,2,4670.5,21790.12890625,76956.28125
1242.3386702537537,2,4707.5,27393.61328125,76956.28125
1243.358289718628,2,4616.2,25700.42578125,76956.28125
1244.3915100097656,2,4338.0,23228.84765625,76956.28125
1245.4155025482178,2,4290.5,24871.953125,76956.28125
1246.433498620987,2,4469.0,25079.2265625,76956.28125
1247.4511749744415,2,3947.5,25370.6953125,76956.28125
1248.461105108261,2,3105.6,25722.32421875,76956.28125
1249.4695148468018,2,4485.0,25971.09375,76956.28125
1250.495497226715,2,3382.0,26096.4375,76956.28125
1251.5055012702942,2,4216.7,27432.53515625,76956.28125
1252.5233690738678,2,2193.0,28319.23046875,76956.28125
1253.5300889015198,2,1708.9,28310.16015625,76956.28125
1254.5395121574402,2,2093.3,28265.37890625,76956.28125
1255.5484986305237,2,1576.5,28435.984375,76956.28125
1256.5584981441498,2,4485.5,29001.390625,76956.28125
1257.5786085128784,2,1920.2,29337.078125,76956.28125
1258.5868973731995,2,753.8,29674.140625,76956.28125
1259.595123052597,2,595.7,8577.54296875,76956.28125
1260.6023728847504,2,862.2,9507.01171875,76956.28125
1261.610275030136,2,3559.2,10683.81640625,76956.28125
1262.6184389591217,2,3177.4,14437.8671875,76956.28125
1263.631501674652,2,4223.0,15982.1328125,76956.28125
1264.6495206356049,2,4450.8,17736.73046875,76956.28125
1265.6744997501373,2,4670.5,22704.9765625,76956.28125
1266.69438290596,2,4672.5,27961.23046875,76956.28125
1267.719509601593,2,4653.5,24443.9921875,76956.28125
1268.7437417507172,2,4355.9,23191.4375,76956.28125
1269.775268316269,2,4250.9,24843.765625,76956.28125
1270.7925033569336,2,4452.4,25042.6484375,76956.28125
1271.8104133605957,2,3847.8,25375.43359375,76956.28125
1272.8185029029846,2,3226.4,25789.3984375,76956.28125
1273.8426609039307,2,4552.1,25632.5546875,76956.28125
1274.8574965000153,2,3440.3,26083.76171875,76956.28125
1275.8755054473877,2,4143.3,27405.34765625,76956.28125
1276.8915162086487,2,2095.6,28270.21484375,76956.28125
1277.910626411438,2,1545.7,28233.62890625,76956.28125
1278.9165334701538,2,2076.5,28205.22265625,76956.28125
1279.9234972000122,2,1806.0,28478.9296875,76956.28125
1280.9302742481232,2,4557.1,28712.83984375,76956.28125
1281.9444317817688,2,1537.6,29314.00390625,76956.28125
1282.951706647873,2,836.1,29677.81640625,76956.28125
1283.959894657135,2,620.6,8694.31640625,76956.28125
1284.9674983024597,2,1518.3,9617.1484375,76956.28125
1286.0110175609589,2,2454.0,12385.36328125,76956.28125
1287.0214624404907,2,4594.9,15093.89453125,76956.28125
1288.0364990234375,2,4123.2,16050.45703125,76956.28125
1289.0621478557587,2,4598.9,19128.25390625,76956.28125
1290.0863749980927,2,4703.6,24634.73046875,76956.28125
1291.1105029582977,2,4717.3,30583.1015625,76956.28125
1292.1305351257324,2,4465.2,20026.60546875,89244.28125
1293.1475045681,2,4615.7,24080.8359375,89244.28125
1294.1600863933563,2,4275.1,24958.70703125,89244.28125
1295.17950797081,2,4287.1,25340.39453125,89244.28125
1296.1985144615173,2,3588.7,25609.546875,89244.28125
1297.2245156764984,2,3699.4,25908.21484375,89244.28125
1298.2495076656342,2,3826.3,26040.6875,89244.28125
1299.2748188972473,2,4064.0,26569.37109375,89244.28125
1300.285356760025,2,3400.5,28161.71484375,89244.28125
1301.2945005893707,2,1657.6,28377.98046875,89244.28125
1302.3052620887756,2,1735.1,28450.109375,89244.28125
1303.3132019042969,2,1686.6,28334.5,89244.28125
1304.3205001354218,2,2819.5,28868.39453125,89244.28125
1305.3384993076324,2,4436.8,29134.19921875,89244.28125
1306.3491742610931,2,649.1,29549.203125,89244.28125
1307.3566858768463,2,673.8,8599.3671875,91292.296875
1308.3642785549164,2,650.4,9416.9140625,89244.28125
1309.3714163303375,2,804.8,10042.75,89244.28125
1310.3804695606232,2,4252.0,10480.6640625,89244.28125
1311.3885214328766,2,2507.4,14251.9453125,89244.28125
1312.40349650383,2,4328.2,16548.1328125,89244.28125
1313.4215047359467,2,4359.3,17013.08984375,89244.28125
1314.4415068626404,2,4603.0,21404.23828125,89244.28125
1315.4615049362183,2,4684.1,26296.23828125,89244.28125
1316.4865045547485,2,4675.6,31565.37109375,89244.28125
1317.506513595581,2,4378.2,21143.90234375,89244.28125
1318.5291996002197,2,4600.9,25147.00390625,89244.28125
1319.5425081253052,2,4294.9,26143.11328125,89244.28125
1320.5618188381195,2,4357.3,26427.99609375,89244.28125
1321.5795040130615,2,3198.1,26809.90234375,89244.28125
1322.5987796783447,2,3021.8,27100.80078125,89244.28125
1323.6055142879486,2,4349.1,27203.02734375,89244.28125
1324.6305015087128,2,3295.5,27251.6484375,89244.28125
1325.6402158737183,2,4276.4,28683.90625,89244.28125
1326.6581647396088,2,3012.6,29654.65625,89244.28125
1327.666498184204,2,1545.0,29644.15234375,89244.28125
1328.6830768585205,2,1585.3,29715.37890625,89244.28125
1329.6945006847382,2,1768.0,29436.0234375,89244.28125
1330.7025067806244,2,2734.6,29919.08203125,89244.28125
1331.7147467136383,2,4655.6,29910.07421875,89244.28125
1332.724820137024,2,1034.8,30516.16796875,89244.28125
1333.737544298172,2,895.4,18093.3125,89244.28125
1334.745881319046,2,866.8,8463.1640625,89244.28125
1335.753499507904,2,3044.3,10477.14453125,89244.28125
1336.7655000686646,2,4318.5,12670.51953125,89244.28125
1337.785509109497,2,4652.9,15070.81640625,89244.28125
1338.7984991073608,2,4226.8,15013.1796875,89244.28125
1339.815519809723,2,3543.0,15284.6640625,89244.28125
1340.8424985408783,2,3710.0,15688.65625,89244.28125
1341.85253572464,2,2578.5,16611.6171875,89244.28125
1342.862500667572,2,1703.6,16548.0625,89244.28125
1343.8694972991943,2,3615.9,16693.859375,89244.28125
1344.8797633647919,2,947.8,7961.171875,89244.28125
1345.8883233070374,2,888.2,8733.31640625,89244.28125
1346.8965051174164,2,3218.9,10716.79296875,89244.28125
1347.9085075855255,2,4331.6,12736.45703125,89244.28125
1348.9285025596619,2,4636.9,14082.234375,89244.28125
1349.942503452301,2,4263.1,14912.94921875,89244.28125
1350.9615116119385,2,3669.9,15093.16015625,89244.28125
1351.978496313095,2,3704.2,15514.27734375,89244.28125
1352.9885485172272,2,2485.2,16423.3984375,89244.28125
1353.9988858699799,2,1662.7,16298.42578125,89244.28125
1355.0073902606964,2,3762.2,16655.14453125,89244.28125
1356.02121591568,2,695.3,8065.19921875,91292.296875
1357.0293929576874,2,589.9,9232.5703125,89244.28125
1358.036414861679,2,738.7,9984.73046875,89244.28125
1359.04354929924,2,4126.6,10525.07421875,89244.28125
1360.0525059700012,2,2635.9,14289.01171875,89244.28125
1361.0684988498688,2,4321.9,16489.41796875,89244.28125
1362.0864996910095,2,4340.8,16956.734375,89244.28125
1363.1045098304749,2,4592.1,21228.58203125,89244.28125
1364.1291146278381,2,4653.0,26274.375,89244.28125
1365.1531479358673,2,4680.4,31836.5625,89244.28125
1366.1770734786987,2,4349.5,21157.84765625,89244.28125
1367.1998744010925,2,4597.6,25122.40234375,89244.28125
1368.2125070095062,2,4317.9,26073.83984375,89244.28125
1369.2315819263458,2,4359.4,26382.7734375,89244.28125
1370.2495005130768,2,3329.7,26807.96875,89244.28125
1371.2688331604004,2,2828.7,26948.8359375,89244.28125
1372.2765145301819,2,4601.1,27092.29296875,89244.28125
1373.3034987449646,2,3312.5,27212.265625,89244.28125
1374.3173398971558,2,4306.6,28563.19140625,89244.28125
1375.335340976715,2,2719.5,29600.8203125,89244.28125
1376.3444981575012,2,1633.7,29495.4765625,89244.28125
1377.3515033721924,2,1739.7,29674.45703125,89244.28125
1378.3686079978943,2,1499.0,29524.44140625,89244.28125
1379.376501083374,2,3065.5,30007.5078125,89244.28125
1380.3931970596313,2,4498.2,30105.26171875,89244.28125
1381.4024510383606,2,1078.7,30619.28515625,89244.28125
1382.4109909534454,2,648.6,7760.53125,91292.296875
1383.419273853302,2,607.7,9114.2109375,89244.28125
1384.4265003204346,2,1213.3,9808.84765625,89244.28125
1385.4694275856018,2,3283.7,11560.01171875,89244.28125
1386.4775059223175,2,3813.8,14961.03125,89244.28125
1387.4953908920288,2,4124.6,16158.4140625,89244.28125
1388.5130631923676,2,4538.7,18342.26171875,89244.28125
1389.5375034809113,2,4667.0,23229.98046875,89244.28125
1390.5595037937164,2,4669.3,28414.48828125,89244.28125
1391.587057352066,2,4622.1,19584.7578125,89244.28125
1392.5985386371613,2,4395.9,23268.2109375,89244.28125
1393.6255004405975,2,4317.5,24899.3359375,89244.28125
1394.643499135971,2,4372.8,25237.87890625,89244.28125
1395.6611723899841,2,3590.1,25471.2578125,89244.28125
1396.6705057621002,2,3001.5,25859.1015625,89244.28125
1397.690932750702,2,4540.2,25647.26171875,89244.28125
1398.7012910842896,2,3525.0,26047.5703125,89244.28125
1399.7149851322174,2,4198.1,27449.51171875,89244.28125
1400.722023487091,2,2039.0,28260.17578125,89244.28125
1401.7293629646301,2,1644.8,28250.515625,89244.28125
1402.7405002117157,2,2086.8,28161.19921875,89244.28125
1403.7505013942719,2,1797.6,28469.7734375,89244.28125
1404.7625005245209,2,4544.1,28683.078125,89244.28125
1405.7796022891998,2,1535.8,29291.99609375,89244.28125
1406.7915472984314,2,829.1,29655.15234375,89244.28125
1407.7987279891968,2,512.3,8702.52734375,89244.28125
1408.8058595657349,2,802.9,9969.6953125,89244.28125
1409.8134965896606,2,3536.2,10094.84375,89244.28125
1410.8465576171875,2,2179.9,13405.6640625,89244.28125
1411.8615007400513,2,4340.9,16505.62890625,89244.28125
1412.8795022964478,2,4374.0,16931.359375,89244.28125
1413.8975071907043,2,4601.7,20660.609375,89244.28125
1414.9216089248657,2,4668.6,24824.41015625,89244.28125
1415.9498801231384,2,4707.4,30554.07421875,89244.28125
1416.971842765808,2,4370.4,20550.0546875,89244.28125
1417.9875075817108,2,4598.8,24402.60546875,89244.28125
1419.0015091896057,2,4307.1,25994.65234375,89244.28125
1420.0215065479279,2,4463.9,26175.70703125,89244.28125
1421.040708065033,2,3658.4,26473.46484375,89244.28125
1422.0486404895782,2,3204.0,26621.81640625,89244.28125
1423.0565140247345,2,3598.7,27037.76171875,89244.28125
1424.0814111232758,2,3393.5,26991.46484375,89244.28125
1425.10515499115,2,4361.8,28200.94140625,89244.28125
1426.1231899261475,2,3391.6,29456.765625,89244.28125
1427.1303153038025,2,1490.0,29435.19140625,89244.28125
1428.1385009288788,2,1768.5,29593.640625,89244.28125
1429.1557276248932,2,1680.2,29462.10546875,89244.28125
1430.164500951767,2,2359.8,30084.703125,89244.28125
1431.182213306427,2,4649.4,29866.78515625,89244.28125
1432.1922807693481,2,1500.8,30477.421875,89244.28125
1433.1996817588806,2,838.5,30840.296875,89244.28125
1434.2073493003845,2,538.1,8643.09375,89244.28125
1435.214583158493,2,830.9,9568.77734375,89244.28125
1436.221911907196,2,3792.5,10236.37109375,89244.28125
1437.2290723323822,2,2807.8,14389.64453125,89244.28125
1438.2465007305145,2,4199.4,15998.48046875,89244.28125
1439.2645075321198,2,4480.1,17173.04296875,89244.28125
1440.2885067462921,2,4668.0,22117.5625,89244.28125
1441.3075079917908,2,4673.3,26983.0234375,89244.28125
1442.3285131454468,2,4658.0,26782.42578125,89244.28125
1443.3485400676727,2,4316.1,23176.546875,89244.28125
1444.3778131008148,2,4294.2,24841.33203125,89244.28125
1445.3954989910126,2,4456.8,25069.28125,89244.28125
1446.413336277008,2,4120.6,25371.83984375,89244.28125
1447.4212942123413,2,3213.5,25602.890625,89244.28125
1448.429512500763,2,4120.7,25957.55078125,89244.28125
1449.45450091362,2,3290.8,25998.82421875,89244.28125
1450.4665043354034,2,4289.7,27336.34765625,89244.28125
1451.4841804504395,2,2509.0,28286.4765625,89244.28125
1452.4937000274658,2,1667.5,28290.15234375,89244.28125
1453.5011591911316,2,2044.7,28249.6640625,89244.28125
1454.50950050354,2,1411.9,28383.32421875,89244.28125
1455.5204010009766,2,4443.8,28668.78125,89244.28125
1456.5308604240417,2,2287.7,29275.49609375,89244.28125
1457.5382118225098,2,701.8,29567.98046875,89244.28125
1458.548742055893,2,562.8,8321.67578125,89244.28125
1459.5559875965118,2,908.5,9428.5546875,89244.28125
1460.5632154941559,2,3574.7,10243.96484375,89244.28125
1461.571503162384,2,2915.3,14277.8671875,89244.28125
1462.5915024280548,2,4206.1,15899.6953125,89244.28125
1463.6095082759857,2,4491.9,17192.8359375,89244.28125
1464.63450217247,2,4659.5,21624.99609375,89244.28125
1465.654501914978,2,4675.2,26759.984375,89244.28125
1466.6745114326477,2,4552.5,25891.18359375,89244.28125
1467.697508573532,2,4332.8,23128.3671875,89244.28125
1468.7234995365143,2,4307.5,24798.82421875,89244.28125
1469.7413244247437,2,4496.8,25036.20703125,89244.28125
1470.7591760158539,2,4062.0,25347.63671875,89244.28125
1471.7697896957397,2,3071.0,25694.37890625,89244.28125
1472.777510881424,2,4298.7,25849.44140625,89244.28125
1473.802407503128,2,3414.6,25926.90234375,89244.28125
1474.812356710434,2,4279.3,27272.83984375,89244.28125
1475.8232629299164,2,2271.6,28260.2734375,89244.28125
1476.8308672904968,2,1642.0,28311.66796875,89244.28125
1477.8399822711945,2,2068.6,28208.5078125,89244.28125
1478.8483374118805,2,1332.0,28412.12109375,89244.28125
1479.859501838684,2,4454.1,28687.11328125,89244.28125
1480.8706438541412,2,2392.5,29262.21484375,89244.28125
1481.879071712494,2,691.7,29548.62109375,89244.28125
1482.8912272453308,2,581.7,8313.17578125,89244.28125
1483.8984699249268,2,895.2,9254.84375,89244.28125
1484.9061415195465,2,3130.3,11293.859375,89244.28125
1485.9144995212555,2,3977.0,14412.71875,89244.28125
1486.9315032958984,2,4502.1,14647.67578125,89244.28125
1487.940506219864,2,4617.4,19470.7734375,89244.28125
1488.9745025634766,2,4671.9,24671.234375,89244.28125
1489.9943919181824,2,4450.3,19099.5859375,89244.28125
1491.0190844535828,2,4470.4,20513.86328125,89244.28125
1492.0382075309753,2,4335.7,20744.171875,89244.28125
1493.0466837882996,2,3183.3,20928.33203125,89244.28125
1494.0545048713684,2,2970.6,21168.2890625,89244.28125
1495.0793578624725,2,4122.3,21702.66796875,89244.28125
1496.0893778800964,2,2839.4,22713.8125,89244.28125
1497.1001348495483,2,1631.7,22589.35546875,89244.28125
1498.1100482940674,2,1803.3,22504.30078125,89244.28125
1499.118502855301,2,2869.1,22758.1171875,89244.28125
1500.1302433013916,2,3359.5,22985.77734375,89244.28125
1501.1385569572449,2,591.2,9422.5703125,91292.296875
1502.1466746330261,2,898.7,9559.8359375,89244.28125
1503.1545040607452,2,2279.7,9760.2109375,89244.28125
1504.2057971954346,2,2466.7,12711.94921875,89244.28125
1505.2164981365204,2,4322.6,15724.80078125,89244.28125
1506.2330870628357,2,4391.3,16198.56640625,89244.28125
1507.2501106262207,2,4611.2,19664.2109375,89244.28125
1508.2740075588226,2,4666.9,24341.390625,89244.28125
1509.297746181488,2,4674.8,30329.36328125,89244.28125
1510.3205432891846,2,4256.8,20456.703125,89244.28125
1511.3465130329132,2,4576.1,23975.6015625,89244.28125
1512.3595082759857,2,4303.4,24763.12890625,89244.28125
1513.379502773285,2,4309.4,25184.3828125,89244.28125
1514.3975150585175,2,3389.9,25443.26171875,89244.28125
1515.4235153198242,2,3626.8,25726.6953125,89244.28125
1516.44850564003,2,3923.6,25802.57421875,89244.28125
1517.474080324173,2,4073.3,26377.94921875,89244.28125
1518.4844982624054,2,3419.5,28000.7734375,89244.28125
1519.502115726471,2,1695.9,28431.8046875,89244.28125
1520.518707036972,2,1760.4,28266.48046875,89244.28125
1521.5274274349213,2,1691.1,28177.3984375,89244.28125
1522.5354988574982,2,2852.2,28765.38671875,89244.28125
1523.5494930744171,2,4408.6,29001.62109375,89244.28125
1524.5574407577515,2,639.1,29410.4921875,89244.28125
1525.5650961399078,2,645.6,8359.78515625,91292.296875
1526.573472738266,2,722.2,9254.23828125,89244.28125
1527.5834982395172,2,1950.4,9646.57421875,89244.28125
1528.604956150055,2,2484.0,12461.94921875,89244.28125
1529.62251496315,2,4327.3,15633.2109375,89244.28125
1530.6404991149902,2,4389.8,16105.1953125,89244.28125
1531.658504486084,2,4608.4,19782.58984375,89244.28125
1532.6784975528717,2,4667.8,24300.33984375,89244.28125
1533.703505039215,2,4667.4,29694.09765625,89244.28125
1534.7281847000122,2,4360.3,20303.23046875,89244.28125
1535.7445049285889,2,4615.6,23802.78515625,89244.28125
1536.7615048885345,2,4310.6,24599.921875,89244.28125
1537.7815005779266,2,4303.4,25022.58984375,89244.28125
1538.7985157966614,2,3600.9,25285.89453125,89244.28125
1539.8245141506195,2,3671.4,25630.41796875,89244.28125
1540.8425042629242,2,3843.2,25615.48046875,89244.28125
1541.8506746292114,2,4177.0,26360.140625,89244.28125
1542.862359046936,2,3299.9,28009.31640625,89244.28125
1543.8686463832855,2,1639.6,28140.69140625,89244.28125
1544.8750336170197,2,1670.6,28211.3515625,89244.28125
1545.883011341095,2,1665.3,28117.29296875,89244.28125
1546.8985059261322,2,2737.5,28700.14453125,89244.28125
1547.9145047664642,2,4444.2,28956.79296875,89244.28125
1548.9312229156494,2,660.6,29388.15234375,89244.28125
1549.9392874240875,2,648.6,8387.65625,91292.296875
1550.9476509094238,2,692.9,9261.890625,89244.28125
1551.9554991722107,2,1399.7,9862.4140625,89244.28125
1553.004625082016,2,3025.7,11895.0859375,89244.28125
1554.0165050029755,2,3953.7,15080.46875,89244.28125
1555.0406169891357,2,4207.3,16261.98828125,89244.28125
1556.0561277866364,2,4459.2,18159.53515625,89244.28125
1557.0825080871582,2,4659.6,22866.859375,89244.28125
1558.124505519867,2,4674.3,28439.2421875,89244.28125
1559.161277294159,2,4576.5,25165.14453125,89244.28125
1560.176519870758,2,4344.9,23665.65234375,89244.28125
1561.2077481746674,2,4299.8,25326.140625,89244.28125
1562.225152015686,2,4400.7,25532.359375,89244.28125
1563.2432253360748,2,4220.2,25816.9140625,89244.28125
1564.2525203227997,2,3376.5,26023.34375,89244.28125
1565.276391506195,2,3740.8,26443.1484375,89244.28125
1566.3016867637634,2,3450.0,26456.3515625,89244.28125
1567.3222768306732,2,4220.7,27845.56640625,89244.28125
1568.3333895206451,2,3023.8,28939.41796875,89244.28125
1569.3416032791138,2,1467.0,28836.00390625,89244.28125
1570.3491146564484,2,1606.2,28919.9140625,89244.28125
1571.3584995269775,2,1734.9,28674.5,89244.28125
1572.370502948761,2,2684.9,29239.21484375,89244.28125
1573.3823516368866,2,4548.3,29351.9609375,89244.28125
1574.3913600444794,2,1062.1,29913.8984375,89244.28125
1575.4008252620697,2,695.1,7695.671875,91292.296875
1576.4091935157776,2,856.5,8851.77734375,89244.28125
1577.4168186187744,2,2519.9,9599.70703125,89244.28125
1578.425136089325,2,3746.1,12262.93359375,89244.28125
1579.4435048103333,2,4566.4,14953.08984375,89244.28125
1580.4635043144226,2,4653.7,20433.69921875,89244.28125
1581.4845037460327,2,4528.3,16909.01171875,89244.28125
1582.498048067093,2,4299.5,17586.93359375,89244.28125
1583.5075178146362,2,3350.3,17831.0625,89244.28125
1584.534509897232,2,3343.0,18043.7265625,89244.28125
1585.5592832565308,2,4026.4,18845.59375,89244.28125
1586.5694925785065,2,1698.1,19198.0390625,89244.28125
1587.5755035877228,2,1752.2,19052.66796875,89244.28125
1588.583084344864,2,2941.8,19292.66015625,89244.28125
1589.5938124656677,2,2488.6,19522.375,89244.28125
1590.6022543907166,2,615.4,8069.328125,89244.28125
1591.6105036735535,2,1369.5,9376.11328125,89244.28125
1592.652776002884,2,2815.5,11717.8125,89244.28125
1593.6635007858276,2,4473.3,13948.375,89244.28125
1594.6815087795258,2,4460.0,16007.91796875,89244.28125
1595.7059032917023,2,4662.0,20682.13671875,89244.28125
1596.730192899704,2,4635.9,18480.09765625,89244.28125
1597.7427129745483,2,4372.0,19946.23828125,89244.28125
1598.7514560222626,2,4419.7,20200.96484375,89244.28125
1599.7695183753967,2,3397.8,20435.90234375,89244.28125
1600.7965133190155,2,3967.8,20604.8515625,89244.28125
1601.8244993686676,2,3576.0,20944.6796875,89244.28125
1602.838567495346,2,3372.8,22092.96484375,89244.28125
1603.849244594574,2,1488.9,21940.640625,89244.28125
1604.8565680980682,2,1848.6,21769.71484375,89244.28125
1605.8635053634644,2,2947.2,21925.62890625,89244.28125
1606.8784635066986,2,2964.4,22213.234375,89244.28125
1607.88654088974,2,594.6,7684.8515625,89244.28125
1608.8937907218933,2,1060.0,8904.44140625,89244.28125
1609.9024665355682,2,2696.9,11454.13671875,89244.28125
1610.9164972305298,2,4460.9,13822.0390625,89244.28125
1611.9425070285797,2,4483.6,15675.50390625,89244.28125
1612.9685077667236,2,4653.9,20457.36328125,89244.28125
1613.993512392044,2,4642.9,18296.5390625,89244.28125
1615.014731645584,2,4238.5,19837.80859375,89244.28125
1616.0235018730164,2,4485.8,19998.16015625,89244.28125
1617.041515827179,2,3376.9,20237.8671875,89244.28125
1618.0680527687073,2,4087.5,20281.2265625,89244.28125
1619.0764977931976,2,3727.2,20804.4140625,89244.28125
1620.0904490947723,2,2987.8,21768.6328125,89244.28125
1621.0983729362488,2,1596.4,21671.7890625,89244.28125
1622.1093406677246,2,1726.8,21530.25,89244.28125
1623.11749958992,2,3762.6,21752.26171875,89244.28125
1624.1341288089752,2,2002.9,22103.62109375,89244.28125
1625.1414983272552,2,685.8,8207.3984375,89244.28125
1626.1491179466248,2,1720.9,9332.046875,89244.28125
1627.1966202259064,2,2914.0,12455.19921875,89244.28125
1628.2114987373352,2,4409.2,13949.40625,89244.28125
1629.2285089492798,2,4549.9,16715.7734375,89244.28125
1630.2485015392303,2,4693.5,21955.62890625,89244.28125
1631.2706735134125,2,4511.4,16730.73046875,89244.28125
1632.2874987125397,2,4429.3,19818.61328125,89244.28125
1633.3045091629028,2,4494.8,19992.2578125,89244.28125
1634.3245222568512,2,3109.0,20222.42578125,89244.28125
1635.3515107631683,2,3346.8,20450.81640625,89244.28125
1636.3714981079102,2,4053.5,21155.4453125,89244.28125
1637.3880865573883,2,2455.9,21712.91796875,89244.28125
1638.398332118988,2,1759.5,21670.34375,89244.28125
1639.4068307876587,2,1559.5,21553.55859375,89244.28125
1640.4157483577728,2,4512.9,21791.25390625,89244.28125
1641.4324991703033,2,1236.1,22181.5625,89244.28125
1642.4410219192505,2,727.7,8700.73046875,89244.28125
1643.4496612548828,2,2349.3,9357.13671875,89244.28125
1644.4995033740997,2,2836.6,12999.62109375,89244.28125
1645.5164542198181,2,4380.4,14173.48828125,89244.28125
1646.5345091819763,2,4592.4,17304.56640625,89244.28125
1647.5588130950928,2,4662.1,22259.7109375,89244.28125
1648.5832726955414,2,4389.0,16888.1484375,89244.28125
1649.5978734493256,2,4395.3,20040.87109375,89244.28125
1650.6165091991425,2,4489.0,20200.859375,89244.28125
1651.6365220546722,2,3286.0,20434.01171875,89244.28125
1652.6635131835938,2,3502.7,20717.26171875,89244.28125
1653.6835219860077,2,4081.8,21451.765625,89244.28125
1654.6925022602081,2,2586.4,21998.765625,89244.28125
1655.6984994411469,2,1817.6,22010.3359375,89244.28125
1656.715270280838,2,1563.3,21808.53515625,89244.28125
1657.7234992980957,2,4286.9,22111.125,89244.28125
1658.741192817688,2,1587.4,22394.69921875,89244.28125
1659.7489161491394,2,903.3,8402.67578125,89244.28125
1660.756406545639,2,2251.1,9547.46484375,89244.28125
1661.7694990634918,2,3834.9,11998.43359375,89244.28125
1662.7861549854279,2,4559.6,14912.90234375,89244.28125
1663.8099265098572,2,4662.5,20102.89453125,89244.28125
1664.825880765915,2,4411.0,16831.51171875,89244.28125
1665.8383984565735,2,4340.8,17238.15625,89244.28125
1666.8568201065063,2,3151.6,17604.171875,89244.28125
1667.8650391101837,2,3907.4,17772.328125,89244.28125
1668.8750584125519,2,3745.7,19000.86328125,89244.28125
1669.8825116157532,2,1476.0,18945.9921875,89244.28125
1670.8928909301758,2,1665.6,18819.890625,89244.28125
1671.900161743164,2,4355.9,18990.94140625,89244.28125
1672.9090790748596,2,967.8,11602.734375,89244.28125
1673.917439699173,2,874.2,8674.40234375,89244.28125
1674.9265241622925,2,2238.1,10248.15625,89244.28125
1675.9365017414093,2,4374.2,12121.75,89244.28125
1676.951509475708,2,4574.8,15407.2421875,89244.28125
1677.9775128364563,2,4682.0,18413.35546875,89244.28125
1678.9979405403137,2,4239.3,17252.6171875,89244.28125
1680.0165073871613,2,4478.9,17413.34375,89244.28125
1681.0356860160828,2,3086.1,17807.09765625,89244.28125
1682.0547804832458,2,3940.8,17932.25390625,89244.28125
1683.0649621486664,2,3659.5,19157.88671875,89244.28125
1684.0739545822144,2,1479.8,18957.78125,89244.28125
1685.0802161693573,2,1637.3,18823.08984375,89244.28125
1686.0910303592682,2,4111.4,19067.09765625,89244.28125
1687.1017625331879,2,1227.0,19500.37890625,89244.28125
1688.1108388900757,2,980.5,8444.41796875,89244.28125
1689.1225318908691,2,2631.8,10090.17578125,89244.28125
1690.1365280151367,2,4329.2,11694.41796875,89244.28125
1691.177502155304,2,4661.0,16845.203125,89244.28125
1692.1972122192383,2,4210.5,15051.51953125,89244.28125
1693.215351343155,2,3699.7,15299.9921875,89244.28125
1694.223974943161,2,3388.7,15419.64453125,89244.28125
1695.230896472931,2,3652.1,16708.49609375,89244.28125
1696.239584684372,2,1536.8,16621.26953125,89244.28125
1697.2485001087189,2,2488.6,16834.52734375,89244.28125
1698.262672662735,2,2540.0,17041.83984375,89244.28125
1699.2704384326935,2,866.0,7909.45703125,89244.28125
1700.2785820960999,2,2541.3,8606.51953125,89244.28125
1701.328020811081,2,3288.8,12718.99609375,89244.28125
1702.338497877121,2,4344.7,13204.51953125,89244.28125
1703.3495104312897,2,4618.9,13766.20703125,89244.28125
1704.36150765419,2,4317.9,16270.875,89244.28125
1705.3815159797668,2,3557.7,16557.15234375,89244.28125
1706.4075071811676,2,3336.4,16851.18359375,89244.28125
1707.432498216629,2,3522.2,17764.80859375,89692.28125
1708.4471445083618,2,3921.4,18933.53515625,89692.28125
1709.4555146694183,2,1809.1,19030.43359375,89692.28125
1710.4644997119904,2,3722.1,19300.03125,89692.28125
1711.4754989147186,2,2414.3,19556.12890625,89692.28125
1712.4837832450867,2,1016.7,8149.78515625,89692.28125
1713.4909837245941,2,2591.5,8782.25,89692.28125
1714.5075001716614,2,3612.2,13125.84375,89692.28125
1715.5252974033356,2,4409.4,14075.91015625,89692.28125
1716.548800945282,2,4554.0,13972.12890625,89692.28125
1717.5625019073486,2,4348.3,16458.43359375,89692.28125
1718.5795197486877,2,3541.8,16638.5546875,89692.28125
1719.6057615280151,2,3259.4,16856.38671875,89692.28125
1720.6175014972687,2,4304.3,18101.109375,89692.28125
1721.628424167633,2,3425.1,19002.51171875,89692.28125
1722.6377439498901,2,1549.7,18954.5234375,89692.28125
1723.6474924087524,2,4509.1,19152.3203125,89692.28125
1724.6580257415771,2,1476.2,19564.37109375,89692.28125
1725.6659469604492,2,1581.9,8441.0234375,89692.28125
1726.6742956638336,2,2389.4,9505.1796875,89692.28125
1727.682499408722,2,4127.5,13236.80859375,89692.28125
1728.70050740242,2,4570.7,15173.47265625,89692.28125
1729.7205152511597,2,4469.7,15570.79296875,89692.28125
1730.7345085144043,2,4176.8,16603.16015625,89692.28125
1731.7455024719238,2,3333.6,16805.5625,89692.28125
1732.7655100822449,2,3207.1,17071.328125,89692.28125
1733.7795004844666,2,4451.8,18524.1484375,89692.28125
1734.791235923767,2,2935.4,19063.37890625,89692.28125
1735.7991573810577,2,2184.3,19240.67578125,89692.28125
1736.8091480731964,2,4476.1,19380.41796875,89692.28125
1737.8180780410767,2,658.6,8273.10546875,91740.296875
1738.8262159824371,2,2009.8,8673.8359375,89692.28125
1739.8345141410828,2,2640.4,10839.4453125,89692.28125
1740.8485805988312,2,4343.6,13317.7734375,89692.28125
1741.858506679535,2,4627.9,16178.4375,89692.28125
1742.882951259613,2,4360.9,16303.171875,89692.28125
1743.9003179073334,2,3715.9,16617.08203125,89692.28125
1744.912504196167,2,3649.7,16751.77734375,89692.28125
1745.9285068511963,2,3423.3,17225.4609375,89692.28125
1746.9395017623901,2,4435.7,18684.24609375,89692.28125
1747.9561021327972,2,2321.7,19043.5,89692.28125
1748.9674043655396,2,2662.7,19281.57421875,89692.28125
1749.9783766269684,2,3697.6,19421.01171875,89692.28125
1750.9861731529236,2,614.9,9313.75390625,91740.296875
1751.9943678379059,2,2113.7,8676.63671875,89692.28125
1753.002501487732,2,3277.0,11648.94921875,89692.28125
1754.0143043994904,2,4355.6,13308.19140625,89692.28125
1755.032508134842,2,4611.8,17343.0625,89692.28125
1756.0534994602203,2,4302.9,16399.49609375,89692.28125
1757.0705180168152,2,3709.0,16688.0625,89692.28125
1758.0955085754395,2,3194.8,16932.66796875,89692.28125
1759.1153709888458,2,4067.5,17593.99609375,89692.28125
1760.1275537014008,2,4133.2,18919.6484375,89692.28125
1761.1392714977264,2,1912.4,19057.87890625,89692.28125
1762.1452810764313,2,3591.3,19191.7890625,89692.28125
1763.1561479568481,2,2558.9,19519.12890625,89692.28125
1764.1642277240753,2,960.8,8098.90625,89692.28125
1765.1734964847565,2,2502.6,8768.3203125,89692.28125
1766.2171685695648,2,3614.2,13122.23046875,89692.28125
1767.2342841625214,2,4497.9,13956.7265625,89692.28125
1768.2595131397247,2,4551.7,13850.0390625,89692.28125
1769.271500825882,2,4300.6,16476.12890625,89692.28125
1770.2885179519653,2,3565.0,16700.12109375,89692.28125
1771.314234495163,2,3248.4,16808.53125,89692.28125
1772.3258166313171,2,4174.3,18010.59765625,89692.28125
1773.33642244339,2,3659.3,19095.64453125,89692.28125
1774.343273639679,2,1624.3,19042.953125,89692.28125
1775.3515005111694,2,4123.3,19274.72265625,89692.28125
1776.365568637848,2,1936.4,19555.7109375,89692.28125
1777.3744974136353,2,1386.6,8259.03125,89692.28125
1778.3834991455078,2,2736.5,8740.83984375,89692.28125
1779.415500164032,2,3570.8,13100.96875,89692.28125
1780.4325032234192,2,4499.9,14505.5859375,89692.28125
1781.4585087299347,2,4518.6,14939.55078125,89692.28125
1782.47150182724,2,4329.2,16610.4921875,89692.28125
1783.489420413971,2,3336.0,16796.62109375,89692.28125
1784.4982800483704,2,3122.4,16980.84765625,89692.28125
1785.5085008144379,2,4400.7,18272.15234375,89692.28125
1786.5193634033203,2,3310.8,19187.546875,89692.28125
1787.5268881320953,2,1538.2,19052.7578125,89692.28125
1788.535507440567,2,4464.3,19211.4765625,89692.28125
1789.56378531456,2,1555.0,19599.5546875,89692.28125
1790.5725786685944,2,1607.4,8377.8984375,89692.28125
1791.5811729431152,2,2493.4,9274.73046875,89692.28125
1792.5894994735718,2,3979.4,13221.63671875,89692.28125
1793.6075081825256,2,4575.3,14919.6875,89692.28125
1794.6325070858002,2,4522.0,15400.94921875,89692.28125
1795.6496572494507,2,4179.8,16570.57421875,89692.28125
1796.6575105190277,2,3310.7,16697.0234375,89692.28125
1797.665508031845,2,3254.0,17024.43359375,89692.28125
1798.6774997711182,2,4487.7,18513.5390625,89692.28125
1799.6952803134918,2,3020.8,19063.05078125,89692.28125
1800.7035088539124,2,1810.9,19138.3359375,89692.28125
1801.7146453857422,2,4563.5,19165.48828125,89692.28125
1802.7327346801758,2,1095.4,18227.3828125,89692.28125
1803.739559173584,2,1772.7,8513.13671875,89692.28125
1804.7477235794067,2,2227.6,9790.49609375,89692.28125
1805.7585000991821,2,4393.9,13238.87890625,89692.28125
1806.7755048274994,2,4567.5,15475.8515625,89692.28125
1807.7974677085876,2,4533.3,15747.15234375,89692.28125
1808.8094372749329,2,3951.2,16636.5703125,89692.28125
1809.8165078163147,2,3473.6,16819.90234375,89692.28125
1810.8355071544647,2,3184.6,17020.84375,89692.28125
1811.853502035141,2,4463.9,18681.30078125,89692.28125
1812.8711116313934,2,2888.0,19119.53125,89692.28125
1813.8804981708527,2,2054.9,19332.37109375,89692.28125
1814.8946907520294,2,4526.8,19429.05859375,89692.28125
1815.9053266048431,2,768.9,8244.15234375,91740.296875
1816.9130654335022,2,2050.0,8675.671875,89692.28125
1817.9193758964539,2,2469.2,10286.5078125,89692.28125
1818.932499408722,2,4350.7,13294.19140625,89692.28125
1819.9491279125214,2,4566.5,15705.81640625,89692.28125
1820.9735007286072,2,4367.9,16303.6875,89692.28125
1821.9905049800873,2,3843.1,16648.796875,89692.28125
1823.0025022029877,2,3602.8,16751.23046875,89692.28125
1824.0218577384949,2,3438.1,17234.37109375,89692.28125
1825.0335004329681,2,4505.9,18595.94140625,89692.28125
1826.050109386444,2,2497.3,19017.8046875,89692.28125
1827.060395002365,2,2581.3,19256.19140625,89692.28125
1828.0750522613525,2,3846.9,19481.59765625,89692.28125
1829.0827476978302,2,639.2,9303.9921875,91740.296875
1830.0917365550995,2,2100.5,8660.453125,89692.28125
1831.0994973182678,2,3277.7,11634.47265625,89692.28125
1832.1154987812042,2,4336.7,13286.1875,89692.28125
1833.1321980953217,2,4609.1,16917.5546875,89692.28125
1834.1575028896332,2,4311.6,16383.76171875,89692.28125
1835.1755180358887,2,3731.5,16662.07421875,89692.28125
1836.2003164291382,2,3223.4,16904.25390625,89692.28125
1837.2104980945587,2,3967.1,17590.14453125,89692.28125
1838.220633983612,2,4275.1,18749.8359375,89692.28125
1839.2295734882355,2,1879.1,19096.34375,89692.28125
1840.2365009784698,2,3277.0,19323.21484375,89692.28125
1841.2470908164978,2,2842.7,19532.2578125,89692.28125
1842.2570209503174,2,778.3,8068.89453125,89692.28125
1843.2665040493011,2,2384.8,8823.125,89692.28125
1844.298172712326,2,3753.0,12878.66796875,89692.28125
1845.3095073699951,2,4359.2,13333.82421875,89692.28125
1846.320544242859,2,4554.7,13770.9296875,89692.28125
1847.3305068016052,2,4314.3,16404.5859375,89692.28125
1848.3395202159882,2,3591.7,16654.60546875,89692.28125
1849.366511106491,2,3421.1,16806.55859375,89692.28125
1850.3784987926483,2,4183.4,18004.93359375,89692.28125
1851.3889682292938,2,3597.5,18976.33984375,89692.28125
1852.3974702358246,2,1620.2,18917.5546875,89692.28125
1853.4054980278015,2,4244.6,19122.2734375,89692.28125
1854.4160678386688,2,1798.7,19472.41796875,89692.28125
1855.4249820709229,2,1396.1,8265.484375,89692.28125
1856.4335453510284,2,2629.7,8983.9609375,89692.28125
1857.4414994716644,2,3760.8,13197.4609375,89692.28125
1858.4585094451904,2,4549.7,14894.6875,89692.28125
1859.4845006465912,2,4544.2,15025.3203125,89692.28125
1860.4985094070435,2,4238.4,16450.01953125,89692.28125
1861.50971865654,2,3283.3,16684.921875,89692.28125
1862.5294756889343,2,3289.3,16975.92578125,89692.28125
1863.5421285629272,2,4441.0,18461.40625,89692.28125
1864.5605041980743,2,3026.9,19046.33984375,89692.28125
1865.5684986114502,2,1894.4,19070.74609375,89692.28125
1866.5829932689667,2,4553.0,19129.97265625,89692.28125
1867.5934207439423,2,987.9,18046.84375,89692.28125
1868.602501153946,2,1697.9,8327.953125,89692.28125
1869.623500585556,2,3801.3,11384.5,89692.28125
1870.6411323547363,2,4461.2,12689.34765625,89692.28125
1871.65687417984,2,4026.2,14561.71484375,89692.28125
1872.6666510105133,2,3674.2,14812.73046875,89692.28125
1873.6814997196198,2,4374.3,16007.171875,89692.28125
1874.6991209983826,2,1863.3,16197.60546875,89692.28125
1875.7058837413788,2,4140.0,16400.19140625,89692.28125
1876.7138276100159,2,639.7,9936.078125,91740.296875
1877.722910642624,2,2637.5,9860.8515625,89692.28125
1878.735500574112,2,4329.6,11869.0078125,89692.28125
1879.7555482387543,2,4383.8,14131.87890625,89692.28125
1880.7655081748962,2,3991.1,14505.03515625,89692.28125
1881.7854981422424,2,3808.2,15076.42578125,89692.28125
1882.7976005077362,2,3692.5,16180.31640625,89692.28125
1883.8054988384247,2,2360.7,16250.8828125,89692.28125
1884.8157315254211,2,3094.8,16511.4453125,89692.28125
1885.8239104747772,2,1210.2,8396.1015625,89692.28125
1886.83349776268,2,3351.8,11283.91015625,89692.28125
1887.8541929721832,2,4494.8,13681.65625,89692.28125
1888.8756821155548,2,4273.9,14336.30859375,89692.28125
1889.8935084342957,2,3650.9,14663.48046875,89692.28125
1890.9185011386871,2,4243.4,15758.0078125,89692.28125
1891.9361469745636,2,2625.2,16131.7109375,89692.28125
1892.9451384544373,2,3502.2,16261.48828125,89692.28125
1893.9617865085602,2,1585.6,8424.85546875,91740.296875
1894.9700481891632,2,2023.1,8502.21875,89692.28125
1895.976434469223,2,3810.8,11500.58984375,89692.28125
1896.9944550991058,2,4511.8,12724.21875,89692.28125
1898.0066010951996,2,4018.2,14323.72265625,89692.28125
1899.0317630767822,2,3625.5,14548.14453125,89692.28125
1900.0419878959656,2,4281.0,15817.953125,89692.28125
1901.049994468689,2,1640.4,16023.04296875,89692.28125
1902.0578124523163,2,4113.8,16302.62109375,89692.28125
1903.0659849643707,2,654.9,8021.015625,89692.28125
1904.077649116516,2,3894.6,9703.44140625,89692.28125
1905.089500427246,2,4013.8,10457.6953125,89692.28125
1906.1023209095001,2,2821.4,10612.3125,89692.28125
1907.110157251358,2,1443.2,8537.546875,89692.28125
1908.1331787109375,2,3782.3,11532.5234375,89692.28125
1909.1501083374023,2,4572.8,13138.95703125,89692.28125
1910.1642122268677,2,4171.1,14400.5859375,89692.28125
1911.1741576194763,2,3574.2,14578.9296875,89692.28125
1912.1834993362427,2,4166.9,15877.46875,89692.28125
1913.2001066207886,2,2211.4,16085.26953125,89692.28125
1914.2105011940002,2,3842.4,16111.9296875,89692.28125
1915.2212715148926,2,1122.5,9008.81640625,91740.296875
1916.2326538562775,2,2612.7,9789.48828125,89692.28125
1917.2435019016266,2,4393.2,11523.328125,89692.28125
1918.2555103302002,2,3810.5,12251.0390625,89692.28125
1919.2805025577545,2,3922.3,13212.2265625,89692.28125
1920.293585062027,2,2869.5,13174.2421875,89692.28125
1921.3040626049042,2,1442.5,9876.76171875,91740.296875
1922.3117973804474,2,3021.9,10108.20703125,89692.28125
1923.3295006752014,2,4349.8,11822.0390625,89692.28125
1924.347148656845,2,3681.7,12142.49609375,89692.28125
1925.3571918010712,2,3912.0,13096.03125,89692.28125
1926.36407828331,2,3163.6,13069.9140625,89692.28125
1927.3745260238647,2,997.8,5250.71484375,82524.125
1928.3835496902466,2,73.5,4846.09765625,82524.125
1929.3909275531769,2,103.3,4736.56640625,82524.125
