elapsed_time,nproc,cpu,mem_real,mem_virtual
4.696846008300781e-05,2,0.0,13.83203125,3193.64453125
1.0073223114013672,4,6.9,440.4609375,4202.04296875
2.0150651931762695,4,100.1,619.94921875,4422.04296875
3.0236377716064453,4,100.2,619.921875,4454.04296875
4.031853914260864,4,99.3,615.65234375,4454.04296875
5.03872013092041,4,99.2,616.0,4454.04296875
6.0466468334198,4,99.8,624.55859375,4502.04296875
7.058842182159424,4,99.9,617.4375,4502.04296875
8.069979906082153,4,98.9,606.33203125,4502.04296875
9.080718517303467,4,99.8,613.79296875,4502.04296875
10.092570066452026,4,99.9,655.41015625,4502.04296875
11.103947401046753,4,99.8,709.4140625,4558.04296875
12.115494012832642,4,99.8,761.4140625,4622.04296875
13.127678871154785,4,98.9,813.4140625,4708.04296875
14.138520002365112,4,99.9,863.4140625,4708.04296875
15.149856090545654,4,100.9,911.4140625,4804.04296875
16.16120171546936,4,98.8,957.4140625,4804.04296875
17.173072338104248,2,0.0,60.2265625,106.5390625
18.183712005615234,2,0.0,260.82421875,3718.8828125
19.19671082496643,2,100.8,731.66015625,5212.9140625
20.208107709884644,2,98.9,873.7109375,5852.9140625
21.219114303588867,2,99.9,1113.70703125,7132.9140625
22.23024845123291,2,100.0,1379.70703125,7132.9140625
23.240694046020508,2,99.9,1613.703125,9692.9140625
24.251476049423218,2,99.9,1901.703125,9692.9140625
25.26225709915161,2,99.1,1872.4296875,9180.8828125
26.27184271812439,2,100.0,1872.2734375,9180.8828125
27.282314777374268,2,99.9,1872.2734375,9180.8828125
28.29368567466736,2,100.9,1877.54296875,9180.8671875
29.30430579185486,2,100.1,1872.6015625,9180.8671875
30.313339233398438,2,99.9,1872.6015625,9180.8671875
31.324340105056763,2,99.9,1867.50390625,9180.8671875
32.33519697189331,2,99.9,1981.04296875,9700.8984375
33.346317768096924,2,100.1,2004.9375,9748.8984375
34.35604476928711,2,3111.1,2919.1171875,13851.84375
35.3803653717041,2,4678.2,3285.20703125,14259.84375
36.40806722640991,2,4741.9,3625.23046875,14636.84375
37.435060262680054,2,4692.0,3752.16015625,14846.84375
38.44805979728699,2,4617.5,3810.8359375,14995.84375
39.47488880157471,2,4671.8,3874.10546875,15150.84375
40.503058433532715,2,4658.4,4024.99609375,15307.84375
41.53006339073181,2,4689.4,3949.89453125,15372.84375
42.560152530670166,2,4647.3,3959.5625,15439.84375
43.58605742454529,2,4628.8,4241.1953125,15828.84375
44.61305809020996,2,4667.2,4270.88671875,15940.84375
45.6431519985199,2,4720.9,4358.484375,16056.84375
46.67406463623047,2,4674.9,4295.5234375,16131.84375
47.70006322860718,2,4589.6,4278.82421875,16214.84375
48.7280638217926,2,4643.6,4335.6171875,16256.84375
49.75506258010864,2,4642.0,4415.13671875,16378.84375
50.78205752372742,2,4711.1,4432.6796875,16399.84375
51.80806112289429,2,4630.9,4412.26953125,16499.84375
52.834057569503784,2,4629.9,4451.953125,16599.84375
53.86424732208252,2,4657.0,4601.76171875,16815.84375
54.893059730529785,2,4692.4,4571.18359375,16854.84375
55.92320942878723,2,4665.2,4565.96875,16912.84375
56.94905972480774,2,4597.8,4621.23046875,17005.84375
57.97936201095581,2,4679.0,4702.46484375,17106.84375
59.008055210113525,2,4700.2,4741.7734375,17136.84375
60.035059213638306,2,4711.6,4908.3359375,17308.84375
61.06805753707886,2,4594.7,4881.21484375,17348.84375
62.09360980987549,2,4659.7,4987.4140625,17484.84375
63.12106370925903,2,4644.2,4985.828125,17617.84375
64.14805889129639,2,4699.7,5162.15234375,17841.84375
65.17488288879395,2,4649.5,5021.37109375,17893.84375
66.2010748386383,2,4635.9,4996.30078125,17981.84375
67.23206281661987,2,4648.5,5008.546875,17991.84375
68.26005864143372,2,4704.2,4948.12109375,18079.84375
69.28806161880493,2,4649.1,4921.6875,18079.84375
70.30906128883362,2,4599.7,4809.97265625,18079.84375
71.33604860305786,2,4655.7,4900.5859375,18237.84375
72.36405944824219,2,4663.4,4757.6796875,18375.84375
73.39506387710571,2,4692.5,4710.59375,18375.84375
74.4251959323883,2,4586.8,4710.0703125,18473.84375
75.45205903053284,2,4661.2,4764.4609375,18511.84375
76.48005843162537,2,4665.7,4704.48046875,18511.84375
77.50705933570862,2,4707.4,4773.26171875,18625.84375
78.53715062141418,2,4645.4,4744.14453125,18625.84375
79.57495379447937,2,4615.6,4674.953125,18625.84375
80.60406112670898,2,4664.8,4780.87109375,18757.84375
81.6309106349945,2,4718.7,4793.1953125,18757.84375
82.65905833244324,2,4681.2,4792.921875,18781.84375
83.68505907058716,2,4605.2,4846.3828125,18839.84375
84.71306109428406,2,4683.2,4963.09765625,18955.84375
85.7433488368988,2,4638.4,5031.44140625,18983.84375
86.77205777168274,2,4697.0,5002.8984375,18983.84375
87.79805850982666,2,4617.7,5032.015625,18983.84375
88.82506203651428,2,4653.6,4944.9296875,18983.84375
89.85205626487732,2,4651.4,4893.27734375,18983.84375
90.87905955314636,2,4738.8,4918.9296875,18983.84375
91.90606045722961,2,4649.6,4851.078125,18983.84375
92.93205976486206,2,4619.6,4793.578125,19003.84375
93.96305871009827,2,4666.6,4767.2421875,19003.84375
94.99306583404541,2,4698.9,4762.31640625,19003.84375
96.02005910873413,2,4685.8,4785.2265625,19043.84375
97.04606199264526,2,4594.9,4828.05859375,19147.84375
98.07837986946106,2,4676.1,4834.15625,19207.84375
99.10505890846252,2,4663.5,4887.1015625,19223.84375
100.13206028938293,2,4707.4,4903.4765625,19223.84375
101.16588091850281,2,4616.7,4993.9765625,19223.84375
102.19542264938354,2,4637.8,5023.64453125,19327.84375
103.22206020355225,2,4662.5,5007.89453125,19339.84375
104.24906253814697,2,4682.3,4949.9140625,19339.84375
105.28006505966187,2,4644.9,5017.3046875,19367.84375
106.3070604801178,2,4612.2,5050.65234375,19395.84375
107.34115195274353,2,4682.5,5235.06640625,19575.84375
108.37037563323975,2,4657.6,5285.3671875,19575.84375
109.39806699752808,2,4688.4,5285.203125,19575.84375
110.42888379096985,2,4601.6,5452.98828125,19617.84375
111.45506525039673,2,4670.6,5307.88671875,19617.84375
112.4830572605133,2,4641.1,5305.0234375,19647.84375
113.51375150680542,2,4691.2,5266.70703125,19697.84375
114.5435631275177,2,4627.6,5246.5,19697.84375
115.56872844696045,2,4615.6,5279.30859375,19767.84375
116.5970606803894,2,4649.7,5283.20703125,19799.84375
117.6240565776825,2,4722.7,5360.58203125,19839.84375
118.65105819702148,2,4682.6,5229.64453125,19839.84375
119.67705965042114,2,4586.8,5155.99609375,19867.84375
120.70505833625793,2,4678.0,5122.08203125,19867.84375
121.73205900192261,2,4674.1,5017.5078125,19867.84375
122.75905799865723,2,4714.3,5063.80859375,19897.84375
123.78506898880005,2,4631.0,5075.26953125,19949.84375
124.81106424331665,2,4634.1,5129.12109375,19989.84375
125.84165072441101,2,4660.4,5284.05078125,20045.84375
126.86906313896179,2,4707.1,5506.84765625,20277.84375
127.8970627784729,2,4651.8,5569.23828125,20505.84375
128.9224338531494,2,4597.6,5586.09375,20555.84375
129.95106077194214,2,4664.1,5558.39453125,20555.84375
130.97806119918823,2,4686.1,5591.91015625,20555.84375
132.0060691833496,2,4666.7,5509.36328125,20555.84375
133.03205823898315,2,4600.0,5486.80859375,20555.84375
134.06205654144287,2,4648.4,5522.5859375,20555.84375
135.08905959129333,2,4646.5,5554.88671875,20605.84375
136.12006402015686,2,4706.9,5542.40234375,20605.84375
137.14905786514282,2,4617.5,5533.9921875,20605.84375
138.17419910430908,2,4635.6,5611.84765625,20671.84375
139.20448923110962,2,4654.0,5694.44921875,20695.84375
140.22006177902222,2,4722.9,5790.4765625,20751.84375
141.25049424171448,2,4699.3,5740.03515625,20811.84375
142.27677583694458,2,4604.9,5712.8125,20811.84375
143.3050615787506,2,4656.4,5713.9453125,20811.84375
144.3320062160492,2,4663.8,5761.07421875,20811.84375
145.3600606918335,2,4730.0,5757.19921875,20823.84375
146.38705801963806,2,4650.7,5864.75390625,20827.84375
147.4143784046173,2,4575.9,5893.51953125,20947.84375
148.44606351852417,2,4653.6,5848.1875,20959.84375
149.47305488586426,2,4709.9,5921.6875,20959.84375
150.50005674362183,2,4664.7,5914.6015625,20959.84375
151.52606201171875,2,4595.5,5910.28125,20959.84375
152.54406714439392,2,4665.9,6027.84765625,20983.84375
153.5720567703247,2,4664.7,5882.72265625,20983.84375
154.60224223136902,2,4714.2,5857.78515625,20999.84375
155.6290566921234,2,4614.0,5865.25390625,21071.84375
156.65505695343018,2,4627.6,5777.1640625,21091.84375
157.68407106399536,2,4668.6,5824.5078125,21225.84375
158.69905996322632,2,4726.2,5780.3125,21249.84375
159.726060628891,2,4667.9,5988.08984375,21345.84375
160.7520546913147,2,4585.5,5932.96875,21345.84375
161.78100156784058,2,4659.6,5918.1484375,21345.84375
162.81115913391113,2,4693.0,5855.19140625,21345.84375
163.8400583267212,2,4708.0,5949.515625,21345.84375
164.8660569190979,2,4639.3,5968.34375,21345.84375
165.89705967903137,2,4621.2,5981.40234375,21345.84375
166.92812967300415,2,4654.2,6035.74609375,21345.84375
167.9550564289093,2,4727.6,6026.04296875,21345.84375
168.98205661773682,2,4654.8,5966.00390625,21345.84375
170.01205587387085,2,4599.5,6194.40625,21345.84375
171.04005980491638,2,4662.3,6080.35546875,21365.84375
172.06705832481384,2,4670.2,6117.19921875,21365.84375
173.0960555076599,2,4716.5,6050.84375,21379.84375
174.12306141853333,2,4639.5,6233.3203125,21431.84375
175.15006828308105,2,4631.8,6314.41015625,21551.84375
176.16805958747864,2,4664.7,6269.58984375,21591.84375
177.19507002830505,2,4727.5,6190.08984375,21591.84375
178.22206091880798,2,4664.6,6395.87890625,21675.84375
179.24705910682678,2,4590.8,6279.984375,21675.84375
180.27406072616577,2,4644.8,6258.6875,21747.84375
181.30105590820312,2,4672.4,6060.26953125,21747.84375
182.32905673980713,2,4688.0,6126.26953125,21747.84375
183.35706090927124,2,4585.7,6240.57421875,21955.84375
184.38406109809875,2,4677.3,6168.41015625,21979.84375
185.41105699539185,2,4637.4,6177.23046875,22009.84375
186.43805766105652,2,4663.5,6134.51171875,22081.84375
187.466055393219,2,4626.9,6342.34765625,22085.84375
188.49305891990662,2,4632.5,6538.84765625,22257.84375
189.5200595855713,2,4647.0,6612.35546875,22309.84375
190.5470585823059,2,4709.1,6510.74609375,22309.84375
191.5740613937378,2,4655.9,6670.015625,22369.84375
192.64306664466858,2,4602.4,6655.203125,22457.84375
193.6710560321808,2,4663.9,6794.70703125,22481.84375
194.7100224494934,2,4671.4,6630.8515625,22481.84375
195.7380609512329,2,4679.5,6547.3828125,22481.84375
196.76406240463257,2,4573.1,6617.625,22509.84375
197.794353723526,2,4658.7,6473.453125,22509.84375
198.8230595588684,2,4645.0,6452.69140625,22509.84375
199.85005927085876,2,4712.6,6541.48828125,22509.84375
200.87606358528137,2,4655.9,6632.37109375,22509.84375
201.90099048614502,2,4594.0,6538.68359375,22509.84375
202.93277025222778,2,4636.0,6974.6171875,22637.84375
203.95905542373657,2,4697.1,6969.26953125,22697.84375
204.9860544204712,2,4686.6,6857.34765625,22745.84375
206.01206994056702,2,4583.3,6878.75,22745.84375
207.03906059265137,2,4656.6,6850.5703125,22745.84375
208.06705904006958,2,4641.9,6727.21875,22773.84375
209.09721446037292,2,4687.5,6638.8984375,22773.84375
210.1271378993988,2,4583.6,6608.80859375,22773.84375
211.1590576171875,2,4659.8,6545.05859375,22773.84375
212.18915343284607,2,4647.3,6501.6171875,22773.84375
213.21605563163757,2,4697.1,6604.359375,22777.84375
214.24305415153503,2,4615.0,7019.6875,23085.84375
215.2690074443817,2,4609.3,7007.2578125,23219.84375
216.29705834388733,2,4649.1,7033.84765625,23255.84375
217.32506108283997,2,4698.5,6973.3671875,23283.84375
218.35205698013306,2,4644.8,7016.94140625,23387.84375
219.3780574798584,2,4606.7,7300.15625,23451.84375
220.40605998039246,2,4650.9,7334.24609375,23451.84375
221.43306970596313,2,4682.3,7383.0546875,23451.84375
222.44805574417114,2,4668.5,7306.78515625,23451.84375
223.47406125068665,2,4598.2,7139.9453125,23451.84375
224.50105595588684,2,4660.9,7320.890625,23455.84375
225.52506566047668,2,4655.7,7152.29296875,23487.84375
226.55406212806702,2,4697.1,7567.87890625,23781.84375
227.5830636024475,2,4604.8,7803.80078125,23989.84375
228.60905861854553,2,4627.5,7782.80859375,24009.84375
229.63919162750244,2,4655.3,7694.8984375,24009.84375
230.66925621032715,2,4694.5,7720.890625,24009.84375
231.6990692615509,2,4615.9,7652.67578125,24009.84375
232.72805643081665,2,4639.3,7561.9921875,24137.84375
233.7560577392578,2,4668.1,7587.1484375,24225.84375
234.78306317329407,2,4699.1,7508.4140625,24225.84375
235.8131217956543,2,4686.9,7387.38671875,24245.84375
236.83906269073486,2,4593.8,7503.8125,24365.84375
237.86952996253967,2,4660.4,7472.49609375,24445.84375
238.8980724811554,2,4656.9,7506.17578125,24445.84375
239.9250705242157,2,4716.3,7498.6875,24445.84375
240.95306634902954,2,4656.1,7421.10546875,24445.84375
241.98006057739258,2,4615.5,7441.39453125,24445.84375
243.01024913787842,2,4661.6,7478.984375,24473.84375
244.03906631469727,2,4645.9,7410.02734375,24473.84375
245.0680627822876,2,4666.9,7408.38671875,24473.84375
246.094064950943,2,4596.3,7628.21875,24473.84375
247.12106132507324,2,4666.9,7732.5078125,24473.84375
248.14906239509583,2,4665.6,7659.6796875,24473.84375
249.17706179618835,2,4725.3,7655.64453125,24473.84375
250.2060580253601,2,4628.9,7683.64453125,24473.84375
251.23381757736206,2,4624.8,7607.1484375,24473.84375
252.2600543498993,2,4654.9,7598.015625,24473.84375
253.28705835342407,2,4714.9,7525.75390625,24473.84375
254.31405997276306,2,4670.7,7577.66796875,24473.84375
255.3400583267212,2,4593.7,7536.08203125,24473.84375
256.3680639266968,2,4661.5,7579.48046875,24473.84375
257.39506101608276,2,4665.5,7645.44140625,24597.84375
258.422061920166,2,4699.0,7706.76171875,24597.84375
259.45206212997437,2,4595.9,7605.40625,24597.84375
260.4799292087555,2,4649.2,7352.19140625,24597.84375
261.5070569515228,2,4649.5,7356.1953125,24597.84375
262.5340621471405,2,4687.0,7444.67578125,24597.84375
263.5640604496002,2,4647.5,7500.046875,24597.84375
264.59005761146545,2,4612.5,7413.0078125,24597.84375
265.6169984340668,2,4630.3,7366.40625,24625.84375
266.64505553245544,2,4709.6,7299.81640625,24625.84375
267.6730604171753,2,4652.3,7363.59375,24693.84375
268.69905638694763,2,4589.2,7533.84765625,24801.84375
269.72705817222595,2,4647.1,7382.45703125,24801.84375
270.75725841522217,2,4677.1,7321.01953125,24801.84375
271.78505849838257,2,4701.4,7386.3125,24801.84375
272.81205701828003,2,4609.7,7462.08984375,24825.84375
273.8393349647522,2,4644.6,7535.19140625,24825.84375
274.86706280708313,2,4659.6,7533.80078125,24825.84375
275.8940668106079,2,4694.3,7483.328125,24825.84375
276.92105650901794,2,4639.2,7784.1796875,25065.84375
277.9480609893799,2,4613.3,7890.01171875,25165.84375
278.9750626087189,2,4640.6,7833.79296875,25165.84375
280.0050640106201,2,4716.6,7834.671875,25165.84375
281.0310685634613,2,4654.7,7887.4453125,25193.84375
282.05606293678284,2,4594.6,8033.2890625,25225.84375
283.0830590724945,2,4655.4,7971.76171875,25225.84375
284.11005544662476,2,4691.4,7937.0859375,25257.84375
285.1370551586151,2,4663.6,7894.94921875,25301.84375
286.16205859184265,2,4608.2,8060.546875,25445.84375
287.1930601596832,2,4664.4,8353.42578125,25691.84375
288.2220594882965,2,4641.5,8275.3203125,25691.84375
289.24905705451965,2,4694.1,8334.69140625,25763.84375
290.27606081962585,2,4636.3,8245.578125,25763.84375
291.30105924606323,2,4615.9,8299.3203125,25879.84375
292.3324110507965,2,4658.4,8490.11328125,25927.84375
293.349906206131,2,4691.6,8797.3828125,26257.84375
294.3770570755005,2,4672.1,8707.69140625,26285.84375
295.4080638885498,2,4602.0,8777.1796875,26397.84375
296.4370582103729,2,4664.3,8453.60546875,26397.84375
297.4640588760376,2,4661.2,8201.0,26397.84375
298.4910538196564,2,4695.6,8166.1640625,26397.84375
299.51805543899536,2,4619.1,8366.91796875,26397.84375
300.54305839538574,2,4626.7,8794.28515625,26887.84375
301.5700590610504,2,4607.9,9198.86328125,27367.84375
302.6010603904724,2,4694.3,9620.05859375,27687.84375
303.6180601119995,2,4631.1,9870.2109375,27687.84375
304.643009185791,2,4608.7,10002.83984375,28071.84375
305.6710624694824,2,4646.7,10280.77734375,28519.84375
306.6860649585724,2,4561.1,10277.19921875,28519.84375
307.71305799484253,2,4687.5,10254.93359375,28519.84375
308.74100375175476,2,4606.2,10211.66796875,28519.84375
309.76605701446533,2,4662.9,10372.1796875,28519.84375
310.79406237602234,2,4655.7,10661.4296875,28519.84375
311.82106018066406,2,4673.6,10795.42578125,28519.84375
312.84805274009705,2,4616.9,10785.3984375,28531.84375
313.87404131889343,2,4629.7,10997.57421875,28531.84375
314.90195059776306,2,4653.9,11130.4921875,28535.84375
315.93005442619324,2,4714.1,11089.6015625,28539.84375
316.9570643901825,2,4626.5,11027.109375,28539.84375
317.98181557655334,2,3926.8,10884.7734375,28539.84375
318.9922697544098,2,3244.2,10835.640625,28539.84375
320.00331568717957,2,2971.1,10609.6796875,28539.84375
321.01676392555237,2,2743.3,10559.40625,28539.84375
322.0286967754364,2,2461.0,10629.2890625,28539.84375
323.0420949459076,2,2295.1,10983.55859375,28891.84375
324.0555543899536,2,2187.1,10487.953125,28891.84375
325.06508016586304,2,2191.9,10210.171875,28891.84375
326.0774805545807,2,2187.9,10047.6171875,28891.84375
327.08888387680054,2,2189.5,9927.75390625,28891.84375
328.0987162590027,2,2191.6,10315.3125,29155.84375
329.11040353775024,2,2185.6,10715.21484375,29643.84375
330.12010526657104,2,2190.3,10844.37890625,30395.84375
331.13041615486145,2,2188.4,10647.94921875,30627.84375
332.13894152641296,2,2192.3,10470.92578125,30627.84375
333.14976501464844,2,2190.7,10653.09765625,30627.84375
334.16086530685425,2,2178.9,10962.8984375,30627.84375
335.1714491844177,2,2058.1,11228.75390625,30627.84375
336.1820569038391,2,1991.9,10906.16796875,30627.84375
337.19369745254517,2,1993.6,10520.15234375,30627.84375
338.2064411640167,2,1994.2,10581.59375,30627.84375
339.2183780670166,2,1992.6,10672.09375,30627.84375
340.22805738449097,2,1994.7,10808.453125,30627.84375
341.2387788295746,2,1995.0,10722.703125,30627.84375
342.25131821632385,2,1988.7,10706.5078125,30627.84375
343.26300573349,2,1995.4,11011.9140625,30627.84375
344.2748579978943,2,1995.9,10688.81640625,30627.84375
345.28339862823486,2,1994.6,10796.94921875,30627.84375
346.29463171958923,2,1995.5,10459.3515625,30627.84375
347.30437994003296,2,1995.3,10481.328125,30627.84375
348.31577134132385,2,1991.6,10103.4375,30627.84375
349.3291528224945,2,1993.1,10280.5078125,30755.84375
350.3405122756958,2,1991.8,10313.93359375,30915.84375
351.35073733329773,2,1990.8,9844.234375,30915.84375
352.3608663082123,2,1889.2,9693.390625,30915.84375
353.3723268508911,2,1523.9,9494.3515625,30915.84375
354.3809542655945,2,904.6,9327.71875,30915.84375
355.38909101486206,2,456.3,9123.55078125,30915.84375
356.397091627121,2,306.5,8882.390625,30915.84375
357.4052813053131,2,304.4,8785.078125,30915.84375
358.4136652946472,2,306.2,8993.1328125,30915.84375
359.42277669906616,2,305.2,8730.3046875,30915.84375
360.4320228099823,2,305.8,8359.1015625,30915.84375
361.4392898082733,2,305.7,8097.77734375,30915.84375
362.44997692108154,2,303.6,7894.9765625,30915.84375
363.46117544174194,2,304.5,7724.27734375,30915.84375
364.4726905822754,2,302.8,7576.68359375,30915.84375
365.4831826686859,2,304.5,7435.95703125,30915.84375
366.4945511817932,2,301.0,7830.140625,30915.84375
367.50443816185,2,300.1,7892.25390625,30915.84375
368.5141623020172,2,301.1,7658.05078125,30915.84375
369.5238480567932,2,299.6,7722.87890625,30915.84375
370.5351490974426,2,301.7,7535.921875,30915.84375
371.546062707901,2,301.9,7600.54296875,30915.84375
372.5561728477478,2,301.1,7597.69921875,30915.84375
373.5657548904419,2,305.0,7475.44140625,30915.84375
374.5756604671478,2,307.9,7357.078125,30915.84375
375.5858745574951,2,302.2,7355.7734375,30915.84375
376.59525895118713,2,303.1,7254.96875,30915.84375
377.6047852039337,2,301.1,7412.88671875,30939.84375
378.61437010765076,2,299.9,7845.93359375,30939.84375
379.62457609176636,2,300.9,7841.17578125,30939.84375
380.63513374328613,2,301.0,7926.6328125,30939.84375
381.64508175849915,2,301.9,7180.37109375,30939.84375
382.65524101257324,2,301.8,7154.5625,30939.84375
383.66580605506897,2,301.1,7126.43359375,30939.84375
384.6753399372101,2,302.2,7093.40625,30939.84375
385.6847484111786,2,302.8,7007.8125,30939.84375
386.6952443122864,2,203.1,6860.2578125,30939.84375
387.70471930503845,2,108.8,6790.26953125,30939.84375
388.7154197692871,2,103.9,6742.28125,30939.84375
389.7259600162506,2,105.0,6540.53125,30939.84375
390.7358946800232,2,106.0,6370.203125,30939.84375
391.74533438682556,2,105.9,6386.3984375,30939.84375
392.7558743953705,2,104.0,6837.6953125,30939.84375
393.7656388282776,2,103.9,6675.9140625,30939.84375
394.7765328884125,2,102.0,6711.953125,30939.84375
395.7865409851074,2,101.0,6352.26171875,30939.84375
396.7966477870941,2,102.0,6613.98828125,30939.84375
397.80627942085266,2,99.0,6608.30859375,30939.84375
398.8166301250458,2,101.1,6527.80078125,30939.84375
399.82588243484497,2,101.0,6299.1953125,30939.84375
400.83545422554016,2,100.0,6477.7109375,30939.84375
401.8458480834961,2,99.9,6546.1328125,30939.84375
402.85640048980713,2,103.9,5971.70703125,30939.84375
403.8665852546692,2,101.1,5945.30078125,30939.84375
404.87593245506287,2,102.0,5943.84765625,30939.84375
405.88594341278076,2,102.1,5890.3359375,30939.84375
406.8944079875946,2,102.0,5845.875,30939.84375
407.90395855903625,2,103.0,5821.09375,30939.84375
408.9137063026428,2,102.0,5838.40234375,30939.84375
409.92344069480896,2,99.1,6303.9296875,30939.84375
410.9329583644867,2,100.9,6416.98828125,30939.84375
411.94343423843384,2,99.9,6000.328125,30939.84375
412.9544222354889,2,99.1,6000.328125,30939.84375
413.9639542102814,2,102.0,5985.921875,30939.84375
414.9733250141144,2,103.0,5939.1875,30939.84375
415.98325657844543,2,102.0,5884.26171875,30939.84375
416.99316906929016,2,103.0,5813.20703125,30939.84375
418.0026488304138,2,103.0,5788.75,30939.84375
419.01281118392944,2,101.9,5750.66796875,30939.84375
420.0233271121979,2,101.0,5818.578125,30939.84375
421.03277230262756,2,98.9,6284.7734375,30939.84375
422.04350543022156,2,100.9,6404.1171875,30939.84375
423.0544419288635,2,99.0,6033.88671875,30939.84375
424.06491208076477,2,101.9,6033.88671875,30939.84375
425.0758216381073,2,102.9,6006.9296875,30939.84375
426.0860652923584,2,102.0,5955.61328125,30939.84375
427.09594678878784,2,101.0,5875.6171875,30939.84375
428.1061429977417,2,101.1,5828.09765625,30939.84375
429.11546444892883,2,100.0,5845.1796875,30939.84375
430.125732421875,2,100.0,6007.1875,30939.84375
431.1359212398529,2,102.0,6125.76953125,30939.84375
432.14572405815125,2,100.0,6261.75,30939.84375
433.1562023162842,2,101.0,6416.4375,30939.84375
434.16647148132324,2,99.8,6522.1171875,30939.84375
435.1785752773285,2,100.0,6531.140625,30939.84375
436.18897795677185,2,99.9,6717.53125,31451.84375
437.20033597946167,2,105.8,6486.01171875,31451.84375
438.21168398857117,2,100.0,6624.53515625,31451.84375
439.2212281227112,2,102.0,6518.671875,31451.84375
440.2311336994171,2,99.9,6616.90234375,31451.84375
441.2418303489685,2,107.9,6530.4296875,31451.84375
442.25216364860535,2,100.0,6581.80078125,31451.84375
443.26226925849915,2,104.9,6228.61328125,31451.84375
444.2725372314453,2,102.9,6124.53515625,31451.84375
445.2833299636841,2,103.9,6011.953125,31451.84375
446.29390811920166,2,103.0,5903.421875,31451.84375
447.3038971424103,2,101.9,5807.1328125,31451.84375
448.3142783641815,2,102.0,5396.234375,31451.84375
449.32412576675415,2,111.0,5194.3671875,31451.84375
450.3340492248535,2,407.4,3530.125,31507.84375
451.3546335697174,2,378.0,3710.3359375,31651.8515625
452.3651821613312,2,108.8,3490.6875,31651.921875
453.37594175338745,2,108.7,3411.22265625,31859.9375
454.3878982067108,2,694.5,3698.58203125,32339.9375
455.4015941619873,2,1666.1,4183.53515625,37972.01953125
456.4140965938568,2,430.7,6391.28515625,37460.01171875
457.4263608455658,2,1729.2,4027.1328125,36435.984375
458.43704628944397,2,1760.4,3812.203125,43603.96875
459.4490489959717,2,3924.1,6099.6328125,43603.96875
460.473557472229,2,3987.4,6423.578125,43603.96875
461.4850070476532,2,2643.2,6744.02734375,43603.96875
462.4957866668701,2,2224.2,3797.98828125,41555.9375
463.5090527534485,2,1754.4,3985.1640625,43603.96875
464.52304768562317,2,3882.8,6030.82421875,43603.96875
465.54779410362244,2,4424.3,7532.578125,43603.96875
466.55905628204346,2,3261.0,7772.19921875,43603.96875
467.56659150123596,2,3553.3,8567.04296875,43631.96875
468.57304430007935,2,3189.6,8541.16796875,43631.96875
469.58904576301575,2,1790.5,3550.66015625,41583.9375
470.60803604125977,2,4783.0,3365.953125,41583.9375
471.6270444393158,2,4724.8,3264.50390625,41583.9375
472.64704513549805,2,4238.3,3329.265625,41583.9375
473.6670548915863,2,4645.2,3336.4765625,41583.9375
474.68113017082214,2,2653.3,3395.46875,43631.96875
475.69082832336426,2,573.0,3219.62109375,41583.9375
476.6996011734009,2,101.1,3181.21484375,41583.9375
477.7081871032715,2,121.2,3340.7421875,41653.95703125
478.71479535102844,2,101.2,3792.7265625,41653.95703125
479.72275376319885,2,100.3,4189.57421875,41653.95703125
480.72996640205383,4,28.8,4436.94140625,41921.046875
481.73851251602173,4,99.2,4667.6953125,42165.4609375
482.74700236320496,4,101.2,4886.3828125,42393.109375
483.75548028945923,4,99.2,5091.47265625,42606.078125
484.7639126777649,4,100.2,5404.3203125,42923.4453125
485.77219009399414,4,101.2,5751.15625,43273.0390625
486.78034830093384,4,100.2,6071.01953125,43612.578125
487.78866934776306,4,101.2,6414.515625,43961.8984375
488.7969882488251,4,99.1,6752.7890625,44306.98046875
489.8061435222626,4,100.0,7081.5625,44642.78125
490.815655708313,4,100.1,7427.84765625,44989.0234375
491.82504320144653,4,100.1,7779.09765625,45340.29296875
492.8342525959015,4,99.1,8108.38671875,45674.546875
493.84325075149536,4,100.0,8442.13671875,46008.28515625
494.85280585289,4,99.0,8786.359375,46352.46484375
495.8624978065491,4,101.1,9135.2734375,46701.4140625
496.8718903064728,4,99.2,9467.59375,47033.734375
497.8802444934845,4,100.0,9803.90234375,47370.05078125
498.8902051448822,4,100.0,10150.96875,47717.06640625
499.8999409675598,4,99.1,10502.98046875,48069.109375
500.9092969894409,4,100.2,10836.3125,48402.4609375
501.9176456928253,4,99.9,11172.4609375,48738.6484375
502.92825174331665,4,100.1,11519.3515625,49087.08203125
503.93765449523926,4,99.1,11870.640625,49438.3515625
504.9470331668854,4,100.2,12203.3828125,49771.05859375
505.9554145336151,4,100.0,12536.421875,50104.15234375
506.96499037742615,4,100.1,12884.9140625,50452.5859375
507.9743881225586,4,100.1,13236.18359375,50803.85546875
508.98361372947693,4,100.0,13568.65625,51136.3046875
509.99353289604187,4,99.0,13903.703125,51471.4609375
511.00409173965454,4,100.1,14252.328125,51820.0234375
512.0135502815247,4,99.1,14429.0703125,51996.75390625
513.0228400230408,4,100.1,14436.68359375,52004.359375
514.0319447517395,4,99.8,14801.58984375,52427.33203125
515.0441157817841,4,100.2,14537.55078125,52105.00390625
516.0525739192963,5,0.0,4496.640625,42287.1484375
517.0618896484375,3,2.0,4097.8125,41661.01953125
518.0692369937897,2,99.1,3363.5078125,42165.97265625
519.077894449234,2,1926.3,4880.8046875,44726.03515625
520.0880432128906,2,4399.8,5154.0390625,46774.06640625
521.1090431213379,2,4650.7,5203.98828125,46774.06640625
522.1192643642426,2,2434.5,5694.78125,48822.09765625
523.1288602352142,2,100.1,6106.69140625,48822.09765625
524.1382706165314,2,100.1,6462.77734375,48822.09765625
525.147634267807,4,48.5,6754.19140625,49077.84375
526.1571915149689,4,100.1,7076.22265625,49399.859375
527.1659944057465,4,101.1,7415.7578125,49742.234375
528.1751301288605,4,99.1,7724.109375,50050.578125
529.183965921402,4,100.1,8062.42578125,50388.84375
530.1927804946899,4,100.1,8403.74609375,50730.1875
531.2012672424316,4,99.1,8712.3671875,51038.7890625
532.2106370925903,4,100.8,9026.58203125,51353.0625
533.2227783203125,4,99.9,9344.95703125,51671.4609375
534.2337310314178,4,98.8,9657.84375,51988.34375
535.2457292079926,4,100.0,9977.45703125,52307.90234375
536.2554709911346,4,99.9,10290.7734375,52621.2734375
537.2667784690857,4,99.8,10660.41796875,52990.84765625
538.2783060073853,4,99.8,11033.546875,53364.2890625
539.2899670600891,4,100.1,11397.02734375,53727.8046875
540.2992188930511,4,99.8,11742.63671875,54073.40234375
541.3111255168915,4,99.9,12112.94140625,54443.62109375
542.3219349384308,4,99.9,12485.66796875,54816.41796875
543.333087682724,4,99.1,12847.3046875,55178.0
544.3426260948181,4,99.5,13199.921875,55530.6875
545.3582019805908,4,100.9,13570.31640625,55901.03515625
546.3690707683563,4,99.8,13941.30078125,56272.02734375
547.3810920715332,4,99.9,14296.52734375,56627.29296875
548.3920075893402,4,99.8,14653.765625,56987.0703125
549.4041788578033,4,98.9,15025.26171875,57358.578125
550.4155066013336,4,99.9,15398.734375,57732.01953125
551.4264717102051,4,100.0,15756.44140625,58089.734375
552.4364285469055,4,100.7,16113.59375,58446.93359375
553.4490962028503,4,98.8,16486.0234375,58819.34375
554.4612410068512,4,99.8,16857.23046875,59190.59375
555.4730114936829,4,99.9,17217.42578125,59550.7578125
556.4842214584351,4,100.7,17575.75,59909.1171875
557.4968600273132,4,99.8,17945.953125,60279.3359375
558.5089223384857,4,98.8,18318.00390625,60651.359375
559.521158695221,4,100.0,18675.66796875,61008.9453125
560.5308969020844,4,99.9,19032.28125,61365.62890625
561.5418848991394,4,99.9,19404.4921875,61737.78125
562.552939414978,4,100.8,19573.36328125,61906.6484375
563.5649862289429,4,99.9,19589.23828125,61922.6328125
564.5755410194397,4,98.8,19589.23828125,61922.6328125
565.5879647731781,4,99.9,19589.3046875,61922.6328125
566.5987358093262,4,99.8,19679.44140625,62013.6015625
567.6107375621796,4,99.1,20120.3359375,62569.21875
568.6196804046631,4,99.9,20214.87890625,62651.48828125
569.6310856342316,4,100.9,20228.578125,62651.48828125
570.6420891284943,4,98.8,6500.3046875,48829.17578125
571.6543979644775,5,0.0,7088.5,49753.90234375
572.6655788421631,5,98.8,7379.08203125,50073.203125
573.6777062416077,2,2.0,6497.01171875,49014.9453125
574.6889851093292,2,98.9,5566.84765625,49526.9765625
575.7004852294922,2,99.9,5554.25,49526.9765625
576.711305141449,2,100.0,5560.9453125,49526.9765625
577.7217934131622,2,817.2,6900.37109375,49014.9453125
578.7338109016418,2,175.2,7065.53515625,49014.9453125
579.7438261508942,2,213.1,7072.0625,49014.9453125
580.7527635097504,2,620.0,7091.5546875,49014.9453125
581.7672786712646,2,1359.6,10735.78515625,49014.9453125
582.7800471782684,2,3798.4,13412.77734375,49014.9453125
583.8060464859009,2,4547.5,13621.734375,49014.9453125
584.8325707912445,2,4299.8,13541.80859375,49014.9453125
585.8450574874878,2,3703.1,14632.16796875,49014.9453125
586.8610546588898,2,3733.4,14756.25390625,49014.9453125
587.8783733844757,2,3658.4,15475.43359375,49014.9453125
588.8880484104156,2,1980.7,15310.15625,49014.9453125
589.8966658115387,2,2943.6,15340.56640625,49014.9453125
590.9084558486938,2,1074.2,7861.7421875,49014.9453125
591.9164998531342,2,758.9,8066.5390625,49014.9453125
592.9245660305023,2,216.1,7957.71484375,49014.9453125
593.9340486526489,2,916.2,7680.7109375,49014.9453125
594.9692378044128,2,765.0,7529.69921875,49014.9453125
595.9760549068451,2,2078.6,11576.74609375,49046.9453125
596.9890458583832,2,4456.8,13014.4140625,49046.9453125
598.0100679397583,2,4414.1,15546.96484375,55190.9453125
599.0363554954529,2,4333.3,14443.234375,55190.9453125
600.0480644702911,2,2970.0,14777.796875,55190.9453125
601.0560493469238,2,3614.4,15182.375,55190.9453125
602.0764760971069,2,1599.8,15348.38671875,55190.9453125
603.0852661132812,2,1212.1,15264.08984375,55190.9453125
604.0934233665466,2,3684.3,15399.796875,55190.9453125
605.1003847122192,2,523.5,8381.88671875,55414.9453125
606.1090698242188,2,1279.1,8265.08984375,55414.9453125
607.1194584369659,2,1439.6,8020.15234375,55414.9453125
608.1288166046143,2,1018.0,9049.3359375,55414.9453125
609.1390469074249,2,3391.4,12399.96484375,55414.9453125
610.1610565185547,2,4629.9,13313.0390625,55414.9453125
611.1866037845612,2,4303.5,14021.15625,55414.9453125
612.2067229747772,2,3534.8,14723.8671875,55414.9453125
613.2562689781189,2,4481.5,14486.390625,55414.9453125
614.2741844654083,2,3101.4,14497.4140625,55414.9453125
615.2823112010956,2,2094.7,14287.63671875,55414.9453125
616.2891523838043,2,2998.9,14407.73046875,55414.9453125
617.2978529930115,2,1011.2,8675.96484375,55414.9453125
618.3096430301666,2,1071.3,8166.37890625,55670.9453125
619.3335304260254,2,1098.6,8004.2109375,55670.9453125
620.34206199646,2,1039.7,10271.1015625,55670.9453125
621.3510491847992,2,4362.3,12364.75,55670.9453125
622.3720543384552,2,4610.6,13390.6875,55670.9453125
623.3949267864227,2,4192.8,13980.5703125,55670.9453125
624.4070920944214,2,3590.4,14678.21875,55670.9453125
625.4560508728027,2,4124.8,13965.33984375,55670.9453125
626.4655952453613,2,2657.8,14446.12109375,55670.9453125
627.472775220871,2,2360.0,14423.41015625,55670.9453125
628.4818482398987,2,2684.1,14425.19921875,55670.9453125
629.4891517162323,2,1203.7,8613.62109375,55670.9453125
630.499406337738,2,994.7,8116.87890625,55670.9453125
631.5119585990906,2,1247.2,7913.421875,55670.9453125
632.5220937728882,2,1990.2,11519.375,55670.9453125
633.563047170639,2,4539.3,12409.15234375,55670.9453125
634.5836369991302,2,4397.8,12900.55859375,55670.9453125
635.5966091156006,2,3801.8,13955.3359375,55670.9453125
636.6090862751007,2,4050.9,14604.89453125,55670.9453125
637.6610543727875,2,4098.8,14109.71875,55670.9453125
638.6821804046631,2,2347.7,14313.28515625,55670.9453125
639.7002425193787,2,2705.2,14210.40234375,55670.9453125
640.7127394676208,2,1353.2,7604.77734375,55670.9453125
641.7227675914764,2,1207.1,8541.36328125,55670.9453125
642.7308917045593,2,1201.3,8028.74609375,55670.9453125
643.7398171424866,2,1003.3,7748.8125,55670.9453125
644.7494390010834,2,2826.4,11593.9296875,55670.9453125
645.7638981342316,2,4501.1,12476.8203125,55670.9453125
646.7735052108765,2,4310.9,13165.86328125,55670.9453125
647.7880592346191,2,3795.8,14244.26171875,55670.9453125
648.8010959625244,2,3907.7,14903.56640625,55670.9453125
649.851051568985,2,4153.6,14235.32421875,55670.9453125
650.8630497455597,2,1952.2,14624.87109375,55670.9453125
651.8868935108185,2,2495.2,14518.60546875,55670.9453125
652.8983216285706,2,2540.5,14594.49609375,55670.9453125
653.9084882736206,2,1152.2,8702.703125,55670.9453125
654.9168372154236,2,907.7,8221.203125,55670.9453125
655.925050497055,2,1251.9,7994.50390625,55670.9453125
656.9570808410645,2,2002.5,10199.7109375,55670.9453125
657.9780464172363,2,4434.4,11627.2421875,55670.9453125
658.9975118637085,2,4317.1,12596.43359375,55670.9453125
660.0145571231842,2,3936.2,13672.45703125,55670.9453125
661.0260996818542,2,4182.6,14365.078125,55670.9453125
662.0770480632782,2,3956.5,13907.8671875,55670.9453125
663.0960440635681,2,2343.6,14042.44921875,55670.9453125
664.1037917137146,2,2985.4,13941.16015625,55670.9453125
665.1168687343597,2,1128.6,8253.796875,55670.9453125
666.1258416175842,2,1299.8,8772.48828125,55670.9453125
667.1329734325409,2,1174.9,8213.3046875,55670.9453125
668.1415929794312,2,1176.5,7995.01953125,55670.9453125
669.1521821022034,2,3015.7,11685.62890625,55670.9453125
670.164057970047,2,4404.5,12198.8984375,55670.9453125
671.20299243927,2,4254.5,13715.0234375,55670.9453125
672.2240889072418,2,3768.2,14439.08203125,55670.9453125
673.2740962505341,2,4540.7,13739.953125,55670.9453125
674.3015329837799,2,2913.5,14141.08984375,55670.9453125
675.3084850311279,2,2223.4,13950.43359375,55670.9453125
676.316876411438,2,3131.5,14053.5,55670.9453125
677.3246538639069,2,1099.1,8907.7734375,55670.9453125
678.3371546268463,2,996.2,8411.02734375,55670.9453125
679.3583598136902,2,1302.0,8188.33203125,55670.9453125
680.3667550086975,2,985.9,9316.0625,55670.9453125
681.3749415874481,2,3928.3,11702.78125,55670.9453125
682.3960547447205,2,4427.8,13248.75390625,55670.9453125
683.4220621585846,2,4353.3,13700.21875,55670.9453125
684.4480905532837,2,3801.2,14493.33984375,55670.9453125
685.4927380084991,2,4095.6,13703.171875,55670.9453125
686.5025959014893,2,2524.2,14175.9375,55670.9453125
687.5103001594543,2,2265.5,14102.97265625,55670.9453125
688.5203564167023,2,2920.8,14143.3515625,55670.9453125
689.5290460586548,2,1454.2,8745.30859375,55670.9453125
690.5402872562408,2,640.3,8386.640625,55670.9453125
691.5521624088287,2,1255.0,8217.94140625,55670.9453125
692.560875415802,2,1056.5,10415.0234375,55670.9453125
693.5690495967865,2,4279.4,12574.76953125,55670.9453125
694.5910542011261,2,4491.1,13505.14453125,55670.9453125
695.6213843822479,2,4322.2,14137.37109375,55670.9453125
696.638081073761,2,3657.1,14916.24609375,55670.9453125
697.6829330921173,2,4212.8,14158.89453125,55670.9453125
698.6919167041779,2,3076.3,14652.515625,55670.9453125
699.7040493488312,2,2129.4,14510.45703125,55670.9453125
700.7149167060852,2,3316.6,14570.29296875,55670.9453125
701.722962141037,2,753.4,8190.08984375,55670.9453125
702.7331209182739,2,1342.3,7891.6875,55670.9453125
703.7425541877747,2,1293.2,7771.72265625,55670.9453125
704.7510895729065,2,2067.5,11577.8046875,55670.9453125
705.7730481624603,2,4094.7,13765.43359375,55670.9453125
706.7940547466278,2,4466.3,14171.71875,55670.9453125
707.8210999965668,2,4304.1,14024.5078125,55670.9453125
708.8473477363586,2,3657.9,14706.74609375,55670.9453125
709.8550868034363,2,4433.0,15388.25390625,55670.9453125
710.8980841636658,2,4248.2,15330.78125,55670.9453125
711.9518001079559,2,3659.6,14772.92578125,55670.9453125
712.9630534648895,2,2105.6,15007.453125,55670.9453125
713.9862470626831,2,2227.8,15048.3359375,55670.9453125
714.9976177215576,2,2555.6,15252.1640625,55670.9453125
716.0090584754944,2,1485.0,7882.75,55670.9453125
717.019091129303,2,2321.0,12184.83984375,55670.9453125
718.0640461444855,2,4443.0,13065.08203125,55670.9453125
719.0840995311737,2,4378.9,12454.60546875,55670.9453125
720.1010925769806,2,3993.1,13621.9375,55670.9453125
721.1511039733887,2,4542.0,13531.21484375,55670.9453125
722.2015328407288,2,4399.2,12755.46484375,55670.9453125
723.2140574455261,2,2770.1,13236.51953125,55670.9453125
724.2255296707153,2,2326.0,13514.96875,55670.9453125
725.2329511642456,2,1593.5,7574.77734375,55670.9453125
726.242018699646,2,2023.7,11152.58984375,55670.9453125
727.2590494155884,2,4362.4,12874.03125,55670.9453125
728.2800829410553,2,4481.7,11821.73046875,55670.9453125
729.3120861053467,2,4084.6,13539.2578125,55670.9453125
730.3570773601532,2,4517.4,13509.1328125,55670.9453125
731.4065375328064,2,4342.2,12717.32421875,55670.9453125
732.4160559177399,2,2807.4,13223.3828125,55670.9453125
733.4432809352875,2,2608.9,13447.55078125,55670.9453125
734.451375246048,2,407.4,7235.8203125,55670.9453125
735.4603216648102,2,1126.3,7996.46875,55670.9453125
736.4689478874207,2,901.8,7559.90625,55670.9453125
737.4904210567474,2,2457.3,8734.984375,55670.9453125
738.5000472068787,2,4050.2,10695.53515625,55670.9453125
739.5193047523499,2,4456.4,12173.97265625,55670.9453125
740.5358498096466,2,3980.0,13344.453125,55670.9453125
741.5500843524933,2,4158.3,14061.65625,55670.9453125
742.6001904010773,2,3549.3,13782.2265625,55670.9453125
743.6082773208618,2,1930.3,13774.1640625,55670.9453125
744.6159198284149,2,3162.2,13824.3828125,55670.9453125
745.6250035762787,2,424.6,7595.9375,55670.9453125
746.6360473632812,2,1010.1,8775.26171875,55670.9453125
747.6541368961334,2,927.0,7976.65625,55670.9453125
748.6628546714783,2,2578.8,8816.84765625,55670.9453125
749.6710460186005,2,4094.1,10577.57421875,55670.9453125
750.6916983127594,2,4270.5,11913.7109375,55670.9453125
751.7090911865234,2,4014.1,13085.015625,55670.9453125
752.7540907859802,2,4177.9,13771.75,55670.9453125
753.804785490036,2,3208.2,13594.62109375,55670.9453125
754.8150534629822,2,2050.4,13375.79296875,55670.9453125
755.8237075805664,2,2826.4,13546.515625,55670.9453125
756.8360455036163,2,1432.3,8738.390625,55670.9453125
757.8518135547638,2,781.9,8299.8515625,55670.9453125
758.8608632087708,2,1005.8,8134.55078125,55670.9453125
759.8699567317963,2,2326.4,8482.7734375,55670.9453125
760.8780465126038,2,3963.2,10419.6640625,55670.9453125
761.8990972042084,2,4434.6,11468.33984375,55670.9453125
762.9100122451782,2,4316.7,12923.546875,55670.9453125
763.9235033988953,2,3275.4,13129.921875,55670.9453125
764.9340467453003,2,3419.0,13680.0703125,55670.9453125
765.9429061412811,2,1772.5,13607.640625,55670.9453125
766.9510481357574,2,3337.5,13496.41796875,55670.9453125
767.9627301692963,2,649.3,8320.03125,55670.9453125
768.9715077877045,2,1586.4,8268.109375,55990.9453125
769.9824833869934,2,1003.5,8081.64453125,55990.9453125
770.9930477142334,2,1696.0,7900.390625,55990.9453125
772.0620138645172,2,3046.0,10571.08203125,55990.9453125
773.0770499706268,2,4295.8,11595.546875,55990.9453125
774.1040670871735,2,4573.1,14404.69921875,55990.9453125
775.1259241104126,2,3916.2,14636.921875,55990.9453125
776.148051738739,2,3902.7,14970.56640625,55990.9453125
777.1640529632568,2,3269.4,15229.16015625,55990.9453125
778.1792378425598,2,3117.1,15772.265625,55990.9453125
779.1943781375885,2,1848.0,16109.2578125,55990.9453125
780.2030503749847,2,1647.7,16117.40234375,55990.9453125
781.2141988277435,2,3342.0,16452.4140625,55990.9453125
782.2236330509186,2,630.7,7775.94921875,56502.953125
783.232034444809,2,1513.2,9065.828125,55990.9453125
784.2392179965973,2,576.5,8223.15234375,55990.9453125
785.2487499713898,2,1189.0,8026.8515625,55990.9453125
786.2580125331879,2,2416.7,8532.78515625,55990.9453125
787.2680513858795,2,3750.0,11045.390625,55990.9453125
788.2830579280853,2,4512.1,12956.046875,55990.9453125
789.3100590705872,2,4339.1,13342.078125,55990.9453125
790.3290519714355,2,3891.4,14696.48828125,55990.9453125
791.3412578105927,2,3009.4,14942.09375,55990.9453125
792.3580448627472,2,3602.0,15563.56640625,55990.9453125
793.3785655498505,2,1934.3,16072.48828125,55990.9453125
794.3870530128479,2,1351.0,15883.23046875,55990.9453125
795.394425868988,2,3551.0,16072.375,55990.9453125
796.401508808136,2,780.6,14407.078125,55990.9453125
797.4109170436859,2,1430.9,8731.80859375,55990.9453125
798.4194831848145,2,722.7,8232.44140625,55990.9453125
799.4280397891998,2,1136.8,7988.77734375,55990.9453125
800.455593585968,2,2218.1,8505.93359375,55990.9453125
801.4640469551086,2,3796.2,10466.2734375,55990.9453125
802.4877603054047,2,4533.7,12638.2109375,55990.9453125
803.5080525875092,2,4371.0,13162.109375,55990.9453125
804.5273218154907,2,3402.9,13426.64453125,55990.9453125
805.540997505188,2,3330.7,13882.8515625,55990.9453125
806.5498533248901,2,1843.3,13881.49609375,55990.9453125
807.5606274604797,2,3394.3,13850.42578125,55990.9453125
808.5693957805634,2,595.8,8506.44921875,55990.9453125
809.5779929161072,2,1729.1,8390.9140625,55990.9453125
810.5929570198059,2,1141.3,8190.80078125,55990.9453125
811.6014156341553,2,2662.5,8532.53125,55990.9453125
812.6110506057739,2,3752.2,10757.3203125,55990.9453125
813.631059885025,2,4452.6,13334.7421875,55990.9453125
814.6613659858704,2,4308.7,13206.21875,55990.9453125
815.6840949058533,2,3854.3,14166.33984375,55990.9453125
816.7190482616425,2,3123.4,13906.98828125,55990.9453125
817.7300488948822,2,2401.4,14322.23046875,55990.9453125
818.7521669864655,2,1300.3,14291.015625,55990.9453125
819.7610104084015,2,3438.1,14355.578125,55990.9453125
820.7691638469696,2,535.0,7969.01171875,55990.9453125
821.7785212993622,2,1598.8,8362.97265625,55990.9453125
822.7867467403412,2,950.3,8164.59765625,55990.9453125
823.7959637641907,2,617.8,7974.32421875,55990.9453125
824.8043792247772,2,2725.8,7949.0625,55990.9453125
825.8150496482849,2,3714.6,10201.66015625,55990.9453125
826.8330631256104,2,4571.0,13171.7734375,55990.9453125
827.8640561103821,2,4316.1,12902.984375,55990.9453125
828.8844974040985,2,3244.1,13226.26953125,55990.9453125
829.8930087089539,2,3351.0,13831.15234375,55990.9453125
830.9035589694977,2,1128.0,13900.0859375,55990.9453125
831.9123108386993,2,2418.3,13897.04296875,55990.9453125
832.9247388839722,2,1661.0,7178.35546875,55990.9453125
833.9336149692535,2,1513.6,9265.50390625,55990.9453125
834.9417388439178,2,862.5,8139.984375,55990.9453125
835.9481410980225,2,756.7,8049.57421875,55990.9453125
836.9580454826355,2,2160.2,7807.00390625,55990.9453125
837.9990501403809,2,3563.5,10171.96484375,55990.9453125
839.0200595855713,2,4526.7,12653.2421875,55990.9453125
840.0460488796234,2,4264.8,12851.44140625,55990.9453125
841.0670554637909,2,3677.8,13181.5546875,55990.9453125
842.0845232009888,2,3536.3,13686.3125,55990.9453125
843.0929317474365,2,1196.3,13763.04296875,55990.9453125
844.1018853187561,2,2202.5,13852.2265625,55990.9453125
845.1140625476837,2,1879.4,7604.41015625,56502.953125
846.1227102279663,2,1511.7,9227.05859375,55990.9453125
847.1315286159515,2,785.8,8139.859375,55990.9453125
848.1406471729279,2,714.3,8037.6796875,55990.9453125
849.1500480175018,2,2586.0,7861.203125,55990.9453125
850.2080492973328,2,3450.5,10293.6328125,55990.9453125
851.2290606498718,2,4503.2,12712.43359375,55990.9453125
852.25505900383,2,4466.8,12968.2109375,55990.9453125
853.2803113460541,2,3313.1,13401.77734375,55990.9453125
854.2890486717224,2,3449.0,13784.59765625,55990.9453125
855.3097915649414,2,1706.0,14021.35546875,55990.9453125
856.3210453987122,2,1824.0,14154.5,55990.9453125
857.3324258327484,2,2588.2,14233.546875,55990.9453125
858.3407726287842,2,1126.6,9049.375,55990.9453125
859.3509747982025,2,1124.6,8314.01953125,55990.9453125
860.3603005409241,2,993.2,8162.97265625,55990.9453125
861.3700480461121,2,2359.0,8502.15625,55990.9453125
862.3810448646545,2,3820.7,10525.80859375,55990.9453125
863.4120726585388,2,4387.3,12670.01171875,55990.9453125
864.4390587806702,2,4286.6,13205.89453125,55990.9453125
865.4573881626129,2,3244.5,13453.20703125,55990.9453125
866.4723513126373,2,3363.6,13961.85546875,55990.9453125
867.4809095859528,2,1809.6,13838.70703125,55990.9453125
868.4877903461456,2,3453.4,13852.765625,55990.9453125
869.4960532188416,2,525.9,8802.19140625,55990.9453125
870.5077192783356,2,1555.8,8531.0078125,55990.9453125
871.5170495510101,2,1049.7,8337.3515625,55990.9453125
872.5260498523712,2,1565.5,8155.34375,55990.9453125
873.5810468196869,2,3500.5,10721.95703125,55990.9453125
874.6030831336975,2,4442.6,12184.71484375,55990.9453125
875.6300535202026,2,4470.4,13165.73046875,55990.9453125
876.6549997329712,2,3552.4,13448.65625,55990.9453125
877.6691036224365,2,3527.6,13617.890625,55990.9453125
878.6830468177795,2,2233.4,13960.1484375,55990.9453125
879.6980459690094,2,2011.3,13950.76171875,55990.9453125
880.7090787887573,2,2619.5,13114.65234375,55990.9453125
881.7175407409668,2,1585.2,8975.546875,55990.9453125
882.7256057262421,2,627.4,8477.453125,55990.9453125
883.7370491027832,2,975.1,8202.26171875,55990.9453125
884.748880147934,2,2194.0,8661.94921875,55990.9453125
885.7580478191376,2,3800.9,10930.5859375,55990.9453125
886.7710525989532,2,4526.1,13251.109375,55990.9453125
887.789623260498,2,4134.6,13593.19921875,55990.9453125
888.8034973144531,2,3684.3,13711.3359375,55990.9453125
889.8144240379333,2,3228.1,14125.71484375,55990.9453125
890.8233087062836,2,2002.7,14290.78515625,55990.9453125
891.8348271846771,2,2190.5,14277.03515625,55990.9453125
892.8471422195435,2,2375.2,12186.8203125,55990.9453125
893.8570780754089,2,1503.1,9169.30859375,56374.9453125
894.8663589954376,2,725.6,8609.4296875,56374.9453125
895.875049829483,2,1022.4,8444.20703125,56374.9453125
896.8850476741791,2,2365.1,8217.72265625,56374.9453125
897.9260470867157,2,3221.9,11361.5859375,56374.9453125
898.9470562934875,2,4346.1,12570.9765625,56374.9453125
899.9720859527588,2,4429.0,13008.57421875,56374.9453125
900.9836716651917,2,3953.4,14966.953125,56374.9453125
901.9940838813782,2,3751.4,15650.91796875,56374.9453125
903.0117647647858,2,3325.6,15360.30078125,56374.9453125
904.0239408016205,2,2882.1,16422.90234375,56374.9453125
905.0307276248932,2,1653.9,16266.5546875,56374.9453125
906.0394628047943,2,2412.0,16354.95703125,56374.9453125
907.0522289276123,2,2315.8,16629.69140625,56374.9453125
908.0599431991577,2,418.0,8209.9140625,56374.9453125
909.0670454502106,2,1609.8,9221.8984375,56374.9453125
910.0753400325775,2,704.1,8442.984375,56374.9453125
911.0836899280548,2,1193.6,8280.609375,56374.9453125
912.0915377140045,2,2248.4,8824.63671875,56374.9453125
913.1010484695435,2,4028.8,10732.98828125,56374.9453125
914.1220688819885,2,4521.2,13163.73828125,56374.9453125
915.1390511989594,2,4298.7,13577.47265625,56374.9453125
916.1494641304016,2,3456.2,13782.875,56374.9453125
917.1600499153137,2,3358.9,14190.359375,56374.9453125
918.1701622009277,2,1919.5,14305.02734375,56374.9453125
919.1820516586304,2,2802.0,14323.328125,56374.9453125
920.1959927082062,2,1509.0,7959.13671875,56374.9453125
921.2051255702972,2,1628.0,9671.890625,56374.9453125
922.2149443626404,2,670.6,8506.66796875,56374.9453125
923.2244691848755,2,1128.8,8287.01171875,56374.9453125
924.2326352596283,2,2286.5,9639.1015625,56374.9453125
925.2465567588806,2,4385.9,11072.25,56374.9453125
926.2591760158539,2,4392.5,12102.0703125,56374.9453125
927.2717661857605,2,4134.1,13405.62890625,56374.9453125
928.2844944000244,2,3284.3,13683.10546875,56374.9453125
929.293221950531,2,3148.3,14218.4765625,56374.9453125
930.3013200759888,2,1743.6,14127.58203125,56374.9453125
931.3089895248413,2,3066.9,14083.67578125,56374.9453125
932.3242075443268,2,1006.3,8458.65625,56374.9453125
933.3327004909515,2,1632.9,9383.86328125,56374.9453125
934.3407716751099,2,845.4,8570.7109375,56374.9453125
935.348616361618,2,1155.9,8298.3515625,56374.9453125
936.3573167324066,2,2702.5,9992.1875,56374.9453125
937.3690476417542,2,4371.4,11641.07421875,56374.9453125
938.3860621452332,2,4500.2,14173.515625,56374.9453125
939.4120502471924,2,4285.1,14970.9765625,56374.9453125
940.4327883720398,2,3998.8,15253.9140625,56374.9453125
941.445056438446,2,3438.9,15494.5390625,56374.9453125
942.4568684101105,2,3430.4,16303.375,56374.9453125
943.4678952693939,2,1992.9,16433.125,56374.9453125
944.4790501594543,2,2502.4,16520.046875,56374.9453125
945.4934637546539,2,2244.7,16725.765625,56374.9453125
946.5010461807251,2,757.6,8779.71484375,56374.9453125
947.522049665451,2,1436.9,8427.90234375,56374.9453125
948.5306084156036,2,580.6,8283.921875,56374.9453125
949.5381219387054,2,1246.2,8057.88671875,56374.9453125
950.5478484630585,2,3096.8,10185.8125,56374.9453125
951.5670647621155,2,4357.0,11531.08984375,56374.9453125
952.5926783084869,2,4342.6,13235.53515625,56374.9453125
953.6004416942596,2,3622.1,13562.33203125,56374.9453125
954.6090471744537,2,3353.4,13778.36328125,56374.9453125
955.6218748092651,2,2504.4,14187.91015625,56374.9453125
956.6292955875397,2,2707.8,14161.2890625,56374.9453125
957.6416382789612,2,1748.6,8125.26171875,56374.9453125
958.6491165161133,2,1660.0,9954.1875,56374.9453125
959.658766746521,2,624.1,8777.75390625,56374.9453125
960.6715176105499,2,1860.7,9608.86328125,56374.9453125
961.6810486316681,2,3772.8,11976.26953125,56374.9453125
962.7020578384399,2,4481.5,14063.93359375,56374.9453125
963.732150554657,2,4234.1,14285.3046875,56398.9453125
964.7527005672455,2,3947.2,14289.7734375,56398.9453125
965.7640552520752,2,3849.2,14247.046875,56398.9453125
966.7730569839478,2,3011.3,14633.37890625,56398.9453125
967.8012833595276,2,2570.2,14591.80859375,56398.9453125
968.8127291202545,2,1562.4,8743.015625,56398.9453125
969.8212399482727,2,1736.2,9505.0703125,56398.9453125
970.8288090229034,2,1106.2,8623.98828125,56398.9453125
971.8381021022797,2,1975.5,12013.58984375,56398.9453125
972.8830473423004,2,4410.1,14234.83984375,56398.9453125
973.9040541648865,2,4447.1,14664.02734375,56398.9453125
974.9310488700867,2,4388.8,14834.17578125,56398.9453125
975.952085018158,2,4009.5,15868.11328125,56398.9453125
976.9970896244049,2,4525.3,15850.01171875,56398.9453125
978.0395088195801,2,4631.8,15698.9921875,56398.9453125
979.0843243598938,2,2950.2,15490.7421875,56398.9453125
980.0932078361511,2,2458.9,15467.4453125,56398.9453125
981.1009261608124,2,2806.8,15675.11328125,56398.9453125
982.1121532917023,2,1504.1,9085.51171875,56398.9453125
983.1206748485565,2,873.0,8606.62109375,56398.9453125
984.1300530433655,2,1889.5,8498.1875,56398.9453125
985.1720516681671,2,2950.4,12377.7109375,56398.9453125
986.1930565834045,2,4494.8,12959.7890625,56398.9453125
987.2200486660004,2,4418.3,14624.890625,56398.9453125
988.2410862445831,2,4030.3,15389.18359375,56398.9453125
989.290426492691,2,4225.8,14591.92578125,56398.9453125
990.3008739948273,2,3275.4,15223.56640625,56398.9453125
991.3100483417511,2,2144.0,15047.3125,56398.9453125
992.3229794502258,2,3131.2,15053.703125,56398.9453125
993.3315136432648,2,1228.6,9388.97265625,56398.9453125
994.3408279418945,2,1315.0,8619.09765625,56398.9453125
995.3506932258606,2,1569.7,9736.3046875,56398.9453125
996.360053062439,2,3921.5,12076.71484375,56398.9453125
997.3842401504517,2,4522.6,13744.0859375,56398.9453125
998.3975462913513,2,4036.2,13904.09765625,56398.9453125
999.4120919704437,2,4118.6,14615.74609375,56398.9453125
1000.4586102962494,2,3841.7,14021.40234375,56398.9453125
1001.4667332172394,2,2531.5,14183.37109375,56398.9453125
1002.4758422374725,2,3123.3,14221.42578125,56398.9453125
1003.4830470085144,2,821.3,9116.390625,56398.9453125
1004.5022192001343,2,1604.2,8710.0078125,56398.9453125
1005.5120494365692,2,1645.3,8541.7734375,56398.9453125
1006.532844543457,2,2942.4,12266.390625,56398.9453125
1007.5429162979126,2,4459.8,12797.6640625,56398.9453125
1008.5755405426025,2,4413.9,14547.23828125,56398.9453125
1009.5970811843872,2,3875.5,15403.53125,56398.9453125
1010.6395745277405,2,4154.0,14451.1015625,56398.9453125
1011.6520676612854,2,3268.8,15060.36328125,56398.9453125
1012.6609756946564,2,2225.9,14961.0078125,56398.9453125
1013.6680471897125,2,3020.0,14950.765625,56398.9453125
1014.675048828125,2,1527.0,10015.89453125,56398.9453125
1015.6948232650757,2,1085.0,9043.1953125,56398.9453125
1016.703973531723,2,1583.4,10337.73046875,56398.9453125
1017.7134420871735,2,3063.8,13679.28515625,56398.9453125
1018.7260525226593,2,4433.1,14420.25,56398.9453125
1019.7510137557983,2,4558.4,16449.2578125,56398.9453125
1020.7720580101013,2,4392.9,15153.8125,56398.9453125
1021.793087720871,2,4035.3,16048.4296875,56398.9453125
1022.8370962142944,2,4369.4,16000.94921875,56398.9453125
1023.8874318599701,2,3821.2,15164.9921875,56398.9453125
1024.8970601558685,2,3023.1,15643.8828125,56398.9453125
1025.9263100624084,2,2851.2,15774.09375,56398.9453125
1026.9360790252686,2,1480.4,7936.5546875,56398.9453125
1027.945153951645,2,1725.4,9790.2734375,56398.9453125
1028.9535586833954,2,1017.2,8665.58984375,56398.9453125
1029.9640443325043,2,1754.9,12069.45703125,56398.9453125
1030.984049797058,2,4328.0,14351.8203125,56398.9453125
1032.0050575733185,2,4578.6,14656.1015625,56398.9453125
1033.030611038208,2,4506.4,14889.04296875,56398.9453125
1034.0460906028748,2,3855.9,16138.70703125,56398.9453125
1035.0850796699524,2,4578.6,16026.921875,56398.9453125
1036.1040823459625,2,4349.0,15992.16796875,56398.9453125
1037.131005525589,2,3492.8,15638.453125,56398.9453125
1038.142288684845,2,2439.2,15739.56640625,56398.9453125
1039.1535658836365,2,2972.2,15894.41796875,56398.9453125
1040.1618411540985,2,1746.2,7841.78125,56398.9453125
1041.1692082881927,2,2236.7,8255.23828125,56398.9453125
1042.1769165992737,2,2452.4,8884.24609375,56398.9453125
1043.1884279251099,2,864.5,9006.25,58254.11328125
1044.1970467567444,2,1594.9,8566.87890625,56206.09765625
1045.2600407600403,2,3228.3,10880.234375,56206.09765625
1046.2750532627106,2,4259.2,12827.8515625,56246.09765625
1047.2890629768372,2,4558.7,14921.17578125,63414.09765625
1048.3140470981598,2,4166.9,15348.21875,63414.09765625
1049.3350639343262,2,3453.1,15577.59375,63414.09765625
1050.366711139679,2,2881.2,15775.65234375,63414.09765625
1051.3740448951721,2,3277.8,16949.703125,63414.09765625
1052.3894159793854,2,1140.6,16912.83984375,63414.09765625
1053.3990499973297,2,2266.3,17143.046875,63414.09765625
1054.415050983429,2,2682.5,17304.42578125,63414.09765625
1055.4256591796875,2,535.4,7956.00390625,63414.09765625
1056.4350476264954,2,1352.5,8954.109375,63414.09765625
1057.456505060196,2,3058.3,10966.70703125,63414.09765625
1058.472047328949,2,4324.7,12934.59765625,63414.09765625
1059.4930567741394,2,4389.3,15380.83203125,63414.09765625
1060.5200591087341,2,4594.3,19529.3984375,71606.09765625
1061.5469875335693,2,4201.1,15434.9609375,71654.09765625
1062.5560503005981,2,4237.3,18852.94921875,71654.09765625
1063.5770490169525,2,4440.1,18999.171875,71654.09765625
1064.5978050231934,2,3139.4,19344.5234375,71654.09765625
1065.6080570220947,2,3108.1,19609.8828125,71654.09765625
1066.6291863918304,2,3416.3,20209.34765625,71654.09765625
1067.6385118961334,2,2327.3,20947.57421875,71654.09765625
1068.6465928554535,2,820.7,20911.00390625,71654.09765625
1069.655452489853,2,1025.9,20882.83203125,71654.09765625
1070.6623976230621,2,704.4,20834.91796875,71654.09765625
1071.6710484027863,2,3760.6,21073.8125,71654.09765625
1072.682516336441,2,2034.4,21403.24609375,71654.09765625
1073.692495584488,2,416.4,7578.23046875,71654.09765625
1074.7040491104126,2,1551.2,8777.80078125,71654.09765625
1075.766053199768,2,3159.3,11261.79296875,71654.09765625
1076.7830517292023,2,4275.4,12709.6328125,71654.09765625
1077.8050627708435,2,4498.8,16400.0,71654.09765625
1078.8353831768036,2,4475.5,21562.91015625,71654.09765625
1079.861064195633,2,4205.1,17251.3984375,71654.09765625
1080.8850557804108,2,4406.0,18405.52734375,71654.09765625
1081.9060587882996,2,3361.8,18815.3828125,71654.09765625
1082.9160604476929,2,3402.8,18970.77734375,71654.09765625
1083.9340453147888,2,3548.4,19571.5390625,71654.09765625
1084.9488394260406,2,2555.9,20424.171875,71654.09765625
1085.9587383270264,2,783.4,20305.26953125,71654.09765625
1086.9667341709137,2,1128.0,20321.16796875,71654.09765625
1087.9760465621948,2,1664.3,20507.0234375,71654.09765625
1088.991128206253,2,3984.9,20633.265625,71654.09765625
1090.0000641345978,2,676.4,19048.7578125,71654.09765625
1091.0097134113312,2,776.1,8611.0625,71654.09765625
1092.0240640640259,2,2682.3,9381.91796875,71654.09765625
1093.0317854881287,2,3423.7,12536.6484375,71654.09765625
1094.1050696372986,2,4378.1,14396.73046875,71654.09765625
1095.1320564746857,2,4607.0,19278.44921875,71654.09765625
1096.1603252887726,2,4280.9,15312.2109375,71654.09765625
1097.1730482578278,2,4267.7,18334.734375,71654.09765625
1098.193933725357,2,4448.5,18554.94140625,71654.09765625
1099.2160580158234,2,2974.3,18903.3984375,71654.09765625
1100.247421503067,2,3265.3,19091.2421875,71654.09765625
1101.2595160007477,2,3572.7,19994.78515625,71654.09765625
1102.268649816513,2,1112.9,20232.75,71654.09765625
1103.2758855819702,2,1238.4,20130.59765625,71654.09765625
1104.283683538437,2,1883.5,20397.69921875,71654.09765625
1105.2958025932312,2,3823.0,20537.28125,71654.09765625
1106.3027424812317,2,661.0,18502.36328125,71654.09765625
1107.311806678772,2,870.2,8580.49609375,71654.09765625
1108.3184456825256,2,2642.4,9431.125,71654.09765625
1109.3270528316498,2,3448.5,12515.85546875,71654.09765625
1110.3511340618134,2,4382.6,14114.14453125,71654.09765625
1111.3780586719513,2,4626.0,19218.91796875,71654.09765625
1112.4047141075134,2,4222.0,15226.4609375,71654.09765625
1113.414047718048,2,4193.8,18420.34375,71654.09765625
1114.4350485801697,2,4448.4,18638.171875,71654.09765625
1115.4460577964783,2,3091.0,19044.578125,71654.09765625
1116.4727709293365,2,3164.3,19148.17578125,71654.09765625
1117.483965396881,2,3852.3,20095.0625,71654.09765625
1118.4929993152618,2,1018.0,20430.73046875,71654.09765625
1119.5017127990723,2,1012.2,20373.68359375,71654.09765625
1120.5094521045685,2,907.6,20376.25,71654.09765625
1121.5190489292145,2,3652.5,20453.203125,71654.09765625
1122.529943704605,2,1933.4,20746.1875,71654.09765625
1123.5384466648102,2,418.5,7968.45703125,71654.09765625
1124.5468142032623,2,1027.9,9288.921875,71654.09765625
1125.5550491809845,2,3567.5,9570.5078125,71654.09765625
1126.6150541305542,2,2691.8,13527.77734375,71654.09765625
1127.6290490627289,2,4321.6,14619.33984375,71654.09765625
1128.650059223175,2,4469.4,18304.99609375,71654.09765625
1129.6760621070862,2,4463.1,22689.57421875,71654.09765625
1130.7040474414825,2,4143.6,22103.37109375,71654.09765625
1131.7280504703522,2,4362.5,19748.6796875,71654.09765625
1132.7419605255127,2,4280.9,20537.29296875,71654.09765625
1133.7668421268463,2,3453.3,20817.7578125,71654.09765625
1134.790060043335,2,3339.2,20991.8203125,71654.09765625
1135.81875705719,2,2603.0,21096.359375,71654.09765625
1136.8266406059265,2,3810.3,22012.5546875,71654.09765625
1137.8356938362122,2,1687.6,22624.60546875,71654.09765625
1138.844782590866,2,929.1,22556.61328125,71654.09765625
1139.8544261455536,2,1234.2,22407.0859375,71654.09765625
1140.8640472888947,2,1127.3,22604.28125,71654.09765625
1141.878535270691,2,4041.2,22643.4453125,71654.09765625
1142.8897972106934,2,1409.3,23013.92578125,71654.09765625
1143.9028584957123,2,398.9,7917.98828125,71654.09765625
1144.9107434749603,2,1062.1,9219.18359375,71654.09765625
1145.9201169013977,2,3673.1,9687.47265625,71654.09765625
1146.9300763607025,2,2912.5,13816.39453125,71654.09765625
1147.9750525951385,2,4207.7,14606.84765625,71654.09765625
1149.001058101654,2,4527.3,17998.90234375,71654.09765625
1150.0280520915985,2,4443.9,22291.98828125,71654.09765625
1151.0550529956818,2,4185.1,21221.08203125,71654.09765625
1152.0740575790405,2,4205.2,19701.24609375,71654.09765625
1153.089058637619,2,4356.4,20490.32421875,71654.09765625
1154.0991666316986,2,3515.0,20791.40234375,71654.09765625
1155.1080558300018,2,3007.5,21031.89453125,71654.09765625
1156.1383690834045,2,2857.9,21156.890625,71654.09765625
1157.1470482349396,2,3575.2,22021.87109375,71654.09765625
1158.1676981449127,2,2096.5,22682.62109375,71654.09765625
1159.1778326034546,2,935.2,22612.140625,71654.09765625
1160.1861371994019,2,1195.5,22516.0859375,71654.09765625
1161.1941440105438,2,1220.9,22635.57421875,71654.09765625
1162.2020497322083,2,4218.8,22774.20703125,71654.09765625
1163.2154829502106,2,1166.7,23061.41796875,71654.09765625
1164.2233293056488,2,414.5,8004.79296875,71654.09765625
1165.2318046092987,2,1025.6,9216.66796875,71654.09765625
1166.241052389145,2,3664.4,9922.32421875,71654.09765625
1167.2530682086945,2,2944.8,13806.20703125,71654.09765625
1168.2750475406647,2,4197.7,14598.79296875,71654.09765625
1169.297057390213,2,4549.2,18478.8828125,71654.09765625
1170.3230531215668,2,4510.5,22414.0703125,71654.09765625
1171.3489184379578,2,4182.3,19279.68359375,71654.09765625
1172.3610548973083,2,4259.8,20131.52734375,71654.09765625
1173.3760488033295,2,4306.6,20484.58203125,71654.09765625
1174.397033214569,2,3350.8,20814.8359375,71654.09765625
1175.4090580940247,2,3221.3,21007.8203125,71654.09765625
1176.433138847351,2,2651.2,21189.55859375,71654.09765625
1177.4420487880707,2,3990.8,22072.42578125,71654.09765625
1178.4627740383148,2,1368.5,22522.53515625,71654.09765625
1179.4710700511932,2,875.2,22524.7578125,71654.09765625
1180.47882938385,2,1156.1,22428.23828125,71654.09765625
1181.488049030304,2,889.5,22524.21875,71654.09765625
1182.5020499229431,2,4011.6,22726.95703125,71654.09765625
1183.5207633972168,2,1665.4,23012.4453125,71654.09765625
1184.5276792049408,2,390.4,7642.5546875,71654.09765625
1185.5369048118591,2,987.1,9222.5703125,71654.09765625
1186.5449290275574,2,3407.8,9529.9609375,71654.09765625
1187.6140501499176,2,2693.0,13345.63671875,71654.09765625
1188.640255689621,2,4281.0,14606.80859375,71654.09765625
1189.6520566940308,2,4536.6,18023.203125,71654.09765625
1190.6810545921326,2,4505.1,22244.16015625,71654.09765625
1191.706710577011,2,4189.2,22050.22265625,71654.09765625
1192.7170639038086,2,4240.9,19710.7421875,71654.09765625
1193.7420566082,2,4376.2,20458.01953125,71654.09765625
1194.7671973705292,2,3717.5,20791.41796875,71654.09765625
1195.775220632553,2,2858.7,21025.44921875,71654.09765625
1196.7881925106049,2,3058.0,21180.75390625,71654.09765625
1197.802048444748,2,3597.4,22015.796875,71654.09765625
1198.8227968215942,2,2074.9,22597.1640625,71654.09765625
1199.8304669857025,2,904.0,22570.578125,71654.09765625
1200.8404207229614,2,1205.4,22544.03125,71654.09765625
1201.8510582447052,2,1524.7,22660.6875,71654.09765625
1202.8700473308563,2,4272.0,22699.91796875,71654.09765625
1203.88179063797,2,885.8,23084.1875,71654.09765625
1204.8910083770752,2,469.0,8220.99609375,71654.09765625
1205.8995687961578,2,1013.7,9224.41015625,71654.09765625
1206.9088323116302,2,3500.4,10540.1953125,71654.09765625
1207.919050693512,2,3423.6,13975.046875,71654.09765625
1208.9350638389587,2,4269.3,14595.09375,71654.09765625
1209.97376704216,2,4563.0,19207.08203125,71654.09765625
1211.0030579566956,2,4476.7,23553.91015625,71654.09765625
1212.0260689258575,2,3981.5,16788.14453125,71654.09765625
1213.039050102234,2,4328.5,20562.81640625,71654.09765625
1214.0755162239075,2,4434.5,20699.59765625,71654.09765625
1215.086600780487,2,3171.4,20984.91796875,71654.09765625
1216.1030566692352,2,3041.0,21129.1015625,71654.09765625
1217.135903596878,2,2574.8,21303.9140625,71654.09765625
1218.1570489406586,2,3956.0,22171.46484375,71654.09765625
1219.1778466701508,2,1420.9,22656.7734375,71654.09765625
1220.1877093315125,2,994.6,22582.1875,71654.09765625
1221.195079088211,2,1254.4,22539.76171875,71654.09765625
1222.205054283142,2,3034.4,22789.796875,71654.09765625
1223.225046634674,2,2976.8,22915.70703125,71654.09765625
1224.2327427864075,2,580.2,7841.35546875,73702.11328125
1225.240921497345,2,672.3,8936.5078125,71654.09765625
1226.2500507831573,2,2135.6,9532.95703125,71654.09765625
1227.2920534610748,2,2316.4,12342.296875,71654.09765625
1228.3050513267517,2,3979.2,14921.11328125,71654.09765625
1229.3320577144623,2,4059.5,15984.484375,71654.09765625
1230.3570575714111,2,4491.3,19367.07421875,71654.09765625
1231.3840544223785,2,4339.3,22563.16796875,81894.09765625
1232.4110536575317,2,4387.9,27089.6015625,81950.09765625
1233.4369068145752,2,4339.3,29394.546875,81950.09765625
1234.4610815048218,2,3928.6,20361.9765625,81950.09765625
1235.4800601005554,2,4433.1,24150.89453125,81950.09765625
1236.4970490932465,2,3845.7,24659.2734375,81950.09765625
1237.518059015274,2,4100.6,25085.609375,81950.09765625
1238.526064157486,2,3136.8,25341.96484375,81950.09765625
1239.5566380023956,2,3123.1,25649.05859375,81950.09765625
1240.5840549468994,2,3228.0,25695.578125,81950.09765625
1241.616048336029,2,2951.1,26117.8203125,81950.09765625
1242.6280686855316,2,3379.3,27403.9453125,81950.09765625
1243.6483669281006,2,1925.5,28338.40234375,81950.09765625
1244.6567809581757,2,848.5,28319.12890625,81950.09765625
1245.666833639145,2,1042.4,28302.28515625,81950.09765625
1246.6750593185425,2,1053.2,28351.04296875,81950.09765625
1247.6844699382782,2,1274.5,28520.0703125,81950.09765625
1248.6970522403717,2,3975.2,28758.93359375,81950.09765625
1249.7079589366913,2,2308.7,29345.109375,81950.09765625
1250.7162637710571,2,462.1,29539.16796875,81950.09765625
1251.724659204483,2,606.0,16734.71484375,81950.09765625
1252.7329232692719,2,925.6,8537.83984375,81950.09765625
1253.742068529129,2,2645.7,10368.66015625,81950.09765625
1254.7620532512665,2,4171.9,11941.87890625,81950.09765625
1255.7880601882935,2,4566.8,16892.8515625,81950.09765625
1256.8120510578156,2,4146.8,15310.1796875,81950.09765625
1257.8330664634705,2,3581.9,15592.08984375,81950.09765625
1258.859367132187,2,2843.9,15761.66796875,81950.09765625
1259.8708019256592,2,3320.4,17006.15234375,81950.09765625
1260.88019657135,2,1292.2,16952.60546875,81950.09765625
1261.8910460472107,2,3293.7,17070.49609375,81950.09765625
1262.9027483463287,2,1247.4,17409.859375,81950.09765625
1263.911146402359,2,947.4,8778.90234375,81950.09765625
1264.924082517624,2,2678.6,10575.41015625,81950.09765625
1265.944058895111,2,4188.4,12016.77734375,81950.09765625
1266.9811778068542,2,4549.5,16989.859375,81950.09765625
1268.0070502758026,2,4193.6,15152.40234375,81950.09765625
1269.02791929245,2,3533.5,15353.2890625,81950.09765625
1270.0539243221283,2,2883.5,15562.25,81950.09765625
1271.0764374732971,2,3376.4,16765.5703125,81950.09765625
1272.084834098816,2,1224.4,16592.52734375,81950.09765625
1273.0929803848267,2,2909.8,16747.1640625,81950.09765625
1274.1118476390839,2,1559.9,17150.55859375,81950.09765625
1275.1200532913208,2,624.9,8622.26953125,81950.09765625
1276.1290490627289,2,1348.9,9678.83984375,81950.09765625
1277.190768957138,2,2833.9,11739.79296875,81950.09765625
1278.2000496387482,2,3902.6,14789.29296875,81950.09765625
1279.221858739853,2,4058.2,15942.90625,81950.09765625
1280.2444949150085,2,4492.5,18731.9921875,81950.09765625
1281.273054599762,2,4411.5,22363.546875,81950.09765625
1282.2950580120087,2,4385.3,26867.46875,81950.09765625
1283.3230566978455,2,4381.0,29821.34375,81950.09765625
1284.3470816612244,2,3827.9,20424.5390625,81950.09765625
1285.367023229599,2,4383.6,23862.67578125,81950.09765625
1286.3800494670868,2,3816.0,24680.40234375,81950.09765625
1287.404335975647,2,4054.3,25047.55078125,81950.09765625
1288.4261677265167,2,3229.4,25380.8984375,81950.09765625
1289.4410552978516,2,2932.1,25653.984375,81950.09765625
1290.4666776657104,2,3400.8,25755.8671875,81950.09765625
1291.4750196933746,2,3390.0,26105.45703125,81950.09765625
1292.5277194976807,2,3491.2,27410.65625,81950.09765625
1293.54052400589,2,1552.3,28309.29296875,81950.09765625
1294.5495493412018,2,855.9,28131.6953125,81950.09765625
1295.5580501556396,2,1022.4,28328.96875,81950.09765625
1296.5756645202637,2,1016.3,28118.77734375,81950.09765625
1297.5870478153229,2,1074.8,28255.28515625,81950.09765625
1298.6030461788177,2,3890.0,28615.28515625,81950.09765625
1299.615706205368,2,2426.1,29202.52734375,81950.09765625
1300.6245875358582,2,574.9,29395.05859375,81950.09765625
1301.6335172653198,2,581.9,14168.078125,81950.09765625
1302.642341852188,2,736.7,8911.0546875,81950.09765625
1303.6540462970734,2,2742.9,9443.8203125,81950.09765625
1304.6796793937683,2,2721.6,13150.91796875,81950.09765625
1305.6930482387543,2,4238.3,14299.3359375,81950.09765625
1306.7140574455261,2,4524.9,17761.6640625,81950.09765625
1307.7402963638306,2,4575.2,22460.484375,81950.09765625
1308.7537717819214,2,4157.0,19255.15234375,81950.09765625
1309.7772977352142,2,4230.1,19928.359375,81950.09765625
1310.7920486927032,2,4255.2,20343.38671875,81950.09765625
1311.8130645751953,2,3422.8,20589.421875,81950.09765625
1312.844714641571,2,3628.8,20750.625,81950.09765625
1313.8530476093292,2,2652.1,20965.76953125,81950.09765625
1314.865348815918,2,3384.0,21962.3828125,81950.09765625
1315.87464761734,2,1035.2,22119.8828125,81950.09765625
1316.8830773830414,2,1179.9,22033.7109375,81950.09765625
1317.8917152881622,2,1362.6,22011.68359375,81950.09765625
1318.9040479660034,2,4088.3,22177.0390625,81950.09765625
1319.9187502861023,2,1196.8,22532.33984375,81950.09765625
1320.9254643917084,2,410.0,8346.7890625,81950.09765625
1321.9328255653381,2,945.4,9817.78125,81950.09765625
1322.9420475959778,2,3256.4,9998.3671875,81950.09765625
1323.9990775585175,2,2267.1,13132.828125,81950.09765625
1325.0230512619019,2,4177.3,16151.03515625,81950.09765625
1326.0430557727814,2,4271.3,16620.51953125,81950.09765625
1327.068055152893,2,4464.1,19816.234375,81950.09765625
1328.0950486660004,2,4359.9,22934.71484375,81950.09765625
1329.122053861618,2,4445.9,27763.69140625,81950.09765625
1330.147050857544,2,4113.5,29985.66796875,81950.09765625
1331.164086341858,2,3943.1,20631.96875,81950.09765625
1332.1820538043976,2,4539.4,24643.13671875,81950.09765625
1333.198049545288,2,3908.0,25500.86328125,81950.09765625
1334.2190482616425,2,3981.5,25818.73046875,81950.09765625
1335.2498862743378,2,3184.8,26029.6328125,81950.09765625
1336.2585711479187,2,2843.3,26303.40234375,81950.09765625
1337.267240524292,2,3999.3,26216.84375,81950.09765625
1338.2790458202362,2,2633.6,26538.37890625,81950.09765625
1339.290048122406,2,3657.6,27888.5078125,81950.09765625
1340.3106474876404,2,2686.4,28988.5703125,81950.09765625
1341.3238689899445,2,777.3,28873.5390625,81950.09765625
1342.332356452942,2,827.5,28860.45703125,81950.09765625
1343.3414618968964,2,1317.8,28839.5390625,81950.09765625
1344.3538904190063,2,643.8,28847.06640625,81950.09765625
1345.365045785904,2,3025.9,29404.08984375,81950.09765625
1346.3815429210663,2,3898.2,29497.32421875,81950.09765625
1347.3917286396027,2,809.3,29915.1484375,81950.09765625
1348.3999516963959,2,857.0,30271.5859375,81950.09765625
1349.4103848934174,2,272.0,8044.43359375,81950.09765625
1350.4178013801575,2,1046.6,9527.05078125,81950.09765625
1351.4260442256927,2,3279.3,9760.46484375,81950.09765625
1352.4640493392944,2,2356.8,13511.6953125,81950.09765625
1353.489051103592,2,4259.8,15727.19921875,81950.09765625
1354.5090577602386,2,4225.2,16203.8125,81950.09765625
1355.5350551605225,2,4398.1,20249.109375,81950.09765625
1356.5590529441833,2,4366.8,24365.7109375,81950.09765625
1357.585009098053,2,4502.5,29436.62109375,81950.09765625
1358.6040563583374,2,3941.9,25352.3828125,81950.09765625
1359.617078781128,2,4198.1,22695.48828125,81950.09765625
1360.650050163269,2,3879.5,24879.37109375,81950.09765625
1361.670772075653,2,4282.1,25015.3671875,81950.09765625
1362.6810524463654,2,4272.0,25266.21484375,81950.09765625
1363.7070648670197,2,3010.7,25526.67578125,81950.09765625
1364.7390615940094,2,3228.6,25882.0703125,81950.09765625
1365.7730548381805,2,2759.6,25865.7890625,81950.09765625
1366.7865102291107,2,3841.7,26759.44921875,81950.09765625
1367.7950458526611,2,2730.4,28075.73828125,81950.09765625
1368.815407037735,2,1207.0,28326.765625,81950.09765625
1369.8235259056091,2,806.1,28314.36328125,81950.09765625
1370.833340883255,2,1299.9,28235.73046875,81950.09765625
1371.8418691158295,2,728.3,28291.62890625,81950.09765625
1372.8540539741516,2,3089.1,28794.2421875,81950.09765625
1373.877052307129,2,3744.1,29078.41015625,81950.09765625
1374.9010472297668,2,695.3,29453.1484375,81950.09765625
1375.9104838371277,2,688.9,28528.22265625,81950.09765625
1376.9191699028015,2,267.8,8275.1875,81950.09765625
1377.9275846481323,2,998.8,9508.609375,81950.09765625
1378.9370443820953,2,3815.5,9746.09375,81950.09765625
1379.9670884609222,2,2395.8,14197.12890625,81950.09765625
1381.0227653980255,2,4070.5,15916.1015625,81950.09765625
1382.0310566425323,2,4355.4,16335.328125,81950.09765625
1383.0460517406464,2,4484.9,20970.609375,81950.09765625
1384.0720541477203,2,4405.4,25205.79296875,81950.09765625
1385.0990562438965,2,4426.5,29869.91015625,81950.09765625
1386.126055240631,2,4037.6,23804.8828125,81950.09765625
1387.1375777721405,2,4208.9,23137.59765625,81950.09765625
1388.1580452919006,2,3898.3,24785.34375,81950.09765625
1389.1880462169647,2,4060.7,25009.453125,81950.09765625
1390.212054014206,2,4205.4,25218.9921875,81950.09765625
1391.2370827198029,2,3101.4,25479.2421875,81950.09765625
1392.2480545043945,2,3128.9,25838.91796875,81950.09765625
1393.2782988548279,2,2441.3,25843.6015625,81950.09765625
1394.2864253520966,2,3756.2,27060.31640625,81950.09765625
1395.299043893814,2,2912.1,28007.60546875,81950.09765625
1396.3114566802979,2,979.4,28353.078125,81950.09765625
1397.321183681488,2,823.1,28307.828125,81950.09765625
1398.3307452201843,2,1297.0,28194.0546875,81950.09765625
1399.3416686058044,2,736.3,28263.40625,81950.09765625
1400.3510508537292,2,2938.8,28702.234375,81950.09765625
1401.3624682426453,2,3896.3,28982.9765625,81950.09765625
1402.370700120926,2,680.0,29368.2890625,81950.09765625
1403.3811461925507,2,731.7,29685.69921875,81950.09765625
1404.3897068500519,2,219.2,8052.15234375,81950.09765625
1405.3979580402374,2,1037.6,9310.5234375,81950.09765625
1406.4071280956268,2,3530.6,10116.90625,81950.09765625
1407.4170529842377,2,2741.7,14223.7890625,81950.09765625
1408.4416460990906,2,4064.9,15850.765625,81950.09765625
1409.4640605449677,2,4379.5,17318.80078125,81950.09765625
1410.4941411018372,2,4496.4,21769.1953125,81950.09765625
1411.521054983139,2,4382.8,25819.3984375,81950.09765625
1412.5470530986786,2,4500.3,30659.6484375,81950.09765625
1413.572762966156,2,4001.0,19405.703125,81950.09765625
1414.591088294983,2,4341.0,23082.8984375,81950.09765625
1415.618046760559,2,3906.4,24740.20703125,81950.09765625
1416.639047384262,2,4254.1,24969.921875,81950.09765625
1417.659990310669,2,3672.2,25301.6953125,81950.09765625
1418.6680612564087,2,2852.5,25741.234375,81950.09765625
1419.6773087978363,2,3933.9,25889.453125,81950.09765625
1420.6890439987183,2,2195.2,25895.4609375,81950.09765625
1421.700623035431,2,3685.6,27317.68359375,81950.09765625
1422.7140219211578,2,2572.0,28345.2109375,81950.09765625
1423.725655555725,2,825.3,28443.23046875,81950.09765625
1424.7349164485931,2,888.5,28217.58203125,81950.09765625
1425.7467286586761,2,1208.4,28192.5390625,81950.09765625
1426.7547352313995,2,685.5,28274.984375,81950.09765625
1427.7650458812714,2,2640.3,28805.14453125,81950.09765625
1428.7770743370056,2,3967.0,28812.10546875,81950.09765625
1429.7849724292755,2,809.5,29303.98046875,81950.09765625
1430.7941994667053,2,826.0,29659.1640625,81950.09765625
1431.801563501358,2,259.6,7835.90234375,81950.09765625
1432.8106694221497,2,921.5,9958.3359375,81950.09765625
1433.8200452327728,2,1971.9,10129.23828125,81950.09765625
1434.8754210472107,2,3118.3,11928.6640625,81950.09765625
1435.8840577602386,2,3490.8,15201.69140625,81950.09765625
1436.899048089981,2,4099.0,16786.17578125,81950.09765625
1437.9200599193573,2,4419.7,17737.37890625,81950.09765625
1438.9484868049622,2,4419.1,22018.6484375,81950.09765625
1439.9700529575348,2,4335.8,25998.44921875,81950.09765625
1440.9970576763153,2,4399.1,30297.94140625,81950.09765625
1442.0340058803558,2,4113.4,27057.9453125,81950.09765625
1443.0580892562866,2,4188.8,22582.19921875,81950.09765625
1444.0910065174103,2,3754.5,26004.01953125,81950.09765625
1445.102058172226,2,4526.3,25953.7421875,81950.09765625
1446.1278927326202,2,3957.4,26339.3046875,81950.09765625
1447.14998793602,2,2620.9,26634.33203125,81950.09765625
1448.160809993744,2,2798.9,26858.25390625,81950.09765625
1449.1887474060059,2,3760.1,26783.3046875,81950.09765625
1450.1979172229767,2,2778.6,27167.1796875,81950.09765625
1451.2100474834442,2,3767.5,28452.48046875,81950.09765625
1452.2310438156128,2,2590.3,29695.6484375,81950.09765625
1453.247272491455,2,670.2,29555.86328125,81950.09765625
1454.2573204040527,2,836.6,29467.76953125,81950.09765625
1455.2670476436615,2,1184.0,29374.3828125,81950.09765625
1456.2764148712158,2,760.8,29493.8828125,81950.09765625
1457.288045167923,2,739.6,29610.640625,81950.09765625
1458.306049823761,2,3844.9,29947.1875,81950.09765625
1459.3144042491913,2,3606.7,30288.43359375,81950.09765625
1460.3245477676392,2,527.8,30574.17578125,81950.09765625
1461.332603931427,2,742.2,30635.078125,81950.09765625
1462.3403573036194,2,422.3,8090.39453125,81950.09765625
1463.3491806983948,2,2525.8,8810.1796875,81950.09765625
1464.3580513000488,2,3477.3,11371.0625,81950.09765625
1465.3740549087524,2,4562.2,15523.13671875,81950.09765625
1466.4017219543457,2,4341.5,14628.1953125,81950.09765625
1467.4164350032806,2,3798.6,15247.43359375,81950.09765625
1468.4322798252106,2,2999.2,15397.921875,81950.09765625
1469.4421179294586,2,3486.8,16653.7265625,81950.09765625
1470.453663110733,2,1213.9,16560.35546875,81950.09765625
1471.462673664093,2,2672.5,16674.95703125,81950.09765625
1472.4805467128754,2,1832.2,17019.54296875,81950.09765625
1473.4884858131409,2,882.6,8518.81640625,81950.09765625
1474.4970450401306,2,2356.9,9906.70703125,81950.09765625
1475.5120496749878,2,4117.6,11478.60546875,81950.09765625
1476.5390584468842,2,4554.1,16580.421875,81950.09765625
1477.5720474720001,2,4188.8,14987.06640625,81950.09765625
1478.5930664539337,2,3728.5,15183.390625,81950.09765625
1479.6200115680695,2,2916.3,15426.02734375,81950.09765625
1480.6339483261108,2,3272.2,16611.53125,81950.09765625
1481.6434960365295,2,1230.6,16492.15625,81950.09765625
1482.6530516147614,2,3333.3,16599.51953125,81950.09765625
1483.6672842502594,2,1046.5,16965.24609375,81950.09765625
1484.6742916107178,2,542.5,8878.78125,81950.09765625
1485.6826598644257,2,874.9,10050.3359375,81950.09765625
1486.6930487155914,2,3662.7,10171.203125,81950.09765625
1487.7259774208069,2,2074.8,13432.0390625,81950.09765625
1488.7440478801727,2,4176.0,16522.9453125,81950.09765625
1489.7644364833832,2,4336.4,16948.23046875,81950.09765625
1490.7732515335083,2,4435.9,19586.51171875,81950.09765625
1491.7970538139343,2,4307.9,23565.203125,81950.09765625
1492.8240621089935,2,4401.5,27777.265625,81950.09765625
1493.851087808609,2,4507.1,31703.796875,81950.09765625
1494.862727880478,2,3834.9,20551.27734375,81950.09765625
1495.8730823993683,2,4368.3,24427.1796875,81950.09765625
1496.8970477581024,2,3782.2,26123.8671875,81950.09765625
1497.9190475940704,2,4243.7,26266.4140625,81950.09765625
1498.9400563240051,2,4330.0,26452.83984375,81950.09765625
1499.9520699977875,2,2273.5,26761.484375,81950.09765625
1500.9775741100311,2,2953.7,27016.36328125,81950.09765625
1501.988051891327,2,3132.5,27042.62890625,81950.09765625
1503.0210464000702,2,3771.3,27565.91015625,81950.09765625
1504.0360491275787,2,3311.5,28669.828125,81950.09765625
1505.056247472763,2,1339.1,29495.91015625,81950.09765625
1506.0650703907013,2,830.5,29464.6328125,81950.09765625
1507.0740759372711,2,885.4,29428.33203125,81950.09765625
1508.0826437473297,2,1198.3,29462.8828125,81950.09765625
1509.0916049480438,2,598.6,29423.05078125,81950.09765625
1510.1005718708038,2,3252.8,29850.96484375,81950.09765625
1511.1103656291962,2,4027.2,29999.55859375,81950.09765625
1512.1183562278748,2,789.5,30458.08984375,81950.09765625
1513.1266043186188,2,777.6,30794.57421875,81950.09765625
1514.1348719596863,2,302.8,7792.51953125,81950.09765625
1515.1455636024475,2,929.9,9585.515625,81950.09765625
1516.156048297882,2,2715.4,9792.70703125,81950.09765625
1517.2110483646393,2,2384.6,12749.390625,81950.09765625
1518.2270498275757,2,4256.8,15769.22265625,81950.09765625
1519.2483959197998,2,4244.7,16238.73046875,81950.09765625
1520.2710540294647,2,4406.9,20046.81640625,81950.09765625
1521.2980585098267,2,4378.2,23562.640625,81950.09765625
1522.3250529766083,2,4483.5,28002.0,81950.09765625
1523.3580520153046,2,3987.7,27342.3203125,81950.09765625
1524.3850615024567,2,3861.1,20437.51953125,81950.09765625
1525.404508113861,2,4082.8,24492.09375,81950.09765625
1526.4160573482513,2,4192.5,24760.64453125,81950.09765625
1527.4430484771729,2,3961.2,25180.44140625,81950.09765625
1528.4632849693298,2,3045.4,25467.34765625,81950.09765625
1529.4981694221497,2,3181.0,25790.12890625,81950.09765625
1530.5285549163818,2,3400.7,25958.45703125,81950.09765625
1531.5574102401733,2,3372.6,26439.12890625,81950.09765625
1532.568169593811,2,3248.7,27554.4140625,81950.09765625
1533.5774447917938,2,1167.4,28278.359375,81950.09765625
1534.5855555534363,2,908.3,28209.6484375,81950.09765625
1535.5973987579346,2,892.1,28375.203125,81950.09765625
1536.6051335334778,2,1053.1,28360.71484375,81950.09765625
1537.6140525341034,2,1594.4,28895.00390625,81950.09765625
1538.6400463581085,2,4273.6,28897.73828125,81950.09765625
1539.6593642234802,2,1632.5,29281.77734375,81950.09765625
1540.668121099472,2,671.7,29542.640625,81950.09765625
1541.6775302886963,2,389.4,9114.59765625,83998.11328125
1542.6866414546967,2,729.9,9484.01953125,81950.09765625
1543.6960458755493,2,1402.9,10063.3125,81950.09765625
1544.7622683048248,2,3767.4,11128.30859375,81950.09765625
1545.7740709781647,2,2997.5,15031.015625,81950.09765625
1546.7970492839813,2,4085.8,16725.92578125,81950.09765625
1547.818054676056,2,4394.7,16939.76953125,81950.09765625
1548.8440713882446,2,4483.7,21390.6796875,81950.09765625
1549.8727235794067,2,4397.6,25250.21484375,81950.09765625
1550.8983540534973,2,4398.6,29298.671875,81950.09765625
1551.9260547161102,2,4255.4,28446.04296875,81950.09765625
1552.9410645961761,2,4105.3,21606.8359375,81950.09765625
1553.9718043804169,2,4420.9,25523.296875,81950.09765625
1554.9820547103882,2,3891.0,25917.671875,81950.09765625
1556.0070502758026,2,4050.8,26213.4296875,81950.09765625
1557.0277917385101,2,3003.4,26526.46875,81950.09765625
1558.0358955860138,2,2694.5,26709.65625,81950.09765625
1559.0470547676086,2,3265.1,26818.5703125,81950.09765625
1560.0771775245667,2,2414.6,26751.48046875,81950.09765625
1561.0855476856232,2,4133.8,27591.12109375,81950.09765625
1562.0966334342957,2,2762.8,28763.875,81950.09765625
1563.1048846244812,2,1182.8,29392.80859375,81950.09765625
1564.1143922805786,2,838.5,29366.18359375,81950.09765625
1565.1233863830566,2,796.3,29473.66796875,81950.09765625
1566.131807088852,2,1220.1,29389.0234375,81950.09765625
1567.140816450119,2,570.9,29397.98828125,81950.09765625
1568.151720046997,2,2524.3,29828.265625,81950.09765625
1569.1640462875366,2,4293.5,29813.42578125,81950.09765625
1570.1721620559692,2,1313.4,30437.875,81950.09765625
1571.1816697120667,2,669.5,30722.06640625,81950.09765625
1572.1899328231812,2,403.6,8756.43359375,83998.11328125
1573.1983604431152,2,731.6,9408.9453125,81950.09765625
1574.2090482711792,2,1932.2,9753.421875,81950.09765625
1575.2695026397705,2,2718.6,12062.828125,81950.09765625
1576.2799627780914,2,4177.4,15001.83203125,81950.09765625
1577.2930490970612,2,4045.2,16110.46875,81950.09765625
1578.3130557537079,2,4427.6,18738.64453125,81950.09765625
1579.3400535583496,2,4389.4,22574.8671875,81950.09765625
1580.3680543899536,2,4495.8,27094.0703125,81950.09765625
1581.3940505981445,2,4411.0,29142.46484375,81950.09765625
1582.4160873889923,2,3839.3,20453.4375,81950.09765625
1583.4315707683563,2,4500.4,23926.75,81950.09765625
1584.448049068451,2,3925.6,24727.4140625,81950.09765625
1585.4726312160492,2,4103.0,25065.21875,81950.09765625
1586.4860680103302,2,3015.0,25371.13671875,81950.09765625
1587.5060670375824,2,2967.2,25584.9296875,81950.09765625
1588.5381984710693,2,3442.2,25620.36328125,81950.09765625
1589.5490477085114,2,3514.7,26040.67578125,81950.09765625
1590.5700500011444,2,3447.8,27306.515625,81950.09765625
1591.5919287204742,2,1620.7,28284.03125,81950.09765625
1592.60005068779,2,871.2,28251.05859375,81950.09765625
1593.6125781536102,2,1017.1,28359.82421875,81950.09765625
1594.6212441921234,2,1130.2,28242.3203125,81950.09765625
1595.6300485134125,2,2173.5,28730.21484375,81950.09765625
1596.6490459442139,2,4224.0,28638.21875,81950.09765625
1597.659776687622,2,1068.4,29244.76171875,81950.09765625
1598.6676506996155,2,709.4,29538.796875,81950.09765625
1599.6812055110931,2,356.1,9446.97265625,83998.11328125
1600.6892693042755,2,902.9,9432.2890625,81950.09765625
1601.7010488510132,2,2674.6,9656.4140625,81950.09765625
1602.7520823478699,2,2366.9,12608.94921875,81950.09765625
1603.7680501937866,2,4240.5,15630.4921875,81950.09765625
1604.7921450138092,2,4320.7,16103.15234375,81950.09765625
1605.820056438446,2,4486.1,19570.85546875,81950.09765625
1606.8443694114685,2,4372.3,23595.5390625,81950.09765625
1607.8710560798645,2,4414.0,28706.06640625,81950.09765625
1608.8965554237366,2,4143.5,25699.78125,81950.09765625
1609.9090645313263,2,4005.5,21957.1171875,81950.09765625
1610.940048456192,2,3710.3,24693.1875,81950.09765625
1611.9610226154327,2,4524.3,24702.75390625,81950.09765625
1612.9710569381714,2,4149.9,25093.23828125,81950.09765625
1613.9954507350922,2,3017.2,25343.69921875,81950.09765625
1615.023053407669,2,2671.7,25673.6328125,81950.09765625
1616.0320575237274,2,3113.4,25784.5625,81950.09765625
1617.0590472221375,2,3579.5,26302.97265625,81950.09765625
1618.0714831352234,2,3023.9,27451.01171875,81950.09765625
1619.0796196460724,2,1223.3,28128.79296875,81950.09765625
1620.0930535793304,2,962.2,28116.8515625,81950.09765625
1621.1052367687225,2,1162.6,28198.53125,81950.09765625
1622.1159081459045,2,755.8,28319.9296875,81950.09765625
1623.1260483264923,2,2151.9,28720.859375,81950.09765625
1624.1419281959534,2,4299.5,28612.86328125,81950.09765625
1625.1527035236359,2,1012.6,29232.3984375,81950.09765625
1626.1628861427307,2,663.3,29522.0234375,81950.09765625
1627.1729443073273,2,387.4,8806.76953125,83998.11328125
1628.1821999549866,2,865.3,9224.515625,81950.09765625
1629.1910183429718,2,2831.0,9526.578125,81950.09765625
1630.2370727062225,2,2649.9,13009.2109375,81950.09765625
1631.2560489177704,2,4325.0,14509.20703125,81950.09765625
1632.2800567150116,2,4502.3,17183.2578125,81950.09765625
1633.3070585727692,2,4484.2,21687.359375,81950.09765625
1634.335078239441,2,4252.8,23270.5625,81950.09765625
1635.34605717659,2,4200.8,19130.59765625,81950.09765625
1636.3740589618683,2,4375.7,20511.859375,81950.09765625
1637.4000561237335,2,4067.2,20847.9609375,81950.09765625
1638.4218044281006,2,2703.7,21033.875,81950.09765625
1639.430666923523,2,3124.7,21176.2109375,81950.09765625
1640.439454317093,2,3491.8,21929.84375,81950.09765625
1641.447196483612,2,2375.0,22653.953125,81950.09765625
1642.4556455612183,2,852.9,22585.7265625,81950.09765625
1643.4630479812622,2,1097.3,22662.98828125,81950.09765625
1644.4810497760773,2,1191.3,22742.69140625,81950.09765625
1645.4960505962372,2,4093.8,22819.265625,81950.09765625
1646.5074787139893,2,1448.1,23083.11328125,81950.09765625
1647.5169730186462,2,390.3,7895.296875,81950.09765625
1648.5263209342957,2,973.1,9548.14453125,81950.09765625
1649.5360469818115,2,2987.3,9753.01171875,81950.09765625
1650.59206366539,2,2255.4,12994.9296875,81950.09765625
1651.6140484809875,2,4223.5,15727.0625,81950.09765625
1652.6349108219147,2,4339.2,16196.609375,81950.09765625
1653.6609268188477,2,4480.6,20171.2890625,81950.09765625
1654.6830542087555,2,4428.9,24585.7734375,81950.09765625
1655.7100517749786,2,4509.3,29430.88671875,81950.09765625
1656.7370510101318,2,4108.9,25840.78125,81950.09765625
1657.760056257248,2,4096.2,22153.3125,81950.09765625
1658.793048620224,2,3743.7,24788.94921875,81950.09765625
1659.8180756568909,2,4426.1,24880.84765625,81950.09765625
1660.8300576210022,2,4137.9,25195.16796875,81950.09765625
1661.8570580482483,2,2942.9,25423.06640625,81950.09765625
1662.877657175064,2,2818.1,25706.95703125,81950.09765625
1663.886680841446,2,3183.7,25768.08203125,81950.09765625
1664.8965048789978,2,3805.7,26356.8203125,81950.09765625
1665.9081852436066,2,2815.2,27476.66796875,81950.09765625
1666.9168865680695,2,1180.8,28180.76171875,81950.09765625
1667.9254579544067,2,911.0,28149.984375,81950.09765625
1668.9332571029663,2,912.1,28336.453125,81950.09765625
1669.942922115326,2,1041.9,28253.29296875,81950.09765625
1670.9526720046997,2,1423.2,28360.26171875,81950.09765625
1671.9660499095917,2,4063.1,28864.40234375,81950.09765625
1672.9860482215881,2,2060.8,29295.828125,81950.09765625
1673.9969203472137,2,465.5,29386.40234375,81950.09765625
1675.0065088272095,2,611.0,7779.234375,83998.11328125
1676.0146305561066,2,669.4,9026.8828125,81950.09765625
1677.023149728775,2,1676.1,9660.04296875,81950.09765625
1678.0774466991425,2,2744.0,11893.41015625,81950.09765625
1679.086023569107,2,4092.3,14891.4453125,81950.09765625
1680.099040031433,2,4098.0,15987.26171875,81950.09765625
1681.1210625171661,2,4454.4,19180.73828125,81950.09765625
1682.1480569839478,2,4337.4,22663.70703125,81950.09765625
1683.1785094738007,2,4437.0,27447.61328125,81950.09765625
1684.2050521373749,2,4386.9,29247.0546875,81950.09765625
1685.227077960968,2,3955.9,20339.1328125,81950.09765625
1686.2390727996826,2,4386.5,24167.88671875,81950.09765625
1687.2610545158386,2,3905.8,24660.52734375,81950.09765625
1688.286413192749,2,4010.7,25042.14453125,81950.09765625
1689.2940621376038,2,3240.1,25357.9140625,81950.09765625
1690.3260581493378,2,2841.5,25661.5703125,81950.09765625
1691.3567433357239,2,3114.3,25678.453125,81950.09765625
1692.36905002594,2,3449.5,26135.06640625,81950.09765625
1693.3899025917053,2,3529.4,27374.48828125,81950.09765625
1694.3978946208954,2,1618.2,28238.765625,81950.09765625
1695.4070045948029,2,849.4,28163.6171875,81950.09765625
1696.4148342609406,2,1042.8,28131.07421875,81950.09765625
1697.4227075576782,2,1032.5,28122.56640625,81950.09765625
1698.431043624878,2,976.2,28361.234375,81950.09765625
1699.4512841701508,2,3847.4,28632.56640625,81950.09765625
1700.462851524353,2,2697.5,29143.77734375,81950.09765625
1701.4718070030212,2,531.9,29392.40234375,81950.09765625
1702.4795365333557,2,635.8,26607.95703125,81950.09765625
1703.487629890442,2,293.6,8362.30859375,81950.09765625
1704.4959678649902,2,925.6,9690.41015625,81950.09765625
1705.5060522556305,2,3568.0,9872.671875,81950.09765625
1706.597059249878,2,2264.7,13797.16796875,81950.09765625
1707.6150476932526,2,4297.1,16016.45703125,81950.09765625
1708.6360576152802,2,4323.1,16485.2734375,81950.09765625
1709.6612000465393,2,4417.3,20721.4609375,81950.09765625
1710.68905544281,2,4347.5,24246.25390625,81950.09765625
1711.716056585312,2,4451.4,29205.44921875,81950.09765625
1712.751142501831,2,4259.9,27697.1796875,81950.09765625
1713.7670638561249,2,3928.5,20976.81640625,81950.09765625
1714.7980024814606,2,4117.2,25030.25,81950.09765625
1715.807056903839,2,4263.0,25272.7890625,81950.09765625
1716.8330504894257,2,4039.4,25598.7734375,81950.09765625
1717.8535828590393,2,2824.8,25851.453125,81950.09765625
1718.8630678653717,2,3060.2,26159.7734375,81950.09765625
1719.8942639827728,2,3214.7,26143.94921875,81950.09765625
1720.9100484848022,2,3771.5,26633.3359375,81950.09765625
1721.9270493984222,2,3520.5,27849.6640625,81950.09765625
1722.9491548538208,2,1637.1,28786.60546875,81950.09765625
1723.9574646949768,2,805.6,28772.28125,81950.09765625
1724.966049194336,2,962.0,28881.84765625,81950.09765625
1725.9863302707672,2,1196.8,28686.58203125,81950.09765625
1726.99604678154,2,893.2,28886.58984375,81950.09765625
1728.016817331314,2,3944.1,29142.859375,81950.09765625
1729.0272386074066,2,3137.1,29675.71875,81950.09765625
1730.0353038311005,2,513.2,29945.5390625,81950.09765625
1731.0445673465729,2,667.0,21795.6953125,81950.09765625
1732.0535373687744,2,589.1,8455.51953125,81950.09765625
1733.0620534420013,2,2331.0,8855.08984375,81950.09765625
1734.106981754303,2,3217.6,11937.0390625,81950.09765625
1735.1140546798706,2,4325.1,13751.5078125,81950.09765625
1736.1437323093414,2,4632.0,18915.69140625,81950.09765625
1737.1700685024261,2,4168.7,15141.359375,81950.09765625
1738.18505692482,2,4349.7,17344.37890625,81950.09765625
1739.2110595703125,2,3340.2,17803.8515625,81950.09765625
1740.220776796341,2,3255.9,17944.47265625,81950.09765625
1741.2310500144958,2,3627.5,18653.28515625,81950.09765625
1742.2504267692566,2,1872.3,19206.2890625,81950.09765625
1743.2603163719177,2,1216.4,19119.9609375,81950.09765625
1744.2710554599762,2,1959.0,19343.05859375,81950.09765625
1745.2850723266602,2,3346.2,19505.1953125,81950.09765625
1746.2941417694092,2,640.7,8404.08984375,83998.11328125
1747.3023326396942,2,931.9,9051.02734375,81950.09765625
1748.315315246582,2,3087.7,9396.85546875,81950.09765625
1749.3340542316437,2,2750.1,13544.953125,81950.09765625
1750.3590512275696,2,4290.0,14224.2890625,81950.09765625
1751.3800566196442,2,4521.7,18231.7421875,81950.09765625
1752.4080531597137,2,4487.6,22737.83203125,81950.09765625
1753.4362080097198,2,4101.2,16661.08203125,81950.09765625
1754.4500522613525,2,4330.4,20040.35546875,81950.09765625
1755.4710495471954,2,4409.8,20176.16796875,81950.09765625
1756.4920654296875,2,3404.2,20408.6640625,81950.09765625
1757.5240533351898,2,3173.1,20612.64453125,81950.09765625
1758.5498011112213,2,3639.5,21340.35546875,81950.09765625
1759.5587174892426,2,2295.4,21993.6953125,81950.09765625
1760.5683162212372,2,950.8,21918.0390625,81950.09765625
1761.576741218567,2,1197.4,21845.2734375,81950.09765625
1762.5856204032898,2,2273.4,22048.16796875,81950.09765625
1763.5974807739258,2,3520.3,22236.34375,81950.09765625
1764.6063573360443,2,656.9,7628.40234375,83998.11328125
1765.6160554885864,2,853.5,8788.42578125,81950.09765625
1766.6460454463959,2,2929.2,9307.421875,81950.09765625
1767.6890513896942,2,2836.8,13435.4765625,81950.09765625
1768.7080490589142,2,4293.5,14044.65625,81950.09765625
1769.7280538082123,2,4443.0,17912.65234375,81950.09765625
1770.7550556659698,2,4523.1,22921.8359375,81950.09765625
1771.7830564975739,2,4002.6,16658.11328125,81950.09765625
1772.810047864914,2,4319.5,19749.12890625,81950.09765625
1773.8300595283508,2,4382.6,19958.40234375,81950.09765625
1774.8560638427734,2,3254.5,20192.625,81950.09765625
1775.8875138759613,2,2911.9,20559.55078125,81950.09765625
1776.9020509719849,2,3920.1,21208.46484375,81950.09765625
1777.9234881401062,2,1671.0,21836.47265625,81950.09765625
1778.9354107379913,2,1004.8,21685.06640625,81950.09765625
1779.9494700431824,2,1174.4,21535.30859375,81950.09765625
1780.9600460529327,2,3268.1,21856.76953125,81950.09765625
1781.9721643924713,2,2224.8,21994.6796875,81950.09765625
1782.981124162674,2,600.9,9167.8046875,83998.11328125
1783.9895753860474,2,1065.1,8916.89453125,81950.09765625
1784.9990062713623,2,2868.4,10265.29296875,81950.09765625
1786.0088860988617,2,3534.2,13562.21875,81950.09765625
1787.0230498313904,2,4246.8,14031.13671875,81950.09765625
1788.0440595149994,2,4587.3,18401.125,81950.09765625
1789.0750584602356,2,4510.1,23055.83984375,81950.09765625
1790.0968356132507,2,4096.0,17225.92578125,81950.09765625
1791.1160492897034,2,4351.7,19694.64453125,81950.09765625
1792.1370537281036,2,4404.3,19916.20703125,81950.09765625
1793.1601510047913,2,2959.5,20121.96484375,81950.09765625
1794.1690604686737,2,2989.9,20398.76171875,81950.09765625
1795.2000546455383,2,3742.9,21047.6953125,81950.09765625
1796.207049369812,2,1656.6,21610.58984375,81950.09765625
1797.2145075798035,2,923.4,21544.6953125,81950.09765625
1798.2238955497742,2,1097.3,21489.25,81950.09765625
1799.2320485115051,2,2219.9,21806.12109375,81950.09765625
1800.2477324008942,2,3368.1,21965.98046875,81950.09765625
1801.2561888694763,2,649.9,7549.640625,81950.09765625
1802.2656083106995,2,714.8,8848.73046875,81950.09765625
1803.278047800064,2,2683.7,9334.10546875,81950.09765625
1804.3050537109375,2,2832.6,12976.6640625,81950.09765625
1805.326392173767,2,4256.4,14195.1796875,81950.09765625
1806.3350567817688,2,4455.3,17272.5,81950.09765625
1807.3620545864105,2,4480.5,22767.52734375,81950.09765625
1808.3900499343872,2,4204.4,18922.37109375,81950.09765625
1809.409236907959,2,4243.2,19886.734375,81950.09765625
1810.4200539588928,2,4280.0,20190.21484375,81950.09765625
1811.4442508220673,2,3378.5,20427.91796875,81950.09765625
1812.4796230793,2,3725.1,20500.08203125,81950.09765625
1813.4930522441864,2,2955.9,20966.359375,81950.09765625
1814.5105528831482,2,3125.1,21904.58203125,81950.09765625
1815.5222177505493,2,833.9,21902.9453125,81950.09765625
1816.5307803153992,2,925.9,21984.21484375,81950.09765625
1817.539633512497,2,926.6,21888.296875,81950.09765625
1818.5488426685333,2,3508.0,22059.5703125,81950.09765625
1819.5610451698303,2,2194.4,22311.33984375,81950.09765625
1820.5731103420258,2,512.3,9344.5625,83998.11328125
1821.5830526351929,2,1448.7,8699.0234375,81950.09765625
1822.64506649971,2,3388.8,11245.078125,81950.09765625
1823.6630539894104,2,4296.0,12787.14453125,81950.09765625
1824.6900660991669,2,4584.5,18175.3046875,81950.09765625
1825.7149786949158,2,4186.8,14549.0859375,81950.09765625
1826.7300498485565,2,4329.8,17074.8828125,81950.09765625
1827.7510392665863,2,3916.5,17413.1875,81950.09765625
1828.7589855194092,2,3219.7,17756.76953125,81950.09765625
1829.7853589057922,2,3298.7,18392.609375,81950.09765625
1830.7968652248383,2,2326.4,19010.921875,81950.09765625
1831.803467988968,2,1297.2,19020.890625,81950.09765625
1832.8140516281128,2,2821.9,19220.99609375,81950.09765625
1833.8251736164093,2,2444.1,19400.12109375,81950.09765625
1834.8323533535004,2,503.6,7904.2890625,81950.09765625
1835.8420460224152,2,2111.3,8745.40625,81950.09765625
1836.9040546417236,2,3275.2,11647.98828125,81950.09765625
1837.9170596599579,2,4184.0,13496.7734375,81950.09765625
1838.9440574645996,2,4518.7,18082.765625,81950.09765625
1839.9719910621643,2,4362.3,14941.95703125,81950.09765625
1840.997061252594,2,4389.3,17151.09765625,81950.09765625
1842.0180468559265,2,3428.3,17534.83203125,81950.09765625
1843.038066148758,2,3339.3,17770.90625,81950.09765625
1844.050048828125,2,3413.9,18385.88671875,81950.09765625
1845.072805404663,2,2155.1,18981.1875,81950.09765625
1846.0801074504852,2,1181.8,18940.5078125,81950.09765625
1847.0930471420288,2,1974.6,19104.34765625,81950.09765625
1848.105105638504,2,3298.4,19339.8203125,81950.09765625
1849.1152958869934,2,632.9,8343.4296875,83998.11328125
1850.1231396198273,2,1039.3,8460.98828125,81950.09765625
1851.1330490112305,2,3296.8,10548.33203125,81950.09765625
1852.1540548801422,2,4276.5,12746.76953125,81950.09765625
1853.1940703392029,2,4544.9,14164.890625,81950.09765625
1854.2160592079163,2,4075.3,15105.59375,81950.09765625
1855.2410678863525,2,3372.7,15387.51953125,81950.09765625
1856.2530057430267,2,3437.0,15762.3359375,81950.09765625
1857.2640435695648,2,2711.5,16712.87890625,81950.09765625
1858.2711555957794,2,1278.4,16607.05078125,81950.09765625
1859.2785873413086,2,3553.7,16766.9609375,81950.09765625
1860.294914007187,2,1060.0,15965.48828125,81950.09765625
1861.302740573883,2,1637.7,8445.390625,81950.09765625
1862.3145260810852,2,2327.1,9771.640625,81950.09765625
1863.3270483016968,2,3885.3,13178.87890625,81950.09765625
1864.3480551242828,2,4515.4,14993.23046875,81950.09765625
1865.3750524520874,2,4319.2,15479.2265625,81950.09765625
1866.3904962539673,2,4033.7,16469.23046875,82398.09765625
1867.399064540863,2,3407.9,16698.78515625,82398.09765625
1868.4270470142365,2,3029.6,17084.55859375,82398.09765625
1869.438735961914,2,3742.3,18599.78515625,82398.09765625
1870.4468536376953,2,2737.7,19103.609375,82398.09765625
1871.4560470581055,2,2242.3,19324.89453125,82398.09765625
1872.467805147171,2,3985.5,19458.65234375,82398.09765625
1873.4768505096436,2,632.7,8273.26953125,84446.11328125
1874.4837107658386,2,1983.0,8678.64453125,82398.09765625
1875.4928109645844,2,2657.8,10812.8828125,82398.09765625
1876.5141999721527,2,4306.3,13306.421875,82398.09765625
1877.5249540805817,2,4466.9,16358.4765625,82398.09765625
1878.5545592308044,2,4263.1,16295.8359375,82398.09765625
1879.5798511505127,2,3676.2,16677.89453125,82398.09765625
1880.6139488220215,2,3144.8,16896.9296875,82398.09765625
1881.6237852573395,2,3531.1,17535.8828125,82398.09765625
1882.636051416397,2,4225.9,18736.0,82398.09765625
1883.6534404754639,2,1554.8,19039.984375,82398.09765625
1884.6640496253967,2,3509.4,19250.9609375,82398.09765625
1885.6760523319244,2,2503.0,19521.5703125,82398.09765625
1886.6856045722961,2,587.3,8005.4296875,82398.09765625
1887.6952579021454,2,2427.5,8790.265625,82398.09765625
1888.7266182899475,2,3673.5,12876.2421875,82398.09765625
1889.737422466278,2,4191.2,13327.61328125,82398.09765625
1890.7590663433075,2,4520.9,14447.92578125,82398.09765625
1891.77707862854,2,4209.7,16459.1171875,82398.09765625
1892.802072763443,2,3531.9,16652.8203125,82398.09765625
1893.8263144493103,2,2900.3,16795.828125,82398.09765625
1894.8335580825806,2,3837.4,17991.93359375,82398.09765625
1895.8460988998413,2,3504.3,19080.21875,82398.09765625
1896.8544144630432,2,1340.0,19035.33203125,82398.09765625
1897.866643667221,2,4277.1,19170.5234375,82398.09765625
1898.8788542747498,2,1463.7,19569.2578125,82398.09765625
1899.8892521858215,2,1404.9,8328.59375,82398.09765625
1900.899307012558,2,2647.0,9044.2421875,82398.09765625
1901.910049200058,2,3558.6,13220.62109375,82398.09765625
1902.9330587387085,2,4468.9,14653.734375,82398.09765625
1903.9640700817108,2,4486.9,15203.109375,82398.09765625
1904.9778909683228,2,4220.0,16516.47265625,82398.09765625
1905.9880928993225,2,2978.7,16748.4921875,82398.09765625
1906.998054265976,2,2927.9,17098.71875,82398.09765625
1908.0250535011292,2,4292.4,18677.375,82398.09765625
1909.0458052158356,2,2664.5,19098.3984375,82398.09765625
1910.0600459575653,2,2174.8,19266.84765625,82398.09765625
1911.0697751045227,2,3980.5,19469.34765625,82398.09765625
1912.0788841247559,2,652.3,8352.7578125,84446.11328125
1913.0876071453094,2,2001.3,8745.88671875,82398.09765625
1914.096999168396,2,2568.0,10685.82421875,82398.09765625
1915.1130475997925,2,4259.6,13322.34765625,82398.09765625
1916.1290588378906,2,4539.4,16025.86328125,82398.09765625
1917.156052350998,2,4349.3,16262.8515625,82398.09765625
1918.1770696640015,2,3582.8,16664.05859375,82398.09765625
1919.2337262630463,2,3033.6,16875.57421875,82398.09765625
1920.2462930679321,2,3573.3,17496.9296875,82398.09765625
1921.2610549926758,2,4327.9,18693.3984375,82398.09765625
1922.2723071575165,2,1456.8,19037.9296875,82398.09765625
1923.279974937439,2,3317.7,19273.59375,82398.09765625
1924.2915477752686,2,2560.0,19514.2578125,82398.09765625
1925.3003454208374,2,704.0,7982.5703125,82398.09765625
1926.3115391731262,2,2254.6,8791.48828125,82398.09765625
1927.3314418792725,2,3658.0,12418.41015625,82398.09765625
1928.3448944091797,2,4310.4,13322.1484375,82398.09765625
1929.3670592308044,2,4553.8,16426.515625,82398.09765625
1930.390046596527,2,4138.2,16447.0234375,82398.09765625
1931.4110684394836,2,3495.6,16723.703125,82398.09765625
1932.4420566558838,2,3152.9,17025.0546875,82398.09765625
1933.4721400737762,2,3920.5,18031.0703125,82398.09765625
1934.484237909317,2,3650.2,19148.4140625,82398.09765625
1935.4911830425262,2,1166.4,19079.1875,82398.09765625
1936.499051809311,2,4219.8,19290.09375,82398.09765625
1937.5106084346771,2,1780.6,19589.2421875,82398.09765625
1938.519033908844,2,1178.3,8193.984375,82398.09765625
1939.5300469398499,2,2738.1,8744.3671875,82398.09765625
1940.5630502700806,2,3563.6,13077.73828125,82398.09765625
1941.5850577354431,2,4403.9,14485.578125,82398.09765625
1942.6211431026459,2,4383.4,14683.203125,82398.09765625
1943.6390538215637,2,4243.5,16452.22265625,82398.09765625
1944.6650564670563,2,3220.0,16734.23046875,82398.09765625
1945.6970572471619,2,2758.9,16961.69921875,82398.09765625
1946.7100517749786,2,4131.7,18485.2890625,82398.09765625
1947.731148481369,2,3012.9,19070.7734375,82398.09765625
1948.7420477867126,2,1774.3,19315.0078125,82398.09765625
1949.7590460777283,2,4438.6,19284.625,82398.09765625
1950.7808241844177,2,750.2,19625.98828125,82398.09765625
1951.789286851883,2,1722.2,8479.11328125,82398.09765625
1952.7990860939026,2,2275.9,9750.90625,82398.09765625
1953.8070497512817,2,4270.4,13204.9921875,82398.09765625
1954.828061580658,2,4410.4,15150.2578125,82398.09765625
1955.8550536632538,2,4402.2,15888.296875,82398.09765625
1956.8700604438782,2,3842.4,16724.015625,82398.09765625
1957.8839824199677,2,3363.7,16807.0703125,82398.09765625
1958.8940448760986,2,2782.9,17128.2265625,82398.09765625
1959.9070479869843,2,4295.9,18722.8359375,82398.09765625
1960.9283518791199,2,2498.9,19160.40234375,82398.09765625
1961.9362897872925,2,2205.3,19301.3203125,82398.09765625
1962.9471864700317,2,3996.8,19463.46484375,82398.09765625
1963.9568309783936,2,639.7,8296.734375,84446.11328125
1964.965064048767,2,2053.8,8694.18359375,82398.09765625
1965.97385764122,2,2478.4,10429.17578125,82398.09765625
1966.9920499324799,2,4247.4,13276.16796875,82398.09765625
1968.013057231903,2,4514.8,16296.19140625,82398.09765625
1969.0400483608246,2,4345.4,16445.39453125,82398.09765625
1970.060638666153,2,3730.9,16796.2890625,82398.09765625
1971.0710639953613,2,3386.2,16903.49609375,82398.09765625
1972.0823483467102,2,3162.2,17458.984375,82398.09765625
1973.0948820114136,2,4351.8,18854.90234375,82398.09765625
1974.109385251999,2,1963.1,19177.3359375,82398.09765625
1975.117048740387,2,2700.6,19392.65625,82398.09765625
1976.1284568309784,2,3390.9,19608.875,82398.09765625
1977.138339996338,2,587.9,9403.6875,84446.11328125
1978.1469419002533,2,2166.0,8756.73828125,82398.09765625
1979.155054807663,2,3078.0,11686.33203125,82398.09765625
1980.1680521965027,2,4238.2,13336.1484375,82398.09765625
1981.1880536079407,2,4558.4,17074.0390625,82398.09765625
1982.2130496501923,2,4164.7,16471.328125,82398.09765625
1983.2330722808838,2,3611.5,16727.34765625,82398.09765625
1984.2620584964752,2,3203.0,16983.62109375,82398.09765625
1985.2720487117767,2,3679.4,17757.3984375,82398.09765625
1986.283741235733,2,3918.8,19043.41796875,82398.09765625
1987.2960517406464,2,1390.1,19079.15234375,82398.09765625
1988.3050484657288,2,3819.1,19278.41015625,82398.09765625
1989.3197801113129,2,2185.8,19570.203125,82398.09765625
1990.3287422657013,2,892.1,8037.375,82398.09765625
1991.3390469551086,2,2580.8,8704.31640625,82398.09765625
1992.3990473747253,2,3564.0,13053.90234375,82398.09765625
1993.4200558662415,2,4444.6,14213.625,82398.09765625
1994.4520790576935,2,4421.5,14031.62109375,82398.09765625
1995.4680473804474,2,4082.1,16475.03125,82398.09765625
1996.4931373596191,2,3437.6,16667.96875,82398.09765625
1997.50208902359,2,2802.7,17010.48046875,82398.09765625
1998.5098669528961,2,4241.7,18260.87109375,82398.09765625
1999.5209271907806,2,3010.0,19033.82421875,82398.09765625
2000.5300533771515,2,1715.5,19344.140625,82398.09765625
2001.5469686985016,2,4379.5,19246.375,82398.09765625
2002.557148218155,2,824.4,19607.4453125,82398.09765625
2003.565217256546,2,1529.9,8470.51171875,82398.09765625
2004.5751543045044,2,2430.8,9546.0234375,82398.09765625
2005.5850493907928,2,4103.4,13220.58203125,82398.09765625
2006.609129667282,2,4379.7,15171.76171875,82398.09765625
2007.6357016563416,2,4405.0,15594.46875,82398.09765625
2008.6497921943665,2,3935.6,16578.16015625,82398.09765625
2009.658133506775,2,3355.3,16750.74609375,82398.09765625
2010.669549703598,2,2686.1,16968.36328125,82398.09765625
2011.6804196834564,2,4278.2,18592.73828125,82398.09765625
2012.6924407482147,2,2674.7,18971.515625,82398.09765625
2013.7050483226776,2,2146.8,19211.1484375,82398.09765625
2014.7151501178741,2,4045.3,19341.20703125,82398.09765625
2015.7237889766693,2,648.5,8436.23828125,84446.11328125
2016.7321662902832,2,1984.4,8615.0546875,82398.09765625
2017.7412078380585,2,2730.6,11185.765625,82398.09765625
2018.7564446926117,2,4178.2,13267.125,82398.09765625
2019.7680549621582,2,4521.0,16475.10546875,82398.09765625
2020.7970497608185,2,4263.7,16345.49609375,82398.09765625
2021.8180136680603,2,3608.9,16753.41015625,82398.09765625
2022.8453769683838,2,3172.2,16926.28125,82398.09765625
2023.8560464382172,2,3499.3,17563.87109375,82398.09765625
2024.8710544109344,2,4315.9,18815.66796875,82398.09765625
2025.8870522975922,2,1523.5,19161.52734375,82398.09765625
2026.8950474262238,2,3271.3,19353.59375,82398.09765625
2027.905862569809,2,2552.0,19606.48828125,82398.09765625
2028.9139657020569,2,587.6,8010.62109375,82398.09765625
2029.923467874527,2,2754.3,10117.12890625,82398.09765625
2030.9360511302948,2,4159.6,12040.82421875,82398.09765625
2031.9612276554108,2,4297.9,14235.96875,82398.09765625
2032.9730582237244,2,3893.9,14574.77734375,82398.09765625
2033.9970517158508,2,3165.7,15163.55859375,82398.09765625
2035.008049249649,2,3399.0,16271.03125,82398.09765625
2036.01704788208,2,2537.6,16278.484375,82398.09765625
2037.0287115573883,2,2607.5,16577.0859375,82398.09765625
2038.0395863056183,2,1196.0,8436.03125,82398.09765625
2039.0490527153015,2,3680.8,11294.62890625,82398.09765625
2040.0690586566925,2,4407.6,13781.18359375,82422.09765625
2041.085695028305,2,4141.1,14463.45703125,82422.09765625
2042.0967605113983,2,2956.0,14775.83984375,82422.09765625
2043.1130528450012,2,3924.4,15799.39453125,82422.09765625
2044.1297121047974,2,2158.0,16208.625,82422.09765625
2045.1380474567413,2,3924.4,16232.375,82422.09765625
2046.1459391117096,2,927.3,9081.78515625,84470.11328125
2047.1542196273804,2,2030.1,9058.9375,82422.09765625
2048.1640372276306,2,4221.1,11501.109375,82422.09765625
2049.18781542778,2,4465.1,13767.6640625,82422.09765625
2050.2024862766266,2,3717.1,14475.53125,82422.09765625
2051.2180547714233,2,3189.9,14882.4765625,82422.09765625
2052.2301275730133,2,3922.3,16365.1953125,82422.09765625
2053.2455208301544,2,1996.9,16305.8984375,82422.09765625
2054.2574467658997,2,3262.2,16573.234375,82422.09765625
2055.2669656276703,2,1004.7,8387.796875,82422.09765625
2056.2774262428284,2,3169.3,11350.546875,82422.09765625
2057.290055036545,2,4368.5,13328.1171875,82422.09765625
2058.3184974193573,2,4151.1,14319.9453125,82422.09765625
2059.3400495052338,2,3126.3,14638.89453125,82422.09765625
2060.3670468330383,2,4000.2,15432.76953125,82422.09765625
2061.3788158893585,2,2584.6,16116.09765625,82422.09765625
2062.389055967331,2,3205.4,16193.15234375,82422.09765625
2063.4068999290466,2,1798.4,8034.70703125,84470.11328125
2064.416046857834,2,2371.2,8941.3359375,82422.09765625
2065.428048849106,2,3573.6,10138.828125,82422.09765625
2066.439717531204,2,3480.3,10601.80078125,82422.09765625
2067.4529609680176,2,1467.9,8405.01953125,82422.09765625
2068.4639282226562,2,3153.6,11395.7109375,82422.09765625
2069.474056005478,2,4393.3,13360.65625,82422.09765625
2070.4990508556366,2,4113.8,14412.45703125,82422.09765625
2071.521057844162,2,3143.9,14708.84765625,82422.09765625
2072.5370450019836,2,4097.1,15510.28515625,82422.09765625
2073.5488135814667,2,2626.2,16167.17578125,82422.09765625
2074.557046890259,2,3128.0,16209.546875,82422.09765625
2075.5730471611023,2,1881.0,14501.7109375,82422.09765625
2076.5810527801514,2,1824.6,9134.4453125,82422.09765625
2077.5954089164734,2,4278.3,10952.8671875,82422.09765625
2078.6049077510834,2,3607.4,12174.79296875,82422.09765625
2079.613047838211,2,3827.1,13056.21875,82422.09765625
2080.633449792862,2,2590.7,13288.44921875,82422.09765625
2081.645568370819,2,1942.5,9165.6015625,84470.11328125
2082.653903722763,2,2423.8,10048.25,82422.09765625
2083.6680493354797,2,4322.7,11639.86328125,82422.09765625
2084.6830604076385,2,3529.7,12269.0,82422.09765625
2085.702214241028,2,3789.6,13086.71875,82422.09765625
2086.7160494327545,2,2799.8,13182.46875,82422.09765625
2087.7301404476166,2,1288.5,4848.61328125,75253.94140625
2088.74059510231,2,65.5,4583.703125,75253.94140625
2089.7486963272095,2,100.2,4450.4453125,75253.94140625
