elapsed_time,nproc,cpu,mem_real,mem_virtual
3.838539123535156e-05,1,0.0,5.03515625,7.5234375
1.0055148601531982,4,0.0,438.1171875,4204.96875
2.0142059326171875,4,100.3,613.75,4390.96875
3.0216424465179443,4,99.2,614.9453125,4450.96875
4.030124187469482,4,100.2,616.1328125,4450.96875
5.038392066955566,4,99.2,616.56640625,4450.96875
6.04613733291626,4,100.2,625.54296875,4498.96875
7.053963661193848,4,99.3,618.78515625,4498.96875
8.061330795288086,4,99.2,595.05859375,4498.96875
9.06902003288269,4,100.1,614.33203125,4498.96875
10.077756881713867,4,99.2,670.4921875,4498.96875
11.085773468017578,4,100.2,716.87890625,4554.96875
12.09336805343628,4,99.2,774.87890625,4618.96875
13.101475477218628,4,99.9,822.8828125,4704.96875
14.112755298614502,4,99.9,872.84765625,4704.96875
15.123664617538452,4,99.0,922.88671875,4800.96875
16.13349938392639,4,100.9,966.88671875,4800.96875
17.14440894126892,2,0.0,135.46875,148.67578125
18.154401540756226,2,0.0,302.04296875,3755.5859375
19.164999961853027,2,98.9,541.23046875,4733.6171875
20.17609715461731,2,100.1,511.23046875,4733.6171875
21.185115337371826,2,100.0,513.23046875,4733.6171875
22.194697618484497,2,100.1,513.35546875,4733.6171875
23.203810691833496,2,1213.9,1058.02734375,8574.5625
24.2288076877594,2,4464.8,1590.1171875,9187.0625
25.249813079833984,2,4468.1,2018.44140625,9631.0625
26.273808479309082,2,4473.9,2315.21484375,9971.5625
27.29880714416504,2,4471.4,2408.86328125,10122.5625
28.323216438293457,2,4465.8,2572.875,10349.546875
29.347809553146362,2,4464.8,2560.05078125,10446.546875
30.375251293182373,2,4463.8,2642.03515625,10603.546875
31.399810791015625,2,4462.4,2592.48046875,10635.546875
32.42281198501587,2,4463.2,2754.6484375,10864.546875
33.45021414756775,2,4460.2,2662.54296875,10967.546875
34.473267555236816,2,4468.0,2768.6640625,11087.546875
35.497809648513794,2,4460.1,2869.96484375,11233.546875
36.52228879928589,2,4456.4,2854.0078125,11324.546875
37.54781365394592,2,4461.2,2865.00390625,11398.546875
38.573806285858154,2,4458.8,2931.69921875,11502.546875
39.59880542755127,2,4461.6,3015.875,11624.546875
40.62380933761597,2,4455.8,3020.046875,11660.546875
41.647826194763184,2,4463.3,3012.921875,11704.546875
42.6728093624115,2,4460.5,3009.9140625,11741.546875
43.71180987358093,2,4465.3,2986.9609375,11748.546875
44.740206480026245,2,4458.5,3035.9453125,11828.546875
45.76580786705017,2,4465.9,3027.390625,11885.546875
46.79180407524109,2,4462.4,2984.08984375,11928.546875
47.81680989265442,2,4461.4,2962.3984375,11935.546875
48.841805934906006,2,4454.0,3116.40234375,12169.546875
49.86952233314514,2,4463.4,3042.421875,12179.546875
50.89429450035095,2,4456.3,3086.1953125,12278.546875
51.91880702972412,2,4465.2,3194.80078125,12400.546875
52.943808794021606,2,4462.6,3223.53515625,12424.546875
53.96880578994751,2,4462.0,3184.27734375,12512.546875
54.99280881881714,2,4468.9,3224.25390625,12512.546875
56.02080488204956,2,4465.7,3239.25390625,12558.546875
57.051406145095825,2,4562.2,3312.5625,12668.546875
58.076809883117676,2,4468.0,3181.71875,12668.546875
59.101807594299316,2,4557.0,3107.7265625,12678.546875
60.126808166503906,2,4474.2,3181.62109375,12846.546875
61.150312662124634,2,4548.5,3249.72265625,12994.546875
62.17580986022949,2,4475.1,3176.44140625,13082.546875
63.20026874542236,2,4546.6,3067.01171875,13106.546875
64.22581005096436,2,4479.0,3168.8125,13130.546875
65.25080943107605,2,4549.2,3139.04296875,13160.546875
66.2758195400238,2,4468.1,3085.66796875,13172.546875
67.30080461502075,2,4474.3,3033.26171875,13172.546875
68.3258101940155,2,4490.8,2996.53125,13172.546875
69.35080885887146,2,4543.1,2975.3046875,13182.546875
70.37980914115906,2,4497.1,3057.58203125,13242.546875
71.4112958908081,2,4526.8,3048.3671875,13270.546875
72.43681120872498,2,4489.0,3237.37109375,13416.546875
73.46125102043152,2,4529.3,3199.984375,13428.546875
74.48581004142761,2,4510.9,3157.09375,13428.546875
75.5122902393341,2,4522.2,3161.45703125,13488.546875
76.53724694252014,2,4500.7,3185.9609375,13488.546875
77.5621931552887,2,4515.7,3239.0625,13578.546875
78.58781790733337,2,4509.6,3164.828125,13578.546875
79.60080909729004,2,4512.9,3298.3828125,13630.546875
80.62680912017822,2,4517.6,3210.953125,13738.546875
81.6643476486206,2,4509.7,3212.62109375,13738.546875
82.68981623649597,2,4520.8,3213.203125,13758.546875
83.72081136703491,2,4499.2,3229.75390625,13758.546875
84.75734615325928,2,4530.4,3323.93359375,13832.546875
85.7808129787445,2,4495.8,3329.671875,13832.546875
86.80681705474854,2,4470.3,3342.80859375,13832.546875
87.83181357383728,2,4454.5,3393.203125,13898.546875
88.85631251335144,2,4457.4,3421.27734375,13926.546875
89.88181209564209,2,4461.3,3478.1484375,13956.546875
90.90780925750732,2,4461.9,3396.859375,14044.546875
91.94226098060608,2,4459.7,3338.3203125,14044.546875
92.97280693054199,2,4460.4,3392.90234375,14116.546875
93.99739360809326,2,4450.3,3445.26953125,14184.546875
95.02282190322876,2,4462.5,3565.6953125,14380.546875
96.04880833625793,2,4458.1,3540.38671875,14380.546875
97.07380676269531,2,4456.9,3498.54296875,14384.546875
98.09880757331848,2,4454.5,3530.58984375,14498.546875
99.12380528450012,2,4455.4,3764.3359375,14666.546875
100.14829206466675,2,4457.5,3804.72265625,14666.546875
101.17331171035767,2,4461.9,3952.31640625,14752.546875
102.19881010055542,2,4462.5,4010.65625,14764.546875
103.22381091117859,2,4460.4,3997.1171875,14844.546875
104.24880719184875,2,4459.7,4014.62890625,14844.546875
105.27381086349487,2,4460.3,4038.390625,14874.546875
106.29881119728088,2,4456.3,4052.95703125,14902.546875
107.32381010055542,2,4458.0,4189.8203125,14974.546875
108.3538064956665,2,4456.5,4086.93359375,14974.546875
109.3862509727478,2,4468.5,4133.66796875,15018.546875
110.41080927848816,2,4457.9,4221.1484375,15062.546875
111.43581676483154,2,4452.4,4262.84765625,15062.546875
112.47535562515259,2,4455.5,4136.0078125,15062.546875
113.50038981437683,2,4459.8,4083.07421875,15062.546875
114.52443671226501,2,4461.1,4023.21875,15062.546875
115.54981327056885,2,4455.1,4023.27734375,15082.546875
116.57581186294556,2,4515.2,4186.23828125,15168.546875
117.6008141040802,2,4562.0,4153.83203125,15180.546875
118.62580609321594,2,4554.3,4124.69921875,15180.546875
119.65081119537354,2,4552.6,4054.70703125,15180.546875
120.67581152915955,2,4553.9,4060.94921875,15234.546875
121.70224714279175,2,4554.5,4114.69140625,15234.546875
122.72626733779907,2,4555.1,4038.0859375,15234.546875
123.75180792808533,2,4487.6,3970.30078125,15234.546875
124.77680826187134,2,4468.0,4015.8125,15264.546875
125.8018126487732,2,4458.0,4020.57421875,15316.546875
126.82680583000183,2,4462.5,3969.80078125,15316.546875
127.85181045532227,2,4538.6,3982.0,15316.546875
128.87625908851624,2,4556.8,4325.42578125,15466.546875
129.90132021903992,2,4484.1,4528.8125,15674.546875
130.92881202697754,2,4532.3,4487.6328125,15674.546875
131.9638216495514,2,4547.6,4548.09375,15786.546875
132.98881077766418,2,4467.5,4543.859375,15814.546875
134.01451134681702,2,4453.0,4560.515625,15858.546875
135.0396420955658,2,4449.4,4489.88671875,15858.546875
136.06471037864685,2,4560.2,4516.05859375,15858.546875
137.08981132507324,2,4464.9,4418.65625,15858.546875
138.11480975151062,2,4547.3,4349.36328125,15858.546875
139.139812707901,2,4470.5,4321.96875,15858.546875
140.16426396369934,2,4551.8,4328.32421875,15858.546875
141.1898069381714,2,4469.7,4357.05859375,15884.546875
142.21480894088745,2,4552.4,4407.125,15958.546875
143.239812374115,2,4479.7,4412.66796875,15958.546875
144.25680875778198,2,4543.1,4423.0390625,15958.546875
145.28180837631226,2,4474.0,4391.4453125,15978.546875
146.30681133270264,2,4538.7,4371.41796875,15978.546875
147.33380794525146,2,4456.8,4570.53125,16042.546875
148.37081146240234,2,4474.5,4588.09375,16072.546875
149.39683485031128,2,4491.2,4585.6640625,16100.546875
150.42181301116943,2,4520.9,4622.03125,16224.546875
151.44681072235107,2,4476.1,4573.2421875,16224.546875
152.4749095439911,2,4524.1,4625.5078125,16224.546875
153.49880981445312,2,4499.3,4646.8671875,16280.546875
154.52380847930908,2,4520.3,4776.5546875,16332.546875
155.55081224441528,2,4511.1,4731.36328125,16392.546875
156.57581281661987,2,4555.6,4775.10546875,16412.546875
157.60181140899658,2,4561.0,4775.48828125,16412.546875
158.6288080215454,2,4559.8,4787.33984375,16412.546875
159.66381311416626,2,4552.7,4879.4921875,16484.546875
160.68881106376648,2,4552.2,5067.078125,16584.546875
161.71381044387817,2,4548.2,4916.28515625,16584.546875
162.7388095855713,2,4557.1,5009.78125,16656.546875
163.76380968093872,2,4500.2,5076.02734375,16684.546875
164.78881454467773,2,4467.8,5073.37109375,16780.546875
165.81481552124023,2,4447.8,5042.296875,16860.546875
166.83936142921448,2,4465.8,5232.45703125,17064.546875
167.86480855941772,2,4530.5,5186.58203125,17064.546875
168.8893060684204,2,4557.8,5142.64453125,17064.546875
169.91480660438538,2,4548.6,5181.15625,17096.546875
170.93981218338013,2,4473.5,5168.046875,17128.546875
171.96466183662415,2,4526.5,5640.88671875,17468.546875
172.9898111820221,2,4474.1,5816.73046875,17654.546875
174.01481080055237,2,4538.3,5753.41015625,17686.546875
175.03935861587524,2,4461.5,5705.46484375,17778.546875
176.06481194496155,2,4546.8,5747.86328125,17778.546875
177.0903582572937,2,4468.3,5783.28515625,17810.546875
178.11580777168274,2,4549.8,5695.109375,17810.546875
179.14130640029907,2,4467.5,5642.84765625,17810.546875
180.16681051254272,2,4549.2,5554.515625,17826.546875
181.1918089389801,2,4452.7,5539.8203125,17854.546875
182.21680808067322,2,4543.5,5497.703125,17906.546875
183.2418098449707,2,4460.6,5466.32421875,17906.546875
184.26288962364197,2,4543.5,5457.17578125,17906.546875
185.2898120880127,2,4475.7,5386.2109375,17906.546875
186.3178107738495,2,4531.8,5368.1796875,17906.546875
187.35280680656433,2,4481.8,5490.87109375,17982.546875
188.3778076171875,2,4532.7,5612.57421875,18054.546875
189.4022946357727,2,4484.1,5514.80859375,18054.546875
190.4308090209961,2,4520.0,5545.6796875,18054.546875
191.47080874443054,2,4492.6,5597.97265625,18134.546875
192.50380897521973,2,4522.5,5645.5703125,18134.546875
193.52881050109863,2,4496.5,5488.015625,18134.546875
194.55380988121033,2,4506.2,5468.0625,18134.546875
195.57834696769714,2,4502.0,5486.328125,18134.546875
196.60381031036377,2,4549.7,5498.02734375,18134.546875
197.62881660461426,2,4561.2,5526.5859375,18134.546875
198.6532964706421,2,4557.9,5489.51171875,18134.546875
199.67880773544312,2,4559.3,5633.7421875,18162.546875
200.7038106918335,2,4549.1,5566.97265625,18162.546875
201.72829294204712,2,4559.0,5529.609375,18162.546875
202.753803730011,2,4548.3,5566.5078125,18194.546875
203.78028321266174,2,4506.3,5550.0234375,18254.546875
204.80580806732178,2,4469.4,5533.14453125,18254.546875
205.83081555366516,2,4521.9,5494.1875,18254.546875
206.85548615455627,2,4499.9,5446.61328125,18254.546875
207.88080525398254,2,4524.4,5395.859375,18254.546875
208.90581011772156,2,4491.7,5285.94921875,18254.546875
209.93080973625183,2,4530.9,5331.77734375,18254.546875
210.95601296424866,2,4481.0,5348.01171875,18286.546875
211.98081469535828,2,4535.6,5443.125,18286.546875
213.00581216812134,2,4475.9,5414.13671875,18286.546875
214.03081226348877,2,4542.5,5361.30078125,18286.546875
215.05581045150757,2,4482.7,5266.1875,18286.546875
216.08037185668945,2,4540.6,5413.71875,18286.546875
217.10581064224243,2,4481.4,5330.69140625,18286.546875
218.13581037521362,2,4550.6,5599.1875,18462.546875
219.1643705368042,2,4460.3,5794.6875,18470.546875
220.1898057460785,2,4457.0,5894.28125,18598.546875
221.2148096561432,2,4449.0,5962.65625,18598.546875
222.23929262161255,2,4552.4,6002.09765625,18758.546875
223.26381134986877,2,4460.5,6057.33203125,18758.546875
224.2878110408783,2,4548.0,5770.828125,18758.546875
225.3123161792755,2,4550.2,5745.015625,18758.546875
226.33731985092163,2,4469.5,5718.171875,18758.546875
227.36281609535217,2,4518.8,5659.5703125,18758.546875
228.3878104686737,2,4463.3,5724.33984375,18758.546875
229.41436862945557,2,4525.3,5689.41796875,18758.546875
230.43880677223206,2,4460.7,5591.55078125,18758.546875
231.46331763267517,2,4523.1,5554.01953125,18758.546875
232.48881268501282,2,4487.5,5519.7578125,18758.546875
233.5138156414032,2,4522.9,5414.609375,18758.546875
234.53881001472473,2,4492.9,5548.62890625,18870.546875
235.5638074874878,2,4554.9,5574.80859375,18998.546875
236.58839917182922,2,4553.3,5420.63671875,18998.546875
237.61381077766418,2,4554.6,5461.09765625,18998.546875
238.63981747627258,2,4549.1,5407.3671875,18998.546875
239.66435265541077,2,4554.4,5499.21484375,18998.546875
240.68981504440308,2,4554.1,5613.26171875,18998.546875
241.71481227874756,2,4549.0,5745.9140625,19046.546875
242.73937582969666,2,4500.2,5600.984375,19046.546875
243.76480650901794,2,4468.1,5793.25390625,19046.546875
244.78981041908264,2,4453.6,5763.20703125,19046.546875
245.81629872322083,2,4458.0,5765.77734375,19050.546875
246.84030199050903,2,4497.9,5641.29296875,19082.546875
247.86580538749695,2,4548.4,5684.5234375,19082.546875
248.89180827140808,2,4492.5,6084.9765625,19232.546875
249.91636276245117,2,4523.5,6557.46875,19780.546875
250.9418079853058,2,4490.3,6535.3203125,19812.546875
251.9668095111847,2,4459.6,6578.0703125,19856.546875
252.99180960655212,2,4450.7,6449.3046875,19856.546875
254.01680946350098,2,4521.8,6613.0390625,19944.546875
255.0418119430542,2,4461.2,6608.1328125,20072.546875
256.06681656837463,2,4530.4,6611.96484375,20128.546875
257.09233713150024,2,4478.1,6783.4453125,20192.546875
258.1178150177002,2,4533.8,6871.2265625,20272.546875
259.1428098678589,2,4465.3,6991.48046875,20272.546875
260.1678149700165,2,4542.6,6982.796875,20272.546875
261.19381165504456,2,4462.8,6955.98828125,20304.546875
262.2228102684021,2,4549.1,7047.0,20304.546875
263.24781131744385,2,4524.9,7048.51171875,20380.546875
264.27281498908997,2,4435.5,6974.3203125,20380.546875
265.2978103160858,2,4535.4,6905.26171875,20380.546875
266.3228130340576,2,4451.7,6896.4609375,20460.546875
267.34734177589417,2,4522.7,6922.37109375,20532.546875
268.3728108406067,2,4449.7,6945.41796875,20580.546875
269.3994219303131,2,4521.8,6875.390625,20580.546875
270.4238061904907,2,4467.2,6871.35546875,20580.546875
271.4484086036682,2,4538.8,6890.109375,20668.546875
272.47381138801575,2,4540.3,6815.1484375,20668.546875
273.4944236278534,2,4473.3,6926.6015625,20744.546875
274.51980996131897,2,4533.9,6713.9140625,20744.546875
275.5448112487793,2,4457.5,6567.3828125,20744.546875
276.56981801986694,2,4450.9,6582.734375,20744.546875
277.5948095321655,2,4446.6,6634.046875,20748.546875
278.6193654537201,2,4451.9,6829.1015625,20748.546875
279.6448087692261,2,4458.4,6716.95703125,20752.546875
280.6698069572449,2,4452.8,6614.03125,20752.546875
281.6943202018738,2,4448.8,6609.55078125,20752.546875
282.7198073863983,2,4450.5,6771.625,20816.546875
283.74481225013733,2,4434.6,6789.59375,20816.546875
284.77037596702576,2,4439.8,6746.6171875,20816.546875
285.79581332206726,2,4455.2,6709.5546875,20816.546875
286.82033133506775,2,4446.7,6752.16796875,20816.546875
287.84531450271606,2,4453.8,6679.42578125,20816.546875
288.8708097934723,2,4460.4,6660.16015625,20816.546875
289.8968095779419,2,4456.8,6811.83984375,21048.546875
290.9218113422394,2,4446.0,6642.00390625,21104.546875
291.94781041145325,2,4457.7,6822.421875,21148.546875
292.98747515678406,2,4453.9,7043.16796875,21152.546875
294.01180839538574,2,4456.3,7392.41796875,21344.546875
295.03680777549744,2,4460.1,7491.765625,21574.546875
296.06728506088257,2,4446.7,7671.3984375,21758.546875
297.09080839157104,2,4454.5,7689.5078125,21758.546875
298.11580777168274,2,4437.9,7503.5703125,21942.546875
299.1408052444458,2,4437.2,7457.36328125,21942.546875
300.1658093929291,2,4446.7,7525.16015625,21998.546875
301.19048857688904,2,4446.7,7458.046875,22062.546875
302.21881198883057,2,4437.8,7422.984375,22166.546875
303.24380898475647,2,4446.9,7279.64453125,22310.546875
304.27381229400635,2,4446.5,7328.13671875,22586.546875
305.29836654663086,2,4462.2,7538.43359375,22642.546875
306.3238105773926,2,4372.7,7761.14453125,22846.546875
307.3406503200531,2,3572.0,8454.27734375,23872.546875
308.3524215221405,2,2937.7,8818.234375,24384.546875
309.36443400382996,2,2592.7,8947.1015625,24384.546875
310.37653160095215,2,2465.9,9386.98828125,25216.546875
311.3887450695038,2,2459.9,9220.0546875,25216.546875
312.40012526512146,2,2280.9,9181.94921875,25216.546875
313.41245007514954,2,2280.9,9104.0,25364.546875
314.4238715171814,2,2285.1,9048.60546875,25640.546875
315.43565249443054,2,2255.9,8743.921875,25744.546875
316.4472517967224,2,2189.0,8620.7578125,25920.546875
317.4590950012207,2,2102.7,8597.6484375,26068.546875
318.47065925598145,2,2089.4,8614.609375,26068.546875
319.48244071006775,2,2089.9,8441.33984375,26068.546875
320.4944567680359,2,2057.0,8270.4140625,26068.546875
321.50624084472656,2,1893.7,8320.2109375,26112.546875
322.5162990093231,2,1865.5,8120.88671875,26216.546875
323.5262260437012,2,1675.1,8114.00390625,26216.546875
324.53507900238037,2,1597.0,7983.39453125,26216.546875
325.54198145866394,2,1578.3,7946.859375,26216.546875
326.55064868927,2,1500.3,7712.09765625,26216.546875
327.5591459274292,2,1496.5,7572.91015625,26216.546875
328.5674879550934,2,1498.0,7450.87109375,26216.546875
329.57884073257446,2,1414.8,7515.10546875,26216.546875
330.58965516090393,2,1327.3,7592.328125,26568.546875
331.6007013320923,2,1119.5,7034.30078125,26568.546875
332.61096692085266,2,1101.0,6921.8203125,26568.546875
333.62095832824707,2,1101.5,6770.2578125,26568.546875
334.63232374191284,2,1098.3,6671.62109375,26568.546875
335.64296412467957,2,876.4,6530.38671875,26568.546875
336.65271162986755,2,625.4,6406.6953125,26568.546875
337.6616225242615,2,495.1,6241.3125,26568.546875
338.67149090766907,2,392.9,6142.296875,26568.546875
339.68200874328613,2,302.7,6293.71484375,26568.546875
340.6929473876953,2,307.7,6176.24609375,26568.546875
341.70379757881165,2,218.9,6044.953125,26568.546875
342.71355080604553,2,204.9,5872.63671875,26568.546875
343.72381114959717,2,205.9,5740.890625,26568.546875
344.7340738773346,2,205.9,5612.42578125,26568.546875
345.7443759441376,2,205.9,5450.8984375,26568.546875
346.75463795661926,2,204.9,5330.5546875,26568.546875
347.76502990722656,2,206.8,5219.60546875,26568.546875
348.77563667297363,2,204.0,5128.37890625,26568.546875
349.78538632392883,2,202.0,5063.875,26568.546875
350.7954041957855,2,201.9,5017.8359375,26568.546875
351.805828332901,2,202.0,4967.48046875,26568.546875
352.8158140182495,2,200.9,5101.98828125,26568.546875
353.8261992931366,2,200.0,5056.27734375,26568.546875
354.83607840538025,2,201.1,5047.37890625,26568.546875
355.84542870521545,2,200.9,5035.5625,26568.546875
356.85571479797363,2,202.1,5019.3984375,26792.546875
357.8652536869049,2,201.1,4994.9296875,26792.546875
358.87487721443176,2,202.0,4960.0,26792.546875
359.8847064971924,2,200.9,4924.56640625,26792.546875
360.8951015472412,2,199.8,5146.51953125,26792.546875
361.90628004074097,2,200.0,5159.9765625,26792.546875
362.9160680770874,2,199.9,5185.45703125,26792.546875
363.92636346817017,2,200.0,5279.2421875,26792.546875
364.9362826347351,2,203.0,5061.640625,26792.546875
365.9462106227875,2,214.6,4976.90234375,26792.546875
366.957435131073,2,201.9,4961.0390625,26792.546875
367.967809677124,2,201.9,5152.67578125,26792.546875
368.9783091545105,2,201.0,5351.7265625,26792.546875
369.9884819984436,2,200.9,5536.17578125,27048.546875
370.99889874458313,2,204.9,5010.4140625,27072.546875
372.0093369483948,2,205.0,4870.80078125,27072.546875
373.0191411972046,2,201.0,4827.7421875,27072.546875
374.02916622161865,2,202.9,4787.1171875,27072.546875
375.03945803642273,2,201.8,4721.28515625,27072.546875
376.05036091804504,2,204.9,4657.52734375,27072.546875
377.06047010421753,2,201.9,4592.74609375,27072.546875
378.07063817977905,2,187.1,4474.6640625,27072.546875
379.08082699775696,2,102.0,4334.5234375,27072.546875
380.0910472869873,2,101.9,4343.7265625,27072.546875
381.1019937992096,2,101.9,4603.4296875,27072.546875
382.1132402420044,2,101.8,4540.75,27072.546875
383.1245148181915,2,102.8,4465.9609375,27072.546875
384.13579750061035,2,103.0,4262.7109375,27072.546875
385.1459844112396,2,103.0,4386.390625,27072.546875
386.1556074619293,2,102.9,4071.94140625,27072.546875
387.1661434173584,2,104.0,4024.2265625,27072.546875
388.17582964897156,2,103.0,3988.296875,27072.546875
389.1858170032501,2,102.0,3932.984375,27072.546875
390.1954884529114,2,101.9,3891.32421875,27072.546875
391.20621061325073,2,101.9,3858.30859375,27072.546875
392.216760635376,2,100.0,4046.73828125,27072.546875
393.2272734642029,2,102.0,3927.0625,27072.546875
394.2373893260956,2,102.0,3892.67578125,27072.546875
395.2475254535675,2,101.0,3856.5625,27072.546875
396.2573285102844,2,102.1,3806.74609375,27072.546875
397.26655173301697,2,100.9,3782.265625,27072.546875
398.2771186828613,2,101.1,3757.3359375,27072.546875
399.28639125823975,2,100.9,3769.65234375,27072.546875
400.29739475250244,2,100.0,3971.76171875,27072.546875
401.30772042274475,2,100.9,3868.9765625,27072.546875
402.31853771209717,2,100.0,3868.9765625,27072.546875
403.3280756473541,2,101.0,3861.09375,27072.546875
404.3378188610077,2,101.1,3824.91015625,27072.546875
405.3465106487274,2,101.0,3860.19140625,27072.546875
406.3565638065338,2,99.9,4038.15234375,27072.546875
407.36717438697815,2,100.0,4048.91015625,27072.546875
408.37764286994934,2,99.9,3968.94140625,27072.546875
409.38861870765686,2,100.0,4052.2265625,27072.546875
410.3984787464142,2,100.0,4080.48828125,27072.546875
411.408593416214,2,102.9,3824.55078125,27072.546875
412.41918444633484,2,101.0,3801.40625,27072.546875
413.4292893409729,2,102.0,3768.92578125,27072.546875
414.43935775756836,2,100.8,3748.62109375,27072.546875
415.4508991241455,2,100.9,3734.4375,27072.546875
416.4622120857239,2,101.0,3717.59375,27072.546875
417.4757971763611,2,294.6,3042.28515625,27072.546875
418.48686814308167,2,565.2,3478.33984375,27216.5546875
419.4970736503601,2,107.9,3299.8046875,27216.5546875
420.5073902606964,2,109.9,3238.5078125,27312.63671875
421.5176863670349,2,111.8,3211.0390625,27904.63671875
422.5307970046997,2,1629.5,3959.8671875,29248.63671875
423.5421576499939,2,720.9,5812.13671875,36928.72265625
424.55196475982666,2,2152.7,6686.25390625,34368.7109375
425.56379866600037,2,1493.1,3968.8125,41152.66796875
426.61262917518616,2,3841.3,5955.14453125,47296.66796875
427.63753628730774,2,4007.7,6557.36328125,47296.66796875
428.66455721855164,2,2773.4,6866.59375,47296.66796875
429.67340183258057,2,2527.9,6881.22265625,47296.66796875
430.6840891838074,2,1321.7,4054.06640625,47296.66796875
431.6948001384735,2,3559.6,5730.53125,47296.66796875
432.70980405807495,2,4349.7,7439.31640625,47340.66796875
433.7308261394501,2,3194.6,7563.58984375,47340.66796875
434.7419340610504,2,3046.3,7944.37109375,47340.66796875
435.75498390197754,2,3032.8,8390.546875,47368.66796875
436.7667999267578,2,3338.2,8409.6484375,47368.66796875
437.78353118896484,2,1177.5,3238.7734375,45320.63671875
438.7943489551544,2,4463.8,3192.1171875,45320.63671875
439.8237717151642,2,4489.9,3153.74609375,45320.63671875
440.8431386947632,2,4087.0,3255.734375,45320.63671875
441.8607954978943,2,4506.1,3208.625,45320.63671875
442.8791341781616,2,3882.3,3887.70703125,49416.68359375
443.8865125179291,2,863.5,3138.61328125,45320.63671875
444.89406514167786,2,100.3,3114.91796875,45320.63671875
445.9011900424957,2,99.2,3085.77734375,45322.65625
446.90884494781494,2,124.0,3580.08984375,45322.65625
447.916472196579,2,101.1,3969.70703125,45322.65625
448.924964427948,4,65.5,4310.09765625,45513.203125
449.93291187286377,4,99.2,4543.71484375,45753.75
450.9405744075775,4,101.2,4778.2421875,45997.76953125
451.94874596595764,4,100.2,4986.18359375,46217.3125
452.957204580307,4,99.3,5269.2265625,46503.09765625
453.9647059440613,4,101.3,5619.33984375,46864.9375
454.9719617366791,4,99.2,5981.2890625,47228.453125
455.9803500175476,4,101.2,6329.28125,47590.1484375
456.98853182792664,4,99.3,6687.03125,47947.734375
457.9955298900604,4,100.0,7039.89453125,48306.99609375
459.0057466030121,4,100.0,7393.2578125,48667.41796875
460.01597595214844,4,100.1,7754.7578125,49029.12890625
461.02522230148315,4,99.1,8116.2578125,49390.453125
462.0340576171875,4,101.0,8479.2578125,49753.453125
463.04438376426697,4,99.0,8843.3828125,50117.61328125
464.0543706417084,4,100.0,9206.7578125,50480.87109375
465.0640938282013,4,100.1,9566.3828125,50842.96875
466.0735077857971,4,100.0,9930.1328125,51206.7421875
467.08343482017517,4,100.0,10294.2578125,51570.90234375
468.0933017730713,4,99.9,10656.7734375,51934.8046875
469.1041214466095,4,100.1,11019.0234375,52297.03125
470.1135334968567,4,100.1,11382.3984375,52660.41796875
471.1225531101227,4,99.1,11746.1484375,53024.44921875
472.1312985420227,4,99.9,12109.8984375,53387.8359375
473.1422173976898,4,100.0,12470.6484375,53748.38671875
474.15265417099,4,100.0,12834.7734375,54112.546875
475.16264057159424,4,99.9,13197.7734375,54475.8046875
476.17323303222656,4,100.0,13560.3984375,54838.67578125
477.1834282875061,4,99.1,13917.7734375,55196.00390625
478.19282698631287,4,101.0,14279.6484375,55557.5859375
479.2022910118103,4,99.9,14402.6484375,55680.69140625
480.2129819393158,4,99.9,14403.0234375,55696.67578125
481.2239730358124,4,100.0,14771.61328125,56103.6484375
482.2344470024109,4,98.9,4055.38671875,45329.85546875
483.24557614326477,5,0.0,4663.45703125,46145.75
484.256724357605,2,15.8,3281.7734375,46008.97265625
485.26711988449097,2,481.7,3929.4375,46346.703125
486.2788016796112,2,3209.9,5110.1015625,50442.765625
487.30478858947754,2,4583.5,5110.1015625,50442.765625
488.32379961013794,2,4530.9,5172.06640625,50442.765625
489.3421642780304,2,517.4,5851.15234375,52490.796875
490.35099244117737,2,100.3,6263.08984375,52490.796875
491.35843205451965,4,82.3,6621.0546875,52648.47265625
492.36663246154785,4,100.2,6958.875,52986.21484375
493.3748080730438,4,100.2,7309.125,53336.7109375
494.3826491832733,4,100.2,7654.125,53684.62890625
495.3904411792755,4,99.2,8007.36328125,54038.36328125
496.39822793006897,4,99.2,8361.36328125,54392.08203125
497.4059498310089,4,100.2,8692.86328125,54723.62890625
498.4143581390381,4,100.2,9031.86328125,55062.5234375
499.4221715927124,4,100.2,9361.48828125,55392.39453125
500.429842710495,4,100.2,9691.328125,55722.0390625
501.438029050827,4,99.2,10025.5390625,56061.0625
502.4465260505676,4,99.9,10382.9140625,56418.26171875
503.4575288295746,4,100.0,10769.5390625,56804.98046875
504.46786546707153,4,99.9,11158.0390625,57193.50390625
505.47856426239014,4,100.0,11543.5390625,57578.8046875
506.4887580871582,4,99.9,11931.2890625,57966.94140625
507.49982833862305,4,99.1,12318.2890625,58354.046875
508.5091984272003,4,100.0,12706.7890625,58742.5703125
509.5193176269531,4,100.0,13092.2890625,59127.87109375
510.52937293052673,4,100.1,13479.2890625,59514.84765625
511.53864073753357,4,99.9,13865.30078125,59902.08203125
512.549572467804,4,99.9,14253.05078125,60289.4453125
513.560170173645,4,100.0,14638.92578125,60675.390625
514.5705795288086,4,100.0,15027.42578125,61063.9140625
515.5807328224182,4,101.0,15412.859375,61451.6640625
516.5908584594727,4,99.9,15800.234375,61838.8984375
517.6014778614044,4,100.0,16186.109375,62224.84375
518.6119751930237,4,100.1,16574.609375,62613.3671875
519.6211867332458,4,99.0,16962.359375,63001.1171875
520.6315131187439,4,101.1,17350.109375,63388.99609375
521.6406919956207,4,100.1,17735.234375,63773.91015625
522.6496217250824,4,99.0,18123.359375,64162.17578125
523.6592390537262,4,100.1,18510.359375,64549.28125
524.6683790683746,4,100.1,18898.484375,64937.2890625
525.6776461601257,4,100.0,19283.984375,65322.58984375
526.6876802444458,4,100.0,19528.859375,65567.3828125
527.6979341506958,4,100.0,19573.484375,65612.2421875
528.70796251297,4,99.0,19573.484375,65612.2421875
529.7178211212158,4,99.9,19573.484375,65612.2421875
530.729275226593,4,99.9,19603.2421875,65642.0703125
531.7405409812927,4,99.9,20097.83203125,66256.36328125
532.7513372898102,4,99.8,20199.828125,66341.09765625
533.7629408836365,4,99.9,20223.90625,66282.66015625
534.7742040157318,4,99.9,6462.71484375,52498.01171875
535.7847402095795,5,0.0,7154.828125,53445.57421875
536.794864654541,5,98.9,7352.359375,53742.3125
537.8056039810181,2,30.7,5512.1875,53195.67578125
538.8165264129639,2,100.0,5512.78125,53195.67578125
539.8262917995453,2,883.9,6841.90625,52683.64453125
540.8365340232849,2,140.7,6988.09375,52683.64453125
541.8457107543945,2,216.1,7017.35546875,52683.64453125
542.8547616004944,2,617.9,7106.71484375,52683.64453125
543.8688085079193,2,1732.6,11184.86328125,52683.64453125
544.8827970027924,2,3946.7,13367.7734375,52683.64453125
545.9069714546204,2,4294.6,13980.5234375,52683.64453125
546.9266405105591,2,4315.9,14075.171875,52683.64453125
547.9378230571747,2,3423.0,15285.46875,52683.64453125
548.9788074493408,2,3455.7,14613.67578125,52683.64453125
550.0030293464661,2,3489.4,15257.84375,52683.64453125
551.0122368335724,2,2098.2,15213.53515625,52683.64453125
552.0197992324829,2,2902.1,15138.640625,52683.64453125
553.0305917263031,2,1841.8,7411.64453125,52683.64453125
554.039229631424,2,763.0,7894.96875,52683.64453125
555.0483975410461,2,242.1,7927.375,52683.64453125
556.056088924408,2,946.1,7686.0390625,52683.64453125
557.0643923282623,2,806.7,7392.2890625,53195.67578125
558.072261095047,2,2308.4,11618.35546875,52683.64453125
559.0848004817963,2,4422.9,13010.6875,52683.64453125
560.1048700809479,2,4424.8,14357.99609375,52683.64453125
561.1197991371155,2,4136.3,14429.0234375,52683.64453125
562.1298098564148,2,2775.7,14689.30078125,52683.64453125
563.1503536701202,2,3499.8,14877.9140625,52683.64453125
564.1606073379517,2,2417.1,15365.1015625,52683.64453125
565.1693034172058,2,1634.2,15171.48828125,52683.64453125
566.1770179271698,2,3998.6,15315.84765625,52683.64453125
567.1860597133636,2,741.4,8341.91015625,52907.64453125
568.2031779289246,2,1255.1,8098.9609375,52907.64453125
569.2109663486481,2,1389.1,7954.01171875,52907.64453125
570.218827009201,2,1050.3,9630.2265625,52907.64453125
571.2288012504578,2,3742.7,12296.74609375,52907.64453125
572.2478096485138,2,4439.3,13180.69140625,52907.64453125
573.2735979557037,2,4188.1,13926.18359375,52907.64453125
574.2797689437866,2,3353.8,14126.375,52907.64453125
575.2928364276886,2,4196.8,14691.03125,52939.64453125
576.3335483074188,2,3615.9,14131.6875,52939.64453125
577.3420634269714,2,2601.9,14355.97265625,52939.64453125
578.3528726100922,2,2771.3,14275.14453125,52939.64453125
579.3635921478271,2,2023.6,6998.7421875,52939.64453125
580.3725287914276,2,1179.4,8545.54296875,52939.64453125
581.3798892498016,2,1164.6,8042.24609375,52939.64453125
582.3923480510712,2,1137.3,7896.265625,52939.64453125
583.3998408317566,2,2434.7,11484.44921875,52939.64453125
584.4167990684509,2,4282.2,12315.203125,52939.64453125
585.435672044754,2,4361.6,12868.5078125,52939.64453125
586.4498045444489,2,3883.2,13971.71875,52939.64453125
587.4588408470154,2,3626.2,14734.39453125,52939.64453125
588.496800661087,2,3540.8,13898.98828125,52939.64453125
589.5059788227081,2,3132.2,14352.078125,52939.64453125
590.5152854919434,2,2352.2,14151.74609375,52939.64453125
591.5231864452362,2,3527.3,14247.9296875,52939.64453125
592.532799243927,2,966.3,8385.01171875,52939.64453125
593.5502257347107,2,1046.9,8112.9375,52939.64453125
594.5632383823395,2,1382.1,7977.91015625,52939.64453125
595.5719902515411,2,1042.0,9267.5703125,52939.64453125
596.5857973098755,2,3429.4,12344.703125,52939.64453125
597.6120474338531,2,4345.8,13019.703125,52939.64453125
598.6365385055542,2,4278.0,13683.84375,52939.64453125
599.6472537517548,2,3318.3,13961.16796875,52939.64453125
600.6588416099548,2,3937.6,14704.59375,52939.64453125
601.6994426250458,2,3759.5,13972.19921875,52939.64453125
602.7098140716553,2,2543.3,14296.421875,52939.64453125
603.7458860874176,2,2606.5,14268.171875,52939.64453125
604.7617859840393,2,2542.1,14302.1796875,52939.64453125
605.7711260318756,2,1151.2,8463.64453125,53195.64453125
606.7787067890167,2,936.8,8074.47265625,53195.64453125
607.7917923927307,2,1331.1,7880.0859375,53195.64453125
608.8051655292511,2,1511.5,10553.37890625,53195.64453125
609.8157954216003,2,4204.3,12454.0859375,53195.64453125
610.8338041305542,2,4301.9,13302.671875,53195.64453125
611.8547945022583,2,4144.2,14149.65234375,53195.64453125
612.8818261623383,2,3090.9,15009.12109375,53195.64453125
613.9098191261292,2,4199.6,14882.86328125,53195.64453125
614.9463922977448,2,3552.3,14300.97265625,53195.64453125
615.9588062763214,2,2676.7,14505.03515625,53195.64453125
616.9700772762299,2,2528.9,14425.12109375,53195.64453125
617.9804089069366,2,2717.8,14541.8515625,53195.64453125
618.9896199703217,2,1285.8,8832.6328125,53195.64453125
619.9975914955139,2,946.6,8175.75390625,53195.64453125
621.0053918361664,2,1242.2,8027.73046875,53195.64453125
622.0132982730865,2,1452.6,9886.23828125,53195.64453125
623.0237967967987,2,4245.5,11583.39453125,53195.64453125
624.0428047180176,2,4394.7,13355.07421875,53195.64453125
625.0628042221069,2,4200.4,13569.03515625,53195.64453125
626.0908315181732,2,3289.9,14471.80859375,53195.64453125
627.1244251728058,2,4012.7,13634.71875,53195.64453125
628.1345038414001,2,3528.0,14060.0234375,53195.64453125
629.1428000926971,2,2283.7,13839.7109375,53195.64453125
630.1535730361938,2,3593.4,13819.37890625,53195.64453125
631.1645274162292,2,932.9,8314.91015625,53195.64453125
632.1730518341064,2,1375.0,8309.55078125,53195.64453125
633.1818006038666,2,1647.3,8134.265625,53195.64453125
634.2415843009949,2,1033.4,8346.828125,53195.64453125
635.2493321895599,2,3118.8,11622.78125,53195.64453125
636.2678053379059,2,4314.0,12403.2109375,53195.64453125
637.2928030490875,2,4254.4,13536.2890625,53195.64453125
638.3137068748474,2,3283.5,13673.5625,53195.64453125
639.3208379745483,2,4139.5,14440.98828125,53195.64453125
640.3647668361664,2,3767.8,13666.2890625,53195.64453125
641.3750524520874,2,2600.7,13973.58984375,53195.64453125
642.3840413093567,2,2713.4,13902.34765625,53195.64453125
643.3945446014404,2,2503.2,13921.234375,53195.64453125
644.4029202461243,2,1359.4,8881.38671875,53195.64453125
645.4105076789856,2,870.9,8257.21875,53195.64453125
646.4175701141357,2,1181.3,8153.6015625,53195.64453125
647.4256856441498,2,1748.9,10049.85546875,53195.64453125
648.4478101730347,2,4307.7,11655.8046875,53195.64453125
649.4755458831787,2,4267.5,13454.59375,53195.64453125
650.488805770874,2,4185.4,13552.171875,53195.64453125
651.5088286399841,2,3091.5,14480.953125,53195.64453125
652.5447368621826,2,3922.9,13539.515625,53195.64453125
653.5559165477753,2,3477.0,14101.94921875,53195.64453125
654.5658028125763,2,2317.0,13937.62109375,53195.64453125
655.5756168365479,2,3463.5,13894.14453125,53195.64453125
656.5859200954437,2,1061.7,8143.1796875,53195.64453125
657.5944709777832,2,1486.6,9014.20703125,53195.64453125
658.602189540863,2,1157.7,8170.1875,53195.64453125
659.6084725856781,2,1232.7,8035.59375,53195.64453125
660.616849899292,2,2190.1,10854.65625,53195.64453125
661.6417977809906,2,4217.0,12539.4765625,53195.64453125
662.6528081893921,2,4355.1,14643.7734375,53195.64453125
663.6703882217407,2,4217.3,14150.26953125,53195.64453125
664.6848230361938,2,3182.1,15019.65625,53195.64453125
665.748076915741,2,3922.8,14099.16796875,53195.64453125
666.7588028907776,2,3602.8,14600.64453125,53195.64453125
667.7740437984467,2,2316.6,14485.96484375,53195.64453125
668.7823872566223,2,3161.9,14386.13671875,53195.64453125
669.7934989929199,2,1605.3,7395.9453125,53195.64453125
670.8017468452454,2,1472.5,8452.3359375,53195.64453125
671.8109149932861,2,1272.0,7753.64453125,53195.64453125
672.8365688323975,2,1151.7,10908.94140625,53195.64453125
673.845427274704,2,4100.6,13139.81640625,53195.64453125
674.8566429615021,2,4369.5,13672.96484375,53195.64453125
675.8805153369904,2,4302.5,13287.19921875,53195.64453125
676.8948080539703,2,4216.8,14480.59375,53195.64453125
677.9068379402161,2,3478.4,15494.8828125,53195.64453125
678.9448385238647,2,4115.5,15468.55078125,53195.64453125
679.9909298419952,2,3943.0,14591.18359375,53195.64453125
681.0010185241699,2,3316.7,15091.44921875,53195.64453125
682.0086143016815,2,2474.3,15009.25390625,53195.64453125
683.0162355899811,2,3440.7,15030.95703125,53195.64453125
684.0267963409424,2,1673.9,7513.23828125,53195.64453125
685.0441591739655,2,1573.0,9688.046875,53195.64453125
686.0518224239349,2,3449.9,12780.734375,53195.64453125
687.0665440559387,2,4291.2,13355.3828125,53195.64453125
688.0908005237579,2,4096.0,12682.13671875,53195.64453125
689.1098425388336,2,3968.7,13561.5390625,53195.64453125
690.1518340110779,2,3983.1,13484.39453125,53195.64453125
691.1757955551147,2,3789.8,12771.26171875,53195.64453125
692.1868095397949,2,2773.0,13167.7734375,53195.64453125
693.1954791545868,2,2532.4,13379.7421875,53195.64453125
694.2038516998291,2,1771.2,7828.078125,53195.64453125
695.2127590179443,2,1517.9,10717.34375,53195.64453125
696.2428004741669,2,4214.8,12845.28125,53195.64453125
697.2641043663025,2,4250.6,13594.1640625,53195.64453125
698.272474527359,2,3587.4,13451.31640625,53195.64453125
699.3128299713135,2,4477.6,13196.4921875,53195.64453125
700.3338379859924,2,3921.6,13395.8125,53195.64453125
701.3696365356445,2,3179.5,13192.00390625,53195.64453125
702.3787975311279,2,2416.1,13264.90234375,53195.64453125
703.3891575336456,2,2216.5,6775.56640625,53195.64453125
704.3973531723022,2,100.2,7374.140625,53195.64453125
705.405125617981,2,1496.3,8143.09765625,53195.64453125
706.4123077392578,2,1577.5,7364.72265625,53195.64453125
707.4323282241821,2,3191.5,10075.91796875,53195.64453125
708.444806098938,2,4185.3,11255.4453125,53195.64453125
709.4647953510284,2,4261.5,12530.765625,53195.64453125
710.4768433570862,2,3645.9,13237.19140625,53195.64453125
711.5175249576569,2,3838.9,13968.63671875,53195.64453125
712.5587975978851,2,3305.4,13536.36328125,53195.64453125
713.5770869255066,2,2328.0,13671.8046875,53195.64453125
714.5897963047028,2,2983.1,13603.41015625,53195.64453125
715.6000282764435,2,1567.2,7323.66015625,53195.64453125
716.6087119579315,2,101.1,7772.32421875,53195.64453125
717.6197965145111,2,1632.0,8023.65234375,53195.64453125
718.6317639350891,2,2042.8,7947.4765625,53195.64453125
719.6527991294861,2,3256.7,10515.44921875,53195.64453125
720.6798100471497,2,4314.3,11921.5234375,53195.64453125
721.7056837081909,2,4144.9,12908.91796875,53195.64453125
722.7248442173004,2,3750.5,12956.65625,53195.64453125
723.7483315467834,2,3439.7,12962.4921875,53195.64453125
724.7558009624481,2,3167.8,13486.20703125,53195.64453125
725.7628026008606,2,2278.9,13325.22265625,53195.64453125
726.7715418338776,2,3387.3,13423.66796875,53195.64453125
727.7807989120483,2,885.9,8610.8359375,53195.64453125
728.7982413768768,2,1282.4,8219.03125,53195.64453125
729.8055984973907,2,1122.2,8042.87109375,53195.64453125
730.8198018074036,2,2055.3,7839.671875,53195.64453125
731.8698019981384,2,3325.5,10229.20703125,53195.64453125
732.8884587287903,2,4229.0,11772.44921875,53195.64453125
733.9135110378265,2,4226.0,12578.1875,53195.64453125
734.9253840446472,2,3551.1,12900.87109375,53195.64453125
735.9341466426849,2,3063.5,13068.34375,53195.64453125
736.9471771717072,2,3305.4,13514.671875,53195.64453125
737.9575955867767,2,2185.7,13414.640625,53195.64453125
738.9649901390076,2,3505.6,13458.0859375,53195.64453125
739.9759950637817,2,1153.3,7939.8203125,53195.64453125
740.9851570129395,2,1564.8,8854.85546875,53195.64453125
741.9931781291962,2,967.3,8036.9609375,53707.67578125
743.0008852481842,2,1273.1,7812.0078125,53195.64453125
744.0095846652985,2,2774.4,9515.0,53195.64453125
745.0208780765533,2,3890.2,11200.578125,53195.64453125
746.0393068790436,2,4281.6,12918.72265625,53195.64453125
747.0634982585907,2,4208.6,13110.20703125,53195.64453125
748.0758073329926,2,4084.9,14842.66015625,53195.64453125
749.0908377170563,2,3364.9,15659.94140625,53195.64453125
750.1159100532532,2,2650.6,15133.7265625,53195.64453125
751.1259796619415,2,3414.2,16077.9921875,53195.64453125
752.1361265182495,2,2201.1,16099.4296875,53195.64453125
753.1432650089264,2,2320.3,16338.69921875,53195.64453125
754.1570453643799,2,3183.3,16379.2421875,53195.64453125
755.1646764278412,2,616.4,7890.84765625,53195.64453125
756.1721737384796,2,1559.7,8945.3125,53195.64453125
757.1794908046722,2,874.7,8140.59765625,53195.64453125
758.1898045539856,2,1308.7,7883.875,53195.64453125
759.2164731025696,2,2756.0,9408.875,53195.64453125
760.2283644676208,2,4129.8,11058.9296875,53195.64453125
761.2470457553864,2,4325.5,13204.203125,53195.64453125
762.2715120315552,2,3982.5,13767.8984375,53195.64453125
763.2978098392487,2,4059.7,14533.890625,53195.64453125
764.3158869743347,2,2916.2,14880.171875,53195.64453125
765.3395600318909,2,3459.4,15024.7421875,53195.64453125
766.3508007526398,2,2642.4,15890.61328125,53195.64453125
767.3718001842499,2,1902.8,15744.7265625,53195.64453125
768.3799204826355,2,3875.9,15870.6796875,53195.64453125
769.3915417194366,2,1101.1,16280.16015625,53195.64453125
770.4000561237335,2,1502.8,8654.4609375,53515.64453125
771.4115269184113,2,809.3,8192.3671875,53515.64453125
772.4185707569122,2,1077.2,8055.14453125,53515.64453125
773.4266705513,2,2293.7,7885.08984375,53515.64453125
774.4823200702667,2,3340.1,10446.84765625,53515.64453125
775.4998075962067,2,4407.9,12509.87890625,53515.64453125
776.5327951908112,2,4147.2,13082.29296875,53515.64453125
777.5593326091766,2,3446.6,14142.203125,53515.64453125
778.5917532444,2,3233.9,13489.30078125,53515.64453125
779.6018390655518,2,2995.9,13998.14453125,53515.64453125
780.6104412078857,2,2146.1,13848.40234375,53515.64453125
781.6183285713196,2,3743.1,13926.53515625,53515.64453125
782.6267983913422,2,927.8,8795.484375,53515.64453125
783.6441166400909,2,1357.0,8378.984375,53515.64453125
784.6513934135437,2,1292.7,8189.08203125,53515.64453125
785.660829782486,2,2739.7,8121.69921875,53515.64453125
786.6697676181793,2,3326.0,10686.390625,53515.64453125
787.6768097877502,2,4323.3,12494.9375,53515.64453125
788.702558517456,2,4248.8,12570.46875,53515.64453125
789.7158224582672,2,3993.1,13644.7265625,53515.64453125
790.7287995815277,2,2668.7,13816.5703125,53515.64453125
791.7365581989288,2,3719.5,14211.78125,53515.64453125
792.7540216445923,2,2097.4,14366.91796875,53515.64453125
793.7648296356201,2,2322.2,14352.140625,53515.64453125
794.7742836475372,2,3078.0,14426.98828125,53515.64453125
795.7827706336975,2,1311.2,9033.11328125,53515.64453125
796.8002917766571,2,1078.6,8249.3125,53515.64453125
797.8079509735107,2,759.1,8015.51953125,53515.64453125
798.827250957489,2,925.1,7804.59375,53515.64453125
799.8405091762543,2,3031.0,9077.15625,53515.64453125
800.8518035411835,2,4233.7,10701.27734375,53515.64453125
801.8768095970154,2,4444.0,11246.234375,53515.64453125
802.8938035964966,2,4188.3,12904.51953125,53515.64453125
803.9127058982849,2,3067.8,13150.03125,53515.64453125
804.9228024482727,2,3565.9,13581.171875,53515.64453125
805.9332962036133,2,1841.6,13803.6484375,53515.64453125
806.94779920578,2,3032.1,13822.51171875,53515.64453125
807.9591257572174,2,1668.9,7375.22265625,53515.64453125
808.9668185710907,2,1510.3,9267.68359375,53515.64453125
809.9745242595673,2,905.8,8088.1953125,53515.64453125
810.9836375713348,2,781.1,7966.0078125,53515.64453125
811.9911193847656,2,2079.0,7777.33984375,53515.64453125
813.0217995643616,2,3434.4,10020.52734375,53515.64453125
814.046808719635,2,4320.8,11733.32421875,53515.64453125
815.0755717754364,2,4259.4,12239.16015625,53515.64453125
816.0918097496033,2,3894.3,12889.765625,53515.64453125
817.1010539531708,2,2532.7,13120.48828125,53515.64453125
818.1109998226166,2,3330.6,13820.53515625,53515.64453125
819.1200587749481,2,1620.1,13726.125,53515.64453125
820.1293201446533,2,3710.6,13928.2265625,53515.64453125
821.1369178295135,2,491.4,8248.890625,53515.64453125
822.1462802886963,2,1740.0,8219.98828125,53515.64453125
823.1538202762604,2,788.5,8100.125,53515.64453125
824.1618583202362,2,1021.5,7923.42578125,53515.64453125
825.1701512336731,2,2765.3,9000.9765625,53515.64453125
826.1821880340576,2,4159.8,10347.93359375,53515.64453125
827.2039079666138,2,4391.6,13118.82421875,53515.64453125
828.2167973518372,2,4120.9,12888.33984375,53515.64453125
829.2355291843414,2,3294.7,13179.6328125,53515.64453125
830.2450656890869,2,2873.5,13411.453125,53515.64453125
831.2553176879883,2,3036.6,13961.46875,53515.64453125
832.2631998062134,2,1693.2,13903.85546875,53515.64453125
833.270448923111,2,3843.9,14034.421875,53515.64453125
834.2768738269806,2,553.7,8153.0859375,53515.64453125
835.2845025062561,2,1622.1,8297.80078125,53515.64453125
836.2937686443329,2,998.7,8123.40625,53515.64453125
837.3008580207825,2,1175.4,7942.15625,53515.64453125
838.3118252754211,2,3342.5,9739.74609375,53515.64453125
839.3248090744019,2,4256.2,11137.00390625,53515.64453125
840.344799041748,2,4378.9,11923.765625,53515.64453125
841.356454372406,2,4036.7,13151.18359375,53515.64453125
842.3671972751617,2,3281.5,13294.28515625,53515.64453125
843.3837430477142,2,3514.9,13727.5234375,53515.64453125
844.3908486366272,2,2151.4,13781.41796875,53515.64453125
845.3997974395752,2,3244.5,13653.90234375,53515.64453125
846.4107029438019,2,1642.6,7814.203125,53515.64453125
847.4181032180786,2,1581.1,9565.0390625,53515.64453125
848.4268171787262,2,686.3,8357.53515625,53515.64453125
849.4346654415131,2,1357.5,8089.4375,53515.64453125
850.4423303604126,2,2568.5,9472.5859375,53515.64453125
851.4548037052155,2,4152.3,10863.34765625,53515.64453125
852.4737453460693,2,4450.8,11753.35546875,53515.64453125
853.4937999248505,2,4076.1,13170.0625,53515.64453125
854.5158097743988,2,3364.3,13282.5546875,53515.64453125
855.5251171588898,2,3372.2,13474.56640625,53515.64453125
856.5357336997986,2,2614.2,13892.2109375,53515.64453125
857.5427937507629,2,2410.8,13875.61328125,53515.64453125
858.5533263683319,2,3023.4,13947.140625,53515.64453125
859.5658009052277,2,1431.4,8950.796875,53515.64453125
860.5830278396606,2,772.9,8374.7890625,53515.64453125
861.5909011363983,2,990.6,8222.75390625,53515.64453125
862.5987944602966,2,2124.2,8044.1640625,53515.64453125
863.6167967319489,2,3268.7,10737.390625,53515.64453125
864.6358048915863,2,4264.1,11986.09375,53515.64453125
865.6599185466766,2,4243.7,12921.46484375,53515.64453125
866.6731986999512,2,3746.1,13519.828125,53515.64453125
867.6868095397949,2,3059.7,13640.515625,53515.64453125
868.7109708786011,2,3577.8,14200.43359375,53515.64453125
869.7198185920715,2,2115.5,14139.30859375,53515.64453125
870.7277982234955,2,3278.6,14037.8984375,53515.64453125
871.7384166717529,2,1651.7,7809.48828125,53515.64453125
872.7463121414185,2,1617.8,9577.3359375,53515.64453125
873.7551169395447,2,701.0,8469.58984375,53515.64453125
874.7637205123901,2,1307.7,8118.46875,54027.67578125
875.772403717041,2,2380.0,9123.79296875,53515.64453125
876.7803297042847,2,3844.0,11273.140625,53515.64453125
877.7928049564362,2,4199.5,12606.44140625,53515.64453125
878.8186330795288,2,4240.9,13012.39453125,53515.64453125
879.8309302330017,2,4085.7,14957.88671875,53515.64453125
880.8448226451874,2,3476.9,15936.53125,53515.64453125
881.885008096695,2,2768.0,15251.640625,53515.64453125
882.89279961586,2,3628.2,15947.6328125,53515.64453125
883.9111905097961,2,2189.7,16240.171875,53515.64453125
884.9197978973389,2,1934.5,16295.1171875,53515.64453125
885.9301509857178,2,4051.1,16520.046875,53515.64453125
886.937447309494,2,669.9,7994.1640625,54027.65234375
887.9449894428253,2,1615.9,9143.82421875,53899.64453125
888.953122138977,2,795.6,8425.2578125,53899.64453125
889.9617986679077,2,993.8,8243.0859375,53899.64453125
890.9908015727997,2,1805.8,8068.5078125,53899.64453125
892.0577983856201,2,3306.3,10569.86328125,53899.64453125
893.0768101215363,2,4250.0,12074.61328125,53899.64453125
894.1012232303619,2,4222.9,12705.078125,53899.64453125
895.1138305664062,2,3883.1,13770.671875,53899.64453125
896.1272299289703,2,3114.4,13886.2265625,53899.64453125
897.1388003826141,2,3560.4,14225.7578125,53899.64453125
898.1529710292816,2,2154.6,14338.51953125,53899.64453125
899.1637971401215,2,2891.9,14346.19921875,53899.64453125
900.1780691146851,2,2228.7,7774.69921875,53899.64453125
901.1855163574219,2,1667.9,9283.34765625,53899.64453125
902.1933860778809,2,753.5,8449.91015625,53899.64453125
903.2020463943481,2,939.6,8236.56640625,53899.64453125
904.2108006477356,2,2238.7,8122.87890625,53899.64453125
905.2248024940491,2,3207.5,10795.18359375,53899.64453125
906.2438056468964,2,4274.5,12352.55078125,53899.64453125
907.26979804039,2,4170.1,13227.015625,53899.64453125
908.2918045520782,2,3468.1,13505.96484375,53899.64453125
909.3044710159302,2,3139.4,13483.3046875,53899.64453125
910.3146305084229,2,3280.4,13966.6015625,53899.64453125
911.3248028755188,2,2137.9,13834.09375,53899.64453125
912.3358023166656,2,3543.2,13855.66796875,53899.64453125
913.3477435112,2,1116.9,8213.421875,53899.64453125
914.3566012382507,2,1665.8,9172.75,53899.64453125
915.363959312439,2,934.2,8402.3203125,53899.64453125
916.3723034858704,2,1242.5,8154.90234375,53899.64453125
917.3798892498016,2,2666.2,9735.20703125,53899.64453125
918.3917980194092,2,4148.9,11515.87109375,53899.64453125
919.4120898246765,2,4286.2,13262.5078125,53899.64453125
920.436799287796,2,4079.0,13377.0,53899.64453125
921.4478054046631,2,4055.3,15049.3984375,53899.64453125
922.4573900699615,2,3442.8,15353.0078125,53899.64453125
923.4755687713623,2,2652.3,15357.5625,53899.64453125
924.4857981204987,2,3583.4,16484.18359375,53899.64453125
925.5042126178741,2,2038.7,16264.12890625,53899.64453125
926.5157990455627,2,2590.3,16303.82421875,53899.64453125
927.5269613265991,2,2826.7,16533.97265625,53899.64453125
928.5343627929688,2,638.7,8210.6796875,53899.64453125
929.5426590442657,2,1699.6,9006.96484375,53899.64453125
930.5500621795654,2,670.6,8257.33203125,53899.64453125
931.5580260753632,2,1287.0,8157.3046875,53899.64453125
932.5665278434753,2,1920.5,9232.80078125,53899.64453125
933.5757994651794,2,4203.0,10597.58984375,53899.64453125
934.5942723751068,2,4229.3,12909.53515625,53899.64453125
935.6061990261078,2,4084.5,13256.75390625,53899.64453125
936.6252799034119,2,3106.3,13535.41015625,53899.64453125
937.6357684135437,2,3453.4,13743.1328125,53899.64453125
938.6460325717926,2,2418.1,14129.5234375,53899.64453125
939.6578044891357,2,2386.4,14125.7890625,53899.64453125
940.6725454330444,2,2988.9,14167.3984375,53899.64453125
941.6831474304199,2,1677.7,9365.81640625,53899.64453125
942.6911828517914,2,532.7,8832.9609375,53899.64453125
943.7487998008728,2,1588.5,8620.85546875,53899.64453125
944.7807955741882,2,3086.7,11777.71484375,53899.64453125
945.7928037643433,2,4213.6,12646.015625,53899.64453125
946.8128130435944,2,4240.3,13675.96875,53899.64453125
947.8258335590363,2,3554.6,15079.36328125,53899.64453125
948.865834236145,2,4164.2,14870.28125,53899.64453125
949.9271366596222,2,3322.7,14216.20703125,53899.64453125
950.9372191429138,2,2592.3,14469.625,53899.64453125
951.9454867839813,2,2667.8,14315.01953125,53899.64453125
952.9562137126923,2,2084.2,7683.796875,53899.64453125
953.9640898704529,2,1725.1,9761.28515625,53899.64453125
954.9715466499329,2,1005.1,8546.859375,53899.64453125
955.978429555893,2,1503.5,11357.09375,53899.64453125
956.9880380630493,2,3918.1,13720.10546875,53899.64453125
958.0018029212952,2,4331.9,14248.36328125,53899.64453125
959.0235180854797,2,3977.2,15832.7578125,53899.64453125
960.0358049869537,2,4141.0,14935.94921875,53899.64453125
961.0478389263153,2,3671.2,15827.4765625,53899.64453125
962.0888390541077,2,3930.7,15800.97265625,53899.64453125
963.1258060932159,2,3714.4,14930.37109375,53899.64453125
964.1437985897064,2,3131.7,15493.7578125,53899.64453125
965.1512565612793,2,2436.8,15372.5390625,53899.64453125
966.1614301204681,2,3295.0,15576.23828125,53899.64453125
967.1691815853119,2,1138.4,8927.63671875,53899.64453125
968.1865222454071,2,1316.8,8578.609375,53899.64453125
969.1958472728729,2,1320.1,8470.19921875,53899.64453125
970.2115919589996,2,2963.7,11538.98828125,53899.64453125
971.2237324714661,2,4258.4,12502.97265625,53899.64453125
972.2371418476105,2,4247.6,13410.87109375,53899.64453125
973.2488186359406,2,3983.4,14637.05078125,53899.64453125
974.2588300704956,2,3654.0,15372.4140625,53899.64453125
975.294225692749,2,3410.1,14538.98046875,53899.64453125
976.3015756607056,2,3200.8,14983.69140625,53899.64453125
977.3110864162445,2,2355.7,14815.546875,53899.64453125
978.3192164897919,2,3485.7,14859.46484375,53899.64453125
979.3278002738953,2,1026.7,9038.13671875,53899.64453125
980.3459341526031,2,1385.7,8606.93359375,53899.64453125
981.3537991046906,2,1616.3,8442.62890625,53899.64453125
982.368973493576,2,2947.9,11983.8046875,53899.64453125
983.3778066635132,2,4395.2,12557.703125,53899.64453125
984.4015555381775,2,4178.9,13772.671875,53899.64453125
985.4208285808563,2,3654.6,14588.28125,53899.64453125
986.4609761238098,2,3946.4,13823.62890625,53899.64453125
987.4699018001556,2,3322.7,14107.19140625,53899.64453125
988.4774012565613,2,2281.5,14142.76171875,53899.64453125
989.4865403175354,2,3434.8,14049.265625,53899.64453125
990.4973423480988,2,701.6,8746.5703125,53899.64453125
991.5079715251923,2,1725.3,9315.4375,53899.64453125
992.5153143405914,2,1163.0,8542.890625,53899.64453125
993.5229020118713,2,2429.0,10971.89453125,53899.64453125
994.5405683517456,2,4269.0,12306.80859375,53899.64453125
995.5598337650299,2,4282.9,14284.12109375,53899.64453125
996.5723257064819,2,4123.5,14422.40234375,53899.64453125
997.5838387012482,2,3552.9,15131.45703125,53899.64453125
998.6242218017578,2,3473.9,14340.01953125,53899.64453125
999.6347894668579,2,3172.7,14795.4765625,53899.64453125
1000.6457962989807,2,2305.6,14571.76953125,53899.64453125
1001.655642747879,2,3405.0,14741.26953125,53899.64453125
1002.6687948703766,2,1211.9,9460.03515625,53899.64453125
1003.69579911232,2,1375.4,8935.81640625,53899.64453125
1004.7077922821045,2,1499.0,9253.80078125,53899.64453125
1005.7258293628693,2,2540.0,13633.59765625,53899.64453125
1006.7547993659973,2,4222.8,14340.90234375,53899.64453125
1007.7738087177277,2,4372.3,15396.31640625,53899.64453125
1008.800500869751,2,3919.3,15149.32421875,53899.64453125
1009.8098323345184,2,3657.1,16024.12890625,53899.64453125
1010.8510649204254,2,4276.2,15465.4609375,53899.64453125
1011.8628387451172,2,4305.8,15849.84765625,53899.64453125
1012.9035685062408,2,3241.7,15371.76171875,53899.64453125
1013.9119546413422,2,2676.1,15588.87890625,53899.64453125
1014.9205286502838,2,2960.7,15649.39453125,53899.64453125
1015.9309501647949,2,1401.5,7959.4765625,53899.64453125
1016.9396812915802,2,1747.5,9743.55078125,53899.64453125
1017.9479475021362,2,967.7,8615.94921875,53899.64453125
1018.9544675350189,2,1470.3,11824.98046875,53899.64453125
1019.9657998085022,2,4199.6,14193.99609375,53899.64453125
1020.984189748764,2,4343.7,14270.02734375,53899.64453125
1021.9929983615875,2,4317.4,13919.9609375,53899.64453125
1023.0071773529053,2,4045.9,15163.5546875,53899.64453125
1024.0183358192444,2,3881.6,15992.8828125,53899.64453125
1025.0601828098297,2,4058.7,15974.26953125,53899.64453125
1026.1006331443787,2,3582.8,15138.66796875,53899.64453125
1027.1143019199371,2,3074.3,15655.26953125,53899.64453125
1028.1242353916168,2,2422.5,15581.39453125,53899.64453125
1029.1339473724365,2,3160.8,15814.109375,53899.64453125
1030.1421658992767,2,1879.3,7985.03125,53899.64453125
1031.150533914566,2,2296.9,8186.375,53899.64453125
1032.1607949733734,2,2534.8,8829.81640625,53899.64453125
1033.178866147995,2,974.2,8975.13671875,55754.8125
1034.186794757843,2,1299.7,8572.98828125,53706.796875
1035.2047517299652,2,3189.2,10560.90625,53706.796875
1036.2178044319153,2,4150.4,12273.890625,60914.796875
1037.2378058433533,2,4448.7,16889.30078125,60914.796875
1038.258297920227,2,3982.5,15096.83984375,60914.796875
1039.2788031101227,2,3928.9,15429.7734375,60914.796875
1040.2948055267334,2,2893.6,15546.66015625,60914.796875
1041.3041965961456,2,3038.4,15952.08203125,60914.796875
1042.3149027824402,2,2288.2,16786.90625,60914.796875
1043.321696281433,2,1474.0,16679.0078125,60914.796875
1044.33580160141,2,3518.4,16918.0234375,60914.796875
1045.3460500240326,2,1314.9,17262.83203125,60914.796875
1046.3535902500153,2,782.8,8418.625,60914.796875
1047.361796617508,2,2132.8,8913.66796875,60914.796875
1048.4055218696594,2,2969.2,11900.77734375,60914.796875
1049.4187998771667,2,4100.2,13070.984375,60914.796875
1050.437804222107,2,4384.8,16314.46875,69106.796875
1051.461529970169,2,4297.3,20696.328125,69154.796875
1052.4938116073608,2,4041.2,15611.28515625,69154.796875
1053.5048019886017,2,4105.5,18883.125,69154.796875
1054.5238013267517,2,4274.8,19004.734375,69154.796875
1055.5388131141663,2,3113.2,19283.109375,69154.796875
1056.5639114379883,2,2857.5,19524.7890625,69154.796875
1057.5708000659943,2,3036.7,19789.83203125,69154.796875
1058.5809507369995,2,3484.3,20644.171875,69154.796875
1059.589801311493,2,1072.1,21044.3125,69154.796875
1060.6071500778198,2,971.8,20875.9453125,69154.796875
1061.6156487464905,2,1334.3,20892.13671875,69154.796875
1062.6248006820679,2,2128.7,21062.62890625,69154.796875
1063.6357672214508,2,3888.4,21255.4296875,69154.796875
1064.6472187042236,2,756.9,20674.484375,69154.796875
1065.6552274227142,2,761.1,8417.77734375,69154.796875
1066.663803577423,2,2584.6,8755.99609375,69154.796875
1067.6714143753052,2,2976.9,12107.59375,69154.796875
1068.6825897693634,2,4049.5,12769.953125,69154.796875
1069.6948027610779,2,4348.8,17488.1484375,69154.796875
1070.7185561656952,2,4234.2,20970.67578125,69154.796875
1071.744466304779,2,4013.2,17292.0703125,69154.796875
1072.759806394577,2,4178.6,18333.33203125,69154.796875
1073.7797379493713,2,3277.8,18733.84375,69154.796875
1074.7998116016388,2,3262.6,18935.12890625,69154.796875
1075.8246583938599,2,2570.8,19016.328125,69154.796875
1076.8355140686035,2,3685.4,19786.81640625,69154.796875
1077.8458020687103,2,1218.8,20103.33203125,69154.796875
1078.8539910316467,2,1030.4,20089.46875,69154.796875
1079.8622736930847,2,1296.0,19981.796875,69154.796875
1080.8708045482635,2,3114.3,20215.8203125,69154.796875
1081.8812165260315,2,2537.4,20484.0625,69154.796875
1082.88915848732,2,634.2,8776.6015625,71202.8125
1083.8966767787933,2,1195.6,8617.57421875,69154.796875
1084.9048001766205,2,2425.9,10477.8984375,69154.796875
1085.9218006134033,2,4171.2,12455.62109375,69154.796875
1086.9482600688934,2,4187.9,14915.0234375,69154.796875
1087.9808099269867,2,4347.6,19022.03515625,69154.796875
1089.0173869132996,2,3999.1,15047.55859375,69154.796875
1090.0347986221313,2,4079.3,18235.61328125,69154.796875
1091.0533220767975,2,4269.6,18437.2578125,69154.796875
1092.0618250370026,2,2909.3,18717.8515625,69154.796875
1093.0708067417145,2,2729.1,18909.3359375,69154.796875
1094.0949029922485,2,3557.8,19350.7109375,69154.796875
1095.1058440208435,2,2612.4,20299.69921875,69154.796875
1096.114369392395,2,874.8,20182.8046875,69154.796875
1097.122585773468,2,1270.1,20145.69921875,69154.796875
1098.1308043003082,2,1306.1,20292.56640625,69154.796875
1099.1456484794617,2,3984.9,20229.96875,69154.796875
1100.1562857627869,2,1348.4,20636.46484375,69154.796875
1101.1657922267914,2,613.0,7972.4765625,69154.796875
1102.173679113388,2,2041.6,8753.28125,69154.796875
1103.221347808838,2,3080.4,11598.61328125,69154.796875
1104.237803220749,2,4163.8,12723.96484375,69154.796875
1105.2578065395355,2,4429.1,16709.23828125,69154.796875
1106.2816467285156,2,4475.3,21597.4609375,69154.796875
1107.3053131103516,2,4043.5,16904.92578125,69154.796875
1108.3318147659302,2,4250.3,18332.27734375,69154.796875
1109.3535571098328,2,3675.8,18644.46875,69154.796875
1110.364544391632,2,2933.3,18935.3828125,69154.796875
1111.3738055229187,2,2863.8,19007.3671875,69154.796875
1112.3908004760742,2,3770.5,19796.11328125,69154.796875
1113.4091773033142,2,1428.8,20314.05859375,69154.796875
1114.416891336441,2,1073.2,20212.66796875,69154.796875
1115.425094127655,2,1334.4,20254.59375,69154.796875
1116.433884382248,2,2755.1,20292.8984375,69154.796875
1117.4459552764893,2,3009.2,20570.875,69154.796875
1118.4540038108826,2,614.4,8162.58984375,71202.8125
1119.4614834785461,2,772.8,9063.828125,69154.796875
1120.4718008041382,2,2134.4,9537.421875,69154.796875
1121.5228238105774,2,2630.2,12274.75390625,69154.796875
1122.5377991199493,2,4210.1,14363.12890625,69154.796875
1123.5568053722382,2,4245.5,15960.48828125,69154.796875
1124.5818040370941,2,4293.3,19712.125,69154.796875
1125.6073846817017,2,4302.0,23871.59765625,79394.796875
1126.6315379142761,2,3823.2,16897.9296875,79394.796875
1127.6438052654266,2,3912.8,20439.62109375,79394.796875
1128.6627991199493,2,4285.2,20542.4453125,79394.796875
1129.681155204773,2,2941.7,20795.35546875,79394.796875
1130.688807964325,2,3348.5,20997.09375,79394.796875
1131.71373128891,2,2734.7,21024.62890625,79394.796875
1132.7235403060913,2,3477.1,21589.70703125,79394.796875
1133.7336823940277,2,2605.5,22632.59765625,79394.796875
1134.741800069809,2,953.6,22494.453125,79394.796875
1135.751799106598,2,1175.7,22554.1015625,79394.796875
1136.777842283249,2,1087.3,22450.15234375,79394.796875
1137.785798072815,2,2860.0,22626.3046875,79394.796875
1138.7960107326508,2,3253.3,22897.7265625,79394.796875
1139.8038380146027,2,706.5,14878.28515625,79394.796875
1140.8116681575775,2,631.1,8718.31640625,79394.796875
1141.81956076622,2,1691.6,9530.13671875,79394.796875
1142.8686306476593,2,2668.0,11977.7578125,79394.796875
1143.8837988376617,2,4272.7,14372.57421875,79394.796875
1144.9028129577637,2,4273.6,15703.609375,79394.796875
1145.9288108348846,2,4303.1,19517.6484375,79394.796875
1146.954397201538,2,4249.7,23473.828125,79394.796875
1147.9808106422424,2,3991.7,16696.15234375,79394.796875
1148.991751909256,2,4214.5,20194.1484375,79394.796875
1150.0010356903076,2,3946.5,20470.1953125,79394.796875
1151.0198049545288,2,3198.3,20728.890625,79394.796875
1152.0401349067688,2,3104.8,20911.37890625,79394.796875
1153.0646810531616,2,2950.5,21059.82421875,79394.796875
1154.0787975788116,2,3296.7,21461.453125,79394.796875
1155.0902245044708,2,2871.2,22509.76953125,79394.796875
1156.0990715026855,2,848.4,22539.296875,79394.796875
1157.1068003177643,2,1148.3,22548.3125,79394.796875
1158.1248998641968,2,1111.7,22503.7109375,79394.796875
1159.1332149505615,2,2168.0,22575.0546875,79394.796875
1160.1438002586365,2,3916.2,22683.56640625,79394.796875
1161.1541528701782,2,747.5,23021.22265625,79394.796875
1162.1627287864685,2,478.4,8268.60546875,79394.796875
1163.1703476905823,2,914.9,9188.75,79394.796875
1164.178192615509,2,3245.5,10899.37109375,79394.796875
1165.1865775585175,2,3625.2,14099.4921875,79394.796875
1166.2126958370209,2,4203.0,14573.52734375,79394.796875
1167.2363030910492,2,4339.4,18385.921875,79394.796875
1168.260810136795,2,4261.6,22265.00390625,79394.796875
1169.2849879264832,2,4034.8,21350.21484375,79394.796875
1170.299815416336,2,4160.4,19614.62890625,79394.796875
1171.3263292312622,2,4032.9,20348.54296875,79394.796875
1172.3500411510468,2,3715.4,20636.1875,79394.796875
1173.3601353168488,2,3012.4,20770.65234375,79394.796875
1174.3695578575134,2,2573.4,20954.03515625,79394.796875
1175.3777976036072,2,2794.7,21144.3359375,79394.796875
1176.3918006420135,2,3820.0,22012.234375,79394.796875
1177.407334804535,2,1038.3,22363.05859375,79394.796875
1178.415800333023,2,1016.4,22394.4296875,79394.796875
1179.4272077083588,2,1323.2,22329.10546875,79394.796875
1180.4358026981354,2,895.0,22531.2890625,79394.796875
1181.453798532486,2,3865.0,22514.5078125,79394.796875
1182.463603258133,2,1972.2,22811.82421875,79394.796875
1183.4715929031372,2,630.1,8521.23046875,81442.8125
1184.4798011779785,2,965.3,9029.18359375,79394.796875
1185.5047974586487,2,2273.0,9470.3125,79394.796875
1186.5458047389984,2,2596.7,12792.3203125,79394.796875
1187.5632889270782,2,4193.2,14333.30078125,79394.796875
1188.58180642128,2,4196.1,16264.6796875,79394.796875
1189.6118035316467,2,4319.4,20339.6875,79394.796875
1190.6483528614044,2,4281.2,24618.22265625,79394.796875
1191.6698319911957,2,3815.9,17093.515625,79394.796875
1192.6838014125824,2,3944.0,20529.8984375,79394.796875
1193.70215177536,2,4219.3,20605.99609375,79394.796875
1194.7205815315247,2,2841.5,20854.3046875,79394.796875
1195.7329757213593,2,3278.5,21044.88671875,79394.796875
1196.758679151535,2,2652.6,21083.203125,79394.796875
1197.7658984661102,2,3531.7,21599.05859375,79394.796875
1198.7758882045746,2,2521.5,22583.10546875,79394.796875
1199.784799337387,2,923.9,22546.88671875,79394.796875
1200.8011333942413,2,1071.5,22482.75,79394.796875
1201.8088011741638,2,1234.3,22363.0,79394.796875
1202.8157985210419,2,2733.2,22588.4765625,79394.796875
1203.8279700279236,2,3407.2,22799.08984375,79394.796875
1204.835727930069,2,713.4,20864.52734375,79394.796875
1205.8435740470886,2,551.8,8490.5,79394.796875
1206.8547978401184,2,1390.1,9475.18359375,79394.796875
1207.915450811386,2,2635.1,11810.29296875,79394.796875
1208.9253976345062,2,4250.5,14330.55078125,79394.796875
1209.9438948631287,2,4295.4,14577.16796875,79394.796875
1210.9578084945679,2,4434.6,18552.40234375,79394.796875
1211.9825007915497,2,4259.6,22756.1328125,79394.796875
1212.993810892105,2,3926.6,20199.84765625,79394.796875
1214.01180434227,2,4216.4,19852.6640625,79394.796875
1215.0248050689697,2,3922.2,20455.71484375,79394.796875
1216.044804573059,2,3569.9,20793.9140625,79394.796875
1217.0558807849884,2,2787.0,20877.03515625,79394.796875
1218.0644602775574,2,2678.9,21041.9296875,79394.796875
1219.0892341136932,2,3144.6,21294.046875,79394.796875
1220.0998203754425,2,3500.4,22195.6796875,79394.796875
1221.1078431606293,2,1175.0,22474.5546875,79394.796875
1222.1167991161346,2,1207.8,22512.4296875,79394.796875
1223.1348824501038,2,1241.9,22399.52734375,79394.796875
1224.143797159195,2,2510.9,22671.27734375,79394.796875
1225.1581346988678,2,3700.3,22779.5859375,79394.796875
1226.1649560928345,2,677.9,22995.359375,79394.796875
1227.1740992069244,2,454.5,8312.3359375,79394.796875
1228.18386220932,2,953.3,9473.8515625,79394.796875
1229.1954944133759,2,3298.8,10939.76953125,79394.796875
1230.2042126655579,2,2954.4,14176.75390625,79394.796875
1231.2265841960907,2,3928.1,15806.61328125,79394.796875
1232.248426437378,2,4251.5,17042.9609375,79394.796875
1233.2737665176392,2,4229.1,20729.97265625,79394.796875
1234.2978060245514,2,4252.7,24888.54296875,79394.796875
1235.322800397873,2,4266.9,28790.14453125,79450.796875
1236.3427374362946,2,3847.8,24469.07421875,79450.796875
1237.3648240566254,2,4001.5,22716.4140625,79450.796875
1238.3938846588135,2,3677.6,24722.1875,79450.796875
1239.4153804779053,2,4376.4,24756.23828125,79450.796875
1240.4245042800903,2,4038.9,25097.6015625,79450.796875
1241.4434971809387,2,2797.3,25315.30078125,79450.796875
1242.4528126716614,2,3061.8,25614.7421875,79450.796875
1243.4789855480194,2,2933.3,25559.703125,79450.796875
1244.4867956638336,2,2753.9,25777.23828125,79450.796875
1245.4977989196777,2,3134.0,26958.62890625,79450.796875
1246.5162663459778,2,2729.4,28005.04296875,79450.796875
1247.5345017910004,2,1056.2,28378.6328125,79450.796875
1248.5435576438904,2,1121.0,28177.0390625,79450.796875
1249.5506989955902,2,1548.8,28166.0625,79450.796875
1250.5586268901825,2,887.6,28206.921875,79450.796875
1251.5687985420227,2,2819.4,28651.62109375,79450.796875
1252.5788743495941,2,3926.0,28699.1484375,79450.796875
1253.5852200984955,2,799.0,29284.66796875,79450.796875
1254.5940024852753,2,841.3,29638.3671875,79450.796875
1255.6019537448883,2,304.6,7802.4375,79450.796875
1256.6097960472107,2,2205.6,8597.6484375,79450.796875
1257.6298034191132,2,3271.4,11322.390625,79450.796875
1258.6486327648163,2,4275.7,14187.6875,79450.796875
1259.674824476242,2,4242.9,13576.41015625,79450.796875
1260.688812494278,2,4037.8,15293.8359375,79450.796875
1261.708462715149,2,3124.5,15552.52734375,79450.796875
1262.715728521347,2,3109.8,15826.36328125,79450.796875
1263.7267999649048,2,2947.9,16835.859375,79450.796875
1264.7347567081451,2,1478.9,16780.46875,79450.796875
1265.7448105812073,2,3104.4,16938.26171875,79450.796875
1266.7555377483368,2,1622.2,17291.40234375,79450.796875
1267.7669973373413,2,967.2,8525.94140625,79450.796875
1268.775797843933,2,2017.5,9939.71875,79450.796875
1269.7887992858887,2,4069.8,11532.109375,79450.796875
1270.8072519302368,2,4416.5,15970.78125,79450.796875
1271.8328018188477,2,4244.9,14648.05859375,79450.796875
1272.8458104133606,2,4044.3,15247.8125,79450.796875
1273.864811182022,2,2939.9,15553.74609375,79450.796875
1274.8828008174896,2,3139.1,16093.5703125,79450.796875
1275.9017972946167,2,2111.1,16651.6953125,79450.796875
1276.9095940589905,2,1400.1,16513.953125,79450.796875
1277.9173548221588,2,3744.4,16756.4765625,79450.796875
1278.923550605774,2,973.0,17124.34765625,79450.796875
1279.9340574741364,2,698.9,8957.57421875,79450.796875
1280.9418025016785,2,1820.9,9622.671875,79450.796875
1281.9727969169617,2,2353.5,12474.40625,79450.796875
1282.9878001213074,2,4029.7,15527.05078125,79450.796875
1284.006024837494,2,4113.9,15971.1640625,79450.796875
1285.0248067378998,2,4213.6,18930.7421875,79450.796875
1286.0458199977875,2,4153.7,22023.6015625,79450.796875
1287.0711855888367,2,4305.8,26708.85546875,79450.796875
1288.095466375351,2,4291.3,28490.58984375,91738.796875
1289.1158335208893,2,3632.8,19495.70703125,91738.796875
1290.1308107376099,2,4327.2,23606.953125,91738.796875
1291.156801700592,2,3738.0,24568.05078125,91738.796875
1292.1767749786377,2,4094.0,24773.0703125,91738.796875
1293.183810710907,2,3479.2,25104.703125,91738.796875
1294.191722393036,2,2638.7,25286.2109375,91738.796875
1295.1998138427734,2,3169.2,25579.97265625,91738.796875
1296.2257752418518,2,2864.9,25503.53515625,91738.796875
1297.23379611969,2,3601.6,26160.91796875,91738.796875
1298.2460334300995,2,3139.3,27268.35546875,91738.796875
1299.2531843185425,2,1164.0,28137.16796875,91738.796875
1300.2618000507355,2,1066.5,28115.84375,91738.796875
1301.2792325019836,2,1160.8,28116.21875,91738.796875
1302.2879447937012,2,1315.2,28112.1015625,91738.796875
1303.2978024482727,2,1238.1,28180.50390625,91738.796875
1304.3087961673737,2,3872.7,28509.29296875,91738.796875
1305.3201186656952,2,2558.6,29102.14453125,91738.796875
1306.3284268379211,2,588.4,29319.9375,91738.796875
1307.3361644744873,2,630.8,16745.02734375,91738.796875
1308.344352722168,2,716.5,8679.8203125,91738.796875
1309.3521463871002,2,2327.2,9387.37109375,91738.796875
1310.4008111953735,2,2729.3,13009.78515625,91738.796875
1311.415800333023,2,4098.9,14201.8359375,91738.796875
1312.4342019557953,2,4389.8,17231.9453125,91738.796875
1313.4588012695312,2,4232.2,21339.38671875,91738.796875
1314.483916759491,2,4125.0,22006.703125,91738.796875
1315.5045175552368,2,4131.7,19038.61328125,91738.796875
1316.5208098888397,2,4189.0,20155.359375,91738.796875
1317.540801525116,2,3491.8,20503.1953125,91738.796875
1318.561371088028,2,2875.9,20656.96484375,91738.796875
1319.5688047409058,2,2679.8,20757.0078125,91738.796875
1320.5937960147858,2,3408.2,21123.5625,91738.796875
1321.6087970733643,2,2965.7,22046.609375,91738.796875
1322.6191380023956,2,887.2,21996.33203125,91738.796875
1323.6288006305695,2,1282.7,21961.09375,91738.796875
1324.6469345092773,2,962.9,21884.734375,91738.796875
1325.655799150467,2,3113.7,22141.73828125,91738.796875
1326.668963432312,2,2752.2,22291.421875,91738.796875
1327.6774792671204,2,620.2,8002.96875,93786.8125
1328.6852281093597,2,654.5,9106.25390625,91738.796875
1329.6937975883484,2,947.2,9935.2265625,91738.796875
1330.7428715229034,2,3549.3,11050.140625,91738.796875
1331.7518100738525,2,3069.5,14726.72265625,91738.796875
1332.772799730301,2,3934.5,16324.94140625,91738.796875
1333.7910754680634,2,4196.2,16567.17578125,91738.796875
1334.8028016090393,2,4197.3,20557.41015625,91738.796875
1335.8228042125702,2,4167.1,24487.80078125,91738.796875
1336.8438000679016,2,4183.2,28485.93359375,91738.796875
1337.86474442482,2,3966.7,28727.51171875,91738.796875
1338.8848128318787,2,3776.2,21113.01953125,91738.796875
1339.900810956955,2,4311.4,24568.015625,91738.796875
1340.914802789688,2,3680.5,25395.12890625,91738.796875
1341.933798789978,2,3946.2,25613.40234375,91738.796875
1342.941537618637,2,3303.5,25868.578125,91738.796875
1343.9495239257812,2,2873.1,26032.52734375,91738.796875
1344.9578030109406,2,2762.3,26303.4140625,91738.796875
1345.9818043708801,2,3050.4,26343.37109375,91738.796875
1347.0075759887695,2,3181.8,26674.0546875,91738.796875
1348.0224950313568,2,3397.5,27791.359375,91738.796875
1349.0285127162933,2,1938.1,28779.53515625,91738.796875
1350.0351824760437,2,798.8,28862.015625,91738.796875
1351.0429031848907,2,970.5,28783.6171875,91738.796875
1352.0506949424744,2,1434.0,28710.05078125,91738.796875
1353.0577063560486,2,904.0,28784.2109375,91738.796875
1354.0654437541962,2,1593.9,29136.91796875,91738.796875
1355.074794769287,2,3991.6,29285.2109375,91738.796875
1356.0909888744354,2,2476.1,29780.71484375,91738.796875
1357.0997455120087,2,580.5,30022.81640625,91738.796875
1358.1075766086578,2,691.9,19467.9375,91738.796875
1359.116376399994,2,490.3,8579.875,91738.796875
1360.1240394115448,2,883.9,9449.2265625,91738.796875
1361.1321020126343,2,3530.2,10461.43359375,91738.796875
1362.1408061981201,2,2871.2,14300.1796875,91738.796875
1363.1667258739471,2,4021.2,15922.203125,91738.796875
1364.1858060359955,2,4270.8,17062.7890625,91738.796875
1365.209810256958,2,4339.6,20954.921875,91738.796875
1366.2350931167603,2,4293.1,25035.6640625,91738.796875
1367.2598419189453,2,4050.2,29390.22265625,91738.796875
1368.2807984352112,2,3876.4,25134.171875,91738.796875
1369.2998139858246,2,3926.3,20597.76171875,91738.796875
1370.3159556388855,2,3717.4,24799.81640625,91738.796875
1371.324800491333,2,4384.4,24758.37109375,91738.796875
1372.34423494339,2,3876.2,25194.87109375,91738.796875
1373.3518114089966,2,2958.7,25385.02734375,91738.796875
1374.3788182735443,2,2868.9,25674.2734375,91738.796875
1375.4037046432495,2,3433.8,25553.796875,91738.796875
1376.4124808311462,2,2316.2,25834.296875,91738.796875
1377.4208002090454,2,3734.9,26946.48046875,91738.796875
1378.4397971630096,2,2736.6,27927.45703125,91738.796875
1379.4466879367828,2,1018.1,28301.125,91738.796875
1380.455331325531,2,947.0,28220.74609375,91738.796875
1381.4637613296509,2,968.0,28395.06640625,91738.796875
1382.4719920158386,2,1329.7,28174.21875,91738.796875
1383.4797341823578,2,896.7,28347.73828125,91738.796875
1384.497939825058,2,3593.0,28754.9609375,91738.796875
1385.513040304184,2,3316.8,29141.953125,91738.796875
1386.5196375846863,2,512.5,29436.79296875,91738.796875
1387.5283915996552,2,689.4,25659.91796875,91738.796875
1388.536361694336,2,366.2,8374.3984375,91738.796875
1389.543924331665,2,1053.7,9454.29296875,91738.796875
1390.552798986435,2,3584.6,9692.0859375,91738.796875
1391.5618135929108,2,2360.8,13957.25390625,91738.796875
1392.6097717285156,2,4073.4,15698.24609375,91738.796875
1393.6208035945892,2,4162.2,16151.328125,91738.796875
1394.6328074932098,2,4234.7,20388.54296875,91738.796875
1395.6579864025116,2,4240.4,23997.93359375,91738.796875
1396.6821157932281,2,4264.9,28374.5234375,91738.796875
1397.706979751587,2,4050.5,25869.48828125,91738.796875
1398.715812921524,2,3954.9,20392.9375,91738.796875
1399.7384226322174,2,4175.3,24316.171875,91738.796875
1400.7478065490723,2,4019.6,24690.796875,91738.796875
1401.7678000926971,2,3911.9,25053.453125,91738.796875
1402.7868177890778,2,3002.0,25335.07421875,91738.796875
1403.8118078708649,2,2976.0,25585.7109375,91738.796875
1404.8368401527405,2,3705.8,25729.7109375,91738.796875
1405.8458125591278,2,1857.2,25698.8984375,91738.796875
1406.8576810359955,2,3964.2,26655.41015625,91738.796875
1407.8652441501617,2,2730.8,27907.54296875,91738.796875
1408.8840713500977,2,1057.8,28166.55859375,91738.796875
1409.8907935619354,2,1053.7,28154.4609375,91738.796875
1410.897705078125,2,1022.8,28319.0390625,91738.796875
1411.9056961536407,2,1293.6,28129.29296875,91738.796875
1412.9121747016907,2,823.1,28373.1796875,91738.796875
1413.9307987689972,2,3842.7,28705.03515625,91738.796875
1414.9495477676392,2,3068.7,29175.39453125,91738.796875
1415.9587986469269,2,588.0,29443.78125,91738.796875
1416.9668781757355,2,628.7,20243.77734375,91738.796875
1417.9752418994904,2,511.1,8570.82421875,91738.796875
1418.9837980270386,2,1245.1,9564.1015625,91738.796875
1420.0333375930786,2,2731.3,11791.578125,91738.796875
1421.039740562439,2,3904.5,14711.5078125,91738.796875
1422.052808046341,2,3874.5,15925.34765625,91738.796875
1423.0728080272675,2,4284.0,18206.65234375,91738.796875
1424.0978062152863,2,4231.8,21630.3828125,91738.796875
1425.122874736786,2,4327.5,26398.125,91738.796875
1426.1467986106873,2,4434.5,31192.24609375,91738.796875
1427.1748294830322,2,3822.2,22458.45703125,91738.796875
1428.2365126609802,2,4133.7,23095.8671875,91738.796875
1429.2627999782562,2,3678.3,24748.578125,91738.796875
1430.2817978858948,2,4119.0,25004.5703125,91738.796875
1431.3031687736511,2,4132.8,25209.3828125,91738.796875
1432.3138110637665,2,2793.8,25447.80078125,91738.796875
1433.3363041877747,2,2660.5,25759.03515625,91738.796875
1434.3508059978485,2,3064.8,25794.5546875,91738.796875
1435.363799571991,2,3126.3,26135.4921875,91738.796875
1436.3745214939117,2,3379.3,27277.44140625,91738.796875
1437.3822243213654,2,2042.0,28273.33984375,91738.796875
1438.3900094032288,2,930.5,28142.83984375,91738.796875
1439.397071838379,2,1008.3,28295.15234375,91738.796875
1440.405662536621,2,1573.3,28117.12109375,91738.796875
1441.4184262752533,2,776.6,28100.125,91738.796875
1442.4278013706207,2,3635.6,28812.8671875,91738.796875
1443.4434487819672,2,3436.1,29112.92578125,91738.796875
1444.451621055603,2,522.6,29420.265625,91738.796875
1445.4599323272705,2,728.1,26485.79296875,91738.796875
1446.4679551124573,2,294.8,8387.76953125,91738.796875
1447.4755773544312,2,911.8,9975.71875,91738.796875
1448.4838027954102,2,2563.8,10078.4765625,91738.796875
1449.5337598323822,2,2132.1,13061.3828125,91738.796875
1450.5441484451294,2,4236.0,15662.1640625,91738.796875
1451.5568070411682,2,3832.7,16731.6171875,91738.796875
1452.5868048667908,2,4135.9,18312.44140625,91738.796875
1453.6288013458252,2,4166.6,22348.68359375,91738.796875
1454.6488029956818,2,4158.3,26068.22265625,91738.796875
1455.6729927062988,2,4138.8,30103.34375,91738.796875
1456.6967995166779,2,3879.3,28886.2109375,91738.796875
1457.7185554504395,2,3578.8,20893.65625,91738.796875
1458.7348086833954,2,4213.5,24518.28125,91738.796875
1459.7488017082214,2,3364.1,26008.953125,91738.796875
1460.7678022384644,2,4000.2,26165.69140625,91738.796875
1461.7868058681488,2,4024.0,26285.28125,91738.796875
1462.7988138198853,2,2383.9,26551.8359375,91738.796875
1463.8218131065369,2,2891.4,26772.1796875,91738.796875
1464.8466675281525,2,3210.8,26654.34765625,91738.796875
1465.8555614948273,2,2549.8,26885.27734375,91738.796875
1466.8667995929718,2,3848.2,28119.8984375,91738.796875
1467.885797739029,2,2843.6,29046.90234375,91738.796875
1468.894902229309,2,959.2,29337.2578125,91738.796875
1469.901973247528,2,1060.8,29347.34765625,91738.796875
1470.9105372428894,2,1095.3,29540.7890625,91738.796875
1471.9286682605743,2,1328.1,29292.83203125,91738.796875
1472.9398233890533,2,613.4,29406.765625,91738.796875
1473.9477994441986,2,2992.8,29802.33203125,91738.796875
1474.959797859192,2,4087.6,29891.3984375,91738.796875
1475.9761407375336,2,1186.1,30416.98828125,91738.796875
1476.984407901764,2,681.2,30708.52734375,91738.796875
1477.9929838180542,2,423.2,8566.40234375,93786.8125
1479.0028002262115,2,1212.7,8540.46875,91738.796875
1480.052799463272,2,3487.8,10835.63671875,91738.796875
1481.0648045539856,2,4122.2,13041.33203125,91738.796875
1482.0848293304443,2,4368.8,12762.70703125,91738.796875
1483.0960729122162,2,4169.5,14954.640625,91738.796875
1484.1168129444122,2,3487.6,15220.23828125,91738.796875
1485.1327993869781,2,2821.0,15494.05078125,91738.796875
1486.1431336402893,2,3119.0,16565.375,91738.796875
1487.1527967453003,2,1465.0,16458.23046875,91738.796875
1488.1627686023712,2,3031.2,16669.734375,91738.796875
1489.1736121177673,2,1527.2,16994.86328125,91738.796875
1490.1818957328796,2,902.8,8403.41015625,91738.796875
1491.1898984909058,2,2163.3,9752.1796875,91738.796875
1492.1988008022308,2,4036.8,11438.81640625,91738.796875
1493.2168056964874,2,4413.1,15746.4375,91738.796875
1494.2423777580261,2,4218.7,14354.21875,91738.796875
1495.2555861473083,2,3990.9,14971.6328125,91738.796875
1496.2646577358246,2,2846.7,15131.62109375,91738.796875
1497.271799325943,2,3354.5,15916.0078125,91738.796875
1498.290108680725,2,1868.1,16365.3984375,91738.796875
1499.2978010177612,2,1627.3,16522.3671875,91738.796875
1500.313383102417,2,3470.2,16725.34765625,91738.796875
1501.3192546367645,2,651.7,9015.63671875,93786.8125
1502.327358007431,2,761.3,9454.68359375,91738.796875
1503.3357994556427,2,1156.9,10092.73046875,91738.796875
1504.385060787201,2,3531.0,11265.74609375,91738.796875
1505.3928213119507,2,3009.2,15012.5234375,91738.796875
1506.4164242744446,2,3958.6,16558.34765625,91738.796875
1507.4254171848297,2,4108.6,16914.48046875,91738.796875
1508.4488883018494,2,4164.4,20205.81640625,91738.796875
1509.474105834961,2,4133.0,23619.97265625,91738.796875
1510.4988341331482,2,4220.6,28366.62109375,91738.796875
1511.523815870285,2,4235.0,30251.3828125,91738.796875
1512.5458018779755,2,3760.2,22345.78515625,91738.796875
1513.5568761825562,2,4100.3,24262.1953125,91738.796875
1514.5837965011597,2,3657.4,25972.05859375,91738.796875
1515.6028001308441,2,4010.0,26123.6796875,91738.796875
1516.6211104393005,2,4100.3,26277.74609375,91738.796875
1517.6408126354218,2,2339.6,26567.2265625,91738.796875
1518.6678121089935,2,2927.3,26857.25,91738.796875
1519.6927335262299,2,3565.9,26953.19921875,91738.796875
1520.7017538547516,2,2182.4,26974.84765625,91738.796875
1521.7227976322174,2,4183.0,27656.953125,91738.796875
1522.734182357788,2,2713.4,28718.80078125,91738.796875
1523.7426149845123,2,1257.5,29442.62109375,91738.796875
1524.750939130783,2,1012.3,29433.1796875,91738.796875
1525.7597992420197,2,1151.1,29535.7578125,91738.796875
1526.7778491973877,2,1460.1,29389.98046875,91738.796875
1527.7865436077118,2,817.4,29283.5234375,91738.796875
1528.7948031425476,2,3612.3,29969.03125,91738.796875
1529.819031715393,2,3711.8,30012.19921875,91738.796875
1530.8381896018982,2,682.7,30350.7421875,91738.796875
1531.8458189964294,2,787.3,30734.34375,91738.796875
1532.855550289154,2,323.2,7639.26953125,91738.796875
1533.8641130924225,2,1138.4,9464.21484375,91738.796875
1534.8728051185608,2,2030.6,9726.5,91738.796875
1535.914796113968,2,2313.0,12540.36328125,91738.796875
1536.9258196353912,2,4258.2,15386.01171875,91738.796875
1537.934799194336,2,3995.0,16148.0625,91738.796875
1538.9538056850433,2,4355.8,19140.9765625,91738.796875
1539.9788012504578,2,4272.7,22818.37109375,91738.796875
1540.99880027771,2,4315.5,27070.66796875,91738.796875
1542.0238060951233,2,4293.0,30359.52734375,91738.796875
1543.0447971820831,2,3587.9,19438.86328125,91738.796875
1544.0572731494904,2,4346.9,23165.51953125,91738.796875
1545.0707981586456,2,3618.6,24739.46875,91738.796875
1546.0897982120514,2,4097.5,24962.265625,91738.796875
1547.1081738471985,2,3810.8,25192.80859375,91738.796875
1548.116492509842,2,3011.4,25350.8984375,91738.796875
1549.1258039474487,2,2588.1,25668.05078125,91738.796875
1550.145807504654,2,3010.2,25708.38671875,91738.796875
1551.1700885295868,2,3138.4,26035.859375,91738.796875
1552.1887986660004,2,3402.7,27241.50390625,91738.796875
1553.2073533535004,2,1808.5,28133.578125,91738.796875
1554.2158074378967,2,921.8,28113.86328125,91738.796875
1555.2230627536774,2,958.5,28229.36328125,91738.796875
1556.2308285236359,2,1462.7,28150.078125,91738.796875
1557.242073059082,2,690.3,28161.2890625,91738.796875
1558.2517988681793,2,2843.2,28623.91015625,91738.796875
1559.261526107788,2,3862.6,28813.375,91738.796875
1560.2690122127533,2,799.7,29090.1171875,91738.796875
1561.2769088745117,2,789.1,29550.1328125,91738.796875
1562.2843611240387,2,306.5,7742.3984375,91738.796875
1563.2926468849182,2,984.8,9730.57421875,91738.796875
1564.3009555339813,2,1673.4,10016.47265625,91738.796875
1565.350313425064,2,2758.7,12177.2421875,91738.796875
1566.358121395111,2,3776.8,15125.4765625,91738.796875
1567.3768000602722,2,3861.9,16663.2734375,91738.796875
1568.3952686786652,2,4124.2,17138.609375,91738.796875
1569.4178042411804,2,4177.3,21038.1875,91738.796875
1570.438803911209,2,4228.5,24488.015625,91738.796875
1571.459804058075,2,4211.2,28567.16015625,91738.796875
1572.4858043193817,2,4139.5,29636.00390625,91738.796875
1573.5068128108978,2,3786.0,20824.953125,91738.796875
1574.5228114128113,2,4317.8,24827.21484375,91738.796875
1575.539797782898,2,3736.8,25851.6328125,91738.796875
1576.558801651001,2,3994.6,26071.9140625,91738.796875
1577.5788042545319,2,3729.5,26408.19921875,91738.796875
1578.6048135757446,2,2587.8,26623.1171875,91738.796875
1579.6348853111267,2,3021.7,26861.1328125,91738.796875
1580.6436536312103,2,2741.7,26809.734375,91738.796875
1581.6527962684631,2,3094.9,27084.44140625,91738.796875
1582.6671092510223,2,3513.0,28297.83984375,91738.796875
1583.6748673915863,2,2795.3,29177.28515625,91738.796875
1584.6819670200348,2,1005.0,29334.8828125,91738.796875
1585.6878793239594,2,994.7,29328.26171875,91738.796875
1586.69522023201,2,1052.4,29391.29296875,91738.796875
1587.7034268379211,2,1295.3,29361.69921875,91738.796875
1588.7116281986237,2,743.4,29237.74609375,91738.796875
1589.7198028564453,2,3657.6,29950.765625,91738.796875
1590.7440350055695,2,3798.5,29998.95703125,91738.796875
1591.7632510662079,2,713.7,30419.51171875,91738.796875
1592.7705392837524,2,780.9,30754.44140625,91738.796875
1593.7784304618835,2,245.0,8014.9375,91738.796875
1594.7864174842834,2,1001.0,9505.8828125,91738.796875
1595.7947990894318,2,2828.8,9703.65234375,91738.796875
1596.8438093662262,2,2318.8,13444.54296875,91738.796875
1597.8618023395538,2,4115.3,15672.59375,91738.796875
1598.880805015564,2,4122.9,16143.70703125,91738.796875
1599.9008083343506,2,4217.0,19443.13671875,91738.796875
1600.925154209137,2,4199.3,22982.71875,91738.796875
1601.953805923462,2,4372.8,27881.5546875,91738.796875
1602.982801914215,2,4126.0,28726.078125,91738.796875
1603.993824481964,2,3869.3,20396.98828125,91738.796875
1605.018993139267,2,4364.6,23801.78125,91738.796875
1606.0348029136658,2,3763.8,24704.8359375,91738.796875
1607.053456544876,2,3882.7,25010.6640625,91738.796875
1608.072125196457,2,3241.7,25259.58203125,91738.796875
1609.084617614746,2,2724.0,25628.234375,91738.796875
1610.093813419342,2,3664.7,25722.19140625,91738.796875
1611.1205406188965,2,2539.7,25621.859375,91738.796875
1612.1303505897522,2,3750.3,26311.875,91738.796875
1613.1403548717499,2,2924.0,27405.71484375,91738.796875
1614.149091720581,2,1257.3,28119.51171875,91738.796875
1615.1587991714478,2,1048.1,28097.77734375,91738.796875
1616.1665334701538,2,1116.5,28217.83984375,91738.796875
1617.1758961677551,2,1333.9,28128.515625,91738.796875
1618.18417263031,2,1257.5,28225.08984375,91738.796875
1619.1933512687683,2,3823.1,28672.7578125,91738.796875
1620.2032973766327,2,2673.9,29128.140625,91738.796875
1621.2118577957153,2,579.3,29359.69140625,91738.796875
1622.2199184894562,2,611.4,16876.8984375,91738.796875
1623.2274725437164,2,573.6,8631.203125,91738.796875
1624.2351171970367,2,961.3,9358.28515625,91738.796875
1625.2442054748535,2,3444.6,10632.87890625,91738.796875
1626.257817029953,2,3048.7,14209.8828125,91738.796875
1627.2758030891418,2,3959.0,15832.22265625,91738.796875
1628.2948088645935,2,4168.0,16840.453125,91738.796875
1629.3198029994965,2,4216.7,20912.91015625,91738.796875
1630.344916343689,2,4209.2,25444.5859375,91738.796875
1631.365808725357,2,4287.9,29620.73828125,91738.796875
1632.3908154964447,2,3824.1,25334.76171875,91738.796875
1633.4108061790466,2,3813.7,20360.984375,91738.796875
1634.436609506607,2,3879.0,24306.58984375,91738.796875
1635.4458057880402,2,3942.2,24634.046875,91738.796875
1636.4687986373901,2,3856.2,25039.48046875,91738.796875
1637.4871923923492,2,2888.6,25287.68359375,91738.796875
1638.5116791725159,2,2917.1,25582.96484375,91738.796875
1639.5373878479004,2,3666.5,25696.80078125,91738.796875
1640.5458047389984,2,2043.6,25696.09765625,91738.796875
1641.570322751999,2,3840.2,26622.3828125,91738.796875
1642.5787980556488,2,2600.8,27812.484375,91738.796875
1643.5978002548218,2,1172.5,28089.46484375,91738.796875
1644.605021238327,2,1084.8,28100.86328125,91738.796875
1645.6167995929718,2,1263.8,28293.296875,91738.796875
1646.6370601654053,2,1036.8,28265.54296875,91738.796875
1647.6458113193512,2,1548.9,28288.80859375,91738.796875
1648.662478685379,2,3835.8,28597.68359375,91738.796875
1649.6729323863983,2,2321.3,29150.85546875,91738.796875
1650.6806449890137,2,592.2,29349.140625,91738.796875
1651.6887440681458,2,628.5,14542.28125,91738.796875
1652.697437763214,2,677.8,8760.8359375,91738.796875
1653.7098014354706,2,1790.9,9486.546875,91738.796875
1654.7418019771576,2,2684.8,11999.65234375,91738.796875
1655.753800868988,2,4275.5,14342.69921875,91738.796875
1656.7743892669678,2,4275.8,15877.19921875,91738.796875
1657.805436372757,2,4377.8,19805.37890625,91738.796875
1658.8268015384674,2,4387.4,24680.41015625,91738.796875
1659.8477969169617,2,3948.3,16881.16015625,91738.796875
1660.8591132164001,2,3971.4,20497.6796875,91738.796875
1661.8689777851105,2,4269.5,20602.70703125,91738.796875
1662.8922016620636,2,3049.7,20911.4140625,91738.796875
1663.8998155593872,2,3237.7,21061.12109375,91738.796875
1664.9258124828339,2,2795.9,21177.24609375,91738.796875
1665.9339697360992,2,3287.3,21608.91796875,91738.796875
1666.9441871643066,2,2820.0,22639.94140625,91738.796875
1667.9522125720978,2,848.1,22533.79296875,91738.796875
1668.9604058265686,2,1187.9,22562.953125,91738.796875
1669.971010684967,2,1206.9,22506.69140625,91738.796875
1670.9808082580566,2,3043.6,22712.51953125,91738.796875
1672.013500213623,2,3072.2,22925.015625,91738.796875
1673.025316476822,2,646.1,17716.90234375,91738.796875
1674.0327236652374,2,522.0,8670.01171875,91738.796875
1675.0404286384583,2,846.2,9481.23828125,91738.796875
1676.0484912395477,2,3667.6,10308.66015625,91738.796875
1677.056406736374,2,2809.9,14292.17578125,91738.796875
1678.0818002223969,2,3967.5,15910.2265625,91738.796875
1679.1084206104279,2,4221.4,16891.07421875,91738.796875
1680.134667634964,2,4234.5,20824.546875,91738.796875
1681.1578035354614,2,4312.3,25459.09765625,91738.796875
1682.1829731464386,2,4418.2,30044.6875,91738.796875
1683.207930803299,2,3918.9,24848.9921875,91738.796875
1684.2288055419922,2,4022.3,20540.078125,91738.796875
1685.2430925369263,2,3744.8,24630.08984375,91738.796875
1686.251803636551,2,4380.2,24607.265625,91738.796875
1687.2718014717102,2,3814.7,25041.51953125,91738.796875
1688.290813446045,2,3014.9,25263.90234375,91738.796875
1689.3178126811981,2,2893.4,25528.64453125,91738.796875
1690.3431332111359,2,3391.2,25407.39453125,91738.796875
1691.3528158664703,2,2441.1,25658.1484375,91738.796875
1692.363802909851,2,3855.8,26832.34765625,91738.796875
1693.3818612098694,2,2569.6,27885.36328125,91738.796875
1694.3886260986328,2,902.6,28278.3125,91738.796875
1695.3967518806458,2,1106.1,28065.27734375,91738.796875
1696.403004169464,2,1396.9,28129.41015625,91738.796875
1697.41179895401,2,948.3,28192.8515625,91738.796875
1698.4254677295685,2,2362.5,28533.39453125,91738.796875
1699.4362246990204,2,4115.9,28550.84375,91738.796875
1700.4467277526855,2,1125.2,29155.5,91738.796875
1701.4544520378113,2,667.2,29440.96875,91738.796875
1702.4632227420807,2,423.7,8595.125,93786.8125
1703.4709050655365,2,834.1,9192.15625,91738.796875
1704.4807999134064,2,1942.0,9564.79296875,91738.796875
1705.5077974796295,2,2309.0,12377.546875,91738.796875
1706.5187141895294,2,4238.1,15324.5625,91738.796875
1707.5278029441833,2,3907.7,15994.25,91738.796875
1708.5478081703186,2,4338.1,18706.515625,91738.796875
1709.573165178299,2,4214.6,22477.703125,91738.796875
1710.6038053035736,2,4252.5,27499.17578125,91738.796875
1711.6368074417114,2,4166.4,28570.80078125,91738.796875
1712.6567878723145,2,3585.4,19468.03515625,91738.796875
1713.671380996704,2,4303.8,23195.44140625,91738.796875
1714.685138463974,2,3668.2,24792.37109375,91738.796875
1715.7037987709045,2,4063.0,25020.1796875,91738.796875
1716.7222588062286,2,3791.0,25307.828125,91738.796875
1717.7308371067047,2,3001.1,25455.5,91738.796875
1718.7398059368134,2,2627.9,25775.265625,91738.796875
1719.7645001411438,2,3055.2,25797.34375,91738.796875
1720.7917947769165,2,3284.7,26212.4765625,91738.796875
1721.8071837425232,2,3315.7,27282.203125,91738.796875
1722.8153584003448,2,1646.1,28194.15234375,91738.796875
1723.8236944675446,2,912.2,28147.6796875,91738.796875
1724.832388162613,2,957.6,28256.0234375,91738.796875
1725.840054988861,2,1539.0,28130.14453125,91738.796875
1726.847811460495,2,758.2,28046.65234375,91738.796875
1727.8548011779785,2,3231.1,28688.1015625,91738.796875
1728.879182100296,2,3640.1,28825.87109375,91738.796875
1729.8883655071259,2,669.7,29211.6953125,91738.796875
1730.9008660316467,2,744.0,29514.0703125,91738.796875
1731.911546945572,2,249.6,7989.6484375,91738.796875
1732.9210994243622,2,979.1,9636.02734375,91738.796875
1733.9291470050812,2,2736.4,9810.1171875,91738.796875
1734.9787991046906,2,2173.9,12866.8671875,91738.796875
1735.9901061058044,2,4091.8,15805.140625,91738.796875
1736.9998006820679,2,4106.6,16315.16796875,91738.796875
1738.018804550171,2,4309.2,18896.109375,91738.796875
1739.0562682151794,2,4265.4,22819.0703125,91738.796875
1740.0804207324982,2,4256.6,26856.73046875,91738.796875
1741.1078016757965,2,4320.8,31417.609375,91738.796875
1742.137800693512,2,3772.9,23598.81640625,91738.796875
1743.1498057842255,2,4027.9,23600.21484375,91738.796875
1744.1775126457214,2,3537.6,25228.7734375,91738.796875
1745.1967384815216,2,4187.7,25325.39453125,91738.796875
1746.2117984294891,2,4051.1,25585.0625,91738.796875
1747.2383778095245,2,2693.8,25850.890625,91738.796875
1748.2645769119263,2,3054.6,26069.0,91738.796875
1749.2902104854584,2,3255.4,26175.9296875,91738.796875
1750.2988021373749,2,2265.3,26159.62109375,91738.796875
1751.323626756668,2,3814.4,27208.92578125,91738.796875
1752.3327963352203,2,2769.8,28347.38671875,91738.796875
1753.351178407669,2,1098.2,28637.34375,91738.796875
1754.3589625358582,2,986.9,28580.28125,91738.796875
1755.3658006191254,2,942.7,28809.65234375,91738.796875
1756.38356590271,2,1473.9,28574.63671875,91738.796875
1757.3908004760742,2,670.3,28547.86328125,91738.796875
1758.3998053073883,2,3004.4,29171.4765625,91738.796875
1759.414962053299,2,4100.0,29066.3359375,91738.796875
1760.4222402572632,2,794.3,29685.2578125,91738.796875
1761.4306836128235,2,768.2,30015.87109375,91738.796875
1762.4395332336426,2,337.2,9347.9453125,93786.8125
1763.4477469921112,2,1105.3,8744.98046875,91738.796875
1764.4556994438171,2,2677.6,10343.76953125,91738.796875
1765.4668009281158,2,4158.6,12231.5625,91738.796875
1766.4858100414276,2,4314.2,15509.3125,91738.796875
1767.5094635486603,2,4417.3,19637.4453125,91738.796875
1768.5338048934937,2,4174.7,16485.21484375,91738.796875
1769.5528008937836,2,4176.9,17390.5078125,91738.796875
1770.571813583374,2,3205.7,17690.95703125,91738.796875
1771.600504398346,2,3102.7,17819.91796875,91738.796875
1772.6127529144287,2,3470.3,18428.7578125,91738.796875
1773.6200304031372,2,2147.8,19177.08984375,91738.796875
1774.6280207633972,2,1055.1,19089.37890625,91738.796875
1775.635451078415,2,1353.7,18962.28125,91738.796875
1776.6437966823578,2,3415.4,19147.5859375,91738.796875
1777.6561620235443,2,1834.7,19498.1328125,91738.796875
1778.6649992465973,2,488.1,7824.7734375,91738.796875
1779.673062801361,2,1101.6,8958.2109375,91738.796875
1780.6808149814606,2,2630.9,11174.3671875,91738.796875
1781.6888000965118,2,4007.6,13938.57421875,91738.796875
1782.7072505950928,2,4285.3,14374.4453125,91738.796875
1783.7318017482758,2,4350.3,19041.04296875,91738.796875
1784.752775669098,2,4300.7,23227.45703125,91738.796875
1785.7778043746948,2,3872.5,16696.88671875,91738.796875
1786.790804862976,2,4193.1,19979.18359375,91738.796875
1787.8096425533295,2,4185.2,20095.69140625,91738.796875
1788.8255052566528,2,3013.8,20313.05078125,91738.796875
1789.8518071174622,2,3161.0,20485.79296875,91738.796875
1790.876312494278,2,2491.5,20532.3203125,91738.796875
1791.8828003406525,2,3893.1,21384.953125,91738.796875
1792.9011373519897,2,1382.8,21916.33984375,91738.796875
1793.9098896980286,2,1116.8,21781.296875,91738.796875
1794.9172234535217,2,1414.1,21745.92578125,91738.796875
1795.9247996807098,2,2118.3,21865.90625,91738.796875
1796.939798116684,2,3841.8,22088.375,91738.796875
1797.9490585327148,2,674.2,22324.921875,91738.796875
1798.9577980041504,2,623.0,8330.9765625,91738.796875
1799.9658000469208,2,1917.7,9245.5625,91738.796875
1801.0035293102264,2,2767.9,12403.14453125,91738.796875
1802.023798942566,2,4162.1,13888.62109375,91738.796875
1803.0420389175415,2,4300.6,16264.91796875,91738.796875
1804.0588014125824,2,4348.3,20877.0390625,91738.796875
1805.0788054466248,2,4161.0,22552.64453125,91738.796875
1806.102617740631,2,4107.8,18644.44140625,91738.796875
1807.1188197135925,2,4210.7,19804.30078125,91738.796875
1808.1385488510132,2,3641.7,20078.140625,91738.796875
1809.1466879844666,2,2807.2,20268.28125,91738.796875
1810.1558079719543,2,2679.3,20404.3515625,91738.796875
1811.1830637454987,2,3422.1,20808.859375,91738.796875
1812.1932985782623,2,2838.9,21777.2734375,91738.796875
1813.2016441822052,2,844.6,21767.42578125,91738.796875
1814.2104680538177,2,1303.2,21717.0703125,91738.796875
1815.2198023796082,2,1066.1,21506.53125,91738.796875
1816.2278971672058,2,3796.6,21783.91796875,91738.796875
1817.2425923347473,2,1889.2,22022.88671875,91738.796875
1818.2503399848938,2,450.1,7660.86328125,91738.796875
1819.2589790821075,2,1086.2,8889.8046875,91738.796875
1820.267186164856,2,2626.8,10499.734375,91738.796875
1821.27587723732,2,3534.2,13620.86328125,91738.796875
1822.28280377388,2,4159.1,14014.72265625,91738.796875
1823.3118045330048,2,4303.9,18694.53125,91738.796875
1824.345838546753,2,4269.8,22976.7421875,91738.796875
1825.3843159675598,2,3874.8,16392.734375,91738.796875
1826.3987979888916,2,4102.0,19703.27734375,91738.796875
1827.4258017539978,2,4118.8,19817.9375,91738.796875
1828.4358155727386,2,2838.7,20057.6015625,91738.796875
1829.4619843959808,2,3176.7,20246.421875,91738.796875
1830.486805677414,2,2488.0,20301.15625,91738.796875
1831.4987978935242,2,3829.4,21136.7890625,91738.796875
1832.5172617435455,2,1378.8,21560.2109375,91738.796875
1833.5268578529358,2,1165.7,21442.32421875,91738.796875
1834.533974647522,2,1401.9,21448.34765625,91738.796875
1835.5438077449799,2,2788.7,21613.21875,91738.796875
1836.5593020915985,2,2992.3,21902.53515625,91738.796875
1837.5671074390411,2,639.5,7785.875,93786.8125
1838.5756485462189,2,883.9,8813.23046875,91738.796875
1839.5907971858978,2,2541.2,9293.265625,91738.796875
1840.613873243332,2,2631.4,12928.96875,91738.796875
1841.6298060417175,2,4200.3,14120.484375,91738.796875
1842.6534419059753,2,4389.3,17026.9609375,91738.796875
1843.6778013706207,2,4295.5,21245.22265625,91738.796875
1844.7028002738953,2,4006.5,21819.234375,91738.796875
1845.721801996231,2,4200.0,18806.5859375,91738.796875
1846.7388079166412,2,4240.5,19933.99609375,91738.796875
1847.758521080017,2,3441.5,20227.984375,91738.796875
1848.7726256847382,2,2800.7,20478.1875,91738.796875
1849.7793235778809,2,2904.9,20556.953125,91738.796875
1850.8047969341278,2,3460.0,20912.44921875,91738.796875
1851.8194115161896,2,2728.1,21872.50390625,91738.796875
1852.8269193172455,2,841.0,21836.49609375,91738.796875
1853.8351917266846,2,1299.0,21671.09375,91738.796875
1854.844803571701,2,991.6,21668.11328125,91738.796875
1855.857806444168,2,3255.4,21957.48828125,91738.796875
1856.8770551681519,2,2520.6,22114.64453125,91738.796875
1857.886578321457,2,624.9,7988.1328125,93786.8125
1858.8945999145508,2,1011.2,8498.2109375,91738.796875
1859.9024214744568,2,2682.4,10279.60546875,91738.796875
1860.914286851883,2,4112.6,11990.03125,91738.796875
1861.9338088035583,2,4371.9,15557.3203125,91738.796875
1862.958813905716,2,4393.2,19353.13671875,91738.796875
1863.9839177131653,2,4176.0,16622.859375,91738.796875
1864.9967992305756,2,4099.3,17216.66015625,91738.796875
1866.0158183574677,2,3211.5,17474.71875,91738.796875
1867.0428051948547,2,2941.5,17662.15625,91738.796875
1868.0670506954193,2,3517.5,18427.1328125,91738.796875
1869.0855391025543,2,1648.4,18892.87890625,91738.796875
1870.0936307907104,2,1303.1,18813.62109375,91738.796875
1871.1012585163116,2,1633.2,18959.21875,91738.796875
1872.119636297226,2,3878.1,18986.43359375,91738.796875
1873.1281406879425,2,882.7,19302.73828125,91738.796875
1874.1409137248993,2,810.1,8295.84765625,91738.796875
1875.150629043579,2,2449.1,8946.609375,91738.796875
1876.1587011814117,2,3271.1,11920.98828125,91738.796875
1877.1778075695038,2,4266.5,14224.49609375,91738.796875
1878.2018015384674,2,4382.7,18973.98046875,91738.796875
1879.2279987335205,2,3992.9,15063.6328125,91738.796875
1880.2427983283997,2,4172.8,17274.2109375,91738.796875
1881.2614884376526,2,3682.1,17547.51171875,91738.796875
1882.2702655792236,2,2882.5,17836.73828125,91738.796875
1883.281795501709,2,3141.8,17993.6171875,91738.796875
1884.2927968502045,2,3418.6,19019.42578125,91738.796875
1885.3085474967957,2,1059.0,18973.5625,91738.796875
1886.316160440445,2,1357.1,19016.82421875,91738.796875
1887.3267045021057,2,2320.4,19205.3203125,91738.796875
1888.3371369838715,2,3073.2,19340.2734375,91738.796875
1889.3450553417206,2,616.8,8530.81640625,93786.8125
1890.3534710407257,2,1085.3,8428.86328125,91738.796875
1891.3618042469025,2,3281.9,10669.984375,91738.796875
1892.373807668686,2,4094.1,12446.609375,91738.796875
1893.3949925899506,2,4469.6,16837.66796875,91738.796875
1894.4077987670898,2,3926.1,15076.65625,91738.796875
1895.4263145923615,2,3490.3,15310.1015625,91738.796875
1896.4348092079163,2,2996.2,15537.62890625,91738.796875
1897.4604892730713,2,3672.8,16264.484375,91738.796875
1898.473168849945,2,1373.8,16677.59765625,91738.796875
1899.4818623065948,2,1829.8,16721.78125,91738.796875
1900.4919650554657,2,3419.0,17035.54296875,91738.796875
1901.5003130435944,2,625.6,9055.6484375,93786.8125
1902.5088930130005,2,2178.2,8557.80859375,91738.796875
1903.5166516304016,2,2570.9,10779.40234375,91738.796875
1904.5317995548248,2,3825.2,13133.234375,91738.796875
1905.5428068637848,2,4265.6,15162.16015625,91738.796875
1906.5678007602692,2,4191.8,15395.9765625,91738.796875
1907.5818078517914,2,3963.2,16402.58203125,91738.796875
1908.593804359436,2,3034.6,16585.61328125,91738.796875
1909.6148054599762,2,2752.4,16789.68359375,91738.796875
1910.627626657486,2,3108.2,17543.21484375,92186.796875
1911.634953737259,2,3605.0,18587.453125,92186.796875
1912.6425652503967,2,2037.3,18930.73828125,92186.796875
1913.650327205658,2,2007.3,19150.40625,92186.796875
1914.6628115177155,2,4115.7,19125.21875,92186.796875
1915.6768033504486,2,949.9,19480.890625,92186.796875
1916.685760974884,2,1388.2,8231.828125,92186.796875
1917.6957993507385,2,2682.0,8687.3359375,92186.796875
1918.7288019657135,2,3359.4,13019.8671875,92186.796875
1919.7488129138947,2,4197.7,14051.15234375,92186.796875
1920.7735693454742,2,4240.4,13810.1015625,92186.796875
1921.7868061065674,2,4073.4,16362.47265625,92186.796875
1922.7968122959137,2,3323.0,16588.90234375,92186.796875
1923.8232502937317,2,2817.6,16847.71484375,92186.796875
1924.8337981700897,2,3264.3,17381.40234375,92186.796875
1925.844799041748,2,3798.9,18476.99609375,92186.796875
1926.8631539344788,2,2389.9,18969.57421875,92186.796875
1927.8737998008728,2,1411.2,18978.6484375,92186.796875
1928.8838040828705,2,4001.4,19165.93359375,92186.796875
1929.8945138454437,2,1878.6,19410.44921875,92186.796875
1930.9027199745178,2,830.5,7948.93359375,92186.796875
1931.9117958545685,2,2340.8,8675.96875,92186.796875
1932.933551311493,2,3591.3,12507.05859375,92186.796875
1933.948805809021,2,4212.1,13238.17578125,92186.796875
1934.9729743003845,2,4363.1,16204.4765625,92186.796875
1935.9898025989532,2,4096.8,16427.76171875,92186.796875
1937.0098173618317,2,3486.2,16654.4609375,92186.796875
1938.035001039505,2,2995.2,16871.17578125,92186.796875
1939.0589191913605,2,3157.8,17298.8671875,92186.796875
1940.0693776607513,2,3966.6,18512.29296875,92186.796875
1941.0762791633606,2,2560.3,19070.78515625,92186.796875
1942.0843374729156,2,1277.5,18940.99609375,92186.796875
1943.0957996845245,2,4006.8,19222.8359375,92186.796875
1944.1112473011017,2,2020.5,19433.65625,92186.796875
1945.1201901435852,2,763.3,7967.203125,92186.796875
1946.129147052765,2,2106.3,8731.10546875,92186.796875
1947.1448097229004,2,3489.9,12334.53125,92186.796875
1948.1598088741302,2,4149.0,13275.82421875,92186.796875
1949.1798095703125,2,4350.5,17107.78125,92186.796875
1950.2048017978668,2,4147.6,16294.65234375,92186.796875
1951.226816892624,2,3443.0,16650.1875,92186.796875
1952.2635843753815,2,3315.4,16723.796875,92186.796875
1953.2742102146149,2,2768.5,17053.953125,92186.796875
1954.2852036952972,2,4141.9,18344.74609375,92186.796875
1955.2938027381897,2,2896.4,18937.84375,92186.796875
1956.301311969757,2,1296.9,18862.80078125,92186.796875
1957.312799692154,2,3698.8,19115.99609375,92186.796875
1958.32479763031,2,2361.7,19341.0,92186.796875
1959.3323912620544,2,569.3,7851.0,92186.796875
1960.3441302776337,2,2284.8,8583.8828125,92186.796875
1961.354798078537,2,3369.4,11915.98046875,92186.796875
1962.3678076267242,2,4176.3,13229.703125,92186.796875
1963.3878078460693,2,4357.8,16741.99609375,92186.796875
1964.4147989749908,2,4161.6,16222.140625,92186.796875
1965.441819190979,2,3443.5,16621.72265625,92186.796875
1966.4659283161163,2,3377.5,16719.61328125,92186.796875
1967.4744999408722,2,2805.6,17040.80859375,92186.796875
1968.484709262848,2,4118.8,18413.82421875,92186.796875
1969.4938020706177,2,2933.8,19016.69140625,92186.796875
1970.5019223690033,2,1292.2,18979.16015625,92186.796875
1971.5097970962524,2,3740.6,19243.640625,92186.796875
1972.522539615631,2,2362.1,19494.55859375,92186.796875
1973.5305252075195,2,542.2,7933.6953125,92186.796875
1974.5393154621124,2,2264.0,8644.16796875,92186.796875
1975.5497975349426,2,3226.3,11621.0859375,92186.796875
1976.5668058395386,2,4093.9,13281.51171875,92186.796875
1977.5868082046509,2,4410.1,16839.28515625,92186.796875
1978.61456990242,2,4011.3,16355.20703125,92186.796875
1979.6311392784119,2,3635.4,16712.44921875,92186.796875
1980.6372077465057,2,3325.7,16833.83984375,92186.796875
1981.6458086967468,2,2660.2,17082.18359375,92186.796875
1982.6613483428955,2,4247.5,18184.984375,92186.796875
1983.6708505153656,2,2983.2,19049.31640625,92186.796875
1984.6787865161896,2,1504.7,19040.91015625,92186.796875
1985.6869974136353,2,3189.5,19217.71484375,92186.796875
1986.6972951889038,2,3013.0,19436.1484375,92186.796875
1987.7054197788239,2,648.8,9238.21875,94234.8125
1988.713438987732,2,2225.2,8569.55078125,92186.796875
1989.7237997055054,2,2879.2,11173.84765625,92186.796875
1990.7358038425446,2,4175.6,13259.9921875,92186.796875
1991.75980758667,2,4321.9,16019.28515625,92186.796875
1992.7939856052399,2,4282.2,16029.57421875,92186.796875
1993.8048071861267,2,3653.2,16581.19140625,92186.796875
1994.8128066062927,2,3296.3,16706.10546875,92186.796875
1995.83265542984,2,2493.0,16961.53125,92186.796875
1996.8459239006042,2,4136.5,17982.4765625,92186.796875
1997.8567960262299,2,3349.7,18936.078125,92186.796875
1998.8749532699585,2,1431.2,18976.96484375,92186.796875
1999.8858807086945,2,2385.0,19184.5703125,92186.796875
2000.8968834877014,2,3951.4,19324.66015625,92186.796875
2001.9027090072632,2,749.4,19569.07421875,92186.796875
2002.9116871356964,2,1613.0,8349.81640625,92186.796875
2003.920910358429,2,2443.1,9129.0703125,92186.796875
2004.9289782047272,2,3650.8,13150.19921875,92186.796875
2005.9398062229156,2,4329.6,14298.35546875,92186.796875
2006.9655373096466,2,4279.4,13980.12890625,92186.796875
2007.9778099060059,2,4018.2,16465.59765625,92186.796875
2008.9974241256714,2,3305.7,16675.5703125,92186.796875
2010.0048043727875,2,2877.7,16961.98046875,92186.796875
2011.0265340805054,2,3322.1,17559.5703125,92186.796875
2012.0372698307037,2,3836.8,18648.10546875,92186.796875
2013.0558066368103,2,2235.1,19082.02734375,92186.796875
2014.0668075084686,2,1550.1,19117.57421875,92186.796875
2015.088800907135,2,4047.7,19284.984375,92186.796875
2016.1039335727692,2,1610.3,19492.546875,92186.796875
2017.1129159927368,2,920.8,8015.265625,92186.796875
2018.122801065445,2,2251.2,8685.34765625,92186.796875
2019.1548039913177,2,3497.9,12359.13671875,92186.796875
2020.1659679412842,2,4102.0,13243.7109375,92186.796875
2021.186806678772,2,4301.8,17110.00390625,92186.796875
2022.2108013629913,2,3908.1,16308.05078125,92186.796875
2023.227814912796,2,3449.2,16708.609375,92186.796875
2024.2518343925476,2,3266.6,16742.64453125,92186.796875
2025.2607173919678,2,2681.7,17056.3828125,92186.796875
2026.2738027572632,2,4275.6,18324.125,92186.796875
2027.2853465080261,2,2885.6,19140.484375,92186.796875
2028.2928938865662,2,1303.1,19067.40234375,92186.796875
2029.3038012981415,2,2746.9,19219.703125,92186.796875
2030.314442396164,2,3473.4,19476.94921875,92186.796875
2031.3220763206482,2,713.6,7907.1796875,94234.8125
2032.3295404911041,2,1917.3,8530.84375,92186.796875
2033.3384003639221,2,2144.4,9726.921875,92186.796875
2034.346798658371,2,4066.7,13188.08203125,92186.796875
2035.3658056259155,2,4282.2,14766.49609375,92186.796875
2036.3915004730225,2,4225.1,14580.3125,92186.796875
2037.4048018455505,2,4093.6,16420.38671875,92186.796875
2038.4238147735596,2,3366.0,16588.90625,92186.796875
2039.4502329826355,2,2820.8,16795.84375,92186.796875
2040.4607961177826,2,3569.7,17614.99609375,92186.796875
2041.4717967510223,2,3810.2,18531.29296875,92186.796875
2042.4905309677124,2,1793.4,18972.0,92186.796875
2043.5003068447113,2,1816.5,19199.40625,92186.796875
2044.5190968513489,2,4095.5,19110.34375,92186.796875
2045.529139995575,2,1156.5,19482.5,92186.796875
2046.5381681919098,2,1250.5,8103.4609375,92186.796875
2047.547364473343,2,2582.2,8655.890625,92186.796875
2048.563800573349,2,3377.2,12983.7109375,92186.796875
2049.5898196697235,2,4296.6,13858.09765625,92186.796875
2050.6256170272827,2,4259.4,13763.01171875,92186.796875
2051.638637781143,2,4173.1,16397.12109375,92186.796875
2052.66281580925,2,3294.1,16654.73828125,92186.796875
2053.6878077983856,2,3049.3,16931.67578125,92186.796875
2054.7091343402863,2,3216.3,17362.2578125,92186.796875
2055.719444990158,2,3948.9,18526.59765625,92186.796875
2056.739803314209,2,2319.0,18990.1171875,92186.796875
2057.747802257538,2,1331.1,18933.3828125,92186.796875
2058.754799604416,2,4065.4,19176.765625,92186.796875
2059.773431777954,2,1819.6,19390.96875,92186.796875
2060.7822682857513,2,907.2,7968.8671875,92186.796875
2061.796005964279,2,2356.9,8673.00390625,92186.796875
2062.8228545188904,2,3568.1,12523.92578125,92186.796875
2063.834806203842,2,4166.8,13225.5546875,92186.796875
2064.854805469513,2,4375.4,16791.6875,92186.796875
2065.870798110962,2,4023.7,16303.12109375,92186.796875
2066.892814874649,2,3498.5,16546.265625,92186.796875
2067.91730260849,2,3093.5,16730.03125,92186.796875
2068.9257156848907,2,3156.4,17138.515625,92186.796875
2069.9368014335632,2,4061.1,18412.125,92186.796875
2070.9555728435516,2,2550.4,18953.3046875,92186.796875
2071.9623782634735,2,1245.4,18911.640625,92186.796875
2072.972801208496,2,3831.9,19178.42578125,92186.796875
2073.983690261841,2,2249.1,19420.1640625,92186.796875
2074.991426229477,2,517.3,7870.27734375,92186.796875
2076.000621318817,2,2237.4,8580.05859375,92186.796875
2077.0088090896606,2,3558.0,12267.05078125,92186.796875
2078.028806209564,2,4191.3,13234.7890625,92186.796875
2079.0568096637726,2,4418.1,16951.01171875,92186.796875
2080.081801176071,2,4067.5,16333.87109375,92186.796875
2081.1008126735687,2,3608.2,16584.09765625,92186.796875
2082.1168134212494,2,3227.3,16689.78515625,92186.796875
2083.1271290779114,2,2996.3,17125.6953125,92186.796875
2084.1388006210327,2,4080.6,18395.89453125,92186.796875
2085.1599459648132,2,2682.1,18950.97265625,92186.796875
2086.167001247406,2,1139.7,18951.5546875,92186.796875
2087.1755018234253,2,3408.2,19088.65234375,92186.796875
2088.1857557296753,2,2678.0,19349.8515625,92186.796875
2089.19460606575,2,634.8,8854.91015625,94234.8125
2090.202866792679,2,2080.9,8851.11328125,92186.796875
2091.2117981910706,2,3980.2,11390.046875,92186.796875
2092.2302162647247,2,4258.8,12597.98046875,92186.796875
2093.243801355362,2,3790.2,14456.44921875,92186.796875
2094.251529932022,2,2988.0,14717.328125,92186.796875
2095.260098695755,2,3759.3,15366.5546875,92186.796875
2096.2709946632385,2,2952.6,16214.15234375,92186.796875
2097.2785518169403,2,2643.0,16197.90234375,92186.796875
2098.2896206378937,2,2702.2,16456.23828125,92186.796875
2099.297164916992,2,1179.5,8338.30078125,92186.796875
2100.306104660034,2,3119.2,10957.94140625,92186.796875
2101.3208060264587,2,4059.6,12644.43359375,92186.796875
2102.347806453705,2,4129.6,14166.70703125,92186.796875
2103.3570125102997,2,3435.3,14483.89453125,92186.796875
2104.366354942322,2,2877.4,14817.4609375,92186.796875
2105.3768026828766,2,4046.3,15847.65234375,92186.796875
2106.397863149643,2,1794.3,15995.671875,92186.796875
2107.405797481537,2,4075.7,15959.28515625,92186.796875
2108.4153883457184,2,966.7,9022.8203125,94234.8125
2109.423901081085,2,2086.7,8868.875,92186.796875
2110.4326083660126,2,4027.3,11403.48828125,92186.796875
2111.4519312381744,2,4236.7,12686.59375,92186.796875
2112.465726852417,2,3818.9,14307.1171875,92186.796875
2113.4726321697235,2,2999.4,14556.984375,92186.796875
2114.4807744026184,2,3781.1,15239.2578125,92186.796875
2115.491669178009,2,2926.0,15990.98046875,92186.796875
2116.501011610031,2,2758.1,16052.19921875,92186.796875
2117.5118770599365,2,2616.7,16327.6015625,92186.796875
2118.5195112228394,2,1292.8,8248.58984375,92186.796875
2119.5267992019653,2,3145.4,11179.06640625,92186.796875
2120.5458064079285,2,4212.3,12944.16796875,92186.796875
2121.570801973343,2,4014.2,14145.25390625,92186.796875
2122.5778062343597,2,3330.8,14330.58203125,92186.796875
2123.5976181030273,2,2912.2,14649.0078125,92186.796875
2124.6088013648987,2,4059.7,15704.59375,92186.796875
2125.6273243427277,2,1719.5,15881.48828125,92186.796875
2126.6373901367188,2,4008.6,15861.62109375,92186.796875
2127.6483006477356,2,1079.9,8701.765625,94234.8125
2128.656797170639,2,2748.2,9022.453125,92186.796875
2129.675557613373,2,3477.9,9947.95703125,92186.796875
2130.6887595653534,2,3261.4,10494.16796875,92186.796875
2131.6963880062103,2,2461.7,8976.7109375,94234.8125
2132.704128742218,2,2060.4,8815.4375,92186.796875
2133.7118003368378,2,3761.7,11546.9140625,92186.796875
2134.73024225235,2,4216.6,12477.12890625,92186.796875
2135.7435479164124,2,3804.9,14281.21875,92186.796875
2136.7538063526154,2,2897.9,14524.8515625,92186.796875
2137.7782304286957,2,3689.2,15111.640625,92186.796875
2138.7915897369385,2,3188.0,15929.03515625,92186.796875
2139.8007967472076,2,2258.8,15960.46875,92186.796875
2140.81134223938,2,3192.8,16255.54296875,92186.796875
2141.8193781375885,2,997.3,7955.16796875,92186.796875
2142.828799009323,2,3376.6,9806.8515625,92186.796875
2143.8388044834137,2,4110.8,11879.5390625,92186.796875
2144.858346223831,2,3001.1,12039.265625,92186.796875
2145.866797685623,2,3755.0,12888.359375,92186.796875
2146.8854393959045,2,2447.2,13207.22265625,92186.796875
2147.8963294029236,2,2811.2,13314.25390625,92186.796875
2148.9037351608276,2,1607.4,8514.80078125,92186.796875
2149.916804790497,2,3926.4,10890.64453125,92186.796875
2150.9468071460724,2,3856.6,12034.1015625,92186.796875
2151.9561908245087,2,3033.8,12329.44921875,92186.796875
2152.9665338993073,2,3545.7,13065.15234375,92186.796875
2153.9738023281097,2,3118.7,13099.15625,92186.796875
2154.9846756458282,2,1093.7,5276.8046875,85018.640625
2155.991874933243,2,69.5,4800.3125,85018.640625
2156.9994904994965,2,103.2,4643.83203125,85018.640625
