elapsed_time,nproc,cpu,mem_real,mem_virtual
3.790855407714844e-05,1,0.0,5.47265625,7.39453125
1.0060327053070068,4,0.0,438.5703125,4195.34765625
2.014336109161377,4,100.2,600.90625,4381.34765625
3.022643804550171,4,99.2,612.71484375,4441.34765625
4.030948162078857,4,99.1,616.88671875,4441.34765625
5.040109157562256,4,100.2,612.62109375,4441.34765625
6.048264741897583,4,99.9,621.16015625,4489.34765625
7.0594635009765625,4,99.9,614.09765625,4489.34765625
8.070162057876587,4,98.9,592.578125,4489.34765625
9.081602811813354,4,99.8,597.76953125,4489.34765625
10.093358039855957,4,98.9,648.421875,4489.34765625
11.10436725616455,4,99.8,701.95703125,4551.34765625
12.116146802902222,4,100.0,753.95703125,4615.34765625
13.126162767410278,4,99.9,807.95703125,4701.34765625
14.137365102767944,4,99.8,853.9609375,4701.34765625
15.1491539478302,4,99.9,907.9609375,4797.34765625
16.160258054733276,4,99.1,947.9609375,4797.34765625
17.1696879863739,2,2.0,52.421875,3358.109375
18.180330276489258,2,0.0,306.9296875,3782.65625
19.191508769989014,2,98.9,778.73828125,5216.6875
20.20258641242981,2,100.0,952.91796875,5856.6875
21.212374925613403,2,99.9,1208.9140625,7136.6875
22.22330141067505,2,99.9,1490.82421875,7136.6875
23.23413896560669,2,99.9,1728.8203125,9696.6875
24.245163679122925,2,99.1,1993.84765625,9696.6875
25.254119873046875,2,100.8,1895.5390625,9184.65625
26.265609741210938,2,99.0,1895.5390625,9184.65625
27.27609372138977,2,99.9,1885.47265625,9184.65625
28.287365913391113,2,100.0,1885.4765625,9184.640625
29.297351598739624,2,99.9,1885.4765625,9184.640625
30.30788254737854,2,101.0,1879.125,9184.640625
31.31793975830078,2,99.0,1965.90234375,9704.671875
32.32821869850159,2,99.9,2008.34765625,9752.671875
33.339993953704834,2,427.2,2379.84375,13250.1171875
34.36699867248535,2,4637.4,3136.8203125,14079.6171875
35.39300060272217,2,4742.6,3369.26171875,14338.1171875
36.42347025871277,2,4693.4,3658.5234375,14659.6171875
37.44810461997986,2,4646.9,3827.8203125,14900.6171875
38.474997997283936,2,4676.4,3876.35546875,15028.6171875
39.50200033187866,2,4730.8,3899.2265625,15097.6171875
40.529001235961914,2,4685.3,4004.9296875,15300.6171875
41.55367827415466,2,4650.1,4032.89453125,15328.6171875
42.58200550079346,2,4649.8,4076.69921875,15487.6171875
43.60900259017944,2,4719.3,4176.66796875,15655.6171875
44.63599967956543,2,4684.7,4142.8828125,15698.6171875
45.661001205444336,2,4661.5,4239.78515625,15842.6171875
46.68799877166748,2,4672.3,4263.84375,15928.6171875
47.7119996547699,2,4679.5,4217.84375,15968.6171875
48.739001750946045,2,4716.9,4404.96875,16176.6171875
49.76600193977356,2,4647.4,4422.37890625,16256.6171875
50.815001249313354,2,4664.5,4358.0,16274.6171875
51.84200191497803,2,4662.4,4341.390625,16280.6171875
52.86900281906128,2,4702.8,4334.77734375,16351.6171875
53.89500427246094,2,4643.1,4429.26953125,16417.6171875
54.922001123428345,2,4676.7,4398.40234375,16425.6171875
55.94999814033508,2,4655.9,4429.30859375,16439.6171875
56.97700572013855,2,4709.4,4465.109375,16508.6171875
58.00200033187866,2,4701.6,4420.69140625,16544.6171875
59.02700185775757,2,4641.6,4396.68359375,16572.6171875
60.054001808166504,2,4667.2,4591.41796875,16708.6171875
61.081003189086914,2,4724.8,4592.984375,16836.6171875
62.107996463775635,2,4679.8,4572.59375,16929.6171875
63.13299798965454,2,4653.5,4655.2890625,17003.6171875
64.15999817848206,2,4667.6,4675.66015625,17017.6171875
65.18700194358826,2,4693.2,4672.47265625,17115.6171875
66.21402549743652,2,4676.3,4762.17578125,17223.6171875
67.23500227928162,2,4662.3,4701.83203125,17245.6171875
68.26200342178345,2,4671.6,4670.27734375,17257.6171875
69.28999471664429,2,4684.1,4627.9765625,17345.6171875
70.31799840927124,2,4713.9,4737.1796875,17447.6171875
71.34500694274902,2,4657.8,4548.9921875,17479.6171875
72.37400031089783,2,4668.5,4604.3828125,17537.6171875
73.40100049972534,2,4654.1,4616.4765625,17625.6171875
74.4280035495758,2,4714.7,4630.46484375,17669.6171875
75.45600128173828,2,4687.9,4609.16015625,17669.6171875
76.48092484474182,2,4639.0,4586.01953125,17729.6171875
77.50900030136108,2,4656.0,4525.08984375,17729.6171875
78.53931498527527,2,4683.7,4538.58984375,17749.6171875
79.56600403785706,2,4668.9,4596.70703125,17835.6171875
80.59100270271301,2,4603.0,4616.6640625,17855.6171875
81.62000298500061,2,4615.2,4755.20703125,17955.6171875
82.64699983596802,2,4723.4,4788.171875,17981.6171875
83.67399859428406,2,4688.4,4742.73046875,17997.6171875
84.69884824752808,2,4656.9,4843.3984375,18071.6171875
85.725998878479,2,4673.2,4728.87109375,18071.6171875
86.75400519371033,2,4649.3,4764.8984375,18145.6171875
87.7810001373291,2,4673.0,4794.11328125,18181.6171875
88.81100106239319,2,4628.8,4833.16015625,18233.6171875
89.83800029754639,2,4668.6,4808.00390625,18233.6171875
90.86500024795532,2,4692.0,4842.89453125,18305.6171875
91.89206767082214,2,4685.9,5066.3359375,18577.6171875
92.91661310195923,2,4667.3,4983.55078125,18577.6171875
93.9450011253357,2,4650.0,5005.546875,18617.6171875
94.97088289260864,2,4650.3,5122.55078125,18841.6171875
95.99900507926941,2,4671.8,5268.2734375,18871.6171875
97.02400255203247,2,4658.6,5376.890625,19139.6171875
98.05100011825562,2,4665.9,5410.85546875,19191.6171875
99.08000111579895,2,4636.6,5588.05078125,19339.6171875
100.10700058937073,2,4720.2,5560.265625,19403.6171875
101.13399910926819,2,4675.0,5366.9765625,19403.6171875
102.15899705886841,2,4639.0,5526.04296875,19417.6171875
103.18599772453308,2,4660.4,5513.82421875,19433.6171875
104.21300482749939,2,4708.2,5435.35546875,19463.6171875
105.24000024795532,2,4678.6,5580.24609375,19671.6171875
106.26478743553162,2,4625.7,5613.75390625,19671.6171875
107.29599523544312,2,4646.8,5579.15625,19671.6171875
108.3289999961853,2,4720.3,5481.51171875,19701.6171875
109.35599780082703,2,4691.0,5401.3203125,19701.6171875
110.38091325759888,2,4659.5,5366.18359375,19749.6171875
111.40900778770447,2,4667.2,5338.8203125,19753.6171875
112.43600082397461,2,4660.6,5397.578125,19835.6171875
113.46300315856934,2,4705.2,5687.62890625,20143.6171875
114.49000191688538,2,4652.4,5663.20703125,20167.6171875
115.5170030593872,2,4659.5,5912.76953125,20371.6171875
116.54400205612183,2,4655.5,5914.140625,20611.6171875
117.57100296020508,2,4712.3,5957.9140625,20611.6171875
118.59799647331238,2,4625.0,5994.0703125,20667.6171875
119.62500095367432,2,4659.5,6070.98046875,20697.6171875
120.65200161933899,2,4658.3,5803.2734375,20697.6171875
121.67899775505066,2,4702.1,5901.7578125,20733.6171875
122.70600509643555,2,4639.7,6127.61328125,20785.6171875
123.73300004005432,2,4626.6,6064.00390625,20785.6171875
124.76000142097473,2,4618.3,6032.3984375,20785.6171875
125.78699612617493,2,4709.6,6149.48046875,20859.6171875
126.81399726867676,2,4639.2,6135.9765625,20919.6171875
127.83999919891357,2,4647.5,6513.4453125,21179.6171875
128.86700057983398,2,4642.9,6553.62890625,21179.6171875
129.8939983844757,2,4685.7,6582.36328125,21179.6171875
130.9210970401764,2,4661.8,6546.859375,21191.6171875
131.94820094108582,2,4640.8,6569.89453125,21303.6171875
132.97500348091125,2,4648.9,6547.984375,21303.6171875
134.00200271606445,2,4682.5,6540.09375,21347.6171875
135.0300190448761,2,4673.7,6444.76953125,21363.6171875
136.05400228500366,2,4613.6,6523.2890625,21425.6171875
137.08200788497925,2,4650.1,6561.43359375,21425.6171875
138.09600281715393,2,4715.5,6566.0078125,21487.6171875
139.12199568748474,2,4679.9,6493.27734375,21487.6171875
140.1470022201538,2,4642.6,6475.77734375,21487.6171875
141.17400646209717,2,4660.9,6445.55078125,21487.6171875
142.20100831985474,2,4688.8,6362.68359375,21507.6171875
143.22800302505493,2,4695.0,6380.2421875,21507.6171875
144.2530059814453,2,4636.6,6309.59375,21507.6171875
145.28000378608704,2,4652.1,6446.52734375,21507.6171875
146.30783939361572,2,4687.2,6441.26171875,21623.6171875
147.335999250412,2,4707.6,6431.1875,21659.6171875
148.3606722354889,2,4644.0,6387.90625,21659.6171875
149.38900923728943,2,4635.4,6401.20703125,21763.6171875
150.41600394248962,2,4650.2,6446.66796875,21793.6171875
151.44299960136414,2,4712.6,6429.4375,21793.6171875
152.4700095653534,2,4668.4,6352.9140625,21793.6171875
153.4946255683899,2,4640.5,6409.33984375,21793.6171875
154.51900815963745,2,4657.5,6473.58203125,21821.6171875
155.5460011959076,2,4702.2,6423.0078125,21821.6171875
156.5730059146881,2,4685.1,6380.21875,21821.6171875
157.60000276565552,2,4626.0,6383.54296875,21845.6171875
158.6280014514923,2,4608.6,6403.6796875,21845.6171875
159.65500354766846,2,4671.6,6364.65234375,21869.6171875
160.6830096244812,2,4708.4,6349.45703125,21869.6171875
161.71099948883057,2,4643.6,6325.74609375,21869.6171875
162.73800349235535,2,4656.3,6279.515625,21869.6171875
163.76500487327576,2,4647.8,6186.21875,21869.6171875
164.79200196266174,2,4705.2,6160.953125,21919.6171875
165.81900000572205,2,4648.6,6228.1953125,21987.6171875
166.84600114822388,2,4652.8,6208.859375,22015.6171875
167.8750011920929,2,4642.9,6257.2421875,22015.6171875
168.9020037651062,2,4699.5,6235.4140625,22015.6171875
169.9268925189972,2,4672.4,6210.328125,22059.6171875
170.95291805267334,2,4629.3,6355.3046875,22135.6171875
171.98099565505981,2,4646.8,6436.703125,22299.6171875
173.00800561904907,2,4704.7,6407.484375,22299.6171875
174.03499960899353,2,4661.8,6442.2578125,22379.6171875
175.0600004196167,2,4654.3,6312.265625,22379.6171875
176.08699703216553,2,4652.4,6444.3671875,22383.6171875
177.10500383377075,2,4691.2,6538.94921875,22471.6171875
178.13200211524963,2,4638.7,6718.37109375,22629.6171875
179.1590015888214,2,4662.1,6713.2109375,22865.6171875
180.18599915504456,2,4647.6,6863.03125,22893.6171875
181.21200394630432,2,4700.5,6751.06640625,22893.6171875
182.24000477790833,2,4645.1,6615.48046875,22893.6171875
183.2647533416748,2,4621.3,6476.9609375,22893.6171875
184.29300117492676,2,4647.1,6841.4140625,22893.6171875
185.33191800117493,2,4696.5,7508.578125,23495.6171875
186.36000394821167,2,4664.4,7898.52734375,23975.6171875
187.39189410209656,2,4614.4,8273.19921875,24295.6171875
188.41900181770325,2,4655.4,8352.36328125,24295.6171875
189.44600248336792,2,4672.5,8631.34765625,24679.6171875
190.47300267219543,2,4667.5,8878.41015625,24679.6171875
191.4980001449585,2,4567.7,8881.94921875,24679.6171875
192.52700328826904,2,4615.7,8840.54296875,24679.6171875
193.5539994239807,2,4709.6,8833.9765625,24707.6171875
194.58104538917542,2,4668.1,8798.78515625,24707.6171875
195.6059968471527,2,4646.5,8804.86328125,24707.6171875
196.63300275802612,2,4641.5,8757.578125,24739.6171875
197.66000151634216,2,4708.7,8751.87890625,24799.6171875
198.68699955940247,2,4664.4,8688.23828125,24799.6171875
199.71400141716003,2,4630.8,8685.94140625,24799.6171875
200.7410237789154,2,4659.6,8731.27734375,24799.6171875
201.7705545425415,2,4681.3,8820.0,24799.6171875
202.79899907112122,2,4722.3,8937.08984375,24903.6171875
203.8260006904602,2,4646.9,8927.26953125,24903.6171875
204.85543274879456,2,4654.7,8807.09375,24903.6171875
205.88200330734253,2,4661.8,9022.58984375,24903.6171875
206.90899515151978,2,4714.6,9139.953125,25019.6171875
207.93399739265442,2,4655.0,9192.1484375,25043.6171875
208.9607503414154,2,4629.0,9209.3046875,25103.6171875
209.9869999885559,2,4650.8,9186.85546875,25103.6171875
211.01399755477905,2,4722.4,9195.453125,25103.6171875
212.04099798202515,2,4683.2,9311.9921875,25103.6171875
213.06662249565125,2,4619.9,9257.9765625,25103.6171875
214.09500432014465,2,4637.9,9284.6015625,25103.6171875
215.12200284004211,2,4704.5,9406.61328125,25103.6171875
216.14863538742065,2,4668.7,9717.79296875,25131.6171875
217.16200375556946,2,4636.5,9911.61328125,25419.6171875
218.1888279914856,2,4674.5,10006.91015625,25419.6171875
219.21800065040588,2,4690.9,9731.23046875,25419.6171875
220.24300169944763,2,4686.2,9577.5859375,25419.6171875
221.26768136024475,2,4612.7,9527.1953125,25463.6171875
222.2949995994568,2,4658.7,9604.6484375,25463.6171875
223.32299947738647,2,4653.3,9542.41796875,25463.6171875
224.3409960269928,2,4680.1,9552.53515625,25463.6171875
225.36600399017334,2,4572.0,9490.48828125,25463.6171875
226.4179971218109,2,4637.5,9401.65234375,25463.6171875
227.44500064849854,2,4640.7,9328.89453125,25483.6171875
228.47200083732605,2,4707.1,9207.8125,25483.6171875
229.49899649620056,2,4683.6,9173.51953125,25483.6171875
230.5239999294281,2,4626.5,9063.5546875,25483.6171875
231.5510036945343,2,4652.1,9298.76171875,25563.6171875
232.57800030708313,2,4731.2,9227.4921875,25563.6171875
233.6050045490265,2,4659.7,9176.98046875,25563.6171875
234.63000202178955,2,4635.2,9059.7578125,25563.6171875
235.6580023765564,2,4636.0,9066.3359375,25563.6171875
236.68499851226807,2,4710.6,9364.39453125,25563.6171875
237.7119996547699,2,4659.2,9427.03515625,25615.6171875
238.7363247871399,2,4631.7,9505.6015625,25647.6171875
239.764004945755,2,4646.0,9428.4140625,25647.6171875
240.79199481010437,2,4686.6,9374.75,25675.6171875
241.8190016746521,2,4691.2,9325.16796875,25675.6171875
242.84600186347961,2,4622.7,9303.1953125,25699.6171875
243.87300157546997,2,4646.1,9207.546875,25699.6171875
244.89999890327454,2,4648.9,9053.79296875,25699.6171875
245.9270007610321,2,4669.9,9058.98046875,25727.6171875
246.9520013332367,2,4648.6,9076.94140625,25727.6171875
247.97899842262268,2,4661.2,9083.6640625,25727.6171875
249.0060007572174,2,4667.7,9002.54296875,25727.6171875
250.03301095962524,2,4684.4,8876.8515625,25727.6171875
251.0574848651886,2,4650.0,8882.9453125,25759.6171875
252.08600330352783,2,4667.3,8894.9375,25763.6171875
253.11300373077393,2,4649.5,8871.9375,25763.6171875
254.1399986743927,2,4696.2,9048.48828125,25787.6171875
255.1650013923645,2,4661.2,9331.05859375,25787.6171875
256.1920027732849,2,4664.5,9349.23046875,25787.6171875
257.21900510787964,2,4654.3,9440.61328125,25787.6171875
258.24600625038147,2,4688.4,9163.04296875,25787.6171875
259.26299810409546,2,4597.3,9129.0,25787.6171875
260.2759988307953,2,4607.0,9187.94921875,25819.6171875
261.30289101600647,2,4646.0,9354.85546875,25819.6171875
262.3310034275055,2,4715.7,9360.66796875,25819.6171875
263.3580024242401,2,4683.1,9257.8671875,25819.6171875
264.3830006122589,2,4633.5,9276.203125,25891.6171875
265.41000270843506,2,4653.1,9361.74609375,25951.6171875
266.43699836730957,2,4669.7,9373.9296875,25983.6171875
267.46400213241577,2,4661.2,9231.01953125,25983.6171875
268.48900270462036,2,4645.1,9209.21875,25983.6171875
269.514888048172,2,4640.0,9233.02734375,26067.6171875
270.5430016517639,2,4671.7,9388.84765625,26067.6171875
271.57000041007996,2,4692.4,9448.2890625,26099.6171875
272.59900188446045,2,4649.3,9490.01953125,26099.6171875
273.63900423049927,2,4675.0,9536.66796875,26099.6171875
274.66900539398193,2,4634.6,9393.15234375,26099.6171875
275.6960165500641,2,4699.7,9359.515625,26099.6171875
276.723002910614,2,4681.4,9510.25,26175.6171875
277.7473940849304,2,4638.8,9538.39453125,26175.6171875
278.7750012874603,2,4652.5,9469.84375,26175.6171875
279.79699659347534,2,4720.3,9503.7421875,26175.6171875
280.8240020275116,2,4676.8,9682.7734375,26175.6171875
281.8489999771118,2,4623.2,9935.453125,26219.6171875
282.8810019493103,2,4658.1,9956.65625,26327.6171875
283.90799927711487,2,4710.9,10107.13671875,26355.6171875
284.9360718727112,2,4674.1,10081.17578125,26355.6171875
285.960586309433,2,4645.0,10334.9609375,26435.6171875
286.988329410553,2,4583.1,10876.640625,26943.6171875
288.0159955024719,2,4655.1,10875.5703125,27045.6171875
289.04300117492676,2,4676.7,11176.39453125,27095.6171875
290.06767988204956,2,4637.5,11606.99609375,27211.6171875
291.0949926376343,2,4652.4,11562.95703125,27239.6171875
292.1220016479492,2,4617.1,11481.38671875,27299.6171875
293.1500039100647,2,4707.6,11353.14453125,27299.6171875
294.1789996623993,2,4672.4,11342.6875,27299.6171875
295.2038550376892,2,4629.0,11406.54296875,27471.6171875
296.23199582099915,2,4642.4,11287.67578125,27575.6171875
297.2589952945709,2,4711.1,11300.1640625,27679.6171875
298.28572177886963,2,4667.1,11432.67578125,27787.6171875
299.31145691871643,2,4659.3,11566.6875,27787.6171875
300.33900356292725,2,4662.7,11428.2578125,27791.6171875
301.366005897522,2,4673.6,11567.73828125,27939.6171875
302.3930048942566,2,4673.5,11604.41796875,28119.6171875
303.4200007915497,2,4574.6,11636.87890625,28119.6171875
304.44700264930725,2,4668.6,11396.1640625,28119.6171875
305.4740068912506,2,4676.2,11371.76953125,28119.6171875
306.50100326538086,2,4705.7,11785.1796875,28415.6171875
307.52800726890564,2,4631.0,12301.328125,28863.6171875
308.5550060272217,2,4657.3,11844.2578125,28863.6171875
309.581999540329,2,4660.2,11807.94921875,28863.6171875
310.60899662971497,2,4694.3,12106.61328125,28971.6171875
311.6299977302551,2,4656.7,12180.4609375,29115.6171875
312.65459752082825,2,4613.1,12032.01171875,29115.6171875
313.68300008773804,2,4651.2,11908.90625,29115.6171875
314.71327352523804,2,4723.5,12205.0234375,29115.6171875
315.74100279808044,2,4649.9,12145.9140625,29563.6171875
316.766006231308,2,4597.8,11918.84375,29563.6171875
317.7930028438568,2,4641.8,11686.41015625,29563.6171875
318.8196280002594,2,4672.4,11925.3828125,29639.6171875
319.847003698349,2,4375.4,12065.12890625,29683.6171875
320.8612689971924,2,3847.1,11843.74609375,29683.6171875
321.8752920627594,2,3715.9,11722.046875,29683.6171875
322.8887667655945,2,3559.4,12083.671875,29879.6171875
323.9026973247528,2,3510.6,12027.49609375,30187.6171875
324.9147548675537,2,3277.8,11931.75,30187.6171875
325.92825174331665,2,3122.0,12141.953125,30187.6171875
326.94170665740967,2,3074.9,12398.48828125,30187.6171875
327.9553999900818,2,2961.4,12453.6484375,30187.6171875
328.96708631515503,2,2764.5,12482.6796875,30331.6171875
329.980286359787,2,2584.2,12254.4609375,30331.6171875
330.99338006973267,2,2519.0,12204.85546875,30331.6171875
332.00648164749146,2,2413.4,12141.0859375,30331.6171875
333.0179114341736,2,2375.0,11121.78125,30331.6171875
334.03055715560913,2,2384.9,10994.13671875,30331.6171875
335.0436029434204,2,2306.7,10841.34375,30411.6171875
336.05628871917725,2,2114.1,10585.859375,30411.6171875
337.06901597976685,2,1930.8,10808.68359375,30523.6171875
338.0805549621582,2,1791.4,10723.58984375,30731.6171875
339.09400725364685,2,1775.8,10524.203125,30875.6171875
340.10175609588623,2,1618.5,10391.21875,30923.6171875
341.11201214790344,2,1419.9,10307.31640625,31139.6171875
342.12187910079956,2,1399.0,9958.2734375,31139.6171875
343.1318895816803,2,1250.0,9666.07421875,31139.6171875
344.14150381088257,2,1197.5,9230.265625,31139.6171875
345.1510863304138,2,1201.3,9475.9296875,31139.6171875
346.16001081466675,2,1200.1,9409.1484375,31139.6171875
347.16742396354675,2,1199.4,9506.65625,31139.6171875
348.1787874698639,2,1029.2,9800.91796875,31139.6171875
349.1892409324646,2,797.5,9548.19140625,31139.6171875
350.19986939430237,2,703.6,9478.734375,31139.6171875
351.2104768753052,2,653.2,8890.17578125,31139.6171875
352.22079277038574,2,604.8,8910.72265625,31139.6171875
353.23102283477783,2,603.8,9185.12109375,31139.6171875
354.246328830719,2,522.2,9178.44921875,31139.6171875
355.257461309433,2,505.2,9571.046875,31491.6171875
356.268883228302,2,507.8,8605.28515625,31491.6171875
357.2792053222656,2,504.0,8708.83203125,31491.6171875
358.28908348083496,2,503.7,8661.37890625,31491.6171875
359.29967427253723,2,507.5,7983.5234375,31491.6171875
360.3104364871979,2,503.3,7829.3984375,31491.6171875
361.3216531276703,2,502.4,7726.234375,31491.6171875
362.3327782154083,2,502.4,7586.06640625,31491.6171875
363.34804797172546,2,412.7,7413.01171875,31491.6171875
364.35849165916443,2,402.5,7681.3125,31491.6171875
365.36974358558655,2,401.5,7799.3984375,31491.6171875
366.38102626800537,2,404.8,7813.51953125,31491.6171875
367.39136838912964,2,367.2,8177.10546875,31491.6171875
368.40165662765503,2,302.5,8368.19921875,31491.6171875
369.41321420669556,2,301.7,8324.6015625,31491.6171875
370.4241552352905,2,302.6,7915.30859375,31491.6171875
371.43534326553345,2,302.9,7817.296875,31491.6171875
372.445472240448,2,306.8,7624.81640625,31491.6171875
373.45593094825745,2,303.9,7630.47265625,31491.6171875
374.4660711288452,2,304.7,7314.74609375,31491.6171875
375.4770050048828,2,303.7,7196.23828125,31491.6171875
376.48783111572266,2,304.2,7078.9140625,31491.6171875
377.4969172477722,2,302.7,7006.6484375,31491.6171875
378.50783491134644,2,300.6,7379.6796875,31491.6171875
379.5192003250122,2,301.9,7606.66796875,31491.6171875
380.5293126106262,2,291.0,7608.47265625,31491.6171875
381.5397710800171,2,204.2,7169.45703125,31491.6171875
382.55334186553955,2,203.5,7402.25390625,31491.6171875
383.56556510925293,2,206.7,7036.48046875,31491.6171875
384.5768656730652,2,201.8,6905.875,31491.6171875
385.5879304409027,2,204.7,6774.11328125,31491.6171875
386.59901571273804,2,203.9,6672.859375,31491.6171875
387.6093120574951,2,202.6,6679.40234375,31491.6171875
388.62100768089294,2,201.7,6774.28125,31491.6171875
389.6323504447937,2,202.7,6869.69921875,31491.6171875
390.64371633529663,2,199.8,7393.15234375,31491.6171875
391.6548225879669,2,201.7,7627.01171875,32003.6171875
392.66642451286316,2,199.8,7451.1796875,32015.6171875
393.6774482727051,2,204.7,7523.9765625,32015.6171875
394.68863248825073,2,201.9,7510.99609375,32015.6171875
395.69881439208984,2,201.8,7529.7265625,32015.6171875
396.70964074134827,2,200.9,7453.5859375,32015.6171875
397.7199447154999,2,203.7,7422.04296875,32015.6171875
398.73115134239197,2,204.7,7241.06640625,32015.6171875
399.7424461841583,2,202.0,7252.65234375,32015.6171875
400.7524480819702,2,202.8,7117.14453125,32015.6171875
401.76334977149963,2,199.8,6971.62890625,32015.6171875
402.77416586875916,2,206.7,6789.0703125,32015.6171875
403.7852349281311,2,203.0,6718.82421875,32015.6171875
404.79513001441956,2,202.9,6624.61328125,32015.6171875
405.80549001693726,2,202.9,6514.140625,32015.6171875
406.81595277786255,2,203.8,6423.49609375,32015.6171875
407.82672452926636,2,202.2,6289.55859375,32015.6171875
408.835702419281,2,153.4,5693.12890625,32015.6171875
409.8462200164795,2,103.9,5590.015625,32015.6171875
410.8564944267273,2,106.8,5277.66015625,32015.6171875
411.8678197860718,2,123.8,4892.4296875,32015.6171875
412.8776731491089,2,674.0,3548.69140625,32215.62109375
413.88960123062134,2,106.8,3293.5546875,32215.62109375
414.90063977241516,2,110.9,3061.4921875,32311.70703125
415.91100025177,2,110.8,3086.83203125,32903.70703125
416.9239866733551,2,1551.2,3759.26953125,32903.70703125
417.93534874916077,2,801.1,4623.4765625,40583.79296875
418.94768500328064,2,1264.7,6392.5,38023.78125
419.95588207244873,2,947.1,5343.2890625,36999.75390625
420.96627378463745,2,3015.9,4580.48828125,44167.73828125
421.97998905181885,2,4464.2,6398.82421875,44167.73828125
422.99399280548096,2,3490.0,6663.60546875,44167.73828125
424.0109899044037,2,2625.2,6818.15234375,44167.73828125
425.0267367362976,2,780.9,5850.73046875,46215.75390625
426.0382881164551,2,3199.7,5610.33984375,44167.73828125
427.0489957332611,2,4502.7,6983.16015625,44195.73828125
428.05899381637573,2,3629.8,7651.12890625,44195.73828125
429.07994055747986,2,3092.7,8080.94140625,44195.73828125
430.09099221229553,2,2795.7,8546.5546875,44195.73828125
431.09863686561584,2,3554.0,8621.66796875,44195.73828125
432.1079843044281,2,1320.9,3514.53515625,42147.70703125
433.1279842853546,2,4692.4,3351.87109375,42147.70703125
434.1479890346527,2,4574.5,3325.17578125,42147.70703125
435.157812833786,2,4306.6,3354.98046875,42147.70703125
436.17799401283264,2,4613.2,3323.8203125,42147.70703125
437.2020671367645,2,2729.0,3279.59765625,42147.70703125
438.22247219085693,2,101.2,3224.41796875,42147.70703125
439.23012018203735,2,98.2,3195.95703125,42147.70703125
440.23821687698364,2,111.2,3324.421875,42217.7265625
441.24590277671814,2,115.1,3790.046875,42217.7265625
442.25411915779114,2,100.2,4187.15625,42217.7265625
443.26229429244995,4,33.7,4445.4765625,42475.6640625
444.2706079483032,4,100.1,4656.72265625,42698.6796875
445.2793402671814,4,100.0,4870.16796875,42926.19921875
446.28914284706116,4,100.1,5064.46875,43138.65234375
447.2982156276703,4,100.9,5327.0078125,43409.7421875
448.3091435432434,4,99.8,5653.22265625,43757.53125
449.3209023475647,4,99.9,5991.76171875,44105.8359375
450.33168506622314,4,100.8,6342.69140625,44456.703125
451.343209028244,4,99.0,6656.69140625,44777.6796875
452.3537850379944,4,99.9,7006.359375,45127.40234375
453.365003824234,4,99.9,7353.58203125,45478.02734375
454.3755223751068,4,99.7,7699.41796875,45823.8828125
455.3889398574829,4,99.9,8030.51171875,46155.04296875
456.399943113327,4,99.9,8380.94921875,46505.41015625
457.41078305244446,4,99.9,8727.66015625,46856.55078125
458.4220175743103,4,100.0,9061.9296875,47190.8046875
459.4321799278259,4,98.8,9399.91796875,47528.796875
460.4438171386719,4,100.8,9751.4765625,47880.32421875
461.4554660320282,4,100.0,10101.3828125,48230.3046875
462.4659399986267,4,99.9,10430.58984375,48559.53125
463.47686862945557,4,99.9,10772.68359375,48901.6484375
464.4882264137268,4,98.9,11122.98828125,49251.88671875
465.4997181892395,4,100.9,11473.2421875,49602.125
466.51102685928345,4,99.1,11798.68359375,49927.61328125
467.52023339271545,4,99.8,12139.80078125,50268.69921875
468.53180980682373,4,99.9,12490.1953125,50619.06640625
469.54315185546875,4,100.9,12839.23828125,50968.14453125
470.5544557571411,4,98.9,13161.6796875,51290.66796875
471.5660808086395,4,99.9,13508.35546875,51637.296875
472.57691836357117,4,100.9,13858.6015625,51987.53515625
473.58753275871277,4,99.0,14207.9375,52336.87109375
474.59764528274536,4,99.9,14404.296875,52533.1953125
475.608523607254,4,100.0,14439.23828125,52568.12890625
476.61892008781433,4,98.8,14801.51171875,52991.1015625
477.63079833984375,4,99.9,14572.10546875,52700.7734375
478.64206290245056,5,0.0,4470.98046875,42815.3046875
479.65411615371704,2,3.0,4093.44140625,42392.01171875
480.66467690467834,2,491.5,3815.01953125,43241.7734375
481.6759898662567,2,2276.6,5151.796875,47337.8359375
482.70098638534546,2,4692.8,5151.796875,47337.8359375
483.7279860973358,2,4642.1,5209.75,47337.8359375
484.7378342151642,2,1252.5,5824.5859375,49385.8671875
485.7469024658203,2,100.2,6194.58203125,49385.8671875
486.7545392513275,2,100.2,6510.66796875,49385.8671875
487.7630157470703,4,14.9,6881.45703125,49761.3671875
488.7717709541321,4,99.2,7215.8046875,50095.62890625
489.7799208164215,4,100.2,7530.50390625,50410.41796875
490.78822922706604,4,100.2,7862.90625,50742.75390625
491.7963888645172,4,100.1,8208.50390625,51088.48046875
492.8053238391876,4,100.1,8521.30078125,51401.3359375
493.814151763916,4,99.8,8832.44140625,51718.83203125
494.82645988464355,4,100.0,9157.37109375,52043.8046875
495.836936712265,4,98.8,9464.6484375,52351.1171875
496.8485674858093,4,100.9,9776.484375,52662.97265625
497.85988116264343,4,98.9,10101.97265625,52988.4609375
498.8705973625183,4,99.8,10454.046875,53340.50390625
499.8823821544647,4,100.1,10823.58984375,53710.078125
500.89179515838623,4,99.8,11166.22265625,54052.7109375
501.90340280532837,4,99.9,11534.0390625,54420.8671875
502.9144113063812,4,98.9,11907.75,54794.56640625
503.9251220226288,4,100.9,12274.3203125,55165.171875
504.93641209602356,4,99.9,12617.7109375,55508.44921875
505.9477517604828,4,98.8,12986.140625,55876.9921875
506.9594786167145,4,99.9,13359.80078125,56250.5625
507.9708478450775,4,101.1,13725.70703125,56616.52734375
508.97976756095886,4,98.9,14071.80078125,56962.640625
509.991007566452,4,99.9,14442.296875,57333.1171875
511.0024824142456,4,101.9,14813.6015625,57705.9140625
512.0138001441956,4,99.0,15171.90234375,58064.66015625
513.0244071483612,4,100.9,15529.203125,58421.859375
514.0357284545898,4,99.8,15900.3125,58792.98046875
515.0474584102631,4,98.9,16273.79296875,59166.55078125
516.0590634346008,4,100.0,16629.484375,59522.203125
517.0692889690399,4,99.9,16986.7265625,59879.40234375
518.0805065631866,4,99.9,17359.1171875,60251.8125
519.0920071601868,4,99.9,17731.90625,60624.609375
520.1027190685272,4,99.9,18075.83203125,60968.53125
521.1133749485016,4,100.0,18445.56640625,61338.234375
522.1238415241241,4,98.9,18818.37890625,61711.03125
523.1347210407257,4,100.9,19191.51171875,62084.21484375
524.1458797454834,4,99.9,19497.09765625,62389.8515625
525.1573164463043,4,99.8,19593.63671875,62486.40234375
526.1691858768463,4,99.8,19593.63671875,62486.40234375
527.1815896034241,4,99.8,19593.69921875,62486.40234375
528.1932847499847,4,99.9,19593.69921875,62486.40234375
529.2041580677032,4,98.9,19872.89453125,62949.1640625
530.2149600982666,4,99.8,20211.42578125,63215.2578125
531.2271018028259,4,99.9,20219.42578125,63215.2578125
532.2384068965912,4,99.9,19753.07421875,62645.52734375
533.2496693134308,5,0.0,6546.77734375,49532.8125
534.2620716094971,5,98.9,7135.71875,50320.89453125
535.2733955383301,5,100.0,7393.50390625,50636.97265625
536.2829337120056,2,10.9,6532.4609375,49578.71484375
537.2946915626526,2,99.0,5561.50390625,50090.74609375
538.3049602508545,2,100.8,5550.96875,50090.74609375
539.3164374828339,2,100.0,5557.67578125,50090.74609375
540.3263278007507,2,820.9,6911.62890625,49578.71484375
541.3385932445526,2,168.1,7068.09375,49578.71484375
542.3496708869934,2,212.8,7080.86328125,49578.71484375
543.3601593971252,2,636.0,7164.45703125,49578.71484375
544.3697090148926,2,1576.7,11042.96875,49578.71484375
545.3849906921387,2,3887.3,13404.20703125,49578.71484375
546.410989522934,2,4537.9,13730.82421875,49578.71484375
547.4378437995911,2,4361.6,13497.890625,49578.71484375
548.4521896839142,2,3666.2,14631.3125,49578.71484375
549.4628341197968,2,3676.1,14739.4765625,49578.71484375
550.4724681377411,2,3664.5,15444.4296875,49578.71484375
551.4809005260468,2,1808.0,15370.1015625,49578.71484375
552.4899866580963,2,2627.8,15247.2578125,49578.71484375
553.5006637573242,2,1545.2,7300.3359375,49578.71484375
554.5101058483124,2,754.4,7945.57421875,49578.71484375
555.5187594890594,2,219.3,7977.0859375,49578.71484375
556.5266716480255,2,632.5,7773.62109375,49610.71484375
557.5352749824524,2,1110.0,7507.25,49610.71484375
558.5440034866333,2,1060.2,10836.796875,49610.71484375
559.5549910068512,2,4381.0,13007.140625,49610.71484375
560.575998544693,2,4422.8,14675.08984375,49610.71484375
561.6035635471344,2,4297.8,14318.28125,55754.71484375
562.6249964237213,2,3391.0,14649.6796875,55754.71484375
563.6449882984161,2,3337.4,14897.48046875,55754.71484375
564.656317949295,2,2259.2,15323.29296875,55754.71484375
565.6659541130066,2,1353.1,15248.71484375,55754.71484375
566.6736783981323,2,2977.7,15214.0078125,55754.71484375
567.6839277744293,2,1357.4,7146.68359375,55978.71484375
568.692314863205,2,1181.1,8556.39453125,55978.71484375
569.6999168395996,2,1258.7,7932.4609375,55978.71484375
570.7160248756409,2,929.9,7738.33203125,55978.71484375
571.7238733768463,2,2824.2,11527.8828125,55978.71484375
572.7429888248444,2,4493.0,12519.1640625,55978.71484375
573.7572047710419,2,4426.1,13218.91015625,55978.71484375
574.768988609314,2,3776.3,13890.7265625,55978.71484375
575.7820243835449,2,4117.2,14596.390625,55978.71484375
576.831170797348,2,4151.8,14262.17578125,55978.71484375
577.8419909477234,2,2004.9,14291.55859375,55978.71484375
578.8509902954102,2,3111.6,14210.28125,55978.71484375
579.8641455173492,2,740.4,8196.81640625,55978.71484375
580.8729119300842,2,1336.9,8238.04296875,55978.71484375
581.884250164032,2,1489.1,7994.875,55978.71484375
582.8929116725922,2,1044.0,9036.13671875,55978.71484375
583.9009897708893,2,3452.0,12357.046875,55978.71484375
584.9219996929169,2,4530.2,12641.80078125,55978.71484375
585.950400352478,2,4220.6,13980.40625,55978.71484375
586.9710323810577,2,3831.6,14719.75,55978.71484375
588.0154528617859,2,4434.1,13985.1875,55978.71484375
589.0249910354614,2,3004.3,14424.22265625,55978.71484375
590.0334024429321,2,2133.8,14287.453125,55978.71484375
591.0434579849243,2,3091.4,14392.16015625,55978.71484375
592.0509924888611,2,1170.9,8561.46484375,56234.71484375
593.0613675117493,2,893.8,8181.91796875,56234.71484375
594.0760979652405,2,1092.5,8082.65234375,56234.71484375
595.0847177505493,2,1467.8,10560.85546875,56234.71484375
596.09898853302,2,4427.1,12404.84765625,56234.71484375
597.1125211715698,2,4571.9,13776.578125,56234.71484375
598.1319961547852,2,4264.9,13957.625,56234.71484375
599.154025554657,2,3924.5,14644.16796875,56234.71484375
600.1997742652893,2,4115.7,13984.2734375,56234.71484375
601.2099919319153,2,2493.8,14321.6484375,56234.71484375
602.2843565940857,2,2662.4,14308.39453125,56234.71484375
603.2966010570526,2,2010.6,7120.9921875,56234.71484375
604.3036620616913,2,1168.2,8529.91796875,56234.71484375
605.3111851215363,2,1019.5,8114.06640625,56234.71484375
606.3185837268829,2,1250.9,7939.26171875,56234.71484375
607.3270359039307,2,2111.9,11611.3984375,56234.71484375
608.3659882545471,2,4477.0,12480.61328125,56234.71484375
609.3880672454834,2,4462.9,14135.76171875,56234.71484375
610.4020011425018,2,4062.1,14256.6015625,56234.71484375
611.4110207557678,2,3843.9,14928.01953125,56234.71484375
612.4353439807892,2,3999.4,14251.28125,56234.71484375
613.4469306468964,2,2605.5,14661.8125,56234.71484375
614.458279132843,2,2521.9,14605.953125,56234.71484375
615.4713311195374,2,2662.1,14694.82421875,56234.71484375
616.4803261756897,2,1244.8,8985.61328125,56234.71484375
617.4883077144623,2,869.7,8291.1015625,56234.71484375
618.4966893196106,2,1144.7,8129.32421875,56234.71484375
619.5067007541656,2,1496.1,9992.20703125,56234.71484375
620.5209879875183,2,4413.0,11611.03125,56234.71484375
621.5435862541199,2,4469.1,12465.671875,56234.71484375
622.5569965839386,2,4031.5,13601.828125,56234.71484375
623.5655930042267,2,3818.8,13721.27734375,56234.71484375
624.574422121048,2,4076.1,13670.453125,56234.71484375
625.586537361145,2,2500.3,14047.421875,56234.71484375
626.5977456569672,2,2785.2,13984.6953125,56234.71484375
627.6096827983856,2,1885.6,7448.59375,56234.71484375
628.6192271709442,2,1292.2,8784.96484375,56234.71484375
629.6268820762634,2,1117.5,8260.84765625,56234.71484375
630.6354057788849,2,1071.5,8115.18359375,56234.71484375
631.6437590122223,2,2924.1,11308.09765625,56234.71484375
632.6590003967285,2,4439.6,11886.3984375,56234.71484375
633.6799902915955,2,4397.9,13504.0390625,56234.71484375
634.6970195770264,2,3479.1,14350.34375,56234.71484375
635.7452113628387,2,4659.0,14240.1640625,56234.71484375
636.7955586910248,2,3290.1,14063.94140625,56234.71484375
637.8028953075409,2,2124.4,13905.68359375,56234.71484375
638.8098080158234,2,3172.3,13977.55078125,56234.71484375
639.8179919719696,2,1051.3,8672.9140625,56234.71484375
640.8357684612274,2,995.3,8383.05859375,56234.71484375
641.8432302474976,2,1431.3,8163.97265625,56234.71484375
642.8513903617859,2,1002.4,9436.859375,56234.71484375
643.859992980957,2,4032.1,11700.2890625,56234.71484375
644.8809978961945,2,4480.1,13330.09765625,56234.71484375
645.9119999408722,2,4279.2,13545.9296875,56234.71484375
646.9370062351227,2,3843.7,14283.609375,56234.71484375
647.9811627864838,2,4161.6,13632.375,56234.71484375
648.9920034408569,2,2693.2,13955.37109375,56234.71484375
650.0150322914124,2,2735.1,13946.91796875,56234.71484375
651.0264573097229,2,1946.9,7401.86328125,56234.71484375
652.0350856781006,2,1429.1,8968.65625,56234.71484375
653.0434012413025,2,888.7,8247.125,56234.71484375
654.0505042076111,2,1388.4,8048.7890625,56234.71484375
655.0610373020172,2,1708.4,10893.0703125,56234.71484375
656.086991071701,2,4357.7,12571.453125,56234.71484375
657.1100640296936,2,4495.0,14198.90625,56234.71484375
658.1243634223938,2,4140.8,14262.1875,56234.71484375
659.1350312232971,2,3844.8,14936.35546875,56234.71484375
660.1749889850616,2,3934.7,14321.36328125,56234.71484375
661.1869969367981,2,2610.5,14664.7734375,56234.71484375
662.2141196727753,2,2506.6,14570.78125,56234.71484375
663.2262804508209,2,2705.7,14667.81640625,56234.71484375
664.2329535484314,2,1533.6,8858.421875,56234.71484375
665.2424063682556,2,819.8,7853.0234375,56234.71484375
666.2510960102081,2,1411.1,9919.09765625,56234.71484375
667.2600395679474,2,3343.3,13176.6875,56234.71484375
668.2869913578033,2,4493.9,13734.8984375,56234.71484375
669.3111248016357,2,4383.3,15515.859375,56234.71484375
670.340006351471,2,4327.5,14407.0546875,56234.71484375
671.3560268878937,2,3831.4,15349.7265625,56234.71484375
672.4000279903412,2,4411.1,15324.234375,56234.71484375
673.4499950408936,2,4130.7,14577.24609375,56234.71484375
674.4628484249115,2,2626.5,15022.4140625,56234.71484375
675.4730958938599,2,2249.5,14980.0625,56234.71484375
676.483775138855,2,3045.2,15191.12890625,56234.71484375
677.4935142993927,2,1731.0,7757.96484375,56234.71484375
678.5020642280579,2,1021.1,11009.53125,56234.71484375
679.5249931812286,2,4335.2,13052.27734375,56234.71484375
680.5350036621094,2,4564.2,14251.98828125,56234.71484375
681.5620307922363,2,3722.4,13601.75390625,56234.71484375
682.6120150089264,2,4696.1,13320.4375,56234.71484375
683.6339130401611,2,4520.3,13474.68359375,56234.71484375
684.676999092102,2,2893.8,13210.3828125,56234.71484375
685.7019493579865,2,3193.1,13407.66796875,56234.71484375
686.7199876308441,2,1668.5,7223.83203125,56234.71484375
687.7395114898682,2,880.2,10586.88671875,56234.71484375
688.7469909191132,2,4230.7,12894.24609375,56234.71484375
689.758996963501,2,4597.4,14101.46875,56234.71484375
690.7860350608826,2,3981.5,13517.51953125,56234.71484375
691.8300225734711,2,4686.3,13488.54296875,56234.71484375
692.8740239143372,2,4447.9,13472.3671875,56234.71484375
693.9245979785919,2,2967.8,13187.0390625,56234.71484375
694.9349899291992,2,3123.2,13274.0546875,56234.71484375
695.9479923248291,2,854.5,7000.9765625,56234.71484375
696.9554486274719,2,233.0,7754.921875,56234.71484375
697.9643442630768,2,1430.7,7607.55078125,56234.71484375
698.973391532898,2,2189.7,7699.5546875,56234.71484375
700.0009913444519,2,3278.8,10684.73828125,56234.71484375
701.0110192298889,2,4518.8,12463.36328125,56234.71484375
702.0380010604858,2,4370.5,13277.4609375,56234.71484375
703.0640358924866,2,3929.0,14127.66015625,56234.71484375
704.1131083965302,2,3885.2,13656.046875,56234.71484375
705.1239941120148,2,2384.4,13829.9453125,56234.71484375
706.1339914798737,2,3192.9,13729.91796875,56234.71484375
707.1469027996063,2,589.5,7601.015625,56234.71484375
708.1561782360077,2,823.9,8622.5,56234.71484375
709.1648461818695,2,1096.7,8011.234375,56234.71484375
710.1852159500122,2,2633.5,8510.453125,56234.71484375
711.1939876079559,2,3812.6,10601.53515625,56234.71484375
712.2145206928253,2,4443.5,11828.484375,56234.71484375
713.2298514842987,2,4020.9,12934.0625,56234.71484375
714.2400281429291,2,4009.9,13717.33203125,56234.71484375
715.2881696224213,2,3558.2,13571.53125,56234.71484375
716.2964887619019,2,1982.4,13378.71875,56234.71484375
717.3043875694275,2,2880.6,13506.5703125,56234.71484375
718.3139946460724,2,1354.1,8712.16015625,56234.71484375
719.3264424800873,2,790.8,8252.22265625,56234.7265625
720.3343298435211,2,1112.9,8014.08203125,56234.71484375
721.3433628082275,2,2413.0,8166.890625,56234.71484375
722.3519897460938,2,3670.4,10379.03125,56234.71484375
723.3639965057373,2,4460.9,12941.44140625,56234.71484375
724.3849911689758,2,4345.8,12905.9375,56234.71484375
725.3989961147308,2,3345.5,13153.078125,56234.71484375
726.4244410991669,2,3607.9,13748.109375,56234.71484375
727.4320442676544,2,1907.2,13624.64453125,56234.71484375
728.4404447078705,2,3431.6,13703.49609375,56234.71484375
729.4499890804291,2,884.5,8717.64453125,56234.71484375
730.4711453914642,2,1289.0,8298.29296875,56554.71484375
731.477646112442,2,967.9,8105.8046875,56554.71484375
732.4869909286499,2,2127.6,7921.44140625,56554.71484375
733.5323712825775,2,2947.2,11130.54296875,56554.71484375
734.5459969043732,2,4337.9,11878.01171875,56554.71484375
735.5751552581787,2,4557.1,14090.640625,56554.71484375
736.5970757007599,2,4119.4,14822.375,56554.71484375
737.6063189506531,2,3767.4,15177.3125,56554.71484375
738.6196188926697,2,3358.6,15196.74609375,56554.71484375
739.6304395198822,2,2890.5,16224.67578125,56554.71484375
740.63880443573,2,1996.4,16082.01171875,56554.71484375
741.6499900817871,2,3510.8,16161.5234375,56554.71484375
742.6599953174591,2,1001.5,16567.67578125,56554.71484375
743.6699879169464,2,1414.3,8636.21484375,56554.71484375
744.6814923286438,2,736.5,8240.22265625,56554.71484375
745.6903839111328,2,1084.9,8034.71484375,56554.71484375
746.7019979953766,2,2528.2,8139.921875,56554.71484375
747.7104482650757,2,3459.7,11004.046875,56554.71484375
748.7209980487823,2,4437.4,12563.828125,56554.71484375
749.7472636699677,2,4301.9,12939.44921875,56554.71484375
750.768993139267,2,4247.7,14533.0078125,56554.71484375
751.7829988002777,2,3393.3,14965.1171875,56554.71484375
752.8099913597107,2,3639.8,15565.640625,56554.71484375
753.8195712566376,2,1876.3,15898.390625,56554.71484375
754.8275172710419,2,2408.8,15927.90234375,56554.71484375
755.8396060466766,2,2363.9,16277.71484375,56554.71484375
756.84699010849,2,854.9,8657.94140625,56554.71484375
757.8663449287415,2,1294.3,8267.92578125,56554.71484375
758.8759925365448,2,1025.9,8104.74609375,56554.71484375
759.8929917812347,2,1625.4,7933.05859375,56554.71484375
760.9521932601929,2,3492.5,10434.76953125,56554.71484375
761.9619972705841,2,4497.6,12197.67578125,56554.71484375
762.9875557422638,2,4378.0,12993.96484375,56554.71484375
764.0080256462097,2,3751.5,13982.90234375,56554.71484375
765.0563087463379,2,3543.1,13684.515625,56554.71484375
766.0774168968201,2,2196.2,13800.87109375,56554.71484375
767.089991569519,2,3252.4,13889.30078125,56554.71484375
768.0998015403748,2,804.6,8380.078125,56554.71484375
769.1077001094818,2,1711.6,8436.44140625,56554.71484375
770.1220219135284,2,1244.6,8275.40234375,56554.71484375
771.128990650177,2,2618.2,8028.35546875,56554.71484375
772.158772945404,2,3357.2,10717.4609375,56554.71484375
773.1700024604797,2,4481.2,12715.83984375,56554.71484375
774.1959896087646,2,4452.8,13174.41015625,56554.71484375
775.2170810699463,2,3627.4,14393.9453125,56554.71484375
776.262149810791,2,3297.8,13851.12109375,56554.71484375
777.2766075134277,2,2750.2,14311.56640625,56554.71484375
778.2866082191467,2,1962.8,14340.1484375,56554.71484375
779.2974886894226,2,2881.3,14490.96875,56554.71484375
780.3069880008698,2,1525.7,8765.28125,56554.71484375
781.3218319416046,2,746.4,8281.0703125,56554.71484375
782.3306157588959,2,1000.9,8131.78515625,56554.71484375
783.3387429714203,2,885.4,7828.98046875,56554.71484375
784.3669929504395,2,3661.2,10073.3203125,56554.71484375
785.3880004882812,2,4541.7,11533.47265625,56554.71484375
786.4089016914368,2,4307.4,12257.63671875,56554.71484375
787.4214558601379,2,4210.5,13064.9765625,56554.71484375
788.4335839748383,2,3235.4,13447.59375,56554.71484375
789.4454238414764,2,2282.8,13919.51171875,56554.71484375
790.451990365982,2,2520.2,13940.33984375,56554.71484375
791.4644658565521,2,1665.4,7523.4765625,56554.71484375
792.4735939502716,2,1612.3,8269.69921875,56554.71484375
793.490208864212,2,758.3,8127.6484375,56554.71484375
794.4976856708527,2,778.5,8040.98828125,56554.71484375
795.506991147995,2,2518.8,7802.7890625,56554.71484375
796.5639901161194,2,3500.8,10184.81640625,56554.71484375
797.5820033550262,2,4586.4,12856.9375,56554.71484375
798.6069960594177,2,4239.6,12861.8359375,56554.71484375
799.6319925785065,2,3466.5,13137.4609375,56554.71484375
800.6574320793152,2,3519.1,13866.37890625,56554.71484375
801.6686589717865,2,1443.5,13767.296875,56554.71484375
802.6774151325226,2,3280.1,13978.59765625,56554.71484375
803.7099876403809,2,974.5,8635.9609375,56554.71484375
804.7293972969055,2,1351.8,8192.578125,56554.71484375
805.7499914169312,2,941.7,8042.58984375,56554.71484375
806.7630512714386,2,953.3,7894.34765625,56554.71484375
807.7909994125366,2,3641.9,10061.2421875,56554.71484375
808.8037903308868,2,4331.4,11435.4453125,56554.71484375
809.8316071033478,2,4503.0,11762.34765625,56554.71484375
810.8435561656952,2,4205.7,13073.8359375,56554.71484375
811.8549416065216,2,2760.1,13433.4296875,56554.71484375
812.8665676116943,2,3068.4,14036.40625,56554.71484375
813.8749914169312,2,1572.1,14105.83203125,56554.71484375
814.8863098621368,2,3216.8,14220.6875,56554.71484375
815.8960330486298,2,1060.2,8863.25390625,56554.71484375
816.9060664176941,2,1144.0,8314.140625,56554.71484375
817.9148526191711,2,1136.1,8145.12890625,56554.71484375
818.9229900836945,2,2328.3,8023.9375,56554.71484375
819.946989774704,2,3483.0,10536.2578125,56554.71484375
820.9680140018463,2,4532.7,12798.20703125,56554.71484375
821.9819917678833,2,4277.7,13103.40234375,56554.71484375
822.9949014186859,2,3363.3,13247.265625,56554.71484375
824.0031661987305,2,3568.6,13818.4453125,56554.71484375
825.0108532905579,2,2011.9,13800.58203125,56554.71484375
826.0190026760101,2,3381.4,13904.875,56554.71484375
827.0279884338379,2,834.6,8967.01953125,56554.71484375
828.0470340251923,2,1396.9,8520.859375,56554.71484375
829.0563833713531,2,998.0,8354.01953125,56554.71484375
830.06498670578,2,2098.0,8160.2734375,56554.71484375
831.086932182312,2,3365.7,10847.5234375,56554.71484375
832.1089961528778,2,4485.6,12542.35546875,56554.71484375
833.134993314743,2,4345.7,13293.40234375,56554.71484375
834.1560170650482,2,3876.1,14136.1875,56554.71484375
835.1999895572662,2,3377.3,13879.640625,56554.71484375
836.229234457016,2,2138.3,14028.57421875,56554.71484375
837.2373366355896,2,3227.4,14024.2890625,56554.71484375
838.2485604286194,2,930.5,8312.15625,56554.71484375
839.2575170993805,2,1630.4,9246.87109375,56554.71484375
840.2653467655182,2,780.0,8401.6875,56554.71484375
841.2770402431488,2,1270.9,8131.74609375,56554.71484375
842.2890212535858,2,3067.7,10375.3203125,56554.71484375
843.3029973506927,2,4356.6,11515.8828125,56554.71484375
844.3320434093475,2,4486.4,12624.33984375,56554.71484375
845.3469116687775,2,3946.6,13703.7578125,56554.71484375
846.3577966690063,2,3272.7,13819.16015625,56554.71484375
847.3654799461365,2,3081.1,14386.80859375,56554.71484375
848.373988866806,2,2011.8,14289.765625,56554.71484375
849.3859276771545,2,3287.2,14331.06640625,56554.71484375
850.3949365615845,2,1371.8,9064.57421875,56554.71484375
851.4023268222809,2,982.9,8577.26953125,56554.71484375
852.4085218906403,2,1041.8,8368.234375,56554.71484375
853.4169902801514,2,2134.0,8188.05078125,56554.71484375
854.4469912052155,2,3289.1,11339.6953125,56554.71484375
855.4679992198944,2,4406.3,12470.3515625,56554.71484375
856.4849967956543,2,4321.8,13072.1875,56554.71484375
857.4979898929596,2,4253.8,15085.56640625,56554.71484375
858.5190291404724,2,3970.1,15285.10546875,56554.71484375
859.5500102043152,2,3229.6,15552.6015625,56554.71484375
860.5659959316254,2,2795.1,16395.6484375,56554.71484375
861.5867402553558,2,1710.1,16250.65234375,56554.71484375
862.5965974330902,2,3736.7,16666.3359375,56554.71484375
863.6052186489105,2,662.2,7658.09765625,56554.71484375
864.6140253543854,2,1615.2,9673.71484375,56938.71484375
865.621949672699,2,712.0,8476.86328125,56938.71484375
866.6326105594635,2,1173.9,8293.62890625,56938.71484375
867.6409900188446,2,2195.6,8112.71875,56938.71484375
868.6709897518158,2,3405.5,10737.7734375,56938.71484375
869.6819970607758,2,4581.6,13117.41796875,56938.71484375
870.7079894542694,2,4347.7,13530.03125,56938.71484375
871.727016210556,2,3603.4,14419.640625,56938.71484375
872.772989988327,2,3583.4,14142.1796875,56938.71484375
873.7916417121887,2,2099.5,14306.73828125,56938.71484375
874.8009884357452,2,3172.9,14277.4453125,56938.71484375
875.8140113353729,2,1042.4,8426.26953125,56938.71484375
876.8229939937592,2,1679.2,9294.6015625,56938.71484375
877.8307087421417,2,684.4,8421.32421875,56938.71484375
878.8389146327972,2,1222.9,8191.875,56938.71484375
879.8490257263184,2,2953.1,10124.26953125,56938.71484375
880.8659963607788,2,4401.9,11448.93359375,56938.71484375
881.8913309574127,2,4455.0,12681.68359375,56938.71484375
882.9069347381592,2,3956.2,13565.046875,56938.71484375
883.919798374176,2,3222.3,13621.70703125,56938.71484375
884.9349946975708,2,3154.6,14147.22265625,56938.71484375
885.9586052894592,2,2045.0,14139.73046875,56938.71484375
886.968998670578,2,2863.9,14246.41015625,56938.71484375
887.9779887199402,2,1416.4,9310.4375,56938.71484375
888.9971024990082,2,847.2,8658.58203125,56938.71484375
890.005010843277,2,1149.6,8452.15625,56938.71484375
891.0139911174774,2,2440.3,8314.796875,56938.71484375
892.0359890460968,2,3290.8,11438.015625,56938.71484375
893.0569965839386,2,4397.2,12790.96875,56938.71484375
894.0777118206024,2,4270.1,13071.65625,56938.71484375
895.0909914970398,2,4310.9,14894.4375,56938.71484375
896.1140072345734,2,3651.2,15219.80078125,56938.71484375
897.1228857040405,2,3603.1,15425.3671875,56938.71484375
898.1339960098267,2,2627.5,16267.3359375,56938.71484375
899.1461913585663,2,1489.2,16159.4375,56938.71484375
900.1548357009888,2,3639.9,16557.41015625,56938.71484375
901.1633579730988,2,638.5,7638.08203125,56938.71484375
902.1719996929169,2,1677.1,9387.625,56938.71484375
903.1796514987946,2,632.2,8348.3046875,56938.71484375
904.1889882087708,2,1132.4,8174.12109375,56938.71484375
905.2235426902771,2,1928.2,8518.140625,56938.71484375
906.2349886894226,2,3854.2,10598.25390625,56938.71484375
907.2463054656982,2,4456.7,11838.78125,56938.71484375
908.2557837963104,2,4325.3,13304.18359375,56938.71484375
909.2668113708496,2,3069.9,13554.01953125,56938.71484375
910.2815742492676,2,3249.6,14209.16015625,56938.71484375
911.2901780605316,2,1876.9,14022.59765625,56938.71484375
912.3003814220428,2,3282.9,14164.609375,56938.71484375
913.3118872642517,2,1537.8,9561.10546875,56938.71484375
914.3244776725769,2,784.6,8912.5234375,56938.71484375
915.3312728404999,2,1036.6,8594.0546875,56938.71484375
916.3384299278259,2,3205.1,11508.80078125,56938.71484375
917.3519966602325,2,4435.7,12568.5703125,56938.71484375
918.3779282569885,2,4497.8,14190.90625,56938.71484375
919.3860290050507,2,3825.8,15169.140625,56938.71484375
920.4310121536255,2,4468.9,14727.7578125,56938.71484375
921.4441463947296,2,3133.6,14762.2265625,56938.71484375
922.4517953395844,2,2107.1,14541.40234375,56938.71484375
923.460930109024,2,2917.4,14641.78515625,56938.71484375
924.4688866138458,2,1534.3,9411.96484375,56938.71484375
925.484411239624,2,984.8,8773.03125,56938.71484375
926.4937081336975,2,1709.4,9926.0546875,56938.71484375
927.5030283927917,2,3018.2,13567.3046875,56938.71484375
928.5509994029999,2,4506.6,14278.69140625,56938.71484375
929.5758566856384,2,4504.8,16020.12109375,56938.71484375
930.5865559577942,2,4240.6,14972.46484375,56938.71484375
931.5960211753845,2,3991.2,15894.76953125,56938.71484375
932.645016670227,2,4451.4,15866.359375,56938.71484375
933.6897172927856,2,4119.9,15019.96875,56938.71484375
934.7019989490509,2,2960.0,15481.04296875,56938.71484375
935.7239155769348,2,2911.9,15492.98046875,56938.71484375
936.735999584198,2,1070.3,8447.89453125,56938.71484375
937.7448880672455,2,1798.8,9302.640625,56938.71484375
938.753988981247,2,1165.2,8474.51953125,56938.71484375
939.7750585079193,2,2584.0,11533.76953125,56938.71484375
940.803876876831,2,4543.7,12441.08984375,56938.71484375
941.8149082660675,2,4416.8,13479.40234375,56938.71484375
942.8260686397552,2,3934.7,14705.6171875,56938.71484375
943.9240434169769,2,4281.9,15403.25,56938.71484375
944.9679915904999,2,3580.6,14866.80078125,56938.71484375
945.9789547920227,2,2505.6,15040.10546875,56938.71484375
946.9859888553619,2,2858.3,14943.31640625,56938.71484375
947.9978537559509,2,1156.4,8740.3671875,56938.71484375
949.0068364143372,2,1811.3,8732.6875,56938.71484375
950.0139906406403,2,1540.1,8520.8125,56938.71484375
951.0621881484985,2,3032.5,12052.76953125,56938.71484375
952.0709998607635,2,4508.6,12708.24609375,56938.71484375
953.0969915390015,2,4395.9,13928.1171875,56938.71484375
954.1090281009674,2,4085.1,14600.0390625,56938.71484375
955.1469962596893,2,3646.4,13889.0,56938.71484375
956.1629981994629,2,3061.0,14311.09765625,56938.71484375
957.1880013942719,2,2761.5,14276.8359375,56938.71484375
958.2003865242004,2,1445.5,8309.71484375,56938.71484375
959.2089085578918,2,1762.8,9409.640625,56938.71484375
960.2187502384186,2,1077.7,8572.11328125,56938.71484375
961.2310223579407,2,2623.0,11474.37109375,56938.71484375
962.2569870948792,2,4408.6,12368.7578125,56938.71484375
963.274246931076,2,4383.9,13368.14453125,56938.71484375
964.2877414226532,2,3939.2,14485.0,56938.71484375
965.2960255146027,2,4496.0,15125.05859375,56938.71484375
966.3399882316589,2,3416.0,14602.8125,56938.71484375
967.3526957035065,2,2458.1,14774.03125,56938.71484375
968.3628842830658,2,3214.4,14688.6796875,56938.71484375
969.3733985424042,2,703.3,9496.3046875,56938.71484375
970.3827941417694,2,1751.4,9055.453125,56938.71484375
971.3905985355377,2,1143.4,8799.53515625,56938.71484375
972.3990294933319,2,2641.4,12771.33203125,56938.71484375
973.4428503513336,2,4388.6,14415.52734375,56938.71484375
974.464998960495,2,4579.8,15408.390625,56938.71484375
975.4919912815094,2,4415.6,15235.69140625,56938.71484375
976.5070240497589,2,4030.1,16103.3671875,56938.71484375
977.5497612953186,2,4407.7,16025.48046875,56938.71484375
978.5956463813782,2,4532.8,15208.48046875,56938.71484375
979.6059875488281,2,2842.6,15711.890625,56938.71484375
980.6149868965149,2,2400.3,15717.01953125,56938.71484375
981.6286857128143,2,2678.9,15905.34375,56938.71484375
982.6399931907654,2,1712.3,9202.80859375,56938.71484375
983.6502799987793,2,925.1,8736.1171875,56938.71484375
984.6587448120117,2,1450.7,11025.00390625,56938.71484375
985.6672277450562,2,3811.6,13751.875,56938.71484375
986.6809968948364,2,4535.9,14357.96875,56938.71484375
987.7023346424103,2,4435.9,13923.2265625,56938.71484375
988.7202534675598,2,4076.5,15233.75390625,56938.71484375
989.7310242652893,2,4307.5,16037.05078125,56938.71484375
990.7826790809631,2,4455.4,15951.7734375,56938.71484375
991.8261823654175,2,4102.3,15304.59375,56938.71484375
992.8613851070404,2,2770.3,15715.828125,56938.71484375
993.8703029155731,2,3066.5,15772.80859375,56938.71484375
994.881824016571,2,1784.5,8263.53515625,56938.71484375
995.9022846221924,2,2082.4,8121.30078125,56938.71484375
996.9125397205353,2,2100.4,8829.4296875,56938.71484375
997.9230074882507,2,1591.6,8167.34765625,58833.8828125
998.9312376976013,2,1023.1,8482.83984375,56785.8671875
999.9400024414062,2,2996.9,10367.45703125,56785.8671875
1000.9534666538239,2,4200.4,11884.453125,56785.8671875
1001.9669926166534,2,4600.7,16922.2734375,63953.8671875
1002.9939911365509,2,4132.6,15232.1328125,63953.8671875
1004.0143885612488,2,3721.0,15479.25,63953.8671875
1005.023389339447,2,3151.5,15618.46484375,63953.8671875
1006.0329341888428,2,3432.2,16614.94140625,63953.8671875
1007.0430266857147,2,1337.7,16859.703125,63953.8671875
1008.0539877414703,2,1901.7,17004.0390625,63953.8671875
1009.0643527507782,2,3059.6,17187.75390625,63953.8671875
1010.0731730461121,2,591.7,7797.4140625,63953.8671875
1011.0820646286011,2,1134.9,8933.703125,63953.8671875
1012.0901806354523,2,2854.7,10822.3828125,63953.8671875
1013.0999901294708,2,4425.7,12941.22265625,63953.8671875
1014.1209993362427,2,4408.3,15316.17578125,63953.8671875
1015.1469976902008,2,4525.8,19682.1640625,72193.8671875
1016.1730153560638,2,4252.8,19055.14453125,72193.8671875
1017.2010045051575,2,4402.7,18544.69921875,72193.8671875
1018.2149913311005,2,4315.1,18840.0078125,72193.8671875
1019.2340123653412,2,3333.5,19140.76953125,72193.8671875
1020.2610037326813,2,2930.8,19430.75390625,72193.8671875
1021.2739870548248,2,3680.5,19982.10546875,72193.8671875
1022.2851512432098,2,2455.1,20899.6171875,72193.8671875
1023.2927961349487,2,701.2,20926.4296875,72193.8671875
1024.3029906749725,2,1093.9,20764.81640625,72193.8671875
1025.310725927353,2,804.3,20756.12890625,72193.8671875
1026.3199911117554,2,3525.4,21041.99609375,72193.8671875
1027.3309934139252,2,2206.8,21289.984375,72193.8671875
1028.3476808071136,2,499.6,9462.70703125,74241.8828125
1029.3570003509521,2,1565.8,8762.3359375,72193.8671875
1030.4939560890198,2,3141.6,11546.0625,72193.8671875
1031.516993522644,2,4302.3,12729.51171875,72193.8671875
1032.5380067825317,2,4586.8,16495.37109375,72193.8671875
1033.5643198490143,2,4526.4,21150.09765625,72193.8671875
1034.5779995918274,2,4213.0,17350.1796875,72193.8671875
1035.5989997386932,2,4365.4,18437.4375,72193.8671875
1036.6240048408508,2,3414.1,18878.609375,72193.8671875
1037.651005268097,2,3267.3,19189.2578125,72193.8671875
1038.6787617206573,2,3668.0,19857.25,72193.8671875
1039.6925690174103,2,2208.7,20486.3359375,72193.8671875
1040.7019908428192,2,962.8,20325.4375,72193.8671875
1041.7148847579956,2,1194.8,20263.53515625,72193.8671875
1042.7216737270355,2,3302.7,20385.40625,72193.8671875
1043.730764389038,2,2305.4,20673.5078125,72193.8671875
1044.7382235527039,2,413.7,7684.10546875,72193.8671875
1045.748990058899,2,1528.9,8846.671875,72193.8671875
1046.8059890270233,2,3102.2,11161.5859375,72193.8671875
1047.8229913711548,2,4364.0,12724.4140625,72193.8671875
1048.8439989089966,2,4488.2,16528.765625,72193.8671875
1049.8703753948212,2,4490.7,21251.53515625,72193.8671875
1050.8972957134247,2,4272.4,17254.73828125,72193.8671875
1051.9249997138977,2,4415.4,18400.296875,72193.8671875
1052.9460036754608,2,3492.1,18809.80078125,72193.8671875
1053.9644196033478,2,3240.0,18904.70703125,72193.8671875
1054.9749884605408,2,3591.7,19527.734375,72193.8671875
1055.99054646492,2,2591.5,20395.01171875,72193.8671875
1056.997593164444,2,911.8,20343.3671875,72193.8671875
1058.0066165924072,2,1219.4,20326.765625,72193.8671875
1059.015989780426,2,3332.5,20520.6015625,72193.8671875
1060.0368738174438,2,2248.5,20686.70703125,72193.8671875
1061.0447618961334,2,497.5,7658.66015625,72193.8671875
1062.0538184642792,2,1484.9,8820.4609375,72193.8671875
1063.084994316101,2,3134.4,11163.74609375,72193.8671875
1064.1049904823303,2,4240.4,12728.18359375,72193.8671875
1065.1259965896606,2,4519.1,16182.63671875,72193.8671875
1066.1519956588745,2,4619.0,21322.07421875,72193.8671875
1067.1780061721802,2,4035.0,17248.62109375,72193.8671875
1068.2049996852875,2,4239.9,18388.09375,72193.8671875
1069.2299263477325,2,3645.4,18722.04296875,72193.8671875
1070.2529921531677,2,3470.4,18899.08984375,72193.8671875
1071.2652206420898,2,3396.7,19397.61328125,72193.8671875
1072.2810900211334,2,2683.9,20298.04296875,72193.8671875
1073.288447380066,2,866.2,20266.6171875,72193.8671875
1074.2974545955658,2,1187.4,20104.8046875,72193.8671875
1075.3099918365479,2,2495.4,20396.953125,72193.8671875
1076.3244161605835,2,3085.0,20560.30078125,72193.8671875
1077.3327040672302,2,611.4,8456.53515625,74241.8828125
1078.341872215271,2,881.9,9131.2578125,72193.8671875
1079.3599965572357,2,2497.1,9575.48046875,72193.8671875
1080.416746377945,2,2743.7,12888.82421875,72193.8671875
1081.4369909763336,2,4329.6,14539.33984375,72193.8671875
1082.457997560501,2,4445.8,16826.7578125,72193.8671875
1083.4850001335144,2,4515.5,20993.8984375,72193.8671875
1084.5109994411469,2,4432.2,23917.90625,72193.8671875
1085.5379972457886,2,4177.0,19133.69921875,72193.8671875
1086.559006690979,2,4344.4,20531.98828125,72193.8671875
1087.5830051898956,2,4323.9,20751.77734375,72193.8671875
1088.5950107574463,2,2818.7,20983.42578125,72193.8671875
1089.6270053386688,2,2399.4,21217.12109375,72193.8671875
1090.6529896259308,2,3405.8,21679.16015625,72193.8671875
1091.6664719581604,2,3098.6,22727.29296875,72193.8671875
1092.6746757030487,2,803.5,22753.62109375,72193.8671875
1093.6865184307098,2,1214.9,22586.3359375,72193.8671875
1094.6939914226532,2,994.5,22750.29296875,72193.8671875
1095.7119874954224,2,4090.5,22705.73046875,72193.8671875
1096.723016500473,2,1772.9,23060.49609375,72193.8671875
1097.7313508987427,2,392.6,7586.94921875,72193.8671875
1098.7400584220886,2,961.4,9288.60546875,72193.8671875
1099.750993013382,2,3232.6,9579.12890625,72193.8671875
1100.7890176773071,2,2735.5,13311.05078125,72193.8671875
1101.8059928417206,2,4237.1,14592.20703125,72193.8671875
1102.8270001411438,2,4491.9,17833.23828125,72193.8671875
1103.8549892902374,2,4517.3,22055.2109375,72193.8671875
1104.88037443161,2,4247.5,22441.71484375,72193.8671875
1105.895004272461,2,4217.1,19097.671875,72193.8671875
1106.9169976711273,2,4359.3,20436.13671875,72193.8671875
1107.9417896270752,2,3802.4,20715.01171875,72193.8671875
1108.9499411582947,2,2772.9,20924.6875,72193.8671875
1109.9575321674347,2,3174.4,21077.01171875,72193.8671875
1110.965359210968,2,3463.3,21985.62109375,72193.8671875
1111.9740080833435,2,2365.9,22645.28125,72193.8671875
1112.982370853424,2,851.0,22584.51171875,72193.8671875
1113.9909908771515,2,1100.0,22619.40625,72193.8671875
1115.0099897384644,2,839.2,22478.91015625,72193.8671875
1116.0179913043976,2,3980.8,22726.3046875,72193.8671875
1117.0289492607117,2,1964.1,23016.73828125,72193.8671875
1118.0369176864624,2,430.6,9518.66796875,74241.8828125
1119.044667482376,2,943.9,9246.5625,72193.8671875
1120.0539917945862,2,3153.5,9550.34765625,72193.8671875
1121.0790088176727,2,2649.5,13303.3671875,72193.8671875
1122.0919919013977,2,4301.5,14611.60546875,72193.8671875
1123.1430261135101,2,4558.0,17781.5703125,72193.8671875
1124.1826717853546,2,4458.6,22008.8515625,72193.8671875
1125.2109925746918,2,4222.2,22517.74609375,72193.8671875
1126.229016304016,2,4267.4,19121.359375,72193.8671875
1127.2469964027405,2,4414.0,20413.859375,72193.8671875
1128.284016609192,2,3728.2,20735.51953125,72193.8671875
1129.294007062912,2,2769.5,20937.19140625,72193.8671875
1130.3020722866058,2,3174.8,21023.0390625,72193.8671875
1131.3129913806915,2,3530.1,21897.1796875,72193.8671875
1132.3334167003632,2,2244.5,22559.3203125,72193.8671875
1133.34237742424,2,919.5,22488.89453125,72193.8671875
1134.3519880771637,2,1153.2,22421.93359375,72193.8671875
1135.3629913330078,2,1488.8,22597.80078125,72193.8671875
1136.3759880065918,2,4160.4,22708.6484375,72193.8671875
1137.3927555084229,2,1155.0,23027.37890625,72193.8671875
1138.4039387702942,2,384.6,8004.34375,72193.8671875
1139.412842988968,2,1112.1,9242.84375,72193.8671875
1140.4217886924744,2,3633.0,9705.8203125,72193.8671875
1141.430995464325,2,2828.0,13830.421875,72193.8671875
1142.4499933719635,2,4316.9,14622.54296875,72193.8671875
1143.469999551773,2,4538.0,18414.61328125,72193.8671875
1144.4969952106476,2,4486.7,22991.96875,72193.8671875
1145.5229923725128,2,4247.0,21051.64453125,72193.8671875
1146.5389430522919,2,4330.9,19922.609375,72193.8671875
1147.5530016422272,2,4260.5,20606.4140625,72193.8671875
1148.5792486667633,2,3394.4,20906.8359375,72193.8671875
1149.599003791809,2,3303.3,21071.30078125,72193.8671875
1150.6295065879822,2,2694.7,21251.80078125,72193.8671875
1151.6389918327332,2,3886.7,22114.8203125,72193.8671875
1152.6595332622528,2,1668.6,22543.01953125,72193.8671875
1153.6668162345886,2,1063.7,22474.6328125,72193.8671875
1154.673785686493,2,1197.0,22514.70703125,72193.8671875
1155.6849901676178,2,2827.3,22634.9609375,72193.8671875
1156.6969878673553,2,3237.8,22936.390625,72193.8671875
1157.709895849228,2,585.1,10641.8203125,72193.8671875
1158.7182743549347,2,628.6,8834.9140625,72193.8671875
1159.7269983291626,2,1965.5,9552.04296875,72193.8671875
1160.760998249054,2,2715.7,12009.59765625,72193.8671875
1161.770988702774,2,4283.7,14403.58203125,72193.8671875
1162.7919993400574,2,4374.8,16216.40234375,72193.8671875
1163.8732266426086,2,4606.9,20844.6015625,72193.8671875
1164.8989961147308,2,4458.5,24639.2421875,72193.8671875
1165.9179956912994,2,4084.4,17660.69921875,72193.8671875
1166.942992925644,2,4332.7,20399.17578125,72193.8671875
1167.968002319336,2,4446.1,20583.16796875,72193.8671875
1168.9930036067963,2,3068.3,20854.578125,72193.8671875
1170.0199942588806,2,2892.8,21087.0234375,72193.8671875
1171.059627532959,2,3478.1,21585.64453125,72193.8671875
1172.0707473754883,2,2833.6,22659.48046875,72193.8671875
1173.0802733898163,2,790.3,22568.796875,72193.8671875
1174.088713169098,2,1158.0,22479.578125,72193.8671875
1175.097989320755,2,1183.8,22607.0390625,72193.8671875
1176.1119902133942,2,4112.1,22663.91015625,72193.8671875
1177.1246650218964,2,1562.3,23023.78125,72193.8671875
1178.1327636241913,2,397.3,7718.62109375,72193.8671875
1179.1419920921326,2,1000.3,9278.31640625,72193.8671875
1180.1507968902588,2,3472.3,9573.37109375,72193.8671875
1181.208015203476,2,2182.0,13358.14453125,72193.8671875
1182.2249898910522,2,3867.6,15644.90625,72193.8671875
1183.2459981441498,2,4365.6,16110.43359375,72193.8671875
1184.270744562149,2,4483.1,20263.328125,72193.8671875
1185.2939953804016,2,4385.9,24102.6875,82433.8671875
1186.3202044963837,2,4516.7,28535.484375,82489.8671875
1187.3429939746857,2,4019.6,25509.51953125,82489.8671875
1188.3673620224,2,4169.4,22048.31640625,82489.8671875
1189.3959891796112,2,3790.6,24654.57421875,82489.8671875
1190.4165687561035,2,4468.1,24745.9296875,82489.8671875
1191.4259951114655,2,4295.6,25038.60546875,82489.8671875
1192.450739145279,2,3063.5,25301.21875,82489.8671875
1193.4777717590332,2,2830.8,25636.6171875,82489.8671875
1194.5043921470642,2,2960.4,25661.7265625,82489.8671875
1195.520791053772,2,3421.8,26361.2578125,82489.8671875
1196.53285074234,2,3087.0,27504.8046875,82489.8671875
1197.542150259018,2,1179.7,28250.55078125,82489.8671875
1198.5500526428223,2,886.7,28237.70703125,82489.8671875
1199.5616409778595,2,936.0,28376.69921875,82489.8671875
1200.5701792240143,2,1082.4,28472.48828125,82489.8671875
1201.5819890499115,2,1793.1,28976.5078125,82489.8671875
1202.6002237796783,2,4237.8,28740.5234375,82489.8671875
1203.6079931259155,2,1536.6,29349.9921875,82489.8671875
1204.616040468216,2,673.0,29637.91015625,82489.8671875
1205.6250014305115,2,404.7,8732.90625,84537.8828125
1206.6339921951294,2,1321.3,8643.328125,82489.8671875
1207.6979920864105,2,3445.7,11243.46484375,82489.8671875
1208.7179973125458,2,4435.2,13759.12109375,82489.8671875
1209.7437760829926,2,4505.6,13351.48046875,82489.8671875
1210.7619950771332,2,4174.8,15349.05078125,82489.8671875
1211.782782793045,2,3045.9,15684.21875,82489.8671875
1212.795690536499,2,3425.4,16275.8046875,82489.8671875
1213.8068685531616,2,2182.7,16893.3671875,82489.8671875
1214.8137650489807,2,1214.1,16756.22265625,82489.8671875
1215.821254491806,2,3769.0,17156.2890625,82489.8671875
1216.8293623924255,2,645.6,8986.6953125,84537.8828125
1217.8379912376404,2,1387.4,8823.91015625,82489.8671875
1218.8923001289368,2,3412.2,11396.13671875,82489.8671875
1219.9099991321564,2,4419.7,13781.0234375,82489.8671875
1220.9370257854462,2,4467.8,13295.05078125,82489.8671875
1221.950082063675,2,4140.1,15293.76953125,82489.8671875
1222.962798833847,2,3085.9,15480.19140625,82489.8671875
1223.9700529575348,2,3425.6,15833.328125,82489.8671875
1224.9832391738892,2,2318.9,16761.31640625,82489.8671875
1225.990442276001,2,1201.5,16670.08984375,82489.8671875
1227.0000212192535,2,3812.5,17073.59375,82489.8671875
1228.0093319416046,2,648.2,8493.0390625,84537.8828125
1229.0181784629822,2,756.0,9305.9921875,82489.8671875
1230.0249898433685,2,2475.8,9733.7109375,82489.8671875
1231.0810370445251,2,2417.5,13415.140625,82489.8671875
1232.1019897460938,2,4314.6,15618.46875,82489.8671875
1233.122997045517,2,4291.1,16053.515625,82489.8671875
1234.1479966640472,2,4449.2,20460.76953125,82489.8671875
1235.1752593517303,2,4435.9,24512.8359375,82489.8671875
1236.2029922008514,2,4552.8,29375.01953125,82489.8671875
1237.2299909591675,2,4143.6,25402.125,82489.8671875
1238.2410151958466,2,4131.6,22691.234375,82489.8671875
1239.3019897937775,2,3802.3,24705.38671875,82489.8671875
1240.3299939632416,2,4280.3,24925.6953125,82489.8671875
1241.3509964942932,2,4343.5,25100.24609375,82489.8671875
1242.3755247592926,2,3117.7,25355.98828125,82489.8671875
1243.392002105713,2,3110.5,25721.67578125,82489.8671875
1244.4230012893677,2,2767.3,25764.484375,82489.8671875
1245.4468703269958,2,3750.9,26910.4765625,82489.8671875
1246.4719870090485,2,2667.6,27933.69140625,82489.8671875
1247.4877696037292,2,857.8,28317.45703125,82489.8671875
1248.496109008789,2,807.1,28214.92578125,82489.8671875
1249.5046756267548,2,1207.9,28194.44921875,82489.8671875
1250.5138437747955,2,774.8,28165.1171875,82489.8671875
1251.5230481624603,2,2723.1,28599.52734375,82489.8671875
1252.5327246189117,2,3848.2,28809.91015625,82489.8671875
1253.5408296585083,2,799.6,29199.96484375,82489.8671875
1254.5489914417267,2,824.8,29548.38671875,82489.8671875
1255.5588772296906,2,232.1,7817.76953125,82489.8671875
1256.566733121872,2,1117.0,9070.734375,82489.8671875
1257.5758018493652,2,2796.1,11202.7890625,82489.8671875
1258.5849916934967,2,4063.2,14094.546875,82489.8671875
1259.6060013771057,2,4392.8,15087.7734375,82489.8671875
1260.6303417682648,2,4570.0,19750.140625,82489.8671875
1261.656873703003,2,4449.0,24197.78125,82489.8671875
1262.6840205192566,2,4185.7,17624.5078125,82489.8671875
1263.7039949893951,2,4376.5,20174.41015625,82489.8671875
1264.724002122879,2,4316.3,20397.4609375,82489.8671875
1265.7366058826447,2,2926.6,20596.06640625,82489.8671875
1266.7439994812012,2,3144.7,20903.33203125,82489.8671875
1267.7689044475555,2,3725.7,21629.34375,82489.8671875
1268.7779870033264,2,1680.7,22101.58203125,82489.8671875
1269.7859904766083,2,1013.5,22038.359375,82489.8671875
1270.7942504882812,2,1189.3,21982.69140625,82489.8671875
1271.8039951324463,2,2850.8,22208.30078125,82489.8671875
1272.828596830368,2,2852.6,22382.078125,82489.8671875
1273.8383748531342,2,619.0,8438.94921875,84537.8828125
1274.847985982895,2,667.7,9313.83203125,82489.8671875
1275.855989933014,2,1407.0,10003.99609375,82489.8671875
1276.9135773181915,2,3356.6,11384.36328125,82489.8671875
1277.9220035076141,2,3366.7,14847.06640625,82489.8671875
1278.9359908103943,2,4104.5,16390.3984375,82489.8671875
1279.9549977779388,2,4363.8,17939.08984375,82489.8671875
1280.9819917678833,2,4406.8,21753.78125,82489.8671875
1282.0089936256409,2,4462.0,26498.42578125,82489.8671875
1283.035994052887,2,4480.4,30683.5078125,82489.8671875
1284.0565996170044,2,3993.4,25136.86328125,82489.8671875
1285.0670280456543,2,4252.4,23835.49609375,82489.8671875
1286.0959916114807,2,3861.7,25491.96484375,82489.8671875
1287.1169905662537,2,4234.2,25657.64453125,82489.8671875
1288.1360025405884,2,4310.1,25855.98046875,82489.8671875
1289.1610074043274,2,2603.4,26128.19921875,82489.8671875
1290.1708779335022,2,3125.2,26395.32421875,82489.8671875
1291.179250717163,2,3182.0,26362.4140625,82489.8671875
1292.1899871826172,2,3685.9,26989.609375,82489.8671875
1293.204963684082,2,3224.3,28102.84375,82489.8671875
1294.2133979797363,2,1188.2,28840.89453125,82489.8671875
1295.2208347320557,2,811.9,28877.53515625,82489.8671875
1296.2295758724213,2,1101.9,28818.9453125,82489.8671875
1297.2389996051788,2,1068.0,28785.640625,82489.8671875
1298.2479891777039,2,1020.6,29031.87109375,82489.8671875
1299.2605006694794,2,3822.1,29307.890625,82489.8671875
1300.2730460166931,2,3146.9,29803.953125,82489.8671875
1301.2814753055573,2,517.7,30059.7265625,82489.8671875
1302.2878804206848,2,632.7,27626.203125,82489.8671875
1303.2961249351501,2,213.2,8182.15234375,82489.8671875
1304.304541349411,2,993.2,9498.83984375,82489.8671875
1305.3169882297516,2,3657.9,9738.50390625,82489.8671875
1306.372932434082,2,2350.6,14239.875,82489.8671875
1307.3989872932434,2,4112.5,15971.67578125,82489.8671875
1308.4219992160797,2,4440.3,16742.00390625,82489.8671875
1309.4460005760193,2,4443.2,20738.3359375,82489.8671875
1310.4719960689545,2,4403.0,24417.22265625,82489.8671875
1311.4979956150055,2,4590.6,29950.078125,82489.8671875
1312.5263257026672,2,4108.4,22906.5234375,82489.8671875
1313.5685992240906,2,4199.6,23220.234375,82489.8671875
1314.6009938716888,2,3813.8,24874.86328125,82489.8671875
1315.6369903087616,2,4255.5,25091.3828125,82489.8671875
1316.66038107872,2,3870.1,25398.984375,82489.8671875
1317.675428390503,2,2844.0,25745.30859375,82489.8671875
1318.6840045452118,2,3705.2,25917.91015625,82489.8671875
1319.715415239334,2,2428.2,25964.98046875,82489.8671875
1320.7269926071167,2,3623.5,27336.73046875,82489.8671875
1321.739028453827,2,2578.2,28430.7265625,82489.8671875
1322.7529888153076,2,899.8,28546.08984375,82489.8671875
1323.7726695537567,2,803.1,28280.34765625,82489.8671875
1324.7811269760132,2,1208.0,28225.65625,82489.8671875
1325.7894716262817,2,696.6,28315.30078125,82489.8671875
1326.7985427379608,2,2674.1,28826.9375,82489.8671875
1327.809867143631,2,3951.7,28907.01953125,82489.8671875
1328.818162202835,2,795.8,29334.828125,82489.8671875
1329.8259530067444,2,775.8,29669.09375,82489.8671875
1330.833907365799,2,295.3,7699.8671875,82489.8671875
1331.8429849147797,2,964.6,9511.22265625,82489.8671875
1332.8529858589172,2,2812.9,9759.015625,82489.8671875
1333.9175372123718,2,2316.3,13497.36328125,82489.8671875
1334.938989162445,2,4262.3,15725.45703125,82489.8671875
1335.9588961601257,2,4187.8,16187.80078125,82489.8671875
1336.9832510948181,2,4471.4,20463.28125,82489.8671875
1338.0129935741425,2,4625.9,25318.69140625,82489.8671875
1339.036993265152,2,4543.9,30326.62890625,82489.8671875
1340.0579957962036,2,4249.7,22669.10546875,82489.8671875
1341.0750002861023,2,4279.0,23202.671875,82489.8671875
1342.0989890098572,2,4189.8,24856.01171875,82489.8671875
1343.119990825653,2,4397.4,25106.5703125,82489.8671875
1344.1390097141266,2,3718.8,25447.8203125,82489.8671875
1345.1480860710144,2,2634.1,25886.84375,82489.8671875
1346.16037940979,2,3954.6,25785.83984375,82489.8671875
1347.1689884662628,2,3177.8,26177.5390625,82489.8671875
1348.182991027832,2,3530.6,27378.6171875,82489.8671875
1349.1963996887207,2,2060.3,28365.96875,82489.8671875
1350.2035007476807,2,811.5,28356.1171875,82489.8671875
1351.212692975998,2,1110.7,28390.515625,82489.8671875
1352.2202196121216,2,1023.1,28458.99609375,82489.8671875
1353.2289888858795,2,1921.5,28969.53515625,82489.8671875
1354.2496871948242,2,4183.0,28722.08984375,82489.8671875
1355.2612817287445,2,1499.6,29345.22265625,82489.8671875
1356.2694318294525,2,648.8,29625.34375,82489.8671875
1357.2773864269257,2,412.7,9562.48828125,84537.8828125
1358.285304069519,2,940.9,9350.83984375,82489.8671875
1359.2949900627136,2,3078.2,9650.19921875,82489.8671875
1360.3239941596985,2,2392.7,13403.58984375,82489.8671875
1361.3480982780457,2,4286.2,15636.48046875,82489.8671875
1362.3689999580383,2,4337.0,16110.3828125,82489.8671875
1363.3900003433228,2,4458.7,20993.78125,82489.8671875
1364.4159934520721,2,4554.3,25535.51953125,82489.8671875
1365.4429914951324,2,4574.6,30299.765625,82489.8671875
1366.469007730484,2,4030.9,20478.84375,82489.8671875
1367.4984216690063,2,4486.7,23948.8671875,82489.8671875
1368.5139985084534,2,4236.8,24754.203125,82489.8671875
1369.538830280304,2,4342.3,25155.01171875,82489.8671875
1370.5610117912292,2,3172.7,25457.515625,82489.8671875
1371.5880024433136,2,3223.0,25773.34375,82489.8671875
1372.6149978637695,2,3327.6,25866.828125,82489.8671875
1373.6390087604523,2,3830.7,26487.89453125,82489.8671875
1374.6509881019592,2,3266.7,28065.80859375,82489.8671875
1375.6610577106476,2,1252.0,28395.6171875,82489.8671875
1376.6688973903656,2,1454.1,28291.80078125,82489.8671875
1377.6756930351257,2,967.2,28236.54296875,82489.8671875
1378.683807849884,2,3764.0,28775.83984375,82489.8671875
1379.6962139606476,2,3279.9,29331.29296875,82489.8671875
1380.7048749923706,2,552.4,29535.85546875,82489.8671875
1381.713259935379,2,601.1,7680.15625,82489.8671875
1382.7213752269745,2,761.0,9783.5234375,82489.8671875
1383.7299909591675,2,1723.0,10162.11328125,82489.8671875
1384.78817653656,2,3455.3,11605.50390625,82489.8671875
1385.7980012893677,2,3258.5,15127.42578125,82489.8671875
1386.8149938583374,2,4125.6,16814.53515625,82489.8671875
1387.8359389305115,2,4381.5,17357.58984375,82489.8671875
1388.8619995117188,2,4598.7,22201.2890625,82489.8671875
1389.8870012760162,2,4604.9,27416.53515625,82489.8671875
1390.9139907360077,2,4582.0,32527.76953125,82489.8671875
1391.9410064220428,2,4090.1,21212.90234375,82489.8671875
1392.9550013542175,2,4556.7,25214.03125,82489.8671875
1393.9719986915588,2,4215.3,26193.73046875,82489.8671875
1394.9969925880432,2,4257.7,26519.7421875,82489.8671875
1396.01899600029,2,3255.4,26871.453125,82489.8671875
1397.0350828170776,2,2750.0,27125.6875,82489.8671875
1398.0441436767578,2,3946.5,27009.0,82489.8671875
1399.0538687705994,2,2975.7,27320.44921875,82489.8671875
1400.071598291397,2,4224.0,28663.34765625,82489.8671875
1401.0920133590698,2,2461.1,29600.33984375,82489.8671875
1402.1050083637238,2,1103.9,29526.08203125,82489.8671875
1403.1173286437988,2,1318.7,29580.1953125,82489.8671875
1404.1265976428986,2,959.8,29446.41796875,82489.8671875
1405.1350014209747,2,3708.7,30142.62109375,82489.8671875
1406.1559927463531,2,3907.6,30274.62109375,82489.8671875
1407.1741468906403,2,374.8,30522.08203125,82489.8671875
1408.1880712509155,2,882.8,27785.109375,82489.8671875
1409.1969392299652,2,838.6,8505.328125,82489.8671875
1410.2080414295197,2,2743.8,10294.0625,82489.8671875
1411.2229969501495,2,4301.3,12024.29296875,82489.8671875
1412.2472794055939,2,4545.9,16790.390625,82489.8671875
1413.260996580124,2,4083.4,15038.18359375,82489.8671875
1414.2854671478271,2,3540.2,15283.2109375,82489.8671875
1415.2997088432312,2,3392.1,15674.1875,82489.8671875
1416.3113334178925,2,2594.4,16642.13671875,82489.8671875
1417.3210484981537,2,1229.5,16595.60546875,82489.8671875
1418.3287568092346,2,3651.8,16924.4296875,82489.8671875
1419.3353457450867,2,777.3,8224.96875,84537.8828125
1420.3427503108978,2,953.8,8701.15625,82489.8671875
1421.351995229721,2,3323.1,10899.71484375,82489.8671875
1422.3720016479492,2,4281.2,12978.82421875,82489.8671875
1423.3979964256287,2,4503.7,12827.15234375,82489.8671875
1424.4189982414246,2,4171.1,14963.24609375,82489.8671875
1425.4450042247772,2,3214.1,15186.6640625,82489.8671875
1426.4549887180328,2,3773.0,15859.2265625,82489.8671875
1427.4679911136627,2,1958.7,16415.37109375,82489.8671875
1428.476989030838,2,1314.6,16577.6640625,82489.8671875
1429.4890701770782,2,3450.4,16765.22265625,82489.8671875
1430.4981038570404,2,577.4,9555.7578125,84537.8828125
1431.50599193573,2,754.3,9749.8828125,82489.8671875
1432.5139937400818,2,1805.3,10139.54296875,82489.8671875
1433.5740599632263,2,3201.6,11942.234375,82489.8671875
1434.5879945755005,2,3521.4,15083.2890625,82489.8671875
1435.6139891147614,2,4055.4,16766.96484375,82489.8671875
1436.6434795856476,2,4401.2,17434.2578125,82489.8671875
1437.6712419986725,2,4572.5,22390.890625,82489.8671875
1438.6989970207214,2,4564.3,27578.33203125,82489.8671875
1439.7269945144653,2,4588.6,33433.77734375,94777.8671875
1440.7530217170715,2,4327.5,21715.171875,94777.8671875
1441.7690043449402,2,4547.4,25643.7734375,94777.8671875
1442.7890000343323,2,4270.5,26087.87890625,94777.8671875
1443.8199889659882,2,4200.4,26457.27734375,94777.8671875
1444.84099984169,2,2949.5,26795.96484375,94777.8671875
1445.863004207611,2,3158.3,27067.58203125,94777.8671875
1446.8799438476562,2,3696.8,27128.87890625,94777.8671875
1447.91126871109,2,3666.4,27646.6796875,94777.8671875
1448.9229910373688,2,4071.2,28875.265625,94777.8671875
1449.943281173706,2,1483.9,29621.76171875,94777.8671875
1450.9499497413635,2,1057.8,29602.94921875,94777.8671875
1451.961520910263,2,1466.2,29484.94921875,94777.8671875
1452.9689960479736,2,1396.1,29710.52734375,94777.8671875
1453.9809956550598,2,4360.6,30033.8671875,94777.8671875
1454.9957494735718,2,2684.4,30519.74609375,94777.8671875
1456.0043983459473,2,646.5,30812.9375,94777.8671875
1457.0129482746124,2,463.8,8116.796875,94777.8671875
1458.0199270248413,2,962.6,9632.27734375,94777.8671875
1459.0289900302887,2,3029.4,9834.29296875,94777.8671875
1460.0849974155426,2,2417.8,13586.54296875,94777.8671875
1461.1059885025024,2,4294.0,15810.89453125,94777.8671875
1462.126886844635,2,4280.7,16284.70703125,94777.8671875
1463.1519997119904,2,4518.5,20722.61328125,94777.8671875
1464.178998708725,2,4603.9,25834.5078125,94777.8671875
1465.2059965133667,2,4387.7,31342.2109375,94777.8671875
1466.226996421814,2,4264.7,20543.7421875,94777.8671875
1467.2540237903595,2,4206.8,24832.3125,94777.8671875
1468.263998746872,2,4571.4,24845.96875,94777.8671875
1469.2907450199127,2,4212.9,25273.46875,94777.8671875
1470.3100106716156,2,3086.1,25509.5703125,94777.8671875
1471.3369970321655,2,2961.7,25965.05859375,94777.8671875
1472.3698165416718,2,3415.9,25900.6015625,94777.8671875
1473.377991437912,2,3871.1,27117.07421875,94777.8671875
1474.397019147873,2,3204.5,28456.2265625,94777.8671875
1475.4060595035553,2,1101.6,28335.74609375,94777.8671875
1476.4138176441193,2,1435.2,28305.09375,94777.8671875
1477.4209933280945,2,1092.7,28502.15234375,94777.8671875
1478.4629883766174,2,4351.0,28797.65625,94777.8671875
1479.4748322963715,2,2394.2,29376.78515625,94777.8671875
1480.4837052822113,2,645.7,29656.6015625,94777.8671875
1481.4919471740723,2,490.1,8305.34765625,94777.8671875
1482.4999923706055,2,906.3,10023.33203125,94777.8671875
1483.508996963501,2,2808.6,10151.58984375,94777.8671875
1484.5649864673615,2,2109.5,13126.13671875,94777.8671875
1485.5770015716553,2,4453.3,15878.08203125,94777.8671875
1486.589995622635,2,4109.2,16927.578125,94777.8671875
1487.6110045909882,2,4453.5,19093.8046875,94777.8671875
1488.6352915763855,2,4563.2,23418.44140625,94777.8671875
1489.6629993915558,2,4575.1,28753.00390625,94777.8671875
1490.6890003681183,2,4607.9,28169.61328125,94777.8671875
1491.7090392112732,2,4208.4,24162.234375,94777.8671875
1492.7415969371796,2,4060.6,26166.828125,94777.8671875
1493.761991739273,2,4372.7,26348.09375,94777.8671875
1494.782999753952,2,4460.3,26481.5703125,94777.8671875
1495.8077342510223,2,2689.3,26815.171875,94777.8671875
1496.8239979743958,2,3391.7,27223.6796875,94777.8671875
1497.8537528514862,2,2963.9,27066.8671875,94777.8671875
1498.8616194725037,2,3944.7,27773.4921875,94777.8671875
1499.8739898204803,2,3486.3,29363.55078125,94777.8671875
1500.8929572105408,2,1380.2,29684.37109375,94777.8671875
1501.9029898643494,2,1298.2,29723.7109375,94777.8671875
1502.9228627681732,2,1166.7,29676.21484375,94777.8671875
1503.9315211772919,2,2591.7,29950.703125,94777.8671875
1504.9439947605133,2,4570.6,29947.4140625,94777.8671875
1505.9563341140747,2,1121.7,30522.37109375,94777.8671875
1506.964432477951,2,932.4,30904.5546875,94777.8671875
1507.9725880622864,2,479.1,8839.0859375,94777.8671875
1508.9807591438293,2,909.2,9631.1015625,94777.8671875
1509.98929977417,2,3971.3,10434.265625,94777.8671875
1510.9980027675629,2,2757.1,14446.140625,94777.8671875
1512.0189898014069,2,4078.7,16062.046875,94777.8671875
1513.0420019626617,2,4383.7,17493.484375,94777.8671875
1514.0689961910248,2,4635.5,21900.01171875,94777.8671875
1515.0950000286102,2,4620.9,27856.70703125,94777.8671875
1516.122001171112,2,4431.1,26391.51953125,94777.8671875
1517.1540014743805,2,4218.4,23218.296875,94777.8671875
1518.18598985672,2,4251.4,24881.62109375,94777.8671875
1519.2069895267487,2,4428.8,25084.33984375,94777.8671875
1520.2258324623108,2,3872.8,25401.03125,94777.8671875
1521.2337923049927,2,2762.9,25734.87890625,94777.8671875
1522.2439939975739,2,4096.6,25764.48046875,94777.8671875
1523.2565286159515,2,3146.6,26155.73828125,94777.8671875
1524.2669904232025,2,4010.9,27531.26171875,94777.8671875
1525.2819983959198,2,1890.9,28340.3828125,94777.8671875
1526.2961342334747,2,1129.0,28396.05859375,94777.8671875
1527.30495262146,2,1311.8,28372.62109375,94777.8671875
1528.3149955272675,2,2307.0,28717.1875,94777.8671875
1529.3321187496185,2,4448.0,28961.95703125,94777.8671875
1530.3443279266357,2,964.7,29414.8125,94777.8671875
1531.3538701534271,2,719.2,12171.89453125,94777.8671875
1532.3633496761322,2,616.0,9025.78515625,94777.8671875
1533.3719935417175,2,1624.8,9755.0,94777.8671875
1534.4667694568634,2,2737.6,12067.08203125,94777.8671875
1535.4760003089905,2,4138.1,14905.0546875,94777.8671875
1536.4909887313843,2,4112.3,16103.8828125,94777.8671875
1537.5139977931976,2,4505.5,18433.796875,94777.8671875
1538.5389988422394,2,4549.9,23022.62109375,94777.8671875
1539.5649003982544,2,4572.8,28885.2734375,94777.8671875
1540.5918333530426,2,4586.1,19436.03125,94777.8671875
1541.6039962768555,2,4324.3,23121.640625,94777.8671875
1542.6310007572174,2,4229.2,24788.2109375,94777.8671875
1543.6569929122925,2,4286.9,25104.921875,94777.8671875
1544.679120540619,2,3509.4,25376.96875,94777.8671875
1545.687005519867,2,3093.7,25783.4921875,94777.8671875
1546.7117764949799,2,3678.0,25808.30859375,94777.8671875
1547.725997209549,2,3617.5,26283.9609375,94777.8671875
1548.7384037971497,2,3825.8,27577.29296875,94777.8671875
1549.7474162578583,2,1529.6,28519.640625,94777.8671875
1550.7569959163666,2,1295.4,28204.9453125,94777.8671875
1551.7744104862213,2,1100.1,28388.01171875,94777.8671875
1552.7832794189453,2,3127.0,28701.48046875,94777.8671875
1553.7937088012695,2,4119.6,29208.8359375,94777.8671875
1554.8033015727997,2,567.5,29510.453125,94777.8671875
1555.809574842453,2,600.2,8993.30859375,96825.8828125
1556.8175313472748,2,900.6,9298.70703125,94777.8671875
1557.8268773555756,2,2778.1,9601.94140625,94777.8671875
1558.8643672466278,2,2584.7,12920.4453125,94777.8671875
1559.8839886188507,2,4349.8,14586.91796875,94777.8671875
1560.9048697948456,2,4475.9,17255.48828125,94777.8671875
1561.9304292201996,2,4566.1,21833.10546875,94777.8671875
1562.9573488235474,2,4410.1,16836.2109375,94777.8671875
1563.9699952602386,2,4374.3,20623.28515625,94777.8671875
1564.989991426468,2,4503.2,20747.0078125,94777.8671875
1566.0030093193054,2,3234.3,21065.59375,94777.8671875
1567.0360069274902,2,3443.8,21287.7265625,94777.8671875
1568.0633664131165,2,3196.5,21568.4375,94777.8671875
1569.074879169464,2,3828.1,22780.21484375,94777.8671875
1570.0848133563995,2,1131.1,22789.99609375,94777.8671875
1571.0969877243042,2,1327.9,22684.44921875,94777.8671875
1572.1039929389954,2,2921.9,22840.89453125,94777.8671875
1573.1148045063019,2,3159.4,23094.5234375,94777.8671875
1574.124696969986,2,579.8,9610.73828125,96825.8828125
1575.133759021759,2,860.9,9628.80859375,94777.8671875
1576.142989397049,2,2455.9,9801.16796875,94777.8671875
1577.1879918575287,2,2311.0,12647.46484375,94777.8671875
1578.200865983963,2,4231.2,15763.44921875,94777.8671875
1579.2119073867798,2,4305.4,16237.3515625,94777.8671875
1580.2380003929138,2,4507.0,19410.8125,94777.8671875
1581.2649984359741,2,4571.1,23685.734375,94777.8671875
1582.2909948825836,2,4584.3,29852.24609375,94777.8671875
1583.3166556358337,2,4261.2,19735.734375,94777.8671875
1584.3299901485443,2,4458.6,23810.6640625,94777.8671875
1585.3539974689484,2,4227.9,24808.63671875,94777.8671875
1586.3789920806885,2,4301.5,25154.98828125,94777.8671875
1587.3994388580322,2,3311.5,25513.35546875,94777.8671875
1588.416000366211,2,3308.4,25860.80078125,94777.8671875
1589.4429941177368,2,3142.9,25945.04296875,94777.8671875
1590.4539959430695,2,3860.5,26472.89453125,94777.8671875
1591.464921951294,2,3488.8,28111.6796875,94777.8671875
1592.4768199920654,2,1424.6,28264.73046875,94777.8671875
1593.486991405487,2,1401.7,28499.1484375,94777.8671875
1594.5069966316223,2,1028.8,28216.0703125,94777.8671875
1595.5199995040894,2,3825.4,28828.140625,94777.8671875
1596.5429165363312,2,3167.7,29304.64453125,94777.8671875
1597.5510821342468,2,564.5,29527.6171875,94777.8671875
1598.5590875148773,2,586.5,7757.19921875,94777.8671875
1599.5684666633606,2,961.4,9471.72265625,94777.8671875
1600.577986240387,2,2830.0,9710.46484375,94777.8671875
1601.6265449523926,2,2426.7,13462.94921875,94777.8671875
1602.6419868469238,2,4277.3,15689.13671875,94777.8671875
1603.6659970283508,2,4301.7,16156.08203125,94777.8671875
1604.6945736408234,2,4508.2,20197.83984375,94777.8671875
1605.7199957370758,2,4639.0,25849.4140625,94777.8671875
1606.749142408371,2,4610.4,29841.38671875,94777.8671875
1607.7709975242615,2,3933.3,20503.640625,94777.8671875
1608.7970101833344,2,4335.9,24495.29296875,94777.8671875
1609.8069961071014,2,4375.8,24808.03125,94777.8671875
1610.8319988250732,2,4232.7,25273.6171875,94777.8671875
1611.8530073165894,2,3244.5,25541.07421875,94777.8671875
1612.87961769104,2,2974.3,25816.6328125,94777.8671875
1613.888641834259,2,3235.8,25807.75390625,94777.8671875
1614.8969902992249,2,3982.8,26518.6484375,94777.8671875
1615.9104323387146,2,3152.5,28269.609375,94777.8671875
1616.92027926445,2,1256.7,28347.3125,94777.8671875
1617.929991722107,2,1456.2,28212.81640625,94777.8671875
1618.9401540756226,2,906.4,28226.51953125,94777.8671875
1619.9499926567078,2,4127.7,28691.84765625,94777.8671875
1620.9618911743164,2,2900.4,29366.890625,94777.8671875
1621.9727342128754,2,650.7,29541.859375,94777.8671875
1622.9839181900024,2,529.5,7898.6328125,94777.8671875
1623.9922347068787,2,915.8,9763.671875,94777.8671875
1625.0009858608246,2,2651.9,9945.17578125,94777.8671875
1626.05087351799,2,2263.0,12839.26171875,94777.8671875
1627.0721843242645,2,4285.2,15941.73828125,94777.8671875
1628.0807745456696,2,4254.9,16534.40625,94777.8671875
1629.0890033245087,2,4507.0,19797.5546875,94777.8671875
1630.1169111728668,2,4565.5,23704.30859375,94777.8671875
1631.1529965400696,2,4571.8,28764.6953125,94777.8671875
1632.178566455841,2,4520.7,19832.06640625,94777.8671875
1633.1878778934479,2,4306.6,23622.25,94777.8671875
1634.2059893608093,2,4147.9,25252.265625,94777.8671875
1635.2269010543823,2,4377.3,25453.02734375,94777.8671875
1636.249012708664,2,3714.8,25720.91015625,94777.8671875
1637.2564594745636,2,2911.3,26208.2890625,94777.8671875
1638.264990568161,2,3952.9,26399.24609375,94777.8671875
1639.2759902477264,2,2759.5,26480.37890625,94777.8671875
1640.2909898757935,2,4291.6,27813.9296875,94777.8671875
1641.3112125396729,2,2209.6,28848.234375,94777.8671875
1642.3189115524292,2,1179.2,28789.12890625,94777.8671875
1643.3255155086517,2,1464.8,28748.26953125,94777.8671875
1644.332460641861,2,1677.3,28915.8125,94777.8671875
1645.3449938297272,2,4341.2,29462.80859375,94777.8671875
1646.3668041229248,2,2045.9,29841.1953125,94777.8671875
1647.3759982585907,2,739.7,30165.75390625,94777.8671875
1648.3844306468964,2,684.1,8325.8671875,94777.8671875
1649.3919866085052,2,2185.0,8893.39453125,94777.8671875
1650.4486320018768,2,3324.1,11902.19921875,94777.8671875
1651.461997270584,2,4299.2,13719.6015625,94777.8671875
1652.4889991283417,2,4550.1,19162.82421875,94777.8671875
1653.5150697231293,2,4322.2,15477.58203125,94777.8671875
1654.5290024280548,2,4382.2,17468.5390625,94777.8671875
1655.5447790622711,2,3385.0,17930.453125,94777.8671875
1656.5517494678497,2,3198.6,18122.64453125,94777.8671875
1657.5609912872314,2,3454.6,18791.3203125,94777.8671875
1658.5819923877716,2,2158.8,19308.5078125,94777.8671875
1659.5924756526947,2,1291.2,19195.47265625,94777.8671875
1660.598993062973,2,2877.3,19455.61328125,94777.8671875
1661.6135113239288,2,2400.2,19645.0546875,94777.8671875
1662.6234521865845,2,610.9,8244.1953125,94777.8671875
1663.631999015808,2,1492.2,9491.80859375,94777.8671875
1664.6949920654297,2,2840.7,11843.16796875,94777.8671875
1665.7079911231995,2,4448.9,14036.03515625,94777.8671875
1666.728836774826,2,4392.5,16286.16796875,94777.8671875
1667.7544074058533,2,4542.9,20969.609375,94777.8671875
1668.7819969654083,2,4486.9,18282.109375,94777.8671875
1669.8049926757812,2,4243.2,20031.68359375,94777.8671875
1670.8259904384613,2,4449.5,20180.34765625,94777.8671875
1671.8470134735107,2,3257.9,20444.98046875,94777.8671875
1672.877411365509,2,3410.4,20584.6953125,94777.8671875
1673.8869879245758,2,3485.3,20994.296875,94777.8671875
1674.901587486267,2,2982.6,22047.296875,94777.8671875
1675.9102911949158,2,1129.0,21889.18359375,94777.8671875
1676.9174025058746,2,1221.8,21894.578125,94777.8671875
1677.9275305271149,2,3996.8,22104.69140625,94777.8671875
1678.9446966648102,2,1769.7,22397.67578125,94777.8671875
1679.9532248973846,2,646.7,8256.765625,94777.8671875
1680.9619920253754,2,1808.8,9368.91796875,94777.8671875
1682.0170094966888,2,2804.9,12521.81640625,94777.8671875
1683.0419907569885,2,4284.2,14021.703125,94777.8671875
1684.0629951953888,2,4449.8,16590.90625,94777.8671875
1685.088994026184,2,4625.5,21588.25,94777.8671875
1686.1151576042175,2,4367.8,16663.4609375,94777.8671875
1687.1319913864136,2,4339.1,19814.1796875,94777.8671875
1688.1529932022095,2,4360.4,19999.7265625,94777.8671875
1689.1740086078644,2,3316.4,20243.94140625,94777.8671875
1690.2049942016602,2,3043.2,20501.6484375,94777.8671875
1691.2259888648987,2,3742.5,21172.421875,94777.8671875
1692.2557294368744,2,2090.6,21894.34375,94777.8671875
1693.2643501758575,2,1350.4,21760.2265625,94777.8671875
1694.2709879875183,2,1586.8,21866.4140625,94777.8671875
1695.2817027568817,2,4369.5,22108.54296875,94777.8671875
1696.289512872696,2,652.7,8179.71484375,96825.8828125
1697.297599554062,2,886.2,9053.41015625,94777.8671875
1698.3060014247894,2,2953.8,9406.73828125,94777.8671875
1699.329994916916,2,2818.3,13527.2421875,94777.8671875
1700.347990989685,2,4308.1,14122.36328125,94777.8671875
1701.3689992427826,2,4563.4,18150.6484375,94777.8671875
1702.3934063911438,2,4590.7,23467.51171875,94777.8671875
1703.4205074310303,2,4353.2,18612.71875,94777.8671875
1704.4349582195282,2,4454.7,19736.109375,94777.8671875
1705.4607753753662,2,3750.9,20047.27734375,94777.8671875
1706.4729948043823,2,2964.8,20323.32421875,94777.8671875
1707.4993314743042,2,2978.9,20426.83984375,94777.8671875
1708.5127730369568,2,4182.9,21390.546875,94777.8671875
1709.5218822956085,2,1331.2,21703.4921875,94777.8671875
1710.5293655395508,2,1279.4,21664.62109375,94777.8671875
1711.5419948101044,2,2906.0,21984.9921875,94777.8671875
1712.566532611847,2,2763.6,22171.44140625,94777.8671875
1713.57927775383,2,502.7,7914.57421875,94777.8671875
1714.5897238254547,2,1114.1,9128.51953125,94777.8671875
1715.5986051559448,2,2936.1,11128.70703125,94777.8671875
1716.6069922447205,2,3932.0,14075.71484375,94777.8671875
1717.6279981136322,2,4354.9,14784.15234375,94777.8671875
1718.6543414592743,2,4569.9,19473.98828125,94777.8671875
1719.6819970607758,2,4612.8,22273.4140625,94777.8671875
1720.7099995613098,2,4263.8,19465.4609375,94777.8671875
1721.7290000915527,2,4383.1,20002.8125,94777.8671875
1722.742994070053,2,3386.2,20404.05078125,94777.8671875
1723.75430393219,2,3417.4,20500.23828125,94777.8671875
1724.7629883289337,2,2816.4,20648.03515625,94777.8671875
1725.7776341438293,2,4027.4,21799.81640625,94777.8671875
1726.790521621704,2,1391.4,21937.2890625,94777.8671875
1727.7974691390991,2,1287.6,21882.24609375,94777.8671875
1728.8039917945862,2,2883.8,22151.69921875,94777.8671875
1729.816220998764,2,2923.0,22320.1328125,94777.8671875
1730.825959444046,2,596.7,7813.453125,94777.8671875
1731.8369979858398,2,1882.1,8752.78515625,94777.8671875
1732.8710107803345,2,3300.0,11528.03515625,94777.8671875
1733.8849892616272,2,4260.4,13377.1328125,94777.8671875
1734.9099938869476,2,4648.0,18725.3203125,94777.8671875
1735.9370012283325,2,4343.8,15355.88671875,94777.8671875
1736.951996564865,2,4371.7,17239.0625,94777.8671875
1737.96941781044,2,3336.7,17684.27734375,94777.8671875
1738.9797961711884,2,3269.2,17766.703125,94777.8671875
1739.9889914989471,2,3966.3,18634.2109375,94777.8671875
1740.9990670681,2,1658.4,18966.140625,94777.8671875
1742.012146472931,2,1213.4,18970.51953125,94777.8671875
1743.020759344101,2,3630.8,19041.1171875,94777.8671875
1744.0320117473602,2,1603.1,19451.9296875,94777.8671875
1745.0404539108276,2,822.1,8410.515625,94777.8671875
1746.0488858222961,2,2637.6,9010.828125,94777.8671875
1747.0589928627014,2,3323.7,12032.7734375,94777.8671875
1748.079998254776,2,4405.7,14924.2421875,94777.8671875
1749.106992483139,2,4591.8,19411.01171875,94777.8671875
1750.135567188263,2,4423.1,16475.08984375,94777.8671875
1751.1560034751892,2,4267.5,17395.13671875,94777.8671875
1752.1770176887512,2,3354.9,17733.31640625,94777.8671875
1753.238094329834,2,3005.6,17935.4921875,94777.8671875
1754.246328830719,2,4001.0,19156.859375,94777.8671875
1755.2573554515839,2,1191.1,19217.4140625,94777.8671875
1756.263953447342,2,1189.6,19151.55859375,94777.8671875
1757.273990392685,2,4121.4,19362.66015625,94777.8671875
1758.2861959934235,2,1150.3,19713.19140625,94777.8671875
1759.2935411930084,2,969.6,8657.6328125,94777.8671875
1760.305436372757,2,2451.5,9981.10546875,94777.8671875
1761.3189952373505,2,4275.8,11538.921875,94777.8671875
1762.3398623466492,2,4564.0,16354.0859375,94777.8671875
1763.3695180416107,2,4109.4,15127.3359375,94777.8671875
1764.3949980735779,2,3853.5,15291.625,94777.8671875
1765.405996799469,2,3021.4,15441.84375,94777.8671875
1766.4199883937836,2,3525.3,16566.89453125,94777.8671875
1767.4309792518616,2,1178.5,16598.8984375,94777.8671875
1768.439002275467,2,2386.8,16780.2578125,94777.8671875
1769.4505550861359,2,2340.9,17059.48828125,94777.8671875
1770.4602680206299,2,813.2,7950.65234375,94777.8671875
1771.4699881076813,2,2575.9,8663.1171875,94777.8671875
1772.5270171165466,2,3194.8,12886.15625,95225.8671875
1773.5348420143127,2,4314.5,13284.23828125,95225.8671875
1774.548017501831,2,4479.2,13685.82421875,95225.8671875
1775.5599992275238,2,4216.1,16397.984375,95225.8671875
1776.5860104560852,2,3511.7,16599.94921875,95225.8671875
1777.61301612854,2,2964.4,16854.0703125,95225.8671875
1778.6299886703491,2,3325.7,17884.1015625,95225.8671875
1779.642242193222,2,3859.6,19269.1953125,95225.8671875
1780.6549890041351,2,1290.1,19126.74609375,95225.8671875
1781.6619892120361,2,4040.7,19337.8671875,95225.8671875
1782.6739280223846,2,1877.3,19591.703125,95225.8671875
1783.682104587555,2,1319.7,8360.13671875,95225.8671875
1784.6919884681702,2,2794.6,8833.359375,95225.8671875
1785.7141752243042,2,3447.3,13290.44140625,95225.8671875
1786.7239985466003,2,4507.4,14658.26953125,95225.8671875
1787.7509922981262,2,4419.3,15081.37890625,95225.8671875
1788.7689979076385,2,4175.8,16574.33203125,95225.8671875
1789.78240442276,2,3137.6,16850.19921875,95225.8671875
1790.7914245128632,2,3045.7,17110.45703125,95225.8671875
1791.801854133606,2,4394.3,18795.203125,95225.8671875
1792.8119885921478,2,2628.5,19193.28125,95225.8671875
1793.820989370346,2,2274.7,19402.48046875,95225.8671875
1794.8351702690125,2,3921.5,19634.50390625,95225.8671875
1795.8440210819244,2,667.1,8893.06640625,97273.8828125
1796.85285115242,2,2051.7,8836.6328125,95225.8671875
1797.8628873825073,2,2967.5,11563.01953125,95225.8671875
1798.8769888877869,2,4324.1,13414.64453125,95225.8671875
1799.8961369991302,2,4492.8,16932.04296875,95225.8671875
1800.9239945411682,2,4174.1,16504.3046875,95225.8671875
1801.9483630657196,2,3629.9,16742.7421875,95225.8671875
1802.9560000896454,2,3192.6,16944.265625,95225.8671875
1803.9749956130981,2,3616.9,17694.3515625,95225.8671875
1804.9891192913055,2,4058.5,18810.66015625,95225.8671875
1806.0000100135803,2,1528.8,19098.26171875,95225.8671875
1807.008990764618,2,3693.7,19284.48828125,95225.8671875
1808.0221238136292,2,2326.0,19588.609375,95225.8671875
1809.033961057663,2,918.4,8164.01953125,95225.8671875
1810.0439870357513,2,2665.0,8806.1953125,95225.8671875
1811.0879867076874,2,3447.5,13150.6484375,95225.8671875
1812.1179990768433,2,4347.8,14208.3359375,95225.8671875
1813.1440086364746,2,4541.9,14474.26171875,95225.8671875
1814.1599900722504,2,4258.8,16483.578125,95225.8671875
1815.1792526245117,2,3197.3,16737.47265625,95225.8671875
1816.1868314743042,2,2768.9,17031.171875,95225.8671875
1817.1989884376526,2,4357.3,18505.57421875,95225.8671875
1818.2205517292023,2,2931.2,19074.0390625,95225.8671875
1819.2279887199402,2,1826.8,19254.265625,95225.8671875
1820.2420914173126,2,4416.6,19377.1015625,95225.8671875
1821.249430179596,2,776.7,8104.51171875,97273.8828125
1822.2573504447937,2,1964.2,8662.6640625,95225.8671875
1823.2669939994812,2,2426.0,10070.52734375,95225.8671875
1824.2859921455383,2,4334.3,13321.27734375,95225.8671875
1825.3084697723389,2,4526.9,16126.68359375,95225.8671875
1826.3319902420044,2,4225.1,16383.91796875,95225.8671875
1827.3530087471008,2,3595.8,16732.38671875,95225.8671875
1828.3796441555023,2,3381.5,16963.171875,95225.8671875
1829.3866233825684,2,3350.5,17484.1640625,95225.8671875
1830.3969929218292,2,4258.5,18789.38671875,95225.8671875
1831.419005870819,2,1714.9,19046.94140625,95225.8671875
1832.4269919395447,2,3365.3,19262.77734375,95225.8671875
1833.4429893493652,2,2654.4,19566.7734375,95225.8671875
1834.4517669677734,2,757.8,8113.63671875,95225.8671875
1835.4612965583801,2,2450.4,8840.6796875,95225.8671875
1836.4884572029114,2,3622.2,12963.30859375,95225.8671875
1837.499003648758,2,4296.8,13423.63671875,95225.8671875
1838.5110008716583,2,4529.2,13812.21484375,95225.8671875
1839.5280046463013,2,4236.2,16558.71484375,95225.8671875
1840.552892446518,2,3588.7,16783.68359375,95225.8671875
1841.5795311927795,2,2750.1,17044.0703125,95225.8671875
1842.5896363258362,2,3952.9,18240.84375,95225.8671875
1843.6007008552551,2,3548.3,19261.4375,95225.8671875
1844.6099920272827,2,1352.5,19306.328125,95225.8671875
1845.618791103363,2,4371.3,19393.30859375,95225.8671875
1846.6302046775818,2,1437.0,19762.95703125,95225.8671875
1847.6392052173615,2,1614.0,8565.1875,95225.8671875
1848.649121761322,2,2446.1,9545.5859375,95225.8671875
1849.6629943847656,2,4016.3,13323.87109375,95225.8671875
1850.688999414444,2,4506.9,15330.15625,95225.8671875
1851.7149975299835,2,4474.5,15822.29296875,95225.8671875
1852.7294292449951,2,3871.3,16722.9765625,95225.8671875
1853.7415618896484,2,3159.3,16877.4296875,95225.8671875
1854.7506444454193,2,3007.3,17145.66015625,95225.8671875
1855.762995004654,2,4395.1,18725.64453125,95225.8671875
1856.7833938598633,2,2453.4,19179.09375,95225.8671875
1857.7899947166443,2,2395.5,19314.94140625,95225.8671875
1858.802541732788,2,3827.7,19539.77734375,95225.8671875
1859.8116421699524,2,628.2,9312.1953125,97273.8828125
1860.8191907405853,2,2149.8,8703.1796875,95225.8671875
1861.8299944400787,2,3096.6,11701.87890625,95225.8671875
1862.843991279602,2,4335.2,13383.95703125,95225.8671875
1863.865002155304,2,4500.7,16969.921875,95225.8671875
1864.8919897079468,2,4150.8,16423.01953125,95225.8671875
1865.9130132198334,2,3586.6,16702.73828125,95225.8671875
1866.9399960041046,2,3090.8,16953.44140625,95225.8671875
1867.9668245315552,2,3642.7,17731.37890625,95225.8671875
1868.9819905757904,2,4023.8,19034.64453125,95225.8671875
1870.0022690296173,2,1441.3,19108.60546875,95225.8671875
1871.011996269226,2,3842.0,19297.828125,95225.8671875
1872.0205097198486,2,2228.9,19629.83203125,95225.8671875
1873.0281252861023,2,1096.5,8203.984375,95225.8671875
1874.037987947464,2,2725.5,8756.8515625,95225.8671875
1875.0669968128204,2,3549.9,13148.5859375,95225.8671875
1876.0880012512207,2,4385.1,14345.0703125,95225.8671875
1877.113933801651,2,4422.1,14470.93359375,95225.8671875
1878.1299953460693,2,4276.4,16603.26953125,95225.8671875
1879.1508584022522,2,3172.5,16798.30078125,95225.8671875
1880.1589987277985,2,2789.5,17057.7578125,95225.8671875
1881.1724650859833,2,4177.9,18358.09375,95225.8671875
1882.184236049652,2,3166.0,19210.8125,95225.8671875
1883.1913950443268,2,1632.8,19270.625,95225.8671875
1884.2031903266907,2,4427.6,19391.34765625,95225.8671875
1885.2155482769012,2,1088.6,17807.5,95225.8671875
1886.2231307029724,2,1835.6,8604.12890625,95225.8671875
1887.2327337265015,2,2278.3,9946.40625,95225.8671875
1888.2448363304138,2,4304.5,13279.70703125,95225.8671875
1889.2665083408356,2,4513.7,15769.90234375,95225.8671875
1890.293579339981,2,4310.8,16395.15625,95225.8671875
1891.302148103714,2,3765.3,16677.53515625,95225.8671875
1892.3142104148865,2,3447.9,16856.07421875,95225.8671875
1893.3234417438507,2,3080.5,17346.68359375,95225.8671875
1894.335990190506,2,4371.4,18676.37109375,95225.8671875
1895.3517081737518,2,2049.9,19095.42578125,95225.8671875
1896.3619937896729,2,2879.9,19300.0390625,95225.8671875
1897.3767960071564,2,3267.8,19466.99609375,95225.8671875
1898.3852772712708,2,575.3,9706.48046875,97273.8828125
1899.3934588432312,2,2194.2,8654.6328125,95225.8671875
1900.4029948711395,2,3513.6,12348.26953125,95225.8671875
1901.4189908504486,2,4328.9,13303.25,95225.8671875
1902.440031528473,2,4512.0,16750.88671875,95225.8671875
1903.4639925956726,2,4201.5,16408.09375,95225.8671875
1904.4882559776306,2,3566.8,16658.94140625,95225.8671875
1905.5160458087921,2,2989.3,16993.125,95225.8671875
1906.5289869308472,2,3697.6,17949.35546875,95225.8671875
1907.538988828659,2,3819.7,19140.89453125,95225.8671875
1908.5513217449188,2,1215.9,19101.296875,95225.8671875
1909.558988571167,2,4180.0,19316.9296875,95225.8671875
1910.5720620155334,2,1783.6,19651.875,95225.8671875
1911.5794546604156,2,1358.0,8397.16015625,95225.8671875
1912.5891149044037,2,2674.7,9061.10546875,95225.8671875
1913.5969903469086,2,3573.4,13248.77734375,95225.8671875
1914.6180036067963,2,4455.3,14627.140625,95225.8671875
1915.6449935436249,2,4505.8,15245.05859375,95225.8671875
1916.660899400711,2,4157.0,16519.3203125,95225.8671875
1917.670880317688,2,3110.8,16696.3046875,95225.8671875
1918.683920621872,2,2779.9,16944.45703125,95225.8671875
1919.7069923877716,2,4344.4,18461.0078125,95225.8671875
1920.7233130931854,2,2699.6,18972.2421875,95225.8671875
1921.7301630973816,2,2104.9,19157.69140625,95225.8671875
1922.741619348526,2,4208.4,19329.3671875,95225.8671875
1923.7506866455078,2,689.6,8449.47265625,97273.8828125
1924.7599875926971,2,2002.7,8643.11328125,95225.8671875
1925.7709991931915,2,2685.9,11183.44140625,95225.8671875
1926.790990114212,2,4305.1,13283.81640625,95225.8671875
1927.8120002746582,2,4556.4,16448.14453125,95225.8671875
1928.8364276885986,2,4224.1,16280.1015625,95225.8671875
1929.8450093269348,2,3681.2,16599.09375,95225.8671875
1930.8770020008087,2,3207.4,16852.1015625,95225.8671875
1931.9030694961548,2,3511.1,17505.97265625,95225.8671875
1932.912891626358,2,4196.2,18677.984375,95225.8671875
1933.9201197624207,2,1466.7,19026.16015625,95225.8671875
1934.9289889335632,2,3637.2,19182.05859375,95225.8671875
1935.9437243938446,2,2376.4,19488.2734375,95225.8671875
1936.9517738819122,2,856.8,8100.9375,95225.8671875
1937.9614284038544,2,3200.5,10841.8984375,95225.8671875
1938.9750003814697,2,4243.8,12941.8984375,95225.8671875
1939.9909889698029,2,4153.0,14380.4453125,95225.8671875
1941.004707813263,2,3491.0,14621.75390625,95225.8671875
1942.0148985385895,2,3813.1,15407.40234375,95225.8671875
1943.027348279953,2,2923.9,16314.3671875,95225.8671875
1944.037987947464,2,2952.0,16408.12890625,95225.8671875
1945.0484597682953,2,2125.3,16721.0859375,95225.8671875
1946.0609056949615,2,1631.9,8653.33984375,95225.8671875
1947.1129939556122,2,3699.1,11591.9453125,95225.8671875
1948.1340022087097,2,4414.2,12705.7109375,95225.8671875
1949.1467785835266,2,3920.6,14566.39453125,95225.8671875
1950.1599190235138,2,3126.5,14714.86328125,95225.8671875
1951.16899061203,2,4051.7,15929.19921875,95225.8671875
1952.189260005951,2,1721.3,16172.73828125,95225.8671875
1953.1984994411469,2,4079.8,16411.6328125,95225.8671875
1954.2062647342682,2,641.6,10032.4921875,97273.8828125
1955.2156772613525,2,2716.6,10070.75390625,95225.8671875
1956.2289967536926,2,4312.8,12099.89453125,95225.8671875
1957.2549920082092,2,4327.2,14123.8828125,95225.8671875
1958.2739980220795,2,3658.7,14483.55078125,95225.8671875
1959.2829897403717,2,3377.0,15081.8125,95225.8671875
1960.2944242954254,2,3457.9,16205.84375,95225.8671875
1961.3029923439026,2,2469.5,16221.80078125,95225.8671875
1962.3139338493347,2,2683.4,16513.57421875,95225.8671875
1963.3236196041107,2,1176.8,8430.515625,95225.8671875
1964.3329923152924,2,3549.9,11300.828125,95225.8671875
1965.3539984226227,2,4388.6,14085.9140625,95225.8671875
1966.3779890537262,2,4202.8,14369.58984375,95225.8671875
1967.3989970684052,2,3022.1,14739.53515625,95225.8671875
1968.413917541504,2,4009.6,15892.84765625,95225.8671875
1969.4272015094757,2,2158.2,16206.49609375,95225.8671875
1970.4369902610779,2,3937.8,16207.83984375,95225.8671875
1971.4494202136993,2,925.8,9275.05078125,97273.8828125
1972.458999633789,2,3185.4,9671.40234375,95225.8671875
1973.4741427898407,2,3617.7,10341.69140625,95225.8671875
1974.4860301017761,2,3210.6,10649.51171875,95225.8671875
1975.4953351020813,2,1218.6,8557.3671875,95225.8671875
1976.5039932727814,2,3596.8,11433.9609375,95225.8671875
1977.5229156017303,2,4319.2,14088.7890625,95225.8671875
1978.5449931621552,2,4174.8,14506.26171875,95225.8671875
1979.5630009174347,2,3279.0,14820.265625,95225.8671875
1980.581993818283,2,3871.7,15991.15625,95225.8671875
1981.5930066108704,2,2023.1,16268.6640625,95225.8671875
1982.6015257835388,2,3871.2,16246.734375,95225.8671875
1983.6134870052338,2,1000.4,9266.05078125,97273.8828125
1984.6219396591187,2,2558.6,10027.09765625,95225.8671875
1985.6346893310547,2,4377.8,11695.23828125,95225.8671875
1986.6466579437256,2,3467.7,12055.47265625,95225.8671875
1987.6578695774078,2,3826.3,13072.87890625,95225.8671875
1988.6669940948486,2,2880.4,13124.4609375,95225.8671875
1989.6822237968445,2,1046.3,8119.3671875,95225.8671875
1990.6919922828674,2,3322.0,10109.95703125,95225.8671875
1991.701990365982,2,4304.0,11956.4921875,95225.8671875
1992.720781326294,2,3045.1,12255.6015625,95225.8671875
1993.7365834712982,2,3631.9,13140.875,95225.8671875
1994.7449884414673,2,3198.8,13150.87109375,95225.8671875
1995.7564625740051,2,626.8,5369.41015625,88057.7109375
1996.7631702423096,2,78.3,5088.796875,88057.7109375
1997.7718234062195,2,104.2,4937.69140625,88057.7109375
