elapsed_time,nproc,cpu,mem_real,mem_virtual
3.814697265625e-05,1,0.0,5.03515625,7.5234375
1.0052666664123535,4,0.0,441.7109375,4206.9453125
2.013923168182373,4,99.2,621.171875,4420.9453125
3.0219500064849854,4,101.1,610.47265625,4452.9453125
4.030535936355591,4,99.2,619.7265625,4452.9453125
5.038396596908569,4,99.2,610.234375,4452.9453125
6.046637058258057,4,100.2,616.83203125,4500.9453125
7.054436206817627,4,99.2,607.36328125,4500.9453125
8.062509298324585,4,99.2,592.24609375,4500.9453125
9.070614099502563,4,100.0,612.05078125,4500.9453125
10.080217838287354,4,100.0,670.31640625,4500.9453125
11.090675830841064,4,99.0,717.6328125,4556.9453125
12.100557804107666,4,100.9,777.63671875,4626.9453125
13.110995769500732,4,100.0,827.63671875,4706.9453125
14.1213698387146,4,99.0,877.64453125,4706.9453125
15.13196063041687,4,100.0,925.640625,4802.9453125
16.14160466194153,4,100.0,970.44921875,4802.9453125
17.151889085769653,2,0.0,167.234375,244.359375
18.16161584854126,2,0.0,514.2421875,4729.609375
19.170916080474854,2,99.1,498.2421875,4729.609375
20.180355310440063,2,100.0,500.2421875,4729.609375
21.190440893173218,2,100.1,502.2421875,4729.609375
22.199034690856934,2,99.0,370.265625,4729.609375
23.209331035614014,2,2973.8,1420.8125,8976.0546875
24.230332136154175,2,4763.7,1954.6171875,9590.5546875
25.25033736228943,2,4773.3,2274.58984375,9924.5546875
26.275330781936646,2,4770.7,2408.609375,10150.5546875
27.300330877304077,2,4768.5,2441.35546875,10224.5390625
28.326313018798828,2,4764.7,2482.84375,10370.5390625
29.35103178024292,2,4759.4,2599.68359375,10564.5390625
30.376331329345703,2,4762.0,2648.03515625,10673.5390625
31.402331352233887,2,4760.0,2637.2578125,10745.5390625
32.42698383331299,2,4763.9,2711.9453125,10889.5390625
33.45133709907532,2,4755.4,2815.609375,11053.5390625
34.47608256340027,2,4761.2,2903.0625,11168.5390625
35.501335859298706,2,4758.9,2920.09765625,11319.5390625
36.5143346786499,2,4763.2,2890.24609375,11360.5390625
37.538816690444946,2,4758.5,2861.9140625,11415.5390625
38.56433343887329,2,4748.6,2814.796875,11469.5390625
39.58909368515015,2,4760.5,2829.578125,11507.5390625
40.614333152770996,2,4752.1,2849.51171875,11600.5390625
41.63933610916138,2,4760.1,2780.18359375,11608.5390625
42.66399574279785,2,4751.9,2763.8671875,11672.5390625
43.68967795372009,2,4754.2,2812.984375,11750.5390625
44.717392683029175,2,4757.6,2800.3046875,11783.5390625
45.72988295555115,2,4766.6,2771.07421875,11791.5390625
46.75533604621887,2,4754.7,2842.97265625,11839.5390625
47.78032922744751,2,4761.4,2762.01953125,11869.5390625
48.80532956123352,2,4753.8,2757.68359375,11900.5390625
49.829814434051514,2,4759.8,2806.2578125,11976.5390625
50.85420536994934,2,4761.3,2813.05859375,11990.5390625
51.87932991981506,2,4760.6,2751.140625,11990.5390625
52.90633201599121,2,4764.9,2783.58984375,12078.5390625
53.930747509002686,2,4752.9,2750.24609375,12124.5390625
54.95450282096863,2,4761.3,2791.89453125,12222.5390625
55.979331254959106,2,4758.7,2752.96875,12250.5390625
57.00492191314697,2,4762.1,2766.90234375,12322.5390625
58.029327392578125,2,4757.4,2809.94921875,12342.5390625
59.056931495666504,2,4760.3,2752.90625,12342.5390625
60.080591440200806,2,4756.4,2870.02734375,12418.5390625
61.104331493377686,2,4766.9,2875.05078125,12434.5390625
62.12932801246643,2,4756.7,2914.41796875,12524.5390625
63.15433359146118,2,4754.8,2922.53515625,12572.5390625
64.17919135093689,2,4759.7,2893.7421875,12606.5390625
65.19733095169067,2,4760.9,2885.71875,12622.5390625
66.21372103691101,2,4751.7,2927.66796875,12664.5390625
67.23833107948303,2,4761.1,2919.75390625,12684.5390625
68.26402258872986,2,4768.6,2960.01171875,12728.5390625
69.28933215141296,2,4757.4,2959.97265625,12740.5390625
70.31380033493042,2,4756.4,3104.50390625,12760.5390625
71.33807396888733,2,4754.4,3217.0390625,12856.5390625
72.36333322525024,2,4760.8,3195.10546875,12856.5390625
73.38833236694336,2,4763.3,3177.60546875,12868.5390625
74.4133312702179,2,4756.2,3252.62109375,12924.5390625
75.4383327960968,2,4746.7,3205.09375,12996.5390625
76.46333003044128,2,4757.6,3401.1953125,13180.5390625
77.48833465576172,2,4759.4,3392.328125,13180.5390625
78.51334547996521,2,4754.3,3393.4765625,13212.5390625
79.53833389282227,2,4746.6,3551.5390625,13394.5390625
80.56428074836731,2,4753.1,3535.76171875,13450.5390625
81.58933115005493,2,4751.6,3497.84765625,13464.5390625
82.6143307685852,2,4756.2,3501.734375,13504.5390625
83.62678360939026,2,4755.5,3677.31640625,13634.5390625
84.65233206748962,2,4754.0,3543.203125,13698.5390625
85.67803359031677,2,4752.0,3528.3125,13712.5390625
86.7017810344696,2,4745.8,3630.55859375,13736.5390625
87.72669100761414,2,4744.0,3595.421875,13808.5390625
88.74835157394409,2,4752.3,3566.77734375,13824.5390625
89.77232694625854,2,4752.8,3645.32421875,13910.5390625
90.79733324050903,2,4753.4,3643.73828125,13934.5390625
91.82215976715088,2,4755.3,3683.85546875,14048.5390625
92.84733247756958,2,4752.4,3598.39453125,14048.5390625
93.87171411514282,2,4748.9,3514.69140625,14048.5390625
94.8959310054779,2,4758.3,3553.51953125,14052.5390625
95.92133283615112,2,4735.4,3538.33984375,14088.5390625
96.94631552696228,2,4757.3,3884.5546875,14356.5390625
97.97133374214172,2,4748.7,3887.7109375,14384.5390625
98.99733567237854,2,4750.0,3953.94921875,14412.5390625
100.01033163070679,2,4753.8,3967.89453125,14508.5390625
101.03511619567871,2,4752.6,4315.71484375,14786.5390625
102.06033301353455,2,4750.8,4598.3671875,15104.5390625
103.08533310890198,2,4750.7,4683.59765625,15158.5390625
104.11002850532532,2,4752.5,4685.82421875,15158.5390625
105.13533282279968,2,4750.8,4709.84765625,15158.5390625
106.16033053398132,2,4749.3,4654.234375,15158.5390625
107.1863260269165,2,4749.4,4593.67578125,15158.5390625
108.21132922172546,2,4743.9,4493.1640625,15220.5390625
109.23732876777649,2,4754.5,4730.53515625,15422.5390625
110.26194596290588,2,4740.5,4665.83984375,15422.5390625
111.28734683990479,2,4760.4,4630.60546875,15454.5390625
112.30975484848022,2,4754.9,4606.99609375,15454.5390625
113.33532977104187,2,4752.4,4551.8671875,15454.5390625
114.35997104644775,2,4745.7,4491.44140625,15482.5390625
115.38533234596252,2,4751.8,4497.85546875,15542.5390625
116.41033458709717,2,4756.2,4512.03125,15614.5390625
117.43517565727234,2,4758.0,4465.0625,15658.5390625
118.44833278656006,2,4752.6,4578.2890625,15658.5390625
119.47333240509033,2,4753.1,4592.26171875,15732.5390625
120.49793910980225,2,4739.5,4588.4375,15756.5390625
121.52133059501648,2,4745.2,4558.12109375,15784.5390625
122.54633498191833,2,4748.8,4533.890625,15784.5390625
123.57076835632324,2,4742.8,4580.95703125,15844.5390625
124.58832955360413,2,4740.8,4558.63671875,15872.5390625
125.61300945281982,2,4745.1,4658.43359375,15888.5390625
126.63851594924927,2,4740.7,4651.98828125,15888.5390625
127.66332840919495,2,4744.4,4754.765625,15888.5390625
128.6888711452484,2,4734.4,4671.87109375,15920.5390625
129.71350646018982,2,4738.6,4585.2578125,15920.5390625
130.7363293170929,2,4742.2,4499.1015625,15920.5390625
131.76164078712463,2,4728.7,4782.48828125,16130.5390625
132.7783317565918,2,4741.5,5050.50390625,16386.5390625
133.80332946777344,2,4702.5,4999.6015625,16460.5390625
134.8277530670166,2,4731.9,5021.2578125,16516.5390625
135.85233426094055,2,4743.4,4972.46875,16516.5390625
136.87774872779846,2,4745.4,4966.56640625,16516.5390625
137.89032745361328,2,4741.2,4853.87890625,16516.5390625
138.91533017158508,2,4754.9,4850.74609375,16516.5390625
139.9399254322052,2,4741.9,4902.33984375,16548.5390625
140.96533060073853,2,4743.9,4867.66015625,16588.5390625
141.98994421958923,2,4751.7,4885.87109375,16640.5390625
143.01461172103882,2,4737.4,4824.8125,16670.5390625
144.03933143615723,2,4755.6,4724.6875,16670.5390625
145.06433415412903,2,4738.4,4589.94140625,16694.5390625
146.08957982063293,2,4740.7,4550.25390625,16694.5390625
147.11433959007263,2,4743.7,4541.5390625,16694.5390625
148.13932824134827,2,4740.4,4487.07421875,16714.5390625
149.16409301757812,2,4749.3,4461.25390625,16714.5390625
150.18933129310608,2,4743.4,4445.98828125,16714.5390625
151.21433186531067,2,4753.7,4426.8203125,16746.5390625
152.23933720588684,2,4749.8,4516.8828125,16746.5390625
153.26033091545105,2,4748.7,4472.3359375,16746.5390625
154.28532648086548,2,4747.7,4456.19921875,16746.5390625
155.31032800674438,2,4745.5,4442.890625,16778.5390625
156.33486986160278,2,4747.2,4392.04296875,16778.5390625
157.36033582687378,2,4757.9,4527.4609375,16838.5390625
158.3813292980194,2,4752.6,4589.9140625,16930.5390625
159.406325340271,2,4752.8,4625.5234375,16988.5390625
160.43133234977722,2,4753.9,4647.01953125,16988.5390625
161.44832611083984,2,4753.2,4524.94140625,16988.5390625
162.47333121299744,2,4747.5,4407.09375,16988.5390625
163.49733328819275,2,4749.6,4435.765625,16988.5390625
164.52180743217468,2,4753.7,4571.59765625,16988.5390625
165.5473291873932,2,4747.7,4512.65625,16988.5390625
166.57233452796936,2,4746.7,4484.67578125,16988.5390625
167.59716391563416,2,4746.0,4581.4453125,16988.5390625
168.62233114242554,2,4744.3,4556.6328125,16988.5390625
169.6473286151886,2,4748.6,4661.2578125,16988.5390625
170.67219257354736,2,4757.4,4731.0234375,17080.5390625
171.69733023643494,2,4747.1,4695.2265625,17080.5390625
172.72234201431274,2,4758.6,4771.06640625,17080.5390625
173.7472620010376,2,4750.6,4778.8515625,17116.5390625
174.77197098731995,2,4753.3,4648.328125,17116.5390625
175.79633474349976,2,4734.6,4678.29296875,17116.5390625
176.82134246826172,2,4743.4,4701.21484375,17200.5390625
177.8473346233368,2,4731.0,4605.140625,17200.5390625
178.87233519554138,2,4741.9,4524.15234375,17200.5390625
179.89806628227234,2,4749.8,4580.6953125,17200.5390625
180.92333436012268,2,4745.5,4670.6875,17200.5390625
181.9493350982666,2,4753.1,4786.98828125,17200.5390625
182.97398471832275,2,4749.9,4901.67578125,17204.5390625
183.99833035469055,2,4750.3,4974.2578125,17256.5390625
185.02322936058044,2,4752.5,5212.0546875,17460.5390625
186.04933333396912,2,4728.2,5456.7578125,17738.5390625
187.0733346939087,2,4742.0,5527.25,17778.5390625
188.09816694259644,2,4754.2,5513.77734375,17778.5390625
189.12294340133667,2,4747.6,5445.21875,17778.5390625
190.14833879470825,2,4744.6,5512.7265625,17778.5390625
191.17333507537842,2,4751.2,5487.51171875,17778.5390625
192.1983358860016,2,4746.9,5468.91796875,17778.5390625
193.22433471679688,2,4747.2,5549.86328125,17798.5390625
194.24933338165283,2,4734.0,5649.26953125,17946.5390625
195.26593542099,2,4755.8,5735.43359375,17946.5390625
196.29132747650146,2,4761.0,5801.91796875,17946.5390625
197.31599712371826,2,4746.5,5775.97265625,17946.5390625
198.340327501297,2,4746.8,5764.125,17946.5390625
199.36633253097534,2,4754.6,5777.09375,17946.5390625
200.39079570770264,2,4737.1,5770.5703125,17946.5390625
201.41632866859436,2,4747.1,5907.4453125,17978.5390625
202.4413321018219,2,4753.2,5906.4921875,17978.5390625
203.46590614318848,2,4749.3,5858.51953125,18006.5390625
204.49132990837097,2,4740.4,5862.91796875,18066.5390625
205.51572132110596,2,4752.0,5787.5703125,18066.5390625
206.54133415222168,2,4734.2,5878.828125,18198.5390625
207.56627464294434,2,4752.3,5980.98828125,18198.5390625
208.59081721305847,2,4751.2,5984.50390625,18198.5390625
209.61633157730103,2,4752.1,5990.67578125,18230.5390625
210.64084458351135,2,4741.8,6021.59375,18230.5390625
211.6663327217102,2,4742.1,6000.1015625,18282.5390625
212.69033479690552,2,4737.5,5931.65625,18282.5390625
213.71533298492432,2,4741.6,5852.140625,18282.5390625
214.73533010482788,2,4738.1,5773.203125,18282.5390625
215.76085758209229,2,4742.6,5781.1875,18282.5390625
216.78633069992065,2,4745.3,5709.73046875,18282.5390625
217.80733156204224,2,4740.1,5776.7578125,18282.5390625
218.83154129981995,2,4736.1,5683.390625,18282.5390625
219.85733008384705,2,4712.9,5668.06640625,18410.5390625
220.88188076019287,2,4747.9,5685.9296875,18410.5390625
221.905681848526,2,4744.1,5688.6015625,18570.5390625
222.93133354187012,2,4735.8,5426.41796875,18602.5390625
223.95592999458313,2,4750.6,5409.01171875,18630.5390625
224.98133182525635,2,4749.0,5430.35546875,18706.5390625
226.0023319721222,2,4734.6,5312.5625,18754.5390625
227.02732968330383,2,4734.0,5250.62109375,18754.5390625
228.05201721191406,2,4737.7,5216.6484375,18754.5390625
229.06533479690552,2,4732.4,5206.9375,18754.5390625
230.09133291244507,2,4748.1,5219.69140625,18754.5390625
231.11733388900757,2,4747.5,5187.59375,18754.5390625
232.1413335800171,2,4754.4,5241.19140625,18754.5390625
233.15433287620544,2,4744.7,5332.890625,18754.5390625
234.17932891845703,2,4748.3,5266.65625,18774.5390625
235.20432996749878,2,4738.9,5327.5390625,18866.5390625
236.22974014282227,2,4751.9,5268.75390625,18866.5390625
237.25133204460144,2,4752.1,5286.98046875,18866.5390625
238.2753381729126,2,4751.5,5469.671875,18866.5390625
239.30012464523315,2,4752.2,5640.08203125,18922.5390625
240.3253333568573,2,4760.8,5641.09375,18922.5390625
241.34805560112,2,4741.0,5755.27734375,18982.5390625
242.37379097938538,2,4738.7,5818.78125,19138.5390625
243.39933156967163,2,4746.1,6056.140625,19206.5390625
244.424325466156,2,4739.1,6585.94921875,19672.5390625
245.45102429389954,2,4725.2,6615.0,19784.5390625
246.47532987594604,2,4734.7,6611.94921875,19896.5390625
247.5003366470337,2,4723.6,6680.70703125,19956.5390625
248.52514386177063,2,4706.6,6390.7734375,20084.5390625
249.55033612251282,2,4743.8,6374.16015625,20212.5390625
250.57523369789124,2,4746.0,6386.3125,20212.5390625
251.60033178329468,2,4733.0,6447.0703125,20212.5390625
252.6253297328949,2,4750.5,6394.21484375,20212.5390625
253.64997029304504,2,4744.1,6449.4453125,20244.5390625
254.67532968521118,2,4741.6,6350.75,20284.5390625
255.70032596588135,2,4748.0,6476.15234375,20284.5390625
256.7250452041626,2,4739.3,6717.19140625,20448.5390625
257.75032687187195,2,4752.0,6661.69921875,20448.5390625
258.77472400665283,2,4747.9,6737.5546875,20452.5390625
259.79833006858826,2,4744.9,6898.4296875,20452.5390625
260.8238453865051,2,4740.8,6899.28125,20452.5390625
261.84933400154114,2,4737.6,6886.13671875,20452.5390625
262.87399101257324,2,4739.1,6879.0546875,20452.5390625
263.89933371543884,2,4730.8,7013.8671875,20452.5390625
264.92433309555054,2,4715.9,6970.39453125,20508.5390625
265.949782371521,2,4731.4,6908.3203125,20508.5390625
266.9753324985504,2,4739.5,6909.828125,20508.5390625
268.0000579357147,2,4732.2,6860.48828125,20512.5390625
269.0253324508667,2,4741.1,6926.42578125,20512.5390625
270.0499749183655,2,4736.7,6894.62109375,20512.5390625
271.07533073425293,2,4744.1,6814.69140625,20512.5390625
272.0998103618622,2,4749.2,6820.89453125,20512.5390625
273.1253340244293,2,4734.9,6754.546875,20512.5390625
274.14232993125916,2,4742.5,6807.84765625,20512.5390625
275.1671359539032,2,4746.4,6857.5859375,20512.5390625
276.19433665275574,2,4746.4,6944.70703125,20548.5390625
277.2188422679901,2,4751.7,6989.12890625,20588.5390625
278.2434937953949,2,4757.6,6984.3046875,20588.5390625
279.2693293094635,2,4735.5,7020.37109375,20588.5390625
280.29403257369995,2,4743.2,7173.75390625,20592.5390625
281.31932973861694,2,4743.9,7133.375,20592.5390625
282.3439779281616,2,4735.9,7486.98828125,20752.5390625
283.36932849884033,2,4743.2,7682.48046875,21004.5390625
284.39433097839355,2,4741.3,7627.7265625,21136.5390625
285.4193286895752,2,4743.8,7724.55078125,21172.5390625
286.4443302154541,2,4744.3,7659.23046875,21264.5390625
287.4691023826599,2,4742.6,7678.0703125,21264.5390625
288.49433636665344,2,4735.1,7676.3828125,21300.5390625
289.5188660621643,2,4604.1,7895.625,21394.5390625
290.53462052345276,2,4139.3,8403.62890625,21890.5390625
291.54733324050903,2,3847.3,8323.9609375,21938.5390625
292.55946588516235,2,3589.1,8310.70703125,22194.5390625
293.5714235305786,2,3467.8,7953.9296875,22338.5390625
294.58356523513794,2,3453.9,7862.15234375,22338.5390625
295.595175743103,2,3252.4,7674.0625,22426.5390625
296.60706543922424,2,2873.5,7319.30859375,22510.5390625
297.61873388290405,2,2699.4,7883.8046875,22510.5390625
298.6300745010376,2,2638.0,8495.3046875,23440.5390625
299.6418147087097,2,2423.4,9116.1953125,24312.5390625
300.6531648635864,2,2260.6,9162.94921875,24480.5390625
301.66351866722107,2,2106.7,9486.6796875,25312.5390625
302.67317175865173,2,2035.5,9306.1796875,25352.5390625
303.6827266216278,2,1832.1,9014.17578125,25456.5390625
304.6924993991852,2,1793.0,8820.6171875,25456.5390625
305.70312762260437,2,1792.5,8791.359375,25576.5390625
306.71345472335815,2,1795.0,8612.109375,25756.5390625
307.72291445732117,2,1792.5,8469.5625,25756.5390625
308.73269295692444,2,1792.1,8277.63671875,25756.5390625
309.74212312698364,2,1715.3,8339.72265625,25756.5390625
310.75126004219055,2,1640.6,8030.95703125,25756.5390625
311.7606236934662,2,1498.9,7916.08984375,25756.5390625
312.76933431625366,2,1397.8,7762.94140625,25756.5390625
313.7780878543854,2,1399.7,7730.26171875,25756.5390625
314.78685188293457,2,1363.1,7596.95703125,25756.5390625
315.7956111431122,2,1207.3,7453.94140625,25756.5390625
316.8036036491394,2,963.3,7375.21484375,25756.5390625
317.8116018772125,2,835.8,7501.24609375,25916.5390625
318.82022166252136,2,674.4,7074.56640625,26108.5390625
319.8284409046173,2,605.1,6910.59375,26108.5390625
320.8365797996521,2,513.2,6697.46875,26108.5390625
321.8439795970917,2,442.8,6484.375,26108.5390625
322.8512108325958,2,305.8,6297.265625,26108.5390625
323.8583548069,2,305.5,6074.9765625,26108.5390625
324.8663878440857,2,256.2,5861.0859375,26108.5390625
325.8735384941101,2,203.5,5922.3359375,26108.5390625
326.88076972961426,2,202.5,5827.265625,26108.5390625
327.8880639076233,2,203.4,5714.203125,26108.5390625
328.8961408138275,2,204.5,5602.62109375,26108.5390625
329.90361738204956,2,201.3,5540.6171875,26108.5390625
330.9119076728821,2,201.4,5471.9609375,26108.5390625
331.9198145866394,2,203.3,5366.7734375,26108.5390625
332.9279828071594,2,200.9,5315.65625,26108.5390625
333.9384617805481,2,201.2,5268.00390625,26108.5390625
334.9475374221802,2,202.1,5238.6171875,26108.5390625
335.95678186416626,2,201.0,5205.09765625,26108.5390625
336.9667363166809,2,201.0,5181.7421875,26108.5390625
337.9766676425934,2,201.0,5135.1328125,26108.5390625
338.9864706993103,2,201.1,5319.31640625,26108.5390625
339.9961495399475,2,201.8,5212.515625,26108.5390625
341.00682067871094,2,201.1,5195.31640625,26108.5390625
342.0161917209625,2,200.0,5172.88671875,26108.5390625
343.0263657569885,2,201.2,5149.17578125,26108.5390625
344.0353515148163,2,201.0,5127.046875,26108.5390625
345.0453734397888,2,202.0,5098.8984375,26332.5390625
346.0550434589386,2,200.1,5088.1875,26332.5390625
347.06440687179565,2,199.9,5383.828125,26332.5390625
348.07475543022156,2,202.0,5316.734375,26332.5390625
349.08467411994934,2,198.8,5264.99609375,26332.5390625
350.0955328941345,2,200.1,5343.078125,26332.5390625
351.1050651073456,2,202.1,5394.8203125,26332.5390625
352.1143834590912,2,204.9,5281.80078125,26332.5390625
353.1247465610504,2,207.9,5169.97265625,26332.5390625
354.1346797943115,2,207.0,5084.63671875,26332.5390625
355.144113779068,2,200.8,5102.7421875,26332.5390625
356.15490889549255,2,200.8,5271.2265625,26332.5390625
357.165828704834,2,200.0,5475.171875,26332.5390625
358.1755974292755,2,201.0,5657.81640625,26588.5390625
359.185506105423,2,205.8,4987.84765625,26588.5390625
360.19641280174255,2,201.1,4935.8359375,26588.5390625
361.2057650089264,2,202.1,4899.72265625,26588.5390625
362.2151851654053,2,201.1,4864.1171875,26588.5390625
363.22487115859985,2,202.0,4820.53515625,26588.5390625
364.23472356796265,2,134.7,4703.1640625,26588.5390625
365.24461245536804,2,104.0,4648.05859375,26588.5390625
366.25452280044556,2,102.9,4585.9765625,26588.5390625
367.264990568161,2,104.9,4345.51171875,26588.5390625
368.27537298202515,2,104.0,4372.65625,26588.5390625
369.2846345901489,2,102.0,4574.94140625,26588.5390625
370.29477405548096,2,106.8,4280.96875,26588.5390625
371.3056011199951,2,101.0,4393.96484375,26588.5390625
372.31549859046936,2,99.9,4244.1796875,26588.5390625
373.32613492012024,2,99.9,4471.71484375,26588.5390625
374.3372538089752,2,105.0,4148.07421875,26588.5390625
375.34720730781555,2,101.0,4098.5078125,26588.5390625
376.35744547843933,2,101.0,4045.87109375,26588.5390625
377.3674530982971,2,101.9,4001.4375,26588.5390625
378.3779752254486,2,102.0,3999.15625,26588.5390625
379.3877942562103,2,101.0,3974.1796875,26588.5390625
380.3976242542267,2,100.0,4217.1640625,26588.5390625
381.4081094264984,2,99.9,4039.44140625,26588.5390625
382.4186270236969,2,100.1,4039.44140625,26588.5390625
383.4279582500458,2,102.2,4022.50390625,26588.5390625
384.43618631362915,2,101.1,3992.0703125,26588.5390625
385.44504261016846,2,102.0,3969.78515625,26588.5390625
386.4550974369049,2,101.0,3941.2109375,26588.5390625
387.4650535583496,2,101.0,3959.06640625,26588.5390625
388.47485065460205,2,100.9,4115.3515625,26588.5390625
389.48593831062317,2,100.0,4046.3984375,26588.5390625
390.49602913856506,2,100.1,4046.3984375,26588.5390625
391.5045783519745,2,100.0,4046.3984375,26588.5390625
392.51432490348816,2,102.1,4016.8203125,26588.5390625
393.5230646133423,2,101.1,3990.76171875,26588.5390625
394.5320496559143,2,101.0,4123.54296875,26588.5390625
395.541631937027,2,99.9,4105.55859375,26588.5390625
396.552241563797,2,99.0,4228.12890625,26588.5390625
397.5622215270996,2,103.0,4193.16015625,26588.5390625
398.5720794200897,2,100.0,4122.703125,26588.5390625
399.58206725120544,2,99.0,4245.07421875,26588.5390625
400.5923492908478,2,100.0,4104.078125,26588.5390625
401.60201144218445,2,101.9,4102.203125,26588.5390625
402.6129570007324,2,102.0,4058.453125,26588.5390625
403.6229953765869,2,102.0,4010.046875,26588.5390625
404.6326627731323,2,101.9,3973.0390625,26588.5390625
405.64304065704346,2,106.8,3369.3984375,26588.5390625
406.6541154384613,2,824.9,3435.734375,26588.5390625
407.6627588272095,2,112.8,3577.171875,26732.55078125
408.67369294166565,2,106.9,3450.5390625,26732.62109375
409.68421244621277,2,110.9,3355.96875,26940.6328125
410.69532203674316,2,464.1,3707.3125,28276.6328125
411.7179899215698,2,1949.4,4258.3359375,28788.6328125
412.7269947528839,2,1175.8,6717.24609375,33908.70703125
413.7365691661835,2,1083.4,4773.87109375,32884.6796875
414.7471740245819,2,2060.8,3959.73046875,40692.6640625
415.7773187160492,2,4021.1,6607.8828125,46836.6640625
416.8013265132904,2,3881.7,6475.515625,46836.6640625
417.8213241100311,2,2673.3,6698.8515625,46836.6640625
418.8280682563782,2,2244.4,3574.73046875,44788.6328125
419.84041953086853,2,1788.2,3744.046875,46836.6640625
420.8491849899292,2,3832.1,5674.6328125,46836.6640625
421.8743209838867,2,4573.5,7402.0859375,46836.6640625
422.89508962631226,2,3289.2,7624.53515625,46836.6640625
423.90732312202454,2,3723.4,8472.59765625,46836.6640625
424.9231128692627,2,2177.4,8562.41796875,46836.6640625
425.9360136985779,2,2616.9,8564.91796875,46836.6640625
426.9483292102814,2,2280.1,3307.6015625,44788.6328125
427.9741036891937,2,4737.2,3232.48046875,44788.6328125
428.99895095825195,2,4764.9,3187.08984375,44788.6328125
430.01615023612976,2,4272.8,3242.48828125,44788.6328125
431.03421998023987,2,4719.0,3216.40625,44788.6328125
432.0522491931915,2,2757.2,3360.76171875,44816.6328125
433.0722107887268,2,348.3,3162.0,44816.6328125
434.07989716529846,2,100.2,3138.609375,44816.6328125
435.0877323150635,2,124.0,3408.22265625,44818.65234375
436.0956120491028,2,100.2,4144.21484375,44818.65234375
437.10348892211914,2,99.2,4151.828125,44818.65234375
438.1119976043701,4,24.8,4447.95703125,45114.2734375
439.11938405036926,4,100.2,4671.86328125,45354.16015625
440.1277370452881,4,100.1,4892.8359375,45591.234375
441.13634753227234,4,100.3,5096.46875,45805.34765625
442.1436195373535,4,100.3,5431.23046875,46151.9765625
443.15078687667847,4,101.3,5780.6484375,46514.71875
444.15757966041565,4,99.3,6136.73046875,46876.6875
445.1645030975342,4,100.3,6499.73046875,47239.54296875
446.17149686813354,4,99.3,6849.09765625,47599.96484375
447.1785457134247,4,100.3,7211.72265625,47962.578125
448.1856987476349,4,99.0,7574.34765625,48325.3203125
449.19578981399536,4,100.0,7937.72265625,48688.8359375
450.20578932762146,4,101.1,8298.84765625,49049.7734375
451.2145674228668,4,99.0,8662.59765625,49413.67578125
452.22455501556396,4,101.0,9023.6953125,49777.0625
453.2343919277191,4,100.0,9388.1953125,50141.3515625
454.24434876441956,4,100.2,9749.3203125,50502.546875
455.25259613990784,4,100.1,10113.4453125,50866.578125
456.2612464427948,4,100.1,10474.015625,51229.8359375
457.27042722702026,4,99.1,10838.515625,51594.125
458.2798683643341,4,100.1,11200.015625,51955.70703125
459.2890245914459,4,100.1,11564.140625,52319.99609375
460.29838728904724,4,99.1,11927.140625,52682.73828125
461.30708408355713,4,100.1,12290.515625,53046.125
462.3159348964691,4,100.2,12651.265625,53407.19140625
463.32442259788513,4,100.1,13014.640625,53770.44921875
464.3337013721466,4,100.1,13376.890625,54132.8046875
465.3431694507599,4,99.0,13740.640625,54496.19140625
466.35334849357605,4,100.1,14101.765625,54857.38671875
467.36272382736206,4,100.0,14366.515625,55122.16015625
468.37233233451843,4,100.0,14420.890625,55176.6875
469.3825879096985,4,100.0,14721.93359375,55547.55859375
470.3928556442261,4,100.0,14732.4140625,55487.875
471.4032528400421,5,0.0,4298.03515625,45348.6953125
472.41488313674927,5,98.9,4496.875,45424.46484375
473.4257438182831,2,157.4,3456.38671875,45330.66796875
474.4356486797333,2,2115.0,4989.5078125,49938.76171875
475.44631814956665,2,4663.0,5121.83203125,49938.76171875
476.4713170528412,2,4734.9,5169.83203125,49938.76171875
477.47939372062683,2,2545.0,5674.765625,51986.79296875
478.4871463775635,2,100.3,6094.69140625,51986.79296875
479.494343996048,2,99.2,6480.76171875,51986.79296875
480.5022122859955,4,23.8,6831.7578125,52343.7578125
481.5104992389679,4,99.2,7175.203125,52687.30078125
482.5189712047577,4,100.1,7523.953125,53035.734375
483.5275435447693,4,99.2,7872.3125,53384.18359375
484.53569865226746,4,101.1,8226.3125,53738.41796875
485.54413056373596,4,99.2,8570.1875,54081.953125
486.5522291660309,4,101.2,8903.5625,54418.01171875
487.5598473548889,4,100.2,9233.9375,54748.52734375
488.56819248199463,4,99.2,9593.375,55107.8515625
489.576486825943,4,100.1,9897.75,55412.68359375
490.58498430252075,4,100.1,10233.75,55748.61328125
491.5935814380646,4,100.1,10618.875,56133.52734375
492.60266184806824,4,99.0,11005.5,56520.24609375
493.61246705055237,4,101.0,11393.625,56908.25390625
494.6224880218506,4,100.0,11778.75,57293.42578125
495.6328363418579,4,99.0,12166.875,57681.43359375
496.64299869537354,4,100.0,12549.9921875,58068.66796875
497.6532473564148,4,100.1,12938.1171875,58456.67578125
498.6627116203308,4,100.1,13323.9921875,58842.4921875
499.6721212863922,4,100.1,13710.6171875,59229.33984375
500.68134355545044,4,100.0,14098.3671875,59617.08984375
501.6911401748657,4,100.1,14484.9921875,60003.421875
502.70018768310547,4,99.1,14870.4921875,60389.23828125
503.7089936733246,4,100.1,15255.10546875,60775.95703125
504.71827363967896,4,100.1,15643.23046875,61163.96484375
505.7273542881012,4,100.1,16029.85546875,61550.94140625
506.7366774082184,4,100.0,16416.85546875,61937.66015625
507.746857881546,4,99.1,16803.48046875,62324.63671875
508.75638341903687,4,100.1,17190.85546875,62711.87109375
509.7650783061981,4,100.9,17578.23046875,63099.10546875
510.7754852771759,4,99.1,17962.98046875,63484.01953125
511.7843313217163,4,100.1,18349.23046875,63870.09375
512.7934629917145,4,100.0,18735.10546875,64255.91015625
513.8033983707428,4,100.1,19120.60546875,64641.7265625
514.8119854927063,4,99.0,19480.23046875,65001.375
515.8222460746765,4,101.0,19587.10546875,65108.23828125
516.8320322036743,4,99.9,19587.10546875,65108.23828125
517.8427917957306,4,100.0,19587.10546875,65108.23828125
518.8526394367218,4,99.0,19587.10546875,65108.23828125
519.8631429672241,4,100.0,19882.08203125,65578.99609375
520.8732936382294,4,100.0,20205.609375,65837.09375
521.8837130069733,4,99.0,20213.609375,65837.09375
522.893634557724,4,100.9,19717.46484375,65238.1875
523.904214143753,5,0.0,6933.3125,52828.96484375
524.9152157306671,5,100.0,7356.69921875,53238.30859375
525.9254100322723,5,99.0,7379.44921875,53238.30859375
526.9355688095093,2,67.3,5509.51171875,52691.671875
527.9458947181702,2,100.1,5529.28125,52691.6484375
528.9553687572479,2,845.6,6867.37109375,52179.640625
529.9664752483368,2,171.5,7012.171875,52179.640625
530.9753189086914,2,222.9,7039.69140625,52179.640625
531.9847264289856,2,915.4,7373.06640625,52179.640625
532.9952473640442,2,1775.1,11199.83203125,52179.640625
534.0083203315735,2,4238.1,13385.53125,52179.640625
535.0283188819885,2,4641.9,14190.3828125,52179.640625
536.053329706192,2,4570.5,14465.59765625,52179.640625
537.073370218277,2,3852.3,15457.6640625,52179.640625
538.1077134609222,2,3813.9,14872.83203125,52179.640625
539.1233322620392,2,2860.8,15425.1171875,52179.640625
540.144330739975,2,2046.1,15468.9296875,52179.640625
541.1559708118439,2,2986.0,15491.94921875,52179.640625
542.1639628410339,2,835.6,8055.5,52179.640625
543.1715760231018,2,212.5,8063.1015625,52179.640625
544.1787958145142,2,621.0,7883.47265625,52179.640625
545.186785697937,2,1120.5,7606.16796875,52179.640625
546.1952378749847,2,1388.0,11090.46484375,52179.640625
547.2063190937042,2,4602.1,13052.71875,52179.640625
548.2253301143646,2,4623.3,15644.27734375,52179.640625
549.2513291835785,2,4484.0,14444.97265625,52179.640625
550.2708156108856,2,3129.8,14727.40625,52179.640625
551.2784268856049,2,4079.5,15197.98828125,52179.640625
552.2853236198425,2,1805.0,15352.8203125,52179.640625
553.2926368713379,2,2646.5,15383.21875,52179.640625
554.3035838603973,2,2206.2,7015.0234375,52403.640625
555.3114693164825,2,1175.8,8617.59375,52403.640625
556.3186588287354,2,1281.7,8026.0859375,52403.640625
557.3312039375305,2,976.0,7750.74609375,52403.640625
558.3393661975861,2,2971.5,11548.95703125,52403.640625
559.3543176651001,2,4537.0,12533.91796875,52403.640625
560.3651797771454,2,4613.5,13639.6640625,52403.640625
561.3773725032806,2,3828.5,14734.53515625,52403.640625
562.4113488197327,2,4713.6,14628.87890625,52403.640625
563.4519228935242,2,3761.5,14475.91796875,52403.640625
564.4606366157532,2,2301.7,14296.28515625,52403.640625
565.4676289558411,2,3101.2,14362.48828125,52403.640625
566.479964017868,2,1166.1,8566.2734375,52403.640625
567.4873793125153,2,912.5,8201.4609375,52435.640625
568.4956007003784,2,1152.0,8051.30859375,52435.640625
569.5035212039948,2,1387.3,10468.90234375,52435.640625
570.5153212547302,2,4514.7,12358.41796875,52435.640625
571.5343317985535,2,4617.3,13773.09765625,52435.640625
572.5583345890045,2,4322.0,14053.29296875,52435.640625
573.5703635215759,2,4130.8,14293.35546875,52435.640625
574.5853252410889,2,4446.9,14011.44921875,52435.640625
575.606324672699,2,2904.8,14437.5390625,52435.640625
576.6263201236725,2,2836.0,14387.03125,52435.640625
577.6365115642548,2,1591.7,7736.0859375,52435.640625
578.6452944278717,2,1209.7,8567.48828125,52435.640625
579.6522309780121,2,1603.8,7987.4375,52435.640625
580.6873483657837,2,1055.8,9038.57421875,52435.640625
581.7032389640808,2,2913.3,12242.65234375,52435.640625
582.7103245258331,2,4558.6,12804.796875,52435.640625
583.7250943183899,2,4478.9,13915.88671875,52435.640625
584.7413651943207,2,3972.6,14818.0703125,52435.640625
585.7773635387421,2,4715.7,14297.3359375,52435.640625
586.8039319515228,2,3429.2,14434.2578125,52435.640625
587.8108053207397,2,2389.6,14223.046875,52435.640625
588.818121433258,2,3020.7,14317.75390625,52435.640625
589.8263194561005,2,1328.3,8429.83984375,52691.640625
590.8346762657166,2,808.4,8144.8671875,52691.640625
591.850259065628,2,1126.6,8023.25390625,52691.640625
592.8585016727448,2,1408.4,10504.93359375,52691.640625
593.8697757720947,2,4527.9,12439.796875,52691.640625
594.8883309364319,2,4612.6,13739.00390625,52691.640625
595.9131596088409,2,4491.1,14074.390625,52691.640625
596.9253613948822,2,3931.5,14987.7109375,52691.640625
597.9613225460052,2,4371.2,14153.73828125,52691.640625
598.9727742671967,2,3028.3,14558.0546875,52691.640625
599.9828906059265,2,2537.6,14540.28125,52691.640625
600.9933202266693,2,2852.3,14543.0,52691.640625
602.000857591629,2,1203.9,8600.3125,52691.640625
603.0083844661713,2,902.1,8187.4453125,52691.640625
604.0159823894501,2,1125.5,7964.953125,52691.640625
605.024870634079,2,1951.0,10172.53125,52691.640625
606.035318851471,2,4521.1,11588.40234375,52691.640625
607.0537714958191,2,4534.7,12580.03125,52691.640625
608.0686724185944,2,4134.6,13649.21875,52691.640625
609.079357624054,2,4328.0,14473.69140625,52691.640625
610.1153535842896,2,4348.8,13833.921875,52691.640625
611.1265234947205,2,2646.5,14031.1015625,52691.640625
612.1347172260284,2,3399.3,13939.76171875,52691.640625
613.1448650360107,2,795.8,8500.9375,52691.640625
614.154379606247,2,1331.9,8438.56640625,52691.640625
615.1629903316498,2,1586.3,8172.515625,52691.640625
616.1703507900238,2,1006.8,8569.99609375,52691.640625
617.1793234348297,2,3436.7,11667.5,52691.640625
618.1964480876923,2,4601.3,12731.703125,52691.640625
619.2163219451904,2,4501.2,13771.25,52691.640625
620.2343649864197,2,3898.8,14553.05078125,52691.640625
621.2700409889221,2,4469.8,13688.35546875,52691.640625
622.2788734436035,2,3055.7,14158.77734375,52691.640625
623.2888133525848,2,2623.8,14099.53515625,52691.640625
624.2991659641266,2,2745.7,14110.9609375,52691.640625
625.3075840473175,2,1308.8,9035.93359375,52691.640625
626.3160645961761,2,864.7,8352.39453125,52691.640625
627.3223195075989,2,1394.7,8122.08984375,52691.640625
628.3659794330597,2,1923.7,10328.15234375,52691.640625
629.3997392654419,2,4524.6,11720.52734375,52691.640625
630.4184167385101,2,4440.7,12847.734375,52691.640625
631.4313309192657,2,4012.5,13700.48046875,52691.640625
632.4512929916382,2,4355.2,14435.20703125,52691.640625
633.4917321205139,2,4334.1,13928.32421875,52691.640625
634.504919052124,2,2451.1,14005.56640625,52691.640625
635.51376080513,2,3383.3,13970.390625,52691.640625
636.5244596004486,2,701.2,8553.6640625,52691.640625
637.5370507240295,2,1383.3,8344.25390625,52691.640625
638.5443222522736,2,1444.4,8142.76953125,52691.640625
639.5753200054169,2,1150.0,7973.2265625,52691.640625
640.5933585166931,2,2940.9,12386.30859375,52691.640625
641.6083223819733,2,4488.6,12871.09765625,52691.640625
642.629656791687,2,4555.9,14199.890625,52691.640625
643.6443283557892,2,3746.7,14560.4453125,52691.640625
644.6583578586578,2,4711.8,15252.10546875,52691.640625
645.6993207931519,2,4132.2,14863.40625,52691.640625
646.7091679573059,2,2384.4,14771.5078125,52691.640625
647.7160084247589,2,3433.3,14717.15625,52691.640625
648.724199295044,2,1010.7,8342.11328125,52691.640625
649.7452075481415,2,1179.1,8005.4375,52691.640625
650.7535984516144,2,1330.3,7845.2734375,52691.640625
651.7603619098663,2,2084.0,11575.99609375,52691.640625
652.7901749610901,2,4451.6,13747.17578125,52691.640625
653.8083310127258,2,4621.6,14448.82421875,52691.640625
654.8358335494995,2,4422.8,14433.3828125,52691.640625
655.8565278053284,2,3973.3,15534.24609375,52691.640625
656.8939054012299,2,4668.0,15510.0546875,52691.640625
657.933482170105,2,4770.7,15384.3359375,52691.640625
658.9737567901611,2,3256.3,15106.3984375,52691.640625
659.9811315536499,2,2688.7,15000.3203125,52691.640625
660.9913244247437,2,3101.2,15273.17578125,52691.640625
661.9982161521912,2,1642.2,8187.83984375,52691.640625
663.0083658695221,2,1959.0,10999.375,52691.640625
664.0417723655701,2,4501.2,13076.96484375,52691.640625
665.0624186992645,2,4400.1,11957.796875,52691.640625
666.0833806991577,2,4135.3,13596.8046875,52691.640625
667.122341632843,2,4675.2,13540.4375,52691.640625
668.1632452011108,2,4629.6,12691.359375,52691.640625
669.1723341941833,2,3025.9,13210.296875,52691.640625
670.1908695697784,2,2584.2,13462.37109375,52691.640625
671.1972789764404,2,1652.5,7869.765625,52691.640625
672.206080198288,2,2026.9,10755.203125,52691.640625
673.2143194675446,2,4537.6,12882.625,52691.640625
674.2323353290558,2,4393.6,11968.265625,52691.640625
675.2453601360321,2,4144.2,13454.22265625,52691.640625
676.2813549041748,2,4688.4,13434.78515625,52691.640625
677.3173251152039,2,4628.4,12655.5,52691.640625
678.3269650936127,2,3019.2,13141.3125,52691.640625
679.3455512523651,2,2497.5,13426.9765625,52691.640625
680.3536458015442,2,295.4,7199.28125,52691.640625
681.362366437912,2,1459.2,8302.14453125,52691.640625
682.3697330951691,2,838.3,7429.26171875,52691.640625
683.3769178390503,2,2863.6,9553.1328125,52691.640625
684.3903250694275,2,4451.8,10892.8203125,52691.640625
685.4053218364716,2,4556.3,12604.06640625,52691.640625
686.417373418808,2,4154.4,13322.828125,52691.640625
687.4603295326233,2,4303.6,13357.0703125,52691.640625
688.4700527191162,2,3267.1,13837.80078125,52691.640625
689.4776690006256,2,2197.0,13721.0078125,52691.640625
690.4881544113159,2,2943.1,13918.72265625,52691.640625
691.4965679645538,2,219.2,7784.06640625,52691.640625
692.5049543380737,2,1459.3,9108.625,52691.640625
693.5133221149445,2,1267.5,7815.390625,52691.640625
694.5321607589722,2,3490.3,10403.18359375,52691.640625
695.5423288345337,2,4507.5,11748.09375,52691.640625
696.5620052814484,2,4445.2,12901.875,52691.640625
697.572372674942,2,4098.2,13729.734375,52691.640625
698.6074655056,2,4223.1,13028.54296875,52691.640625
699.6180138587952,2,2900.4,13376.5078125,52691.640625
700.6265096664429,2,2943.5,13367.25,52691.640625
701.636913061142,2,1080.9,8037.14453125,52691.640625
702.6451597213745,2,1545.2,8995.6953125,52691.640625
703.652220249176,2,901.7,8103.87109375,52691.640625
704.6614527702332,2,1474.7,7878.77734375,52691.640625
705.6873230934143,2,3643.2,10268.671875,52691.640625
706.7083270549774,2,4520.6,11809.5,52691.640625
707.7273275852203,2,4415.1,12713.0234375,52691.640625
708.7473635673523,2,3955.9,13760.20703125,52691.640625
709.7833218574524,2,3919.0,13441.3671875,52691.640625
710.8011393547058,2,2222.8,13600.55859375,52691.640625
711.8079900741577,2,3163.7,13537.54296875,52691.640625
712.8215026855469,2,1152.9,8050.85546875,52691.640625
713.8300726413727,2,1598.7,8285.046875,52691.640625
714.8447914123535,2,843.1,8106.92578125,52691.640625
715.8527843952179,2,1239.3,7827.42578125,52691.640625
716.8647184371948,2,3222.6,9912.57421875,52691.640625
717.8713111877441,2,4305.8,11327.8515625,52691.640625
718.8853306770325,2,4611.8,14187.16015625,52691.640625
719.9106636047363,2,4201.8,14605.44140625,52691.640625
720.9285156726837,2,4103.8,14941.02734375,52691.640625
721.9394738674164,2,3562.2,15140.75390625,52691.640625
722.949863910675,2,3598.9,16106.5859375,52691.640625
723.9595761299133,2,2129.7,16140.87890625,52691.640625
724.9703209400177,2,2830.9,16333.28125,52691.640625
725.9899990558624,2,1992.7,16497.17578125,52691.640625
726.9995775222778,2,1163.4,8861.99609375,52691.640625
728.0083525180817,2,1097.2,8271.92578125,53011.640625
729.0163221359253,2,1215.8,8104.03515625,53011.640625
730.0333194732666,2,1967.6,7875.0078125,53011.640625
731.0663211345673,2,3414.1,10878.43359375,53011.640625
732.0859253406525,2,4465.4,12231.9453125,53011.640625
733.1100466251373,2,4244.3,12812.703125,53011.640625
734.1221332550049,2,4354.9,14524.2421875,53011.640625
735.1313388347626,2,3476.6,14936.76953125,53011.640625
736.1560771465302,2,4041.7,15532.0703125,53011.640625
737.168089389801,2,2238.4,15790.09375,53011.640625
738.1763272285461,2,2171.2,16028.1171875,53011.640625
739.1948111057281,2,2892.4,16076.45703125,53011.640625
740.2031099796295,2,615.8,8321.3125,53011.640625
741.211591720581,2,1621.6,8258.80859375,53011.640625
742.2185981273651,2,764.6,8139.2109375,53011.640625
743.2258837223053,2,1310.4,7869.984375,53011.640625
744.2343227863312,2,3221.8,9923.51171875,53011.640625
745.2523345947266,2,4480.6,11346.90234375,53011.640625
746.2733464241028,2,4618.8,12914.30859375,53011.640625
747.2890360355377,2,3922.7,13288.38671875,53011.640625
748.3026294708252,2,4018.0,13426.6640625,53011.640625
749.312399148941,2,2839.7,13900.4296875,53011.640625
750.3209095001221,2,2623.8,13875.25,53011.640625
751.3310887813568,2,2036.3,7725.1015625,53011.640625
752.3395886421204,2,1520.8,9576.43359375,53011.640625
753.3468821048737,2,854.0,8381.37890625,53011.640625
754.3563203811646,2,1842.6,8156.265625,53011.640625
755.4153196811676,2,3555.8,10676.6328125,53011.640625
756.4333257675171,2,4518.6,11925.04296875,53011.640625
757.4533343315125,2,4607.2,12602.90234375,53011.640625
758.4658479690552,2,4192.8,13616.0625,53011.640625
759.4763193130493,2,3485.6,13760.71875,53011.640625
760.4863307476044,2,3316.3,14378.5390625,53011.640625
761.5057678222656,2,1885.0,14267.19921875,53011.640625
762.5131556987762,2,3535.8,14492.01953125,53011.640625
763.5213208198547,2,1051.7,8787.5625,53011.640625
764.5383415222168,2,1107.6,8360.7265625,53011.640625
765.5466613769531,2,802.5,8151.5546875,53011.640625
766.554758310318,2,1008.5,7899.30078125,53011.640625
767.5633189678192,2,2855.1,9104.61328125,53011.640625
768.5743281841278,2,4516.9,10890.0,53011.640625
769.5941843986511,2,4418.4,11405.91796875,53011.640625
770.605804681778,2,4547.6,12915.44140625,53011.640625
771.6234757900238,2,3334.3,13216.3203125,53011.640625
772.6326365470886,2,3057.9,13925.3828125,53011.640625
773.6413328647614,2,1987.1,13875.1953125,53011.640625
774.6587870121002,2,2805.1,14096.93359375,53011.640625
775.6661069393158,2,1585.7,8721.0234375,53011.640625
776.6738448143005,2,642.6,8219.73828125,53011.640625
777.6822681427002,2,993.6,7983.7421875,53011.640625
778.6913223266602,2,1329.5,7820.5078125,53011.640625
779.7493216991425,2,3728.8,10064.8359375,53011.640625
780.7673289775848,2,4560.9,12117.953125,53011.640625
781.7870831489563,2,4417.8,12847.4375,53011.640625
782.7970433235168,2,4007.6,12984.53515625,53011.640625
783.8073213100433,2,3911.2,13506.69921875,53011.640625
784.8241879940033,2,1917.5,13834.97265625,53011.640625
785.832320690155,2,3205.3,13877.7109375,53011.640625
786.8428363800049,2,998.3,7911.24609375,53011.640625
787.8514358997345,2,1631.2,8237.05859375,53011.640625
788.8592565059662,2,889.7,8111.38671875,53011.640625
789.8663294315338,2,959.4,7945.625,53011.640625
790.8836753368378,2,2592.1,8958.453125,53011.640625
791.8923223018646,2,4422.7,10589.38671875,53011.640625
792.9113340377808,2,4723.6,12075.2265625,53011.640625
793.9283313751221,2,4432.0,13032.71875,53011.640625
794.9411239624023,2,3368.8,13424.640625,53011.640625
795.9509749412537,2,3652.9,14047.2265625,53011.640625
796.9581577777863,2,1837.3,14031.6171875,53011.640625
797.9650247097015,2,3519.2,14184.22265625,53011.640625
798.9723711013794,2,454.5,8355.9453125,53011.640625
799.9799597263336,2,1648.4,8356.28515625,53011.640625
800.9893279075623,2,1061.8,8179.49609375,53011.640625
802.0135052204132,2,1732.4,8034.890625,53011.640625
803.0703248977661,2,3560.4,10526.49609375,53011.640625
804.0893304347992,2,4563.7,12400.83984375,53011.640625
805.1093215942383,2,4425.2,13114.53125,53011.640625
806.1275722980499,2,3998.9,13412.50390625,53011.640625
807.1528296470642,2,3861.4,13719.6640625,53011.640625
808.1624326705933,2,2107.9,13867.2890625,53011.640625
809.1722338199615,2,3509.8,13739.59765625,53011.640625
810.1853232383728,2,709.3,8736.890625,53011.640625
811.1973352432251,2,1553.7,8461.18359375,53011.640625
812.2061586380005,2,869.1,8278.921875,53011.640625
813.2163193225861,2,1631.4,8145.20703125,53011.640625
814.2743217945099,2,3591.8,10718.80859375,53011.640625
815.2923288345337,2,4512.3,12114.234375,53011.640625
816.31232213974,2,4557.8,13144.2578125,53011.640625
817.3307266235352,2,3963.5,14170.9453125,53011.640625
818.3652620315552,2,3900.0,13770.3984375,53011.640625
819.3838386535645,2,2467.4,13948.98828125,53011.640625
820.3925225734711,2,3012.5,13922.19921875,53011.640625
821.4057796001434,2,1311.6,8215.65625,53011.640625
822.4135599136353,2,1602.5,9159.51171875,53011.640625
823.4213621616364,2,659.1,8382.28515625,53011.640625
824.4303848743439,2,1308.2,8111.8046875,53011.640625
825.4413456916809,2,2862.0,9973.53125,53011.640625
826.4543261528015,2,4454.7,11196.8359375,53011.640625
827.4742016792297,2,4606.6,12402.453125,53011.640625
828.4861552715302,2,4257.9,13621.67578125,53011.640625
829.497326374054,2,3701.8,13725.18359375,53011.640625
830.508359670639,2,3299.4,14321.0234375,53011.640625
831.5186703205109,2,2091.0,14191.12109375,53011.640625
832.5267148017883,2,3392.2,14304.19921875,53011.640625
833.5353193283081,2,1272.5,9418.58203125,53011.640625
834.5522074699402,2,974.8,8650.12109375,53011.640625
835.5617024898529,2,986.7,8443.66015625,53011.640625
836.5703210830688,2,2004.3,8220.97265625,53011.640625
837.6294224262238,2,3271.7,11345.51953125,53011.640625
838.6473281383514,2,4473.2,12181.35546875,53011.640625
839.6673228740692,2,4511.2,13967.74609375,53011.640625
840.6953270435333,2,4300.8,14975.1640625,53011.640625
841.7126443386078,2,4013.2,15977.49609375,53011.640625
842.7482264041901,2,3784.1,15436.05859375,53011.640625
843.7603280544281,2,2841.8,16331.0,53011.640625
844.7704615592957,2,2115.7,16215.6328125,53011.640625
845.7793238162994,2,3708.2,16464.88671875,53011.640625
846.7920558452606,2,781.5,7926.61328125,53523.6484375
847.8003580570221,2,1602.8,9504.6796875,53011.640625
848.8098249435425,2,732.6,8470.22265625,53395.640625
849.817209482193,2,965.4,8307.64453125,53395.640625
850.8253195285797,2,1942.9,8107.28125,53395.640625
851.8553230762482,2,3457.5,10688.08203125,53395.640625
852.86372423172,2,4591.4,12619.31640625,53395.640625
853.8833274841309,2,4453.2,13462.6015625,53395.640625
854.8958139419556,2,3907.1,13763.2578125,53395.640625
855.9093232154846,2,3942.8,14083.38671875,53395.640625
856.9274339675903,2,2474.2,14294.64453125,53395.640625
857.9373292922974,2,2939.0,14310.7265625,53395.640625
858.9525892734528,2,1536.2,8279.71484375,53395.640625
859.9601933956146,2,1625.2,9690.13671875,53395.640625
860.9686110019684,2,685.7,8521.81640625,53395.640625
861.9762554168701,2,1159.5,8306.25390625,53395.640625
862.9854242801666,2,2208.6,9578.30859375,53395.640625
863.996063709259,2,4447.9,11087.71875,53395.640625
865.0149459838867,2,4501.1,12145.01171875,53395.640625
866.0275979042053,2,4290.2,13454.76171875,53395.640625
867.0360782146454,2,3690.4,13647.7890625,53395.640625
868.0471739768982,2,3395.3,14171.046875,53395.640625
869.0540266036987,2,2065.5,13986.984375,53395.640625
870.0620353221893,2,3375.7,14131.7890625,53395.640625
871.0689325332642,2,1133.8,9332.5234375,53395.640625
872.0780379772186,2,1151.1,8654.91015625,53395.640625
873.0873231887817,2,1198.6,8394.9921875,53395.640625
874.1293206214905,2,2113.5,8244.828125,53395.640625
875.1833291053772,2,3315.9,11393.3359375,53395.640625
876.2013309001923,2,4471.3,12435.19921875,53395.640625
877.2211997509003,2,4592.2,13164.484375,53395.640625
878.232323884964,2,4394.3,15081.41015625,53395.640625
879.2506093978882,2,3797.2,15303.8359375,53395.640625
880.2588047981262,2,4048.6,15603.828125,53395.640625
881.2713332176208,2,2653.2,16419.4765625,53395.640625
882.2845659255981,2,1692.8,16380.40234375,53395.640625
883.2923526763916,2,3774.1,16672.9609375,53395.640625
884.3007991313934,2,646.8,7789.75,53395.640625
885.3088490962982,2,1683.4,9441.72265625,53395.640625
886.3163771629333,2,630.3,8346.41015625,53395.640625
887.323832988739,2,1238.6,8182.9296875,53395.640625
888.3314216136932,2,1891.0,8697.98828125,53395.640625
889.3393206596375,2,4057.1,10624.91796875,53395.640625
890.349954366684,2,4432.4,11898.6640625,53395.640625
891.3610198497772,2,4359.5,13335.17578125,53395.640625
892.3725912570953,2,3512.2,13550.92578125,53395.640625
893.38103556633,2,3187.3,14150.51171875,53395.640625
894.3912689685822,2,1998.1,14113.5859375,53395.640625
895.4011950492859,2,3273.6,14210.15625,53395.640625
896.4072916507721,2,1686.9,9390.1484375,53395.640625
897.4146316051483,2,511.2,8900.75390625,53395.640625
898.4223194122314,2,1623.9,8675.60546875,53395.640625
899.4643220901489,2,3225.8,11971.86328125,53395.640625
900.4843273162842,2,4606.1,13109.671875,53395.640625
901.5041422843933,2,4484.3,14131.84375,53419.640625
902.5233657360077,2,4132.2,14940.4921875,53419.640625
903.5592355728149,2,4372.3,14062.67578125,53419.640625
904.5713403224945,2,3093.7,14593.67578125,53419.640625
905.5905525684357,2,2491.4,14536.68359375,53419.640625
906.6004447937012,2,2541.3,8133.93359375,53931.6484375
907.6080565452576,2,1704.9,9858.35546875,53419.640625
908.6164066791534,2,933.6,8634.33203125,53419.640625
909.6243422031403,2,1500.3,11647.83203125,53419.640625
910.633318901062,2,4336.0,14227.765625,53419.640625
911.6543321609497,2,4606.2,14488.8203125,53419.640625
912.6728246212006,2,4644.4,14525.90234375,53419.640625
913.6889004707336,2,3999.4,15953.71875,53419.640625
914.7293477058411,2,4773.5,15918.76953125,53419.640625
915.7695686817169,2,4696.1,15780.3125,53419.640625
916.810320854187,2,3893.5,15503.140625,53419.640625
917.8236815929413,2,2454.7,15474.75,53419.640625
918.8311409950256,2,2959.0,15671.73828125,53419.640625
919.8412432670593,2,1366.9,9336.58984375,53419.640625
920.8593194484711,2,1236.1,8572.32421875,53419.640625
921.880756855011,2,1856.4,8968.4375,53419.640625
922.889050245285,2,3221.5,12413.58203125,53419.640625
923.9104189872742,2,4616.8,13105.55859375,53419.640625
924.9311611652374,2,4468.7,14509.99609375,53419.640625
925.9536156654358,2,4124.9,15334.9609375,53419.640625
926.9912939071655,2,4350.0,14526.6015625,53419.640625
928.0150504112244,2,3420.0,15058.48828125,53419.640625
929.0215353965759,2,2407.3,14846.50390625,53419.640625
930.0293266773224,2,3107.7,14911.71484375,53419.640625
931.036318063736,2,1425.7,9448.390625,53419.640625
932.0532732009888,2,1158.3,8573.51171875,53419.640625
933.0615305900574,2,1629.3,9604.98828125,53419.640625
934.069313287735,2,3909.1,12089.18359375,53419.640625
935.0883309841156,2,4594.4,14083.83203125,53419.640625
936.1037271022797,2,4194.3,13972.1484375,53419.640625
937.1143710613251,2,4467.9,14647.23828125,53419.640625
938.1503202915192,2,4093.4,14225.79296875,53419.640625
939.1673257350922,2,2477.5,14335.43359375,53419.640625
940.1751933097839,2,3128.2,14369.35546875,53419.640625
941.1853184700012,2,1132.6,9294.41015625,53419.640625
942.2024416923523,2,1321.3,8783.14453125,53419.640625
943.2133250236511,2,1690.7,8618.5078125,53419.640625
944.2383222579956,2,3117.9,12314.0234375,53419.640625
945.2463290691376,2,4580.4,12885.82421875,53419.640625
946.2643218040466,2,4444.2,14426.28515625,53419.640625
947.2823765277863,2,4175.0,15299.7265625,53419.640625
948.3163301944733,2,4426.0,14420.6796875,53419.640625
949.3276727199554,2,3321.3,14930.53125,53419.640625
950.3368527889252,2,2313.3,14778.64453125,53419.640625
951.3430771827698,2,3031.4,14821.39453125,53419.640625
952.3535404205322,2,1601.7,9507.5078125,53419.640625
953.3687696456909,2,938.1,8927.70703125,53419.640625
954.3814499378204,2,1620.8,10711.2890625,53419.640625
955.3893659114838,2,3661.6,13648.32421875,53419.640625
956.403470993042,2,4593.1,14390.33203125,53419.640625
957.4227628707886,2,4547.8,13897.359375,53419.640625
958.4351313114166,2,4269.8,15238.40625,53419.640625
959.4453718662262,2,4472.9,16000.6796875,53419.640625
960.4813647270203,2,4685.9,15958.9921875,53419.640625
961.521764755249,2,4227.7,15203.1953125,53419.640625
962.5315525531769,2,2898.1,15673.55859375,53419.640625
963.5386025905609,2,3164.9,15703.1953125,53419.640625
964.5492928028107,2,807.1,9005.36328125,53419.640625
965.5551145076752,2,1759.5,8784.39453125,53419.640625
966.5634243488312,2,1264.6,8724.6640625,53419.640625
967.5763690471649,2,2701.7,13258.91796875,53419.640625
968.6123197078705,2,4502.4,14345.12109375,53419.640625
969.6313242912292,2,4660.0,15568.4609375,53419.640625
970.6573934555054,2,4507.3,15214.33984375,53419.640625
971.6759583950043,2,4207.6,16076.1015625,53419.640625
972.7173397541046,2,4691.1,15989.05859375,53419.640625
973.7583305835724,2,4466.1,15211.453125,53419.640625
974.7693293094635,2,3084.8,15734.25,53419.640625
975.7893183231354,2,2766.3,15760.92578125,53419.640625
976.8033592700958,2,2268.3,7966.17578125,53931.6484375
977.811826467514,2,1892.2,7481.1953125,53419.640625
978.8239994049072,2,3064.5,8746.26171875,53419.640625
979.8299729824066,2,1993.3,8995.23046875,53419.640625
980.8379566669464,2,707.4,8275.05859375,53226.79296875
981.8443253040314,2,2239.6,9635.921875,53226.79296875
982.8520033359528,2,3966.6,11415.16796875,53226.79296875
983.8703289031982,2,4606.0,15507.7421875,60434.79296875
984.8948884010315,2,4468.5,14487.9453125,60434.79296875
985.9073224067688,2,4287.0,15455.8984375,60434.79296875
986.9244949817657,2,3249.5,15765.25,60434.79296875
987.9499990940094,2,3256.1,16335.62890625,60434.79296875
988.9593324661255,2,2388.2,16957.55859375,60434.79296875
989.9672653675079,2,1449.9,16875.0546875,60434.79296875
990.9743316173553,2,4048.6,17173.234375,60434.79296875
991.987343788147,2,722.3,8104.5078125,62482.80859375
992.995219707489,2,881.3,8991.60546875,60434.79296875
994.0027644634247,2,2984.7,8996.0703125,60434.79296875
995.0112161636353,2,3109.8,12668.67578125,60434.79296875
996.0226945877075,2,4346.8,13207.69921875,60434.79296875
997.0333333015442,2,4624.8,18321.9375,68626.79296875
998.0581042766571,2,4487.4,20992.12890625,68674.79296875
999.0850551128387,2,4315.8,18141.50390625,68674.79296875
1000.1003289222717,2,4405.6,18879.35546875,68674.79296875
1001.1230185031891,2,3393.3,19326.765625,68674.79296875
1002.1346909999847,2,3857.1,19414.07421875,68674.79296875
1003.1438856124878,2,3666.2,19925.65625,68674.79296875
1004.1544802188873,2,3387.5,20968.97265625,68674.79296875
1005.1613223552704,2,1310.1,20909.9765625,68674.79296875
1006.1680026054382,2,1480.4,20977.4921875,68674.79296875
1007.1773312091827,2,3829.8,21114.0078125,68674.79296875
1008.2054045200348,2,2122.2,21480.0078125,68674.79296875
1009.2131419181824,2,700.7,8149.0,68674.79296875
1010.2213177680969,2,2300.9,8813.5390625,68674.79296875
1011.2642240524292,2,3173.9,12134.125,68674.79296875
1012.2747445106506,2,4349.3,12769.6015625,68674.79296875
1013.2933323383331,2,4636.2,17669.73828125,68674.79296875
1014.3213374614716,2,4652.2,17600.88671875,68674.79296875
1015.3352191448212,2,4231.6,18341.2421875,68674.79296875
1016.354320526123,2,4541.3,18478.34765625,68674.79296875
1017.3715002536774,2,3109.4,18846.0,68674.79296875
1018.3803253173828,2,3930.7,18949.98828125,68674.79296875
1019.392175912857,2,4196.7,19876.703125,68674.79296875
1020.4019823074341,2,1510.8,20301.79296875,68674.79296875
1021.4108362197876,2,1601.8,20137.9375,68674.79296875
1022.4207348823547,2,2751.9,20350.6484375,68674.79296875
1023.4314398765564,2,2938.0,20571.3828125,68674.79296875
1024.4404652118683,2,594.6,7783.9765625,68674.79296875
1025.4479444026947,2,1675.7,8806.3671875,68674.79296875
1026.493329524994,2,3194.9,11574.29296875,68674.79296875
1027.5093219280243,2,4348.6,12751.6015625,68674.79296875
1028.5283329486847,2,4626.0,16731.23046875,68674.79296875
1029.5527153015137,2,4621.8,21680.91015625,68674.79296875
1030.572245836258,2,4435.2,17925.92578125,68674.79296875
1031.5914642810822,2,4329.0,18538.3828125,68674.79296875
1032.6113362312317,2,3582.5,18777.83203125,68674.79296875
1033.635869026184,2,3528.0,19073.93359375,68674.79296875
1034.6613233089447,2,4197.6,19790.33203125,68674.79296875
1035.6784949302673,2,2017.0,20406.984375,68674.79296875
1036.6872534751892,2,1501.2,20338.16015625,68674.79296875
1037.6973185539246,2,2107.4,20446.234375,68674.79296875
1038.7077791690826,2,3832.5,20624.9609375,68674.79296875
1039.7153544425964,2,667.1,8876.14453125,70722.80859375
1040.7226560115814,2,990.6,8746.83203125,68674.79296875
1041.7303221225739,2,2884.7,10700.07421875,68674.79296875
1042.7453198432922,2,4475.1,12532.8984375,68674.79296875
1043.7643270492554,2,4478.3,15574.234375,68674.79296875
1044.7886681556702,2,4661.0,20618.6328125,68674.79296875
1045.8123350143433,2,4452.6,17185.01171875,68674.79296875
1046.835328578949,2,4457.2,18331.1171875,68674.79296875
1047.8573353290558,2,3702.6,18808.51953125,68674.79296875
1048.8751595020294,2,3838.8,18898.2890625,68674.79296875
1049.8853204250336,2,3845.1,19465.84375,68674.79296875
1050.8996512889862,2,2754.4,20383.0390625,68674.79296875
1051.9104716777802,2,1402.1,20392.97265625,68674.79296875
1052.9193246364594,2,1703.8,20504.484375,68674.79296875
1053.9495339393616,2,4475.1,20617.0078125,68674.79296875
1054.9556770324707,2,800.3,7870.48046875,70722.80859375
1055.963937997818,2,684.0,9075.86328125,68674.79296875
1056.9723184108734,2,1920.7,9648.5078125,68674.79296875
1058.0003201961517,2,2793.2,12139.7265625,68674.79296875
1059.010894060135,2,4448.0,14463.19921875,68674.79296875
1060.0293295383453,2,4485.1,16373.2578125,68674.79296875
1061.054326057434,2,4651.3,19742.046875,68674.79296875
1062.079000711441,2,4652.9,22131.36328125,68674.79296875
1063.0923290252686,2,4437.2,19706.71875,68674.79296875
1064.104484796524,2,4465.2,20471.4453125,68674.79296875
1065.1239154338837,2,3683.3,20831.609375,68674.79296875
1066.1313235759735,2,3201.5,21059.9765625,68674.79296875
1067.1560010910034,2,3609.4,21129.484375,68674.79296875
1068.165323972702,2,4162.8,22110.203125,68674.79296875
1069.1834390163422,2,2063.3,22642.9609375,68674.79296875
1070.189457654953,2,1539.5,22625.171875,68674.79296875
1071.1973173618317,2,1223.2,22570.75390625,68674.79296875
1072.2043223381042,2,4520.7,22783.80078125,68674.79296875
1073.2184948921204,2,1483.3,23176.21484375,68674.79296875
1074.2262089252472,2,651.2,8564.1015625,68674.79296875
1075.2343220710754,2,1194.5,9613.47265625,68674.79296875
1076.283272743225,2,3042.6,11624.2890625,68674.79296875
1077.2953186035156,2,4208.6,14452.22265625,68674.79296875
1078.3214514255524,2,4485.5,15043.0078125,68674.79296875
1079.342325925827,2,4668.7,19475.171875,68674.79296875
1080.3673236370087,2,4705.4,24602.96875,78914.79296875
1081.3920414447784,2,4415.9,19069.6171875,78914.79296875
1082.409330368042,2,4447.4,20478.8671875,78914.79296875
1083.4323282241821,2,4086.1,20818.7421875,78914.79296875
1084.4568874835968,2,3062.4,21024.16796875,78914.79296875
1085.4653301239014,2,3344.1,21217.8984375,78914.79296875
1086.4902403354645,2,4004.3,21719.46875,78914.79296875
1087.5006456375122,2,2542.5,22625.796875,78914.79296875
1088.508701324463,2,1418.4,22558.05859375,78914.79296875
1089.5167031288147,2,1398.1,22580.50390625,78914.79296875
1090.525324344635,2,3770.7,22735.26953125,78914.79296875
1091.5447316169739,2,2371.4,23048.640625,78914.79296875
1092.5528972148895,2,537.1,8102.22265625,78914.79296875
1093.5601522922516,2,934.1,9277.57421875,78914.79296875
1094.5686633586884,2,3550.3,10222.5234375,78914.79296875
1095.5775482654572,2,3279.1,13882.67578125,78914.79296875
1096.589322566986,2,4394.5,14636.77734375,78914.79296875
1097.6083307266235,2,4625.1,18333.7890625,78914.79296875
1098.6326076984406,2,4695.3,23538.92578125,78914.79296875
1099.658349275589,2,4391.3,17759.25390625,78914.79296875
1100.6723201274872,2,4416.5,20527.203125,78914.79296875
1101.6903283596039,2,4510.1,20703.4296875,78914.79296875
1102.7093358039856,2,3161.7,20923.28515625,78914.79296875
1103.73495388031,2,3205.1,21040.53515625,78914.79296875
1104.7463223934174,2,3542.9,21508.0234375,78914.79296875
1105.75674366951,2,3652.7,22765.94140625,78914.79296875
1106.7657730579376,2,1279.8,22717.48828125,78914.79296875
1107.7737107276917,2,1580.9,22573.609375,78914.79296875
1108.782330274582,2,2521.8,22872.45703125,78914.79296875
1109.7933373451233,2,3699.4,23026.46484375,78914.79296875
1110.8017122745514,2,570.4,9141.2421875,80962.80859375
1111.8097932338715,2,886.7,9299.515625,78914.79296875
1112.818321466446,2,2824.4,9574.2265625,78914.79296875
1113.8553273677826,2,2816.7,13327.9375,78914.79296875
1114.8821113109589,2,4368.0,14621.75,78914.79296875
1115.8903305530548,2,4588.9,17367.18359375,78914.79296875
1116.9113266468048,2,4688.5,21951.2265625,78914.79296875
1117.9355988502502,2,4363.0,16688.26171875,78914.79296875
1118.951334953308,2,4398.8,20456.1484375,78914.79296875
1119.9693222045898,2,4553.6,20514.96484375,78914.79296875
1120.9803400039673,2,3301.1,20809.734375,78914.79296875
1122.007330417633,2,3424.6,21020.06640625,78914.79296875
1123.025961637497,2,3316.8,21196.6328125,78914.79296875
1124.047320842743,2,4370.5,22157.86328125,78914.79296875
1125.0585873126984,2,1429.2,22590.41796875,78914.79296875
1126.0666508674622,2,1641.8,22421.66015625,78914.79296875
1127.0743243694305,2,1779.0,22673.40625,78914.79296875
1128.0871925354004,2,4534.1,22824.828125,78914.79296875
1129.0988464355469,2,738.5,7728.88671875,80962.80859375
1130.1060864925385,2,676.1,8946.96875,78914.79296875
1131.1143193244934,2,1883.5,9572.74609375,78914.79296875
1132.1423199176788,2,2785.9,12075.1171875,78914.79296875
1133.15332198143,2,4447.0,14414.94140625,78914.79296875
1134.1713297367096,2,4483.7,16303.9609375,78914.79296875
1135.1973240375519,2,4660.4,20753.90625,78914.79296875
1136.2173290252686,2,4584.1,22613.5546875,78914.79296875
1137.2384479045868,2,4438.3,19724.83203125,78914.79296875
1138.2543280124664,2,4467.8,20445.734375,78914.79296875
1139.2727336883545,2,3627.3,20831.46484375,78914.79296875
1140.2803316116333,2,3265.0,21060.984375,78914.79296875
1141.3050351142883,2,3569.9,21121.08984375,78914.79296875
1142.3153247833252,2,4178.8,22047.08984375,78914.79296875
1143.333779335022,2,2038.2,22566.4453125,78914.79296875
1144.3418502807617,2,1535.7,22483.54296875,78914.79296875
1145.3479697704315,2,1160.6,22463.7109375,78914.79296875
1146.358327627182,2,4478.5,22752.50390625,78914.79296875
1147.3732459545135,2,1562.1,23078.68359375,78914.79296875
1148.3813164234161,2,607.5,8462.5859375,78914.79296875
1149.3893239498138,2,1142.6,9574.5234375,78914.79296875
1150.4571542739868,2,3102.1,11552.19140625,78914.79296875
1151.466319322586,2,3451.6,14351.84765625,78914.79296875
1152.4863209724426,2,4229.3,15896.05078125,78914.79296875
1153.5133318901062,2,4473.5,17996.6015625,78914.79296875
1154.5393252372742,2,4666.3,22256.28125,78914.79296875
1155.5638687610626,2,4668.2,27536.01171875,78914.79296875
1156.5893292427063,2,4525.0,24428.45703125,78970.79296875
1157.6139013767242,2,4316.6,23207.1953125,78970.79296875
1158.6403181552887,2,4267.4,24844.32421875,78970.79296875
1159.6593215465546,2,4485.4,25032.58203125,78970.79296875
1160.676459312439,2,3952.3,25318.73828125,78970.79296875
1161.6879251003265,2,3146.4,25786.8046875,78970.79296875
1162.707329750061,2,4574.3,25653.7109375,78970.79296875
1163.7210586071014,2,3348.0,26042.04296875,78970.79296875
1164.7383198738098,2,3683.7,27367.83203125,78970.79296875
1165.7535030841827,2,2281.2,28359.98046875,78970.79296875
1166.762211561203,2,1542.6,28326.33203125,78970.79296875
1167.7708599567413,2,1651.4,28437.6015625,78970.79296875
1168.7784667015076,2,2547.2,28862.296875,78970.79296875
1169.7893221378326,2,4516.8,29037.53125,78970.79296875
1170.807734966278,2,635.4,29427.4609375,78970.79296875
1171.8260576725006,2,787.8,20236.01171875,78970.79296875
1172.8338677883148,2,890.2,8566.08984375,78970.79296875
1173.8457129001617,2,2934.5,10615.42578125,78970.79296875
1174.85702586174,2,4300.8,12546.1953125,78970.79296875
1175.8807051181793,2,4657.1,15393.62109375,78970.79296875
1176.8943197727203,2,4220.7,15300.09765625,78970.79296875
1177.91233253479,2,3615.6,15568.59765625,78970.79296875
1178.9292771816254,2,3312.8,15827.3671875,78970.79296875
1179.940911769867,2,3173.2,17007.74609375,78970.79296875
1180.9482398033142,2,1509.6,16958.2890625,78970.79296875
1181.9573225975037,2,3371.3,17026.7578125,78970.79296875
1182.9751543998718,2,1248.4,17442.5078125,78970.79296875
1183.9843230247498,2,943.7,8811.67578125,78970.79296875
1184.992031097412,2,2667.2,10557.05078125,78970.79296875
1186.0063264369965,2,4321.1,12256.046875,78970.79296875
1187.0271084308624,2,4649.8,17176.1484375,78970.79296875
1188.040325164795,2,4259.2,15256.65625,78970.79296875
1189.0613420009613,2,3620.1,15517.48046875,78970.79296875
1190.0862765312195,2,3530.8,15669.55078125,78970.79296875
1191.1013226509094,2,3388.1,16782.14453125,78970.79296875
1192.1153309345245,2,1490.0,16668.15234375,78970.79296875
1193.1247975826263,2,3136.1,16853.015625,78970.79296875
1194.135320186615,2,1472.7,17239.4453125,78970.79296875
1195.1446976661682,2,651.0,8854.171875,78970.79296875
1196.1523311138153,2,1508.2,9745.671875,78970.79296875
1197.2029526233673,2,2491.3,12457.2109375,78970.79296875
1198.2130589485168,2,4543.9,15168.27734375,78970.79296875
1199.2193222045898,2,4162.9,16042.28515625,78970.79296875
1200.2375655174255,2,4575.9,19577.4765625,78970.79296875
1201.2630388736725,2,4640.0,23705.58984375,78970.79296875
1202.2863235473633,2,4670.3,29690.41015625,78970.79296875
1203.3068521022797,2,4407.5,19834.0390625,78970.79296875
1204.3203434944153,2,4613.5,23794.35546875,78970.79296875
1205.3343272209167,2,4310.0,24721.8046875,78970.79296875
1206.3529047966003,2,4334.8,25158.80078125,78970.79296875
1207.3643357753754,2,3648.7,25460.6484375,78970.79296875
1208.3904707431793,2,3648.0,25791.00390625,78970.79296875
1209.4163329601288,2,3914.6,25907.55859375,78970.79296875
1210.4410192966461,2,4165.9,26493.75390625,78970.79296875
1211.4523179531097,2,3263.3,28119.1171875,78970.79296875
1212.4607629776,2,1365.6,28388.20703125,78970.79296875
1213.471322774887,2,1681.3,28219.0703125,78970.79296875
1214.4776039123535,2,1143.6,28218.19140625,78970.79296875
1215.485765695572,2,3792.0,28676.62109375,78970.79296875
1216.4962470531464,2,3258.8,29253.7890625,78970.79296875
1217.504322052002,2,652.8,29491.14453125,78970.79296875
1218.513095855713,2,520.5,7991.96484375,78970.79296875
1219.5216863155365,2,1055.0,9144.3359375,78970.79296875
1220.529346704483,2,2750.9,11572.45703125,78970.79296875
1221.5373220443726,2,4316.1,14160.3515625,78970.79296875
1222.5554840564728,2,4500.3,15263.01171875,78970.79296875
1223.5807976722717,2,4657.5,20192.765625,78970.79296875
1224.6043283939362,2,4537.6,21721.80078125,78970.79296875
1225.6271579265594,2,4425.8,19726.12890625,78970.79296875
1226.639489889145,2,4382.7,20354.98046875,78970.79296875
1227.649150133133,2,3519.4,20645.8359375,78970.79296875
1228.6573305130005,2,3988.1,20870.94140625,78970.79296875
1229.6690649986267,2,3650.9,21058.10546875,78970.79296875
1230.684320449829,2,3940.3,22230.10546875,78970.79296875
1231.694645166397,2,1229.2,22213.80859375,78970.79296875
1232.7025227546692,2,1560.5,22051.54296875,78970.79296875
1233.713330745697,2,2904.5,22217.8671875,78970.79296875
1234.7281546592712,2,2949.1,22480.97265625,78970.79296875
1235.736171722412,2,601.4,7987.44140625,78970.79296875
1236.7438068389893,2,894.1,9893.1171875,78970.79296875
1237.752326965332,2,2367.4,10065.29296875,78970.79296875
1238.7893195152283,2,2273.9,12938.9140625,78970.79296875
1239.8003313541412,2,4576.3,15465.6640625,78970.79296875
1240.8114702701569,2,4178.8,16526.265625,78970.79296875
1241.8180422782898,2,4503.3,18867.8203125,78970.79296875
1242.8433272838593,2,4662.9,23017.15625,78970.79296875
1243.8677141666412,2,4668.8,29247.7578125,78970.79296875
1244.8934144973755,2,4602.1,23978.22265625,91258.79296875
1245.9060564041138,2,4318.1,23999.09375,91258.79296875
1246.932318687439,2,4273.8,25659.19921875,91258.79296875
1247.9513223171234,2,4396.8,25882.1171875,91258.79296875
1248.96932554245,2,4058.9,26232.1953125,91258.79296875
1249.9801714420319,2,3314.3,26475.79296875,91258.79296875
1250.9883329868317,2,4024.1,26777.64453125,91258.79296875
1252.01336312294,2,3336.5,26834.4609375,91258.79296875
1253.02432346344,2,4310.2,28265.55078125,91258.79296875
1254.0424802303314,2,2751.3,29314.30078125,91258.79296875
1255.05357503891,2,1358.9,29199.5703125,91258.79296875
1256.0601460933685,2,1688.7,29019.05078125,91258.79296875
1257.067480802536,2,1034.2,28984.23046875,91258.79296875
1258.0740597248077,2,4269.8,29485.23828125,91258.79296875
1259.0852868556976,2,3094.6,30043.86328125,91258.79296875
1260.0930173397064,2,714.5,30296.75,91258.79296875
1261.099365234375,2,436.2,8075.84765625,91258.79296875
1262.1079230308533,2,986.2,9589.7109375,91258.79296875
1263.1153447628021,2,3169.1,9828.01953125,91258.79296875
1264.1443235874176,2,2408.9,13582.86328125,91258.79296875
1265.1625747680664,2,4356.8,15809.98046875,91258.79296875
1266.181324481964,2,4394.4,16282.890625,91258.79296875
1267.200330734253,2,4608.4,21034.74609375,91258.79296875
1268.2246706485748,2,4673.3,26775.32421875,91258.79296875
1269.2487268447876,2,4658.1,30931.734375,91258.79296875
1270.2725667953491,2,4415.8,20658.49609375,91258.79296875
1271.2977697849274,2,4237.9,24989.1328125,91258.79296875
1272.3157086372375,2,4459.4,25196.69921875,91258.79296875
1273.3263313770294,2,4494.8,25402.19140625,91258.79296875
1274.3463439941406,2,3610.1,25636.125,91258.79296875
1275.375338792801,2,3727.7,26063.55859375,91258.79296875
1276.4013295173645,2,3325.3,26079.9140625,91258.79296875
1277.4270663261414,2,4184.0,27448.046875,91258.79296875
1278.4444108009338,2,2751.1,28451.3515625,91258.79296875
1279.4529829025269,2,1344.6,28453.484375,91258.79296875
1280.4633221626282,2,1819.0,28339.85546875,91258.79296875
1281.477320432663,2,1531.5,28598.328125,91258.79296875
1282.4873268604279,2,4519.2,29044.11328125,91258.79296875
1283.507157087326,2,1718.7,29427.6796875,91258.79296875
1284.5153241157532,2,809.8,29763.47265625,91258.79296875
1285.5252647399902,2,562.7,8688.51171875,91258.79296875
1286.532620191574,2,853.5,9585.62109375,91258.79296875
1287.540279865265,2,3707.6,10625.953125,91258.79296875
1288.5493426322937,2,3052.5,14433.0390625,91258.79296875
1289.5673224925995,2,4210.0,16054.9921875,91258.79296875
1290.5853297710419,2,4488.1,17806.25,91258.79296875
1291.6113262176514,2,4662.9,22574.890625,91258.79296875
1292.6359539031982,2,4668.9,28391.5234375,91258.79296875
1293.6613631248474,2,4655.5,24294.078125,91258.79296875
1294.6773266792297,2,4286.1,23345.35546875,91258.79296875
1295.6933207511902,2,4291.5,24996.203125,91258.79296875
1296.711322069168,2,4454.9,25205.9375,91258.79296875
1297.7283782958984,2,3949.3,25508.19921875,91258.79296875
1298.7345547676086,2,3121.9,25996.1171875,91258.79296875
1299.7481756210327,2,4612.1,26055.48046875,91258.79296875
1300.7733194828033,2,3431.5,26221.03515625,91258.79296875
1301.784320116043,2,4138.7,27536.68359375,91258.79296875
1302.803678035736,2,2012.6,28397.3515625,91258.79296875
1303.8105835914612,2,1374.2,28376.0546875,91258.79296875
1304.8162825107574,2,1736.1,28333.0234375,91258.79296875
1305.8243210315704,2,1975.1,29052.46484375,91258.79296875
1306.8384475708008,2,4653.5,28808.64453125,91258.79296875
1307.8490970134735,2,1041.4,29408.61328125,91258.79296875
1308.8571865558624,2,955.5,27539.90234375,91258.79296875
1309.8640396595001,2,616.5,8998.09765625,91258.79296875
1310.8733201026917,2,1788.4,9713.08984375,91258.79296875
1311.923151731491,2,2460.8,12518.7890625,91258.79296875
1312.9343202114105,2,4313.7,15691.62109375,91258.79296875
1313.9523248672485,2,4333.2,16155.6171875,91258.79296875
1314.9705076217651,2,4613.7,19629.5,91258.79296875
1315.9953243732452,2,4665.5,24776.8515625,91258.79296875
1317.0195846557617,2,4380.6,29766.37109375,91258.79296875
1318.0393545627594,2,4351.0,19972.9453125,91258.79296875
1319.055328130722,2,4605.3,24037.35546875,91258.79296875
1320.0683312416077,2,4267.4,24909.24609375,91258.79296875
1321.0883224010468,2,4385.1,25322.6875,91258.79296875
1322.1063404083252,2,3652.1,25574.5859375,91258.79296875
1323.1333339214325,2,3709.0,25930.85546875,91258.79296875
1324.159330368042,2,3957.1,25995.49609375,91258.79296875
1325.183317899704,2,4105.8,26660.88671875,91258.79296875
1326.1935732364655,2,3291.1,28321.60546875,91258.79296875
1327.1998360157013,2,1430.5,28455.43359375,91258.79296875
1328.2071659564972,2,1677.8,28409.24609375,91258.79296875
1329.214448928833,2,1213.8,28305.1796875,91258.79296875
1330.224321603775,2,4001.4,28785.76171875,91258.79296875
1331.252021074295,2,2984.0,29402.92578125,91258.79296875
1332.260180234909,2,723.8,29661.71484375,91258.79296875
1333.2686800956726,2,468.9,8134.99609375,91258.79296875
1334.2774443626404,2,886.9,10094.953125,91258.79296875
1335.2863237857819,2,2093.6,10209.30859375,91258.79296875
1336.3435337543488,2,2704.3,12622.73828125,91258.79296875
1337.3521225452423,2,4172.2,15782.53125,91258.79296875
1338.3681015968323,2,4214.4,16861.62890625,91258.79296875
1339.3863325119019,2,4452.6,18488.83203125,91258.79296875
1340.4123282432556,2,4656.1,23055.6015625,91258.79296875
1341.4368052482605,2,4665.2,28390.54296875,91258.79296875
1342.4613258838654,2,4657.1,29504.3125,91258.79296875
1343.4741406440735,2,4229.4,22097.30859375,91258.79296875
1344.4913220405579,2,4264.0,26184.1015625,91258.79296875
1345.5093276500702,2,4463.9,26389.37109375,91258.79296875
1346.5273311138153,2,4505.2,26537.9375,91258.79296875
1347.5463371276855,2,2915.2,26864.70703125,91258.79296875
1348.573338508606,2,3321.5,27159.35546875,91258.79296875
1349.5982670783997,2,3918.3,27132.8984375,91258.79296875
1350.6233205795288,2,4057.3,27702.66015625,91258.79296875
1351.6376259326935,2,4033.4,28882.83984375,91258.79296875
1352.6465737819672,2,1543.4,29759.0078125,91258.79296875
1353.6541006565094,2,1327.8,29587.4296875,91258.79296875
1354.6617925167084,2,1778.6,29628.80078125,91258.79296875
1355.669951915741,2,1720.8,29781.26953125,91258.79296875
1356.684327363968,2,4504.2,29962.68359375,91258.79296875
1357.7020998001099,2,2278.5,30573.02734375,91258.79296875
1358.7095656394958,2,715.3,30875.8046875,91258.79296875
1359.7177257537842,2,790.7,8325.8203125,91258.79296875
1360.7256474494934,2,2338.1,9516.06640625,91258.79296875
1361.733321905136,2,4046.8,11491.42578125,91258.79296875
1362.7523293495178,2,4631.3,16066.06640625,91258.79296875
1363.7721719741821,2,4288.6,15067.77734375,91258.79296875
1364.778609752655,2,3874.0,15377.23828125,91258.79296875
1365.7872858047485,2,3408.5,15521.0390625,91258.79296875
1366.7937772274017,2,3499.8,16831.78125,91258.79296875
1367.8012473583221,2,1406.7,16682.68359375,91258.79296875
1368.812907218933,2,2921.4,16960.51171875,91258.79296875
1369.823769569397,2,1663.1,17238.3046875,91258.79296875
1370.8320231437683,2,901.5,8801.73828125,91258.79296875
1371.8433215618134,2,2393.1,10104.0234375,91258.79296875
1372.8543195724487,2,4332.6,11626.203125,91258.79296875
1373.8723313808441,2,4626.4,17038.77734375,91258.79296875
1374.8965892791748,2,4255.9,15064.11328125,91258.79296875
1375.9153389930725,2,3739.6,15225.91796875,91258.79296875
1376.9410407543182,2,3577.6,15466.7578125,91258.79296875
1377.9553592205048,2,3127.9,16483.7578125,91258.79296875
1378.967318058014,2,1445.1,16389.30859375,91258.79296875
1379.9783208370209,2,3436.7,16582.8359375,91258.79296875
1380.9892780780792,2,1132.7,16998.73046875,91258.79296875
1381.998122215271,2,497.3,9115.47265625,91258.79296875
1383.007482290268,2,776.4,10084.25390625,91258.79296875
1384.0153222084045,2,4067.9,10196.9765625,91258.79296875
1385.074340581894,2,2228.4,14274.23828125,91258.79296875
1386.0893218517303,2,4305.2,16571.8515625,91258.79296875
1387.1083223819733,2,4366.1,17011.71484375,91258.79296875
1388.1273312568665,2,4593.1,20698.78125,91258.79296875
1389.1515839099884,2,4643.6,24870.59765625,91258.79296875
1390.1755607128143,2,4656.3,30827.83984375,91258.79296875
1391.1998529434204,2,4316.6,20620.51953125,91258.79296875
1392.2113363742828,2,4599.3,24444.22265625,91258.79296875
1393.2243294715881,2,4304.9,25975.38671875,91258.79296875
1394.2428305149078,2,4388.6,26202.6015625,91258.79296875
1395.250982761383,2,3640.6,26508.78125,91258.79296875
1396.2577390670776,2,3197.4,26649.61328125,91258.79296875
1397.2663407325745,2,3868.0,27023.45703125,91258.79296875
1398.2923328876495,2,3408.9,26984.10546875,91258.79296875
1399.3183236122131,2,4377.1,28189.46875,91258.79296875
1400.3363227844238,2,3138.3,29444.9140625,91258.79296875
1401.3461828231812,2,1197.9,29536.49609375,91258.79296875
1402.3537442684174,2,1656.1,29668.41015625,91258.79296875
1403.3733217716217,2,1229.0,29403.0,91258.79296875
1404.3953204154968,2,3253.8,30028.00390625,91258.79296875
1405.4055016040802,2,4444.1,30282.796875,91258.79296875
1406.4178397655487,2,737.1,30711.03515625,91258.79296875
1407.4256818294525,2,642.9,8343.08203125,93306.80859375
1408.433559179306,2,682.0,9344.1328125,91258.79296875
1409.4413194656372,2,1565.5,9870.4453125,91258.79296875
1410.491567850113,2,2898.1,12111.09375,91258.79296875
1411.5013241767883,2,4191.4,15167.92578125,91258.79296875
1412.5126132965088,2,4175.6,16216.328125,91258.79296875
1413.531328201294,2,4545.4,19299.44140625,91258.79296875
1414.5559632778168,2,4662.9,23636.96484375,91258.79296875
1415.5813257694244,2,4674.1,29107.84375,91258.79296875
1416.6023197174072,2,4344.0,19556.91015625,91258.79296875
1417.6199088096619,2,4586.4,23297.42578125,91258.79296875
1418.6353297233582,2,4291.2,24904.5234375,91258.79296875
1419.657921075821,2,4331.4,25244.1953125,91258.79296875
1420.6753380298615,2,3480.1,25555.98828125,91258.79296875
1421.6843285560608,2,3320.3,25985.4140625,91258.79296875
1422.7090046405792,2,4326.1,25902.046875,91258.79296875
1423.7198481559753,2,3734.4,26332.83203125,91258.79296875
1424.7308015823364,2,4145.0,27662.78515625,91258.79296875
1425.7399473190308,2,1614.7,28650.80859375,91258.79296875
1426.7487893104553,2,1441.9,28588.73046875,91258.79296875
1427.7586801052094,2,1618.4,28345.12890625,91258.79296875
1428.764395236969,2,2836.9,28808.90625,91258.79296875
1429.779044866562,2,4380.6,29238.03515625,91258.79296875
1430.7862317562103,2,566.6,29569.484375,91258.79296875
1431.7939038276672,2,645.4,8717.125,93306.80859375
1432.802547454834,2,659.2,9499.5859375,91258.79296875
1433.8103229999542,2,1010.6,10163.765625,91258.79296875
1434.860336303711,2,3969.2,11029.12890625,91258.79296875
1435.8683416843414,2,2959.6,15127.1328125,91258.79296875
1436.8873207569122,2,4204.4,16816.2265625,91258.79296875
1437.9063289165497,2,4483.6,17025.80078125,91258.79296875
1438.9253265857697,2,4605.5,22128.45703125,91258.79296875
1439.949563741684,2,4659.8,26714.953125,91258.79296875
1440.974128484726,2,4674.2,31485.54296875,91258.79296875
1441.9988820552826,2,4367.2,21715.97265625,91258.79296875
1443.0163259506226,2,4586.6,25571.7109375,91258.79296875
1444.0293250083923,2,4336.3,26044.00390625,91258.79296875
1445.0523262023926,2,4304.9,26407.27734375,91258.79296875
1446.0695910453796,2,3030.4,26694.3671875,91258.79296875
1447.087329864502,2,3241.3,27041.140625,91258.79296875
1448.1116485595703,2,4447.6,26865.75,91258.79296875
1449.1282720565796,2,3569.7,27291.7890625,91258.79296875
1450.1393253803253,2,4188.0,28646.734375,91258.79296875
1451.1573462486267,2,2140.0,29598.82421875,91258.79296875
1452.1673350334167,2,1436.5,29483.0390625,91258.79296875
1453.174852848053,2,1758.8,29468.46484375,91258.79296875
1454.1833238601685,2,1152.6,29670.47265625,91258.79296875
1455.1973206996918,2,4431.0,29963.125,91258.79296875
1456.2074100971222,2,3023.0,30532.109375,91258.79296875
1457.2149028778076,2,731.5,30799.58984375,91258.79296875
1458.2224369049072,2,450.2,8024.171875,91258.79296875
1459.230807542801,2,952.9,9659.703125,91258.79296875
1460.2393238544464,2,2884.3,9859.546875,91258.79296875
1461.2823419570923,2,2439.2,13612.69921875,91258.79296875
1462.302322626114,2,4311.4,15835.984375,91258.79296875
1463.3213305473328,2,4382.5,16299.40625,91258.79296875
1464.3403253555298,2,4619.4,20563.3671875,91258.79296875
1465.3650603294373,2,4704.0,25800.81640625,91258.79296875
1466.3893249034882,2,4709.3,31490.5625,91258.79296875
1467.4078497886658,2,4331.0,20633.69140625,91258.79296875
1468.4331760406494,2,4297.9,24837.49609375,91258.79296875
1469.4413273334503,2,4602.7,24964.6953125,91258.79296875
1470.464935541153,2,4274.8,25385.5078125,91258.79296875
1471.4839224815369,2,3194.2,25588.5703125,91258.79296875
1472.5093142986298,2,3506.0,26044.375,91258.79296875
1473.5226883888245,2,3806.8,25916.890625,91258.79296875
1474.5301177501678,2,4236.1,26659.22265625,91258.79296875
1475.5423197746277,2,3180.1,28609.33203125,91258.79296875
1476.560287952423,2,1331.7,28441.41796875,91258.79296875
1477.5679349899292,2,1661.1,28401.453125,91258.79296875
1478.5769171714783,2,1224.3,28275.140625,91258.79296875
1479.5873210430145,2,4044.9,28772.765625,91258.79296875
1480.599791765213,2,2959.1,29443.94921875,91258.79296875
1481.6101727485657,2,688.8,29633.375,91258.79296875
1482.6175739765167,2,481.5,8111.75390625,91258.79296875
1483.624908208847,2,965.4,9534.8203125,91258.79296875
1484.6349520683289,2,3321.0,9774.4453125,91258.79296875
1485.6603212356567,2,2431.6,13525.734375,91258.79296875
1486.6803205013275,2,4309.0,15749.109375,91258.79296875
1487.6993312835693,2,4381.0,16218.12890625,91258.79296875
1488.719333410263,2,4640.5,21226.5234375,91258.79296875
1489.7493298053741,2,4679.0,26336.5,91258.79296875
1490.786346912384,2,4713.0,30832.453125,91258.79296875
1491.8053469657898,2,4311.9,20488.6640625,91258.79296875
1492.8305339813232,2,4286.1,24846.40625,91258.79296875
1493.8486959934235,2,4511.3,25017.1171875,91258.79296875
1494.8586747646332,2,4465.6,25251.11328125,91258.79296875
1495.8783428668976,2,3243.1,25505.7109375,91258.79296875
1496.9053361415863,2,3699.7,25940.26953125,91258.79296875
1497.930004119873,2,3480.8,25966.16796875,91258.79296875
1498.9536015987396,2,4291.8,27116.43359375,91258.79296875
1499.9632313251495,2,2955.0,28459.265625,91258.79296875
1500.9744243621826,2,1348.2,28332.7421875,91258.79296875
1501.9808382987976,2,1728.7,28252.1640625,91258.79296875
1502.989324092865,2,1314.5,28468.19140625,91258.79296875
1504.0044703483582,2,4439.9,28720.37890625,91258.79296875
1505.0150146484375,2,2211.9,29333.0,91258.79296875
1506.0229411125183,2,735.3,29657.11328125,91258.79296875
1507.0293214321136,2,556.0,8425.33203125,91258.79296875
1508.0367312431335,2,892.1,9351.83203125,91258.79296875
1509.046825170517,2,3327.3,11265.30078125,91258.79296875
1510.0552699565887,2,3889.4,14481.31640625,91258.79296875
1511.0653204917908,2,4515.3,14737.03125,91258.79296875
1512.0833275318146,2,4641.7,19604.9453125,91258.79296875
1513.1086013317108,2,4698.8,25348.5,91258.79296875
1514.1283276081085,2,4459.0,19256.68359375,91258.79296875
1515.154325723648,2,4471.4,20648.63671875,91258.79296875
1516.1727080345154,2,4439.7,20833.66015625,91258.79296875
1517.183978319168,2,3163.7,21039.296875,91258.79296875
1518.1927337646484,2,2669.2,21217.8359375,91258.79296875
1519.2023210525513,2,3962.9,21689.8046875,91258.79296875
1520.2162115573883,2,3188.6,22771.6015625,91258.79296875
1521.2243492603302,2,1355.9,22590.01171875,91258.79296875
1522.2347683906555,2,1537.2,22560.046875,91258.79296875
1523.2423212528229,2,3213.8,22892.1015625,91258.79296875
1524.2525885105133,2,2857.2,23050.203125,91258.79296875
1525.2619869709015,2,574.1,7931.625,91258.79296875
1526.270266532898,2,935.8,9636.33203125,91258.79296875
1527.2783229351044,2,2770.1,9824.7578125,91258.79296875
1528.3283364772797,2,2385.6,12914.59765625,91258.79296875
1529.341322183609,2,4325.6,15796.1015625,91258.79296875
1530.3593304157257,2,4392.3,16259.91796875,91258.79296875
1531.37833237648,2,4619.1,20344.9921875,91258.79296875
1532.3983294963837,2,4707.6,25805.45703125,91258.79296875
1533.4233269691467,2,4714.6,30957.87890625,91258.79296875
1534.443351984024,2,4310.3,20577.30078125,91258.79296875
1535.4616303443909,2,4547.3,24458.76171875,91258.79296875
1536.4773299694061,2,4379.0,24858.140625,91258.79296875
1537.497317790985,2,4262.1,25328.85546875,91258.79296875
1538.5152459144592,2,3311.2,25567.7265625,91258.79296875
1539.5294797420502,2,3314.1,25889.57421875,91258.79296875
1540.55433177948,2,3859.3,25977.8046875,91258.79296875
1541.5803170204163,2,4061.8,26552.6640625,91258.79296875
1542.5904982089996,2,3357.1,28219.80859375,91258.79296875
1543.60032081604,2,1490.7,28381.4921875,91258.79296875
1544.607482433319,2,1673.5,28352.62890625,91258.79296875
1545.6163222789764,2,1182.2,28261.0546875,91258.79296875
1546.6273288726807,2,3897.9,28893.00390625,91258.79296875
1547.6380863189697,2,3145.3,29361.26953125,91258.79296875
1548.6476106643677,2,727.9,29622.359375,91258.79296875
1549.6566927433014,2,441.7,7946.37890625,91258.79296875
1550.6641128063202,2,987.6,9535.46484375,91258.79296875
1551.6744365692139,2,3045.6,9769.82421875,91258.79296875
1552.691334247589,2,2419.9,13508.72265625,91258.79296875
1553.7093205451965,2,4338.8,15724.83984375,91258.79296875
1554.7272889614105,2,4392.4,16194.38671875,91258.79296875
1555.754329442978,2,4606.4,20958.53515625,91258.79296875
1556.7824969291687,2,4664.8,25258.7734375,91258.79296875
1557.811326265335,2,4669.1,30332.765625,91258.79296875
1558.8363242149353,2,4324.1,20426.48828125,91258.79296875
1559.8613231182098,2,4193.8,24781.01953125,91258.79296875
1560.8803222179413,2,4659.3,24781.9453125,91258.79296875
1561.8913292884827,2,4260.5,25216.91015625,91258.79296875
1562.911334991455,2,3592.0,25450.76953125,91258.79296875
1563.9383387565613,2,3688.4,25893.0859375,91258.79296875
1564.9635214805603,2,3406.8,25946.09375,91258.79296875
1565.9876267910004,2,4225.3,27307.953125,91258.79296875
1567.0001900196075,2,2934.3,28364.6796875,91258.79296875
1568.0081386566162,2,1331.0,28355.07421875,91258.79296875
1569.0156376361847,2,1810.7,28238.546875,91258.79296875
1570.0233204364777,2,1503.7,28346.0625,91258.79296875
1571.0319464206696,2,4452.6,28927.515625,91258.79296875
1572.0494813919067,2,1930.0,29308.39453125,91258.79296875
1573.0576190948486,2,777.1,29646.90625,91258.79296875
1574.0651907920837,2,513.3,8475.5546875,91258.79296875
1575.072440624237,2,846.1,9766.375,91258.79296875
1576.0823202133179,2,3502.1,9942.5078125,91258.79296875
1577.1133217811584,2,2319.1,13870.9375,91258.79296875
1578.131323337555,2,4345.6,16092.90234375,91258.79296875
1579.1493277549744,2,4375.9,16561.296875,91258.79296875
1580.168330669403,2,4611.1,21093.74609375,91258.79296875
1581.1893336772919,2,4669.7,25808.57421875,91258.79296875
1582.2143371105194,2,4676.6,30920.06640625,91258.79296875
1583.2343564033508,2,4300.5,21099.21875,91258.79296875
1584.2513349056244,2,4611.5,24883.62109375,91258.79296875
1585.2693285942078,2,4332.8,25361.01953125,91258.79296875
1586.2919237613678,2,4295.1,25787.01171875,91258.79296875
1587.3103399276733,2,3108.6,26083.38671875,91258.79296875
1588.3369238376617,2,3685.3,26406.6796875,91258.79296875
1589.3623268604279,2,3902.7,26353.75,91258.79296875
1590.3833248615265,2,4099.4,26871.859375,91258.79296875
1591.393385887146,2,3735.2,28118.26171875,91258.79296875
1592.4014747142792,2,1715.3,28843.140625,91258.79296875
1593.4084000587463,2,1255.0,29011.41796875,91258.79296875
1594.4204738140106,2,1703.0,28874.38671875,91258.79296875
1595.4298214912415,2,2564.3,29183.16796875,91258.79296875
1596.442321062088,2,4617.5,29218.4375,91258.79296875
1597.4606952667236,2,990.9,29922.55859375,91258.79296875
1598.4688382148743,2,749.0,7651.5703125,91258.79296875
1599.4767725467682,2,931.7,8824.64453125,91258.79296875
1600.4846272468567,2,2642.5,9223.3671875,91258.79296875
1601.4933190345764,2,3478.3,12196.95703125,91258.79296875
1602.512328863144,2,4482.9,14909.37890625,91258.79296875
1603.5364503860474,2,4669.6,20074.5859375,91258.79296875
1604.5721065998077,2,4473.9,16995.59765625,91258.79296875
1605.5863211154938,2,4338.6,17646.08203125,91258.79296875
1606.5993444919586,2,3283.2,17914.0625,91258.79296875
1607.6253271102905,2,3487.1,18127.171875,91258.79296875
1608.6508581638336,2,4052.6,18934.87109375,91258.79296875
1609.6626687049866,2,1532.5,19225.8125,91258.79296875
1610.6700620651245,2,1448.1,19162.625,91258.79296875
1611.6768946647644,2,3738.7,19290.3359375,91258.79296875
1612.687259197235,2,1585.9,19658.26953125,91258.79296875
1613.6959986686707,2,748.4,8604.55859375,91258.79296875
1614.7035195827484,2,2051.9,9440.66796875,91258.79296875
1615.7463245391846,2,2867.3,12624.90625,91258.79296875
1616.7643201351166,2,4335.9,14231.65625,91258.79296875
1617.7822840213776,2,4597.0,17089.625,91258.79296875
1618.8060669898987,2,4651.1,22099.03515625,91258.79296875
1619.8290593624115,2,4463.1,16895.44921875,91258.79296875
1620.8413214683533,2,4394.9,20031.03125,91258.79296875
1621.8593196868896,2,4482.5,20171.70703125,91258.79296875
1622.8773441314697,2,3496.8,20428.21875,91258.79296875
1623.9033398628235,2,3499.9,20668.328125,91258.79296875
1624.927021741867,2,4093.5,21386.171875,91258.79296875
1625.9443678855896,2,2397.7,21979.26171875,91258.79296875
1626.950653553009,2,1495.0,21919.4296875,91258.79296875
1627.9593169689178,2,1284.7,21798.79296875,91258.79296875
1628.966323375702,2,4412.0,22016.42578125,91258.79296875
1629.9821763038635,2,1447.1,22454.0234375,91258.79296875
1630.9904041290283,2,684.0,8555.6640625,91258.79296875
1631.9983220100403,2,2156.3,9371.51171875,91258.79296875
1633.0493340492249,2,2892.4,12900.64453125,91258.79296875
1634.0693221092224,2,4370.2,14093.64453125,91258.79296875
1635.0853283405304,2,4605.4,17071.81640625,91258.79296875
1636.1053264141083,2,4665.8,22461.09375,91258.79296875
1637.1303355693817,2,4465.2,17383.79296875,91258.79296875
1638.147543668747,2,4449.1,19882.98828125,91258.79296875
1639.165503501892,2,4442.2,20114.05078125,91258.79296875
1640.1797165870667,2,3278.9,20372.08984375,91258.79296875
1641.1883311271667,2,3711.5,20716.8828125,91258.79296875
1642.2132477760315,2,4086.9,21480.875,91258.79296875
1643.2250785827637,2,1820.2,22006.1328125,91258.79296875
1644.232622385025,2,1610.3,21918.27734375,91258.79296875
1645.2424218654633,2,2209.8,22144.765625,91258.79296875
1646.2525367736816,2,3773.6,22249.73828125,91258.79296875
1647.2588999271393,2,601.1,9251.6015625,93306.80859375
1648.2670896053314,2,955.7,9086.83984375,91258.79296875
1649.2748835086823,2,2793.8,10550.37890625,91258.79296875
1650.283320903778,2,3633.3,13985.5625,91258.79296875
1651.302327632904,2,4500.6,14383.95703125,91258.79296875
1652.3223254680634,2,4650.0,19494.78515625,91258.79296875
1653.3418703079224,2,4657.7,22601.74609375,91258.79296875
1654.36132645607,2,4439.1,19318.70703125,91258.79296875
1655.3794050216675,2,4389.6,19916.97265625,91258.79296875
1656.3880803585052,2,3447.9,20216.48828125,91258.79296875
1657.401631116867,2,4022.0,20401.5234375,91258.79296875
1658.4268424510956,2,3739.4,20595.40625,91258.79296875
1659.4373197555542,2,3629.9,21758.67578125,91258.79296875
1660.4488801956177,2,1261.2,21701.05078125,91258.79296875
1661.459793806076,2,1476.2,21758.9296875,91258.79296875
1662.4703228473663,2,3696.0,21923.18359375,91258.79296875
1663.4856116771698,2,2093.8,22179.98046875,91258.79296875
1664.4931399822235,2,651.2,8294.265625,91258.79296875
1665.5005841255188,2,1541.4,9470.5546875,91258.79296875
1666.5494892597198,2,2837.1,11839.12890625,91258.79296875
1667.5663228034973,2,4444.7,14066.08984375,91258.79296875
1668.5853290557861,2,4448.5,16226.63671875,91258.79296875
1669.6143264770508,2,4659.3,21304.59765625,91258.79296875
1670.6426227092743,2,4560.5,16621.71484375,91258.79296875
1671.6513283252716,2,4357.6,20194.0625,91258.79296875
1672.6693227291107,2,4520.2,20376.55859375,91258.79296875
1673.6873667240143,2,3327.3,20646.33984375,91258.79296875
1674.714339017868,2,4029.8,20888.9921875,91258.79296875
1675.7243189811707,2,3661.7,21309.5390625,91258.79296875
1676.7383556365967,2,3123.3,22417.47265625,91258.79296875
1677.746090888977,2,1330.0,22308.7109375,91258.79296875
1678.7574605941772,2,1488.6,22192.984375,91258.79296875
1679.765027999878,2,3688.6,22455.9609375,91258.79296875
1680.7761189937592,2,2179.0,22723.55859375,91258.79296875
1681.7837409973145,2,715.4,8428.48046875,91258.79296875
1682.7923181056976,2,2480.0,8927.37109375,91258.79296875
1683.8503999710083,2,3244.5,12057.3515625,91258.79296875
1684.8693282604218,2,4475.0,14388.88671875,91258.79296875
1685.8893265724182,2,4670.2,19846.953125,91258.79296875
1686.9143288135529,2,4436.3,16302.63671875,91258.79296875
1687.9313187599182,2,4346.3,17179.87109375,91258.79296875
1688.949339389801,2,3570.9,17433.796875,91258.79296875
1689.9758780002594,2,3570.6,17577.59765625,91258.79296875
1690.9823229312897,2,3956.5,18719.7421875,91258.79296875
1692.0003736019135,2,1355.6,18821.58203125,91258.79296875
1693.0079462528229,2,1435.4,18742.2734375,91258.79296875
1694.0163221359253,2,4116.5,18951.73828125,91258.79296875
1695.030811548233,2,1173.0,19361.21484375,91258.79296875
1696.0401194095612,2,919.9,8637.91015625,91258.79296875
1697.0488924980164,2,2314.9,9887.33984375,91258.79296875
1698.058321237564,2,4076.6,12137.43359375,91258.79296875
1699.0763278007507,2,4551.6,15324.125,91258.79296875
1700.0953245162964,2,4658.6,20518.5234375,91258.79296875
1701.1153256893158,2,4441.6,16965.9921875,91258.79296875
1702.1293206214905,2,4311.7,17562.5625,91258.79296875
1703.147343158722,2,3388.8,17859.9375,91258.79296875
1704.1558413505554,2,3610.2,18027.9140625,91258.79296875
1705.1673214435577,2,3976.3,19243.4609375,91258.79296875
1706.1872878074646,2,1306.6,19200.890625,91258.79296875
1707.193609714508,2,1456.7,19119.2109375,91258.79296875
1708.2043182849884,2,4334.5,19300.5625,91258.79296875
1709.2145357131958,2,994.0,16454.78515625,91258.79296875
1710.2214198112488,2,902.2,8575.62890625,91258.79296875
1711.2290818691254,2,2836.9,10389.9765625,91258.79296875
1712.2483248710632,2,4317.5,11983.01953125,91258.79296875
1713.2665872573853,2,4661.4,17085.40234375,91258.79296875
1714.2923192977905,2,4231.3,15093.2421875,91258.79296875
1715.3153202533722,2,3647.0,15320.07421875,91258.79296875
1716.327330827713,2,3544.3,15546.14453125,91258.79296875
1717.3472483158112,2,3460.7,16688.078125,91258.79296875
1718.3549523353577,2,1361.9,16542.19140625,91258.79296875
1719.362324476242,2,2764.4,16755.375,91258.79296875
1720.3823194503784,2,1952.7,17052.98828125,91258.79296875
1721.3925132751465,2,1208.4,8114.125,91258.79296875
1722.4013180732727,2,2731.9,8637.515625,91258.79296875
1723.436321735382,2,3092.0,13025.33984375,91258.79296875
1724.4543290138245,2,4473.6,14052.96484375,91258.79296875
1725.47576379776,2,4538.3,13845.57421875,91258.79296875
1726.487324476242,2,4316.9,16358.37890625,91258.79296875
1727.5053400993347,2,3533.4,16524.73046875,91258.79296875
1728.532214164734,2,3482.1,16794.7734375,91258.79296875
1729.5403788089752,2,3725.9,18006.38671875,91706.79296875
1730.5513286590576,2,3614.1,19006.46484375,91706.79296875
1731.5603189468384,2,1437.4,18992.734375,91706.79296875
1732.5743215084076,2,4476.6,19192.0546875,91706.79296875
1733.5847458839417,2,1358.6,19649.31640625,91706.79296875
1734.5923290252686,2,1587.1,8486.828125,91706.79296875
1735.6004474163055,2,2342.2,9596.7734375,91706.79296875
1736.6088054180145,2,4185.9,13284.078125,91706.79296875
1737.6273272037506,2,4556.6,15331.37109375,91706.79296875
1738.6523752212524,2,4508.4,15785.828125,91706.79296875
1739.6643571853638,2,3914.1,16623.1875,91706.79296875
1740.6713235378265,2,3500.4,16812.82421875,91706.79296875
1741.6859340667725,2,3288.4,17029.7109375,91706.79296875
1742.6963212490082,2,4494.7,18665.7890625,91706.79296875
1743.7144980430603,2,2596.5,19137.609375,91706.79296875
1744.726322889328,2,2442.8,19309.83984375,91706.79296875
1745.7370057106018,2,3804.3,19494.33203125,91706.79296875
1746.7457201480865,2,651.6,9226.859375,93754.80859375
1747.7538907527924,2,2029.4,8740.859375,91706.79296875
1748.7616803646088,2,3268.4,11727.27734375,91706.79296875
1749.7743196487427,2,4354.5,13382.62109375,91706.79296875
1750.7933292388916,2,4610.3,17094.3984375,91706.79296875
1751.8143210411072,2,4243.3,16457.5625,91706.79296875
1752.834341287613,2,3707.1,16699.88671875,91706.79296875
1753.8591165542603,2,3306.6,16951.51953125,91706.79296875
1754.882227897644,2,4086.4,17811.54296875,91706.79296875
1755.8943185806274,2,4100.7,18940.58984375,91706.79296875
1756.9018568992615,2,1550.4,19152.25,91706.79296875
1757.911319732666,2,3737.4,19343.05859375,91706.79296875
1758.9239003658295,2,2324.3,19636.22265625,91706.79296875
1759.9321908950806,2,1056.9,8277.29296875,91706.79296875
1760.9410197734833,2,2587.3,8865.359375,91706.79296875
1761.9583213329315,2,3596.8,13205.80078125,91706.79296875
1762.976330280304,2,4492.3,14290.1875,91706.79296875
1763.9965722560883,2,4529.1,14356.96875,91706.79296875
1765.0106446743011,2,4334.1,16610.2578125,91706.79296875
1766.0293381214142,2,3527.1,16803.05859375,91706.79296875
1767.0443320274353,2,3127.9,17016.12109375,91706.79296875
1768.0592603683472,2,4377.3,18336.64453125,91706.79296875
1769.0715508460999,2,3257.4,19252.078125,91706.79296875
1770.0823290348053,2,1645.3,19273.7265625,91706.79296875
1771.0983204841614,2,4548.8,19376.90234375,91706.79296875
1772.1086387634277,2,1071.0,19734.421875,91706.79296875
1773.1169137954712,2,1744.5,8676.21484375,91706.79296875
1774.12531042099,2,2255.5,9929.15625,91706.79296875
1775.1363208293915,2,4390.3,13317.4375,91706.79296875
1776.1553320884705,2,4551.9,15482.30859375,91706.79296875
1777.1795399188995,2,4473.4,16148.7421875,91706.79296875
1778.186439037323,2,3839.5,16663.109375,91706.79296875
1779.1953282356262,2,3537.6,16823.5859375,91706.79296875
1780.2163183689117,2,3308.1,17184.14453125,91706.79296875
1781.227323293686,2,4496.6,18635.25390625,91706.79296875
1782.245386838913,2,2371.3,19047.8671875,91706.79296875
1783.2533226013184,2,2485.3,19258.43359375,91706.79296875
1784.2643234729767,2,3749.0,19472.07421875,91706.79296875
1785.2741527557373,2,591.2,9325.8828125,93754.80859375
1786.2822515964508,2,2127.7,8761.08984375,91706.79296875
1787.2895102500916,2,3148.0,11724.875,91706.79296875
1788.3023207187653,2,4353.1,13400.99609375,91706.79296875
1789.321329832077,2,4636.3,16896.4921875,91706.79296875
1790.3458733558655,2,4206.5,16527.30859375,91706.79296875
1791.3633391857147,2,3731.7,16745.28125,91706.79296875
1792.372671365738,2,3322.2,16820.89453125,91706.79296875
1793.3803193569183,2,3633.9,17466.8046875,91706.79296875
1794.3933248519897,2,4436.7,18845.8046875,91706.79296875
1795.411405324936,2,1870.2,19186.2734375,91706.79296875
1796.419320821762,2,3220.4,19397.99609375,91706.79296875
1797.4373750686646,2,2849.4,19593.6796875,91706.79296875
1798.4497640132904,2,912.0,8124.94140625,91706.79296875
1799.4593188762665,2,2425.3,8837.1875,91706.79296875
1800.509480714798,2,3584.8,13193.921875,91706.79296875
1801.520572900772,2,4490.7,13786.16015625,91706.79296875
1802.5402405261993,2,4519.5,13920.94921875,91706.79296875
1803.5525345802307,2,4312.8,16558.28125,91706.79296875
1804.571813583374,2,3636.2,16792.03515625,91706.79296875
1805.585333108902,2,3372.0,17122.51171875,91706.79296875
1806.6023275852203,2,4072.5,18153.796875,91706.79296875
1807.6130220890045,2,3705.6,19224.5625,91706.79296875
1808.6203892230988,2,1363.7,19132.26953125,91706.79296875
1809.6283252239227,2,4407.9,19374.7734375,91706.79296875
1810.6387240886688,2,1631.5,19685.3671875,91706.79296875
1811.6453211307526,2,1500.9,8400.9609375,91706.79296875
1812.6541781425476,2,2522.2,9175.46875,91706.79296875
1813.663321018219,2,3829.9,13281.23046875,91706.79296875
1814.6813297271729,2,4552.9,14955.7578125,91706.79296875
1815.7060515880585,2,4537.6,15177.01953125,91706.79296875
1816.7183275222778,2,4338.5,16642.56640625,91706.79296875
1817.7409353256226,2,3216.1,16890.81640625,91706.79296875
1818.763977766037,2,3157.4,17132.9609375,91706.79296875
1819.7718863487244,2,4514.7,18461.81640625,91706.79296875
1820.7787871360779,2,3126.0,19248.96875,91706.79296875
1821.788104057312,2,1783.5,19283.04296875,91706.79296875
1822.797451019287,2,4568.4,19352.9140625,91706.79296875
1823.8084077835083,2,974.2,8684.68359375,91706.79296875
1824.8162569999695,2,1924.7,8706.75,91706.79296875
1825.8251690864563,2,2303.7,10072.65625,91706.79296875
1826.8363206386566,2,4387.6,13359.3671875,91706.79296875
1827.849332332611,2,4562.8,15643.4296875,91706.79296875
1828.869375705719,2,4460.2,16280.6953125,91706.79296875
1829.8779633045197,2,3870.8,16763.578125,91706.79296875
1830.8842511177063,2,3525.9,16888.78515625,91706.79296875
1831.9085938930511,2,3311.1,17180.7109375,91706.79296875
1832.9184255599976,2,4503.0,18743.54296875,91706.79296875
1833.9373216629028,2,2523.1,19136.546875,91706.79296875
1834.945972919464,2,2547.7,19311.58203125,91706.79296875
1835.9623186588287,2,3789.9,19549.58203125,91706.79296875
1836.9748122692108,2,604.5,9470.6328125,93754.80859375
1837.9822235107422,2,2113.3,8740.31640625,91706.79296875
1838.991332769394,2,3290.3,11881.96875,91706.79296875
1840.0033214092255,2,4363.9,13402.109375,91706.79296875
1841.0223278999329,2,4609.1,17240.83984375,91706.79296875
1842.0466027259827,2,4283.8,16495.66796875,91706.79296875
1843.063564300537,2,3713.4,16767.9375,91706.79296875
1844.0893261432648,2,3142.3,17020.15234375,91706.79296875
1845.112063407898,2,4023.7,17673.3203125,91706.79296875
1846.1247267723083,2,4344.1,18853.90234375,91706.79296875
1847.1319608688354,2,1619.1,19125.63671875,91706.79296875
1848.145322561264,2,3429.1,19329.40234375,91706.79296875
1849.1558887958527,2,2735.2,19635.41796875,91706.79296875
1850.16259431839,2,936.0,8192.44140625,91706.79296875
1851.1712534427643,2,2518.4,8839.16796875,91706.79296875
1852.220321893692,2,3597.3,13177.359375,91706.79296875
1853.2393276691437,2,4495.5,14168.26171875,91706.79296875
1854.2603294849396,2,4532.8,14035.97265625,91706.79296875
1855.2723190784454,2,4259.9,16514.8984375,91706.79296875
1856.2913410663605,2,3617.3,16721.87890625,91706.79296875
1857.3182096481323,2,3164.8,16919.8515625,91706.79296875
1858.3263320922852,2,4387.0,18283.7109375,91706.79296875
1859.3382513523102,2,3227.7,19161.734375,91706.79296875
1860.3483264446259,2,1732.1,19223.37109375,91706.79296875
1861.3623232841492,2,4551.7,19314.70703125,91706.79296875
1862.37233543396,2,1028.0,19264.55859375,91706.79296875
1863.3810544013977,2,1715.7,8638.34765625,91706.79296875
1864.3903217315674,2,2305.6,10021.109375,91706.79296875
1865.400949716568,2,4400.5,13292.2578125,91706.79296875
1866.4183270931244,2,4558.7,15816.11328125,91706.79296875
1867.4424858093262,2,4445.8,16175.75390625,91706.79296875
1868.4499781131744,2,3857.0,16610.76953125,91706.79296875
1869.4570202827454,2,3538.4,16765.48046875,91706.79296875
1870.4688000679016,2,3449.1,17164.24609375,91706.79296875
1871.479321718216,2,4513.5,18565.33203125,91706.79296875
1872.496568441391,2,2263.7,18978.2109375,91706.79296875
1873.504191160202,2,2763.8,19183.58203125,91706.79296875
1874.5147802829742,2,3388.2,19417.8125,91706.79296875
1875.5231482982635,2,610.9,9844.35546875,93754.80859375
1876.5314178466797,2,2097.9,8692.21875,91706.79296875
1877.540710926056,2,3681.8,12380.0234375,91706.79296875
1878.5533196926117,2,4376.5,13331.24609375,91706.79296875
1879.5723342895508,2,4609.8,16808.37890625,91706.79296875
1880.5873203277588,2,4291.3,16486.6171875,91706.79296875
1881.6054389476776,2,3556.0,16757.71484375,91706.79296875
1882.6133286952972,2,3320.3,17016.953125,91706.79296875
1883.6323878765106,2,4165.7,17959.7421875,91706.79296875
1884.6423244476318,2,3943.9,19228.49609375,91706.79296875
1885.6493742465973,2,1480.4,19207.2421875,91706.79296875
1886.661553144455,2,3900.6,19355.921875,91706.79296875
1887.6721487045288,2,2084.8,19697.7109375,91706.79296875
1888.681188583374,2,1104.2,8392.6796875,91706.79296875
1889.6903207302094,2,3229.7,11362.88671875,91706.79296875
1890.7082657814026,2,4459.8,13650.73828125,91706.79296875
1891.7321438789368,2,4247.5,14601.546875,91706.79296875
1892.7388093471527,2,3604.1,14942.734375,91706.79296875
1893.751318693161,2,4306.9,15770.2265625,91706.79296875
1894.757889032364,2,2625.0,16427.83203125,91706.79296875
1895.7663242816925,2,3350.4,16525.453125,91706.79296875
1896.7768986225128,2,1691.3,8585.1015625,93754.80859375
1897.7848010063171,2,1958.3,8708.296875,91706.79296875
1898.8123199939728,2,3794.3,11678.54296875,91706.79296875
1899.8294577598572,2,4513.2,13087.34375,91706.79296875
1900.8433446884155,2,4034.9,14538.53515625,91706.79296875
1901.8693101406097,2,3642.5,14753.94140625,91706.79296875
1902.879947900772,2,4268.3,15976.1796875,91706.79296875
1903.8884172439575,2,1880.1,16412.296875,91706.79296875
1904.9033210277557,2,3752.6,16491.39453125,91706.79296875
1905.9128127098083,2,852.8,8287.39453125,91706.79296875
1906.921222448349,2,3134.2,10845.546875,91706.79296875
1907.9323334693909,2,4335.7,12749.7890625,91706.79296875
1908.9520001411438,2,4261.8,14389.640625,91706.79296875
1909.969357252121,2,3778.9,14575.5703125,91706.79296875
1910.9783298969269,2,4213.1,15485.98046875,91706.79296875
1911.9911212921143,2,2911.6,16307.078125,91706.79296875
1912.9973108768463,2,2959.6,16322.19921875,91706.79296875
1914.0073375701904,2,2166.4,16716.69921875,91706.79296875
1915.014494419098,2,1652.3,8667.37890625,91706.79296875
1916.0633206367493,2,3761.6,11638.0,91706.79296875
1917.083328962326,2,4508.1,12702.49609375,91706.79296875
1918.0981240272522,2,4026.7,14523.046875,91706.79296875
1919.1094172000885,2,3642.6,14699.0546875,91706.79296875
1920.1157715320587,2,4323.3,15924.6640625,91706.79296875
1921.1334345340729,2,1679.6,16082.32421875,91706.79296875
1922.140728712082,2,4074.1,16363.0859375,91706.79296875
1923.1482260227203,2,672.3,8090.71484375,91706.79296875
1924.1578118801117,2,3906.7,9810.01953125,91706.79296875
1925.1689801216125,2,3991.1,10506.41015625,91706.79296875
1926.178499698639,2,2716.3,10755.5078125,91706.79296875
1927.1850063800812,2,1647.7,8654.83203125,91706.79296875
1928.2273185253143,2,3792.8,11695.55859375,91706.79296875
1929.24520611763,2,4516.5,12697.7109375,91706.79296875
1930.2583267688751,2,4076.6,14527.02734375,91706.79296875
1931.2693271636963,2,3709.5,14735.3671875,91706.79296875
1932.2773232460022,2,4313.5,16021.51953125,91706.79296875
1933.2944161891937,2,1729.9,16247.296875,91706.79296875
1934.303747177124,2,4048.1,16473.82421875,91706.79296875
1935.3117463588715,2,657.4,8191.9921875,91706.79296875
1936.3223221302032,2,3396.2,10133.15234375,91706.79296875
1937.335319519043,2,4399.8,11993.36328125,91706.79296875
1938.3535137176514,2,3616.9,12328.98828125,91706.79296875
1939.36416554451,2,3582.6,13225.27734375,91706.79296875
1940.3711915016174,2,3362.5,13316.32421875,91706.79296875
1941.3786914348602,2,939.1,8495.8828125,91706.79296875
1942.3873209953308,2,3646.2,10267.57421875,91706.79296875
1943.4055891036987,2,4420.1,12025.21484375,91706.79296875
1944.415880203247,2,3608.4,12423.72265625,91706.79296875
1945.4264285564423,2,3111.1,13087.2890625,91706.79296875
1946.4350616931915,2,3210.0,13255.8125,91706.79296875
1947.4430079460144,2,361.7,5155.66015625,84538.63671875
1948.4494919776917,2,103.1,4994.3828125,84538.63671875
1949.457739830017,2,102.1,4882.2890625,84538.63671875
