elapsed_time,nproc,cpu,mem_real,mem_virtual
3.5762786865234375e-05,1,0.0,5.47265625,7.39453125
1.0063540935516357,4,0.0,444.4765625,4207.578125
2.0153326988220215,4,100.1,622.25390625,4421.578125
3.0243170261383057,4,100.2,617.57421875,4453.578125
4.032217025756836,4,99.1,620.3359375,4453.578125
5.040971040725708,4,100.2,620.68359375,4453.578125
6.048852443695068,4,99.1,618.91796875,4501.578125
7.058161020278931,4,100.1,614.63671875,4501.578125
8.067031383514404,4,98.9,585.31640625,4501.578125
9.078384399414062,4,99.9,592.30078125,4501.578125
10.08922553062439,4,100.0,635.44140625,4501.578125
11.098970890045166,4,98.9,687.44140625,4557.578125
12.109983921051025,4,99.8,739.44140625,4621.578125
13.121673107147217,4,99.9,793.44140625,4707.578125
14.132856130599976,4,99.0,839.44140625,4707.578125
15.14331841468811,4,99.9,891.44140625,4803.578125
16.15384602546692,4,99.6,935.44140625,4803.578125
17.167782068252563,2,0.0,54.09765625,98.62890625
18.178550243377686,2,0.0,268.09765625,3722.55078125
19.190744400024414,2,99.9,623.09765625,4896.58203125
20.20132064819336,2,100.0,867.2109375,5856.58203125
21.211304903030396,2,99.9,1085.20703125,7136.58203125
22.222238302230835,2,99.9,1347.078125,7136.58203125
23.232749223709106,2,99.9,1583.07421875,9696.58203125
24.24360179901123,2,99.9,1870.4375,9696.58203125
25.254305362701416,2,99.7,1909.08984375,9184.55078125
26.26745080947876,2,99.9,1909.08984375,9184.55078125
27.27884078025818,2,99.9,1903.37109375,9184.55078125
28.29006290435791,2,99.9,1903.375,9184.53515625
29.30063533782959,2,100.0,1896.31640625,9184.53515625
30.310937881469727,2,100.0,1896.31640625,9184.53515625
31.32122254371643,2,99.9,1893.24609375,9184.53515625
32.33214998245239,2,99.0,1982.95703125,9704.56640625
33.34219527244568,2,100.0,2016.59765625,9752.56640625
34.35229969024658,2,1675.6,2649.65625,13555.51171875
35.37930727005005,2,4664.5,3371.18359375,14333.01171875
36.405308961868286,2,4720.9,3578.9921875,14598.51171875
37.431312561035156,2,4645.8,3781.72265625,14821.51171875
38.45831370353699,2,4685.4,3892.6328125,14988.51171875
39.485307931900024,2,4679.8,3956.53125,15120.51171875
40.512306690216064,2,4722.8,3975.359375,15220.51171875
41.53644561767578,2,4647.7,4059.6640625,15368.51171875
42.56330871582031,2,4675.5,4066.78515625,15437.51171875
43.59030890464783,2,4668.4,4205.76953125,15633.51171875
44.617308616638184,2,4697.2,4268.66796875,15792.51171875
45.6423065662384,2,4679.2,4285.07421875,15906.51171875
46.66930675506592,2,4667.1,4394.21875,16041.51171875
47.696311235427856,2,4676.0,4391.51953125,16071.51171875
48.72330951690674,2,4718.1,4357.0234375,16101.51171875
49.75030469894409,2,4681.6,4385.8359375,16188.51171875
50.77590775489807,2,4638.9,4413.6328125,16194.51171875
51.81130886077881,2,4631.9,4391.6953125,16194.51171875
52.838303089141846,2,4710.8,4409.58203125,16323.51171875
53.86530947685242,2,4672.7,4383.06640625,16323.51171875
54.88994002342224,2,4654.2,4444.58203125,16435.51171875
55.92342495918274,2,4675.8,4434.58984375,16495.51171875
56.94930911064148,2,4700.3,4471.82421875,16560.51171875
57.97630834579468,2,4661.3,4499.203125,16608.51171875
59.00230813026428,2,4670.0,4446.80078125,16626.51171875
60.02931475639343,2,4661.1,4563.78515625,16758.51171875
61.05630922317505,2,4719.5,4454.640625,16773.51171875
62.083309173583984,2,4628.7,4444.140625,16807.51171875
63.11031198501587,2,4661.6,4370.94140625,16817.51171875
64.13731408119202,2,4659.5,4352.88671875,16831.51171875
65.16430997848511,2,4713.0,4324.12109375,16903.51171875
66.19131827354431,2,4633.4,4280.65625,16955.51171875
67.21830534934998,2,4676.0,4318.6875,17053.51171875
68.24513936042786,2,4675.8,4297.90234375,17053.51171875
69.2733085155487,2,4708.1,4313.98046875,17135.51171875
70.30031108856201,2,4662.3,4315.7578125,17163.51171875
71.32830739021301,2,4682.3,4248.81640625,17185.51171875
72.35830760002136,2,4681.2,4315.3984375,17221.51171875
73.38766384124756,2,4727.0,4331.8203125,17261.51171875
74.41762804985046,2,4665.1,4321.3515625,17261.51171875
75.44319868087769,2,4669.8,4291.4921875,17261.51171875
76.47431063652039,2,4667.4,4415.50390625,17279.51171875
77.50230622291565,2,4697.0,4589.5703125,17339.51171875
78.53031826019287,2,4687.5,4686.3515625,17449.51171875
79.55715012550354,2,4650.6,5145.828125,17973.51171875
80.58431267738342,2,4666.7,5122.11328125,17997.51171875
81.61131238937378,2,4700.6,5187.74609375,18097.51171875
82.640305519104,2,4689.4,5403.53125,18363.51171875
83.66730666160583,2,4649.1,5479.0859375,18393.51171875
84.69430780410767,2,4674.0,5459.28515625,18405.51171875
85.72130608558655,2,4687.2,5478.515625,18479.51171875
86.74930882453918,2,4692.6,5461.421875,18479.51171875
87.7759153842926,2,4643.5,5597.2109375,18595.51171875
88.8023087978363,2,4669.4,5705.14453125,18809.51171875
89.82931566238403,2,4700.3,5724.2421875,18961.51171875
90.85631036758423,2,4707.4,5917.06640625,19129.51171875
91.8808867931366,2,4641.4,5889.37890625,19209.51171875
92.90816044807434,2,4669.4,5907.16015625,19271.51171875
93.93630909919739,2,4664.5,5946.76171875,19409.51171875
94.96331715583801,2,4715.0,5987.3828125,19481.51171875
95.99031043052673,2,4644.1,6011.82421875,19553.51171875
97.01430821418762,2,4648.4,6289.09765625,19719.51171875
98.04130959510803,2,4670.6,6371.53515625,19887.51171875
99.06830406188965,2,4708.0,6329.84375,19939.51171875
100.09530878067017,2,4657.6,6330.18359375,20023.51171875
101.11971068382263,2,4639.0,6390.1953125,20065.51171875
102.14730906486511,2,4661.9,6378.65234375,20181.51171875
103.17330765724182,2,4707.2,6393.66015625,20297.51171875
104.20030879974365,2,4692.4,6444.6484375,20425.51171875
105.22463369369507,2,4623.7,6281.0078125,20425.51171875
106.25231266021729,2,4650.6,6382.75,20467.51171875
107.28131055831909,2,4714.4,6326.546875,20487.51171875
108.3083107471466,2,4692.5,6263.90234375,20487.51171875
109.33274412155151,2,4639.2,6189.96875,20487.51171875
110.36030864715576,2,4642.4,6253.7109375,20537.51171875
111.38730978965759,2,4718.7,6227.046875,20537.51171875
112.41430902481079,2,4659.5,6564.8359375,20843.51171875
113.4389054775238,2,4655.5,6680.5625,20947.51171875
114.46631002426147,2,4668.2,6805.93359375,21005.51171875
115.49257206916809,2,4645.2,6762.47265625,21061.51171875
116.50730490684509,2,4711.4,6730.09375,21061.51171875
117.53152370452881,2,4656.8,6763.03515625,21173.51171875
118.60530972480774,2,4653.3,6891.85546875,21263.51171875
119.63231372833252,2,4673.3,6902.28125,21263.51171875
120.65831017494202,2,4708.2,7005.953125,21287.51171875
121.68830919265747,2,4660.9,7051.9375,21331.51171875
122.7163097858429,2,4668.7,7008.9375,21331.51171875
123.74330568313599,2,4636.9,6995.01953125,21395.51171875
124.77030920982361,2,4696.6,6962.7109375,21395.51171875
125.79730772972107,2,4658.8,7005.49609375,21395.51171875
126.82430982589722,2,4643.9,7180.890625,21553.51171875
127.85131049156189,2,4657.9,7115.7734375,21553.51171875
128.8783097267151,2,4702.6,7104.97265625,21581.51171875
129.90530848503113,2,4662.5,7090.828125,21605.51171875
130.93393087387085,2,4661.2,7056.4296875,21605.51171875
131.9593141078949,2,4643.8,6917.15625,21637.51171875
132.9923062324524,2,4708.0,6891.40234375,21637.51171875
134.0183093547821,2,4695.1,6809.58203125,21637.51171875
135.04385709762573,2,4631.1,6933.69140625,21689.51171875
136.0713028907776,2,4649.7,6772.3828125,21689.51171875
137.09731078147888,2,4715.8,6799.8046875,21703.51171875
138.12531185150146,2,4690.4,6985.58984375,21871.51171875
139.14978075027466,2,4633.7,7259.0859375,21999.51171875
140.1772425174713,2,4649.0,7204.59765625,22075.51171875
141.20430994033813,2,4692.7,7088.828125,22075.51171875
142.21830940246582,2,4653.1,7117.2265625,22255.51171875
143.24331068992615,2,4637.8,7419.66796875,22467.51171875
144.27031207084656,2,4640.4,7205.76953125,22507.51171875
145.2973108291626,2,4698.3,7201.11328125,22507.51171875
146.324303150177,2,4677.9,7145.26953125,22507.51171875
147.3513081073761,2,4614.9,6976.34375,22507.51171875
148.3783040046692,2,4650.9,7250.171875,22551.51171875
149.4053065776825,2,4653.7,7227.5234375,22551.51171875
150.43230724334717,2,4670.7,7176.2109375,22651.51171875
151.45930814743042,2,4636.7,7161.9140625,22723.51171875
152.48631262779236,2,4657.2,7161.3203125,22723.51171875
153.51331186294556,2,4670.5,7184.07421875,22755.51171875
154.5403094291687,2,4713.4,7265.390625,22755.51171875
155.56475353240967,2,4692.1,7250.51953125,22805.51171875
156.58731389045715,2,4636.9,7280.08984375,22805.51171875
157.61430597305298,2,4649.3,7392.109375,22805.51171875
158.64197635650635,2,4716.7,7249.38671875,22805.51171875
159.66931772232056,2,4663.0,7388.0390625,22805.51171875
160.69491720199585,2,4656.6,7289.7421875,22805.51171875
161.7213056087494,2,4642.1,7132.7578125,22805.51171875
162.7473063468933,2,4694.7,7125.7890625,22805.51171875
163.77430820465088,2,4683.5,7011.37890625,22805.51171875
164.79331040382385,2,4618.0,6985.22265625,22829.51171875
165.820307970047,2,4665.8,6995.42578125,22885.51171875
166.8473093509674,2,4669.5,6956.71875,22917.51171875
167.8743131160736,2,4710.7,6863.25390625,22917.51171875
168.89875483512878,2,4640.5,6740.3984375,22917.51171875
169.92630887031555,2,4671.5,6720.66796875,22917.51171875
170.95330929756165,2,4669.5,6681.98828125,22917.51171875
171.98030829429626,2,4700.8,6696.40234375,22917.51171875
173.00731873512268,2,4657.2,6691.41015625,22917.51171875
174.0343098640442,2,4665.6,6794.23828125,22917.51171875
175.06131076812744,2,4661.3,6763.19140625,22949.51171875
176.08830976486206,2,4733.7,6770.6640625,22949.51171875
177.11531949043274,2,4684.3,6789.9765625,22949.51171875
178.1394865512848,2,4635.1,6836.55859375,23053.51171875
179.16631054878235,2,4655.4,7257.09375,23237.51171875
180.19330978393555,2,4739.1,7299.4921875,23317.51171875
181.21930837631226,2,4659.6,7244.984375,23377.51171875
182.2443027496338,2,4634.8,7230.00390625,23377.51171875
183.27231192588806,2,4659.9,7089.65234375,23377.51171875
184.29930973052979,2,4685.3,7076.4609375,23377.51171875
185.32530760765076,2,4658.8,6969.671875,23405.51171875
186.3503110408783,2,4636.9,6946.54296875,23405.51171875
187.3773066997528,2,4661.3,7058.6484375,23437.51171875
188.40430545806885,2,4738.6,7225.24609375,23525.51171875
189.4313099384308,2,4675.3,7055.6328125,23525.51171875
190.45831108093262,2,4652.1,7046.78125,23525.51171875
191.48630666732788,2,4665.8,6900.51953125,23525.51171875
192.51430439949036,2,4639.5,6875.2421875,23525.51171875
193.54130911827087,2,4656.2,7030.93359375,23585.51171875
194.565660238266,2,4629.7,7026.83203125,23585.51171875
195.5933096408844,2,4667.8,6955.15625,23585.51171875
196.62031030654907,2,4649.9,7047.18359375,23609.51171875
197.64730668067932,2,4700.5,7140.96484375,23637.51171875
198.6723120212555,2,4636.1,7088.7421875,23637.51171875
199.6993124485016,2,4665.0,7180.94140625,23637.51171875
200.7263104915619,2,4663.6,7425.03125,23957.51171875
201.7533049583435,2,4711.3,7607.53515625,24017.51171875
202.78031373023987,2,4586.5,7850.375,24439.51171875
203.80830788612366,2,4653.6,7997.390625,24551.51171875
204.83530926704407,2,4628.8,7869.85546875,24551.51171875
205.8623206615448,2,4689.0,7988.734375,24611.51171875
206.8893096446991,2,4676.8,8062.8359375,24611.51171875
207.9137156009674,2,4608.4,7957.7578125,24643.51171875
208.94160413742065,2,4650.6,8013.23046875,24771.51171875
209.96855354309082,2,4698.2,7976.47265625,24831.51171875
210.99730777740479,2,4676.1,7867.66015625,24831.51171875
212.02162075042725,2,4626.3,7753.1171875,24831.51171875
213.04931592941284,2,4638.6,7896.64453125,24831.51171875
214.07530856132507,2,4676.5,7969.96484375,24831.51171875
215.102313041687,2,4702.7,8174.14453125,24831.51171875
216.12931489944458,2,4651.4,8211.48046875,24851.51171875
217.15330410003662,2,4663.2,8130.53515625,24875.51171875
218.18130779266357,2,4647.6,8002.734375,24875.51171875
219.2083089351654,2,4701.9,8101.7578125,24875.51171875
220.23531341552734,2,4654.4,8103.90234375,24875.51171875
221.30614352226257,2,4665.3,7975.38671875,24875.51171875
222.33331203460693,2,4647.8,7838.87109375,24875.51171875
223.35930609703064,2,4719.3,7752.125,24875.51171875
224.3863124847412,2,4647.3,7670.91796875,24875.51171875
225.41048169136047,2,4632.8,7749.734375,24875.51171875
226.4343056678772,2,4636.9,7629.5078125,24999.51171875
227.46031212806702,2,4717.7,7594.73046875,24999.51171875
228.4860920906067,2,4673.4,7626.99609375,24999.51171875
229.511479139328,2,4636.4,7662.1953125,25031.51171875
230.53830814361572,2,4633.3,7573.234375,25071.51171875
231.56530952453613,2,4713.7,7517.98828125,25071.51171875
232.59130835533142,2,4674.5,7536.66015625,25071.51171875
233.61630845069885,2,4623.6,7682.15234375,25071.51171875
234.64331316947937,2,4637.2,7614.62890625,25071.51171875
235.65731024742126,2,4714.2,7597.125,25071.51171875
236.68331217765808,2,4680.0,7736.71875,25071.51171875
237.70830869674683,2,4653.0,8029.4453125,25163.51171875
238.73531889915466,2,4643.8,7900.54296875,25163.51171875
239.7613124847412,2,4695.6,7840.2734375,25195.51171875
240.7893123626709,2,4675.1,7966.46484375,25287.51171875
241.81031274795532,2,4630.4,8030.7265625,25287.51171875
242.83731269836426,2,4629.2,7913.5234375,25287.51171875
243.86318635940552,2,4710.2,7976.44140625,25287.51171875
244.89030575752258,2,4665.0,7853.39453125,25287.51171875
245.91542029380798,2,4613.6,7725.6640625,25287.51171875
246.94330549240112,2,4637.9,7531.9609375,25287.51171875
247.97030901908875,2,4677.9,7510.171875,25311.51171875
248.9973111152649,2,4685.3,7589.19921875,25311.51171875
250.01231050491333,2,4621.2,7608.19140625,25311.51171875
251.04030776023865,2,4658.7,7517.56640625,25311.51171875
252.05430674552917,2,4665.3,7437.3125,25311.51171875
253.08027291297913,2,4705.5,7408.30078125,25311.51171875
254.1083071231842,2,4646.6,7458.84765625,25311.51171875
255.13531112670898,2,4665.9,7374.4140625,25343.51171875
256.16230940818787,2,4669.0,7405.65625,25343.51171875
257.1893129348755,2,4705.6,7551.1796875,25423.51171875
258.2163050174713,2,4680.3,7635.5390625,25539.51171875
259.24061155319214,2,4642.2,7874.8671875,25713.51171875
260.2683081626892,2,4663.6,8076.37890625,25897.51171875
261.29630732536316,2,4715.8,8162.49609375,25897.51171875
262.3243043422699,2,4674.5,8128.359375,25897.51171875
263.348601102829,2,4651.4,8128.60546875,25925.51171875
264.3763093948364,2,4659.2,8006.48046875,25957.51171875
265.40330934524536,2,4656.0,8190.93359375,25981.51171875
266.4353120326996,2,4708.1,8401.35546875,26141.51171875
267.4643075466156,2,4587.9,8967.85546875,26631.51171875
268.49130964279175,2,4649.9,9429.8046875,27111.51171875
269.5181882381439,2,4635.6,9757.109375,27463.51171875
270.54630994796753,2,4699.5,9901.59375,27463.51171875
271.5718038082123,2,4630.7,10096.3984375,27847.51171875
272.59931564331055,2,4662.2,10259.703125,27847.51171875
273.6283121109009,2,4660.9,10281.40625,27847.51171875
274.6576166152954,2,4695.5,10315.6875,27923.51171875
275.67932081222534,2,4700.2,10364.6640625,27971.51171875
276.70031809806824,2,4618.4,10442.76953125,27971.51171875
277.7293074131012,2,4645.1,10445.65625,27971.51171875
278.7571527957916,2,4710.3,10411.91015625,27975.51171875
279.78631067276,2,4676.9,10441.94140625,27975.51171875
280.8107659816742,2,4628.3,10420.890625,27975.51171875
281.83921551704407,2,4645.3,10573.16796875,28099.51171875
282.86885499954224,2,4703.7,10507.91015625,28099.51171875
283.8993167877197,2,4684.7,10433.765625,28099.51171875
284.92266607284546,2,4634.8,10472.6875,28099.51171875
285.950306892395,2,4640.0,10593.75,28203.51171875
286.97730255126953,2,4724.4,10537.640625,28307.51171875
288.00575017929077,2,4683.6,10421.08984375,28367.51171875
289.0303089618683,2,4623.8,10449.12890625,28371.51171875
290.05857014656067,2,4650.5,10355.1328125,28371.51171875
291.0863091945648,2,4632.2,10341.41796875,28371.51171875
292.11330938339233,2,4679.8,10414.2890625,28371.51171875
293.1393094062805,2,4632.5,10478.55859375,28371.51171875
294.16630482673645,2,4667.2,10409.26171875,28431.51171875
295.19330883026123,2,4652.0,10509.8515625,28431.51171875
296.2203049659729,2,4698.1,10466.6953125,28487.51171875
297.2473146915436,2,4640.3,10423.1875,28487.51171875
298.2733120918274,2,4623.9,10381.61328125,28487.51171875
299.3003029823303,2,4634.0,10434.453125,28487.51171875
300.3273048400879,2,4686.5,10505.30859375,28647.51171875
301.35675859451294,2,4634.4,10528.76953125,28647.51171875
302.38130927085876,2,4646.8,10523.40234375,28647.51171875
303.4083070755005,2,4657.8,10564.96875,28839.51171875
304.4353058338165,2,4684.8,10153.51171875,28839.51171875
305.462308883667,2,4652.3,10066.80859375,28839.51171875
306.4883062839508,2,4656.8,10149.83984375,28987.51171875
307.51630449295044,2,4635.0,9943.8125,28987.51171875
308.5433096885681,2,4693.1,9932.57421875,28987.51171875
309.5703139305115,2,4653.1,9979.84375,28991.51171875
310.6183090209961,2,4646.8,9778.671875,29039.51171875
311.64530634880066,2,4653.3,9936.28515625,29163.51171875
312.6723117828369,2,4716.9,9828.0703125,29259.51171875
313.6967866420746,2,4692.6,9948.0078125,29367.51171875
314.71831011772156,2,4615.6,9874.55078125,29367.51171875
315.7503128051758,2,4643.3,9682.02734375,29515.51171875
316.78231930732727,2,4745.6,9792.03515625,29603.51171875
317.8095967769623,2,4659.3,9812.7421875,29659.51171875
318.8323085308075,2,4642.0,9978.68359375,29659.51171875
319.85931301116943,2,4660.4,10084.3125,29659.51171875
320.88630986213684,2,4711.1,10027.19921875,29659.51171875
321.9133071899414,2,4685.6,10002.26171875,29659.51171875
322.93774580955505,2,4647.6,10355.859375,29663.51171875
323.9663116931915,2,4666.8,10480.5546875,29767.51171875
324.9933080673218,2,4705.4,10375.76171875,29767.51171875
326.0203082561493,2,4446.8,10177.69140625,29767.51171875
327.03192019462585,2,3718.0,10227.62890625,29767.51171875
328.0450909137726,2,3249.2,10238.43359375,29767.51171875
329.0576546192169,2,3010.4,10062.50390625,29767.51171875
330.0705599784851,2,2441.5,10060.76171875,29767.51171875
331.0805323123932,2,1927.0,9776.14453125,29767.51171875
332.090398311615,2,1882.7,9826.53125,29767.51171875
333.10063219070435,2,1724.5,9526.2890625,29767.51171875
334.1096348762512,2,1571.7,9498.44140625,29767.51171875
335.11997961997986,2,1396.5,9108.71484375,29795.51171875
336.12894892692566,2,1295.4,9126.96875,29975.51171875
337.1386730670929,2,1196.8,8590.07421875,29975.51171875
338.1472010612488,2,1199.2,8445.8671875,29975.51171875
339.1562011241913,2,1095.7,8298.87890625,29975.51171875
340.1647250652313,2,942.0,8115.890625,29975.51171875
341.1731598377228,2,809.8,7853.71875,29975.51171875
342.1845934391022,2,616.9,7694.0,29975.51171875
343.19608640670776,2,543.2,7579.69140625,29975.51171875
344.20680594444275,2,403.9,7620.0,29975.51171875
345.21696376800537,2,402.5,7761.734375,29975.51171875
346.22821831703186,2,397.4,7457.66796875,29975.51171875
347.23968172073364,2,303.0,7382.5859375,29975.51171875
348.2496726512909,2,304.5,7240.07421875,29975.51171875
349.2610683441162,2,303.8,7115.296875,29975.51171875
350.27162647247314,2,301.6,7030.39453125,29975.51171875
351.2830591201782,2,301.9,6937.36328125,29975.51171875
352.29336071014404,2,301.6,6866.96484375,30423.51171875
353.30449056625366,2,300.0,7148.98828125,30423.51171875
354.31453800201416,2,305.9,6781.3203125,30423.51171875
355.3246650695801,2,200.9,6817.74609375,30423.51171875
356.33535075187683,2,202.7,6904.515625,30423.51171875
357.3468532562256,2,205.8,6818.54296875,30423.51171875
358.3574962615967,2,213.5,6682.51953125,30423.51171875
359.36899161338806,2,209.0,6517.1484375,30423.51171875
360.37837266921997,2,208.6,6388.6796875,30423.51171875
361.3900601863861,2,206.7,6273.74609375,30423.51171875
362.40114736557007,2,201.9,6444.234375,30423.51171875
363.41165041923523,2,202.8,6795.21875,30423.51171875
364.42267894744873,2,202.8,6739.765625,30423.51171875
365.43344259262085,2,202.7,6782.51953125,30423.51171875
366.44463086128235,2,209.6,6006.8046875,30423.51171875
367.4559061527252,2,201.9,5960.49609375,30423.51171875
368.46653270721436,2,201.7,5897.8515625,30423.51171875
369.47810196876526,2,201.7,5854.58203125,30423.51171875
370.4893114566803,2,202.1,5788.1015625,30423.51171875
371.4987442493439,2,200.7,5719.05078125,30423.51171875
372.5099711418152,2,179.2,5592.55859375,30423.51171875
373.52035188674927,2,101.9,5587.06640625,30423.51171875
374.5307631492615,2,101.9,5451.4921875,30423.51171875
375.5412085056305,2,102.9,5392.1171875,30423.51171875
376.55220460891724,2,102.9,5597.35546875,30423.51171875
377.5629668235779,2,103.8,5899.328125,30423.51171875
378.5742485523224,2,103.1,5808.49609375,30423.51171875
379.58326601982117,2,103.9,5789.94140625,30423.51171875
380.59424090385437,2,103.9,5505.81640625,30423.51171875
381.60443472862244,2,100.8,5650.22265625,30423.51171875
382.6161296367645,2,102.5,5663.6328125,30423.51171875
383.63057231903076,2,100.9,5323.1796875,30423.51171875
384.6417751312256,2,100.8,5509.82421875,30423.51171875
385.6532266139984,2,101.0,5548.25390625,30423.51171875
386.6629648208618,2,101.7,5162.8671875,30423.51171875
387.67535161972046,2,101.9,5146.0078125,30423.51171875
388.68586826324463,2,102.8,5124.625,30423.51171875
389.6972212791443,2,103.9,5076.3046875,30423.51171875
390.7074465751648,2,100.8,5070.296875,30423.51171875
391.71966648101807,2,103.5,4958.6875,30423.51171875
392.7337923049927,2,101.9,4950.78515625,30423.51171875
393.74472522735596,2,99.8,5237.6484375,30423.51171875
394.7567939758301,2,100.9,5398.65234375,30423.51171875
395.7674148082733,2,98.9,5068.0546875,30423.51171875
396.7784333229065,2,100.9,5068.0546875,30423.51171875
397.78899025917053,2,101.9,5052.234375,30423.51171875
398.799250125885,2,101.9,5002.453125,30423.51171875
399.80993938446045,2,101.9,4944.76171875,30423.51171875
400.82027077674866,2,103.1,4905.9296875,30423.51171875
401.82923889160156,2,101.8,4886.2734375,30423.51171875
402.840797662735,2,102.0,4883.3046875,30423.51171875
403.851047039032,2,100.9,4966.4765625,30423.51171875
404.86172676086426,2,100.0,5359.0859375,30423.51171875
405.87168884277344,2,99.9,5445.37109375,30423.51171875
406.8822011947632,2,99.9,5019.52734375,30423.51171875
407.8930470943451,2,100.0,5019.52734375,30423.51171875
408.9027969837189,2,103.0,4998.51953125,30423.51171875
409.91209864616394,2,102.8,4948.36328125,30423.51171875
410.92330718040466,2,100.9,4906.109375,30423.51171875
411.93418741226196,2,100.1,4879.640625,30423.51171875
412.9434778690338,2,101.0,4984.5,30423.51171875
413.95377492904663,2,98.9,5144.015625,30423.51171875
414.96488666534424,2,101.9,5272.21875,30423.51171875
415.97526001930237,2,99.9,5416.75390625,30423.51171875
416.9866099357605,2,100.9,5565.5,30935.51171875
417.997318983078,2,100.0,5671.75,30947.51171875
419.0074725151062,2,100.0,5679.390625,30947.51171875
420.0178072452545,2,101.0,5824.3125,30947.51171875
421.0280168056488,2,104.5,5610.42578125,30947.51171875
422.0424108505249,2,101.8,5737.67578125,30947.51171875
423.0537986755371,2,107.6,5571.53515625,30947.51171875
424.06716680526733,2,103.1,5657.9921875,30947.51171875
425.07615756988525,2,103.8,5614.69140625,30947.51171875
426.0873370170593,2,103.8,5303.921875,30947.51171875
427.0986547470093,2,102.8,5192.390625,30947.51171875
428.1104407310486,2,101.1,5098.78125,30947.51171875
429.119265794754,2,103.0,4997.01953125,30947.51171875
430.1294136047363,2,102.8,4894.52734375,30947.51171875
431.14069080352783,2,101.8,4800.29296875,30947.51171875
432.15213203430176,2,109.0,4101.85546875,30947.51171875
433.16112899780273,2,716.7,2910.47265625,31067.51953125
434.17272567749023,2,109.7,2963.53515625,31171.51953125
435.1843659877777,2,106.9,2774.72265625,31171.578125
436.1949028968811,2,105.1,2706.2109375,31267.60546875
437.2039108276367,2,105.9,2621.72265625,31859.60546875
438.2151052951813,2,1820.7,3423.76953125,31859.60546875
439.2289664745331,2,1158.1,6083.328125,36979.6796875
440.24312448501587,2,1365.6,4164.375,35955.65234375
441.25360774993896,2,2082.1,4021.00390625,43123.63671875
442.26812744140625,2,4395.8,6052.796875,43123.63671875
443.2817487716675,2,3669.2,6463.07421875,43123.63671875
444.2952206134796,2,2503.9,6782.7421875,43123.63671875
445.3063209056854,2,2210.6,3875.8359375,41075.60546875
446.32497668266296,2,1251.7,4049.828125,43123.63671875
447.357296705246,2,3766.0,5746.9140625,43123.63671875
448.3783040046692,2,4427.5,7517.0546875,43123.63671875
449.4310600757599,2,2921.9,7687.53125,43123.63671875
450.44629645347595,2,3744.6,8337.83203125,43123.63671875
451.47115182876587,2,2207.8,8480.17578125,43151.63671875
452.4817011356354,2,3221.2,8471.8515625,43151.63671875
453.49529671669006,2,1791.1,3342.9609375,41103.60546875
454.52228832244873,2,4761.9,3202.95703125,41103.60546875
455.55029559135437,2,4657.0,3147.40625,41103.60546875
456.56869888305664,2,4278.1,3259.83203125,41103.60546875
457.588308095932,2,4630.4,3230.6796875,41103.60546875
458.61266469955444,2,2657.0,3371.43359375,41103.60546875
459.63934659957886,2,94.2,3171.3984375,41103.60546875
460.64744305610657,2,99.5,3154.4921875,41103.60546875
461.65293407440186,2,96.5,3156.4453125,41173.625
462.6584539413452,2,127.9,3681.109375,41173.625
463.66732120513916,2,99.2,4080.31640625,41173.625
464.6756544113159,4,45.6,4358.4921875,41403.9765625
465.684237241745,4,100.2,4573.98828125,41626.08984375
466.69213461875916,4,99.2,4790.578125,41857.734375
467.7001700401306,4,101.1,4982.46484375,42069.15625
468.7092206478119,4,99.9,5230.1953125,42320.78125
469.7205708026886,4,98.8,5570.37890625,42668.44140625
470.7327890396118,4,100.9,5915.7265625,43017.51953125
471.74333930015564,4,100.8,6256.625,43367.484375
472.7552306652069,4,99.9,6574.80078125,43687.6875
473.7667257785797,4,99.9,6912.15234375,44035.4765625
474.77790212631226,4,99.8,7260.8515625,44384.8125
475.7901334762573,4,100.0,7596.08984375,44720.09765625
476.8005301952362,4,98.8,7924.74609375,45052.2890625
477.8125855922699,4,99.8,8271.2890625,45400.078125
478.8248257637024,4,100.9,8620.76171875,45749.54296875
479.8355748653412,4,99.0,8948.22265625,46077.09375
480.8452157974243,4,100.8,9289.671875,46418.4375
481.8567683696747,4,99.8,9637.03125,46765.83984375
482.8687689304352,4,99.0,9985.55859375,47114.40234375
483.8790662288666,4,99.9,10305.44921875,47434.21875
484.8904731273651,4,100.9,10652.953125,47781.75
485.901743888855,4,98.9,11001.86328125,48130.69921875
486.9126648902893,4,100.1,11338.5703125,48468.046875
487.9214005470276,4,99.9,11671.54296875,48801.01171875
488.93265080451965,4,99.9,12016.625,49146.09375
489.94397497177124,4,99.9,12364.5703125,49494.01171875
490.95524859428406,4,99.0,12692.96875,49822.46484375
491.9648485183716,4,99.8,13027.765625,50157.234375
492.9768862724304,4,99.8,13374.1484375,50503.60546875
493.98880553245544,4,99.9,13721.8046875,50851.265625
494.99957752227783,4,100.0,14052.828125,51182.296875
496.0092239379883,4,99.8,14322.109375,51451.58203125
497.0210416316986,4,99.9,14394.48828125,51524.02734375
498.03217577934265,4,99.9,14612.10546875,51831.94921875
499.0428535938263,4,100.0,14763.8515625,51947.0
500.0526421070099,4,98.9,4053.94921875,41180.6875
501.06394386291504,5,0.0,4525.70703125,41826.796875
502.07609605789185,2,15.8,3296.703125,41859.94140625
503.0879626274109,2,115.7,3410.71484375,41685.640625
504.09917855262756,2,2217.8,5035.671875,46293.734375
505.110271692276,2,4636.3,5101.67578125,46293.734375
506.13129591941833,2,4722.2,5151.625,46293.734375
507.15145683288574,2,1815.1,5711.55859375,48341.765625
508.1596131324768,2,100.0,6105.46484375,48341.765625
509.17006635665894,2,100.2,6459.55859375,48341.765625
510.17849493026733,4,33.7,6768.2890625,48656.80859375
511.1869783401489,4,100.2,7072.87890625,48961.421875
512.1953990459442,4,99.1,7412.9140625,49301.4765625
513.2046461105347,4,100.2,7748.17578125,49637.01953125
514.2128603458405,4,100.1,8069.9609375,49958.9140625
515.2220265865326,4,101.2,8403.25390625,50295.1015625
516.2300643920898,4,99.2,8726.58984375,50618.52734375
517.2385168075562,4,100.2,9043.67578125,50935.5078125
518.2468183040619,4,100.0,9348.6796875,51240.62890625
519.2573194503784,4,99.8,9669.05078125,51560.9921875
520.2688388824463,4,98.9,10002.8828125,51894.73046875
521.2794756889343,4,99.8,10317.8515625,52209.77734375
522.2915298938751,4,99.9,10687.9453125,52579.8671875
523.302060842514,4,100.8,11061.18359375,52953.4375
524.3139235973358,4,98.9,11434.4296875,53326.62109375
525.3247368335724,4,100.7,11776.56640625,53672.08984375
526.3372502326965,4,99.9,12147.109375,54042.56640625
527.3486280441284,4,99.9,12521.3984375,54416.91015625
528.3595499992371,4,98.9,12889.20703125,54784.6796875
529.3706171512604,4,99.9,13236.78515625,55132.33984375
530.3819897174835,4,100.8,13607.30078125,55502.81640625
531.3939399719238,4,99.8,13981.2109375,55876.7734375
532.4057688713074,4,99.0,14339.3828125,56234.875
533.4159457683563,4,99.9,14693.1484375,56591.30078125
534.4266445636749,4,99.8,15063.38671875,56961.51953125
535.4383587837219,4,99.9,15437.47265625,57335.60546875
536.4494693279266,4,100.0,15799.125,57697.1875
537.4591088294983,4,98.9,16150.48828125,58048.5859375
538.4699487686157,4,99.9,16521.28515625,58419.44921875
539.4809994697571,4,101.0,16896.8671875,58794.953125
540.4913101196289,4,98.9,17262.3828125,59160.53125
541.5019903182983,4,99.8,17614.09375,59512.1875
542.5137460231781,4,100.8,17984.34765625,59882.40625
543.5257568359375,4,99.0,18357.30078125,60255.4609375
544.5361812114716,4,100.1,18711.1640625,60609.30859375
545.5449802875519,4,99.9,19071.09375,60969.21484375
546.5561923980713,4,99.9,19428.58984375,61326.671875
547.5667412281036,4,99.9,19544.140625,61442.30078125
548.5778324604034,4,98.9,19544.140625,61442.30078125
549.5888545513153,4,99.9,19544.203125,61442.30078125
550.6000666618347,4,99.9,19544.203125,61442.30078125
551.6109969615936,4,99.8,19793.73046875,61885.41015625
552.6227633953094,4,100.9,20157.92578125,62171.15625
553.6333088874817,4,98.8,20169.92578125,62171.15625
554.645605802536,4,99.8,19999.02734375,61897.0625
555.6574685573578,4,100.9,6453.3984375,48348.84375
556.668835401535,5,0.0,7047.67578125,49273.5703125
557.6790475845337,5,99.9,7338.046875,49592.87109375
558.6899514198303,2,1.0,6448.25,48534.61328125
559.7010233402252,2,99.9,5503.3203125,49046.64453125
560.7122235298157,2,100.8,6326.6875,48534.61328125
561.7240996360779,2,822.5,6858.2890625,48534.61328125
562.7356812953949,2,182.3,7005.83984375,48534.61328125
563.7451462745667,2,215.9,7029.390625,48534.61328125
564.7552983760834,2,1410.9,7410.421875,48534.61328125
565.7776675224304,2,1735.9,11762.28515625,48534.61328125
566.794296503067,2,4447.6,13365.70703125,48534.61328125
567.8192868232727,2,4532.7,13801.1796875,48534.61328125
568.8401460647583,2,4377.0,14540.68359375,48534.61328125
569.8563439846039,2,3566.1,15012.5546875,48534.61328125
570.8742990493774,2,3364.7,15045.16796875,48534.61328125
571.8873066902161,2,2602.0,15499.37109375,48534.61328125
572.9082937240601,2,2256.4,15516.71484375,48534.61328125
573.9245128631592,2,2340.7,7729.09375,49046.62109375
574.9338574409485,2,764.2,8092.3671875,48534.61328125
575.9427545070648,2,220.3,8092.10546875,48534.61328125
576.950445652008,2,629.9,7896.06640625,48534.61328125
577.9584527015686,2,1109.9,7624.34375,48534.61328125
578.9678211212158,2,1631.7,11280.02734375,48534.61328125
579.980297088623,2,4501.2,13020.41796875,48534.61328125
581.001303434372,2,4556.8,15900.6796875,54710.61328125
582.0273070335388,2,4403.9,14427.9453125,54710.61328125
583.0523045063019,2,2887.8,14729.1171875,54710.61328125
584.0615544319153,2,3874.5,15444.31640625,54710.61328125
585.0728945732117,2,1701.2,15408.59375,54710.61328125
586.0812990665436,2,2866.6,15326.80859375,54710.61328125
587.0930144786835,2,1814.7,7174.515625,54934.61328125
588.0996799468994,2,1159.5,8600.28515625,54934.61328125
589.1078770160675,2,1249.4,8022.09765625,54934.61328125
590.1147654056549,2,986.5,7941.74609375,54934.61328125
591.1243283748627,2,2559.4,11517.03125,54934.61328125
592.1532955169678,2,4468.7,12363.19921875,54934.61328125
593.1711921691895,2,4534.4,13450.8125,54934.61328125
594.1867146492004,2,3704.3,14173.9921875,54934.61328125
595.2003331184387,2,4519.6,14789.609375,54934.61328125
596.2447950839996,2,3736.7,14531.31640625,54934.61328125
597.2550687789917,2,2211.3,14382.62109375,54934.61328125
598.2626655101776,2,3098.6,14431.265625,54934.61328125
599.2708082199097,2,959.1,8600.93359375,54934.61328125
600.2780463695526,2,1015.8,8145.67578125,54934.61328125
601.2900702953339,2,1206.7,8072.80859375,54934.61328125
602.2977578639984,2,1036.1,10284.296875,54934.61328125
603.3122999668121,2,4387.5,12363.31640625,54934.61328125
604.3333184719086,2,4604.4,14050.93359375,54934.61328125
605.360342502594,2,4390.6,14035.21875,54934.61328125
606.3773291110992,2,3611.2,14800.09375,54934.61328125
607.4226360321045,2,3948.4,14055.890625,54934.61328125
608.4342436790466,2,2917.2,14436.8828125,54934.61328125
609.4570767879486,2,2613.7,14356.92578125,54934.61328125
610.4741082191467,2,2088.9,7177.41015625,54934.61328125
611.483077287674,2,1160.7,8578.6484375,54934.61328125
612.4911730289459,2,1213.4,8051.8203125,54934.61328125
613.5007688999176,2,1020.7,7944.609375,54934.61328125
614.5098397731781,2,2704.4,11546.8125,54934.61328125
615.5242958068848,2,4515.6,12387.66015625,54934.61328125
616.5363445281982,2,4432.5,13688.5234375,54934.61328125
617.5518686771393,2,3650.5,14181.70703125,54934.61328125
618.5593440532684,2,4446.2,14868.95703125,54934.61328125
619.6078639030457,2,3882.5,14543.02734375,54934.61328125
620.6173076629639,2,2153.4,14345.0859375,54934.61328125
621.627768278122,2,3137.2,14479.03515625,54934.61328125
622.6364607810974,2,1023.3,8666.08203125,55190.61328125
623.64502120018,2,996.6,8272.58984375,55190.61328125
624.6574211120605,2,1300.8,8074.1953125,55190.61328125
625.6667659282684,2,1082.3,9879.4375,55190.61328125
626.6763017177582,2,4013.7,12491.9453125,55190.61328125
627.6973078250885,2,4511.2,13049.10546875,55190.61328125
628.7233002185822,2,4399.5,14214.6171875,55190.61328125
629.7443182468414,2,3610.8,15138.66796875,55190.61328125
630.789297580719,2,4444.0,14282.671875,55190.61328125
631.7992272377014,2,3203.0,14727.140625,55190.61328125
632.8058161735535,2,2397.9,14530.92578125,55190.61328125
633.8163638114929,2,3134.0,14665.12109375,55190.61328125
634.8283114433289,2,1186.3,8694.76171875,55190.61328125
635.8365423679352,2,882.9,8335.6015625,55190.61328125
636.845784664154,2,1349.2,8142.14453125,55190.61328125
637.8537311553955,2,1068.8,9829.921875,55190.61328125
638.8622987270355,2,4362.7,11610.24609375,55190.61328125
639.8843054771423,2,4518.9,13427.37109375,55190.61328125
640.8992166519165,2,4288.0,13614.28515625,55190.61328125
641.9093458652496,2,3763.3,14541.30859375,55190.61328125
642.9543261528015,2,4202.2,13711.47265625,55190.61328125
643.9652979373932,2,2804.7,14048.34765625,55190.61328125
644.987067937851,2,2884.1,13919.82421875,55190.61328125
645.9986479282379,2,1499.4,7970.31640625,55190.61328125
647.0074348449707,2,1294.3,8724.609375,55190.61328125
648.0141613483429,2,1232.5,8215.046875,55190.61328125
649.0217955112457,2,1261.3,8001.51953125,55190.61328125
650.0483009815216,2,3038.1,11654.3203125,55190.61328125
651.0663058757782,2,4443.8,12233.51171875,55190.61328125
652.0923020839691,2,4376.8,13502.32421875,55190.61328125
653.1133394241333,2,3690.8,14435.6796875,55190.61328125
654.1613054275513,2,4433.7,13547.33984375,55190.61328125
655.172292470932,2,3068.9,14053.421875,55190.61328125
656.180065870285,2,2272.5,13883.79296875,55190.61328125
657.187771320343,2,3048.8,14013.3125,55190.61328125
658.1943056583405,2,1460.5,8711.6328125,55190.61328125
659.2079372406006,2,720.1,8284.40625,55190.61328125
660.2159531116486,2,1164.6,8196.1640625,55190.61328125
661.2239663600922,2,1637.7,10103.72265625,55190.61328125
662.2397575378418,2,4425.6,11659.83984375,55190.61328125
663.2613112926483,2,4462.5,12512.453125,55190.61328125
664.2779598236084,2,4079.0,13634.12109375,55190.61328125
665.2881019115448,2,4043.3,14432.3125,55190.61328125
666.3293447494507,2,4179.7,13809.9296875,55190.61328125
667.3392395973206,2,2554.7,13976.98828125,55190.61328125
668.3462882041931,2,3077.6,13955.80078125,55190.61328125
669.3583190441132,2,1075.7,8165.109375,55190.61328125
670.3668191432953,2,1460.5,9019.46875,55190.61328125
671.3747262954712,2,1169.5,8234.04296875,55190.61328125
672.3871476650238,2,1094.1,8097.765625,55190.61328125
673.3963394165039,2,2614.2,11700.43359375,55190.61328125
674.4172985553741,2,4493.3,12590.90625,55190.61328125
675.4374947547913,2,4433.8,13482.5625,55190.61328125
676.4513018131256,2,3860.8,14299.234375,55190.61328125
677.4733319282532,2,4183.3,15055.11328125,55190.61328125
678.5249981880188,2,3833.9,14609.40625,55190.61328125
679.5448932647705,2,2497.8,14660.76953125,55190.61328125
680.5524849891663,2,3077.4,14513.2265625,55190.61328125
681.5628662109375,2,1090.8,7935.6953125,55190.61328125
682.5749962329865,2,1530.5,8554.4765625,55190.61328125
683.5830042362213,2,1138.7,7793.3046875,55190.61328125
684.5913412570953,2,1826.8,11587.13671875,55190.61328125
685.6183018684387,2,4323.3,13778.078125,55190.61328125
686.6392939090729,2,4549.0,14124.234375,55190.61328125
687.6667320728302,2,4511.1,14287.203125,55190.61328125
688.6823315620422,2,3763.7,15462.59765625,55190.61328125
689.7203340530396,2,4632.4,15010.8828125,55190.61328125
690.7453303337097,2,4529.9,15312.49609375,55190.61328125
691.7937824726105,2,3496.8,15080.21875,55190.61328125
692.8007695674896,2,2415.0,14998.4375,55190.61328125
693.8095211982727,2,3185.2,15185.1328125,55190.61328125
694.8185942173004,2,1756.7,7588.24609375,55190.61328125
695.8255388736725,2,881.4,10983.26171875,55190.61328125
696.8372988700867,2,4374.1,13057.13671875,55190.61328125
697.8583254814148,2,4607.0,14006.19140625,55190.61328125
698.8853325843811,2,3659.5,13653.484375,55190.61328125
699.9294610023499,2,4705.0,13305.24609375,55190.61328125
700.9461622238159,2,4483.5,13487.421875,55190.61328125
701.9898819923401,2,2968.4,13220.3515625,55190.61328125
703.0138165950775,2,3248.4,13325.015625,55190.61328125
704.0257396697998,2,1634.4,7278.3984375,55190.61328125
705.0338912010193,2,1024.7,10052.484375,55190.61328125
706.0419638156891,2,3889.9,12808.89453125,55190.61328125
707.0533063411713,2,4626.7,13771.328125,55190.61328125
708.0803122520447,2,3962.5,12784.984375,55190.61328125
709.0943341255188,2,4612.3,13529.61328125,55190.61328125
710.1427726745605,2,4505.6,13508.5546875,55190.61328125
711.1892485618591,2,3171.4,13245.05078125,55190.61328125
712.1962673664093,2,2876.3,13322.546875,55190.61328125
713.2080850601196,2,1338.3,6942.546875,55190.61328125
714.2166559696198,2,100.1,7550.59375,55190.61328125
715.2257792949677,2,1512.2,8229.24609375,55190.61328125
716.2353234291077,2,1987.9,7466.19921875,55190.61328125
717.2602944374084,2,3154.1,10630.9140625,55190.61328125
718.2903075218201,2,4500.6,11958.9609375,55190.61328125
719.3166620731354,2,4352.2,13114.88671875,55190.61328125
720.3313360214233,2,3769.7,13999.80078125,55190.61328125
721.3771331310272,2,3770.4,13328.19921875,55190.61328125
722.3885674476624,2,2825.5,13735.5703125,55190.61328125
723.3972313404083,2,2793.5,13679.625,55190.61328125
724.4094755649567,2,1272.5,7412.64453125,55190.61328125
725.4183006286621,2,212.3,8246.95703125,55190.61328125
726.4305839538574,2,1544.8,8012.51171875,55190.61328125
727.438138961792,2,2374.8,7911.1875,55190.61328125
728.4642987251282,2,3318.4,10576.19921875,55190.61328125
729.4898889064789,2,4517.6,12871.0625,55190.61328125
730.506097316742,2,4371.6,13023.07421875,55190.61328125
731.5213360786438,2,3892.1,13079.453125,55190.61328125
732.5369529724121,2,3824.6,13398.10546875,55190.61328125
733.5486350059509,2,2304.9,13434.42578125,55190.61328125
734.5577442646027,2,3053.5,13526.92578125,55190.61328125
735.566633939743,2,951.9,8775.51953125,55190.61328125
736.5752975940704,2,1221.2,8293.3125,55190.61328125
737.5841748714447,2,1191.4,8073.74609375,55190.61328125
738.5920803546906,2,2430.6,7975.27734375,55190.61328125
739.6002986431122,2,3474.4,10417.86328125,55190.61328125
740.6207435131073,2,4499.6,12528.8203125,55190.61328125
741.6362981796265,2,4306.2,12903.38671875,55190.61328125
742.6573050022125,2,3430.5,13111.640625,55190.61328125
743.6813447475433,2,3555.4,13699.0234375,55190.61328125
744.6922464370728,2,2017.5,13485.10546875,55190.61328125
745.7004623413086,2,3395.9,13541.6796875,55190.61328125
746.710969209671,2,688.1,8521.44140625,55190.61328125
747.7310178279877,2,1464.2,8204.98046875,55190.61328125
748.7417180538177,2,1098.7,8021.06640625,55190.61328125
749.7733166217804,2,2131.6,7847.8515625,55190.61328125
750.8036229610443,2,2938.5,10843.0234375,55190.61328125
751.8143048286438,2,4259.9,11733.2109375,55190.61328125
752.8393204212189,2,4667.0,14375.48828125,55190.61328125
753.8613052368164,2,4260.9,14530.7421875,55190.61328125
754.8703188896179,2,3618.7,15600.328125,55190.61328125
755.9112522602081,2,3224.7,15052.67578125,55190.61328125
756.9225089550018,2,3047.8,16116.03125,55190.61328125
757.9302990436554,2,2044.9,16072.71484375,55190.61328125
758.9502069950104,2,3243.2,16133.2265625,55190.61328125
759.9621665477753,2,1474.6,16477.05078125,55510.61328125
760.9698550701141,2,1421.8,8675.32421875,55510.61328125
761.9805834293365,2,735.7,8198.453125,55510.61328125
762.989052772522,2,1186.1,7965.53125,55510.61328125
763.9973864555359,2,2488.0,8453.265625,55510.61328125
765.0062985420227,2,3707.5,10943.93359375,55510.61328125
766.0273058414459,2,4456.0,12861.65234375,55510.61328125
767.053314447403,2,4437.0,13885.46484375,55510.61328125
768.0725891590118,2,4197.3,14663.73046875,55510.61328125
769.0823094844818,2,3151.4,15021.51171875,55510.61328125
770.1090741157532,2,3505.2,15654.5546875,55510.61328125
771.1173510551453,2,2017.1,15930.79296875,55510.61328125
772.1262984275818,2,2544.3,15944.203125,55510.61328125
773.1364941596985,2,2356.2,16259.703125,55510.61328125
774.1492991447449,2,994.8,8681.2890625,55510.61328125
775.1684193611145,2,1209.9,8292.42578125,56022.64453125
776.1790723800659,2,941.4,8139.5,55510.61328125
777.1852934360504,2,1974.0,7940.5390625,55510.61328125
778.2530505657196,2,3532.6,10465.48046875,55510.61328125
779.2633044719696,2,4557.0,12632.43359375,55510.61328125
780.2893016338348,2,4131.7,13122.390625,55510.61328125
781.3103411197662,2,3739.7,13430.99609375,55510.61328125
782.3396143913269,2,3552.0,13828.95703125,55510.61328125
783.3513147830963,2,2049.5,13911.48046875,55510.61328125
784.3592987060547,2,3350.3,13860.77734375,55510.61328125
785.370931148529,2,735.1,8574.62890625,55510.61328125
786.3828220367432,2,1769.5,8472.48046875,55510.61328125
787.3949837684631,2,1131.5,8332.87890625,55510.61328125
788.40416264534,2,2735.8,8272.50390625,55510.61328125
789.4142968654633,2,3501.1,10776.44921875,55510.61328125
790.4353015422821,2,4532.9,13137.84375,55510.61328125
791.4613027572632,2,4218.9,13169.38671875,55510.61328125
792.4863300323486,2,3627.3,13618.66796875,55510.61328125
793.4978287220001,2,3422.9,13890.35546875,55510.61328125
794.5128190517426,2,2665.4,14292.69921875,55510.61328125
795.5194599628448,2,1891.6,14300.12109375,55510.61328125
796.5323009490967,2,3133.8,14453.45703125,55510.61328125
797.5422971248627,2,1417.6,8894.12890625,55510.61328125
798.5613238811493,2,844.2,8249.28515625,55510.61328125
799.5692291259766,2,983.6,8060.94140625,55510.61328125
800.5787670612335,2,798.1,7808.9765625,55510.61328125
801.5852982997894,2,3613.4,9919.01171875,55510.61328125
802.6023046970367,2,4418.9,11454.16015625,55510.61328125
803.6273202896118,2,4285.5,12187.8125,55510.61328125
804.6413059234619,2,4271.9,13015.109375,55510.61328125
805.6522970199585,2,3199.2,13358.078125,55510.61328125
806.6620633602142,2,2418.0,13829.81640625,55510.61328125
807.673323392868,2,2498.7,13935.359375,55510.61328125
808.6851727962494,2,1873.7,7311.984375,55510.61328125
809.6937232017517,2,1525.4,8248.03125,55510.61328125
810.7039937973022,2,843.2,8102.27734375,55510.61328125
811.7121002674103,2,764.4,8017.0625,55510.61328125
812.7212972640991,2,2425.7,7784.96875,55510.61328125
813.7818374633789,2,3558.4,10135.15234375,55510.61328125
814.8053021430969,2,4573.6,13218.32421875,55510.61328125
815.8311650753021,2,4317.5,12878.25390625,55510.61328125
816.8563098907471,2,3451.1,13188.64453125,55510.61328125
817.8772993087769,2,3470.8,13845.64453125,55510.61328125
818.8905124664307,2,1662.7,13818.9140625,55510.61328125
819.9009194374084,2,3315.6,14009.8984375,55510.61328125
820.9096302986145,2,524.1,8577.4765625,55510.61328125
821.917094707489,2,1671.9,8250.7734375,55510.61328125
822.9249045848846,2,876.0,8073.96484375,55510.61328125
823.9317643642426,2,974.2,7876.00390625,55510.61328125
824.9463214874268,2,3329.0,9414.74609375,55510.61328125
825.9633059501648,2,4341.8,11042.10546875,55510.61328125
826.9855165481567,2,4498.3,11526.8671875,55510.61328125
828.0002937316895,2,4432.1,13052.6875,55510.61328125
829.0103070735931,2,2710.1,13438.6953125,55510.61328125
830.036572933197,2,3346.9,14038.50390625,55510.61328125
831.0450308322906,2,1672.6,13927.10546875,55510.61328125
832.0530242919922,2,3388.0,14141.94921875,55510.61328125
833.059549331665,2,531.9,8655.828125,55510.61328125
834.0690884590149,2,1631.2,8284.20703125,55510.61328125
835.0781571865082,2,1208.7,8092.17578125,55510.61328125
836.1111898422241,2,1936.0,7982.80078125,55510.61328125
837.1523003578186,2,3432.3,10478.015625,55510.61328125
838.1643052101135,2,4537.7,12749.58203125,55510.61328125
839.1902976036072,2,4357.3,13092.59375,55510.61328125
840.2093360424042,2,3629.9,13476.00390625,55510.61328125
841.2382380962372,2,3514.5,13696.9921875,55510.61328125
842.2503008842468,2,2123.4,13805.0625,55510.61328125
843.2662990093231,2,3413.6,13799.890625,55510.61328125
844.278085231781,2,617.5,8631.46875,55510.61328125
845.2871241569519,2,1644.8,8544.6796875,55510.61328125
846.2962956428528,2,1044.3,8360.91796875,55510.61328125
847.3163020610809,2,1518.0,8120.9453125,55510.61328125
848.3901393413544,2,3468.7,10688.3671875,55510.61328125
849.4123027324677,2,4481.4,12041.375,55510.61328125
850.4373042583466,2,4370.0,13132.57421875,55510.61328125
851.4563331604004,2,3623.5,13915.11328125,55510.61328125
852.4950661659241,2,3522.0,13603.36328125,55510.61328125
853.5058143138885,2,2488.8,13919.3359375,55510.61328125
854.5143001079559,2,2806.0,13957.9921875,55510.61328125
855.528666973114,2,1701.8,7702.37109375,55510.61328125
856.5380027294159,2,1584.6,9106.97265625,55510.61328125
857.5470414161682,2,654.2,8351.27734375,55510.61328125
858.5544393062592,2,1256.1,8071.7421875,55510.61328125
859.5633127689362,2,2775.6,9908.34765625,55510.61328125
860.5783047676086,2,4392.0,11242.5546875,55510.61328125
861.6035342216492,2,4489.3,12254.69140625,55510.61328125
862.6155016422272,2,4112.2,13509.85546875,55510.61328125
863.6283054351807,2,3332.0,13590.87890625,55510.61328125
864.6470646858215,2,3231.6,14134.8828125,55510.61328125
865.6544961929321,2,2015.3,14016.5703125,55510.61328125
866.6632730960846,2,3312.0,14124.1796875,55510.61328125
867.6711037158966,2,1179.8,9140.51953125,55510.61328125
868.6797204017639,2,1099.9,8460.453125,55510.61328125
869.6880176067352,2,970.0,8339.765625,55510.61328125
870.696296453476,2,2025.1,8120.32421875,55510.61328125
871.7639629840851,2,3166.6,11288.2890625,55510.61328125
872.7853119373322,2,4364.6,12053.31640625,55510.61328125
873.8118295669556,2,4589.3,14239.95703125,55510.61328125
874.8278698921204,2,4229.6,14863.45703125,55510.61328125
875.8383538722992,2,3768.1,15200.68359375,55510.61328125
876.858226776123,2,3223.1,15325.453125,55510.61328125
877.8697385787964,2,3175.2,16354.3125,55510.61328125
878.8793253898621,2,2014.7,16202.55078125,55510.61328125
879.88636302948,2,3416.3,16393.0625,55510.61328125
880.8987011909485,2,1170.1,16743.26171875,55894.61328125
881.9061856269836,2,1454.4,8921.80078125,55894.61328125
882.9230825901031,2,739.4,8467.48828125,55894.61328125
883.9311408996582,2,885.5,8297.8046875,55894.61328125
884.9481089115143,2,1830.5,8054.27734375,55894.61328125
886.0218372344971,2,3479.3,10611.08203125,55894.61328125
887.0323061943054,2,4462.3,12235.1328125,55894.61328125
888.0529673099518,2,4233.3,13323.20703125,55894.61328125
889.0653059482574,2,3636.6,13677.28125,55894.61328125
890.0792946815491,2,3832.9,13812.7578125,55894.61328125
891.0900707244873,2,2677.8,14168.34375,55894.61328125
892.0971865653992,2,2329.9,14209.05859375,55894.61328125
893.1085159778595,2,2385.9,7714.453125,55894.61328125
894.1167461872101,2,1642.7,9596.87890625,55894.61328125
895.1230804920197,2,652.6,8419.82421875,55894.61328125
896.1313190460205,2,1151.2,8196.15234375,55894.61328125
897.1397798061371,2,2030.3,9204.1953125,55894.61328125
898.1482980251312,2,4242.2,10876.765625,55894.61328125
899.1582272052765,2,4385.4,11995.515625,55894.61328125
900.1713063716888,2,4415.9,13404.12890625,55894.61328125
901.1903092861176,2,3475.5,13642.4453125,55894.61328125
902.2143807411194,2,3227.1,14215.34375,55894.61328125
903.2217874526978,2,2146.8,14024.41015625,55894.61328125
904.2307331562042,2,3367.9,14113.29296875,55894.61328125
905.2384333610535,2,878.2,9005.2109375,55894.61328125
906.2485885620117,2,1346.5,8628.01171875,55894.61328125
907.2607831954956,2,1060.6,8442.71484375,55894.61328125
908.2703101634979,2,1956.2,8214.3984375,55894.61328125
909.3322987556458,2,3117.1,11370.28515625,55894.61328125
910.3513038158417,2,4391.4,12212.421875,55894.61328125
911.3799834251404,2,4413.9,14357.73046875,55894.61328125
912.3941864967346,2,4139.5,14923.67578125,55894.61328125
913.4083430767059,2,3862.9,15935.7890625,55894.61328125
914.4471108913422,2,3147.0,15341.26171875,55894.61328125
915.458801984787,2,3020.6,16396.4921875,55894.61328125
916.4684092998505,2,2088.6,16181.265625,55894.61328125
917.4812972545624,2,3510.2,16282.40625,55894.61328125
918.5004589557648,2,951.7,11993.42578125,55894.61328125
919.5109090805054,2,1668.4,8723.875,55894.61328125
920.5195882320404,2,434.6,8324.91015625,56406.64453125
921.5270893573761,2,863.2,8169.13671875,55894.61328125
922.5342984199524,2,2043.6,7961.97265625,55894.61328125
923.5703001022339,2,3502.4,10568.28125,55894.61328125
924.5813081264496,2,4484.8,12990.89453125,55894.61328125
925.6072971820831,2,4142.2,13206.65234375,55894.61328125
926.6283087730408,2,3495.1,13589.3125,55894.61328125
927.6497867107391,2,3285.3,14094.68359375,55894.61328125
928.6569600105286,2,2016.2,13965.62109375,55894.61328125
929.6658296585083,2,3322.7,14109.70703125,55894.61328125
930.6742978096008,2,1444.6,9698.7890625,55894.61328125
931.6933047771454,2,783.3,8849.58984375,55894.61328125
932.6992013454437,2,1089.8,8558.34765625,55894.61328125
933.7067568302155,2,2999.0,11262.63671875,55894.61328125
934.7203028202057,2,4434.7,12310.1015625,55894.61328125
935.7453436851501,2,4449.5,13750.15234375,55894.61328125
936.7613344192505,2,3808.4,15095.16015625,55894.61328125
937.8052084445953,2,4518.9,14909.796875,55894.61328125
938.8509697914124,2,3240.3,14735.1328125,55894.61328125
939.8579037189484,2,2197.5,14587.40625,55894.61328125
940.8671474456787,2,2965.5,14607.98828125,55894.61328125
941.875296831131,2,1710.3,9334.46875,55894.61328125
942.8912029266357,2,764.4,8701.546875,55894.61328125
943.8984367847443,2,1734.9,9714.73046875,55894.61328125
944.9083456993103,2,2902.9,13561.984375,55894.61328125
945.9522969722748,2,4517.2,14267.19921875,55894.61328125
946.9733092784882,2,4533.5,16223.08203125,55894.61328125
947.9883074760437,2,4304.3,14910.265625,55894.61328125
949.0013341903687,2,4030.1,15897.59375,55894.61328125
950.0463240146637,2,4562.5,15783.83203125,55894.61328125
951.0920326709747,2,3899.7,14974.98046875,55894.61328125
952.1043012142181,2,3011.7,15443.25390625,55894.61328125
953.1280827522278,2,2948.0,15542.5859375,55894.61328125
954.1397218704224,2,1276.7,8225.80859375,55894.61328125
955.1483769416809,2,1728.1,9292.76953125,55894.61328125
956.157297372818,2,1234.6,8496.46484375,55894.61328125
957.1803286075592,2,2617.5,11556.26171875,55894.61328125
958.2112994194031,2,4483.3,12414.609375,55894.61328125
959.224071264267,2,4368.1,13559.0859375,55894.61328125
960.2396411895752,2,4119.2,14736.015625,55894.61328125
961.2533285617828,2,4422.1,15494.67578125,55894.61328125
962.3014423847198,2,3780.8,14971.35546875,55894.61328125
963.3153018951416,2,2569.4,15121.4140625,55894.61328125
964.3242974281311,2,2846.9,15008.6875,55894.61328125
965.3363704681396,2,1227.2,8811.21484375,55894.61328125
966.3448674678802,2,1760.8,8745.890625,55894.61328125
967.3528034687042,2,1384.9,8546.78125,55894.61328125
968.377637386322,2,3166.3,11993.33984375,55894.61328125
969.3893058300018,2,4518.0,12604.8515625,55894.61328125
970.4101977348328,2,4363.7,13877.12890625,55894.61328125
971.4323408603668,2,4079.0,14549.1640625,55894.61328125
972.4693021774292,2,3806.9,13834.9453125,55894.61328125
973.4923131465912,2,3046.2,14238.515625,55894.61328125
974.5149495601654,2,2667.3,14293.375,55894.61328125
975.5291275978088,2,1543.6,8261.29296875,55894.61328125
976.5384137630463,2,1746.1,9414.16015625,55894.61328125
977.5463318824768,2,1117.5,8548.64453125,55894.61328125
978.5613503456116,2,2553.2,11430.1171875,55894.61328125
979.5982949733734,2,4491.3,12342.1328125,55894.61328125
980.6093080043793,2,4312.1,13372.7109375,55894.61328125
981.6227185726166,2,3759.0,14411.2734375,55894.61328125
982.6343197822571,2,4537.4,15108.1015625,55894.61328125
983.6830229759216,2,3578.3,14561.8515625,55894.61328125
984.704008102417,2,2349.8,14703.60546875,55894.61328125
985.7108161449432,2,3268.2,14626.18359375,55894.61328125
986.7212970256805,2,855.3,9355.484375,55894.61328125
987.7423329353333,2,1734.0,8910.25,55894.61328125
988.7551233768463,2,1550.3,9218.3984375,55894.61328125
989.8073353767395,2,2447.0,13607.99609375,55894.61328125
990.8313117027283,2,4461.4,14321.75,55894.61328125
991.8523063659668,2,4619.3,16005.98046875,55894.61328125
992.8793058395386,2,4359.4,15108.96484375,55894.61328125
993.9023356437683,2,3913.3,16010.328125,55894.61328125
994.9507396221161,2,4391.4,15932.7734375,55894.61328125
995.9964473247528,2,4336.5,15175.1953125,55894.61328125
997.0053164958954,2,2886.4,15668.04296875,55894.61328125
998.0166206359863,2,2641.7,15777.47265625,55894.61328125
999.0286192893982,2,2396.9,7613.15234375,56406.62109375
1000.0372598171234,2,1716.0,9329.12890625,55894.61328125
1001.0454006195068,2,674.5,8649.68359375,55894.61328125
1002.0550539493561,2,1564.5,10708.0078125,55894.61328125
1003.0642414093018,2,3664.8,13586.8125,55894.61328125
1004.0773060321808,2,4548.9,14309.79296875,55894.61328125
1005.1037135124207,2,4466.5,13868.6640625,55894.61328125
1006.1203098297119,2,4174.9,15114.19140625,55894.61328125
1007.130241394043,2,4353.3,15976.234375,55894.61328125
1008.174309015274,2,4552.3,15958.8984375,55894.61328125
1009.2126603126526,2,3771.9,15208.8203125,55894.61328125
1010.2252998352051,2,2998.8,15615.87890625,55894.61328125
1011.3269140720367,2,3041.2,15667.1484375,55894.61328125
1012.3382947444916,2,1734.0,8144.1171875,55894.61328125
1013.3529753684998,2,2100.7,8053.125,55894.61328125
1014.3631811141968,2,2156.0,8698.54296875,55894.61328125
1015.371842622757,2,1647.9,8020.390625,57749.78125
1016.3802981376648,2,997.2,8394.36328125,55701.765625
1017.3893058300018,2,2865.7,10281.140625,55701.765625
1018.40229845047,2,4255.5,11686.40625,55741.765625
1019.4303078651428,2,4596.6,17052.05078125,62909.765625
1020.4793910980225,2,4059.7,15286.24609375,62909.765625
1021.4995803833008,2,3723.4,15570.26171875,62909.765625
1022.5067105293274,2,3193.2,15685.16015625,62909.765625
1023.5175635814667,2,3400.6,16862.83984375,62909.765625
1024.5292110443115,2,1426.9,16909.4453125,62909.765625
1025.539024591446,2,1920.3,17048.87109375,62909.765625
1026.5505139827728,2,3211.2,17278.3046875,62909.765625
1027.5586450099945,2,573.7,9559.44140625,64957.78125
1028.5677871704102,2,1040.4,8979.21875,62909.765625
1029.5761260986328,2,2889.5,10381.765625,62909.765625
1030.5852994918823,2,4021.6,12945.3125,62909.765625
1031.6063063144684,2,4393.0,14895.59375,62909.765625
1032.6322994232178,2,4554.9,18969.9609375,71101.765625
1033.660305261612,2,4446.2,18517.5703125,71149.765625
1034.675300836563,2,4210.6,18529.23828125,71149.765625
1035.6853065490723,2,4325.7,18884.55859375,71149.765625
1036.7113139629364,2,3370.9,19178.32421875,71149.765625
1037.7421650886536,2,2989.4,19547.21875,71149.765625
1038.7692999839783,2,3652.9,20051.63671875,71149.765625
1039.7809045314789,2,2506.0,20957.0390625,71149.765625
1040.788801908493,2,1370.2,20993.57421875,71149.765625
1041.8099570274353,2,1325.0,20949.02734375,71149.765625
1042.8197610378265,2,3958.0,21108.75390625,71149.765625
1043.8331725597382,2,1934.1,21414.69140625,71149.765625
1044.8418536186218,2,737.9,8139.88671875,71149.765625
1045.8501195907593,2,2352.4,8780.828125,71149.765625
1046.8883061408997,2,3113.1,12099.5546875,71149.765625
1047.9125530719757,2,4328.6,12734.6484375,71149.765625
1048.9233040809631,2,4559.8,17847.57421875,71149.765625
1049.9443171024323,2,4542.9,17337.79296875,71149.765625
1050.9602999687195,2,4153.1,18280.6484375,71149.765625
1051.9812977313995,2,4419.9,18461.546875,71149.765625
1053.0014097690582,2,3028.2,18846.80078125,71149.765625
1054.0078446865082,2,3149.1,19026.84375,71149.765625
1055.0172991752625,2,3946.5,19860.96875,71149.765625
1056.0251712799072,2,1748.4,20342.22265625,71149.765625
1057.0347077846527,2,1608.2,20246.6015625,71149.765625
1058.0432019233704,2,2456.1,20515.7890625,71149.765625
1059.0587556362152,2,3261.0,20640.9765625,71149.765625
1060.0684015750885,2,597.9,9584.4765625,73197.78125
1061.0768685340881,2,1158.8,8835.84765625,71149.765625
1062.0949428081512,2,3145.4,11152.45703125,71149.765625
1063.1124160289764,2,4323.9,12704.5,71149.765625
1064.1213068962097,2,4563.4,16143.734375,71149.765625
1065.1483063697815,2,4606.7,21592.2890625,71149.765625
1066.1700665950775,2,4314.4,17307.1875,71149.765625
1067.1863069534302,2,4363.2,18347.53125,71149.765625
1068.2113153934479,2,3434.4,18764.73046875,71149.765625
1069.2393085956573,2,3188.3,19057.9609375,71149.765625
1070.265299797058,2,3754.9,19745.01953125,71149.765625
1071.2863030433655,2,2429.5,20309.41015625,71149.765625
1072.2942032814026,2,1451.2,20299.6875,71149.765625
1073.3031859397888,2,1646.1,20314.30078125,71149.765625
1074.3111281394958,2,4413.5,20551.01171875,71149.765625
1075.320185661316,2,696.7,7961.51171875,73197.78125
1076.3290870189667,2,918.7,8755.3359375,71149.765625
1077.3381562232971,2,2508.8,10121.75390625,71149.765625
1078.3492996692657,2,4031.6,12546.2890625,71149.765625
1079.3753039836884,2,4436.8,14933.390625,71149.765625
1080.4013044834137,2,4576.1,20085.08203125,71149.765625
1081.4273128509521,2,4373.2,15879.1875,71149.765625
1082.445300579071,2,4393.1,18386.859375,71149.765625
1083.4659841060638,2,3939.2,18684.3046875,71149.765625
1084.4733092784882,2,3071.4,19031.7109375,71149.765625
1085.5002963542938,2,3197.1,19262.14453125,71149.765625
1086.5136580467224,2,3458.1,20449.84765625,71149.765625
1087.5222988128662,2,1235.3,20265.20703125,71149.765625
1088.5290551185608,2,1407.8,20284.3359375,71149.765625
1089.5377171039581,2,3834.4,20461.0546875,71149.765625
1090.549700975418,2,1855.3,20753.265625,71149.765625
1091.5574915409088,2,529.5,8363.26171875,71149.765625
1092.5660452842712,2,1004.9,9310.140625,71149.765625
1093.5751922130585,2,3425.7,10898.9453125,71149.765625
1094.5843093395233,2,3729.1,14183.80078125,71149.765625
1095.6023066043854,2,4279.2,14645.08984375,71149.765625
1096.62730717659,2,4509.3,18685.48046875,71149.765625
1097.65430021286,2,4576.4,23862.3828125,71149.765625
1098.6803121566772,2,4088.1,16931.2578125,71149.765625
1099.6942992210388,2,4310.9,20482.08984375,71149.765625
1100.715295791626,2,4430.3,20605.09375,71149.765625
1101.7363214492798,2,3292.4,20860.05078125,71149.765625
1102.7683057785034,2,3251.1,20938.328125,71149.765625
1103.7822988033295,2,3222.7,21402.21875,71149.765625
1104.7954561710358,2,3572.1,22549.26171875,71149.765625
1105.8044793605804,2,933.8,22502.36328125,71149.765625
1106.8123214244843,2,1539.4,22405.98046875,71149.765625
1107.8202962875366,2,1548.7,22565.15625,71149.765625
1108.829299211502,2,4326.5,22616.4140625,71149.765625
1109.839417219162,2,1099.2,23031.33203125,71149.765625
1110.8490829467773,2,514.9,8144.23828125,71149.765625
1111.857097864151,2,1002.1,9214.1015625,71149.765625
1112.8660724163055,2,3463.6,10477.5859375,71149.765625
1113.875296831131,2,3393.7,13954.1953125,71149.765625
1114.8883061408997,2,4266.0,14594.2578125,71149.765625
1115.9133067131042,2,4560.6,19069.171875,71149.765625
1116.939305305481,2,4548.0,23616.28125,71149.765625
1117.9615054130554,2,4201.7,16917.83984375,71149.765625
1118.9753000736237,2,4325.9,20493.09375,71149.765625
1119.9962985515594,2,4452.3,20642.55859375,71149.765625
1121.0173285007477,2,3234.1,20886.9765625,71149.765625
1122.0406200885773,2,3238.8,20984.125,71149.765625
1123.0516183376312,2,3195.2,21452.27734375,71149.765625
1124.0630931854248,2,3632.9,22539.51953125,71149.765625
1125.0701632499695,2,960.4,22575.59765625,71149.765625
1126.0791544914246,2,1368.1,22487.12890625,71149.765625
1127.0871238708496,2,1158.2,22361.78125,71149.765625
1128.0981912612915,2,3934.6,22633.46875,71149.765625
1129.1086068153381,2,2018.9,22969.046875,71149.765625
1130.1174154281616,2,432.3,7749.83203125,71149.765625
1131.1259760856628,2,1042.0,9238.11328125,71149.765625
1132.1352937221527,2,3550.2,9519.3359375,71149.765625
1133.161315202713,2,2652.4,13433.83203125,71149.765625
1134.1782994270325,2,4300.1,14595.5703125,71149.765625
1135.1993081569672,2,4564.0,17718.87109375,71149.765625
1136.2373056411743,2,4555.5,22375.4453125,71149.765625
1137.2643203735352,2,4152.8,16656.65625,71149.765625
1138.275304555893,2,4335.7,20428.30859375,71149.765625
1139.2982976436615,2,4494.3,20555.60546875,71149.765625
1140.3113160133362,2,3229.4,20871.5390625,71149.765625
1141.3423085212708,2,3327.8,21113.171875,71149.765625
1142.3685731887817,2,3079.8,21343.89453125,71149.765625
1143.3812935352325,2,3866.8,22430.83984375,71149.765625
1144.3961572647095,2,1025.3,22521.92578125,71149.765625
1145.4036180973053,2,1080.3,22584.87109375,71149.765625
1146.4116113185883,2,1324.7,22497.9140625,71149.765625
1147.421298980713,2,2817.1,22607.37890625,71149.765625
1148.4319999217987,2,3198.9,22897.50390625,71149.765625
1149.4400067329407,2,658.2,8066.6328125,73197.78125
1150.448722600937,2,732.8,8997.203125,71149.765625
1151.458298921585,2,2275.6,9536.86328125,71149.765625
1152.5092113018036,2,2640.7,12277.59375,71149.765625
1153.527270078659,2,4417.4,14384.57421875,71149.765625
1154.5483067035675,2,4388.6,16665.5703125,71149.765625
1155.577196598053,2,4579.7,20784.15234375,71149.765625
1156.6046161651611,2,4393.1,23411.14453125,71149.765625
1157.62988114357,2,4342.7,19083.3515625,71149.765625
1158.6473088264465,2,4401.0,20397.9296875,71149.765625
1159.667881011963,2,3774.4,20738.7109375,71149.765625
1160.6913058757782,2,3095.5,21027.51953125,71149.765625
1161.7175846099854,2,3096.7,21202.2890625,71149.765625
1162.725301027298,2,4280.9,22129.3125,71149.765625
1163.7405619621277,2,1436.0,22582.4609375,71149.765625
1164.7481935024261,2,1325.2,22545.68359375,71149.765625
1165.7577793598175,2,1407.0,22502.0625,71149.765625
1166.7663044929504,2,3340.9,22726.16796875,71149.765625
1167.7849283218384,2,2620.0,22882.81640625,71149.765625
1168.7932019233704,2,583.6,8996.78515625,73197.78125
1169.802410364151,2,890.5,9197.90234375,71149.765625
1170.8112936019897,2,2810.8,9496.3984375,71149.765625
1171.8643169403076,2,2697.3,12814.10546875,71149.765625
1172.8803021907806,2,4378.2,14481.80078125,71149.765625
1173.901309967041,2,4476.6,17357.16015625,71149.765625
1174.9276580810547,2,4578.6,21276.8046875,71149.765625
1175.955055475235,2,4382.1,22579.09765625,71149.765625
1176.9883012771606,2,4393.0,19770.609375,71149.765625
1178.0067777633667,2,4244.2,20504.296875,71149.765625
1179.0313630104065,2,3529.3,20835.609375,71149.765625
1180.042679309845,2,3379.9,21002.0625,71149.765625
1181.0522921085358,2,2981.2,21232.3046875,71149.765625
1182.068299293518,2,4293.2,22175.33203125,71149.765625
1183.0870962142944,2,1294.0,22655.69921875,71149.765625
1184.096298456192,2,1362.8,22473.26171875,71149.765625
1185.1088469028473,2,1254.0,22534.703125,71149.765625
1186.1178545951843,2,3535.1,22668.12890625,71149.765625
1187.129806280136,2,2381.6,22915.69921875,71149.765625
1188.138237953186,2,598.2,9118.73046875,73197.78125
1189.1463356018066,2,890.4,9276.0546875,71149.765625
1190.1552987098694,2,2817.5,9529.8046875,71149.765625
1191.2062244415283,2,2373.7,13270.10546875,71149.765625
1192.2242319583893,2,3795.6,15587.015625,71149.765625
1193.2583079338074,2,4289.8,16064.4453125,71149.765625
1194.2893087863922,2,4492.6,19921.3515625,71149.765625
1195.3143002986908,2,4498.0,24625.68359375,81389.765625
1196.3402967453003,2,4510.6,28903.19921875,81445.765625
1197.3662996292114,2,4117.7,25918.98828125,81445.765625
1198.3893456459045,2,4183.1,23083.515625,81445.765625
1199.4213004112244,2,3826.9,24751.1796875,81445.765625
1200.4422960281372,2,4376.6,24971.46484375,81445.765625
1201.4643080234528,2,4381.4,25121.6796875,81445.765625
1202.486317873001,2,3088.7,25340.390625,81445.765625
1203.5170266628265,2,2842.6,25738.8515625,81445.765625
1204.5434670448303,2,2798.0,25711.19140625,81445.765625
1205.552297115326,2,3665.2,26498.45703125,81445.765625
1206.5635468959808,2,2579.0,27763.015625,81445.765625
1207.5730566978455,2,1501.8,28209.6484375,81445.765625
1208.584566116333,2,993.8,28318.66796875,81445.765625
1209.5942986011505,2,1579.3,28303.90234375,81445.765625
1210.6113018989563,2,916.1,28175.8984375,81445.765625
1211.6193923950195,2,3224.9,28830.03515625,81445.765625
1212.6328964233398,2,3643.9,29057.80859375,81445.765625
1213.640436887741,2,747.1,29435.59765625,81445.765625
1214.649739265442,2,654.1,29006.37109375,81445.765625
1215.65868973732,2,462.3,8115.2109375,81445.765625
1216.6668076515198,2,2353.3,9051.15625,81445.765625
1217.6753022670746,2,3669.2,11447.05859375,81445.765625
1218.685307264328,2,4576.3,15601.890625,81445.765625
1219.712304353714,2,4320.9,14679.54296875,81445.765625
1220.7252604961395,2,4116.2,15385.57421875,81445.765625
1221.7373056411743,2,2945.0,15666.859375,81445.765625
1222.758070230484,2,3605.1,16756.3515625,81445.765625
1223.77783536911,2,1342.0,16856.453125,81445.765625
1224.7856290340424,2,2239.9,17029.48828125,81445.765625
1225.8001384735107,2,2722.5,17281.4140625,81445.765625
1226.8102939128876,2,594.7,8254.4921875,81445.765625
1227.8182950019836,2,2397.1,8860.7578125,81445.765625
1228.8543002605438,2,3330.8,11617.23046875,81445.765625
1229.8753089904785,2,4552.4,15176.90234375,81445.765625
1230.9033255577087,2,4282.8,14559.29296875,81445.765625
1231.9173109531403,2,4192.8,15204.28125,81445.765625
1232.9400219917297,2,2831.5,15380.30859375,81445.765625
1233.9491925239563,2,3804.9,16244.609375,81445.765625
1234.95631980896,2,1308.1,16685.23828125,81445.765625
1235.966249704361,2,1963.8,16693.34375,81445.765625
1236.9769728183746,2,2998.9,16959.82421875,81445.765625
1237.9859385490417,2,574.0,7829.78125,81445.765625
1238.994677066803,2,1079.9,9359.65234375,81445.765625
1240.0052947998047,2,3309.7,9619.87109375,81445.765625
1241.027305841446,2,2422.3,14195.80859375,81445.765625
1242.0526762008667,2,4112.4,15771.29296875,81445.765625
1243.0623128414154,2,4350.6,16629.1484375,81445.765625
1244.0902976989746,2,4550.2,21287.79296875,81445.765625
1245.1282999515533,2,4514.9,26069.0625,81445.765625
1246.155308008194,2,4602.0,31016.86328125,81445.765625
1247.17582321167,2,3761.2,19387.55859375,81445.765625
1248.187302350998,2,4497.5,23121.45703125,81445.765625
1249.2072975635529,2,4132.3,24665.5703125,81445.765625
1250.2282965183258,2,4131.6,24969.34765625,81445.765625
1251.2472994327545,2,3355.8,25271.4453125,81445.765625
1252.264651298523,2,2765.7,25549.46484375,81445.765625
1253.2781953811646,2,3825.8,25580.51953125,81445.765625
1254.287297964096,2,3116.6,26046.95703125,81445.765625
1255.301295042038,2,3442.8,27244.07421875,81445.765625
1256.321486711502,2,1937.6,28194.78125,81445.765625
1257.329776763916,2,926.4,28127.88671875,81445.765625
1258.336876153946,2,954.7,28200.1875,81445.765625
1259.345542192459,2,1479.2,28131.20703125,81445.765625
1260.354216337204,2,729.7,28044.41015625,81445.765625
1261.3653004169464,2,3499.5,28788.94140625,81445.765625
1262.3770997524261,2,3474.6,29036.97265625,81445.765625
1263.386349439621,2,529.7,29300.64453125,81445.765625
1264.394350528717,2,668.5,27550.75,81445.765625
1265.4025831222534,2,410.7,8279.3359375,81445.765625
1266.4113006591797,2,1779.6,9409.88671875,81445.765625
1267.4663305282593,2,2834.6,12607.59375,81445.765625
1268.4942979812622,2,4357.4,14170.1015625,81445.765625
1269.5222265720367,2,4452.5,16680.87890625,81445.765625
1270.585308790207,2,4569.5,21161.078125,81445.765625
1271.6123085021973,2,4342.4,16597.94921875,81445.765625
1272.6313035488129,2,4200.0,20172.22265625,81445.765625
1273.6422989368439,2,4417.5,20352.70703125,81445.765625
1274.6633126735687,2,3415.7,20614.21875,81445.765625
1275.6869552135468,2,3364.5,20724.453125,81445.765625
1276.6957409381866,2,3487.0,21258.5390625,81445.765625
1277.7061331272125,2,2856.8,22261.125,81445.765625
1278.7163035869598,2,1236.6,22079.56640625,81445.765625
1279.7278578281403,2,1475.0,22049.8125,81445.765625
1280.7352995872498,2,3082.1,22314.1484375,81445.765625
1281.7474060058594,2,2674.3,22413.97265625,81445.765625
1282.7561264038086,2,606.4,9488.453125,83493.78125
1283.7653138637543,2,881.2,9614.921875,81445.765625
1284.7743005752563,2,1884.9,10020.296875,81445.765625
1285.8308844566345,2,2548.4,12590.99609375,81445.765625
1286.8402993679047,2,4369.0,15311.05859375,81445.765625
1287.8542971611023,2,4137.6,16406.80078125,81445.765625
1288.8663067817688,2,4307.3,18732.90625,81445.765625
1289.893299818039,2,4541.7,22974.19921875,81445.765625
1290.91930103302,2,4484.0,27666.25,81445.765625
1291.9483082294464,2,4446.1,31100.59375,81445.765625
1292.9770584106445,2,3894.5,20424.8046875,81445.765625
1293.991305589676,2,4480.0,24330.515625,81445.765625
1295.0092992782593,2,3908.1,25359.39453125,81445.765625
1296.029596567154,2,4198.6,25538.25390625,81445.765625
1297.0372340679169,2,3314.4,25863.6953125,81445.765625
1298.0452167987823,2,2825.7,25991.703125,81445.765625
1299.0543050765991,2,3524.7,26317.81640625,81445.765625
1300.081301689148,2,2445.8,26363.24609375,81445.765625
1301.1022992134094,2,3805.5,27539.33984375,81445.765625
1302.1266932487488,2,3158.0,28880.76171875,81445.765625
1303.1363034248352,2,1268.1,28891.15234375,81445.765625
1304.1562983989716,2,1612.3,28755.75,81445.765625
1305.1696467399597,2,1148.8,28791.24609375,81445.765625
1306.1793072223663,2,3455.5,29413.07421875,81445.765625
1307.2042317390442,2,4062.0,29742.78515625,81445.765625
1308.2121632099152,2,519.6,30015.44140625,81445.765625
1309.220621585846,2,647.8,23084.5078125,81445.765625
1310.228535413742,2,422.6,8618.4765625,81445.765625
1311.2366235256195,2,961.6,9500.63671875,81445.765625
1312.2454073429108,2,3597.2,10662.5,81445.765625
1313.2553079128265,2,3109.4,14345.9609375,81445.765625
1314.2762973308563,2,4147.4,15959.0859375,81445.765625
1315.2953078746796,2,4315.6,17580.46484375,81445.765625
1316.322301864624,2,4577.8,21759.1171875,81445.765625
1317.3503115177155,2,4576.5,27010.9765625,81445.765625
1318.376951932907,2,4259.7,30329.61328125,81445.765625
1319.3973217010498,2,3901.6,20503.40234375,81445.765625
1320.4304430484772,2,4480.3,24350.64453125,81445.765625
1321.4443078041077,2,4261.7,24778.87109375,81445.765625
1322.4691321849823,2,4260.8,25216.09765625,81445.765625
1323.4891312122345,2,3335.3,25445.5546875,81445.765625
1324.5163033008575,2,3058.7,25821.66015625,81445.765625
1325.5420093536377,2,3239.4,25779.66796875,81445.765625
1326.548748254776,2,3875.7,26560.828125,81445.765625
1327.5573558807373,2,2524.3,27681.8125,81445.765625
1328.5658917427063,2,1282.2,28234.6796875,81445.765625
1329.57275557518,2,1021.1,28242.59375,81445.765625
1330.5835704803467,2,1059.6,28311.25390625,81445.765625
1331.5922241210938,2,1296.2,28247.00390625,81445.765625
1332.5992951393127,2,1201.8,28353.88671875,81445.765625
1333.608295917511,2,3828.9,28754.41796875,81445.765625
1334.620635509491,2,2503.4,29278.51171875,81445.765625
1335.6296305656433,2,580.9,29508.7890625,81445.765625
1336.6383488178253,2,584.9,7853.06640625,83493.78125
1337.646989107132,2,635.8,9012.15625,81445.765625
1338.6552240848541,2,1650.0,9727.140625,81445.765625
1339.7164089679718,2,2642.8,12116.44140625,81445.765625
1340.7247240543365,2,4126.4,15019.68359375,81445.765625
1341.7381479740143,2,4080.3,16078.97265625,81445.765625
1342.7603058815002,2,4502.2,18882.21875,81445.765625
1343.7873041629791,2,4622.7,23674.921875,81445.765625
1344.8119196891785,2,4505.2,29003.90625,81445.765625
1345.8392977714539,2,4245.9,28231.640625,81445.765625
1346.8543078899384,2,4133.3,20743.1640625,81445.765625
1347.8702981472015,2,4206.6,24850.20703125,81445.765625
1348.8913037776947,2,4396.5,25076.32421875,81445.765625
1349.912303686142,2,4414.1,25286.5703125,81445.765625
1350.9370532035828,2,3336.1,25560.19140625,81445.765625
1351.9463057518005,2,3539.1,25979.97265625,81445.765625
1352.9732954502106,2,2677.8,26065.4375,81445.765625
1353.9874999523163,2,3565.9,27378.703125,81445.765625
1354.9963142871857,2,2696.3,28495.5546875,81445.765625
1356.0166230201721,2,997.0,28335.82421875,81445.765625
1357.0235345363617,2,955.8,28269.3046875,81445.765625
1358.0310723781586,2,1542.9,28256.94140625,81445.765625
1359.040244102478,2,852.6,28224.5703125,81445.765625
1360.0502965450287,2,3544.4,28920.59375,81445.765625
1361.0716717243195,2,3442.8,29173.671875,81445.765625
1362.0823500156403,2,517.8,29468.27734375,81445.765625
1363.0903511047363,2,643.7,27167.77734375,81445.765625
1364.0970702171326,2,426.5,8520.0390625,81445.765625
1365.1052947044373,2,1300.9,9613.88671875,81445.765625
1366.1670951843262,2,2862.7,11741.7734375,81445.765625
1367.1756703853607,2,3947.9,14755.4453125,81445.765625
1368.1912994384766,2,4045.9,15949.5,81445.765625
1369.2123062610626,2,4529.4,18429.078125,81445.765625
1370.2393052577972,2,4589.4,23457.54296875,81445.765625
1371.2635633945465,2,4482.0,28528.94921875,81445.765625
1372.2898309230804,2,4283.1,29259.83203125,81445.765625
1373.3123228549957,2,4241.3,20484.77734375,81445.765625
1374.341299533844,2,4150.4,24846.48828125,81445.765625
1375.36030459404,2,4416.9,25029.48828125,81445.765625
1376.382306098938,2,4530.9,25233.68359375,81445.765625
1377.407063961029,2,3276.3,25500.04296875,81445.765625
1378.4163057804108,2,3289.6,25939.37890625,81445.765625
1379.442301273346,2,2675.4,25997.05078125,81445.765625
1380.4507658481598,2,3819.5,27142.0390625,81445.765625
1381.4600050449371,2,2616.8,28140.23828125,81445.765625
1382.4689197540283,2,891.0,28450.08203125,81445.765625
1383.4778311252594,2,1035.6,28339.125,81445.765625
1384.4898962974548,2,1462.3,28333.984375,81445.765625
1385.5043008327484,2,949.0,28188.03125,81445.765625
1386.5158092975616,2,2917.2,28678.08203125,81445.765625
1387.5263004302979,2,3828.6,28904.15234375,81445.765625
1388.5503718852997,2,746.9,29328.75,81445.765625
1389.5593030452728,2,696.8,29652.3125,81445.765625
1390.5686197280884,2,273.8,8258.3125,81445.765625
1391.576724767685,2,870.3,10022.87890625,81445.765625
1392.5862953662872,2,2655.2,10123.765625,81445.765625
1393.6429660320282,2,2216.9,13100.41015625,81445.765625
1394.6543018817902,2,4485.0,15792.53515625,81445.765625
1395.6752998828888,2,4162.2,16791.2734375,81445.765625
1396.6843082904816,2,4378.7,18840.21484375,81445.765625
1397.7123048305511,2,4566.1,23106.65625,81445.765625
1398.7333009243011,2,4478.8,27873.09765625,81445.765625
1399.760312795639,2,4469.7,30683.09765625,81445.765625
1400.7913134098053,2,3966.2,21052.1328125,81445.765625
1401.8043010234833,2,4448.3,25028.67578125,81445.765625
1402.8223178386688,2,4181.0,25977.83203125,81445.765625
1403.8502960205078,2,4179.8,26263.21484375,81445.765625
1404.8813247680664,2,3163.7,26537.40625,81445.765625
1405.8885593414307,2,2887.4,26634.7265625,81445.765625
1406.898307800293,2,3344.1,26898.6328125,81445.765625
1407.9253039360046,2,2726.8,26884.45703125,81445.765625
1408.9512691497803,2,3814.0,28123.70703125,81445.765625
1409.9622972011566,2,2974.8,29110.41796875,81445.765625
1410.9746663570404,2,1085.9,29468.3046875,81445.765625
1411.9867300987244,2,1070.6,29343.484375,81445.765625
1412.999300956726,2,1076.0,29593.89453125,81445.765625
1414.0197205543518,2,1310.9,29389.796875,81445.765625
1415.0280697345734,2,721.9,29404.9453125,81445.765625
1416.0364887714386,2,3723.8,30077.81640625,81445.765625
1417.0482985973358,2,3697.4,30090.75390625,81445.765625
1418.0626509189606,2,657.3,30462.8359375,81445.765625
1419.0742971897125,2,735.0,30831.05078125,81445.765625
1420.081041097641,2,444.2,8008.9375,81445.765625
1421.0897912979126,2,2481.4,8847.44921875,81445.765625
1422.0992994308472,2,3559.1,11350.83203125,81445.765625
1423.1203055381775,2,4572.0,15655.67578125,81445.765625
1424.14634847641,2,4251.1,14825.578125,81445.765625
1425.1562507152557,2,3953.5,15287.63671875,81445.765625
1426.1626620292664,2,3149.5,15503.6875,81445.765625
1427.1721096038818,2,3455.6,16740.66796875,81445.765625
1428.1817381381989,2,1330.3,16581.7734375,81445.765625
1429.1883018016815,2,2751.2,16733.76953125,81445.765625
1430.200675725937,2,1783.8,17081.1484375,81445.765625
1431.2078864574432,2,839.9,8505.4921875,81445.765625
1432.215330839157,2,2272.3,9840.76171875,81445.765625
1433.2242970466614,2,4168.6,11526.734375,81445.765625
1434.2453088760376,2,4611.5,16366.31640625,81445.765625
1435.2712955474854,2,4144.8,14922.6015625,81445.765625
1436.2923057079315,2,3662.4,15073.85546875,81445.765625
1437.3033068180084,2,3108.7,15320.19140625,81445.765625
1438.3220927715302,2,3305.1,16548.57421875,81445.765625
1439.3305776119232,2,1448.1,16365.54296875,81445.765625
1440.33855342865,2,3069.9,16451.5234375,81445.765625
1441.3502972126007,2,1379.5,16848.65234375,81445.765625
1442.359944820404,2,528.6,8749.75390625,81445.765625
1443.3681681156158,2,860.6,9995.50390625,81445.765625
1444.3772943019867,2,3439.7,10111.25390625,81445.765625
1445.4032974243164,2,2118.9,13397.35546875,81445.765625
1446.4202971458435,2,4234.1,16501.46484375,81445.765625
1447.4413022994995,2,4283.3,16924.48828125,81445.765625
1448.4623038768768,2,4464.6,20002.53125,81445.765625
1449.490305185318,2,4599.9,24658.91015625,81445.765625
1450.5163822174072,2,4475.5,28921.74609375,81445.765625
1451.5402972698212,2,4366.7,31574.2421875,81445.765625
1452.5625903606415,2,3963.7,21616.171875,81445.765625
1453.5833055973053,2,4560.4,25419.95703125,81445.765625
1454.6003060340881,2,4260.8,25884.265625,81445.765625
1455.6173651218414,2,4214.0,26241.04296875,81445.765625
1456.6443073749542,2,2970.5,26594.203125,81445.765625
1457.6693058013916,2,3265.1,26831.421875,81445.765625
1458.6959133148193,2,3266.9,26806.98046875,81445.765625
1459.7042953968048,2,3350.0,27192.7734375,81445.765625
1460.721299648285,2,3645.8,28446.59375,81445.765625
1461.7397773265839,2,2197.5,29504.06640625,81445.765625
1462.7490010261536,2,681.0,29595.125,81445.765625
1463.7577495574951,2,1144.4,29423.1796875,81445.765625
1464.767020702362,2,1468.0,29390.66796875,81445.765625
1465.7751920223236,2,885.9,29466.23046875,81445.765625
1466.7833044528961,2,2264.0,29837.66015625,81445.765625
1467.7952980995178,2,4235.5,30061.6640625,81445.765625
1468.8166348934174,2,1780.4,30446.7109375,81445.765625
1469.8253247737885,2,627.7,30727.2734375,81445.765625
1470.833705663681,2,427.6,8925.8125,83493.78125
1471.8417353630066,2,761.7,9441.1640625,81445.765625
1472.8589081764221,2,2090.1,9777.046875,81445.765625
1473.9002141952515,2,2352.2,12524.1796875,81445.765625
1474.9112977981567,2,4472.2,15068.19921875,81445.765625
1475.9479932785034,2,4124.8,16153.75390625,81445.765625
1476.9553053379059,2,4475.2,19078.61328125,81445.765625
1477.9803082942963,2,4590.5,23546.6953125,81445.765625
1479.0061984062195,2,4504.8,28590.5078125,81445.765625
1480.0333106517792,2,4298.5,26979.03515625,81445.765625
1481.0713057518005,2,4259.7,23031.87109375,81445.765625
1482.1053030490875,2,4195.0,24802.04296875,81445.765625
1483.142550945282,2,4370.9,25042.19921875,81445.765625
1484.163838148117,2,4173.8,25261.8203125,81445.765625
1485.1746098995209,2,2921.1,25547.1796875,81445.765625
1486.18430519104,2,3536.4,25885.0546875,81445.765625
1487.2101368904114,2,2748.0,25973.90234375,81445.765625
1488.226298570633,2,3652.3,27343.16015625,81445.765625
1489.2462995052338,2,2676.2,28539.72265625,81445.765625
1490.2593033313751,2,768.9,28465.37890625,81445.765625
1491.278421163559,2,1066.6,28257.5546875,81445.765625
1492.2890226840973,2,1541.0,28187.5,81445.765625
1493.3013446331024,2,847.4,28156.23828125,81445.765625
1494.3103008270264,2,3409.5,28889.18359375,81445.765625
1495.330997467041,2,3543.7,29111.24609375,81445.765625
1496.3375809192657,2,598.0,29382.79296875,81445.765625
1497.3442225456238,2,635.2,28599.93359375,81445.765625
1498.3532552719116,2,314.5,8475.19140625,81445.765625
1499.3611543178558,2,880.4,9934.85546875,81445.765625
1500.3702943325043,2,3209.6,10055.98828125,81445.765625
1501.3952987194061,2,2123.7,13250.609375,81445.765625
1502.415721654892,2,4253.0,16444.14453125,81445.765625
1503.428300857544,2,4361.6,16827.546875,81445.765625
1504.4482328891754,2,4459.6,19583.8671875,81445.765625
1505.475305557251,2,4582.5,24596.69921875,81445.765625
1506.5023007392883,2,4503.0,30285.06640625,81445.765625
1507.5282957553864,2,4447.2,31093.40625,93733.765625
1508.5492053031921,2,4047.7,21775.5234375,93733.765625
1509.5693073272705,2,4512.7,25668.87890625,93733.765625
1510.5853135585785,2,4232.2,26105.90625,93733.765625
1511.6109809875488,2,4198.5,26471.6875,93733.765625
1512.631111383438,2,2923.7,26706.12109375,93733.765625
1513.640298128128,2,2721.6,26977.62109375,93733.765625
1514.6657671928406,2,3733.4,26845.3984375,93733.765625
1515.6772964000702,2,3250.8,27239.53125,93733.765625
1516.6958017349243,2,3616.0,28512.375,93733.765625
1517.7609457969666,2,2464.4,29455.36328125,93733.765625
1518.7683227062225,2,681.0,29601.99609375,93733.765625
1519.7771611213684,2,1160.8,29389.12890625,93733.765625
1520.7872986793518,2,1417.9,29419.8828125,93733.765625
1521.8072323799133,2,918.4,29405.44921875,93733.765625
1522.815307378769,2,1817.1,30037.47265625,93733.765625
1523.8318991661072,2,4116.3,29834.26953125,93733.765625
1524.8418567180634,2,2273.5,30423.51953125,93733.765625
1525.8498470783234,2,585.2,30600.140625,93733.765625
1526.858026266098,2,580.2,7998.41796875,95781.78125
1527.864585161209,2,626.1,9095.90625,93733.765625
1528.8742973804474,2,1546.6,9764.17578125,93733.765625
1529.9248540401459,2,3023.7,11715.578125,93733.765625
1530.9333074092865,2,3825.3,14900.80078125,93733.765625
1531.949247598648,2,4053.3,16103.04296875,93733.765625
1532.9703056812286,2,4506.5,18818.19140625,93733.765625
1533.9963052272797,2,4612.2,23110.67578125,93733.765625
1535.0733153820038,2,4508.0,28220.93359375,93733.765625
1536.1193616390228,2,4263.8,28182.37890625,93733.765625
1537.1391305923462,2,4198.5,21272.484375,93733.765625
1538.1712992191315,2,4234.5,24678.6171875,93733.765625
1539.192300081253,2,4371.3,24925.47265625,93733.765625
1540.213306903839,2,4405.5,25129.09375,93733.765625
1541.2378985881805,2,3226.3,25408.16015625,93733.765625
1542.2463114261627,2,3721.6,25848.75,93733.765625
1543.273298740387,2,2557.7,25925.98828125,93733.765625
1544.2882988452911,2,3625.9,27265.96484375,93733.765625
1545.3082966804504,2,2677.8,28541.43359375,93733.765625
1546.3293001651764,2,814.4,28471.94921875,93733.765625
1547.3439433574677,2,969.7,28196.37109375,93733.765625
1548.3502995967865,2,1470.1,28177.83203125,93733.765625
1549.3623790740967,2,842.7,28119.546875,93733.765625
1550.3782997131348,2,2766.9,28648.96484375,93733.765625
1551.3894073963165,2,3820.2,28865.74609375,93733.765625
1552.397038936615,2,812.3,29176.47265625,93733.765625
1553.4052414894104,2,843.0,29600.7265625,93733.765625
1554.4111459255219,2,325.4,8090.0625,93733.765625
1555.4192852973938,2,1010.2,9432.64453125,93733.765625
1556.4272997379303,2,3579.4,9663.41015625,93733.765625
1557.4933080673218,2,2295.3,14041.15625,93733.765625
1558.5192975997925,2,4102.3,15889.16796875,93733.765625
1559.5392870903015,2,4393.7,16514.65625,93733.765625
1560.5663042068481,2,4612.1,21384.24609375,93733.765625
1561.5925419330597,2,4561.1,25845.3359375,93733.765625
1562.6193025112152,2,4594.1,29956.37109375,93733.765625
1563.6403427124023,2,4065.3,20517.2890625,93733.765625
1564.660314321518,2,4514.3,23993.3203125,93733.765625
1565.6743063926697,2,4227.6,24803.8125,93733.765625
1566.7003016471863,2,4176.6,25174.55859375,93733.765625
1567.726317167282,2,3534.0,25419.99609375,93733.765625
1568.7483041286469,2,3359.1,25858.796875,93733.765625
1569.769299507141,2,3265.4,25806.515625,93733.765625
1570.779313325882,2,3763.7,26812.94140625,93733.765625
1571.7883038520813,2,2816.0,27849.3671875,93733.765625
1572.7958068847656,2,1215.2,28227.23046875,93733.765625
1573.8022186756134,2,938.3,28268.54296875,93733.765625
1574.8114438056946,2,1414.7,28241.23046875,93733.765625
1575.8233025074005,2,987.7,28266.48828125,93733.765625
1576.8362996578217,2,2594.1,28704.21875,93733.765625
1577.8474655151367,2,4054.9,28607.8515625,93733.765625
1578.854768037796,2,795.9,29210.6953125,93733.765625
1579.8624410629272,2,795.5,29536.4296875,93733.765625
1580.8694581985474,2,381.8,7942.35546875,94181.765625
1581.8779911994934,2,1050.2,9211.98828125,94181.765625
1582.8873028755188,2,3411.5,10121.2109375,94181.765625
1583.8941721916199,2,3052.7,13790.97265625,94181.765625
1584.9092996120453,2,4282.4,14584.13671875,94181.765625
1585.9303073883057,2,4572.7,18442.125,94181.765625
1586.9573106765747,2,4605.2,23563.953125,94181.765625
1587.9833347797394,2,4238.9,17722.40625,94181.765625
1589.0122966766357,2,4331.3,20481.32421875,94181.765625
1590.062355041504,2,4436.1,20657.25390625,94181.765625
1591.0864973068237,2,3168.5,20907.82421875,94181.765625
1592.1183083057404,2,3028.3,21162.86328125,94181.765625
1593.1452963352203,2,3772.6,21642.7109375,94181.765625
1594.1561136245728,2,2843.5,22692.72265625,94181.765625
1595.165561914444,2,1384.2,22522.6015625,94181.765625
1596.1753189563751,2,1515.3,22489.80078125,94181.765625
1597.1882989406586,2,3532.5,22655.9140625,94181.765625
1598.202350139618,2,2573.9,23021.91015625,94181.765625
1599.211362361908,2,418.8,7873.51953125,94181.765625
1600.2213625907898,2,1041.4,9523.296875,94181.765625
1601.2302978038788,2,2871.2,9715.76953125,94181.765625
1602.2870345115662,2,2395.0,13467.890625,94181.765625
1603.3132984638214,2,4228.0,15697.9609375,94181.765625
1604.3343079090118,2,4299.9,16171.5546875,94181.765625
1605.3588840961456,2,4594.7,20741.12890625,94181.765625
1606.3863060474396,2,4578.7,25620.6796875,94181.765625
1607.4105167388916,2,4463.3,30015.02734375,94181.765625
1608.4369637966156,2,4150.8,22609.58984375,94181.765625
1609.464322566986,2,4313.8,23104.5078125,94181.765625
1610.496303319931,2,4242.0,24769.28515625,94181.765625
1611.5169541835785,2,4313.0,25006.25390625,94181.765625
1612.5287199020386,2,3565.4,25328.91015625,94181.765625
1613.5373215675354,2,3284.3,25775.70703125,94181.765625
1614.56414270401,2,3513.1,25725.51171875,94181.765625
1615.5753002166748,2,3495.5,26128.76171875,94181.765625
1616.596298456192,2,3524.4,27301.1640625,94181.765625
1617.6172978878021,2,1692.3,28151.734375,94181.765625
1618.626181602478,2,910.4,28178.8203125,94181.765625
1619.6352195739746,2,956.3,28366.3359375,94181.765625
1620.6455097198486,2,1634.6,28101.82421875,94181.765625
1621.6532955169678,2,1375.8,28312.06640625,94181.765625
1622.6662948131561,2,3854.9,28592.60546875,94181.765625
1623.6757442951202,2,2334.3,29201.26171875,94181.765625
1624.6848616600037,2,577.3,29400.77734375,94181.765625
1625.6930799484253,2,559.0,7861.48046875,96229.78125
1626.7019710540771,2,685.3,9041.15625,94181.765625
1627.7102978229523,2,1838.3,9618.12109375,94181.765625
1628.7681889533997,2,2394.5,12232.84765625,94181.765625
1629.7773048877716,2,4364.2,15078.15234375,94181.765625
1630.790298461914,2,4057.7,16030.97265625,94181.765625
1631.8227162361145,2,4549.2,19064.83984375,94181.765625
1632.8503091335297,2,4591.8,23567.78125,94181.765625
1633.8763031959534,2,4508.9,29093.3046875,94181.765625
1634.9033031463623,2,4355.3,26811.625,94181.765625
1635.9465684890747,2,4242.4,23033.984375,94181.765625
1636.9642968177795,2,4124.4,24699.5,94181.765625
1637.985300540924,2,4358.7,24900.96875,94181.765625
1639.0054740905762,2,4256.1,25183.08984375,94181.765625
1640.0143284797668,2,2998.9,25527.39453125,94181.765625
1641.0230057239532,2,3975.2,25786.109375,94181.765625
1642.0332963466644,2,2613.6,25887.82421875,94181.765625
1643.044594526291,2,3631.3,27182.25,94181.765625
1644.0561048984528,2,2496.4,28135.88671875,94181.765625
1645.064663887024,2,792.0,28227.5703125,94181.765625
1646.0734629631042,2,1171.6,28119.375,94181.765625
1647.0806436538696,2,1490.2,28154.23046875,94181.765625
1648.0898830890656,2,770.3,28096.22265625,94181.765625
1649.0973024368286,2,3697.1,28603.8515625,94181.765625
1650.109370470047,2,3272.5,29080.953125,94181.765625
1651.11754322052,2,516.0,29373.171875,94181.765625
1652.1273202896118,2,659.6,25589.8046875,94181.765625
1653.1354808807373,2,431.4,8595.5625,94181.765625
1654.1437313556671,2,902.1,9634.3828125,94181.765625
1655.153295993805,2,4022.0,9828.078125,94181.765625
1656.1703069210052,2,2304.3,13731.765625,94181.765625
1657.1963002681732,2,4267.7,15961.59375,94181.765625
1658.217304468155,2,4303.7,16423.8203125,94181.765625
1659.2420029640198,2,4532.8,21207.23046875,94181.765625
1660.264306306839,2,4511.1,25694.78125,94181.765625
1661.2913038730621,2,4483.8,29696.828125,94181.765625
1662.3183243274689,2,4298.7,19820.07421875,94181.765625
1663.3323287963867,2,4307.2,23642.640625,94181.765625
1664.354726076126,2,4109.9,25314.53125,94181.765625
1665.3762981891632,2,4393.8,25543.296875,94181.765625
1666.3997166156769,2,3685.0,25887.96875,94181.765625
1667.4153740406036,2,2926.0,26135.5390625,94181.765625
1668.423310995102,2,3240.9,26420.99609375,94181.765625
1669.4503154754639,2,2519.8,26469.27734375,94181.765625
1670.467297554016,2,3876.3,27641.0078125,94181.765625
1671.5320076942444,2,2735.4,28570.07421875,94181.765625
1672.5398490428925,2,1089.8,28903.28515625,94181.765625
1673.5492961406708,2,1115.3,28759.6015625,94181.765625
1674.5626094341278,2,1537.3,28694.19140625,94181.765625
1675.5699377059937,2,882.2,28693.328125,94181.765625
1676.5792953968048,2,3117.7,29257.94921875,94181.765625
1677.593121767044,2,3921.5,29298.96875,94181.765625
1678.601247549057,2,803.7,29751.62109375,94181.765625
1679.610435962677,2,786.5,30063.71875,94181.765625
1680.6186151504517,2,374.9,7813.3359375,94181.765625
1681.6272993087769,2,1469.4,8792.11328125,94181.765625
1682.6833045482635,2,3299.1,11351.07421875,94181.765625
1683.7052972316742,2,4277.3,12315.92578125,94181.765625
1684.7263090610504,2,4574.0,17225.55078125,94181.765625
1685.7523112297058,2,4404.7,14633.1796875,94181.765625
1686.7642993927002,2,4288.8,17351.16796875,94181.765625
1687.7863013744354,2,3972.8,17687.6953125,94181.765625
1688.7985832691193,2,2699.8,18013.83984375,94181.765625
1689.8123943805695,2,3847.7,18370.42578125,94181.765625
1690.8217771053314,2,2550.8,19240.49609375,94181.765625
1691.829299211502,2,1479.2,19227.83203125,94181.765625
1692.8492953777313,2,2039.4,19253.67578125,94181.765625
1693.8679406642914,2,3477.4,19531.34765625,94181.765625
1694.8758993148804,2,572.2,9130.484375,96229.78125
1695.8841412067413,2,1002.2,9008.48046875,94181.765625
1696.8941006660461,2,2875.2,10209.5546875,94181.765625
1697.903306722641,2,3445.6,13673.9609375,94181.765625
1698.9153037071228,2,4296.7,14119.57421875,94181.765625
1699.9403071403503,2,4571.8,18796.4140625,94181.765625
1700.9663031101227,2,4609.2,24420.03125,94181.765625
1701.9873278141022,2,4273.1,18777.67578125,94181.765625
1703.0023031234741,2,4378.7,19966.45703125,94181.765625
1704.026816368103,2,3778.9,20318.8984375,94181.765625
1705.0403063297272,2,3296.9,20569.4765625,94181.765625
1706.0673098564148,2,2971.7,20655.9921875,94181.765625
1707.089514017105,2,4139.0,21554.61328125,94181.765625
1708.0980429649353,2,1520.6,21851.671875,94181.765625
1709.1042499542236,2,1585.5,21803.234375,94181.765625
1710.11429977417,2,2631.6,21988.90625,94181.765625
1711.1263530254364,2,3251.5,22233.046875,94181.765625
1712.135172843933,2,575.5,9366.08984375,96229.78125
1713.1447246074677,2,1040.7,8893.2421875,94181.765625
1714.1537804603577,2,2751.3,10680.4453125,94181.765625
1715.163298368454,2,3777.7,13799.3359375,94181.765625
1716.1843066215515,2,4440.5,14618.0390625,94181.765625
1717.210307598114,2,4567.0,19482.80078125,94181.765625
1718.2362201213837,2,4585.0,22317.5390625,94181.765625
1719.2503054141998,2,4367.9,19133.1171875,94181.765625
1720.272176027298,2,4311.1,19770.796875,94181.765625
1721.29763007164,2,3194.5,20033.59375,94181.765625
1722.3063118457794,2,3757.5,20261.77734375,94181.765625
1723.3364789485931,2,3239.9,20493.48046875,94181.765625
1724.3475744724274,2,3342.5,21660.19140625,94181.765625
1725.35693359375,2,1247.7,21519.265625,94181.765625
1726.36354637146,2,1442.3,21501.82421875,94181.765625
1727.373298406601,2,3581.6,21649.8125,94181.765625
1728.3868939876556,2,2167.4,22011.11328125,94181.765625
1729.3952612876892,2,555.4,8007.4453125,94181.765625
1730.404296875,2,1540.3,9261.62109375,94181.765625
1731.4613282680511,2,2867.6,11625.85546875,94181.765625
1732.4812982082367,2,4289.8,13814.18359375,94181.765625
1733.4913058280945,2,4401.3,16041.58984375,94181.765625
1734.518306016922,2,4605.4,20774.3125,94181.765625
1735.5443060398102,2,4295.2,16262.8359375,94181.765625
1736.555300951004,2,4282.3,19661.390625,94181.765625
1737.5762977600098,2,4388.9,19846.3125,94181.765625
1738.5973188877106,2,3468.4,20094.58203125,94181.765625
1739.6283056735992,2,3147.2,20345.4375,94181.765625
1740.6543016433716,2,3876.8,21088.140625,94181.765625
1741.6749324798584,2,2108.0,21707.52734375,94181.765625
1742.6833283901215,2,1517.3,21677.15625,94181.765625
1743.6932961940765,2,1516.4,21724.37890625,94181.765625
1744.716298341751,2,4394.3,21900.52734375,94181.765625
1745.7373399734497,2,821.2,7652.99609375,96229.78125
1746.7453944683075,2,741.0,8872.29296875,94181.765625
1747.7535560131073,2,2608.9,9367.1328125,94181.765625
1748.7693030834198,2,2798.3,12968.75,94181.765625
1749.7890520095825,2,4314.0,14181.8671875,94181.765625
1750.800311088562,2,4530.8,17248.93359375,94181.765625
1751.8252096176147,2,4554.9,22187.25,94181.765625
1752.8393330574036,2,4339.9,17402.62890625,94181.765625
1753.8562989234924,2,4380.3,19926.78515625,94181.765625
1754.8773064613342,2,4419.1,20109.26953125,94181.765625
1755.8983182907104,2,3099.4,20327.99609375,94181.765625
1756.9173069000244,2,2884.0,20616.44921875,94181.765625
1757.944302558899,2,3758.2,21305.97265625,94181.765625
1758.9644532203674,2,2330.0,21869.81640625,94181.765625
1759.9742150306702,2,1443.8,21896.87109375,94181.765625
1760.9834911823273,2,1315.0,21739.31640625,94181.765625
1761.9922983646393,2,4455.4,21987.57421875,94181.765625
1763.0038771629333,2,1281.1,22328.515625,94181.765625
1764.0121829509735,2,844.6,8311.80859375,94181.765625
1765.0210556983948,2,2467.1,9210.06640625,94181.765625
1766.0302982330322,2,3562.9,11954.06640625,94181.765625
1767.0493075847626,2,4436.6,14733.0703125,94181.765625
1768.0761411190033,2,4482.7,19719.23828125,94181.765625
1769.0903038978577,2,4394.6,16689.02734375,94181.765625
1770.1082949638367,2,4251.0,17284.41796875,94181.765625
1771.1271276474,2,3205.3,17553.8125,94181.765625
1772.1373026371002,2,3036.2,17759.0703125,94181.765625
1773.1513123512268,2,3943.5,19129.1015625,94181.765625
1774.1626732349396,2,1123.9,18985.64453125,94181.765625
1775.1697833538055,2,1369.4,18951.796875,94181.765625
1776.180160522461,2,4226.5,19038.38671875,94181.765625
1777.1916167736053,2,1006.7,19455.62109375,94181.765625
1778.2006599903107,2,824.0,8559.8515625,94181.765625
1779.209213733673,2,2453.4,9668.4609375,94181.765625
1780.2182974815369,2,3842.6,12147.69140625,94181.765625
1781.2393074035645,2,4463.7,15149.96484375,94181.765625
1782.266301393509,2,4580.8,20071.89453125,94181.765625
1783.2927179336548,2,4413.8,16938.03125,94181.765625
1784.3092970848083,2,4285.1,17361.1796875,94181.765625
1785.3320331573486,2,3103.0,17552.17578125,94181.765625
1786.3413050174713,2,2981.9,17794.82421875,94181.765625
1787.3546667099,2,3892.0,18890.83984375,94181.765625
1788.3626227378845,2,1315.0,18982.0546875,94181.765625
1789.3702597618103,2,1432.6,18913.29296875,94181.765625
1790.381299495697,2,4090.7,19102.17578125,94181.765625
1791.3939802646637,2,1176.4,19490.7578125,94181.765625
1792.4037249088287,2,973.2,8405.12109375,94181.765625
1793.4122989177704,2,2397.5,9827.77734375,94181.765625
1794.4262969493866,2,4295.4,11390.48828125,94181.765625
1795.4493083953857,2,4574.2,16533.91796875,94181.765625
1796.4753041267395,2,4023.2,15069.65625,94181.765625
1797.4961857795715,2,3749.3,15297.890625,94181.765625
1798.504310131073,2,3035.7,15427.64453125,94181.765625
1799.5181596279144,2,3576.6,16671.484375,94181.765625
1800.5246140956879,2,1237.0,16649.49609375,94181.765625
1801.5352973937988,2,2574.9,16775.08203125,94181.765625
1802.546923160553,2,2278.5,17051.11328125,94181.765625
1803.5548558235168,2,982.5,7939.7421875,94181.765625
1804.5632977485657,2,2529.8,8571.96875,94181.765625
1805.5993056297302,2,3122.8,12624.8046875,94181.765625
1806.6121969223022,2,4332.4,13202.20703125,94181.765625
1807.6293106079102,2,4471.2,15101.48828125,94181.765625
1808.647304534912,2,4191.1,16244.09375,94181.765625
1809.6723129749298,2,3476.7,16562.19921875,94181.765625
1810.6913094520569,2,3099.3,16767.39453125,94181.765625
1811.7050154209137,2,3259.4,17732.66015625,94181.765625
1812.7164888381958,2,3821.8,19017.62109375,94181.765625
1813.7263000011444,2,1491.6,18958.24609375,94181.765625
1814.7353048324585,2,3978.1,19279.4140625,94181.765625
1815.7483637332916,2,1974.2,19499.3671875,94181.765625
1816.7567110061646,2,1140.2,8167.75,94181.765625
1817.766298532486,2,2816.9,8737.51953125,94181.765625
1818.8262984752655,2,3431.3,13122.95703125,94181.765625
1819.8353071212769,2,4393.8,14521.02734375,94181.765625
1820.8616349697113,2,4463.1,14977.77734375,94181.765625
1821.880696296692,2,4274.6,16458.94921875,94181.765625
1822.9004454612732,2,3134.6,16692.37890625,94181.765625
1823.915302991867,2,2840.8,16993.33984375,94181.765625
1824.9343032836914,2,4306.0,18511.3984375,94181.765625
1825.9453780651093,2,2768.9,19047.27734375,94181.765625
1826.9532976150513,2,2096.9,19257.328125,94181.765625
1827.9676926136017,2,4274.3,19376.171875,94181.765625
1828.9761321544647,2,638.3,8524.63671875,96229.78125
1829.9850504398346,2,1942.6,8676.78125,94181.765625
1830.9962306022644,2,2712.2,11226.43359375,94181.765625
1832.012298822403,2,4306.7,13306.37890625,94181.765625
1833.0333089828491,2,4538.8,16404.59765625,94181.765625
1834.0562980175018,2,4172.2,16245.22265625,94181.765625
1835.0663132667542,2,3643.0,16642.8359375,94181.765625
1836.09126663208,2,3197.7,16818.3359375,94181.765625
1837.09929728508,2,3506.2,17462.12109375,94181.765625
1838.1091830730438,2,4273.7,18643.3515625,94181.765625
1839.120287179947,2,1642.7,18979.609375,94181.765625
1840.1312987804413,2,3221.4,19215.7265625,94181.765625
1841.1438105106354,2,2734.5,19397.9921875,94181.765625
1842.1522016525269,2,731.0,7950.06640625,94181.765625
1843.1622982025146,2,2356.4,8751.1796875,94181.765625
1844.1845059394836,2,3654.2,12802.16015625,94181.765625
1845.1963016986847,2,4260.2,13306.76953125,94181.765625
1846.217758655548,2,4492.2,15165.76953125,94181.765625
1847.232307434082,2,4232.3,16478.0078125,94181.765625
1848.2423179149628,2,3503.0,16680.50390625,94181.765625
1849.2587018013,2,2965.1,16916.5859375,94181.765625
1850.2677478790283,2,3993.8,18128.67578125,94181.765625
1851.279366493225,2,3496.6,19147.33984375,94181.765625
1852.2903883457184,2,1267.4,19046.56640625,94181.765625
1853.3013014793396,2,4366.1,19317.265625,94181.765625
1854.3142535686493,2,1570.5,19588.453125,94181.765625
1855.3226919174194,2,1467.9,8383.35546875,94181.765625
1856.3310215473175,2,2585.8,8992.80078125,94181.765625
1857.3391349315643,2,3661.4,13238.90625,94181.765625
1858.3601806163788,2,4526.6,14715.30859375,94181.765625
1859.3883028030396,2,4421.3,15280.78515625,94181.765625
1860.4053089618683,2,4092.4,16563.0546875,94181.765625
1861.4152998924255,2,3209.3,16787.9375,94181.765625
1862.4340500831604,2,2929.4,17014.80859375,94181.765625
1863.4472978115082,2,4309.9,18607.5390625,94181.765625
1864.4675507545471,2,2539.7,19052.71484375,94181.765625
1865.47429728508,2,2258.5,19256.08984375,94181.765625
1866.4870097637177,2,4015.8,19384.63671875,94181.765625
1867.4946386814117,2,627.3,8418.99609375,96229.78125
1868.5022385120392,2,2044.4,8689.1953125,94181.765625
1869.5123431682587,2,2676.9,11244.89453125,94181.765625
1870.532297372818,2,4287.5,13308.078125,94181.765625
1871.5512087345123,2,4437.8,16277.64453125,94181.765625
1872.5773012638092,2,4280.4,16283.0390625,94181.765625
1873.5983171463013,2,3656.5,16689.41796875,94181.765625
1874.62908244133,2,3145.3,16901.92578125,94181.765625
1875.638296842575,2,3287.9,17369.546875,94181.765625
1876.649615764618,2,4333.6,18712.17578125,94181.765625
1877.6609930992126,2,1902.4,19076.9453125,94181.765625
1878.6712980270386,2,2894.2,19326.09375,94181.765625
1879.6825194358826,2,3211.9,19486.49609375,94181.765625
1880.6916604042053,2,573.1,7894.4375,94181.765625
1881.700122833252,2,2222.3,8751.328125,94181.765625
1882.712319135666,2,3553.8,12351.6328125,94181.765625
1883.7263007164001,2,4292.3,13313.203125,94181.765625
1884.7473056316376,2,4545.7,16680.98828125,94181.765625
1885.7643039226532,2,4244.2,16479.1953125,94181.765625
1886.784315109253,2,3569.2,16724.93359375,94181.765625
1887.8169929981232,2,3097.9,16997.9765625,94181.765625
1888.8254969120026,2,3747.5,18026.84765625,94181.765625
1889.8376004695892,2,3751.8,19222.84375,94181.765625
1890.8460502624512,2,1340.4,19117.796875,94181.765625
1891.8543009757996,2,3989.6,19391.57421875,94181.765625
1892.8692276477814,2,2008.3,19630.71484375,94181.765625
1893.8783028125763,2,1354.4,8340.87890625,94181.765625
1894.8872995376587,2,2719.6,8791.5390625,94181.765625
1895.9133031368256,2,3531.2,13144.765625,94181.765625
1896.9313061237335,2,4420.6,14588.16015625,94181.765625
1897.9671895503998,2,4397.9,14957.08203125,94181.765625
1898.9843034744263,2,4255.6,16473.296875,94181.765625
1900.0085549354553,2,3154.4,16754.15234375,94181.765625
1901.034892320633,2,2909.5,17054.95703125,94181.765625
1902.0612993240356,2,4271.1,18470.12109375,94181.765625
1903.081839799881,2,2772.1,18998.8203125,94181.765625
1904.0903062820435,2,2121.0,19217.234375,94181.765625
1905.106686115265,2,4369.0,19361.578125,94181.765625
1906.1141424179077,2,632.5,8098.09765625,96229.78125
1907.1227328777313,2,2039.8,8545.71875,94181.765625
1908.129312992096,2,2476.0,10289.421875,94181.765625
1909.1453013420105,2,4319.6,13233.8515625,94181.765625
1910.164077281952,2,4470.6,16156.32421875,94181.765625
1911.1912996768951,2,4302.0,16382.546875,94181.765625
1912.2114679813385,2,3669.9,16729.76953125,94181.765625
1913.2205982208252,2,3413.8,16838.765625,94181.765625
1914.2305448055267,2,2862.0,17335.20703125,94181.765625
1915.2442953586578,2,4299.1,18749.46875,94181.765625
1916.264086484909,2,2292.9,19196.25390625,94181.765625
1917.2712976932526,2,2475.2,19354.76953125,94181.765625
1918.2840082645416,2,3711.3,19572.31640625,94181.765625
1919.29265666008,2,632.8,9462.2734375,96229.78125
1920.3057596683502,2,2132.5,8765.55859375,94181.765625
1921.3142998218536,2,3181.9,11706.95703125,94181.765625
1922.3302972316742,2,4274.8,13342.36328125,94181.765625
1923.352593421936,2,4580.1,17198.4375,94181.765625
1924.3793003559113,2,4203.0,16411.078125,94181.765625
1925.4013164043427,2,3638.5,16616.9453125,94181.765625
1926.4357645511627,2,2975.3,16894.76953125,94181.765625
1927.4502954483032,2,3907.2,17696.515625,94181.765625
1928.463297367096,2,3947.3,18862.65234375,94181.765625
1929.4760520458221,2,1522.5,19058.02734375,94181.765625
1930.4852964878082,2,3741.8,19184.71875,94181.765625
1931.4992427825928,2,2375.9,19541.47265625,94181.765625
1932.5067520141602,2,1032.2,8122.7734375,94181.765625
1933.5153017044067,2,2586.9,8736.5703125,94181.765625
1934.5482997894287,2,3581.8,13058.4140625,94181.765625
1935.5693063735962,2,4424.1,14304.54296875,94181.765625
1936.5905652046204,2,4418.7,14445.90234375,94181.765625
1937.6082997322083,2,4251.7,16446.6171875,94181.765625
1938.6334686279297,2,3241.9,16669.0625,94181.765625
1939.6881432533264,2,3043.1,17005.73046875,94181.765625
1940.6962976455688,2,4255.3,18498.0703125,94181.765625
1941.7142486572266,2,2754.0,19022.421875,94181.765625
1942.722008228302,2,2012.9,19267.68359375,94181.765625
1943.7350525856018,2,4362.6,19414.56640625,94181.765625
1944.7433257102966,2,639.8,8176.69140625,96229.78125
1945.7513794898987,2,1934.6,8743.3515625,94181.765625
1946.7623360157013,2,2612.1,11012.37109375,94181.765625
1947.77730178833,2,4220.9,13312.80078125,94181.765625
1948.7983062267303,2,4535.0,16155.55078125,94181.765625
1949.8243026733398,2,4279.9,16266.53515625,94181.765625
1950.8493168354034,2,3647.4,16620.4140625,94181.765625
1951.8747940063477,2,3185.5,16771.5234375,94181.765625
1952.8822972774506,2,3307.3,17348.95703125,94181.765625
1953.894302368164,2,4412.5,18643.1484375,94181.765625
1954.91588139534,2,1705.7,18985.70703125,94181.765625
1955.9232981204987,2,3036.4,19191.046875,94181.765625
1956.935524225235,2,2948.3,19394.74609375,94181.765625
1957.9433541297913,2,703.4,7939.7109375,94181.765625
1958.9532980918884,2,2352.7,8753.41796875,94181.765625
1959.9863030910492,2,3687.0,12815.328125,94181.765625
1960.9990236759186,2,4296.9,13313.2734375,94181.765625
1962.0173034667969,2,4558.9,14669.52734375,94181.765625
1963.032300233841,2,4186.0,16387.5234375,94181.765625
1964.053316116333,2,3485.7,16647.359375,94181.765625
1965.0743072032928,2,2922.6,16872.0,94181.765625
1966.0832967758179,2,4105.5,18097.87890625,94181.765625
1967.0946958065033,2,3341.5,19062.37890625,94181.765625
1968.1031713485718,2,1346.6,19018.83203125,94181.765625
1969.1146745681763,2,4484.5,19214.203125,94181.765625
1970.1260340213776,2,1358.4,19554.22265625,94181.765625
1971.1337101459503,2,1197.7,8260.14453125,94181.765625
1972.1452984809875,2,3702.6,11255.46484375,94181.765625
1973.1533226966858,2,4454.8,13690.8125,94181.765625
1974.1669299602509,2,4108.2,14457.890625,94181.765625
1975.1763067245483,2,3170.5,14808.671875,94181.765625
1976.2030482292175,2,3843.1,15926.55078125,94181.765625
1977.2110166549683,2,2131.0,16228.5625,94181.765625
1978.2242980003357,2,3755.4,16232.5546875,94181.765625
1979.2363047599792,2,1070.3,9028.30078125,96229.78125
1980.2441782951355,2,2005.1,9118.03515625,94181.765625
1981.2543020248413,2,4266.4,11451.24609375,94181.765625
1982.2742989063263,2,4383.1,13538.953125,94181.765625
1983.2913217544556,2,3717.6,14318.18359375,94181.765625
1984.305298089981,2,3276.4,14703.9453125,94181.765625
1985.3174312114716,2,3975.3,16012.91796875,94181.765625
1986.3273031711578,2,1741.7,16305.98046875,94181.765625
1987.3413009643555,2,3660.0,16420.75,94181.765625
1988.3497564792633,2,791.5,8156.12109375,94181.765625
1989.3593046665192,2,3065.8,10796.375,94181.765625
1990.3733060359955,2,4237.5,12742.4296875,94181.765625
1991.3992977142334,2,4212.0,14298.515625,94181.765625
1992.4192123413086,2,3470.2,14511.0390625,94181.765625
1993.4278659820557,2,3793.2,15336.42578125,94181.765625
1994.4390938282013,2,2879.6,16158.76171875,94181.765625
1995.446806192398,2,2849.7,16109.73828125,94181.765625
1996.459363937378,2,2236.3,16493.2421875,94181.765625
1997.4712963104248,2,1396.0,8405.55078125,94181.765625
1998.5052978992462,2,3786.9,11396.12890625,94181.765625
1999.5260429382324,2,4436.5,12509.28125,94181.765625
2000.5401360988617,2,3901.8,14442.984375,94181.765625
2001.5504250526428,2,3072.9,14634.5078125,94181.765625
2002.56130027771,2,4129.8,15926.171875,94181.765625
2003.5816378593445,2,1794.9,16154.5546875,94181.765625
2004.5892992019653,2,4023.8,16288.546875,94181.765625
2005.5990796089172,2,765.4,9596.703125,96229.78125
2006.6075649261475,2,3456.7,9490.30078125,94181.765625
2007.620269536972,2,3731.9,10389.48046875,94181.765625
2008.6398239135742,2,2912.7,10596.16015625,94181.765625
2009.647297859192,2,1437.5,8587.91796875,94181.765625
2010.6752955913544,2,3752.2,11586.2421875,94181.765625
2011.6963052749634,2,4434.9,12375.5,94181.765625
2012.7103023529053,2,3983.8,14345.01953125,94181.765625
2013.7226946353912,2,3246.7,14574.89453125,94181.765625
2014.7313001155853,2,4240.9,15812.40234375,94181.765625
2015.7500500679016,2,1639.8,16032.80859375,94181.765625
2016.7586498260498,2,4083.4,16293.4296875,94181.765625
2017.7677946090698,2,632.4,7967.08203125,94181.765625
2018.7772979736328,2,3287.3,9969.54296875,94181.765625
2019.7922987937927,2,4252.7,11967.45703125,94181.765625
2020.8128716945648,2,3255.8,12281.48828125,94181.765625
2021.8256661891937,2,3559.5,13185.7109375,94181.765625
2022.8382997512817,2,3278.2,13249.80078125,94181.765625
2023.8526055812836,2,858.6,8476.29296875,94181.765625
2024.8612957000732,2,3622.9,10288.16796875,94181.765625
2025.882309436798,2,4363.1,11971.703125,94181.765625
2026.9007942676544,2,3032.1,12315.8125,94181.765625
2027.9129419326782,2,3139.2,13054.34375,94181.765625
2028.9208164215088,2,3227.6,13164.828125,94181.765625
2029.9288401603699,2,366.5,5154.171875,87013.609375
2030.935589313507,2,95.2,4730.10546875,87013.609375
2031.9443225860596,2,102.2,4627.421875,87013.609375
